tree
version=v4
num_class=1
num_tree_per_iteration=1
label_index=0
max_feature_idx=27
objective=binary sigmoid:1
feature_names=score rank score_ratio_to_top n_s1_competitors is_best_s1_for_cand cand_is_s3 name_ratio name_token_sort name_token_set name_partial name_nospace name_jaccard name_empty_s1 name_empty_cand name_len_diff addr_ratio addr_token_set addr_partial addr_jaccard addr_empty_s1 addr_empty_cand addr_len_s1 addr_len_cand num_jaccard num_shared num_only_s1 num_only_cand first_num_equal
feature_infos=[0.039358381181955338:1.0000002384185791] [0:1148] [0.039358381181955338:1] [1:786] [0:1] [0:1] [0:100] [0:100] [0:100] [0:100] [0:100] [0:1] none none [0:61] [0:100] [0:100] [0:100] [-1:1] none [0:1] [2:29] [0:28] [-1:1] [0:11] [0:12] [0:10] [-1:1]
tree_sizes=6804 6886 6948 6969 6962 6969 6974 6978 6964 7013 7005 7017 7006 7016 7021 7018 7044 7069 7023 7002 7038 7053 7046 7024 7074 7049 7036 7083 7052 7056 7088 7066 7055 7064 7081 7079 7051 7062 7072 7066 7081 7089 7062 7062 7082 7071 7088 7079 7105 7082 7118 7104 7098 7115 7083 7087 7121 7116 7107 7093 7085 7118 7025 7136 7103 7108 7072 7127 7127 7115 7031 7119 7102 7092 7126 7038 7028 7080 7038 7041 7131 7094 7092 7111 7077 7082 7059 7026 7065 7047 7081 7065 7000 6981 7114 7017 6955 7107 6986 7094 7098 7078 6951 7040 7067 6904 7097 6994 6995 6998 7087 6872 7003 7074 7055 6940 6971 7043 6979 6971 6946 6971 7036 7067 7023 6885

Tree=0
num_leaves=63
num_cat=0
split_feature=4 26 25 9 16 10 6 16 1 23 9 16 6 16 9 23 22 25 16 23 18 21 14 10 10 16 23 14 8 16 9 26 18 1 18 9 1 15 0 8 1 10 18 21 2 18 14 1 22 16 8 21 21 16 1 8 23 8 9 18 8 16
split_gain=3.32839e+06 798134 195472 192973 61624.8 56309.6 38765.7 26989.6 20598 17217.9 13103.5 10475.8 9826.02 8883.38 85175.3 7292.38 6516.22 5631.67 4138.73 3775.97 3136.74 3111.77 2826.2 2654.07 2602.5 22423.2 9210.87 2299.11 4652.28 2290.07 2231.9 2119.3 1995.48 1849.92 1791.53 1781.49 1923.68 1574.28 2003.71 1478.39 1427.17 1274.86 1269.99 1224.42 1215.77 1197.77 1159.59 1052.45 1045.38 1010.38 1002.98 935.592 846.02 965.208 843.275 820.795 755.915 680.13 910.318 668.581 737.207 663.526
threshold=1.0000000180025095e-35 1.0000000180025095e-35 1.0000000180025095e-35 53.001201629638679 56.615140914916999 91.734970092773452 84.561214447021499 97.833908081054702 4.5000000000000009 0.31666667759418493 52.73088455200196 98.092205047607436 85.053192138671889 97.68778228759767 67.099567413330092 0.10555555671453477 7.5000000000000009 1.0000000180025095e-35 55.193569183349616 0.23611111193895343 0.45643940567970281 8.5000000000000018 8.5000000000000018 69.282051086425795 85.215545654296889 67.615768432617202 0.4083333313465119 4.5000000000000009 86.526824951171889 99.052112579345717 60.158729553222663 1.0000000180025095e-35 0.64495798945426952 6.5000000000000009 0.65942031145095836 60.158729553222663 6.5000000000000009 1.0000000180025095e-35 0.47759336233139044 82.097072601318374 6.5000000000000009 49.018096923828132 0.17752101272344592 5.5000000000000009 0.97793668508529674 0.52786380052566539 5.5000000000000009 6.5000000000000009 7.5000000000000009 54.211238861083991 91.476997375488295 7.5000000000000009 7.5000000000000009 98.706874847412124 1.0000000180025095e-35 98.07621002197267 0.52272728085517894 21.483516693115238 48.074073791503913 0.1132478639483452 95.040985107421889 96.019802093505874
decision_type=2 2 2 2 2 2 2 2 2 2 2 2 2 2 2 2 2 2 2 2 2 2 2 2 2 2 2 2 2 2 2 2 2 2 2 2 2 2 2 2 2 2 2 2 2 2 2 2 2 2 2 2 2 2 2 2 2 2 2 2 2 2
left_child=13 3 6 8 12 11 9 15 17 -3 33 27 40 24 30 18 -13 20 -7 42 -2 49 -23 -16 -1 37 31 28 41 -18 -15 -27 43 -11 61 36 -6 38 -26 -33 -5 -4 -8 -17 47 -10 -44 -14 -34 -12 -36 -52 -9 -54 -46 -37 -39 -22 -59 -30 -61 -20
right_child=1 2 5 4 35 7 19 52 45 10 21 16 44 14 23 32 29 -19 34 -21 57 22 -24 -25 25 26 -28 -29 59 -31 -32 39 48 -35 50 55 -38 56 -40 -41 -42 -43 46 -45 54 -47 -48 -49 -50 -51 51 -53 53 -55 -56 -57 -58 58 -60 60 -62 -63
leaf_value=-2.0149495146339698 -1.9543479386302076 -1.8820932087405282 -2.0025169160931204 -1.6740585403966517 -1.2216547521931278 -2.0050362559758605 -2.0057724044884377 -1.181938980646136 -2.0006573571620048 -1.617471184038721 -1.9684055891706504 -1.3664515395978354 -1.3996580486759016 -2.0089177110895524 -1.455372661857772 -1.6430167626399224 -1.8948399583355295 -1.8917468998579836 -1.6987964767606407 -1.155243002435705 -1.3217371736847241 -1.3560684970450052 -1.6827719364010414 -1.1804897579137463 -1.9898258543950775 -1.3498708675185884 -1.1772442166889345 -1.9827352712601454 -2.0044489363515474 -1.4417742300852654 -1.7438566735555787 -1.1640998556190398 -1.7651209458856156 -1.9767380331561375 -1.1789568841416875 -1.1600850302003642 -1.6329805858820845 -2.0154903850697914 -1.878665269096403 -1.8344682272121702 -1.9036219787141366 -1.8995971817517756 -1.3494190182429771 -1.4220203219172969 -1.5091710928925188 -1.8616626356751182 -1.915264998761125 -1.5720143377351099 -1.5557586992788983 -1.2268929626861884 -1.8241293325450845 -1.6244718240932032 -1.521813930159448 -1.2105577599618014 -1.8569871736050945 -1.1343549351213247 -1.6821556667475945 -1.5211010295697707 -1.2943130941024126 -1.7597858260123211 -1.5757673440065187 -1.3925856315783585
leaf_weight=440325.66311824322 121.96528847515583 1326.4714182168245 2396.804427087307 463.21941813826561 705.90660475194454 739.8172502964735 36.736532673239708 880.77250027656555 2293.2639226913452 216.68902502954006 18.650855049490929 447.39445021748543 1941.1583864539862 19475.561949133873 500.6341637223959 353.00982011854649 795.430708989501 389.06813988089561 2407.316727206111 4926.8776911646128 435.29965330660343 814.42067049443722 392.34616895020008 1177.1515423357487 19918.095873489976 114.2788754850626 384.43368498980999 17052.081147551537 73.699136316776276 129.76473695039749 322.94238106906414 34.249751999974251 571.28134194016457 423.31789188086987 25.546019643545151 17091.191425412893 135.52954669296741 36057.189407497644 1765.2751715630293 833.18456102907658 651.98867833614349 2417.4899208694696 441.96874693036079 865.0605678409338 174.97893100976944 849.68774186074734 39.449384316802025 433.37805005908012 409.41452720761299 1246.4422947317362 2917.445871680975 255.23412546515465 188.54318922758102 211.26332174241543 115.86137227714062 45149.876868322492 68.160397544503212 799.49998645484447 227.31436063349247 587.44541631639004 345.8885845541954 72.907887920737267
leaf_count=3895464 1079 11735 21204 4098 6245 6545 325 7792 20288 1917 165 3958 17173 172296 4429 3123 7037 3442 21297 43587 3851 7205 3471 10414 176211 1011 3401 150856 652 1148 2857 303 5054 3745 226 151202 1199 318990 15617 7371 5768 21387 3910 7653 1548 7517 349 3834 3622 11027 25810 2258 1668 1869 1025 399431 603 7073 2011 5197 3060 645
internal_value=-1.90173 -1.41731 -1.75269 -1.21217 -1.16688 -1.86606 -1.36105 -1.66506 -1.8041 -1.58042 -1.45182 -1.94811 -1.55903 -2.0096 -1.94662 -1.72872 -1.67978 -1.55086 -1.78256 -1.18225 -1.46713 -1.34741 -1.46229 -1.26251 -2.0123 -1.99261 -1.59218 -1.96421 -1.90995 -1.83129 -2.00459 -1.75467 -1.57155 -1.8551 -1.75358 -1.14337 -1.28791 -2.00208 -1.98078 -1.808 -1.80827 -1.95084 -1.43903 -1.48607 -1.45475 -1.96308 -1.39579 -1.43111 -1.67772 -1.23782 -1.80304 -1.80807 -1.2367 -1.35734 -1.64773 -1.14142 -2.01486 -1.42649 -1.4709 -1.71449 -1.69159 -1.6898
internal_weight=636983 116006 44027 71979.2 66863.1 34143.6 9883.37 9897.61 5116.1 4438.34 3111.87 24246 3780.58 520977 21476.3 8617.03 1372.59 1973.15 6418.27 5445.03 1584.08 2471.86 1206.77 1677.79 499501 59174.9 1366.15 22873.4 5821.33 925.195 19798.5 981.713 2198.77 640.007 5678.45 63082.5 841.436 57808.7 21683.4 867.434 1115.21 4814.29 518.155 1218.07 2665.38 3142.95 481.418 2374.54 980.696 1265.09 3198.23 3172.68 1280.58 399.807 290.84 62241.1 36125.3 1462.11 1026.81 1007.03 933.334 2480.22
internal_count=5635248 1026281 389497 636784 591523 302061 87436 87562 45261 39265 27530 214499 33446 4608967 189996 76233 12143 17456 56781 48171 14014 21868 10676 14843 4418971 523507 12086 202356 51500 8185 175153 8685 19452 5662 50236 558077 7444 511421 191828 7674 9866 42591 4584 10776 23580 27805 4259 21007 8676 11192 28294 28068 11329 3537 2573 550633 319593 12935 9084 8909 8257 21942
is_linear=0
shrinkage=1


Tree=1
num_leaves=63
num_cat=0
split_feature=4 23 16 10 9 23 1 23 16 9 3 10 23 23 14 6 24 23 14 17 10 16 23 16 16 17 7 10 16 10 16 15 3 22 15 27 9 14 21 7 16 8 3 23 1 3 14 1 7 3 17 14 3 16 8 8 17 7 22 23 9 22
split_gain=2.01131e+06 225510 86820.5 52702.5 45315.5 12504.4 11660 9475.41 8538.14 50069.6 7018.3 5542.08 4684.77 4498.33 8682.54 4444.69 3879.99 3521.77 3242.84 3214.08 2633 16161.1 4007.51 2624.72 2521.19 2387.3 1990.78 1881.94 1859.86 1747.33 1684.99 1642.36 5484.67 1473.05 1465.43 1349.81 1341.91 1893.48 1319.19 1302.15 1840.52 1204 1116 1068.41 1047.15 1272.03 1036.51 1007.18 971.219 929.256 906.857 898.061 895.245 838.569 774.36 772.418 724.794 709.413 654.499 641.999 608.704 601.481
threshold=1.0000000180025095e-35 0.44949495792388922 97.969490051269545 90.595520019531264 52.277431488037116 -1.0000000180025095e-35 5.5000000000000009 -1.0000000180025095e-35 97.448913574218764 63.733076095581062 19.500000000000004 49.018096923828132 0.095454547554254546 0.88194444775581371 5.5000000000000009 43.792808532714851 1.5000000000000002 0.63068181276321422 5.5000000000000009 98.124923706054702 85.215545654296889 64.882766723632827 0.15476191043853763 53.218408584594734 99.052112579345717 99.80237197875978 90.054946899414077 64.747306823730483 81.501609802246108 49.018096923828132 68.013607025146499 1.0000000180025095e-35 21.500000000000004 7.5000000000000009 91.905540466308608 1.0000000180025095e-35 53.907203674316413 5.5000000000000009 7.5000000000000009 91.476997375488295 60.479471206665046 66.323020935058608 42.500000000000007 0.76388889551162731 7.5000000000000009 7.5000000000000009 4.5000000000000009 5.5000000000000009 79.337715148925795 5.5000000000000009 97.81815338134767 8.5000000000000018 4.5000000000000009 99.052112579345717 77.485187530517592 85.053192138671889 92.60501861572267 92.718276977539077 9.5000000000000018 0.11805555596947671 60.158729553222663 7.5000000000000009
decision_type=2 2 2 2 2 2 2 2 2 2 2 2 2 2 2 2 2 2 2 2 2 2 2 2 2 2 2 2 2 2 2 2 2 2 2 2 2 2 2 2 2 2 2 2 2 2 2 2 2 2 2 2 2 2 2 2 2 2 2 2 2 2
left_child=8 2 3 7 6 10 28 15 20 41 -5 47 19 14 27 -2 58 53 -13 23 39 31 55 -7 33 26 36 -6 -3 -11 44 32 49 -20 46 38 -9 48 50 -1 -41 -10 -12 -30 45 -17 -25 -4 -38 -22 -14 -32 -45 -18 -19 -23 -37 -51 60 -50 -16 -26
right_child=1 4 11 5 13 12 -8 25 9 29 42 18 35 -15 16 30 17 54 24 -21 21 22 -24 34 61 -27 -28 -29 43 -31 51 -33 -34 -35 -36 56 37 -39 -40 40 -42 -43 -44 52 -46 -47 -48 -49 59 57 -52 -53 -54 -55 -56 -57 -58 -59 -60 -61 -62 -63
leaf_value=-0.11162349179675644 -0.074650492206919758 -0.055934232331763048 0.19796665836428004 0.37653626271307505 0.26851741307004479 -0.10290272489300989 -0.06741959968520897 -0.10729121912312881 -0.10453988555787493 0.091396365604327262 0.16132581318292363 0.39862026541490725 0.13040248358259815 0.40777913742249433 0.056043656550402179 0.31317766752397908 -0.029958643071532599 0.34159995068073096 0.27843706305136223 0.43419512058416121 0.18604450658034322 0.4168359418112309 0.36918403182328652 0.15041742285476908 0.38754083616142471 0.63953616654289425 0.16322480708406686 0.39797632270087957 0.11735663275188227 0.37371293200127853 0.31346263282409664 -0.11179607202290345 -0.095307831131585932 -0.020603350303663961 0.040534291960828181 0.39786310807463215 -0.020588061124254868 -0.071291328524219905 0.31662667696438662 -0.059151543502498606 0.57327463565937098 0.57624035267788276 -0.072562529756688143 0.35582997697744423 0.0085767873231127941 0.047972074285684625 -0.094259914505468764 -0.016588871741952865 0.049336784112049281 -0.060247794825489025 0.51253253807232169 0.1332398665349131 0.22260194399104938 0.32447286243398799 0.1809756256952568 0.043405718870939941 0.10341924704527439 0.069330766902907376 0.21618724730170702 0.23223559047807557 0.37833269613933895 0.26090758016724286
leaf_weight=403693.2658854872 920.55664502084255 201.26802963018417 756.07283665239811 4454.2597364336252 1215.6044610887766 690.70622822642326 2416.6052759885788 5777.0151067897677 18514.12611168623 239.70040208101273 470.55795208364725 9838.74772503227 1323.4221444576979 84298.716459043324 61.254552245140076 371.86717368662357 923.74351420998573 518.25000534951687 282.52362636476755 269.41698408126831 484.67143345624208 59.149709410965443 831.98015810549259 3821.4355301707983 910.37593362480402 48.581409953534603 384.09271386265755 14724.209469541907 430.94103313982487 2567.2903098091483 934.3210881203413 33105.10822109133 17889.137788049877 395.06312666088343 2402.3708546161652 661.31463104486465 2568.3416306003928 10722.973140515387 700.87975727021694 151.34410245716572 66.122217603027821 26.014844052493572 360.14590409398079 1033.4364623278379 639.36084225773811 352.09539521485567 181.35237530618906 307.88614828884602 787.68742161989212 592.23389585316181 65.161371268332005 392.70954295247793 985.20306155830622 71.953151121735573 713.14666847139597 871.48688344657421 95.698473736643791 1474.2537089958787 377.57452999800444 253.73894440382719 1353.4765322133899 637.90310519933701
leaf_count=3889050 8161 1769 5548 27124 7811 6602 22397 54545 177329 1747 3046 55470 9652 460125 421 2718 8371 3306 1784 2128 4470 342 5145 29809 5143 420 2863 82310 3528 15132 6037 318911 168422 3432 19588 4044 22763 100422 4629 1458 637 225 2475 6820 5506 2621 1564 2564 6794 5522 487 2851 6492 434 4655 7163 659 13414 2476 2045 7593 4279
internal_value=-0.00306966 0.301527 0.131774 0.0579717 0.383478 0.201905 0.0914513 -0.0343757 -0.105816 -0.0439936 0.326771 0.354666 0.137283 0.397672 0.354983 0.115016 0.223639 0.135499 0.373961 0.0951761 -0.10869 -0.088227 0.209709 0.0823041 0.264961 -0.0606356 -0.0622954 0.388104 0.236284 0.349605 0.179915 -0.0980345 -0.0757462 0.104083 0.102276 0.246235 -0.0666028 -0.0502027 0.204786 -0.111492 0.133142 -0.103585 0.0599251 0.260293 0.101836 0.184196 0.139332 0.135879 0.0124418 0.0614234 0.148335 0.260129 0.290808 -0.00434596 0.248577 0.0671403 0.360641 0.0321949 0.33316 0.0938993 0.364378 0.335367
internal_weight=642670 162104 52778.6 39650.1 109325 15496.7 5067.45 24153.3 480566 21347.1 5284.96 13128.6 10211.8 104258 19959.2 3610.91 4019.4 2227.09 12064.6 7365.28 459219 55308 1762.62 7095.86 2225.87 20542.4 20493.8 15939.8 2650.85 2806.99 2690.35 53545.4 20440.3 677.587 6405.16 2846.48 20109.8 14332.7 2089.46 403911 217.466 18540.1 830.704 2449.58 1363.32 723.963 4002.79 1063.96 3609.77 2551.16 1388.58 1327.03 2018.64 995.697 1231.4 930.637 757.013 2066.49 1792.31 1041.43 1414.73 1548.28
internal_count=5635248 1026281 407773 329553 618508 111807 41006 217746 4608967 194433 32645 78220 79162 577502 117377 27894 27256 16766 70108 59691 4414534 523389 12650 57563 14638 189852 189432 90121 18609 16879 19733 510739 191828 5216 50961 19471 186569 132024 14768 3891145 2095 177554 5521 16840 10845 5339 31373 8112 31602 23406 10139 8888 13312 8805 7961 7505 4703 18936 10490 8839 8014 9422
is_linear=0
shrinkage=0.1


Tree=2
num_leaves=63
num_cat=0
split_feature=4 26 25 9 10 18 27 16 9 16 16 17 9 3 7 11 10 27 16 16 16 16 10 25 21 17 18 10 10 16 0 21 14 9 14 7 16 3 7 3 11 27 16 11 10 11 7 26 11 18 3 21 14 16 26 10 16 21 11 14 25 11
split_gain=1.49353e+06 141484 57272 30441.2 27632.2 8508.68 8279.51 8176.96 36979.4 8140.29 5944.47 5396.13 4136.53 3792.64 3507.62 3339.54 2735.6 16446.3 4014.86 3986.62 2729.36 2721.09 2560.52 2243.51 2197.8 1914.87 2167.93 1687.58 1478.11 1306.92 2017.21 1250.85 1167.35 1133.97 1972.95 1040.13 1016.43 988.752 2072.7 915.403 862.546 836.86 832.115 796.069 1549.61 776.301 757.333 723.766 715.599 699.766 690.68 664.758 633.974 589.571 574.063 575.759 578.738 553.127 531.708 523.41 496.895 476.465
threshold=1.0000000180025095e-35 1.0000000180025095e-35 1.0000000180025095e-35 50.373134613037116 90.595520019531264 0.53452381491661083 -1.0000000180025095e-35 97.448913574218764 60.943256378173835 62.875112533569343 97.68778228759767 99.80237197875978 50.373134613037116 25.500000000000004 75.147060394287124 0.93750000000000011 56.33012771606446 1.0000000180025095e-35 55.705244064331062 76.885185241699233 98.092205047607436 47.84466743469239 87.841831207275405 1.0000000180025095e-35 7.5000000000000009 97.81815338134767 0.65942031145095836 83.047893524169936 57.321428298950202 1.0000000180025095e-35 0.47759336233139044 8.5000000000000018 8.5000000000000018 53.001201629638679 5.5000000000000009 80.901721954345717 91.385021209716811 7.5000000000000009 87.841831207275405 41.500000000000007 0.31666667759418493 1.0000000180025095e-35 99.052112579345717 0.095454547554254546 65.545505523681655 0.18333333730697635 25.176055908203129 1.0000000180025095e-35 0.31666667759418493 0.77097901701927196 10.500000000000002 7.5000000000000009 4.5000000000000009 96.56854629516603 1.0000000180025095e-35 85.215545654296889 70.897583007812514 7.5000000000000009 0.18333333730697635 8.5000000000000018 1.0000000180025095e-35 0.44949495792388922
decision_type=2 2 2 2 2 2 2 2 2 2 2 2 2 2 2 2 2 2 2 2 2 2 2 2 2 2 2 2 2 2 2 2 2 2 2 2 2 2 2 2 2 2 2 2 2 2 2 2 2 2 2 2 2 2 2 2 2 2 2 2 2 2
left_child=7 3 6 5 11 -2 22 16 40 13 21 15 36 14 61 20 -1 19 -19 29 33 -6 -3 46 25 26 41 60 -10 30 37 -22 -14 -4 35 -35 -8 38 -18 -32 -9 52 -33 44 59 -29 -7 -47 -28 -26 -16 -34 53 58 55 56 -20 -56 -23 -36 -21 -5
right_child=1 2 4 9 10 23 12 8 28 -11 -12 -13 32 -15 50 -17 17 18 54 27 31 24 -24 -25 49 -27 48 45 -30 -31 39 42 51 34 43 -37 -38 -39 -40 -41 -42 -43 -44 -45 -46 47 -48 -49 -50 -51 -52 -53 -54 -55 57 -57 -58 -59 -60 -61 -62 -63
leaf_value=-0.11135318414269012 -0.089116846698190325 0.00029385880223568129 -0.1054454072644167 -0.063102116987543408 -0.096256114592399411 0.2548900018635612 -0.077368745042306078 -0.10379968806802378 0.12136652439264051 0.30410945430779118 0.27553001268889338 0.37746971796400602 0.29734261680361918 -0.024371416362484837 0.27350824359035431 0.21865620830713592 -0.074717678422204947 -0.067813985263483562 0.17974592807139134 0.16123979867008781 0.19281055072545938 0.52824341581547063 0.21993885735790597 -0.019426325598581467 0.2335114604152406 0.30480481951670424 0.45586210700983154 0.35150041269286725 0.28755030112205698 -0.11030463198223726 0.050270153435096082 -0.040501238117771537 0.27830684756124896 -0.023877755186671217 0.14876487141648609 0.087316010971513258 0.17657158275251494 -0.096582246028277821 0.16210124666042156 -0.093305149000897716 0.44835260102846874 0.29002019877911339 0.20085897823516807 -0.080586112937487811 0.62593946512885257 0.30524051026325449 0.15039642584762894 0.051615728606411171 0.025458187838292026 0.075218360697089967 0.18188980399167953 0.1264554979735443 -0.086353289584475301 0.42851988191979196 0.31296743877301997 0.32620241881145917 0.57637221176106834 0.00042659905866158828 0.12022370813389219 -0.059428217171592745 -0.05316217481039838 0.096581054727355162
leaf_weight=324614.71013529599 2261.7378669530153 1563.5569294169545 5168.1602604389191 383.93654377013445 632.23515328019857 1288.8887599557638 374.29886446893215 16963.42107962817 661.77991309762001 121919.14358006418 2514.8574556037784 299.67210457473993 12514.490293763578 768.07569236308336 3133.9313413053751 454.09926046431065 1975.6446771845222 307.75179310142994 44.533090367913246 115.21557694673538 560.92237809300423 32.234874583780766 803.48622331023216 567.66955337673426 1775.8037704825401 410.62075889110565 39.023389741778374 125.2777384147048 2798.6069219112396 56605.95498136431 1512.8391175344586 769.56860966235399 512.82128868252039 2987.4988345205784 161.18967737257481 1170.9889544844627 272.2814499437809 31961.152286887169 454.62022848427296 628.58272930979729 28.339317001402378 319.17340877652168 175.39635710418224 10175.775552041829 41.130351692438126 130.52090959250927 1501.7353931367397 815.65323016792536 3825.6693777665496 331.38886234164238 1115.7876743897796 658.43149428069592 141.45622958242893 64.743513166904449 176.16947590559721 556.24327918887138 211.56131406873465 83.447542607784271 3470.8736276626587 481.39754043519497 1749.1285577863455 364.02741905301809
leaf_count=3410135 22270 11957 52911 3039 6408 7552 3551 176340 4299 558252 12207 1663 59055 5277 17162 3265 20554 3122 464 1201 3126 214 4163 4705 10684 2582 239 669 13569 593878 13311 6261 2561 26313 1585 9130 2031 329098 3893 6012 225 1693 958 100584 402 733 9489 6360 29778 2004 6298 4118 1225 399 1281 2725 2125 776 23692 4738 18197 2740
internal_value=-0.00400878 0.233755 0.09505 0.288593 0.0240549 0.0608171 0.248115 -0.10395 -0.0421977 0.298619 0.136775 -0.0440321 0.276731 0.182512 0.214307 -0.0497357 -0.106942 -0.0922488 0.250554 -0.0971717 -0.0553542 0.105177 0.0748517 0.161794 0.117409 0.0942638 0.083311 0.0175645 0.255769 -0.100788 -0.0860431 0.0745163 0.288408 -0.0650425 -0.0511386 0.00743331 0.0295681 -0.0919067 -0.0304169 0.00812575 -0.102879 0.134642 0.00429799 -0.0735679 0.0308839 0.117575 0.198658 0.0866022 0.0298042 0.208617 0.249453 0.192942 0.121273 0.129505 0.341956 0.383327 0.507402 0.212509 0.123978 -0.00720406 -0.0399122 0.0146143
internal_weight=628529 186008 52703.2 133305 36003.9 5620.03 16699.4 442521 20452.1 127685 13558.1 22445.8 14332.3 5765.76 4997.68 22146.1 422069 97454.3 1379.71 96074.6 21692 11043.2 2367.04 3358.29 10411 8303.8 7893.17 2935.8 3460.39 93138.8 36532.8 1505.89 13685.7 20186.1 15018 4158.49 646.58 34391.4 2430.26 2141.42 16991.8 4028.48 944.965 10859.5 683.718 1071.45 2790.62 946.174 3864.69 2107.19 4249.72 1171.25 3709.31 3567.85 1071.95 812.338 256.094 259.617 3503.11 642.587 1864.34 747.964
internal_count=5635248 1026281 389497 636784 302061 44016 87436 4608967 194433 592768 91125 210936 71316 34516 29239 209273 4414534 1004399 10493 993906 206008 78918 16120 21746 72510 59822 57240 27160 17868 966746 372868 10345 65734 195663 142752 35443 5582 353545 24447 19323 176565 27223 7219 107309 6725 7762 17041 7093 30017 12688 23460 6679 25530 24305 7371 5314 2589 2057 23906 6323 19398 5779
is_linear=0
shrinkage=0.1


Tree=3
num_leaves=63
num_cat=0
split_feature=0 9 16 9 26 10 24 25 14 16 16 16 26 1 16 25 26 3 16 24 15 3 7 16 3 25 26 10 3 10 14 22 14 16 7 11 14 0 3 14 3 11 11 22 3 9 24 16 25 22 10 10 11 8 1 11 11 26 3 6 7 11
split_gain=907898 115867 66196.6 61750.7 49526.4 27970.9 85552 25486.2 12213.1 12010.2 7730.77 7007.31 5425.54 5352.64 4474.74 3599.89 3541.52 3362.2 3162.31 3067.65 2593.74 4954.07 4666.1 2524.49 2512.44 2403.19 3240.07 2283.36 1783.29 1643.56 1469.67 1445 1361.15 1218.74 1099.14 930.756 924.225 908.935 1541.21 850.464 816.177 799.682 746.678 742.326 740.843 727.737 3048.18 1206.14 1305.03 688.725 686.13 609.206 608.089 590.628 593.259 590.098 586.878 549.48 543.781 542.899 478.266 470.184
threshold=0.50929623842239391 54.72370910644532 96.019802093505874 57.359306335449226 1.0000000180025095e-35 58.123168945312507 1.0000000180025095e-35 1.0000000180025095e-35 4.5000000000000009 69.399761199951186 56.152366638183601 49.890829086303718 1.0000000180025095e-35 3.5000000000000004 97.833908081054702 1.0000000180025095e-35 1.0000000180025095e-35 2.5000000000000004 97.833908081054702 1.0000000180025095e-35 1.0000000180025095e-35 10.500000000000002 83.75235748291017 58.937969207763679 13.500000000000002 1.0000000180025095e-35 1.0000000180025095e-35 89.417694091796889 5.5000000000000009 85.215545654296889 5.5000000000000009 3.5000000000000004 4.5000000000000009 98.092205047607436 86.70682525634767 0.31666667759418493 8.5000000000000018 0.42024405300617224 36.500000000000007 4.5000000000000009 17.500000000000004 0.93750000000000011 0.18333333730697635 6.5000000000000009 41.500000000000007 60.158729553222663 1.0000000180025095e-35 75.44385147094728 1.0000000180025095e-35 8.5000000000000018 69.631092071533217 76.533164978027358 0.58571431040763866 38.757823944091804 4.5000000000000009 0.11805555596947671 0.84523808956146251 1.0000000180025095e-35 5.5000000000000009 38.924964904785163 88.493064880371108 0.31666667759418493
decision_type=2 2 2 2 2 2 2 2 2 2 2 2 2 2 2 2 2 2 2 2 2 2 2 2 2 2 2 2 2 2 2 2 2 2 2 2 2 2 2 2 2 2 2 2 2 2 2 2 2 2 2 2 2 2 2 2 2 2 2 2 2 2
left_child=2 13 5 35 10 34 9 19 14 17 24 -8 40 15 23 28 59 -7 39 30 21 22 52 -9 31 -13 -27 60 -2 -25 -6 58 51 41 45 -4 -21 -23 56 -18 -11 -10 -29 -31 -26 -1 -47 -48 -49 -35 -16 -28 -19 54 -12 -34 -39 -50 -3 -5 -14 -15
right_child=1 4 3 16 7 6 11 8 33 12 53 25 27 61 50 -17 18 20 -20 36 -22 37 -24 29 44 26 32 42 -30 43 -32 -33 55 49 -36 -37 -38 38 -40 -41 -42 -43 -44 -45 -46 46 47 48 57 -51 -52 -53 -54 -55 -56 -57 -58 -59 -60 -61 -62 -63
leaf_value=-0.10981618712938379 0.13504279104714598 0.24179857542137931 -0.091575866905820355 0.05601029624966785 0.16569992499084771 0.21901189335515314 -0.066315120066815877 -0.1095708677847344 -0.074764764106663648 0.25421789745095374 0.20821854293659908 0.25263364947058703 -0.054040595870149505 -0.094027664578759246 0.058324819991395216 -0.085694160314823103 0.094654061396245812 -0.08166218671206886 0.22698600598485338 0.2402978630877308 -0.10904808478271888 -0.095142157132144467 0.14472412768081852 -0.016386628083839765 0.062594007922457839 0.2517451012821138 0.028657860635214718 0.33840570855598828 0.007935136228064665 0.077548596658015487 -0.020973684008063896 -0.095792940936507767 0.30724589795157797 0.15596263370739466 0.22839662624219717 0.27429573274709551 0.14048607388578901 -0.046884770298123497 -0.091930685887742655 -0.042540640723240625 -0.0086121050479211741 0.19563580725739776 0.061843536947166468 0.14279365362372373 -0.083830215066251768 -0.10458353120748057 -0.066215586993901551 0.20854486752910392 0.16416294428767864 -0.016664844849568122 0.22453620922500145 0.1686270425442522 0.020485669701388952 0.25001943760304024 0.0059727399531388486 -0.023837638241794055 0.10165877118653595 -0.044861209216699532 0.15238718230233086 0.24540179884397478 0.091318337053381715 0.25249010503618696
leaf_weight=280687.73048119992 2219.5234807431698 1220.1181780844927 12752.293236956 153.58717826753855 1045.6525005102158 343.31089055538177 968.23310051113367 739.88593673706055 7068.0665832161903 1109.6612592563033 863.3261319771409 6768.6632458567619 4036.7051856741309 11564.584346584976 273.9933075606823 2160.6541460677981 1076.0620490759611 2314.9956506714225 1661.8263444378972 11103.013670273125 50203.48255290091 26133.495765723288 1852.5763907730579 1412.8127015680075 1218.6264702603221 2270.2902848049998 388.55237778276205 101.54251166433096 2195.6945227459073 4826.5161139965057 706.84415922313929 186.31529081612825 57.205463767051697 369.33138312399387 96.814033076167107 69.91220573335886 1012.2968754991889 401.41437404602766 2020.181614369154 778.89093108475208 132.2292151004076 111.08997523039579 2528.4953783601522 2730.2434540018439 482.29672463238239 14773.177871890366 881.99394130706787 515.13934633135796 161.07072326540947 617.560552328825 2654.9013549089432 1557.0732629299164 778.85850957781076 117242.4383513853 174.32595153152943 913.15330149978399 788.29117038846016 573.75710473954678 1537.1432257592678 10416.151190184057 239.79925558716059 39.290697641670704
leaf_count=3214829 15044 6237 141010 991 5503 2074 10142 8455 73043 5377 4188 29793 41255 126571 1735 23484 7728 25028 7793 47784 571862 289167 12483 12213 8492 10370 3650 504 19064 33645 5244 1994 506 1880 570 411 5496 3957 21345 7754 1163 943 17543 15854 4398 167362 9391 2949 1134 4980 11852 9130 7485 493224 1330 9355 6300 6181 9173 44957 1621 252
internal_value=-0.00447202 0.187037 -0.0826656 0.0691987 0.214613 -0.0927908 -0.0486545 0.109059 0.0390606 -0.0821609 0.244385 0.192432 0.0338032 -0.0520069 0.100649 0.0200731 0.213727 -0.0932991 0.126801 0.21407 -0.0945681 -0.0733681 0.0192099 0.0679677 0.117831 0.213388 0.162167 -0.000798405 0.071832 0.0826126 0.0904078 0.17374 0.0924245 -0.0562572 -0.108493 -0.089581 0.231958 -0.088974 -0.0387553 0.0370463 0.226233 -0.0705806 0.0725213 0.101122 0.0210754 -0.108603 -0.0884524 0.0233261 0.0865079 0.0479387 0.208987 0.140674 -0.0559471 0.249355 0.174241 -0.0043193 0.0515392 0.000955879 0.191953 0.24265 -0.0458898 -0.0928544
internal_weight=606283 175777 430507 26908.7 157597 403598 105908 34672.2 20804.4 92985 122925 12923.2 8148.43 18179.7 12638.4 6575.87 14086.5 84836.6 3516.78 13867.8 84493.3 34289.8 4946.43 9709.46 4644.5 11954.9 5186.27 6906.54 4415.22 8969.57 1752.5 2943.58 2915.98 8166.05 297690 12822.2 12115.3 29343.4 3209.89 1854.95 1241.89 7179.16 2630.04 7556.76 1700.92 297593 16905.1 2131.96 1249.97 986.892 2928.89 1945.63 3093.85 118280 1037.65 970.359 1189.71 734.828 2757.26 10569.7 4276.5 11603.9
internal_count=5635248 942078 4693170 210644 757663 4482526 1080110 228627 164600 1007164 529036 72946 67463 184415 83754 57592 69223 939701 23275 64027 937627 365765 44996 70167 30294 62804 33011 60923 34108 61712 10747 17404 22641 80846 3402416 141421 53280 320769 31602 15482 6540 73986 18047 49499 12890 3401846 187017 19655 10264 6860 13587 12780 32513 498742 5518 9861 10257 7315 15410 45948 42876 126823
is_linear=0
shrinkage=0.1


Tree=4
num_leaves=63
num_cat=0
split_feature=4 26 25 10 6 1 16 6 23 18 16 16 10 23 16 3 16 11 16 18 1 25 10 15 0 22 3 18 17 6 14 11 18 15 7 10 11 7 16 10 3 7 0 7 14 26 10 11 17 22 23 17 14 22 17 16 10 26 3 16 16 3
split_gain=979429 70906.8 30828.3 16462.4 11119.1 7706.63 7082.93 23739.3 4038.06 3874.9 3572.87 3124.78 2833.88 12471.2 2701.3 2063.05 1878.71 1754.43 1689.59 1627.13 1615.77 1591.96 1476.14 1317.39 1660.81 1256.41 1197.72 1196.12 1575.99 1086.32 1627.4 1119.56 900.668 852.16 845.965 801.629 762.334 755.531 742.624 739.822 717.004 1162.8 701.144 675.843 576.688 558.25 531.129 455.019 423.411 406.599 401.521 395.89 393.063 388.446 381.602 376.314 412.921 370.446 392.754 349.127 326.928 325.864
threshold=1.0000000180025095e-35 1.0000000180025095e-35 1.0000000180025095e-35 90.595520019531264 41.444372177124031 6.5000000000000009 97.311748504638686 49.65753364562989 0.23611111193895343 0.12701612710952762 97.969490051269545 97.575668334960952 55.245780944824226 0.44949495792388922 81.501609802246108 31.500000000000004 53.717523574829109 0.93750000000000011 57.790622711181648 0.048809524625539787 21.500000000000004 1.0000000180025095e-35 86.526824951171889 1.0000000180025095e-35 0.43483147025108343 8.5000000000000018 41.500000000000007 0.65942031145095836 97.57275772094728 43.288288116455085 5.5000000000000009 0.095454547554254546 0.43874999880790716 92.342185974121108 86.319076538085952 87.841831207275405 0.31666667759418493 76.417114257812514 98.830371856689467 63.702239990234382 7.5000000000000009 86.319076538085952 0.89735862612724315 81.661396026611342 4.5000000000000009 2.5000000000000004 62.115564346313484 0.84523808956146251 95.84293365478517 8.5000000000000018 0.10555555671453477 99.80237197875978 8.5000000000000018 3.5000000000000004 99.180271148681655 67.615768432617202 82.637680053710952 1.0000000180025095e-35 7.5000000000000009 50.142856597900398 79.324596405029311 3.5000000000000004
decision_type=2 2 2 2 2 2 2 2 2 2 2 2 2 2 2 2 2 2 2 2 2 2 2 2 2 2 2 2 2 2 2 2 2 2 2 2 2 2 2 2 2 2 2 2 2 2 2 2 2 2 2 2 2 2 2 2 2 2 2 2 2 2
left_child=6 4 8 10 5 21 12 36 22 15 17 19 -1 14 23 20 -15 29 -10 -5 43 32 52 24 40 -12 47 44 33 -4 37 46 -2 -29 42 57 -8 -31 -27 -9 41 -14 -20 -6 45 48 -32 -26 50 -18 -21 -33 -3 -45 -30 -25 -57 58 -16 -24 -7 -34
right_child=1 2 3 11 9 60 7 39 18 -11 25 -13 13 16 35 -17 49 -19 34 27 -22 -23 59 55 26 38 -28 28 54 30 31 51 61 -35 -36 -37 -38 -39 -40 -41 -42 -43 -44 53 -46 -47 -48 -49 -50 -51 -52 -53 -54 -55 -56 56 -58 -59 -60 -61 -62 -63
leaf_value=-0.10894741204156613 -0.039198131537443268 0.040323907253979524 -0.099087994386546641 -0.10859234511400584 0.080451589989375752 -0.10392801058780402 -0.098877806635733076 0.10116540170433141 -0.055877178552828227 0.21606955256474142 0.16513737949201066 0.18985630146393451 -0.074773353536310858 -0.066879856924667316 0.32150898729995797 -0.050705834630065609 0.23901586546581075 0.13756545767879255 0.17565468006128082 0.097285735957073627 -0.058111669546354786 0.0042774806487809406 -0.11500015399100023 -0.10881973386301569 -0.046151713131082905 -0.04330387795218836 -0.091698080361586012 0.072330866123347645 0.15928338323896618 -0.025213429921477737 0.036009071021411473 -0.074881612590103397 0.22605858794519196 -0.010277581363197674 0.21644380413160447 0.091515275510952579 0.25713251307383422 0.061981550881154916 0.13785975115884605 0.20462717457013288 -0.093954408697731875 0.093724120518464224 -0.0050503093851445233 0.18591956407040997 -0.080072736866634076 -0.054358820861355683 0.31457836487249402 0.052678109993814462 0.2412445062678967 0.097477070922320289 0.1536360398690968 0.38724969315262814 -0.062441546615662605 -0.016812428234443517 0.35645330125347835 -0.08895709507223569 0.026724344471913943 -0.045000766703545227 -0.019692155352586942 0.16980981494689368 -0.027316204001937003 0.16620438562538362
leaf_weight=270558.73813071847 181.08708538115025 897.07918937504292 4661.8393210098147 459.74882101267576 775.41213463246822 1234.7937650159001 15183.160317026079 902.66701967269182 263.66727565228939 137130.77970661223 1013.8487736135721 3002.4696114584804 1769.8391099646688 276.58223908394575 59.011849574744701 545.57794253528118 1276.1061221659184 473.24594659358263 5551.5547238737345 3416.3942481726408 340.50948891043663 600.66305077075958 45.1872673407197 47029.302314795554 643.08469861000776 764.26722715049982 1394.4744830727577 2489.8563348501921 545.20445611327887 2550.3780027851462 340.16694261133671 8880.9253850281239 1468.8436322584748 2505.1506788283587 10343.594781272113 810.19632268697023 60.387063160538673 1628.1108752638102 321.43403784185648 2949.3969662934542 26518.048057019711 532.87266929447651 223.35590459406376 4390.7178322374821 149.16024557501078 180.03162054717541 85.683823652565479 1690.4151204824448 294.57745507359505 241.34816068410873 2007.5215352997184 18.575960725545883 636.1127181276679 96.590859554708004 119.71186235547066 1246.9398725777864 410.02088296413422 1477.3837312757969 78.766658253967762 905.77212206274271 1014.757318213582 2389.0064464956522
leaf_count=3393229 1766 6610 55965 5530 5398 14124 180016 5112 2519 554763 4877 12733 20518 3088 462 4059 6750 2938 25736 21284 2654 5168 315 588765 6298 6337 16105 16140 2846 23741 3534 98690 6891 18130 41928 5193 322 12280 1893 12228 317807 3761 1088 20283 1358 1095 583 13404 1529 1581 9883 98 5194 480 597 14471 3066 15988 803 4046 9498 11700
internal_value=-0.00470218 0.171096 0.0737033 0.0193243 0.206621 0.0825254 -0.100751 -0.0414181 0.177203 0.212587 -0.0385853 0.0984917 -0.103933 -0.088058 -0.0936523 0.134925 0.172816 -0.052516 0.195218 0.0759462 0.153 0.156173 0.0583967 -0.0967571 -0.0811824 0.0850856 -0.0183752 0.0831929 0.0501527 -0.0574679 -0.0430997 -0.0663376 0.178762 0.0309002 0.199326 0.0103423 -0.0974675 0.00876132 0.0103316 0.180383 -0.0893065 -0.0357812 0.168666 0.166659 0.114115 0.119025 0.0920589 0.0254418 0.124484 0.216504 0.118142 -0.073917 -0.0023129 0.181556 0.194782 -0.10717 -0.0603313 -0.0303757 0.126448 0.156276 -0.0693689 0.188993
internal_weight=580052 204943 54774.6 35908.3 150169 6889.15 375109 19095.6 18866.3 143280 20738.5 15169.8 356013 85454.4 83660.4 6148.81 1794.04 18638.9 16382.2 12167.4 5603.23 4639.6 2484.15 81235 32548.7 2099.55 3727.97 11707.6 5659.92 18165.7 13503.8 9325.35 4038.94 4995.01 16118.5 2425.36 15243.5 4178.49 1085.7 3852.06 28820.8 2302.71 5774.91 5262.72 6047.69 5898.52 425.851 2333.5 5718.49 1517.45 5423.92 8899.5 1533.19 4487.31 664.916 48686.3 1656.96 1615.16 137.779 950.959 2249.55 3857.85
internal_count=5635248 1026281 389497 302061 636784 49147 4608967 197678 87436 587637 210936 91125 4411289 1018060 1006641 32874 11419 197829 71271 78392 28815 25525 16165 984195 377893 13107 35807 72862 37713 194891 138926 102905 20357 34270 68752 22446 180338 36021 8230 17340 342086 24279 26824 26161 35149 33791 4117 19702 32696 8331 31167 98788 11804 20763 3443 606302 17537 17253 1265 4361 23622 18591
is_linear=0
shrinkage=0.1


Tree=5
num_leaves=63
num_cat=0
split_feature=4 26 25 6 9 16 9 1 16 27 6 27 16 16 16 9 6 3 16 11 15 0 18 6 22 21 9 3 11 18 6 17 18 6 16 9 1 3 7 17 7 1 0 11 7 27 18 3 15 26 11 18 3 16 6 21 11 11 11 16 11 21
split_gain=818677 56157.2 24084.3 12889 10834.9 6711.61 20253.3 4118.29 3870.85 3131.03 2891.73 9575.71 2915.21 2881.84 2636.42 1602.58 1589.23 1784.68 1481.88 1412.92 1329.85 1596.43 1282.86 1094.02 1080.99 1059.5 1043.77 1043.19 1013.28 958.765 953.434 877.701 1021.26 758.754 749.573 710.759 653.121 636.094 1024.64 623.513 613.939 613.287 592.318 542.717 775.175 474.3 468.436 525.885 462.304 450.366 428.85 428.848 402.235 387.99 439.958 381.827 572.848 377.98 374.427 373.309 358.549 347.292
threshold=1.0000000180025095e-35 1.0000000180025095e-35 1.0000000180025095e-35 89.386734008789077 48.834688186645515 97.311748504638686 60.943256378173835 6.5000000000000009 64.01581192016603 -1.0000000180025095e-35 54.110361099243171 1.0000000180025095e-35 80.781967163085952 97.833908081054702 97.833908081054702 50.373134613037116 68.457099914550795 19.500000000000004 57.790622711181648 0.93750000000000011 1.0000000180025095e-35 0.43483147025108343 0.048809524625539787 87.841831207275405 7.5000000000000009 7.5000000000000009 53.001201629638679 38.500000000000007 0.095454547554254546 0.98275861144065868 53.427228927612312 98.006622314453139 0.65942031145095836 78.08689117431642 98.830371856689467 78.830558776855483 24.500000000000004 7.5000000000000009 83.414241790771499 99.333301544189467 87.298336029052749 6.5000000000000009 0.88044953346252453 0.6904762089252473 85.270011901855483 1.0000000180025095e-35 0.43874999880790716 4.5000000000000009 91.905540466308608 1.0000000180025095e-35 0.2264957278966904 0.77097901701927196 43.500000000000007 66.496597290039077 85.270011901855483 7.5000000000000009 0.18333333730697635 0.18333333730697635 0.84523808956146251 95.845661163330092 0.86607143282890331 8.5000000000000018
decision_type=2 2 2 2 2 2 2 2 2 2 2 2 2 2 2 2 2 2 2 2 2 2 2 2 2 2 2 2 2 2 2 2 2 2 2 2 2 2 2 2 2 2 2 2 2 2 2 2 2 2 2 2 2 2 2 2 2 2 2 2 2 2
left_child=5 4 9 13 7 10 50 29 16 23 -1 12 20 19 22 41 -6 36 -13 26 21 37 -5 -3 -15 31 -4 58 30 46 -28 32 45 -14 -26 -8 61 38 -12 43 42 -11 55 44 -30 59 -2 -48 -34 -35 -7 -27 60 -22 -55 -17 -57 -51 -23 -24 -19 -18
right_child=1 2 3 14 8 6 35 -9 -10 15 11 18 33 24 -16 40 17 52 -20 -21 53 27 25 -25 34 51 28 -29 39 -31 -32 -33 48 49 -36 -37 -38 -39 -40 -41 -42 -43 -44 -45 -46 -47 47 -49 -50 57 -52 -53 -54 54 -56 56 -58 -59 -60 -61 -62 -63
leaf_value=-0.10797164996541163 -0.070891301198295315 0.0013463577413630342 -0.10005281328306531 -0.10741671348587051 -0.044804252180133244 -0.099098558107463749 0.088265646754718319 -0.077622529412451985 0.19243574755851184 0.12368053645765179 -0.078362709169337519 -0.054905205404550683 -0.037882322506811048 0.15059223571775002 0.17027460413755333 0.1885631624192981 0.14592166322319408 -0.080225917792742116 0.18349606417141637 0.1137613986906984 -0.10780080489729532 -0.042698023522516289 0.064497198150162319 0.13796558907296361 -0.037144951586305236 0.14369039215919008 -0.028515532794646355 -0.086469619164797965 -0.04744157931052162 0.15738186201340673 0.16954700324492761 0.18084850718355611 0.051184306142692065 0.21114412244771971 0.12804182260841487 0.17965802328368322 -0.062414709121415328 -0.092068175181563294 0.068731207293924471 0.29831321671820005 0.1925272741617797 -0.068216319665092923 0.026125610893205305 -0.087726391843691603 0.062548697452785823 0.18377611630606233 0.13927647351917113 0.0055792681864182698 -0.014193017387875496 0.21380915048848068 0.17511490826657058 0.036263181244130568 -0.083630991668609989 -0.086922700355317004 0.030413491573956897 0.19477151855869049 0.10212470529451628 0.021297965888532236 0.048048089616672188 0.20933236492759855 0.090522304372446363 0.21043313095457639
leaf_weight=244980.04634841532 269.14344163239002 1583.3521739318967 4025.4179575815797 418.33630166202784 567.71397972106934 13806.076552838087 1192.1802900508046 1865.4192767068744 139795.05141746253 308.59859155118465 1722.8618150651455 316.18729477375746 1539.3646287247539 946.82683344185352 2899.8445418477058 2505.0298812165856 4072.3029675409198 159.4170458316803 1486.6587352454662 507.38956163078547 43771.962292738259 621.72859762609005 4395.9597409665585 930.66516453772783 945.49209645390511 2261.9321654886007 575.31399986892939 1368.6709264069796 8120.0995674356818 1804.9702033102512 420.82407814264297 528.65384018421173 1876.2713507711887 184.78042164444923 387.20013859122992 2972.9815658405423 136.60218723863363 25075.929558359087 653.08491863310337 51.221660479903221 10314.347436025739 361.79773773252964 352.24302506446838 3045.7882458716631 695.64688257128 401.00340297818184 615.0142517760396 564.00276464223862 2553.8266962245107 114.27759313583374 57.269753947854042 444.64795398712158 321.98721589148045 1465.5437550395727 408.66363559663296 1039.3495157063007 1864.8455911129713 948.52821546792984 1692.3204651325941 185.46739545464516 538.06167136877775 1049.5647394582629
leaf_count=3364602 2916 12078 52808 5486 4850 179168 6020 21590 561017 1782 21661 3627 17641 4292 11771 10266 18389 1152 7878 2924 599978 6326 26032 4042 8044 11120 6298 16886 87765 8496 3372 2485 12494 864 2119 12141 930 325128 4609 249 41283 3800 1648 35514 5370 1731 3437 3842 18970 547 349 2302 2632 18526 3041 4436 8101 7180 12795 915 2859 4674
internal_value=-0.00483636 0.152485 0.0658628 0.0172257 0.183848 -0.0992654 -0.0398694 0.0408309 0.18884 0.155982 -0.102547 -0.0862135 -0.0913772 -0.0368477 0.0840174 0.171604 0.11542 0.12991 0.141685 -0.0506673 -0.0950239 -0.0790888 0.0648738 0.0519215 0.0688927 0.0705725 -0.0555939 -0.017265 -0.0417302 0.108755 0.0551571 0.0554704 0.0484286 0.00909091 0.0108484 0.153499 0.153386 -0.0873826 -0.0379305 -0.0498318 0.177922 0.0201181 0.151774 -0.0513352 -0.0387623 0.0794886 0.0481465 0.0753202 0.0134961 0.06705 -0.0979658 0.126042 0.00881745 -0.105893 -0.061338 0.159956 0.135281 0.0419976 0.0236668 0.0703605 0.0514958 0.159141
internal_weight=551086 206707 54947.4 35687.2 151759 344379 18028.5 5118.55 146641 19260.2 326351 81370.6 79567.7 19721.2 15965.9 16746.2 6845.65 6277.94 1802.85 17441.7 76780.8 31134.6 13066.1 2514.02 2279.52 12647.8 16934.3 3682.72 12908.9 3253.13 996.138 9941.18 9412.53 2786.95 1332.69 4165.16 5258.47 27451.9 2375.95 11912.8 16075.8 670.396 5761.47 11861.5 8815.75 4982.43 1448.16 1179.02 4430.1 1247.59 13863.3 2706.58 1019.47 45646.2 1874.21 5409.22 2904.2 1062.81 2314.05 4581.43 697.479 5121.87
internal_count=5635248 1026281 389497 302061 636784 4608967 197678 40281 596503 87436 4411289 1046687 1035182 208755 93306 71316 35486 30636 11505 194300 1008950 387405 81535 16120 14455 76049 191376 36007 138568 18691 9670 62627 60142 26232 10163 18161 23993 351398 26270 128898 65734 5582 24451 128649 93135 28678 10195 7279 31464 8591 179517 13422 6643 621545 21567 22803 12537 7727 19121 26947 4011 23063
is_linear=0
shrinkage=0.1


Tree=6
num_leaves=63
num_cat=0
split_feature=0 6 10 18 23 23 23 14 1 23 18 18 22 3 7 10 18 3 17 23 23 10 21 18 27 17 23 8 3 0 3 11 15 11 22 10 11 11 11 11 15 3 14 3 1 17 17 23 10 14 11 11 11 14 18 21 1 11 7 14 23 18
split_gain=523167 60296.3 44819.7 83657.6 24670.3 14796 9773.76 6726.86 6419.74 4961.59 3377.89 2785.67 2539.04 3988.75 2672.76 2502.17 2438.03 1576.96 1384.46 1306.95 1292.53 2167.21 1301.36 1256.18 1172.12 1065.74 1019.85 2302.09 960.516 854.822 1681 957.872 814.268 788.156 755.596 750.813 726.619 712.372 683.452 646.421 634.036 604.017 551.579 549.727 535.313 522.712 515.932 503.488 495.473 493.304 490.521 484.241 478.769 441.924 438.6 423.262 414.408 409.343 407.099 403.471 398.284 508.095
threshold=0.48954343795776373 44.033897399902351 51.925926208496101 0.12701612710952762 0.44949495792388922 0.31666667759418493 -1.0000000180025095e-35 4.5000000000000009 3.5000000000000004 -1.0000000180025095e-35 0.28801843523979193 0.12701612710952762 2.5000000000000004 8.5000000000000018 81.120250701904311 86.72955703735353 0.93933823704719555 13.500000000000002 99.80237197875978 0.44949495792388922 0.88194444775581371 86.526824951171889 8.5000000000000018 0.30217391252517706 1.0000000180025095e-35 99.80237197875978 0.63068181276321422 45.773809432983406 5.5000000000000009 0.37021939456462866 33.500000000000007 0.77500000596046459 97.68778228759767 0.13392857462167743 2.5000000000000004 82.637680053710952 0.18333333730697635 0.2264957278966904 0.93750000000000011 0.93750000000000011 92.342185974121108 5.5000000000000009 8.5000000000000018 43.500000000000007 4.5000000000000009 97.68778228759767 98.219570159912124 0.44949495792388922 63.245613098144538 4.5000000000000009 0.58571431040763866 0.84523808956146251 0.095454547554254546 5.5000000000000009 0.2709790319204331 8.5000000000000018 5.5000000000000009 0.18333333730697635 76.028167724609389 9.5000000000000018 0.15476191043853763 0.28801843523979193
decision_type=2 2 2 2 2 2 2 2 2 2 2 2 2 2 2 2 2 2 2 2 2 2 2 2 2 2 2 2 2 2 2 2 2 2 2 2 2 2 2 2 2 2 2 2 2 2 2 2 2 2 2 2 2 2 2 2 2 2 2 2 2 2
left_child=2 8 26 12 6 9 10 11 16 23 17 -8 13 14 50 38 28 34 24 53 21 22 -6 -5 32 39 58 44 47 -15 31 -31 35 -17 -3 -13 -24 56 46 52 -37 -18 -12 -19 -28 -42 -11 -2 -25 60 -4 59 -9 -7 -29 -26 -10 -43 -1 -38 61 -35
right_child=1 4 3 5 20 19 7 25 37 15 42 18 -14 29 -16 33 41 43 -20 -21 -22 -23 36 48 55 -27 27 54 -30 30 -32 -33 -34 49 -36 40 51 -39 -40 -41 45 57 -44 -45 -46 -47 -48 -49 -50 -51 -52 -53 -54 -55 -56 -57 -58 -59 -60 -61 -62 -63
leaf_value=-0.10603507119793182 -0.038950490563925466 0.12204411720118735 -0.076140584496086419 0.00075368547024759556 0.14733774031687363 0.12029898227929732 -0.10626877544916585 0.052933090007289511 -0.059090544952825785 -0.055768695096565138 0.16835304171724724 -0.014649070669378787 -0.10595488920100633 -0.092776689535920928 0.10005102257058783 0.2248340530795388 0.12755166834476814 0.033037755064388948 0.20465953062300685 0.16826866821713335 0.17555660535968898 0.16987026385733106 0.13777219747139968 0.065232750633615152 0.17343800850955265 0.22165090868265641 -0.022744644650381538 -0.049243583841583137 -0.067350106900543022 -0.056373442248814021 -0.08657499009278613 0.086086516558176757 0.13936124584284609 -0.032092108505771516 -0.073040713438476845 0.086334464490830334 0.044098041588590285 0.113935537366676 0.10373051345386385 0.13143918739958443 0.011970211864857791 0.03234158541413959 0.097680131914446355 -0.08177828682306798 -0.094753644648815527 0.11743894706478263 0.17573962269937518 0.066059801291208628 0.17180258746990687 -0.071194721780344319 0.033519464344402304 0.2407104232392189 -0.062595310710628072 0.035420554414084551 0.11629005405647506 0.03469879986341471 -0.10028499436227385 0.18354968111630646 0.12196639911244909 -0.054406760830330317 0.13133474587896463 0.058099659510586557
leaf_weight=216056.43306683749 706.59875174611807 3477.5045082345605 1927.2296690419316 654.56704545021057 3173.3438465595245 2537.6963565424085 810.727972894907 380.46879648417234 3551.8597962260246 6379.6495787873864 11991.336443252861 1344.9488293007016 39014.934550195932 19637.79032728821 2143.3108887001872 242.72001088410616 1995.2027638182044 1657.854500643909 895.86400131881237 16645.953620277345 104235.08654551953 14813.328726015985 869.28089355677366 527.28084225207567 1475.0191160440445 146.64297839254141 1126.7968514338136 209.28592652082443 2155.8645520359278 808.17578345537186 3996.0768370553851 1134.5747376903892 1287.3109390959144 805.26060394197702 210.55872706323862 5485.6278974190354 1954.9046261310577 178.47409172356129 293.54462871700525 189.24423521757126 2669.0163287818432 1674.8113233670592 1216.3563024550676 557.1471424177289 12318.809278525412 570.32134267687798 97.737702511250973 1290.4520258903503 2527.4529896527529 367.45536740124226 517.42126892507076 106.69814494252205 6273.4819356352091 808.9531387463212 680.59050991386175 258.41666424274445 7815.36293528229 200.46398137509823 78.33972967416048 528.15096903592348 522.21942960470915 2784.2875291332603
leaf_count=3232233 8427 17005 24913 6612 14245 14025 12091 3638 44245 77225 50573 12594 578968 274938 12860 1043 10643 10837 3647 70858 424543 60412 4461 4056 6332 626 13239 2700 26350 9827 54149 9289 5553 7909 2626 29623 10703 1095 1592 1181 18545 13658 6588 6303 178868 2642 564 8945 11365 3791 4989 462 72040 7811 4685 1361 110512 827 596 3796 2486 16528
internal_value=-0.00490275 0.129497 -0.0796184 -0.0252529 0.149004 0.100265 0.0815413 0.0357567 -0.0365541 0.025909 0.133738 0.0739467 -0.0891096 -0.0673218 0.0185363 -0.00654656 0.0321534 0.0708511 0.0843928 0.156804 0.170957 0.148599 0.101091 0.126469 0.0761623 -0.0450902 -0.104239 -0.0784097 -0.0210631 -0.0827231 -0.0494792 0.0268238 0.0644721 0.0493272 0.110906 0.0548985 0.0586634 -0.0843007 -0.045512 -0.0508062 0.0656192 0.0892532 0.161844 0.00415767 -0.088719 0.0305392 -0.0522755 0.0289049 0.153407 0.0398168 -0.0529305 0.0321096 -0.0559895 0.0997821 0.077359 0.152755 -0.0874132 0.0485055 -0.105952 0.0231459 0.0497375 0.0378665
internal_weight=520992 186148 334845 104374 166579 35194.8 40897.8 21787.1 19569.1 15202.2 19110.8 14797.3 69179.5 30164.6 4587.96 11492.9 8023.39 5903.06 13986.5 19992.6 125681 21445.7 6632.38 3709.3 13090.7 6989.84 230470 14335.5 4152.92 25576.6 5938.83 1942.75 11357.2 4721.94 3688.06 10069.9 3459.03 11545.7 6770.93 6843.19 8724.97 3870.48 13207.7 2215 13445.6 3239.34 6477.39 1997.05 3054.73 4479.22 2444.65 2589.75 6653.95 3346.65 889.876 1733.44 11367.2 1875.28 216135 2483.06 4111.77 3589.55
internal_count=5635248 1007129 4628119 1195798 782427 225865 263805 169873 224702 133171 93932 92388 969933 390965 42762 111138 68850 36771 80297 92694 518622 94079 33667 22033 76650 77485 3432321 199492 43722 348203 73265 19116 68957 31757 19631 63404 19422 155852 79381 76859 50810 25128 57161 17140 192107 21187 77789 17372 15421 30714 29902 14961 75678 21836 7385 7693 154757 14485 3232829 14499 26923 24437
is_linear=0
shrinkage=0.1


Tree=7
num_leaves=63
num_cat=0
split_feature=4 26 25 14 9 9 16 18 26 10 16 23 23 16 15 0 17 18 3 3 10 10 18 17 16 1 11 10 1 11 10 16 16 10 14 15 26 0 25 3 11 11 11 3 10 16 22 14 3 9 16 11 3 11 9 11 14 11 14 3 3 0
split_gain=599658 40499.5 16158.6 9133.31 6997.21 6372.2 21378.5 3859.01 3320.16 2939.57 2915.78 2703.41 2527.21 2269.48 1378.46 1444.17 1272.81 1236.63 1215.57 995.937 952.323 947.547 937.509 1075.24 887.009 864.041 824.76 773.401 759.06 655.643 654.815 648.733 623.573 582.736 578.351 479.301 463.398 444.443 431.813 419.12 700.893 414.504 380.736 379.612 518.903 349.057 348.497 338.928 326.142 323.847 315.442 308.268 878.056 302.64 300.311 806.189 486.293 296.567 281.051 277.792 273.716 247.378
threshold=1.0000000180025095e-35 1.0000000180025095e-35 1.0000000180025095e-35 4.5000000000000009 54.72370910644532 61.651582717895515 84.870288848876967 0.5313725769519807 1.0000000180025095e-35 59.053649902343757 49.890829086303718 0.23611111193895343 0.31666667759418493 97.833908081054702 1.0000000180025095e-35 0.40096087753772741 99.80237197875978 0.048809524625539787 38.500000000000007 35.500000000000007 44.25611877441407 64.051280975341811 0.64495798945426952 97.905025482177749 61.916847229003913 23.500000000000004 0.93750000000000011 86.526824951171889 7.5000000000000009 0.13392857462167743 69.00656890869142 98.295398712158217 79.180648803710952 69.00656890869142 5.5000000000000009 91.905540466308608 2.5000000000000004 0.88044953346252453 1.0000000180025095e-35 4.5000000000000009 0.6904762089252473 0.84523808956146251 0.44949495792388922 5.5000000000000009 81.01672744750978 96.315685272216811 8.5000000000000018 2.5000000000000004 5.5000000000000009 48.834688186645515 98.830371856689467 0.6904762089252473 27.500000000000004 0.13392857462167743 53.907203674316413 0.095454547554254546 9.5000000000000018 0.44949495792388922 8.5000000000000018 3.5000000000000004 4.5000000000000009 0.72551110386848461
decision_type=2 2 2 2 2 2 2 2 2 2 2 2 2 2 2 2 2 2 2 2 2 2 2 2 2 2 2 2 2 2 2 2 2 2 2 2 2 2 2 2 2 2 2 2 2 2 2 2 2 2 2 2 2 2 2 2 2 2 2 2 2 2
left_child=5 4 11 9 7 57 12 -2 33 49 19 27 14 17 15 43 26 -11 41 25 32 -10 36 35 -14 39 31 58 38 -23 60 54 -13 42 -22 -24 45 -36 59 -6 -41 -17 48 44 -7 53 -15 -31 -8 -4 -48 -45 -53 -19 -5 56 -56 -1 -3 -9 -26 -33
right_child=1 2 3 16 10 6 8 28 21 13 -12 20 24 46 -16 18 -18 22 -20 -21 34 29 23 -25 30 -27 -28 -29 -30 47 -32 61 -34 -35 37 -37 -38 -39 -40 40 -42 -43 -44 51 -46 -47 50 -49 -50 -51 -52 52 -54 -55 55 -57 -58 -59 -60 -61 -62 -63
leaf_value=-0.10585937490454818 -0.07263180343483458 0.024027968619533754 -0.093402008006756201 -0.097947496896937575 0.14814420559503513 -0.077569558285149359 0.13193039792924188 0.16249306847994044 -0.057231086127818978 -0.10714948324291096 0.16309498677194434 -0.086908080171636259 -0.056282466529791034 0.15838520025551139 -0.10439488055777116 -0.044742470196573146 0.20575123786674207 0.21855242730799304 -0.084804647831317942 -0.056930198692297644 0.15810138673557028 0.17975609205663956 0.043931533890698239 0.13323964389914891 0.088817341211224643 -0.077478912379298367 0.12638433329669924 0.10136923687903499 -0.023846201946957486 0.058567499798152949 0.15883424855954506 0.072341481734745111 0.095133742738509386 0.16496308694733774 0.1209358337341421 -0.0090974092400954772 -0.062328588230627174 -0.014171792086129259 0.018240533909336661 7.7798467684686025e-05 0.1126012689029299 0.035402540530482092 0.21101977620490345 -0.098991182707265021 0.046586826396090013 0.19898259346385519 0.039067107024741143 -0.036047923342954195 0.032051467927760022 -0.016812884215024259 0.15244484929215163 0.031501298230440705 -0.084571786504630264 0.076272635781141962 0.13042780956853997 -0.065765764954427625 -0.033183915326109877 0.099366051749482154 -0.061842319560240888 0.10484895644555928 -0.06697565746361521 -0.037402884738029822
leaf_weight=210327.65760049969 1786.7499945610762 970.41758981347084 1128.140801332891 2266.7260380536318 2117.4792048856616 1085.7442642711103 531.79057038202882 1336.7679298222065 1346.2971993722022 486.48737144097686 133885.49608808011 257.06218053400517 726.47430425137281 2516.5551864281297 41529.100981801748 917.60823444649577 188.87888759374619 152.63960451632738 2264.9134695529938 405.80911125987768 12716.236759871244 331.35568354278803 3291.974782153964 891.66619724780321 195.69767295569181 249.47404152899981 244.03910868614912 1031.6396963521838 435.16430589556694 1092.597175642848 576.6448722705245 483.34402579069138 702.09899908304214 2966.4958445802331 2548.7082205489278 3534.4102705419064 225.46235128492117 269.19169594347477 411.34221988916397 673.31200201809406 3112.4578449353576 2174.7395276725292 224.22314227744937 14004.356733400375 487.89361651986837 251.52625171095133 562.32320053130388 579.36069810390472 848.68888365849853 1081.1939945816994 435.39983278512955 711.43955752253532 7763.5387118123472 7267.3710085079074 342.23313368111849 8917.5784674808383 387.1940994784236 70.437750644981861 627.69489044696093 2231.6938797980547 266.13639304041862 357.18499993532896
leaf_count=3445616 23285 6610 17405 34922 9479 15784 2795 5838 17219 6943 556945 3047 9702 10249 673149 10470 811 816 32980 3500 52334 1780 19657 4209 1897 2176 1467 4361 4227 7158 2880 2854 3877 12284 10736 25342 1404 1277 3429 4273 13283 16130 967 215795 3448 1134 2624 5592 4959 10234 1792 8651 116070 39734 2811 110616 4299 737 5194 10349 2904 2738
internal_value=-0.00491291 0.128028 0.0541086 0.013732 0.155316 -0.0966307 -0.0727269 0.051366 0.0832816 0.053433 0.159906 0.128034 -0.0897233 0.0657496 -0.0926641 -0.0760995 -0.0519742 0.0498588 -0.0291455 0.0948047 0.143047 0.00764838 0.0547504 0.0299652 0.0284766 0.104813 -0.0557192 0.0338722 0.101548 0.0512497 0.0877703 -0.0592035 0.0463452 0.138703 0.149018 0.0164754 0.078974 0.108029 0.115259 0.112516 0.0925886 0.0116207 0.0901579 -0.0865575 -0.0390759 0.0831268 0.138557 0.0257817 0.070527 -0.0559212 0.0885444 -0.0898813 -0.0748279 0.0791995 -0.065194 -0.057498 0.0435795 -0.105791 -0.00969953 0.126443 -0.000959897 0.0257053
internal_weight=491804 200781 54135.4 35012.3 146646 291023 80625.1 6201.72 7920.81 21825.2 140444 19123.1 72704.3 19615.8 70939.3 29410.2 13187.2 16101.5 5357.26 6558.53 16493.3 3349.61 15615.1 7718.05 1764.95 6152.72 12998.3 2629.75 4414.97 2003.31 1038.48 12754.3 959.161 4571.2 15534.1 6826.39 7897 2817.9 3979.8 5903.25 3785.77 3092.35 1604.7 24053 1573.64 7671.54 3514.28 1671.96 1380.48 2209.33 997.723 22479.3 8474.98 7420.01 11913.7 9647.01 729.427 210398 1598.11 3568.46 461.834 840.529
internal_count=5635248 1026281 389497 302061 636784 4608967 1162614 47128 52754 141543 589656 87436 1109860 113904 1092477 419328 160518 99239 59580 32711 71271 31749 92296 49208 17383 29211 159707 16165 23843 14530 7681 158240 6924 21005 64347 44999 43088 12013 19616 27035 17556 26600 8721 359748 19232 41684 14665 12750 7754 27639 4416 340516 124721 40550 152648 117726 7110 3446353 11804 16187 4801 5592
is_linear=0
shrinkage=0.1


Tree=8
num_leaves=63
num_cat=0
split_feature=4 23 16 14 9 16 9 9 18 23 23 23 23 16 15 0 23 14 18 18 17 6 16 7 14 21 27 21 7 1 6 11 18 15 9 9 11 22 23 7 17 11 9 11 7 18 22 22 1 1 6 22 16 8 21 15 14 17 9 16 15 11
split_gain=516487 29459.7 13870.6 8958.64 6339.33 18625 5304.42 3360.87 2877.02 2497.14 2430.63 1875.11 1825.25 1587.42 1449.51 1394.54 1274.58 1757.58 1148.15 832.048 820.695 725.927 679.618 800.071 675.71 657.232 629.676 658.797 612.42 603.91 584.11 531.767 522.278 698.421 507.265 495.755 442.224 636.978 407.853 401.681 389.039 379.401 368.083 350.926 361.463 334.41 596.359 315.265 296.872 296.526 262.273 260.362 400.697 252.69 250.429 249.581 242.185 240.191 231.218 227.829 224.383 218.1
threshold=1.0000000180025095e-35 0.44949495792388922 98.092205047607436 4.5000000000000009 60.158729553222663 83.124706268310561 54.72370910644532 62.361110687255866 0.43167701363563543 -1.0000000180025095e-35 0.43650794029235845 0.31666667759418493 -1.0000000180025095e-35 98.092205047607436 1.0000000180025095e-35 0.40096087753772741 0.88194444775581371 8.5000000000000018 0.048809524625539787 0.63961037993431102 98.421009063720717 67.017543792724624 53.717523574829109 74.322341918945327 8.5000000000000018 7.5000000000000009 1.0000000180025095e-35 8.5000000000000018 86.319076538085952 11.500000000000002 24.048192977905277 0.93750000000000011 0.17519181966781619 1.0000000180025095e-35 48.074073791503913 48.074073791503913 0.18333333730697635 8.5000000000000018 0.21111111342906955 86.526824951171889 95.256843566894545 0.18333333730697635 78.346122741699233 0.11805555596947671 79.337715148925795 0.98275861144065868 8.5000000000000018 7.5000000000000009 5.5000000000000009 4.5000000000000009 60.736890792846687 9.5000000000000018 99.052112579345717 98.213714599609389 8.5000000000000018 91.905540466308608 9.5000000000000018 98.006622314453139 91.042778015136733 96.56854629516603 48.900966644287116 0.44949495792388922
decision_type=2 2 2 2 2 2 2 2 2 2 2 2 2 2 2 2 2 2 2 2 2 2 2 2 2 2 2 2 2 2 2 2 2 2 2 2 2 2 2 2 2 2 2 2 2 2 2 2 2 2 2 2 2 2 2 2 2 2 2 2 2 2
left_child=4 2 3 7 61 11 8 -2 -3 32 13 14 29 21 15 39 17 28 -11 26 43 -7 -13 60 35 -19 27 40 36 -5 -10 38 33 54 49 -4 -8 -38 57 -6 59 -23 56 -21 -45 46 -26 -27 -17 -32 -15 -37 -53 -18 -9 -46 -12 -14 -41 -20 -24 -1
right_child=1 6 24 12 5 10 16 9 30 18 42 22 31 50 -16 48 53 25 19 20 -22 41 23 -25 45 47 -28 -29 -30 -31 34 -33 -34 -35 -36 51 37 -39 -40 58 -42 -43 -44 44 55 -47 -48 -49 -50 -51 -52 52 -54 -55 -56 -57 -58 -59 -60 -61 -62 -63
leaf_value=-0.10511079250049159 -0.076262765774407867 -0.079879351951703467 0.025501000268431509 0.060284047603845661 -0.095327008515149012 -0.066977816618913971 0.15044068626787779 0.090412432962798384 0.13813276556216963 -0.1068336056544222 0.10214509743882155 -0.077085581027458938 -0.075376976142225507 0.030170197332236651 -0.1037429785677661 -0.0076141386603958174 0.14514468875228137 0.11153531962057811 0.041234390896295305 0.15262169416845539 0.1461699951661691 0.16236483511430189 0.096119635941129336 0.15972030028074277 0.10246491648609057 0.11421493297256542 0.14454011233447636 0.13655419242265088 0.14691440496121388 -0.052075553137974046 0.057992343368796634 0.091858122476861148 0.14492720614682922 -0.10109776037305125 0.12043076996320862 0.15151113849669026 0.12639423024265956 0.050299359176217744 -0.02634329120209726 0.074439680605397185 0.14199325477486838 0.010672644344457213 0.14540559654567073 -0.043226697198677243 0.045673845907934954 0.17015121138445899 -0.030171391911467355 -0.0091517326084617108 -0.056287716960910221 -0.026554992892307495 0.13787388693750827 0.041111855280359946 0.13728348572998403 0.15593633489895373 0.14740097828636375 0.0056738338347453827 -0.0095625360553461651 0.024998400672956923 -0.069831358643749356 0.19948318016759836 -0.041619102973591303 0.096160451090757548
leaf_weight=190819.79523572326 1695.4240867383778 1299.654353607446 353.75093271583319 2059.5803642868996 13572.100175630301 1591.5367804132402 1943.2644290998578 4321.0260499864817 1564.6273863613605 473.33566506206989 920.73748154565692 534.80468495562673 7785.9426272884011 294.07945814728737 38114.59745670855 3127.8378258012235 30447.516462013125 1067.2187880426645 5786.1193625554442 191.85441870242357 546.28224110603333 186.34999603033066 153.02519536018372 469.39070451259613 1037.1547593325377 245.15543484687805 1074.5333166345954 1034.4047542288899 16808.211222596467 623.07029769197106 1521.1191275455058 231.80023756623268 3197.8740872815251 177.50327876210213 1038.6142091415823 11913.390520870686 2530.3990964740515 1946.0814469605684 2541.8489789031446 112.50550016760826 432.48974897712469 1431.1991040632129 2813.7534766197205 912.45215280354023 2896.5978113636374 329.18035864084959 503.57767432928085 1336.1441527977586 2090.6586931049824 570.36811788380146 978.03154471516609 554.94887723773718 1975.2961753085256 75502.555448658764 938.59324334561825 3380.1900713220239 245.91674858704209 245.92806771025062 8811.3175534754992 92.429509207606316 520.75121355801821 53.853708356618881
leaf_count=3430716 24934 18139 2745 12269 226614 23064 8345 20153 8016 7262 4817 8115 109739 1534 677704 31693 130951 5031 32343 1153 2446 1052 1445 2364 5322 1242 4743 5359 72155 6173 7208 1330 13742 1042 4896 51141 11338 9677 32005 1084 2219 11504 12143 8540 16029 1375 3977 8779 27906 5178 4055 3147 8720 327553 4022 22557 1781 2882 135189 404 5647 540
internal_value=-0.00491216 0.118737 0.0584796 0.0269727 -0.0953302 -0.0708986 0.143792 0.0600653 0.0517917 0.0691452 0.0689566 -0.0884287 -0.0396412 0.018444 -0.0910895 -0.0736878 0.147976 0.128079 0.0467044 0.05115 0.0278991 -0.0190292 0.0159604 0.0594898 0.135302 0.0508983 0.0730407 0.0625814 0.136879 0.0341875 0.0882425 -0.0579705 0.112859 0.093998 0.0633041 0.142459 0.110606 0.0933131 -0.061255 -0.0844917 0.050457 0.0281484 0.125824 0.0191457 0.0155837 0.0786608 0.0591137 0.00997431 -0.027114 0.0349355 0.112976 0.145324 0.116191 0.152835 0.100582 0.0241329 0.0785985 -0.0723036 -0.0680125 0.0437226 -0.0103365 -0.105054
internal_weight=461970 195128 57306.6 40639.3 266842 75968.6 137821 27151.1 5994.38 25455.7 8461.6 67507 13488.2 4481.2 65829 27714.4 131827 25876.5 16820.7 16347.4 7927.38 3209.09 1677.97 1143.17 16667.3 2648.52 8419.98 7345.44 23228 2682.65 4694.73 10805.5 8635 5437.12 3130.1 14797.4 6419.74 4476.48 10573.7 22495.9 6311.04 1617.55 3980.41 7381.09 7189.24 1869.91 1540.73 1581.3 5218.5 2091.49 1272.11 14443.6 2530.25 105950 5259.62 6276.79 1166.65 8031.87 8923.82 5878.55 673.776 190874
internal_count=5635248 1026281 407773 331346 4608967 1177711 618508 166948 43437 142014 59950 1117761 164398 41209 1100190 422486 575071 116567 103055 95793 50725 35620 17571 9456 76427 15052 45068 40325 101515 18442 25298 145956 38959 25217 17282 65753 29360 21015 144626 362887 34966 12556 18741 48279 47126 10674 9299 10021 59599 12386 5589 63008 11867 458504 24175 38586 6598 112621 136273 32747 7092 3431256
is_linear=0
shrinkage=0.1


Tree=9
num_leaves=63
num_cat=0
split_feature=0 9 6 18 26 26 25 18 24 14 1 22 3 7 25 18 25 24 10 3 3 15 11 3 21 11 15 10 9 27 11 22 3 18 10 8 9 3 11 21 14 11 14 9 11 11 10 24 1 25 3 15 18 11 11 18 27 15 8 25 14 7
split_gain=331649 40078.3 35042.9 52080.9 20412.5 10352.1 8204.68 5226.6 4212.8 3938.2 3092.3 2431.28 2923.98 1832.93 1693.91 1621.21 1620.31 1608.24 1585.55 1112.69 1053.99 1009.47 828.413 2496.28 689.72 652.614 629.493 622.024 601.181 1288.13 550.446 543.759 505.69 477.388 472.06 468.633 467.171 441.287 424.688 415.365 413.516 413.318 403.747 383.237 378.328 375.558 360.235 351.142 346.809 388.907 363.874 337.094 331.14 312.607 305.267 303.61 302.916 291.113 280.949 271.711 269.404 281.729
threshold=0.48326757550239569 54.72370910644532 49.65753364562989 0.12701612710952762 1.0000000180025095e-35 1.0000000180025095e-35 1.0000000180025095e-35 0.15075758099555972 1.0000000180025095e-35 5.5000000000000009 3.5000000000000004 2.5000000000000004 8.5000000000000018 79.337715148925795 1.0000000180025095e-35 0.15075758099555972 1.0000000180025095e-35 1.0000000180025095e-35 84.028984069824233 20.500000000000004 12.500000000000002 97.68778228759767 0.73214286565780651 35.500000000000007 8.5000000000000018 0.84523808956146251 44.127788543701179 81.01672744750978 57.359306335449226 1.0000000180025095e-35 0.13392857462167743 3.5000000000000004 4.5000000000000009 0.43874999880790716 97.70084381103517 98.07621002197267 64.346244812011733 44.500000000000007 0.93750000000000011 7.5000000000000009 4.5000000000000009 0.18333333730697635 9.5000000000000018 87.226108551025405 0.44949495792388922 0.31666667759418493 81.120250701904311 1.5000000000000002 5.5000000000000009 1.0000000180025095e-35 3.5000000000000004 97.68778228759767 0.22902098298072818 0.31666667759418493 0.31666667759418493 0.26201373338699346 1.0000000180025095e-35 92.601715087890639 72.065574645996108 1.0000000180025095e-35 5.5000000000000009 70.194103240966811
decision_type=2 2 2 2 2 2 2 2 2 2 2 2 2 2 2 2 2 2 2 2 2 2 2 2 2 2 2 2 2 2 2 2 2 2 2 2 2 2 2 2 2 2 2 2 2 2 2 2 2 2 2 2 2 2 2 2 2 2 2 2 2 2
left_child=2 10 28 11 7 19 17 20 18 15 16 12 13 44 -10 -8 32 34 33 36 31 27 -14 24 -24 39 -16 -17 58 59 -20 -3 -2 -7 41 -9 53 -22 51 -19 55 -6 54 -21 -4 -29 -28 -13 49 50 -12 -11 -31 -5 -41 -32 -23 -47 -1 -30 61 -56
right_child=1 4 3 5 6 8 9 35 14 38 48 47 22 -15 26 21 -18 25 30 43 37 56 23 -25 -26 -27 46 45 29 52 40 -33 -34 -35 -36 -37 -38 -39 -40 42 -42 -43 -44 -45 -46 57 -48 -49 -50 -51 -52 -53 -54 -55 60 -57 -58 -59 -60 -61 -62 -63
leaf_value=-0.10346120942781108 0.074861786415068673 0.091993670769089875 -0.090228760900095656 0.0044132291801574335 0.12125615194012625 -0.078621103426258165 -0.10429910172744811 0.13302892228943042 0.1396516584888304 -0.061120496781781254 0.062886876348219906 -0.10395969381635546 -0.095801447460810887 0.074368663640378127 0.15991157833343075 -0.014841951349285934 -0.074367200711691714 0.13666807007222986 0.17133148889167962 -0.045867072480812066 0.022083123825450003 0.11985641850301301 0.0065096817448474622 -0.080394825780895574 0.13677416938778961 0.14586210719826703 -0.008420905284428553 0.20243319468659926 -0.0075487993067292107 -0.073457464484645116 -0.032345202959967879 -0.10422986287396441 0.0079241468570588475 -0.023026342848560345 0.097361086207163078 0.14771977127774719 0.13956518299867898 -0.079468335631860565 0.090794402582581479 0.13477856563304852 -0.065023798602928909 -0.028331146222850458 -0.0018426294056609364 0.091813808772890776 -0.0064135870669274472 0.057900626830898617 0.055034897043714094 0.11240679213189382 -0.097115777398302072 -0.092790017602865524 -0.048972155682367936 0.014207685753503414 0.07337318032712592 0.16608691034989917 0.024542091024440424 0.041326295451629372 -0.05863405074106131 0.023503911309843643 0.14506745830817355 -0.095537688479935268 0.016023526480676883 0.12574141174565071
leaf_weight=164951.78352960944 2028.5394862517715 3524.6236829832196 1233.3836803622544 430.78219108656049 220.38745626062155 3266.0454632602632 713.01729169487953 29424.561820454895 2862.4085217155516 5761.1133706569672 385.20194497704506 30395.494805894792 11224.17876740545 2287.7440081015229 387.64233464747667 1826.6192685887218 1800.8343608863652 1991.7912862375379 243.48810082674026 447.77613128721714 2017.7786409035325 2142.0262866765261 1302.8594173043966 8091.8072213865817 590.76939702033997 6998.3396000638604 1659.1616721265018 155.58246506005526 375.16558422520757 198.52600372582674 678.94334116578102 147.1173391751945 2544.0072883628309 2930.3688794933259 691.12256311625242 82863.363294046372 14869.18165589869 543.0758747830987 211.10599394142628 1132.5151507034898 540.75875972211361 1141.0594458989799 519.01561903208494 368.59029268845916 955.95747303590178 7086.0599398352206 1941.4977491460741 75.192643865942955 6471.1695566885173 1496.104963157326 1186.759923890233 662.36892660707235 678.66327821835876 165.56143872067332 392.96675630658865 3176.8634737618268 99.49701389297843 3769.3750644698739 45.498164474964142 5438.3039516583085 635.11417402327061 917.07668466866016
leaf_count=3246367 12123 16649 20702 4563 1419 54234 13903 134064 13235 78730 3506 590970 200725 14021 2635 16246 29328 8554 1066 5121 12745 9429 14336 136486 5225 31112 17833 692 5357 3137 7592 2517 23180 34669 2804 376594 69241 6986 1171 4867 6885 6801 2524 2068 11832 35725 10496 729 118282 26520 16206 4718 5504 804 1605 17908 489 23549 328 101472 2734 3935
internal_value=-0.00488778 0.103207 -0.0756942 -0.0251994 0.118667 0.0725412 0.0538973 0.138923 0.0195754 0.0158854 -0.047954 -0.0843217 -0.0616595 0.0117752 0.0809561 0.0430467 0.00597739 0.11213 -0.0192289 0.130078 0.0497883 0.050014 -0.0771607 -0.0562075 0.0471493 0.125514 0.0388303 0.0392025 -0.102201 -0.0728153 0.0249744 0.0841315 0.03762 -0.0523296 0.0300522 0.14387 0.136085 0.000547286 -0.0487663 0.100033 0.0168689 -0.00411635 0.079745 0.016296 -0.0536316 0.0481679 0.0257949 -0.103426 -0.0839868 -0.0562953 -0.0215616 -0.0533529 0.0401424 0.0492983 0.0935039 0.028354 0.111934 0.0459569 -0.103393 -0.0898594 0.0694728 0.0953852
internal_weight=433314 171499 261814 90126.5 155587 33969.1 37066.2 118521 17687.2 22426.8 15912.6 56157.4 25686.7 4477.09 6850.71 15792.2 6373.38 14639.4 10836.5 16281.9 6232.6 15079.2 21209.6 9985.44 1893.63 12586.8 3988.3 12837.6 171688 6690.66 4640.05 3671.74 4572.55 6196.41 2052.57 112288 15465.5 2560.85 6634.59 5588.48 4396.57 1361.45 3596.69 816.366 2189.34 11011 3600.66 30470.7 9539.24 3068.07 1571.96 6423.48 877.189 596.344 3077.67 3855.81 2241.52 10855.4 164997 5813.47 1945.16 1310.04
internal_count=5635248 1029707 4605541 1243376 800562 248350 251007 549555 166553 184652 229145 995026 403327 46555 44199 100033 64631 66355 122354 81797 38897 86130 356772 156047 19561 55331 30964 76212 3362165 115470 33451 19166 35303 88903 11024 510658 74608 19731 84619 24219 32385 8220 15665 7189 32534 59966 28329 591699 164514 46232 19712 83448 8641 5367 13141 25500 9918 59274 3246695 106829 8274 5540
is_linear=0
shrinkage=0.1


Tree=10
num_leaves=63
num_cat=0
split_feature=4 25 16 14 9 16 9 10 18 10 23 15 0 9 18 23 14 11 25 17 23 6 9 11 23 23 18 23 16 21 16 10 16 6 21 16 9 10 27 10 18 15 23 18 11 17 2 11 8 16 11 18 0 11 8 14 1 16 21 14 16 10
split_gain=392329 24530.3 10278.1 7176.9 6190.65 14435.1 3201.65 2647.72 1807.85 1709.15 1540.45 1549.12 1243.42 1144.21 1006.29 960.076 979.299 866.707 807.492 779.929 717.077 676.865 662.992 773.645 696.439 634.455 924.092 629.141 614.073 963.809 612.921 568.212 587.84 510.274 488.587 406.55 392.116 385.096 384.816 382.168 365.926 348.146 346.459 510.201 344.955 319.738 318.216 312.501 309.253 314.064 285.796 266.813 272.124 262.77 330.257 362.123 227.456 210.775 242.459 205.034 204.445 352.766
threshold=1.0000000180025095e-35 1.0000000180025095e-35 98.295398712158217 4.5000000000000009 60.158729553222663 83.124706268310561 48.331480026245124 60.943256378173835 0.43874999880790716 64.461452484130874 0.31666667759418493 1.0000000180025095e-35 0.40096087753772741 60.943256378173835 0.63961037993431102 0.88194444775581371 8.5000000000000018 0.93750000000000011 1.0000000180025095e-35 99.333301544189467 0.4083333313465119 26.158231735229496 53.001201629638679 0.095454547554254546 -1.0000000180025095e-35 -1.0000000180025095e-35 0.054093567654490478 0.44949495792388922 99.052112579345717 9.5000000000000018 98.092205047607436 74.464202880859389 45.913782119750984 52.851875305175788 9.5000000000000018 91.813587188720717 48.834688186645515 86.72955703735353 1.0000000180025095e-35 97.70084381103517 0.16397849470376971 1.0000000180025095e-35 0.10555555671453477 0.57417583465576183 0.44949495792388922 94.513019561767592 0.84802827239036571 0.13392857462167743 98.07621002197267 65.133895874023452 0.13392857462167743 0.98275861144065868 0.80898490548133861 0.18333333730697635 73.746868133544936 5.5000000000000009 6.5000000000000009 97.833908081054702 6.5000000000000009 2.5000000000000004 70.897583007812514 72.281322479248061
decision_type=2 2 2 2 2 2 2 2 2 2 2 2 2 2 2 2 2 2 2 2 2 2 2 2 2 2 2 2 2 2 2 2 2 2 2 2 2 2 2 2 2 2 2 2 2 2 2 2 2 2 2 2 2 2 2 2 2 2 2 2 2 2
left_child=4 6 3 7 -1 10 8 36 -2 18 11 12 37 -4 20 16 39 22 -7 35 25 -10 -5 33 -25 40 -27 30 29 -15 47 -12 -33 -24 38 -16 -3 -6 45 53 41 -9 -26 -44 -20 -28 50 -11 49 -17 -37 52 -18 -8 -55 -56 -14 -52 -59 -49 -13 -62
right_child=1 2 13 17 5 9 15 14 21 27 31 60 56 28 19 48 51 -19 44 -21 -22 -23 23 24 42 26 34 -29 -30 -31 -32 32 -34 -35 -36 46 -38 -39 -40 -41 -42 -43 43 -45 -46 -47 -48 59 -50 -51 57 -53 -54 54 55 -57 -58 58 -60 -61 61 -63
leaf_value=-0.10364834078397932 -0.082881500759193677 -0.09159092489815962 0.010931488479117138 -0.089817140931975195 -0.091997322679037569 0.064918680059759912 0.13836353421498018 0.084748731127880783 0.12050393631948791 0.13748867719383936 -0.040995733943541196 -0.1040929270174183 -0.010671924784993269 0.12252097801846827 0.098470108855951199 -0.025987084370125136 0.065092958439206747 0.10149630445968412 -0.054727202926230768 0.1703922888385416 0.1267359087830266 0.033813501948047012 -0.0072752826410770709 0.031878385013102785 -0.063655996714276283 -0.10419281187072865 0.034819640695982194 0.12583506767282335 0.13975968191878382 -0.0083336613533395616 0.12594587123598674 -0.082483648453338873 0.1292266374405576 0.13673318072776819 0.12866179023839899 0.12479939824282447 -0.010485090543273658 -0.063525589606806307 0.12591167780973747 0.13472239863128208 0.14280783957114884 -0.10253052528529374 0.036703045879834771 -0.051063401226851934 0.11434079466779715 0.10529710613669128 0.051313810486715489 0.032842823427308702 0.14115505276919676 0.12948563638759966 0.00083015517732687851 0.14903556108109395 -0.014220659110647496 0.054908669121363267 0.12410315128865251 0.063439033430733135 -0.057443735519867214 0.13002054527475154 -0.026458142696735971 -0.044625167161100709 -0.094409993556431843 0.007547325282363568
leaf_weight=158902.83365690336 864.53970840573311 1083.5572013929486 868.74041579663754 2197.9395323768258 11373.74817417562 1092.8227284774184 1980.3580700159073 5076.8337935432792 1842.8734451681376 207.2764321193099 921.38673626631498 30044.123534034938 3558.3492964692414 2147.5325442925096 818.24020630121231 130.52357653528452 1714.7683961428702 449.11328227818012 1756.4677088148892 419.68030451238155 2477.586613073945 1761.5895361788571 579.01623211428523 1234.2170958817005 5396.6706373803318 368.09385696053505 5959.0461657196283 2635.1167274340987 11246.547164231539 762.81171894818544 849.98113010823727 173.16211055591702 540.59737873449922 427.87835154682398 869.03405471146107 212.22366268187761 1324.9994879253209 8157.8433435671031 601.96104512363672 10600.482147492468 1179.3510991930962 101.24127981066704 1007.5486780665815 1933.1917237155139 129.58468936383724 721.67332065105438 2964.3918709233403 1009.6387622430921 68023.782659031451 28581.74047775194 5067.1401179581881 276.70881305634975 578.53144621104002 1463.2745586931705 3874.0398829802871 1319.0188343301415 1468.9916577450931 275.37604275345802 154.62050465494394 516.38889297842979 1413.1573189049959 446.59515373036265
leaf_count=3431256 13989 20859 7318 41144 222562 6096 9082 22911 9066 1251 11564 646067 37444 9445 4301 1060 8966 2305 23391 1786 11526 9940 6280 7452 79922 6884 31470 11899 52893 5007 3741 3027 2980 2616 4104 1063 12551 140325 2612 49384 5484 587 10029 23283 1094 3540 16618 6827 327811 134325 31858 1231 3337 6653 17611 6073 22155 1174 731 5651 27079 4558
internal_value=-0.00483975 0.10481 0.0511531 0.0262243 -0.092939 -0.06727 0.130076 0.0535296 0.0469869 0.0569567 -0.0847976 -0.0875686 -0.0686897 0.122329 0.0624074 0.133209 0.114254 -0.0350425 -0.00347955 0.0369869 0.0769256 0.0781362 -0.0398421 -0.0294586 -0.0382297 0.0686304 0.0507916 0.0914562 0.129165 0.0882235 0.0563876 0.0108881 0.0778645 0.0539209 0.05779 0.0310885 -0.0469728 -0.0801054 0.0493329 0.122 0.0925367 0.0810871 -0.0486081 -0.0209931 -0.0431111 0.0424328 0.0247321 0.0222775 0.137482 0.128779 0.0109304 0.0562767 0.0450845 0.106385 0.0968708 0.108695 -0.0243387 0.00653433 0.0737531 0.00662861 -0.102101 -0.0699263
internal_weight=406137 180938 57926.3 42900.6 225198 66295.2 123012 29675.1 4469 8197.28 58098 56462.8 24558.9 15025.6 27266.5 118543 21807.2 13225.6 2978.88 9911.67 17354.8 3604.46 12776.5 10578.5 9571.63 14877.2 8519.81 5218.4 14156.9 2910.34 2583.29 1635.15 713.759 1006.89 8151.71 9491.99 2408.56 19531.6 7282.68 19237.2 6357.43 5178.08 8337.41 2940.74 1886.05 6680.72 8673.75 1733.3 96736 28712.3 5709.36 2570.01 2293.3 8636.69 6656.33 5193.06 5027.34 5497.14 429.997 1526.03 31903.9 1859.75
internal_count=5635248 1026281 427753 353090 4608967 1177711 598528 180059 32995 59950 1117761 1100190 422486 74663 146649 565533 102337 173031 30581 57531 89118 19006 170726 129582 120686 77592 48610 29369 67345 14452 17470 17571 6007 8896 41726 55745 33410 362887 37622 88803 28982 23498 113234 33312 24485 35010 51444 13729 463196 135385 34826 13534 12303 39419 30337 23684 59599 33763 1905 12478 677704 31637
is_linear=0
shrinkage=0.1


Tree=11
num_leaves=63
num_cat=0
split_feature=4 26 25 9 16 9 14 16 26 23 1 16 26 9 7 3 7 3 16 18 9 16 15 1 25 16 7 18 7 21 14 23 16 26 27 27 3 3 27 9 11 11 14 0 2 23 11 7 21 27 16 11 11 27 3 11 16 7 11 11 16 11
split_gain=341505 26567.2 8240.03 6184.68 12778.4 4335.32 4326.04 3007.75 2277.24 2141.21 2082.58 1608.67 1586.38 1119.44 1094.41 2169.59 812.551 762.242 660.074 658.773 629.534 574.69 1243.59 570.751 553.811 508.484 456.531 454.048 452.133 440.622 420.464 407.682 404.983 383.75 370.049 356.575 356.129 351.605 347.064 329.92 584.717 327.951 308.128 306.294 302.212 291.905 291.251 285.015 281.801 390.417 327.495 276.279 250.231 249.298 236.275 275.914 230.032 229.427 331.42 239.376 214.599 346.766
threshold=1.0000000180025095e-35 1.0000000180025095e-35 1.0000000180025095e-35 60.158729553222663 81.019149780273452 54.72370910644532 4.5000000000000009 52.111026763916023 1.0000000180025095e-35 0.23611111193895343 7.5000000000000009 98.092205047607436 1.0000000180025095e-35 56.33012771606446 86.526824951171889 31.500000000000004 86.319076538085952 19.500000000000004 97.833908081054702 0.048809524625539787 82.807880401611342 56.152366638183601 1.0000000180025095e-35 23.500000000000004 1.0000000180025095e-35 61.181842803955085 79.337715148925795 0.63961037993431102 74.601570129394545 7.5000000000000009 8.5000000000000018 0.23611111193895343 77.286670684814467 1.5000000000000002 1.0000000180025095e-35 1.0000000180025095e-35 5.5000000000000009 4.5000000000000009 1.0000000180025095e-35 53.907203674316413 0.095454547554254546 0.93750000000000011 10.500000000000002 0.74851754307746898 0.81346824765205394 0.23611111193895343 0.18333333730697635 91.476997375488295 8.5000000000000018 1.0000000180025095e-35 96.019802093505874 0.64583334326744091 0.73214286565780651 1.0000000180025095e-35 3.5000000000000004 0.6904762089252473 63.185165405273445 45.867485046386726 0.13392857462167743 0.81666666269302379 97.575668334960952 0.2264957278966904
decision_type=2 2 2 2 2 2 2 2 2 2 2 2 2 2 2 2 2 2 2 2 2 2 2 2 2 2 2 2 2 2 2 2 2 2 2 2 2 2 2 2 2 2 2 2 2 2 2 2 2 2 2 2 2 2 2 2 2 2 2 2 2 2
left_child=3 5 9 60 12 10 11 17 20 30 32 13 14 -4 38 21 25 23 39 -15 28 22 47 54 45 -11 -26 33 36 -27 57 -14 -2 48 -13 43 -6 -34 -5 -8 42 52 -41 -20 -29 -10 -31 -16 50 -50 -21 -9 -42 -48 -7 -56 -40 -3 -59 -60 -1 -62
right_child=1 2 6 4 8 7 18 51 24 16 -12 34 31 19 15 -17 -18 -19 35 27 -22 -23 -24 -25 26 29 -28 44 -30 46 -32 -33 37 -35 -36 -37 -38 -39 56 40 41 -43 -44 -45 -46 -47 53 -49 49 -51 -52 -53 -54 -55 55 -57 -58 58 59 -61 61 -63
leaf_value=-0.10394267165826068 -0.073984317292720064 -0.051953882913749361 -0.082044617683472362 -0.088785022789404353 0.089272064792244143 0.11724172648966813 -0.092268617701499786 0.12471396873672146 -0.061154979616366956 -0.086056101689706413 -0.06371639498459461 0.1091041615091484 -0.10312984878863084 -0.10385967877826446 -0.03706195527842391 -0.076210141487234262 0.12864888546197648 -0.012622475371922057 0.075801006705140603 0.04322177325838536 0.12678797794113708 0.15854539950489333 -0.093938072083444346 -0.07608607114454996 -0.052979761804109585 0.11865513479589895 0.024911991826139644 0.0012682079399720006 0.16209419370685185 0.10001636930815794 -0.060692933297459672 -0.029638277437278506 0.10816488030497017 -0.00061663362051076495 -0.050687182256206345 -0.10066787078880651 -0.0068161910575283554 0.051154694965681903 -0.070460146728353185 0.10489998319326221 -0.041200889023255159 0.059714294691344719 -0.031681813625059382 -0.030429241600247337 0.039088314450832502 0.11333464028884199 0.054060327919506913 0.042048806851509357 0.12302319800554876 -0.054527066135125202 0.1511416804483785 0.13541002921334541 -0.080132340819368375 -0.043312375174794568 0.01686260333481409 0.084501167230888269 0.070632150656428486 0.16414505781691871 -0.0069017576175727409 0.071186444481152675 -0.088950767997374711 0.1764192894787443
leaf_weight=136367.78825291991 177.48796670511365 273.79574432969093 957.7882332354784 13568.844713676721 634.20556154474616 1572.937002286315 1653.2076802626252 35728.011720754206 119.14670329913497 177.51603035628796 1450.0641318447888 2928.4307259842753 25379.028945747763 366.25709699466825 540.47433995828032 8421.3935158103704 8549.3529866039753 1110.8008729368448 834.03850200399756 5936.3952380344272 2716.2741773724556 241.75649537146091 1068.4441257826984 230.41673826426268 2064.6754058524966 2397.2123082652688 1183.9582675099373 5512.3358908891678 313.19056489691138 1305.0636254549026 619.56250816583633 777.9632330276072 2200.3954059779644 1381.1124223917723 152.47394858300686 206.69568950310349 984.43456269800663 2128.0500155612826 233.62174815312028 382.88329533115029 4542.2565134428442 256.60210014879704 290.49382187798619 402.36031471565366 3426.0010004341602 490.84589013829827 1826.6694930493832 2893.2990737557411 1033.3031318485737 140.71250157803297 295.1725694462657 74514.64508125186 2593.7032887786627 307.1432034522295 751.01616661995649 3061.993582084775 228.64525758475065 210.67556563764811 817.76307078450918 754.99267487227917 8231.7611025758088 49.537977449595928
leaf_count=3257190 2648 2390 19600 283104 3314 6954 34749 176668 1128 2548 22614 13366 596646 7336 6642 160146 42089 7017 5081 30894 12837 1328 24413 2119 30686 11294 7777 35345 1404 6184 5232 11167 10622 7683 742 1581 6507 11244 3432 3020 67989 1330 3674 3400 19585 2566 7850 23078 5011 698 1283 380102 39694 1306 4251 12545 1536 1043 4252 3248 173761 305
internal_value=-0.00478977 0.0986526 0.0376127 -0.0916763 -0.0652132 0.123745 0.00855403 0.127982 0.0486105 0.0937287 0.0405207 0.0341551 -0.0833614 0.0233123 -0.0664508 -0.0457416 0.108838 0.0630678 -0.0422021 0.0288901 0.0957517 0.00834544 0.000280119 0.0780378 -0.00817592 0.0806738 -0.0245923 0.0316331 0.0521128 0.0857452 0.0115268 -0.100944 0.0740654 0.0477757 0.101196 0.0209063 0.0308325 0.0801362 -0.0858821 -0.0515724 -0.0432313 -0.0513573 0.0459788 0.0412306 0.0157644 0.0792525 0.0628039 0.0295968 0.0568007 0.101743 0.0483336 0.131944 -0.0553513 0.0400444 0.0846314 0.071179 -0.000673456 0.0332768 0.0463615 0.0305841 -0.102993 -0.0873633
internal_weight=379967 173458 50532 206509 61860.2 122926 33292.2 116970 8506.73 17239.7 5956 22130 53353.5 19049.1 27196.5 13165.4 14563 6727.16 11162.2 18091.3 4648.1 4743.97 4502.22 5616.36 3858.63 6013.6 3248.63 17725 1931.83 5836.09 2676.79 26157 4505.93 8786.7 3080.9 1443.09 1618.64 4328.45 14031.1 9719.15 8065.94 7392.56 673.377 1236.4 8938.34 609.993 3438.88 3433.77 7405.58 1174.02 6231.57 110243 7135.96 2133.81 5385.95 3813.01 462.267 2057.23 1783.43 1572.76 144649 8281.3
internal_count=5635248 1026281 389497 4608967 1177711 636784 302061 589656 66219 87436 47128 141543 1111492 127435 503679 215607 71271 32886 160518 107835 24062 55461 54133 25869 42157 29182 38463 100499 11225 26634 16165 607813 24514 45569 14108 10062 9821 21866 288072 150456 115707 109013 6694 8481 54930 3694 15340 29720 37886 5709 32177 556770 107683 9156 23750 16796 4968 10933 8543 7500 3431256 174066
is_linear=0
shrinkage=0.1


Tree=12
num_leaves=63
num_cat=0
split_feature=4 26 25 9 16 16 14 9 26 7 23 26 16 7 10 10 1 10 10 16 1 16 16 21 21 11 16 18 11 21 8 16 14 8 9 11 7 9 23 27 26 10 11 2 0 11 7 16 11 15 1 16 14 27 23 16 21 21 7 15 11 27
split_gain=298124 24318 7049.45 6166.54 11356.1 4192.86 3582.09 2668.09 2183.04 1929.58 1869.36 1590.64 1382.86 1064.46 960.304 854.534 739.434 713.521 704.827 654.191 636.237 569.246 536.01 435.353 432.805 424.711 414.095 402.452 400.897 396.781 391.991 358.258 349.976 328.895 318.896 495.086 314.132 368.898 313.307 298.278 288.322 280.145 279.218 258.966 244.743 233.043 231.902 231.851 290.749 230.605 219.979 213.035 207.062 203.713 193.001 190.084 189.666 188.429 181.251 180.357 179.512 178.094
threshold=1.0000000180025095e-35 1.0000000180025095e-35 1.0000000180025095e-35 60.158729553222663 78.283874511718764 70.023040771484389 4.5000000000000009 54.72370910644532 1.0000000180025095e-35 56.294013977050788 0.23611111193895343 1.0000000180025095e-35 97.833908081054702 86.526824951171889 56.33012771606446 84.028984069824233 8.5000000000000018 64.051280975341811 72.834224700927749 54.595132827758796 5.5000000000000009 97.833908081054702 48.397369384765632 7.5000000000000009 5.5000000000000009 0.11805555596947671 60.479471206665046 0.63961037993431102 0.13392857462167743 9.5000000000000018 89.825496673583999 98.706874847412124 8.5000000000000018 98.07621002197267 53.907203674316413 0.18333333730697635 24.068965911865238 46.049896240234382 0.23611111193895343 1.0000000180025095e-35 2.5000000000000004 59.053649902343757 0.93750000000000011 0.87487441301345836 0.76043426990509044 0.73214286565780651 79.337715148925795 97.575668334960952 0.2264957278966904 67.61234283447267 6.5000000000000009 72.02484512329103 4.5000000000000009 1.0000000180025095e-35 0.31666667759418493 96.56854629516603 11.500000000000002 10.500000000000002 28.718704223632816 96.92779922485353 0.58571431040763866 1.0000000180025095e-35
decision_type=2 2 2 2 2 2 2 2 2 2 2 2 2 2 2 2 2 2 2 2 2 2 2 2 2 2 2 2 2 2 2 2 2 2 2 2 2 2 2 2 2 2 2 2 2 2 2 2 2 2 2 2 2 2 2 2 2 2 2 2 2 2
left_child=3 5 10 47 11 9 12 16 18 -2 32 13 14 53 -4 26 36 54 30 20 -15 34 -16 -14 50 -24 -12 40 -19 -28 49 -25 51 -9 -8 41 -7 58 -13 44 55 -36 45 -29 -23 -37 -30 -1 -49 -6 -11 -3 -48 60 -10 56 -27 -26 -38 -53 -5 -31
right_child=1 2 6 4 8 7 21 33 17 24 15 38 23 19 22 -17 -18 28 -20 -21 -22 39 25 31 57 27 29 43 46 61 -32 -33 -34 -35 35 42 37 -39 -40 -41 -42 -43 -44 -45 -46 -47 52 48 -50 -51 -52 59 -54 -55 -56 -57 -58 -59 -60 -61 -62 -63
leaf_value=-0.10342557155854903 -0.086618128896083155 -0.091533400044487456 -0.059532730052570676 -0.095318113692950651 0.081431226356884046 0.10413108007377214 -0.090656632989240968 0.11820593442852485 -0.079068766556769504 0.050123355599794431 -0.086553850445168501 -0.10277997652882234 0.11731270804762739 -0.017427225052508242 -0.082487772561237779 0.12187958920294534 -0.038857077784418215 0.12155584554561789 0.12484030442258692 0.12193700812910176 -0.064515701626397234 0.064676242692134872 0.12786329045942738 -0.0038224635312643488 0.077223625437570553 0.039445563817195793 0.098891122697972525 -0.00091448743388916815 -0.041128970606516047 0.053948789070121385 0.16763000617300836 0.10008885947234547 -0.057177986374898043 0.13066240292929593 0.00047175194944410891 -0.038808648922261019 0.060090808657246766 0.094109907274019522 -0.034352539336994503 -0.096286353828472823 -0.068744606989074961 0.14053798526217173 0.052287399320052788 0.038270614401382977 -0.033299932453264972 -0.077520276806285482 0.046958339888898373 -0.08711423586623418 0.1482019071582466 0.0086885183793491087 -0.019277493339940069 0.048918522768385313 -0.063226844889044329 -0.015236365861107853 -0.0024479616399749361 0.14221214243887798 0.11414438258721148 0.13386623511652093 -0.0055069327326813036 -0.052758201195871803 -0.069541684375517665 -0.032998509641805
leaf_weight=123976.24943593517 930.01101015135646 134.64930004626513 1404.5881145223975 8520.5793718323112 647.75513383373618 1634.3172724731266 1521.146485902369 29891.674962133169 1320.3522583991289 2274.6702520549297 161.48257965967059 22815.719456385821 2104.7437370941043 4554.5302481912076 440.20403696596622 8555.4480555057526 737.94981985539198 357.84992661699653 2462.3262182734907 233.30772750452161 7755.2704151831567 891.87633277848363 426.05162140727043 716.44906310737133 3626.5126907341182 7589.2109940573573 3111.5893291980028 5651.8322106450796 674.85384480655193 1897.539701256901 240.74396811053157 617.9950957596302 593.28444484993815 72869.951377615333 537.37924544885755 4344.7473677918315 700.50391309335828 1118.8137175031006 689.34491043165326 195.09914983436465 228.30632448941469 194.47286308556795 263.35740352421999 2403.8980713784695 357.01901686564088 2421.949447248131 1151.9168697781861 7597.5346373468637 52.87204472720623 1331.8654776476324 571.46316003799438 1719.195254996419 200.19050740450621 406.81193703785539 437.74249333143234 197.07462543994188 355.84611677378416 700.79223667830229 1056.4755833111703 194.1602857708931 3956.2468132525682 268.97276174649596
leaf_count=3257190 15383 1260 24720 198156 3891 8124 34749 155879 25289 10540 2502 590762 9801 63535 8177 44373 10280 2121 12176 1508 150338 5378 2148 3526 17126 37580 14739 35584 7886 8446 1092 2837 5232 397161 6198 67352 3887 5328 10475 1581 1334 1133 1330 13392 3103 39694 6751 173761 305 8306 3694 8724 1919 4683 4767 845 1599 3109 6273 949 84056 1211
internal_value=-0.00473379 0.0932628 0.0345737 -0.0904299 -0.0631893 0.118282 0.00772331 0.123487 0.0412188 0.0489059 0.0876137 -0.0820208 0.030706 -0.0646858 0.0199864 0.102176 0.0539392 -0.0116567 0.0879992 -0.0439493 -0.0470933 -0.0397036 0.0264454 0.0889829 0.0664762 0.0292909 0.0711867 0.0267342 0.0239756 0.0760127 0.0471433 0.0443 0.0104529 0.127039 -0.0487891 -0.040584 0.0691226 0.0492272 -0.100773 0.0187044 0.0420898 0.0376911 -0.0487327 0.0107787 0.036668 -0.0526644 0.00674835 -0.102383 -0.085488 0.0324908 0.0361887 0.0300449 0.0306445 -0.0848742 -0.0599912 0.0451976 0.0427912 0.0863967 0.0206467 0.0386007 -0.0871447 0.0431543
internal_weight=354997 165613 49499.6 189384 57757.4 116113 32863.2 108010 8825.6 8103.45 16636.3 48931.8 22136.2 25426.7 18697 13995 5248.06 4142.91 4682.69 12543.1 12309.8 10727 17292.4 3439.19 7173.44 16852.2 5439.58 16426.2 2384.81 5278.1 2220.36 1334.44 2641.29 102762 9283.05 7761.91 4510.11 2875.79 23505.1 1443.99 8370.44 731.852 7030.05 8055.73 1248.9 6766.7 2026.96 131627 7650.41 1979.62 2846.13 2048 1352.11 12883.6 1758.09 8142.13 7945.06 4327.3 1756.98 1913.36 12476.8 2166.51
internal_count=5635248 1026281 389497 4608967 1177711 636784 302061 586932 74198 49852 87436 1103513 141543 502276 125379 71271 33892 48733 25465 215381 213873 160518 100659 16164 34469 92482 26898 90334 18677 24396 13289 6363 16165 553040 150456 115707 23612 15488 601237 10062 41358 7331 108376 48976 8481 107046 16556 3431256 174066 12197 14234 10933 8670 286895 30056 40024 39179 20235 10160 9673 282212 9657
is_linear=0
shrinkage=0.1


Tree=13
num_leaves=63
num_cat=0
split_feature=4 26 9 16 25 16 14 9 26 23 26 10 16 7 3 10 9 3 22 10 18 1 10 18 16 27 3 8 16 21 3 3 11 23 18 16 9 11 10 18 26 1 27 16 21 27 11 22 3 11 16 22 11 8 6 3 11 27 25 3 21 2
split_gain=260568 22338.3 6170.55 10071.9 6028.32 4123.09 2971.24 2794.91 1825.17 1646.66 1640.83 1583.01 1186.94 1036.98 1981.53 879.195 838.632 791.742 743.293 660.764 648.411 628.749 606.726 495.921 490.125 432.239 373.918 352.354 344.136 432.284 343.27 327.219 325.351 322.876 322.069 320.789 306.682 413.816 300.614 268.3 264.97 263.536 250.074 250.054 249.697 262.694 248.81 246.249 241.367 235.506 234.552 232.858 224.262 223.837 220.919 219.568 218.415 215.754 215.67 214.465 212.608 204.505
threshold=1.0000000180025095e-35 1.0000000180025095e-35 60.158729553222663 78.283874511718764 1.0000000180025095e-35 69.104278564453139 4.5000000000000009 55.646631240844734 1.0000000180025095e-35 0.23611111193895343 1.0000000180025095e-35 60.943256378173835 97.833908081054702 90.366767883300795 39.500000000000007 88.493064880371108 52.277431488037116 15.500000000000002 3.5000000000000004 72.834224700927749 0.12701612710952762 8.5000000000000018 64.051280975341811 0.048809524625539787 97.833908081054702 1.0000000180025095e-35 6.5000000000000009 98.07621002197267 60.479471206665046 7.5000000000000009 3.5000000000000004 7.5000000000000009 0.13392857462167743 0.23611111193895343 0.62731480598449718 63.185165405273445 53.45238113403321 0.095454547554254546 97.70084381103517 0.8603896200656892 1.5000000000000002 25.500000000000004 1.0000000180025095e-35 97.575668334960952 8.5000000000000018 1.0000000180025095e-35 0.31666667759418493 8.5000000000000018 4.5000000000000009 0.93750000000000011 96.019802093505874 6.5000000000000009 0.73214286565780651 90.054946899414077 49.65753364562989 43.500000000000007 0.86607143282890331 1.0000000180025095e-35 1.0000000180025095e-35 4.5000000000000009 9.5000000000000018 0.81346824765205394
decision_type=2 2 2 2 2 2 2 2 2 2 2 2 2 2 2 2 2 2 2 2 2 2 2 2 2 2 2 2 2 2 2 2 2 2 2 2 2 2 2 2 2 2 2 2 2 2 2 2 2 2 2 2 2 2 2 2 2 2 2 2 2 2
left_child=2 5 43 10 9 11 12 21 19 38 13 -2 16 31 18 28 -6 41 48 26 -20 30 -10 -18 36 47 -5 -9 -11 -30 -7 35 -24 -12 40 -4 -8 54 -3 -32 44 59 -26 -1 50 -46 -45 -14 -15 52 51 -25 -39 -28 -38 56 -19 -31 -34 -13 -50 -36
right_child=1 4 3 8 6 7 24 27 22 15 33 17 25 14 -16 -17 23 55 20 -21 -22 -23 32 34 42 -27 53 -29 29 57 39 -33 58 -35 61 -37 37 49 -40 -41 -42 -43 -44 46 45 -47 -48 -49 60 -51 -52 -53 -54 -55 -56 -57 -58 -59 -60 -61 -62 -63
leaf_value=-0.10294836239321176 -0.081009714230771718 -0.012181363691001227 -0.060433388841326707 0.084227469713322581 -0.08507690481185369 0.098908256524430305 -0.089225208785530377 0.11332197341796008 -0.057043107539239225 -0.079864502757424238 -0.1022197621706995 0.10216049294344896 0.11025383943866336 0.10192617546024317 -0.074209015047516105 0.11919055112681867 -0.10251112709735229 -0.068756323910357769 -0.099190626496389947 0.11845329477732065 0.11863641139872215 -0.036069872037803194 0.10955249816573516 0.022915264893146107 0.032681219612380977 -0.068009137451463753 -0.011421864699995433 0.12664125498271384 0.10383987789419589 0.058757535453724412 0.0016616073530460738 -0.08936943134824514 0.087273028289924059 -0.031774979217008871 -0.0010398970515602989 0.06502988104854858 -0.025992483938440464 -0.0359134469007008 0.062521671135943951 0.064303623331619708 -0.0026379011052448491 -0.059539945133413735 -0.092064350035793621 -0.085031066458949117 0.10779344628048422 -0.0486200543982655 0.15658343660973836 0.050299581554161601 0.012804288716314139 0.045995951859690923 0.12683558219870025 0.068844571927809031 -0.074877536854023527 0.1466381933194095 0.085918036363901801 -0.079722034533671979 0.03673759352965468 -0.014100050440695528 -0.007104289674348137 0.062111189460249086 0.08905867647381488 0.030234672033157502
leaf_weight=112671.9528841041 899.92726031318307 1862.281605668366 2401.5823651663959 1088.866829790175 758.65449110791087 1674.5558197423816 1389.2829522155225 28059.092232212424 1670.1673178561032 153.91323963180184 20751.936381194741 2524.7777308151126 2156.2518125139177 451.38751308619976 6657.0429509617388 7398.6433944255114 313.02114146947861 247.25607765465975 843.12124173343182 2341.8689902350307 163.08940443396568 748.78162221238017 357.37243824452162 4669.9813641645014 1259.0565199591219 180.237449914217 1038.0663689561188 67985.911873042583 2435.9972285702825 2967.4143091738224 1050.8902295008302 10229.486202381551 281.31434084847569 671.69502493739128 5442.9662511833012 222.68794992566109 326.08330965042114 4247.1154316589236 757.91645534336567 1957.0337732508779 1358.9124928303063 136.92591708898544 184.21286157146096 7031.543144185096 948.63598474115133 121.07954105362296 42.880673244595528 1004.080244846642 2598.5747771710157 269.11341048777103 283.36554617807269 1445.5391753651202 2264.8932221420109 98.059300612658262 384.27022163942456 307.66340868920088 951.52079863101244 470.9599565975368 1738.501143462956 2842.4538795351982 425.50964861735702 3394.9826015271246
leaf_count=3257190 15440 12846 50506 5568 18376 8544 34533 155277 30056 2514 590762 11420 10432 2629 143230 41159 7378 1741 22287 12176 1191 10620 2121 24034 8481 907 7253 397520 12168 13298 7320 250935 1461 10475 35329 2157 4309 68025 3319 8556 7648 1086 1581 173871 4543 612 195 4825 24555 1330 1239 7123 39694 468 2565 2695 4143 2132 15095 12422 4786 19097
internal_value=-0.00466596 0.088346 -0.0891457 -0.0610927 0.0318181 0.113383 0.00699414 0.118804 0.0380437 0.0819417 -0.0798962 0.0438471 0.0277019 -0.061935 -0.0396022 0.0960925 0.0179116 0.0598746 0.0118025 0.0813769 -0.0638846 0.0490143 -0.0108516 0.0222575 -0.0372888 0.0826153 0.042353 0.12275 0.0677438 0.0716112 0.0626202 -0.0812881 0.0216017 -0.100011 0.0244683 -0.0497869 -0.0460725 -0.0380699 0.00942718 0.0424181 0.0379787 0.0774557 0.0167592 -0.101803 0.0453689 0.0900892 -0.0835666 0.0912056 0.0337153 -0.0456768 0.0378929 0.0337717 -0.0494653 0.00222034 0.0345462 -0.0043622 0.0149787 0.0487781 0.00604032 0.0809506 0.0235338 0.0109738
internal_weight=331612 157836 173777 54030.3 48448.9 109387 32401.7 101476 8614.22 16047.1 45416.1 7910.53 22077.7 23992.5 11138.7 13426.9 18737.1 7010.6 4481.68 4566.86 1006.21 5431.26 4047.36 17978.5 10324 3340.57 2224.99 96045 6028.28 5874.37 4682.48 12853.8 2377.19 21423.6 17665.5 2624.27 8880.76 7491.48 2620.2 3007.92 8827.51 5504.16 1443.27 119746 7468.6 1069.72 7074.42 3160.33 3475.47 6781.12 6398.89 6115.52 6512.01 1136.13 710.354 1506.44 1198.78 3438.37 2019.82 5367.23 3024.08 8837.95
internal_count=5635248 1026281 4608967 1177711 389497 636784 302061 587837 74198 87436 1103513 48947 141543 502276 198678 71271 125379 33507 55448 25465 23478 35040 48733 107003 160518 16164 13289 552797 30112 27598 24420 303598 18677 601237 99625 52663 150456 115923 16165 15876 45199 24928 10062 3431256 37551 5155 174066 15257 31970 109049 32396 31157 107719 7721 6874 8579 5884 15430 16556 23842 29341 54426
is_linear=0
shrinkage=0.1


Tree=14
num_leaves=63
num_cat=0
split_feature=1 25 6 16 6 9 16 26 14 3 26 25 26 3 11 26 18 17 16 23 16 7 11 16 3 11 7 16 9 7 7 17 15 23 11 3 15 3 9 11 21 11 16 6 6 1 11 11 23 14 14 7 21 18 7 18 3 3 9 17 15 15
split_gain=170566 29695.4 15175.7 22178.4 12152.7 7448.54 7101.93 3484.78 2228.56 1959.28 1570.35 1489.97 1178.25 1177.64 1176.43 1137.42 1275.83 1028.39 989.769 661.145 658.248 593.089 592.405 585.943 583.361 568.242 540.181 500.945 497.559 476.741 443.88 433.998 433.187 421.871 419.141 567.775 476.58 390.213 386.314 372.608 372.591 384.536 366.82 348.26 329.597 328.774 307.625 300.601 274.322 269.307 256.386 254.665 253.889 240.268 232.336 219.629 212.558 210.93 206.061 201.481 205.109 198.122
threshold=5.5000000000000009 1.0000000180025095e-35 49.65753364562989 66.496597290039077 49.65753364562989 52.73088455200196 99.052112579345717 1.0000000180025095e-35 4.5000000000000009 41.500000000000007 1.0000000180025095e-35 1.0000000180025095e-35 1.0000000180025095e-35 5.5000000000000009 0.93750000000000011 1.0000000180025095e-35 0.1132478639483452 99.80237197875978 52.111026763916023 0.23611111193895343 88.94705963134767 66.287876129150405 0.18333333730697635 96.437637329101577 14.500000000000002 0.93750000000000011 73.20508193969728 96.787097930908217 54.72370910644532 26.158231735229496 76.63120269775392 99.80237197875978 1.0000000180025095e-35 0.23611111193895343 0.73214286565780651 39.500000000000007 1.0000000180025095e-35 6.5000000000000009 43.951219558715827 0.18333333730697635 7.5000000000000009 0.11805555596947671 98.092205047607436 80.178569793701186 90.999099731445327 24.500000000000004 0.58571431040763866 0.61250001192092907 0.23611111193895343 5.5000000000000009 4.5000000000000009 74.322341918945327 10.500000000000002 0.63961037993431102 69.804355621337905 1.0000000180025095e-35 5.5000000000000009 7.5000000000000009 87.226108551025405 98.006622314453139 92.601715087890639 1.0000000180025095e-35
decision_type=2 2 2 2 2 2 2 2 2 2 2 2 2 2 2 2 2 2 2 2 2 2 2 2 2 2 2 2 2 2 2 2 2 2 2 2 2 2 2 2 2 2 2 2 2 2 2 2 2 2 2 2 2 2 2 2 2 2 2 2 2 2
left_child=1 5 23 12 27 20 8 24 9 15 47 48 13 26 19 18 -17 30 32 39 -1 43 -10 -2 51 31 -4 -3 -25 56 44 -24 37 -14 -15 36 -36 -6 -31 -12 -21 -42 53 -13 -18 61 -39 -7 -9 54 57 -5 -48 -32 -43 -49 -22 -23 -26 60 -55 -28
right_child=2 4 3 7 6 10 -8 11 22 -11 14 21 33 34 -16 16 17 -19 -20 40 29 50 25 28 58 -27 45 -29 -30 38 42 -33 -34 -35 35 -37 -38 46 -40 -41 41 49 -44 -45 -46 -47 52 55 -50 -51 -52 -53 -54 59 -56 -57 -58 -59 -60 -61 -62 -63
leaf_value=-0.075273806401101609 -0.10150338298300719 -0.09428922743993895 -0.060916932998584333 0.082672744095371495 0.083989355483473777 0.1098906300395005 0.11960443081883215 -6.856019523998147e-05 0.075231221320187586 -0.06157020158737208 0.090124708773160964 -0.056319998092508539 -0.10199497282214889 -0.089371473360769754 0.11314567703385521 -0.093426961404109915 -0.02975423645858067 0.14441025003215285 0.1151061163102596 0.10293623229619338 0.077201586363129793 0.032097578797346003 -0.040059917780107451 -0.079523734348648095 -0.043638276769994405 0.078113373985744278 0.07374781612464601 -0.038179937023010209 0.013163153846204085 -0.03908119512308595 0.040098732215383986 0.17370318077786537 -0.083313168593294393 -0.011498811649583751 0.015425642172485446 -0.075500192060231563 -0.091719667068494382 -0.07252855718292292 0.032010564405436676 -0.031804788651825566 0.10350874736426718 0.0043300833860144159 0.077781748599074108 0.12812488120424106 0.13187902756840583 -0.068180076325811509 0.031505952081170498 0.033567649143043742 0.10940405888395865 -0.0055814053057652397 -0.025236357433948184 0.12001778992773876 0.12933738397439773 0.02411793357987627 0.093075036309863662 0.12383831184756584 0.015992256848732539 -0.035187122289822105 0.069586455887355306 0.065710090270983595 -0.012118884997531254 -0.0046822133736229522
leaf_weight=948.93472346663475 97859.225756965578 8388.6858564205468 1029.1560938507318 2784.1001360043883 2202.4247072637081 24886.894616354257 8360.6386938989162 267.01623008027673 553.09750211983919 2107.6754862591624 318.60539797320962 2222.5695045292377 17115.265184957534 8027.0273810885847 6173.5949147902429 883.23102275282145 1905.7763327509165 748.93692003190517 2913.2685572691262 2054.0913065560162 1262.3101583383977 3832.2713715210557 8073.062177170068 5639.8104409351945 349.1377042196691 448.0955603197217 1019.4429029338062 1963.6567853093147 645.4572157561779 1879.9657353535295 5943.9640479832888 96.108627207577229 253.09276112169027 531.11804591119289 1569.4645499959588 4519.9542382918298 564.43171840533614 264.85553699359298 1288.0827346257865 1174.7332964241505 938.81049223616719 466.41460113227367 1488.6914966404438 107.31229964643717 135.10388845205307 285.45060600340366 3476.2771895043552 270.9959977529943 1603.601021900773 1202.4759939163923 1402.2367826849222 5306.1556173749268 287.18448595330119 3346.4842758066952 802.7217295691371 49577.8834204413 1030.4854841269553 530.39677750319242 297.86806617304683 649.53762590885162 2929.2887466698885 470.83994621038437
leaf_count=23360 3074045 251573 21293 17015 10940 149575 50284 2694 4369 42204 2064 43311 527859 210229 35925 26852 17196 3742 17566 10841 9168 22360 129178 148644 4207 2868 6772 35894 6023 24898 27925 415 5772 7804 16846 105812 15090 6127 12430 7532 4639 1964 7224 600 620 4590 21644 3200 8799 5245 20845 31405 2008 17335 4156 313740 11755 4726 1727 2749 19074 8501
internal_value=-0.00459444 0.071142 -0.0773187 -0.0342105 0.0144487 0.105671 0.0360247 0.0537595 0.0179712 0.0313415 0.113263 0.0133414 -0.0810414 -0.0626442 0.0813699 0.0384812 0.0237801 0.0298171 0.0666894 0.0531758 0.00160117 -0.00524654 -0.0250916 -0.0996024 0.099859 -0.0315308 -0.00327213 -0.0836463 -0.0700054 0.0149598 0.0245836 -0.037545 0.0449351 -0.0992712 -0.0739877 -0.0554291 -0.0129151 0.0501446 -0.0101763 -0.005791 0.0692901 0.0490252 0.0307864 -0.0478246 -0.0190543 0.0301369 0.0316404 0.118866 0.0937777 0.0283303 0.0119614 0.107166 0.0389713 0.0253501 0.0604608 0.123348 0.0496914 0.0239174 0.00848805 0.0126914 0.00720398 0.0489686
internal_weight=309675 151696 157979 53834.8 57419.1 94277 47066.8 18702.7 38706.2 29535.8 87867.2 9965.4 35132.2 17485.8 13131.4 27428.1 18031 17147.8 9397.1 6957.85 6409.78 8094.79 9170.36 104144 8737.26 8617.27 2804.89 10352.3 6285.27 5460.84 16398.8 8169.17 6483.83 17646.4 14680.9 6653.85 2133.9 6230.74 3168.05 1493.34 5464.51 3410.42 14358 2329.88 2040.88 1775.73 4028.32 74735.8 1870.62 2471.61 5764.9 8090.26 3763.46 12869.3 1269.14 49848.9 2292.8 4362.67 647.006 6925.31 6275.77 1490.28
internal_count=5635248 1324051 4311197 1082485 703559 620492 416092 157689 365808 228978 538881 103335 924796 389133 72366 186774 122717 95865 64057 36441 81611 91842 136830 3228712 54354 132461 41156 287467 154667 58251 92123 129593 46491 535663 347977 137748 31936 40719 37328 9596 26845 16004 74307 43911 17816 19863 29779 466515 11493 11365 47931 48420 23652 67083 6120 316940 20923 27086 5934 39158 36409 15273
is_linear=0
shrinkage=0.1


Tree=15
num_leaves=63
num_cat=0
split_feature=4 26 9 16 25 16 9 14 26 10 26 7 17 7 3 7 23 10 3 17 16 10 10 25 15 16 21 23 10 16 21 16 3 14 27 27 17 23 16 21 3 1 23 9 1 9 26 16 17 3 15 17 26 3 25 17 21 14 16 16 7 16
split_gain=201983 19163.3 6052.45 7899.99 4460.26 3690.35 2409.23 2069.61 1670.32 1363.35 1348.39 1192.53 1164.48 963.011 1487.26 779.517 653.216 646.381 599.112 595.708 561.75 502.648 501.291 482.751 463.643 668.481 425.126 361.548 328.266 328.26 306.829 309.53 304.607 301.982 292.227 291.589 294.164 275.975 275.568 264.693 259.357 242.388 238.486 219.541 218.62 215.797 211.263 207.297 215.95 207.128 201.007 275.547 413.679 198.617 193.279 187.992 181.995 180.617 176.815 175.906 170.239 166.797
threshold=1.0000000180025095e-35 1.0000000180025095e-35 60.158729553222663 76.885185241699233 1.0000000180025095e-35 70.023040771484389 57.359306335449226 5.5000000000000009 1.0000000180025095e-35 88.493064880371108 1.0000000180025095e-35 54.085849761962898 99.80237197875978 86.319076538085952 35.500000000000007 73.20508193969728 0.23611111193895343 72.834224700927749 16.500000000000004 99.80237197875978 98.092205047607436 87.585617065429702 70.087718963623061 1.0000000180025095e-35 1.0000000180025095e-35 49.890829086303718 7.5000000000000009 0.23611111193895343 98.07621002197267 53.218408584594734 10.500000000000002 65.133895874023452 4.5000000000000009 8.5000000000000018 1.0000000180025095e-35 1.0000000180025095e-35 91.442928314208999 0.23611111193895343 97.575668334960952 7.5000000000000009 3.5000000000000004 6.5000000000000009 0.31666667759418493 53.001201629638679 24.500000000000004 48.566747665405281 1.5000000000000002 97.575668334960952 97.57275772094728 7.5000000000000009 91.905540466308608 93.364780426025405 1.5000000000000002 3.5000000000000004 1.0000000180025095e-35 88.664871215820327 8.5000000000000018 2.5000000000000004 97.68778228759767 96.315685272216811 76.63120269775392 63.427747726440437
decision_type=2 2 2 2 2 2 2 2 2 2 2 2 2 2 2 2 2 2 2 2 2 2 2 2 2 2 2 2 2 2 2 2 2 2 2 2 2 2 2 2 2 2 2 2 2 2 2 2 2 2 2 2 2 2 2 2 2 2 2 2 2 2
left_child=2 5 38 8 9 11 23 12 13 16 17 -2 15 49 24 21 -3 32 44 33 26 45 42 40 57 -26 29 -11 -8 -17 31 -18 -5 39 46 47 -37 -10 -1 58 -7 -42 -12 -40 53 -6 59 48 50 61 51 -31 -53 -13 -24 -52 -55 -15 -9 -28 -41 -4
right_child=1 4 3 10 7 6 28 19 37 27 22 18 -14 14 -16 20 30 -19 -20 -21 -22 -23 54 -25 25 -27 34 -29 -30 35 -32 -33 -34 -35 -36 36 -38 -39 43 60 41 -43 -44 -45 -46 -47 -48 -49 -50 -51 55 52 -54 56 -56 -57 -58 -59 -60 -61 -62 -63
leaf_value=-0.10210597544533005 -0.082442862360657357 -0.013212588470163362 -0.060723147735614685 0.085074007232273915 -0.082508684879175009 0.091060474693985108 0.10879517193371235 -0.042931453106909441 -0.10138269540374288 0.043913943691099494 -0.067532746903604321 0.096162673358666198 0.13851693231111373 0.029686375871210591 -0.068946887124080217 -0.095121037577169554 -0.063000321717816943 0.10797182506888779 -0.0073594857570805959 0.15741344553356806 0.078341019624778588 0.13126030625989485 0.095370352505727549 -0.016549516963631838 -0.096784202271448613 0.10314099731283409 0.084443064909917043 0.11128842783135239 0.12145702243926337 0.0083801215573035322 0.02434139751946755 0.079643998629665036 0.006130602946672151 -0.054144123050329701 -0.032990391508166482 0.11799672882232358 -0.045983273217539304 -0.032499632310938671 -0.085258091472016934 0.059376481313994693 0.052455080099702484 -0.044226749170913883 0.0095255965594221829 -0.0078309871672578128 -0.047996255081672531 -0.021045377594485399 0.0014157339529310929 0.098096313004634228 0.070448791996945981 -0.087062932561428413 0.25453834961272109 0.11229554067516745 -0.058877890596392368 0.044700315106444954 0.010536287353447332 -0.015592671565591552 0.10099586993768311 -0.031880490046587696 0.056264062845382962 0.023554832254341084 -0.02036370554005193 0.0382903635784545
leaf_weight=93248.241980956867 727.56784362718463 1645.4232532791793 1967.7667915076017 717.18172946944833 732.63277833163738 1812.0448551177979 36863.793746948242 2166.4904253669083 17095.262982651591 907.78081914782524 1470.9359243661165 1886.9608498737216 827.14736173301935 3247.9114526882768 6384.1385207101703 282.22401514835656 158.49278235062957 2145.71490399912 1363.9939512275159 157.64395073056221 1838.5505598559976 193.37496187537909 318.99867145717144 955.51975028589368 806.65933565236628 210.98991958983243 2136.7672672048211 6496.1800261735916 46056.838535785675 6732.0569301582873 1827.370217282325 3784.9747472256422 1534.7185453679413 5130.1741346009076 378.23671743646264 480.60852040350437 141.63775423169136 602.11200449615717 5863.2219287343323 618.46831158548594 2571.7906093746424 288.38923272490501 552.47608580067754 390.60659258812666 161.88826954737306 2592.9905905090272 520.08989491313696 263.96485580503941 536.66542813926935 8076.3917824532837 25.94629318267107 589.90639168769121 185.60825082659721 2848.9574912190437 1698.5854412801564 3641.0488581731915 719.23955509439111 558.42744775116444 195.94718731567264 609.90887603163719 472.11078542470932 186.23932617530227
leaf_count=3257190 15113 12079 48038 3708 20647 10726 237559 40321 587273 4086 31780 9020 4337 25962 155704 6415 2670 12388 8154 705 9141 897 1699 10816 24763 1805 10238 41159 312821 34346 8311 19131 10231 92225 1668 2088 681 10096 166738 8129 11730 3280 5823 7328 1443 24880 2738 1257 2412 234631 129 2942 1008 12876 13299 24305 3246 8689 972 2790 6790 1822
internal_value=-0.0045046 0.0803309 -0.0867161 -0.0573786 0.0274438 0.105754 0.111531 0.00613081 -0.0763009 0.0726723 0.0303776 0.0393915 0.0220458 -0.0575307 -0.037282 0.0176432 0.0423672 0.0686961 0.0520891 -0.0352175 0.0259055 -0.0254722 -0.0113224 0.0482149 0.00462389 -0.0553336 0.0200715 0.103028 0.115828 0.0115387 0.0582145 0.0739109 0.0312724 -0.0387555 0.0502221 0.0139283 0.0806711 -0.0990391 -0.100743 -0.0158926 0.0614599 0.0427067 -0.0464926 -0.0804221 0.0665251 -0.0345857 0.0598567 0.0104602 0.00848495 -0.0797146 0.00550909 0.0148825 0.0713276 0.0699237 0.0239493 -0.0136813 0.0560478 0.0206539 -0.0347039 0.0709226 0.024857 -0.0521623
internal_weight=289604 142527 147077 47574.5 46270.4 96257 88548.4 31450.2 39135.9 14820.2 8438.61 7708.61 22709.4 21438.5 11208.1 21882.2 7416.26 4397.62 6981.04 8740.83 18363.2 3519 4041 5627.74 4823.99 1017.65 16524.7 7403.96 82920.6 12879.7 5770.84 3943.47 2251.9 8583.19 3645 12597.4 622.246 17697.4 99502.1 3453.02 4672.22 2860.18 2023.41 6253.83 5617.05 3325.62 3266.77 11975.2 11711.2 10230.4 11174.6 7507.57 775.515 5455.16 2017.58 3667 3568.2 3806.34 2362.44 2746.68 1090.58 2154.01
internal_count=5635248 1026281 4608967 1177711 389497 636784 586932 302061 1098783 87436 78928 49852 152919 501414 216923 148582 42191 26327 34739 149142 102158 46424 52601 36552 61219 26568 93017 45245 550380 75583 30112 21801 13939 148437 17434 69168 2769 597369 3431256 56212 25736 15010 37603 174066 26585 45527 15766 66399 65142 284491 62730 38296 3950 25142 14998 24434 16122 34651 41293 13028 14919 49860
is_linear=0
shrinkage=0.1


Tree=16
num_leaves=63
num_cat=0
split_feature=1 25 6 18 6 8 23 17 26 18 26 3 22 18 11 3 10 26 18 22 22 8 10 11 23 23 22 8 11 3 21 3 11 3 10 11 11 25 21 11 11 11 26 11 7 11 1 17 10 23 18 25 18 18 3 18 1 1 21 18 0 27
split_gain=131448 23736.3 13619.1 16698.6 9127.67 5616.09 3414.02 2994.31 2326.9 3747.73 1642.44 1538.13 1415.93 1104.1 1090.83 1048.16 1034.43 950.476 588.779 549.567 548.368 545.941 539.956 533.883 488.736 471.222 461.854 443.958 430.679 628.731 429.364 426.895 410.342 405.151 393.119 371.216 335.893 334.812 325.902 322.291 337.438 318.653 309.22 307.185 319.903 251.871 242.734 240.525 234.64 228.504 227.859 227.564 225.143 210.043 351.08 188.782 186.044 184.457 175.724 174.154 169.15 196.017
threshold=5.5000000000000009 1.0000000180025095e-35 49.65753364562989 0.12701612710952762 47.124916076660163 41.897974014282234 0.23611111193895343 99.80237197875978 1.0000000180025095e-35 0.12701612710952762 1.0000000180025095e-35 38.500000000000007 2.5000000000000004 0.1132478639483452 0.93750000000000011 7.5000000000000009 97.70084381103517 1.0000000180025095e-35 0.47913043200969702 8.5000000000000018 8.5000000000000018 83.457714080810561 70.396453857421889 0.11805555596947671 0.23611111193895343 0.63068181276321422 3.5000000000000004 98.07621002197267 0.73214286565780651 32.500000000000007 7.5000000000000009 4.5000000000000009 0.31666667759418493 4.5000000000000009 69.00656890869142 0.81666666269302379 0.11805555596947671 1.0000000180025095e-35 8.5000000000000018 0.10555555671453477 0.93750000000000011 0.2264957278966904 1.0000000180025095e-35 0.73214286565780651 79.337715148925795 0.44949495792388922 2.5000000000000004 64.310688018798842 89.699382781982436 0.23611111193895343 0.72474747896194469 1.0000000180025095e-35 1.0000000180025095e-35 0.2709790319204331 3.5000000000000004 0.28801843523979193 21.500000000000004 25.500000000000004 10.500000000000002 0.30217391252517706 0.89735862612724315 1.0000000180025095e-35
decision_type=2 2 2 2 2 2 2 2 2 2 2 2 2 2 2 2 2 2 2 2 2 2 2 2 2 2 2 2 2 2 2 2 2 2 2 2 2 2 2 2 2 2 2 2 2 2 2 2 2 2 2 2 2 2 2 2 2 2 2 2 2 2
left_child=1 5 25 12 50 18 17 8 9 11 27 26 15 -10 23 21 39 34 -1 37 -11 -4 45 -12 -25 -2 33 -7 -17 -30 -26 -20 53 -6 -5 -35 -24 -8 42 -15 43 -18 -39 44 -41 -19 -33 -14 -22 -16 -3 -21 -29 -27 56 -38 -55 -23 -37 -36 61 -32
right_child=2 4 3 6 7 10 19 -9 13 20 14 -13 47 16 49 28 41 22 31 51 48 57 36 24 30 32 -28 52 29 -31 60 46 -34 35 59 58 55 38 -40 40 -42 -43 -44 -45 -46 -47 -48 -49 -50 -51 -52 -53 -54 54 -56 -57 -58 -59 -60 -61 -62 -63
leaf_value=-0.073748754537556249 -0.10042383529021409 -0.089344987320402108 -0.066280008311072364 -0.002499371256212744 0.07967391714307144 0.099586315628250516 0.10401559199882865 0.12138974142435151 -0.09394802303161022 0.10993160186159415 0.098510710982731911 -0.06342035061871773 -0.10145607383314431 0.042321003597782014 0.049796445171073067 -0.087588738897793228 0.15884436407971117 -0.074827983132370976 0.05020540689957307 0.051069923832470158 -0.091043542450615175 0.047883228712111134 0.11638237385155509 -0.02745231801675789 0.088693153548910525 -0.098975781869909241 -0.096115670126183314 0.027980614404426063 0.015208923841080444 -0.067149957002615432 0.041232668298786988 0.02279536526974902 0.14949312630490247 -0.020458192153594058 0.0052645965279403397 0.032362901779847783 -0.051719534180861948 0.08910990518777008 0.11156885641747148 -0.031437893736545174 0.05681038659979281 0.025924614360379551 0.017297421237934065 -0.059034562731146538 0.012102121953059155 0.014036557836593071 -0.031116695977258298 0.034738452533663026 0.073904642690380037 0.11271055688706617 -0.047561270748049021 -0.033570458096315696 0.11849726545805915 0.01336320809136486 -0.079734224943126875 0.0022497405479292047 -0.071010119147134135 -0.06248990409701858 0.10633466550445383 0.11390492688143956 -0.061684649694608212 -0.043490534976655545
leaf_weight=707.31128119304776 79644.302366383374 6996.93530212529 754.44428800977767 632.60902417078614 1671.9967865794897 18576.725063858554 5488.7636120449752 3382.2652995698154 1114.5930973459035 7252.9440950378776 1427.7365856803954 2183.0891558490694 15291.202262600884 903.9578501470387 656.1345700956881 5815.6128270812333 183.12167476117611 2026.290277780965 2953.2186602316797 889.51079190894961 195.44488757662475 1470.2692468333989 227.95912361331284 1168.3632531221956 1480.3406382519752 2515.0097693558782 272.96922961063683 276.47815157845616 1208.698202451691 3976.1145053487271 1866.5884244143963 1823.5749829541892 81.69458706304431 1428.1564568951726 175.71444947086275 4003.1365881934762 806.01790603995323 980.90458166413009 1047.3497984837741 4442.3909124806523 538.80870406515896 11958.073514452204 1542.5188171267509 2022.0789357721806 2721.1455820202827 378.5319244004786 1540.7526074517518 130.77935592830181 154.34388895332813 4804.5035830177367 1604.3904132284224 494.09171787649393 45006.546676672995 762.52359037101269 3212.3486969713122 3308.9513918180019 397.61286043561995 168.7980571705848 349.1542679592967 920.71243969723582 227.94353778660297 319.87748925760388
leaf_count=20582 3008464 247842 18306 8362 8890 126947 36192 22607 39409 50652 8327 51268 560848 8481 3387 180061 869 51745 23486 5655 1117 11915 1407 7661 8474 91490 7554 3369 12623 103362 8839 17007 475 23594 1880 22480 14368 6672 7117 58088 2476 61538 12313 35723 22573 5786 25134 2700 1068 32541 35170 5071 332171 18207 98509 28000 11567 2101 2160 6001 1089 1478
internal_value=-0.00442154 0.0648009 -0.0746053 -0.0317182 0.0127991 0.0983105 0.0412737 0.0309228 0.0235311 0.0512202 0.106237 0.0106967 -0.0796431 0.00323011 0.072213 -0.0558571 0.00798707 -0.0058754 0.0127732 0.0795449 0.104034 0.00411466 -0.0228257 0.0445028 0.0292733 -0.0982419 0.0316411 0.112604 -0.068906 -0.0479502 0.0462901 0.0224602 -0.0733071 0.0363206 0.060275 0.0237807 -0.0017758 0.0885099 0.0646755 -0.0147938 -0.020103 0.0279294 0.0452124 -0.0246146 -0.0148988 -0.0608402 -0.00189461 -0.100301 -0.0182603 0.105151 -0.0815511 0.0208444 0.117945 -0.0759498 -0.0627055 -0.00832147 -0.015554 0.0365165 0.0382971 0.0964941 0.0202916 0.0288378
internal_weight=270564 136215 134349 47735.8 53379 82836.1 18919.9 44777.7 41395.4 17511.2 75811.2 9908.5 28815.9 23884.2 11951.5 13393.9 22769.6 8476.79 7024.86 10443.1 7602.73 2393.51 6747.75 6490.85 5063.11 86613.5 7725.41 63859.7 11000.4 5184.81 3894.75 6317.55 6969.19 7452.44 1729.04 5780.45 4342.93 9059.54 3570.77 10628.4 9724.42 12141.2 2523.42 9185.62 7163.54 2404.82 3364.33 15422 349.789 5460.64 8601.33 1383.6 45283 6887.49 4372.49 4114.97 1160.14 1639.07 4352.29 1096.43 2414.41 2186.47
internal_count=5635248 1324051 4311197 1082485 703559 620492 190569 420547 397940 168783 534283 115946 891916 229157 71796 328368 189748 117549 86209 73020 52837 32322 101306 35868 27541 3228712 64678 462487 296046 115985 19880 65627 220248 57124 16243 48234 43775 62294 26102 127341 118860 62407 18985 116384 80661 57531 42141 563548 2185 35928 283012 10726 335540 219773 128283 42368 29774 14016 24640 7881 11406 10317
is_linear=0
shrinkage=0.1


Tree=17
num_leaves=63
num_cat=0
split_feature=0 6 16 25 6 10 16 26 22 26 23 14 16 23 11 8 10 17 11 25 10 26 18 18 8 11 7 25 21 0 14 7 15 16 17 27 18 7 6 16 16 11 0 8 10 16 14 0 22 23 11 21 27 23 11 16 8 23 21 11 18 5
split_gain=110791 18902.4 17726.7 14354 7841.92 5228.07 4619.82 3240.09 1986.78 1619.79 1331.15 1314.31 1117.49 1027.56 1010.18 808.41 767.219 701.067 627.205 536.599 532.78 519.329 840.319 587.874 500.455 466.47 451.183 444.265 422.65 742.625 409.429 426.926 406.082 386.491 327.47 303.029 298.903 456.919 278.92 265.776 258.8 245.835 243.729 243.667 348.131 293.926 227.401 218.094 213.862 213.825 210.586 207.589 242.997 201.761 407.723 329.626 183.44 182.887 240.615 181.638 184.174 179.811
threshold=0.4666274785995484 47.124916076660163 61.181842803955085 1.0000000180025095e-35 45.867485046386726 49.018096923828132 99.052112579345717 1.0000000180025095e-35 2.5000000000000004 1.0000000180025095e-35 0.21111111342906955 5.5000000000000009 96.787097930908217 0.23611111193895343 0.84523808956146251 89.512962341308608 60.943256378173835 99.80237197875978 0.2264957278966904 1.0000000180025095e-35 69.00656890869142 1.0000000180025095e-35 0.15075758099555972 0.11882352828979494 98.213714599609389 0.11805555596947671 20.126582145690922 1.0000000180025095e-35 8.5000000000000018 0.31957960128784185 5.5000000000000009 71.010189056396499 48.900966644287116 97.833908081054702 99.80237197875978 1.0000000180025095e-35 0.054093567654490478 76.63120269775392 39.369100570678718 97.969490051269545 85.127449035644545 0.095454547554254546 0.86401242017745983 97.915760040283217 99.206348419189467 98.092205047607436 4.5000000000000009 0.38690181076526647 3.5000000000000004 0.23611111193895343 0.93750000000000011 7.5000000000000009 1.0000000180025095e-35 0.44949495792388922 0.31666667759418493 79.180648803710952 99.275363922119155 0.23611111193895343 6.5000000000000009 0.73214286565780651 0.73030304908752453 1.0000000180025095e-35
decision_type=2 2 2 2 2 2 2 2 2 2 2 2 2 2 2 2 2 2 2 2 2 2 2 2 2 2 2 2 2 2 2 2 2 2 2 2 2 2 2 2 2 2 2 2 2 2 2 2 2 2 2 2 2 2 2 2 2 2 2 2 2 2
left_child=1 12 8 4 18 39 11 20 15 24 16 17 53 -10 25 -3 -9 21 26 -12 35 22 48 -23 -6 -11 -2 -14 47 -30 31 -27 51 41 50 40 -15 -38 61 -5 -4 -18 57 44 -25 -45 -43 56 -7 -16 59 -21 -53 -1 55 -55 -17 -32 -59 60 -13 -28
right_child=3 2 7 5 9 6 -8 10 13 14 19 34 27 36 49 28 33 -19 -20 32 -22 23 -24 43 -26 30 38 -29 29 -31 42 -33 -34 -35 -36 -37 37 -39 -40 -41 -42 46 -44 45 -46 -47 -48 -49 -50 -51 -52 52 -54 54 -56 -57 -58 58 -60 -61 -62 -63
leaf_value=-0.1012456289718353 0.045635353211290156 -0.081110151342122724 -0.051386003895792287 -0.088021338102573565 0.095574796430857922 0.028462685172800612 0.11053706140210651 -0.066656234001310474 -0.10076923006242658 0.093989093954261096 0.096458087466517795 -0.0051353892156599593 0.0081375424902502824 -0.10233374775574014 0.045630604238105846 0.0092167717424075646 0.080224169783367077 0.13063627928483393 0.094846752073959234 0.025327313471806241 0.10355039262414692 -0.10104703444487484 0.10236814820782424 -0.016756175546670037 0.11610796034654708 -0.0014661275328753979 -0.046984092743993858 -0.067017332001493971 -0.03526803297903703 0.062015376839277173 -0.046383869948152863 0.086594524671493547 0.014733551785216445 0.10083656518872297 0.14698521056779174 0.077741977412207078 -0.044581472335474326 0.11038920298930498 0.025217837779689736 -0.037152407641544226 0.049414757930452274 0.0057027671258716838 -0.068183372980065438 0.017321473329422084 0.15693217837301879 0.069840049670778712 -0.039754023437257133 -0.019668426920337084 -0.10624778294746565 0.10912751676427915 0.049090020804690042 0.20491760498515463 -0.026428843867325448 -0.098428027043821309 0.18379511690078651 -0.053070147268823309 -0.05934191873307483 0.098161522171722235 0.0036927182530266788 -0.058320970195451988 -0.055308672494586479 -0.0098465929353114597
leaf_weight=68247.007756657898 1401.9779309593141 4431.3155687972903 416.91347001120448 3849.4309607371688 16736.116075919941 5575.2680852040648 6244.8963455315679 1903.8064658176154 14985.258732622489 1254.3290529064834 1868.8774441424757 2397.9345128498971 1179.2916574645787 202.10588081553578 604.57738018780947 421.45266953110695 353.74609241448343 628.24403032660484 671.4417586773634 168.44096567295492 7003.3626900576055 440.65190574526787 1903.0461998898536 2804.3166761789471 40825.606800608337 870.39496629685163 2432.5723288320005 2361.8041717465967 2274.9486047457904 1197.8394929599017 412.42473313212395 1498.1374043039978 2793.9963043313473 398.47803774476051 106.83001174405217 1747.0468681659549 372.97192389890552 388.36666140519083 1266.0848359819502 1400.8684790879488 654.65063760429621 4423.2261833492666 484.29187873750925 10439.609583107755 120.35140389204025 1186.7890723794699 1465.0098575074226 2677.8133475724608 120.39545873552561 4318.9607608094811 320.32193199358881 252.8834234289825 55.336977420374751 6149.4544709865004 56.137849962338805 2166.7221978642046 5275.5325415413827 371.99360013380647 979.66905299946666 1999.6599937248975 1052.8369293939322 2809.4723202753812
leaf_count=2866300 15342 140757 8439 139117 120463 35534 46526 54424 601909 7078 11911 36365 27049 5015 2811 6540 2906 3782 4254 1211 50126 18071 14001 21560 327180 4206 42557 75033 57645 13344 3028 8739 23430 1947 507 11873 6890 3302 13656 27630 4869 32542 2751 54561 577 6228 27637 45104 3477 31500 1834 1523 433 243774 443 73198 139676 2000 4305 38770 13650 43938
internal_value=-0.0043219 -0.0658117 -0.0210836 0.0667759 0.0921599 0.0186625 0.0324951 0.0449527 -0.0692484 0.103472 0.0134979 0.0157451 -0.09691 -0.0943331 0.067925 -0.0446724 -0.0106921 0.0264384 0.00205509 0.0537126 0.088775 0.0235406 0.0448374 0.0127461 0.110138 0.0399115 -0.00582144 -0.0419885 -0.0310437 -0.00171289 0.0252197 0.0542337 0.0292875 0.00535275 -0.0264974 0.0520628 0.00577262 0.0344707 -0.0169062 -0.0744486 0.0101962 -0.00074278 -0.00534492 0.0161921 -0.00960882 0.0226824 -0.00560701 -0.0432063 0.0256152 0.101331 -0.0297089 0.114597 0.163382 -0.0994483 -0.0847972 -0.0866103 -0.0542701 0.011906 0.0296917 -0.0343399 -0.0204434 -0.0270803
internal_weight=253423 135894 55733.4 117530 76938.1 40591.5 35341.2 23505.8 32227.6 68356.5 13683.8 29096.3 80160.4 15948.7 10794.8 16278.9 8544.27 23218.7 8581.55 5139.54 9821.97 22590.4 7598.71 14991.7 57561.7 5871.24 7910.11 3541.1 11847.6 3472.79 4616.91 2368.53 3270.66 6640.46 5877.58 2818.61 963.444 761.339 6508.13 5250.3 1071.56 6241.98 2248.38 14551.1 2924.67 11626.4 5888.24 8374.8 5695.66 4923.54 5770.75 476.661 308.22 76619.3 8372.31 8316.18 5696.99 1764.09 1351.66 5450.43 3450.77 5242.04
internal_count=5635248 4539250 1253453 1095998 633808 462190 295443 233271 1020182 514061 157964 248917 3285797 617116 66418 403066 119456 157791 119747 38508 75307 154009 53012 100997 447643 32107 115493 102082 262309 70989 25029 12945 26597 65032 91126 25181 15207 10192 100151 166747 13308 63085 12084 82926 22137 60789 60179 191320 39011 34311 90619 3167 1956 3183715 317415 316972 146216 9333 6305 88785 50015 86495
is_linear=0
shrinkage=0.1


Tree=18
num_leaves=63
num_cat=0
split_feature=4 25 6 16 16 10 14 15 27 16 3 11 24 7 10 11 14 7 17 11 3 17 27 10 16 11 1 18 17 21 27 25 27 22 22 21 16 6 16 11 3 27 16 11 18 16 3 10 11 11 14 15 1 14 11 11 11 2 11 3 21 14
split_gain=139799 12943.4 5691.64 5266.31 4309.13 2019.38 1790.47 1649.28 1122.15 914.214 905.766 1024.56 844.287 829.052 758.703 575.231 553.435 530.862 513.303 428.243 422.071 414.404 531.535 397.47 391.515 387.851 356.321 367.782 367.192 345.513 340.315 329.945 296.603 287.706 278.979 310.873 324.912 263.432 258.595 249.403 233.939 231.879 281.122 230.34 224.286 209.039 205.828 199.819 224.574 194.159 193.752 192.493 184.636 172.964 172.689 218.864 166.164 165.396 164.074 162.859 157.515 155.227
threshold=1.0000000180025095e-35 1.0000000180025095e-35 48.331480026245124 76.885185241699233 98.830371856689467 49.018096923828132 5.5000000000000009 1.0000000180025095e-35 1.0000000180025095e-35 78.283874511718764 18.500000000000004 0.44949495792388922 1.0000000180025095e-35 69.416099548339858 74.464202880859389 0.44949495792388922 8.5000000000000018 42.94755935668946 99.80237197875978 0.81666666269302379 41.500000000000007 85.212245941162124 1.0000000180025095e-35 83.424911499023452 97.22989654541017 0.61250001192092907 24.500000000000004 0.63961037993431102 99.80237197875978 9.5000000000000018 1.0000000180025095e-35 1.0000000180025095e-35 -1.0000000180025095e-35 11.500000000000002 6.5000000000000009 7.5000000000000009 39.455150604248054 37.884435653686531 98.092205047607436 0.10555555671453477 45.500000000000007 -1.0000000180025095e-35 47.233158111572273 0.31666667759418493 0.98275861144065868 97.68778228759767 7.5000000000000009 97.70084381103517 0.2264957278966904 0.10555555671453477 4.5000000000000009 96.437637329101577 22.500000000000004 5.5000000000000009 0.13392857462167743 0.41428571939468389 0.93750000000000011 0.84802827239036571 0.18333333730697635 11.500000000000002 11.500000000000002 5.5000000000000009
decision_type=2 2 2 2 2 2 2 2 2 2 2 2 2 2 2 2 2 2 2 2 2 2 2 2 2 2 2 2 2 2 2 2 2 2 2 2 2 2 2 2 2 2 2 2 2 2 2 2 2 2 2 2 2 2 2 2 2 2 2 2 2 2
left_child=2 5 24 7 6 9 13 10 16 -2 11 -4 -9 23 15 31 47 -6 21 -12 -21 22 29 52 -1 54 27 37 -29 40 38 49 -23 -19 35 -14 -37 -8 58 -39 41 46 -43 -26 -18 -44 -15 48 -7 50 -5 56 -3 -11 -10 -56 -41 -34 -16 -38 -13 -50
right_child=1 4 3 14 17 8 26 12 25 53 19 60 34 18 30 -17 44 33 -20 20 -22 32 -24 -25 43 -27 -28 28 -30 -31 -32 -33 57 -35 -36 36 59 39 -40 51 -42 42 45 -45 -46 -47 -48 -49 61 -51 -52 -53 -54 -55 55 -57 -58 -59 -60 -61 -62 -63
leaf_value=-0.10083801311424496 -0.066888383418768335 -0.017515964298114677 -0.084835076458988162 -0.0042231687879923496 0.014896769033367008 0.10517107477855539 -0.064912694080684688 -0.099441046633364394 0.1106913326500957 0.038980757525207445 -0.087932532634333607 0.0070553853660220781 -0.032995117948328948 0.070034618277514657 0.10716281216749995 0.086564932162259939 0.001185503989544628 0.11102750565387419 0.12661201025688532 0.0030252924563398953 -0.061073138291767359 0.11176718258450269 0.10213232597345404 0.11114151860062259 -0.075981060939232709 0.11344884595770832 -0.088831483413255669 -0.040949887810769088 0.13378421749733446 0.084364835728069118 0.096897655038565955 -0.046743879864513532 0.0083160642299592059 0.013570141168257215 -0.0776311125812882 -0.077665644786010235 0.18459569719141811 0.091600408481006507 0.094789655823401361 -0.0024099287626615823 -0.070912382559708512 -0.088053524070338396 0.019720701539500944 0.11434859253640572 0.11370930460176698 0.1023896140791631 0.026834720151278191 0.096180677472540346 0.068502608820425068 -0.022479411943208558 0.10638753778981012 0.37931905760952267 -0.08732262114265707 0.070637770560243507 0.075719332284815588 0.1018331243182161 0.081792088903216265 0.032989545499512496 0.0026772705453746957 -0.018575441131159501 0.083908771731058596 0.02357728959461472
leaf_weight=70996.258787957951 632.582444075495 2773.1265452206135 1481.0827960930765 287.03341446630657 695.44080139324069 1204.9038891084492 486.77373634278774 14421.560161059722 5400.7503088861704 2808.025508493185 4385.5271632280201 3684.507339278236 452.7210893984884 2439.1475332789123 167.57125544548035 569.1181765794754 1296.7606865912676 6598.8485488854349 586.83014813065529 1325.0952670685947 4570.8704017605633 335.79992899298668 1423.1337962336838 222.54139898344874 5766.5011662896723 37563.29189158231 725.95509819313884 4366.5384686831385 123.67088016867638 1384.2346628047526 1366.9240700900555 2066.0388622544706 8185.6132030934095 317.48834646493196 437.5328435190022 84.765724059194326 215.44417348131537 366.72076273337007 514.71294465661049 3304.7924691047519 219.69715505093336 230.7649795692414 5167.2384793180972 64.294125083833933 205.16409765928984 325.11883829534054 2013.2302460111678 4846.4383131116629 2665.5002640672028 596.78547327034175 353.26768455468118 13.685686502605675 438.86215836182237 4478.5842569507658 6133.1458356417716 6732.7002534940839 252.25297971814871 4066.5604442581534 1457.2291271202266 48.298380313441157 287.49188214540482 1081.017382144928
leaf_count=3280962 13941 36879 53300 2525 6497 7290 14996 640752 41312 16224 153749 50837 7382 12485 949 4612 7922 52863 3756 16554 130077 2633 9369 1288 181622 324324 21032 73098 616 7182 9366 38635 46847 1809 9539 2707 1953 3941 3415 49366 2212 7009 26675 302 1626 1731 9083 36902 16552 3218 2279 184 13051 26200 47153 53002 1308 21843 10684 513 3035 6080
internal_value=-0.00421076 0.0704039 -0.0830288 -0.0517948 0.0292917 0.0961859 0.0160007 -0.0696616 0.10182 0.0484271 -0.0467956 -0.0138507 -0.092636 0.0281151 0.0242248 -0.00628919 0.0730812 0.0981797 0.0341325 -0.0642688 -0.0466673 0.0320283 0.0444057 -0.0180994 -0.0987922 0.107637 -0.0214616 -0.0159753 -0.0361373 0.0374315 0.057922 -0.0222877 0.0190466 0.106554 -0.013412 0.0216566 0.0926507 0.00448738 0.0330207 0.0130671 0.0311818 0.0333861 0.0200713 -0.0738824 0.0165563 0.0246143 0.0505009 0.081746 0.0676174 0.0185563 0.0568031 0.00500156 -0.0270538 0.0584382 0.0956843 0.0893847 0.00356138 0.0165053 0.0134532 0.14739 0.012618 0.0555399
internal_weight=237714 122113 115601 38773.6 47064.1 75048.9 39452.3 31394.9 67129.7 7919.19 15734.6 5453.08 15660.3 29811.9 7378.68 3872.24 11299.8 7611.78 26377.4 10281.5 5895.97 25790.5 13202.6 3434.53 76827.1 55829.9 9640.39 8914.43 4490.21 11779.4 3506.44 3303.13 12588 6916.34 1238.76 801.229 348.508 4424.23 2139.51 3937.45 10395.2 10175.5 5723.12 5830.8 1501.92 5492.36 4452.38 9797.86 4951.42 1237.09 640.301 3570.73 3211.99 7286.61 18266.6 12865.8 3557.05 12252.2 1624.8 263.743 3972 3746.52
internal_count=5635248 1026281 4608967 1146081 427753 598528 366584 1070398 542163 56365 407552 107172 662846 202043 75683 51269 76372 61169 150825 300380 146631 147069 75746 51218 3462886 465791 164541 143509 73714 66377 24414 46657 71323 54672 22094 12555 5173 69795 15048 54799 59195 56983 35415 181924 9548 28406 21568 66824 29922 8022 4804 50858 49930 42424 141467 100155 50674 68690 11633 2466 53872 22632
is_linear=0
shrinkage=0.1


Tree=19
num_leaves=63
num_cat=0
split_feature=4 26 9 16 16 24 9 15 14 14 10 11 3 9 24 16 8 16 8 26 3 3 17 11 22 9 22 16 17 16 17 9 6 16 17 11 15 17 9 6 10 21 22 8 24 16 9 11 16 15 22 3 15 11 11 9 21 1 8 6 17 15
split_gain=122186 14653.2 5805.53 4831.88 3082.26 2241.99 2184.18 1774.68 1011.55 874.16 846.373 842.3 1312.91 643.51 568.411 554.916 516.465 499.975 489.423 442.484 396.009 361.266 350.928 349.294 341.582 337.245 332.705 329.696 305.165 288.084 283.809 266.451 265.089 261.45 250.978 248.302 243.749 242.067 241.955 239.954 267.112 216.317 215.251 210.417 205.803 201.252 198.848 196.086 190.342 186.943 186.393 179.568 178.549 172.222 171.545 170.972 168.339 192.017 153.667 150.745 149.723 148.745
threshold=1.0000000180025095e-35 1.0000000180025095e-35 60.158729553222663 72.240142822265639 66.821704864501967 1.0000000180025095e-35 60.158729553222663 1.0000000180025095e-35 8.5000000000000018 4.5000000000000009 77.581478118896499 0.58571431040763866 24.500000000000004 67.099567413330092 1.0000000180025095e-35 97.575668334960952 89.825496673583999 99.052112579345717 98.07621002197267 1.0000000180025095e-35 15.500000000000002 6.5000000000000009 81.848690032958999 0.2264957278966904 4.5000000000000009 48.834688186645515 6.5000000000000009 97.575668334960952 48.672149658203132 97.833908081054702 99.80237197875978 48.074073791503913 90.595520019531264 91.53735733032228 97.45212554931642 0.11805555596947671 61.298427581787116 98.006622314453139 78.346122741699233 22.378716468811039 23.431372642517093 7.5000000000000009 4.5000000000000009 28.718704223632816 1.5000000000000002 99.760765075683608 53.001201629638679 0.18333333730697635 37.54194641113282 97.446762084960952 7.5000000000000009 53.500000000000007 92.342185974121108 0.44949495792388922 0.15476191043853763 48.074073791503913 8.5000000000000018 20.500000000000004 75.181159973144545 93.063350677490249 91.908679962158217 62.977544784545906
decision_type=2 2 2 2 2 2 2 2 2 2 2 2 2 2 2 2 2 2 2 2 2 2 2 2 2 2 2 2 2 2 2 2 2 2 2 2 2 2 2 2 2 2 2 2 2 2 2 2 2 2 2 2 2 2 2 2 2 2 2 2 2 2
left_child=2 4 27 7 13 9 23 11 17 15 16 32 -13 -2 -9 25 21 22 35 -12 56 36 31 24 44 -3 -17 58 -27 37 38 -7 -4 -23 52 -8 50 -11 -24 -26 -41 43 48 -42 -6 -10 -29 -40 -16 -19 -5 -14 -30 59 -21 -43 57 -15 -1 -37 -54 -48
right_child=1 5 3 10 6 8 18 14 45 29 19 12 51 20 42 26 -18 49 -20 54 -22 33 30 -25 39 28 -28 46 34 -31 -32 -33 -34 -35 -36 53 -38 -39 47 40 41 55 -44 -45 -46 -47 61 -49 -50 -51 -52 -53 60 -55 -56 -57 -58 -59 -60 -61 -62 -63
leaf_value=-0.10075867185243899 -0.084213242198115351 -0.08917577829945135 -0.085113226801750319 0.093238669625088519 -0.055600409716152779 -0.045898015638748568 0.10787609016264993 -0.10013104220022472 -0.019294204485474101 -0.046670425118213663 0.095473195776065722 0.015449953954159351 -0.038086767782152892 0.048095161478831555 -0.083697101156115727 0.090040902893155278 0.088624847127799805 0.093443783383347551 0.11164987524933948 0.10892894303289771 -0.0077085441117869195 -0.08620252341379811 -0.0048765210540191364 0.12374605870976332 0.081774554414179523 -0.099490157672981208 0.017932921603061223 -0.079654362521676528 0.011422219001813127 0.011585188506677191 0.11732674967704507 0.075962971264965914 0.083454478902017362 -0.01580568572975773 0.059141288648816417 0.078082724359161804 -0.010822528914410663 0.061311542948511245 0.1100903171986692 -0.10962146802875017 0.056825615414725597 0.032924764447803019 -0.049448621213101097 -0.014702356447321457 0.086476631532554138 0.045458256001386449 0.13172213575105779 0.034542621457952637 0.10866963561612969 0.013387851395238626 -0.046217501478755356 -0.070726651935663964 0.099274455840605458 0.09687271500736705 0.010428401406961905 0.099266557815673159 0.088505815292178464 -0.042347070434117527 0.23412929487010581 0.029580722522680725 -0.020284715968011735 -0.03324411174997554
leaf_weight=63919.418039839715 459.18551575392485 388.09190695360303 4423.6801893170923 462.9039197601378 576.11450779251754 188.56863831356168 6526.4567394778132 13004.371208414435 2612.3200516086072 5171.9668163973838 1587.4628203995526 3989.3220845386386 2960.7465642429888 3799.3409547768533 70.899075401946902 1263.6039736680686 494.40914889238775 3363.4618877023458 42599.359080277383 200.45378713309765 1453.1821463033557 993.32922071404755 1580.072200672701 479.82447942346334 1259.1589933503419 271.31629170663655 1296.2984663769603 4653.3788688182831 8492.7564804181457 1214.0881673283875 394.17699684202671 3701.2440743986517 95.301391549408436 1125.1632804758847 882.02966189756989 5872.9842054098845 1649.4648238327354 216.28417495265603 361.3676245585084 130.39786149375141 658.72940535657108 848.0361731685698 780.8191981241107 1094.7960030380636 123.87589240819216 588.02927845716476 66.870237184688449 6972.6098919957876 187.38077533617616 319.38968356698751 120.86607713066041 3913.281579669565 108.39877975732088 5403.989935003221 1498.8458984792233 716.82078685611486 990.1212858222425 250.20385789126158 13.704889209941028 719.28006513416767 3105.1525508482009 299.28838597610593
leaf_count=3256921 13458 14353 172485 4598 7873 5277 52515 641967 32651 113087 11581 46021 80188 18173 2363 7673 4343 24125 397896 1209 8767 24610 13658 2922 7008 8010 6728 166738 46467 8181 2546 23866 1097 9660 4414 47194 23306 2999 2215 1004 4003 5212 16496 7444 1018 2847 1465 46284 2045 1801 2220 122695 571 45095 10827 4058 5004 2211 269 5929 21744 5863
internal_value=-0.00411328 0.0666839 -0.0815187 -0.0498855 0.0935706 0.0198839 0.100146 -0.068742 0.0441496 -0.00186017 0.0183396 -0.0452769 -0.0301844 0.0301918 -0.0944441 0.0109039 -0.00822748 0.053922 0.105749 0.0575113 0.0382828 -0.0192311 0.0448309 0.0419759 0.0347207 0.00266784 0.0535264 -0.0987493 0.00543959 -0.0324206 0.0342898 0.0700554 -0.0815583 -0.0488137 0.00770114 0.0921789 0.0088316 -0.042336 0.030618 0.0444116 0.0307703 0.0362871 -0.023272 0.0121678 -0.0304573 -0.00739665 -0.0740712 0.0382651 0.055864 0.0865011 0.0643651 -0.0566682 0.00382531 0.083639 0.0220478 0.0633142 0.0515443 0.0425071 -0.100687 0.0727907 -0.0162518 -0.00311692
internal_weight=222964 116453 106511 37558.7 73961.9 42491.2 67009.8 29425.8 20081.2 22410 8132.9 15382.3 10863.4 6952.03 14043.5 15807.6 4846.14 16880.9 61122.1 3286.76 6492.85 4351.73 13198 5887.75 5407.93 13247.7 2559.9 68952.7 12859.7 6602.34 9308.23 3889.81 4518.98 2118.49 12588.3 18522.7 2233.23 5388.25 8914.05 4707.94 3448.78 3318.38 1039.1 1753.53 699.99 3200.35 5019.54 7333.98 258.28 3682.85 583.77 6874.03 11706.3 11996.3 1699.3 1564.86 5039.67 4049.54 63933.1 6592.26 3213.55 366.159
internal_count=5635248 1026281 4608967 1177711 636784 389497 589171 1085357 155270 234227 92354 422486 248904 47613 662871 109960 68737 119772 548629 23617 34155 64394 93846 40542 37620 95559 14401 3431256 81206 124267 64703 29143 173582 34270 73196 150733 30124 116086 62157 28729 21721 20717 20904 11447 8891 35498 174066 48499 4408 25926 6818 202883 68782 98218 12036 9270 25388 20384 3257190 53123 22315 7328
is_linear=0
shrinkage=0.1


Tree=20
num_leaves=63
num_cat=0
split_feature=4 26 6 16 16 25 8 15 11 17 3 8 26 6 23 8 6 16 11 11 11 10 23 3 16 3 11 7 23 22 23 16 11 0 11 10 1 22 3 25 6 17 10 1 11 7 27 11 11 7 24 11 23 8 26 1 3 1 11 7 22 16
split_gain=106793 13637.3 5656.66 4168.85 3009.44 2112.18 2103.31 1804.55 1126.47 1078.56 777.446 863.389 718.495 662.207 608.056 590.379 550.534 451.189 443.547 562.236 437.851 432.745 390.766 357.39 350.686 326.151 318.176 348.151 309.52 306.44 291.763 272.786 270.131 261.539 253.099 239.52 233.246 229.162 220.88 220.704 201.748 260.267 192.496 191.96 187.239 184.207 180.564 177.807 169.677 168.943 166.781 166.72 164.893 145.684 144.098 143.869 143.806 145.078 136.55 243.834 134.743 134.183
threshold=1.0000000180025095e-35 1.0000000180025095e-35 48.331480026245124 72.240142822265639 67.806350708007827 1.0000000180025095e-35 42.462121963500984 1.0000000180025095e-35 0.93750000000000011 99.80237197875978 18.500000000000004 88.303691864013686 1.0000000180025095e-35 39.369100570678718 0.23611111193895343 98.07621002197267 47.124916076660163 97.22989654541017 0.095454547554254546 0.93750000000000011 0.81666666269302379 77.032970428466811 0.23611111193895343 41.500000000000007 98.092205047607436 18.500000000000004 0.73214286565780651 80.901721954345717 0.23611111193895343 4.5000000000000009 0.23611111193895343 94.767265319824233 0.44949495792388922 0.82171362638473522 1.0000000180025095e-35 72.176685333251967 6.5000000000000009 9.5000000000000018 3.5000000000000004 1.0000000180025095e-35 84.561214447021499 51.693037033081062 73.20508193969728 4.5000000000000009 0.31666667759418493 77.459678649902358 1.0000000180025095e-35 0.10555555671453477 0.44949495792388922 50.31645584106446 1.5000000000000002 0.31666667759418493 0.26136364042758947 93.419914245605483 2.5000000000000004 21.500000000000004 1.5000000000000002 23.500000000000004 0.44949495792388922 91.476997375488295 9.5000000000000018 49.890829086303718
decision_type=2 2 2 2 2 2 2 2 2 2 2 2 2 2 2 2 2 2 2 2 2 2 2 2 2 2 2 2 2 2 2 2 2 2 2 2 2 2 2 2 2 2 2 2 2 2 2 2 2 2 2 2 2 2 2 2 2 2 2 2 2 2
left_child=2 4 17 7 16 8 29 10 22 13 11 -4 21 36 -9 47 -2 -1 35 26 -12 32 -3 -22 54 56 27 61 31 50 -10 45 34 42 49 46 -7 39 55 -30 -16 -42 -24 -40 -19 -14 52 -8 53 -5 -6 -36 -15 -49 -21 -31 -18 -58 59 -29 -54 -20
right_child=1 5 3 12 6 9 15 14 30 -11 20 -13 28 18 40 -17 25 44 19 24 23 -23 33 -25 -26 -27 -28 58 37 38 -32 -33 -34 -35 51 -37 -38 -39 43 -41 41 -43 -44 -45 -46 -47 -48 48 -50 -51 -52 -53 60 -55 -56 -57 57 -59 -60 -61 -62 -63
leaf_value=-0.10011901113346702 -0.08870930254075883 -0.011363435372359438 -0.070463852680038783 -0.0099659210941341891 -0.049979143542163651 -0.0027829845781309447 0.10203011660656974 -0.099435440050173962 0.030441735990503788 0.12169635476389949 -0.085171385021842988 0.016666548030082072 -0.073586079541665003 0.013723048058574345 -0.048597103252768767 0.10997943192198273 0.1239820926118877 -0.071242797601395597 -0.097932006058821797 0.010573704950997151 0.0046466060706875584 0.091062686661190731 0.032856395752568456 -0.055434047580955659 0.06542465815708505 -0.013971026941985321 -0.051081186572220084 0.033273102112103485 0.11840236052281775 0.081404090745586577 0.10259399754339771 0.028720088432372587 0.10138260128693671 -0.005800773029539341 -0.076977078151578171 0.11806760330489485 -0.093053899538749221 -0.046658698009978197 0.043442680482794198 0.018651436850008109 -0.054639056530192125 0.13065637908276267 0.072369738114697477 -0.019042706343742551 0.10173172135087682 -0.011295825380929648 -0.076984311844671971 0.074846294993721571 0.094359422154837877 0.07987331849246182 0.075513839789709089 0.0084636450305098261 0.16385031525325314 0.023355951212089027 -0.074065995830633891 -0.054038180739651533 0.044653435608289598 -0.04855093402682166 0.03014966523429571 -0.063401191157277381 0.042756644642400032 -0.019699431134694467
leaf_weight=58561.247176911682 383.88422711752355 1783.0808464288712 1665.0223858878016 348.31464963406324 534.76471727527678 403.71118024922907 5930.2671325355768 11716.897735254839 653.70840904861689 755.02171174436808 3800.4513973910362 3588.0944242309779 1219.8554475773126 596.64365844614804 564.23921555280685 39139.947993353009 220.51793526858091 5030.8789918646216 228.17315125092864 13108.751054581255 1307.8145375121385 1511.9200839847326 2642.3414725046605 4075.3522856682539 1213.7087213695049 1141.7728165648878 2078.8065932802856 544.52648446895182 326.25427020713687 1700.7616297919303 3928.0977570340037 576.95480574294925 351.19298747740686 957.39360979199409 426.10413954220712 444.03938642889261 983.61866170540452 317.93641905859113 2445.9307778459042 692.84829458035529 131.95146192423999 178.14442848041654 2311.4294571876526 615.33526720665395 63.367887165397406 777.24390962719917 135.605388360098 5928.4143841937184 5139.9838191792369 524.53665187582374 132.05475411564112 492.16714737564325 170.83992666378617 605.62401310354471 204.2793783750385 82.216749619692564 4946.775354700163 172.83938584476709 2439.5527658946812 500.89145259559155 198.83722308464348 5600.7498553059995
leaf_count=3280962 13030 12900 66840 4598 7634 11459 51245 634501 3265 5042 153749 40332 36543 8699 11079 398097 1093 181622 6475 69400 16554 11677 16194 130077 7020 7322 41984 3414 1939 10566 34695 5564 2088 4826 3054 2196 39952 3312 12399 6553 3458 1285 15556 5951 302 6657 1247 49775 45819 3412 1063 2809 1587 5103 1410 1373 24376 1938 21387 2485 1577 76727
internal_value=-0.00401217 0.0631969 -0.0799473 -0.0473982 0.0904811 0.0181696 0.0974104 -0.0657644 0.0530447 0.00370954 -0.0416333 -0.0109502 0.0182171 0.000622048 -0.0934324 0.103139 0.0276492 -0.0976359 0.00402691 0.000923327 -0.0591843 0.0500994 0.0296689 -0.0408377 0.0139663 0.0345404 -0.0157076 -0.00781245 -0.0115713 0.0384302 0.0922997 -0.0318462 0.0211898 0.0420462 0.00546612 0.0560612 -0.0667852 0.0274617 0.0471789 0.0505856 -0.0129863 0.0518098 0.0512933 0.0308827 -0.0690911 -0.0493436 0.0310747 0.0879295 0.0807666 0.0440226 -0.0251269 -0.0311833 0.0462388 0.0700738 0.00927497 0.0751586 0.0449126 0.0415068 0.0171917 -0.0130465 0.098718 -0.0227618
internal_weight=209254 111005 98248.8 34593.3 69121.1 41883.8 62255.3 27028 12276.1 29607.8 14436.7 5253.12 7565.33 28852.7 12591.2 56744.2 6865.79 63655.5 27465.4 25919.4 9183.62 3654.24 7694.25 5383.17 14526.7 6481.91 11392.7 9313.89 3911.09 5511.06 4581.81 2574.05 2142.32 5911.16 1791.12 1545.97 1387.33 1337.04 4844.24 1019.1 874.335 310.096 4953.77 3061.27 5094.25 1997.1 1101.93 17604.3 11674 872.851 666.819 918.271 966.321 6534.04 13313 1782.98 5340.13 5119.61 3484.97 1045.42 369.677 5828.92
internal_count=5635248 1026281 4608967 1146081 636784 389497 589025 1057875 87436 302061 407552 107172 88206 297019 650323 550039 47759 3462886 245608 230302 300380 27638 49476 146631 77830 34729 152472 110488 60568 38986 37960 48764 15961 36576 13873 15306 51411 11804 30289 8492 15822 4743 31750 18350 181924 43200 13110 151942 100697 8010 8697 5863 11863 54878 70810 11939 27407 26314 27286 5899 3164 83202
is_linear=0
shrinkage=0.1


Tree=21
num_leaves=63
num_cat=0
split_feature=4 26 9 16 16 9 25 15 11 17 11 3 9 26 24 8 9 9 11 11 16 0 9 7 11 3 16 3 16 24 1 24 16 21 11 6 22 7 11 21 16 17 1 3 16 9 24 9 3 16 10 7 0 11 7 15 1 11 7 22 25 21
split_gain=93318.7 12603 5768.61 3846.87 2931.87 2275.52 1802.15 1763.65 1052.51 941.846 764.73 1022.82 622.183 607.801 566.44 561.687 520.579 409.356 403.515 462.068 376.444 339.473 308.136 307.942 307.055 303.185 299.638 299.062 287.891 287.457 282.791 276.691 263.837 263.652 253.679 246.847 278.784 239.32 229.009 219.39 218.869 214.692 210.118 208.423 208.229 199.932 196.449 187.793 184.484 178.112 283.989 176.9 219.404 170.623 165.674 165.568 163.315 155.164 152.481 148.454 152.738 160.038
threshold=1.0000000180025095e-35 1.0000000180025095e-35 60.158729553222663 72.240142822265639 70.897583007812514 60.158729553222663 1.0000000180025095e-35 1.0000000180025095e-35 0.93750000000000011 99.80237197875978 0.58571431040763866 39.500000000000007 52.277431488037116 1.0000000180025095e-35 1.0000000180025095e-35 98.07621002197267 60.943256378173835 87.226108551025405 0.095454547554254546 0.93750000000000011 97.575668334960952 0.89735862612724315 88.273490905761733 76.028167724609389 0.31666667759418493 6.5000000000000009 98.092205047607436 5.5000000000000009 92.545253753662124 1.0000000180025095e-35 1.5000000000000002 1.0000000180025095e-35 49.890829086303718 6.5000000000000009 0.11805555596947671 22.378716468811039 6.5000000000000009 88.047618865966811 0.73214286565780651 7.5000000000000009 97.448913574218764 85.372985839843764 6.5000000000000009 4.5000000000000009 65.133895874023452 42.740047454833991 1.0000000180025095e-35 53.001201629638679 43.500000000000007 45.913782119750984 77.849929809570327 78.456192016601577 0.78429833054542553 0.6904762089252473 21.680376052856449 99.783550262451186 21.500000000000004 0.81666666269302379 78.08689117431642 9.5000000000000018 1.0000000180025095e-35 11.500000000000002
decision_type=2 2 2 2 2 2 2 2 2 2 2 2 2 2 2 2 2 2 2 2 2 2 2 2 2 2 2 2 2 2 2 2 2 2 2 2 2 2 2 2 2 2 2 2 2 2 2 2 2 2 2 2 2 2 2 2 2 2 2 2 2 2
left_child=2 4 20 7 16 24 8 10 21 12 37 57 42 17 -9 34 -2 23 22 30 -1 31 -14 43 35 56 33 46 -29 -10 -20 -3 -32 40 -7 -6 -37 -4 41 44 -21 -34 -8 -5 -33 -38 -15 54 53 -16 -51 52 55 -27 -22 -36 -18 -12 -43 60 -48 -62
right_child=1 6 3 13 5 15 9 14 29 -11 11 -13 18 27 49 -17 25 -19 19 26 47 -23 -24 -25 -26 48 -28 28 -30 -31 32 39 38 -35 51 36 45 -39 -40 -41 -42 58 -44 -45 -46 -47 59 -49 -50 50 -52 -53 -54 -55 -56 -57 -58 -59 -60 -61 61 -63
leaf_value=-0.10002631244381294 -0.084865213382805102 -0.0042290264350296879 -0.082893192624633516 0.051010637728414666 0.065435498898250219 0.10317490846414011 -0.0035339664159226669 -0.099293605954929087 0.027719410241689408 0.1173608030090762 -0.018925346946182767 -0.05889041197471815 0.030864588447800628 -0.012200286171819862 -0.082794564542747195 0.10843188022515214 0.060893582201724895 0.085640585092451246 -0.044912944002516435 -0.0038320194954191578 -0.027514191285271168 -0.060871418207688044 0.14201847432520626 0.10436578275699998 0.12321893565407845 -0.032197092949992664 0.061038369220598722 -0.07460743737502179 0.0098967394143819522 0.10005438430593119 -0.095380410563545459 -0.070381505177528211 0.029692009287983129 0.028220564335890482 0.057750921651568324 -0.008609050739168048 0.0030758441026562545 0.044239229507129253 -0.040224201729584977 0.026380851253856447 0.10877299202030273 -0.023773708831611021 -0.092402140853576911 -0.019261703761186594 0.073573145474679524 0.07069413209557579 0.13350163867650736 0.00064366491278142559 -0.069495121120028341 -0.041700288109851644 0.092712449583483958 0.087871864975403405 0.094771979399940476 0.029509786383522169 -0.084165384775959584 -0.0024529625626757102 -0.025728558517428231 0.016827070942382002 0.011610378561557725 -0.033608058320197857 0.020833261113096746 0.2343221896059281
leaf_weight=52722.789583886042 397.26505091041327 1613.2157486751676 3747.6799271628261 617.04685069620609 1364.4894382152706 5616.1723723709583 372.6439764443785 10735.067382588983 647.05017414316535 707.11103767901659 1862.277493333444 4892.0265385843813 1219.2189865037799 1286.2862746454775 306.03597598150373 35732.88142247498 3029.8569336868823 1497.3801861684769 2393.2022186312824 8727.9467344470322 607.64698678813875 414.29656438529491 313.53349312394857 353.57583390176296 367.80969775468111 544.25183846801519 1173.0132309049368 1062.5775394178927 649.6322971843183 3639.7663965374231 319.63747699186206 105.40729778259993 2276.7552744410932 4442.6089959274977 2507.1374280676246 2120.1919092610478 712.79183469712734 154.16067629866302 1375.5229717902839 3298.6740546487272 176.09348896145821 2643.0616450849921 930.14581007882953 1335.6532482393086 2150.6508399806917 1131.2801289912313 239.89079239964485 350.72189359739423 257.54285314306617 413.94848060980439 253.4197810292244 6152.3891325816512 1382.1688534840941 2536.2605657540262 3430.9935915321112 558.57428447157145 234.50031177699566 3486.5222202017903 2258.5547348186374 179.20727759227157 471.56314809247851 37.938377885147929
leaf_count=3257190 14081 11736 171324 3566 8476 52412 11492 641967 3264 5042 48955 171224 11491 22562 10947 396626 16231 11734 34331 48472 24213 2380 1646 2488 2512 3804 7020 25970 7364 34696 9683 2277 25372 21464 22214 17845 3922 2258 28454 17800 874 36259 41655 10855 15283 6496 1417 7328 2754 7875 2082 57760 12744 11372 142525 5216 2319 28725 18806 1930 4153 315
internal_value=-0.00390506 0.0598799 -0.0783447 -0.0454552 0.0874269 0.0948478 0.0166549 -0.0639637 0.0495324 0.00334985 -0.040198 -0.0258446 0.000533181 0.0164361 -0.0926704 0.101427 0.0263119 0.044927 0.00375286 0.000789828 -0.0976838 0.0271413 0.0536018 0.0184931 0.0348494 0.0330014 0.0125816 -0.0111591 -0.0425456 0.0891362 -0.0144064 0.0322283 -0.00617879 0.0083228 0.0859917 0.0287498 0.0161227 -0.0778702 -0.00284555 0.0428163 -0.00160505 0.00431696 -0.0669827 0.00294413 0.0668473 0.0445575 0.013104 -0.0695463 0.0118102 -0.0196267 0.00934027 0.0768879 0.0616946 0.0186077 -0.0756417 0.0467817 0.0546709 0.00437925 -0.00746952 0.0481553 0.0677079 0.03673
internal_weight=196538 105844 90694 33581.9 64645.6 57645.9 41198.1 25851.1 11869.1 29329.1 14142.7 10240.8 28621.9 7730.75 11708.5 51949.3 6999.68 3803.66 27319.1 25786.4 57112.2 7582.24 1532.75 2306.28 5696.56 6602.41 14519.7 3927.1 1712.21 4286.82 11266.7 7167.95 8873.53 13346.6 16216.4 5328.75 3964.26 3901.84 8553.89 5554.73 8904.04 7178.37 1302.79 1952.7 2256.06 1844.07 2214.89 4389.36 3338.06 973.404 667.368 10600.3 4447.88 3080.51 4038.64 3065.71 3264.36 5348.8 4901.62 928.6 749.392 509.502
internal_count=5635248 1026281 4608967 1177711 636784 586223 389497 1085357 87436 302061 422486 248904 297019 92354 662871 546972 50561 28643 243872 230735 3431256 49476 13137 16909 39251 36480 77830 63711 33334 37960 152905 47096 118574 70810 150346 36739 28263 173582 108891 35360 49346 80437 53147 14421 17560 10418 30377 174066 17930 20904 9957 97934 40174 15176 166738 27430 18550 77680 55065 7815 5885 4468
is_linear=0
shrinkage=0.1


Tree=22
num_leaves=63
num_cat=0
split_feature=4 26 6 16 16 8 26 25 11 17 14 8 7 24 16 8 14 16 6 18 21 16 17 27 1 24 1 26 26 18 21 7 15 7 11 11 22 27 22 27 11 11 11 11 17 18 17 27 11 24 7 6 21 16 15 21 6 22 27 26 11 21
split_gain=81493.2 11620.4 5567.67 3267.92 2843.99 2251.21 1661.09 1536.04 977.409 823.143 787.156 671.415 615.322 546.228 451.964 403.305 351.084 346.104 350.076 396.857 465.524 487.897 331.677 289.939 287.897 283.214 279.67 263.689 256.264 248.887 246.1 243.619 229.529 236.623 265.945 229.224 226.868 225.48 214.656 248.448 202.644 201.508 218.814 192.41 192.403 191.31 259.585 190.11 181.795 171.731 162.441 180.828 161.821 154.339 151.779 146.827 146.616 142.304 139.961 597.893 137.707 136.557
threshold=1.0000000180025095e-35 1.0000000180025095e-35 46.247655868530281 87.194396972656264 64.01581192016603 43.826219558715827 1.0000000180025095e-35 1.0000000180025095e-35 0.84523808956146251 99.80237197875978 8.5000000000000018 98.07621002197267 82.972846984863295 1.0000000180025095e-35 97.575668334960952 77.032970428466811 9.5000000000000018 98.295398712158217 41.206792831420906 0.70710784196853649 6.5000000000000009 97.22989654541017 57.795139312744148 1.0000000180025095e-35 21.500000000000004 1.0000000180025095e-35 6.5000000000000009 1.5000000000000002 1.0000000180025095e-35 0.11882352828979494 5.5000000000000009 76.028167724609389 97.067424774169936 38.924964904785163 0.18333333730697635 0.27922078967094427 8.5000000000000018 1.0000000180025095e-35 6.5000000000000009 1.0000000180025095e-35 0.58571431040763866 1.0000000180025095e-35 0.31666667759418493 0.10555555671453477 97.22989654541017 0.58957219123840343 94.349296569824233 1.0000000180025095e-35 0.44949495792388922 1.0000000180025095e-35 20.126582145690922 40.862709045410163 6.5000000000000009 47.84466743469239 53.671373367309577 7.5000000000000009 93.063350677490249 12.500000000000002 1.0000000180025095e-35 1.5000000000000002 0.31666667759418493 7.5000000000000009
decision_type=2 2 2 2 2 2 2 2 2 2 2 2 2 2 2 2 2 2 2 2 2 2 2 2 2 2 2 2 2 2 2 2 2 2 2 2 2 2 2 2 2 2 2 2 2 2 2 2 2 2 2 2 2 2 2 2 2 2 2 2 2 2
left_child=2 4 14 6 15 24 12 8 16 10 17 43 23 -8 -1 -2 32 18 -9 20 21 29 26 40 50 -10 -14 35 31 -20 -17 41 33 -3 -35 47 53 57 44 -40 -4 -5 -43 -7 45 46 -31 -22 56 -36 -6 -52 -51 -15 -55 -44 61 -19 -21 -60 -16 -45
right_child=1 7 3 28 5 11 13 9 25 -11 -12 -13 22 36 60 30 -18 37 19 58 27 -23 -24 -25 -26 -27 -28 -29 -30 38 -32 -33 -34 34 49 -37 -38 -39 39 -41 -42 42 55 48 -46 -47 -48 -49 -50 52 51 -53 -54 54 -56 -57 -58 -59 59 -61 -62 -63
leaf_value=-0.099617423094115365 -0.064757140308147818 -0.015560389417648209 -0.08111412820127345 0.058072145066540383 0.071210932965276502 0.09787319754053514 -0.096046090570437115 -0.067598860590167953 0.02510764783256398 0.11329166586381811 -0.039964242649204514 0.1070006384089634 -0.0086818081647602619 -0.084834917201999316 -0.067380546960125132 0.0047017224489575762 -0.019927710278812436 0.071716217163607821 -0.10093958429430504 -0.012182761669892624 0.1494890478137352 0.10731468015381321 0.075170590750040525 0.011841395804122676 -0.07109563628642579 0.097599150970936355 -0.043314541641019708 -0.012811737627026854 0.0043528475339626926 -0.0014281633174071937 0.045936700922545058 0.087644462049354319 -0.028452963454125898 0.090365638457213113 -0.0041722627474821304 0.041215358927173568 -0.094084798879110143 -0.064853384347508633 0.021101735769607697 0.15273659697675362 -0.040665416984061176 -0.073705252273020577 0.072082616076923844 0.05367562709841165 0.066222440695863846 -0.024918465128659074 0.091035006532214455 -0.044300883248692656 0.089039751201856018 0.080306924485894729 0.017600318582873073 0.068177622465299167 0.030250405342946731 0.096878891439363596 -0.008211609650362937 -0.034448119393632459 0.017386989605873662 -0.0030630715975833839 -0.11693652424204404 0.24782408849537899 0.10832067298869 0.08625634608370164
leaf_weight=47761.191787254065 495.92146083526313 646.38571245968342 3954.9862526813522 955.74128412362188 1107.2219640817493 4969.3861939720809 9611.9696905175224 665.81840540841222 641.38567276299 661.62167417258024 4118.3059855774045 32994.672292672098 4817.5404458986595 130.75365515239537 4183.2489355243742 2447.9403919707984 1419.0525520630181 1444.4287655651569 248.62699933350086 5305.4545392990112 340.24838029779494 424.30502880364656 339.55212321039289 487.89283524826169 257.81239159218967 3374.144553810358 4518.8084286069497 836.3048203997314 2504.0561523567885 3958.8304335679859 3541.0626072082669 1010.4551849216223 515.82001539319754 1171.3455659132451 836.29382318630815 3977.3426795359701 275.98076132778078 161.74663096666336 1354.731622049585 160.3527299836278 1803.331555146724 322.96135038789362 329.5354602560401 2945.9384240973741 355.46508979052305 3911.7387025449425 328.8491780962795 59.470314878970385 4514.0126103684306 979.86857386678457 3366.8653285130858 894.75024449639022 1894.4103947356343 236.19274593982846 328.67395264934748 213.00266385823488 645.45355016738176 308.90370950847864 366.98231394775212 51.207809809595346 45.088267035782337 2283.7044539824128
leaf_count=3246526 13745 5793 190114 8626 6743 49939 609870 29718 3267 5042 92225 398960 87479 5105 172456 13326 9766 8546 8294 40987 3084 2440 3031 6756 5207 34712 147483 7139 34310 26109 18308 8905 2763 8004 4956 25820 8242 986 8789 840 67302 1792 1771 27780 2040 32592 1985 513 45898 7687 23140 6662 10488 2818 5064 1102 5931 1812 2829 271 215 21145
internal_value=-0.00379339 0.0567083 -0.0766747 -0.0437444 0.0844776 0.0919947 -0.0581181 0.0152698 0.0462388 0.003029 0.000458368 0.098961 -0.0377081 -0.0888232 -0.0968432 0.0219062 0.0248345 0.00732016 0.00382355 0.00601703 0.0141203 0.00222146 -0.0219133 -0.0621755 0.0321287 0.0860204 -0.0254441 0.0386395 0.0276577 -0.00210002 0.0290823 0.0482661 0.0353438 0.0412964 0.0488245 0.0484701 -0.0173682 0.0481197 0.000340328 0.0350336 -0.0684468 0.0264184 -0.00853578 0.0816895 -0.00580392 -0.00892644 0.00566342 0.120657 0.0739484 0.0357108 0.0370855 0.0282193 0.0473151 0.0130684 0.0357308 0.0302582 0.0623533 0.0585415 -0.016573 -0.0722712 -0.065507 0.0679031
internal_weight=184815 100984 83831 31841.4 60464.7 53979.8 26505.7 40519.4 11478.7 29040.7 28379.1 48353.2 15922.1 10583.6 51989.5 6484.92 7463.18 24260.8 22345.7 21679.9 15956.3 10742.9 9675.9 6246.21 5626.65 4015.53 9336.35 5213.37 5335.75 10318.6 5989 2831.7 6044.12 5528.3 4881.92 4377.06 971.601 1915.08 10070 1515.08 5758.32 1821.24 865.499 15358.5 8554.88 8199.42 4287.68 399.719 10389.1 3710.57 5368.84 4261.62 2874.28 695.62 564.867 542.538 5875.1 1753.33 5723.64 418.19 4228.34 5229.64
internal_count=5635248 1026281 4608967 1189770 636784 591405 1133264 389497 87436 302061 297019 549653 502165 631099 3419197 45379 49457 204794 193450 163732 119645 83089 237993 264172 41752 37979 234962 36556 56506 80649 31634 22196 39691 36928 31135 29417 21229 11344 72355 9629 257416 13291 4665 150693 62726 60686 28094 3597 100754 23131 36545 29802 18175 12987 7882 2873 54856 10358 44087 3100 172671 48925
is_linear=0
shrinkage=0.1


Tree=23
num_leaves=63
num_cat=0
split_feature=4 23 9 16 16 9 15 23 14 25 8 3 7 8 9 17 18 23 9 22 16 17 10 16 10 16 23 18 17 16 3 18 16 15 3 14 3 16 3 17 18 18 9 10 1 3 27 15 3 22 16 7 17 14 25 16 18 16 10 16 3 7
split_gain=71023.8 9620.2 5733.88 3144.31 3050.08 2080.28 1215.67 1367.55 1175.97 768.672 668.773 1000.67 600.944 582.076 535.798 489.422 458.096 459.917 390.043 356.669 355.135 308.314 283.934 271.702 298.716 269.244 285.732 310.539 283.622 255.573 241.608 222.665 351.153 210.702 199.301 193.661 192.979 192.4 190.186 178.642 176.937 383.695 255.423 172.969 169.963 165.169 161.16 157.66 151.251 148.649 158.736 148.647 148.056 147.262 146.284 140.146 137.314 137.704 135.111 134.926 131.979 174.005
threshold=1.0000000180025095e-35 0.88194444775581371 57.359306335449226 99.052112579345717 86.217220306396499 60.158729553222663 1.0000000180025095e-35 0.19090909510850909 8.5000000000000018 1.0000000180025095e-35 90.054946899414077 27.500000000000004 84.29276275634767 98.213714599609389 48.074073791503913 99.80237197875978 0.70710784196853649 0.26136364042758947 76.253131866455092 7.5000000000000009 97.22989654541017 82.940685272216811 97.498435974121108 64.357818603515639 72.281322479248061 97.311748504638686 -1.0000000180025095e-35 0.18350168317556384 46.195203781127937 77.286670684814467 6.5000000000000009 0.81534090638160717 98.441547393798842 1.0000000180025095e-35 6.5000000000000009 5.5000000000000009 3.5000000000000004 45.913782119750984 45.500000000000007 96.67456436157228 0.98275861144065868 0.8834841549396516 62.622549057006843 97.498435974121108 22.500000000000004 47.500000000000007 1.0000000180025095e-35 97.446762084960952 4.5000000000000009 9.5000000000000018 93.03940582275392 21.132376670837406 97.22989654541017 8.5000000000000018 2.5000000000000004 94.925979614257827 0.71714287996292125 97.833908081054702 98.07621002197267 46.60924148559571 7.5000000000000009 74.601570129394545
decision_type=2 2 2 2 2 2 2 2 2 2 2 2 2 2 2 2 2 2 2 2 2 2 2 2 2 2 2 2 2 2 2 2 2 2 2 2 2 2 2 2 2 2 2 2 2 2 2 2 2 2 2 2 2 2 2 2 2 2 2 2 2 2
left_child=2 3 20 8 6 29 10 23 9 18 60 -12 40 58 -11 16 17 25 -2 30 -1 -19 34 -8 -25 26 27 33 -28 -3 37 32 49 38 -6 59 -31 -9 -16 -23 41 42 -5 -13 56 -45 -33 -43 -26 50 -18 -22 54 -39 -30 -36 57 -10 -7 -20 61 -4
right_child=1 5 4 12 22 13 7 19 44 14 11 43 -14 -15 15 -17 31 21 35 -21 51 39 -24 24 48 -27 28 -29 52 36 -32 46 -34 -35 55 -37 -38 53 -40 -41 -42 47 -44 45 -46 -47 -48 -49 -50 -51 -52 -53 -54 -55 -56 -57 -58 -59 -60 -61 -62 -63
leaf_value=-0.09967492769482067 0.0065288303307390674 -0.068186481432699272 -0.06533219465933196 0.01744857943589392 0.030604689073573266 0.076599434368325101 -0.09996629082522912 -0.060958109162319432 -0.015466670499816549 -0.064345598036077867 0.011622150224005978 -0.078089743085919455 0.095539290348599051 0.10742693803998243 0.029301173027353019 0.11387764360798847 0.050641356237785373 0.074383354297518675 -0.0034510775418597414 -0.081136589530806394 -0.018480773105472127 0.01832483675206896 0.07090945493680316 -0.084553392903596633 0.070245584632699448 0.079725623910874274 -0.098566417957743846 0.094234566437208886 0.0016453944198939992 0.059970907935873979 -0.039247680372981451 -0.034392037154625681 0.072947482003835482 -0.10605544106709242 -0.0510231090754815 0.020300385660179651 0.01610396852818417 0.092742032728048276 -0.067813969298641877 0.097332624297953266 0.10407453237243203 0.01458900679906254 0.076850153603409854 -0.0030858235737438898 -0.080959591732045005 -0.050834275842754129 -0.15177651088011662 -0.069892261133463682 -0.037986827041767146 0.029432295321536264 -0.01957915541874964 -0.075808399945291469 0.060285684611767379 -0.01268430439006661 0.081111973463471501 0.0076223942053101571 -0.046897668450689586 0.066901847326927874 0.11049477703230109 0.080254721429533715 -0.089491887606968953 0.065663468671207023
leaf_weight=42696.426960247569 1352.8266583699733 266.98160644620657 456.37141262833029 1030.541951648891 2792.6057896893471 10511.049305535853 8742.514554399997 125.62780621089041 4176.6206319890916 824.7644760645926 4532.7059449469671 1680.6825421405956 6031.2358113974333 24346.139935187995 4890.5951786711812 516.16773226857185 347.62111829034984 2431.2706211376935 202.80331432819366 390.08811626769602 522.56830290425569 2724.3629947919399 1070.4527205303311 1187.8625880721956 215.01282531861216 616.28780905529857 266.66381044406444 674.83983881771564 10636.352722705342 1611.2500087954104 386.7069521760568 846.72434475086629 605.92989287525415 125.11749437823892 608.95453203655779 738.0676084458828 2655.8753461427987 667.17540672142059 210.32561194710433 319.77402058243752 522.63657998293638 827.90453881025314 2432.5563261732459 935.59717623703182 501.37752234376967 3210.0733107849956 135.70496418513358 301.2937947511673 323.20181613229215 926.7419452406466 4354.0216478034854 3363.7747560041025 477.2105446383357 165.32444759178907 236.80461765266955 1231.6370329959318 1456.5052323266864 213.33339258097112 1324.165497995913 3815.6539133638144 2244.92148655653 130.3694441318512
leaf_count=3205975 10433 8492 21766 8309 29068 111040 634754 4997 74609 35379 60927 78259 69496 327389 24901 4472 2769 17771 1195 9410 22805 19437 8439 60270 3147 3812 10046 7071 79567 10328 7984 5675 3636 843 13804 4377 14570 5861 2349 2005 4581 4729 20078 20670 17666 117707 1094 1637 4756 6576 34731 156894 2843 3409 1722 9489 18502 1113 15430 35608 125578 2998
internal_value=-0.00367257 0.053626 -0.0748423 0.0266463 -0.0415905 0.0905818 -0.0564327 -0.0791801 0.0147794 0.0213903 -0.0353878 -0.0236154 0.0741562 0.0985835 0.0152145 0.0173081 0.0156911 0.0224308 0.0539075 0.0030505 -0.0970407 0.047831 0.0244912 -0.0928079 -0.0565511 0.0147615 0.0124761 0.0303956 0.0033738 0.0267293 0.0274701 -0.00635803 0.000614846 0.0221521 0.0137668 0.0673827 0.032668 0.0543979 0.0252968 0.0266243 0.0489424 0.042668 0.0591736 -0.051029 -0.0250832 -0.0400584 -0.0506066 -0.00795237 0.00525123 -0.0071722 -0.0143873 -0.0681 0.00576877 0.0718056 0.00337608 -0.0117803 -0.0202914 -0.0114639 0.0803918 0.0760303 -0.0784548 -0.0362259
internal_weight=174167 96486.1 77680.7 55770.6 31097.9 40715.5 25394.2 12203.5 44624.5 38276.6 13190.7 10359.1 11146.2 36181.4 32167.3 31342.5 30826.3 23609.6 6109.35 1734.92 46582.8 5475.41 5703.65 10468.6 1726.08 18134.2 17517.9 5900.88 11617 4534.11 1344.83 7216.74 6234.31 5226.04 4633.2 4756.52 4267.13 958.128 5100.92 3044.14 5114.93 4592.3 3463.1 5826.35 6347.84 4145.67 982.429 1129.2 538.215 5628.38 4701.64 3886.34 11350.4 832.5 10873.2 1840.59 5846.46 4389.95 11835.2 4018.46 2831.66 586.741
internal_count=5635248 1026281 4608967 539032 1223293 487249 1162493 734588 430202 318312 427905 277563 108830 453859 266699 231320 226848 172367 51613 31661 3385674 39213 60800 702927 68173 133154 129342 35164 94178 33390 22251 54481 47712 28093 52361 41180 24898 14267 27250 21442 39334 34753 28387 216636 111890 138377 6769 6366 7903 44076 37500 179699 84132 9270 81289 23293 94224 75722 126470 36803 150342 24764
is_linear=0
shrinkage=0.1


Tree=24
num_leaves=63
num_cat=0
split_feature=1 27 9 16 9 9 16 26 21 22 24 26 16 8 3 26 3 16 7 24 18 3 21 18 16 8 26 11 11 11 14 15 10 3 22 14 7 9 21 7 0 10 3 3 16 11 18 26 18 18 22 3 15 27 10 15 8 26 18 7 18 24
split_gain=46434.6 9462.91 8998.93 6371.67 3555.43 2799.12 2299.05 1267.24 1565.87 1227.17 1174.85 769.765 745.938 716.593 620.049 577.144 642.022 540.887 488.696 466.468 451.957 418.603 416.746 478.254 411.412 403.873 390.658 353.096 321.668 311.77 309.452 287.605 234.253 229.037 227.338 223.24 209.565 283.635 254.51 198.198 232.851 194.211 186.019 181.863 176.598 174.8 265.531 166.023 405.042 259.828 197.007 187.537 164.27 230.391 191.111 164.099 161.76 157.912 154.075 225.512 150.965 138.713
threshold=5.5000000000000009 1.0000000180025095e-35 57.359306335449226 61.181842803955085 64.346244812011733 52.73088455200196 98.441547393798842 1.0000000180025095e-35 7.5000000000000009 2.5000000000000004 1.0000000180025095e-35 1.0000000180025095e-35 95.67297744750978 98.07621002197267 11.500000000000002 1.5000000000000002 41.500000000000007 96.019802093505874 59.122919082641609 1.0000000180025095e-35 0.84807693958282482 6.5000000000000009 7.5000000000000009 0.77097901701927196 97.575668334960952 77.849929809570327 1.0000000180025095e-35 0.64583334326744091 0.10555555671453477 0.31666667759418493 4.5000000000000009 95.565387725830092 77.581478118896499 3.5000000000000004 9.5000000000000018 8.5000000000000018 24.068965911865238 48.074073791503913 6.5000000000000009 78.456192016601577 0.78429833054542553 81.302967071533217 25.500000000000004 64.500000000000014 87.817783355712905 0.31666667759418493 0.13714733719825747 1.0000000180025095e-35 0.29520697891712194 0.11882352828979494 7.5000000000000009 7.5000000000000009 55.453865051269538 1.0000000180025095e-35 64.747306823730483 97.067424774169936 24.068965911865238 1.0000000180025095e-35 0.054093567654490478 72.281322479248061 0.65942031145095836 2.5000000000000004
decision_type=2 2 2 2 2 2 2 2 2 2 2 2 2 2 2 2 2 2 2 2 2 2 2 2 2 2 2 2 2 2 2 2 2 2 2 2 2 2 2 2 2 2 2 2 2 2 2 2 2 2 2 2 2 2 2 2 2 2 2 2 2 2
left_child=1 5 17 9 29 12 15 13 31 14 18 -8 -1 28 25 16 22 45 32 -11 -13 34 24 35 30 -4 42 -16 -6 36 47 61 44 -19 52 -24 -3 -38 -39 40 -30 -23 -20 -29 -5 -2 -47 48 51 -49 -51 -7 -12 -54 -55 -22 -14 -40 -21 -60 -32 -9
right_child=2 4 3 10 7 6 11 8 -10 19 21 20 56 -15 27 -17 -18 33 26 58 55 41 23 -25 -26 -27 -28 43 39 -31 60 -33 -34 -35 -36 -37 37 38 57 -41 -42 -43 -44 -45 -46 46 -48 49 -50 50 -52 -53 53 54 -56 -57 -58 -59 59 -61 -62 -63
leaf_value=-0.089860772264085245 -0.098363117923984944 0.030344617900886536 -0.07149066023843835 -0.085146064506084487 0.098871146689344797 0.040816399075631907 0.097469402949275474 0.089993736530746854 -0.053035346426186569 -0.099522046704109801 0.091973846357057951 0.069422352135884574 0.052760160548501779 0.1057537428853117 -0.091284880276475328 -0.037844661701824517 -0.046730281377644289 -0.007788944270095681 0.090521100205640609 -0.10323882570538752 0.02399275728696804 -0.029747786237785942 0.055552849775567383 -0.0024882231092342101 0.069199042692968477 0.018775428565197389 -0.0024458969211108182 -0.029366901433331 0.021442343720081917 0.082938349541478912 -0.0023159886511654377 -0.060890148581849546 0.12582616965119431 -0.070168647434924389 0.003282222708483537 0.0011690242161657 -0.033156857682712912 -0.038048740918297692 0.065247697721683401 0.076256749684938577 0.080520881287719059 0.052931281380306616 -0.054453508584316968 -0.072866494958182912 -0.020994101117526649 -0.082047130199731685 0.23124455495770524 -0.097229371541610515 0.10034139711237465 0.0041612300529916321 0.080872696520521814 0.00065614429176628322 0.020407236871858039 0.025662629232153997 0.083512018413613553 -0.035171472855502386 -0.022893718136827338 -0.06676325432997561 -0.05595374410318224 0.064637582899845211 -0.040583675871088687 -0.073198682442461402
leaf_weight=3047.7775113796815 36659.12993088644 1599.2203923733905 635.45166668575257 1013.8874760139734 3460.902168771252 1885.1399755971506 4261.2181252669543 2601.3301583267748 1312.5659232353792 7681.5712472852319 1674.8716509398073 2256.8523344025016 391.86680293176323 22999.397717703134 2032.1008821921423 2389.0599365811795 1697.3586962195113 750.84027137607336 718.82262750621885 169.77710862923414 1514.7009230237454 870.41821956913918 5757.7676955824718 2557.1338422223926 1067.3860405925661 2253.3899175729603 4454.5448730280623 3441.5431973217055 1927.051091466099 491.62457218766212 2426.5274341460317 138.89181927964091 72.17187634203583 2723.9521721191704 655.16107000783086 868.6781892022118 2476.0970615074039 468.20971514750272 876.9455951359123 3899.4423707611859 1020.4083651974797 421.77733838930726 100.93384286295623 1333.5237759044394 743.98098211921751 81.955268897116184 40.383575638756156 245.83535436913371 644.7126078819856 9577.6288221981376 346.90668735001236 3034.4471767190844 1333.1193820955232 746.21788175124675 2433.0133007057011 678.93106522224844 1013.7934250505641 101.05621633864939 310.49559711385518 309.79972526058555 1792.3520382270217 53.149849344044924
leaf_count=225632 2969905 22001 32303 56090 40095 12631 53828 25504 11097 589730 14600 16084 8901 334844 121933 31682 57271 27042 7252 7322 10472 11142 47616 21736 7709 29569 50138 109443 19470 4435 50260 1210 599 136440 7053 13369 52397 6114 9107 43937 11235 3914 1132 55625 16578 6259 800 18517 7818 57461 2230 25981 11653 6465 25864 4330 28271 1656 8825 3521 38679 471
internal_value=-0.00355665 0.0442692 -0.0625623 -0.0241941 0.0780012 0.0134016 0.0212172 0.0894724 0.0370545 -0.0641921 0.0234911 0.067091 -0.0620667 0.0959342 -0.0398986 0.00956284 0.0131131 -0.0944021 -0.00622008 -0.0919965 0.0380046 0.0494393 0.016476 0.0342473 0.00871211 -0.00108019 0.0092291 -0.0563725 0.0740242 0.00662875 0.00547645 0.0793864 -0.0507457 -0.0566895 0.0592974 0.0484235 -0.000165682 -0.0126055 0.0225811 0.0614648 0.0418953 -0.00276104 0.0726709 -0.0415149 -0.0579951 -0.0979649 0.0213692 0.0119249 0.0258122 0.00432704 0.00684264 0.0160452 0.0652289 0.0553018 0.0699338 0.00568138 -0.0018031 0.0516071 -0.018829 0.00427428 -0.0185737 0.0867262
internal_weight=164545 90882.4 73662.8 33406.6 43426.3 47456.1 43002.6 37413.1 4105.94 18167.7 15238.9 8711.7 4453.44 33307.2 9696.01 34290.9 31901.9 40256.3 7104.34 8471.64 4450.48 8134.58 30204.5 9183.58 21020.9 2888.84 5274.3 6807.17 10307.8 6013.15 19953.6 2793.37 1830.04 3474.79 6842.38 6626.45 5521.53 3922.31 1446.21 6846.9 2947.46 1292.2 819.756 4775.07 1757.87 36781.5 122.339 15734.7 5564.3 10170.4 9924.54 4919.59 6187.22 4512.35 3179.23 2193.63 1405.66 978.002 790.072 620.295 4218.88 2654.48
internal_count=5635248 1324051 4311197 1170751 583573 740478 477674 487863 38282 958271 212480 84714 262804 449581 348873 392960 361278 3140446 131789 609398 30886 80691 304007 82721 221286 61872 58522 287001 114737 95710 213577 27185 73267 163482 65635 60985 91275 69274 16877 74642 30705 15056 8384 165068 72668 2976964 7059 124638 46430 78208 59691 38612 58582 43982 32329 14802 37172 10763 19668 12346 88939 25975
is_linear=0
shrinkage=0.1


Tree=25
num_leaves=63
num_cat=0
split_feature=4 26 9 18 16 9 26 23 8 25 11 7 3 14 16 26 17 6 27 17 15 18 11 23 9 9 11 17 3 3 18 3 3 11 11 0 15 9 11 14 7 3 22 9 7 26 11 8 23 24 27 7 16 18 17 18 16 11 26 11 7 0
split_gain=54619 9176.4 5522.84 2508.86 2296.39 2123.26 1620.31 1018.54 699.068 697.886 719.951 606.747 595.84 438.275 389.633 347.398 310.932 307.162 299.553 488.317 380.501 310.689 284.679 277.263 272.704 265.233 257.525 255.015 250.864 246.922 223.833 215.182 206.726 203.379 187.366 181.048 173.688 173.241 225.864 195.091 165.062 158.945 182.04 157.106 156.403 151.215 146.293 150.367 145.981 144.627 230.552 143.212 182.094 284.501 175.48 195.991 218.753 141.827 136.89 134.394 133.813 230.5
threshold=1.0000000180025095e-35 1.0000000180025095e-35 57.359306335449226 0.28801843523979193 78.283874511718764 61.651582717895515 1.0000000180025095e-35 0.21111111342906955 98.07621002197267 1.0000000180025095e-35 0.84523808956146251 82.972846984863295 41.500000000000007 8.5000000000000018 97.22989654541017 1.0000000180025095e-35 48.672149658203132 42.462121963500984 1.0000000180025095e-35 89.861457824707045 83.189559936523452 0.41885964572429663 0.11805555596947671 0.23611111193895343 48.834688186645515 87.226108551025405 0.095454547554254546 97.22989654541017 5.5000000000000009 5.5000000000000009 0.73030304908752453 4.5000000000000009 15.500000000000002 0.44949495792388922 0.44949495792388922 0.76043426990509044 61.123241424560554 68.801231384277358 0.10555555671453477 2.5000000000000004 86.319076538085952 4.5000000000000009 3.5000000000000004 67.099567413330092 93.40579986572267 2.5000000000000004 0.2264957278966904 21.680376052856449 0.44949495792388922 2.5000000000000004 1.0000000180025095e-35 69.416099548339858 97.575668334960952 0.73508772253990184 97.57275772094728 0.64852941036224376 91.813587188720717 0.6904762089252473 1.5000000000000002 0.18333333730697635 73.499401092529311 0.76043426990509044
decision_type=2 2 2 2 2 2 2 2 2 2 2 2 2 2 2 2 2 2 2 2 2 2 2 2 2 2 2 2 2 2 2 2 2 2 2 2 2 2 2 2 2 2 2 2 2 2 2 2 2 2 2 2 2 2 2 2 2 2 2 2 2 2
left_child=2 3 14 17 6 28 11 13 22 10 35 32 41 16 -1 25 -3 -2 21 20 -20 36 -7 -8 -18 31 43 59 -5 -19 -29 -6 33 -4 44 49 -11 -17 -39 -40 -36 -13 -43 -26 60 51 47 -16 -22 -9 -51 -28 54 -54 55 -53 58 -31 -57 -23 61 -24
right_child=1 7 4 5 15 8 23 9 -10 18 -12 12 -14 -15 46 37 24 29 19 -21 48 27 34 -25 26 -27 45 30 -30 57 -32 -33 -34 -35 40 -37 -38 38 39 -41 -42 42 -44 -45 -46 -47 -48 -49 -50 50 -52 52 53 -55 -56 56 -58 -59 -60 -61 -62 -63
leaf_value=-0.099075754440542799 -0.069837884827534044 -0.097136740908348881 -0.065535778923387383 0.044168829924257358 0.059257719971886981 0.09624322702408232 -0.096541631778549242 0.049742490714049126 0.10360594006374867 0.11459044721897466 0.091987495277320711 0.044064548423376232 -0.048547865619181542 -0.03855331715425666 -0.018373945187787892 -0.05310355640643083 -0.066293746082924584 0.047204809264651759 -0.012097615386787079 -0.073159628748686659 0.15835194287298404 0.053466621777670344 0.013147338728234148 -0.02212368534379518 0.0035099452306958539 0.074166090118089834 -0.025074740568603905 0.11390662117002047 0.00024003974640453898 -0.033402666515216554 0.025159379373356251 -0.0071898284165847247 -0.079463730563790219 -0.0069833986051981755 0.057629649000123441 0.0011096583420342157 0.020407690529566841 0.066918494856415253 0.012956754143768021 -0.046521243115565318 0.1005097142123246 0.0026657605561427413 -0.069572110816810195 0.090347565303357427 -0.0042980106998186766 -0.068542487949141445 0.16114820930699697 -0.075061764808733819 -0.041588598050704931 0.034928157667770979 -0.1057186847440256 0.012815839386400933 0.07262250009192546 -0.0016448895618782361 0.049786827377000464 0.092044494695904394 -0.017994112551221665 0.017515366246645597 -0.053014584544090596 -0.0024983901048681017 0.074166311306887334 0.082173757688514551
leaf_weight=35295.559859883972 356.27184439450502 306.70524643268436 1331.8101949514821 3465.7724455017596 733.2674367595464 4079.551425665617 7015.5983456261456 3167.6727502290159 25048.436128553003 503.89962806086987 2796.6944449469447 830.03344149515033 3708.3784161889926 2998.2090837992728 557.02828996069729 721.89377291686833 529.47194969002157 2915.4720553588122 721.52987227309495 994.39026359468699 229.44451442547143 472.38450305350125 1306.7337067276239 539.12714427243918 327.97029403969646 1165.1224346701056 1443.8903683219105 401.77696393430233 2080.294309400022 669.72717951610684 971.07880521193147 1453.2269248254597 2794.0698196906596 1069.6883935341612 1639.1089663952589 1592.6557900756598 320.24928237497807 447.8287498075515 1386.5218925941736 915.67003579996526 1984.6863569542766 3964.3617963884026 382.50794268958271 571.18561260029674 463.23508278280497 284.5989677272737 28.587835663929582 2925.060095298104 43.428906025364995 413.08786934800446 162.35688791796565 6199.7821794766933 1031.3290122933686 1031.9040211103857 768.06239664927125 298.09354344196618 5378.1575218327343 2986.013253223151 83.216252975165844 4681.6219220291823 2183.6185208857059 768.1524294167757
leaf_count=3205975 14518 11871 70325 25978 4995 51063 608206 24644 394054 5123 34711 10554 153732 72133 25402 29125 25030 19889 6676 9867 1530 6767 13309 12645 4217 11078 15483 3076 13727 4907 7648 12956 165761 39880 19683 8609 2897 6074 10539 14738 25063 50371 22314 3098 4835 2406 176 154121 382 2444 863 38196 7771 6030 4194 1878 44286 15718 604 37063 25235 8805
internal_value=-0.00342645 0.0481201 -0.0713772 0.0764459 -0.0379172 0.0854396 -0.0538699 0.0115856 0.0939863 0.0294721 0.0508899 -0.0338247 -0.0179513 -0.00311933 -0.0959156 0.0126643 0.00270057 0.0205953 0.0108229 -0.0236079 0.0259432 0.020138 0.0745937 -0.091231 0.00440668 0.0356293 0.0065558 0.0128327 0.0276914 0.0254983 0.051132 0.0150942 -0.0609709 -0.0394551 0.0640107 0.029349 0.0779927 -0.00950495 0.00193989 -0.0106999 0.0811143 0.00396592 -0.0036909 0.0586732 0.0508842 0.00371897 -0.0641438 -0.0659934 0.126531 0.0413645 -0.00475416 0.00498576 0.00792034 0.0354785 0.00345288 0.000477157 -0.0128048 0.00818724 0.0603871 0.00263102 0.0568869 0.0387019
internal_weight=155937 88671.9 67265.3 49947.1 28459.1 43019.6 21635.6 38724.8 37473.5 17472.3 8132.47 14080.9 8885.28 21252.6 38806.2 6823.53 18254.4 6927.48 9339.8 1988.79 994.403 7351.01 12425.1 7554.73 17947.7 3351.62 17418.2 6526.86 5546.07 6571.21 1372.86 2186.49 5195.57 2401.5 8345.54 5335.77 824.149 3471.91 2750.02 2302.19 3623.8 5176.9 4346.87 899.156 4721.74 16519 3510.68 3482.09 272.873 3743.12 575.445 16234.4 14790.5 2063.23 12727.3 11959.2 5759.47 3655.74 381.31 5154.01 4258.5 2074.89
internal_count=5635248 1026281 4608967 636784 1223293 581752 1133788 389497 542047 152300 71271 512937 236971 237197 3385674 89505 165064 55032 81029 18455 8588 62574 147993 620851 153193 29029 128163 54554 39705 40514 10724 17951 275966 110205 96930 36560 8020 60476 31351 25277 44746 83239 72685 7315 52184 120848 179699 179523 1912 27951 3307 118442 102959 13801 89158 84964 46768 20625 2482 43830 47349 22114
is_linear=0
shrinkage=0.1


Tree=26
num_leaves=63
num_cat=0
split_feature=4 27 9 11 16 16 15 16 1 11 3 9 11 7 7 14 21 16 11 17 16 21 16 0 16 27 3 16 18 18 18 17 3 10 11 11 9 16 9 15 8 7 7 2 15 11 9 3 7 1 17 9 11 27 7 7 2 22 16 10 11 7
split_gain=47422.9 7029.73 5453.64 2230.35 2066.47 1787 1123.97 1057.49 656.704 589.891 629.136 557.424 564.288 551.1 451.978 439.287 478.284 432.263 431.219 386.736 356.421 328.508 317.016 302.112 282.212 246.967 244.216 243.385 274.943 241.288 305.348 235.393 223.031 233.931 222.407 349.518 476.771 214.901 203.17 185.967 179.594 178.238 266.421 167.938 167.439 158.894 165.308 155.221 150.572 150.023 146.427 139.761 142.528 139.03 137.501 125.336 141.66 124.556 122.473 122.325 121.687 150.657
threshold=1.0000000180025095e-35 1.0000000180025095e-35 55.646631240844734 0.41428571939468389 87.194396972656264 98.441547393798842 1.0000000180025095e-35 55.705244064331062 27.500000000000004 0.58571431040763866 41.500000000000007 64.346244812011733 0.11805555596947671 78.08689117431642 86.319076538085952 8.5000000000000018 7.5000000000000009 99.760765075683608 0.93750000000000011 98.421009063720717 97.575668334960952 7.5000000000000009 96.168525695800795 0.72551110386848461 77.563388824462905 1.0000000180025095e-35 6.5000000000000009 97.575668334960952 0.65942031145095836 0.98275861144065868 0.84807693958282482 95.256843566894545 7.5000000000000009 76.028167724609389 0.44949495792388922 1.0000000180025095e-35 75.93103408813478 91.813587188720717 48.331480026245124 97.23496246337892 98.07621002197267 73.942821502685561 91.945945739746108 0.52607575058937084 71.238758087158217 0.31666667759418493 75.181159973144545 3.5000000000000004 26.158231735229496 3.5000000000000004 92.071350097656264 43.951219558715827 0.31666667759418493 1.0000000180025095e-35 63.224515914916999 24.068965911865238 0.51704710721969616 3.5000000000000004 98.092205047607436 97.498435974121108 0.18333333730697635 71.010189056396499
decision_type=2 2 2 2 2 2 2 2 2 2 2 2 2 2 2 2 2 2 2 2 2 2 2 2 2 2 2 2 2 2 2 2 2 2 2 2 2 2 2 2 2 2 2 2 2 2 2 2 2 2 2 2 2 2 2 2 2 2 2 2 2 2
left_child=2 5 20 11 6 8 9 -8 15 32 -11 24 -13 25 17 16 19 21 29 27 -1 -5 51 41 -3 -9 -15 28 31 30 38 43 33 -4 35 36 44 -30 -7 -32 -19 50 -43 -2 -6 -37 -47 55 -22 -49 -14 -18 -53 57 -54 56 -26 -36 -59 -12 -24 -62
right_child=1 3 4 14 34 18 7 13 -10 10 59 12 23 26 -16 -17 22 40 -20 -21 48 -23 60 -25 47 -27 -28 -29 37 -31 39 -33 -34 -35 53 45 -38 -39 -40 -41 -42 42 -44 -45 -46 46 -48 49 -50 -51 -52 52 54 -55 -56 -57 -58 58 -60 -61 61 -63
leaf_value=-0.098940745208675213 -0.0077659063453495618 -0.06282292245445055 -0.059432391911246121 0.063813649877906692 0.050448494650206989 -0.010127006616352562 -0.097143221697899726 -0.070567983041884344 -0.075299098444349954 0.0054491398730628551 -0.08596450841545987 0.090329912064473841 0.021142926830604009 0.068657864356473822 0.10000425151129569 -0.018249314375493649 -0.043754216228794586 0.055277997899521251 0.087457362661422969 0.08697103190968597 -0.031370823671096205 -0.015722816764157179 0.051751490497845526 0.07097617459684144 0.17854526070075327 0.0075295765803166164 -0.035105732754955911 0.05815984038540048 0.045724856166020025 0.094033350139851923 0.022435542388857865 0.073068228418427916 -0.083854324914379844 0.065171946706799141 -0.10518004273934056 -0.06481146923640925 0.097205224595923401 -0.018178782607050116 0.065892373566429033 -0.045389950852968222 0.10341647341296799 0.06466072675459221 -0.0232468462753097 0.01688111880636747 -0.029376129618139093 0.056491915127883222 -0.028001646098695154 0.025317555943106241 -0.078530026705696837 -0.022775629339992141 -0.044750663363475648 0.085520535780616289 -0.01411012154411234 0.089540007802728902 0.046455096558951664 0.031154382250361792 0.058294028903133024 0.017786696783477021 0.096014792536941951 -0.039367746970905677 -0.050454527700244389 0.0099778591851422127
leaf_weight=31677.89386348892 4288.5817097611725 399.49842126481235 458.34768480714411 1362.2362611405551 383.29698129091412 410.52593049779534 6791.7486415039748 1988.9330963362008 912.76144374441355 5346.3430293612182 689.26660502888262 3436.4877132344991 748.93031186237931 660.13042332045734 20321.568309895694 4591.4218559078872 170.59218450728804 1095.5372430086136 3240.5616555660963 582.71632716804743 993.2977926004678 839.20560191571712 475.05085445474833 1701.7762522883713 130.25962904840708 508.42074948828667 345.55432736314833 808.51967460662127 570.63509606570005 765.90822809934616 1547.2990153767169 585.12707981467247 2211.8089605700225 224.44964111968875 65.523985398933291 680.56921219173819 746.43848861753941 6764.9329823693261 2448.0344077944756 547.21580094099045 2648.9280921407044 1227.6173022389412 479.38842891901731 7779.0919225048274 835.69078589696437 325.41306694317609 802.77701911143959 2063.8927531503141 2126.3718389524147 945.88715543877333 613.48526150733232 873.08718715980649 404.08323316369206 557.45462105423212 5181.8731222059578 1460.5912165241316 395.12697727885097 824.14985912106931 264.31471782177687 3084.7687934674323 533.64406974427402 1817.5525494050235
leaf_count=3171689 41190 14046 24716 17300 7322 4000 630696 117107 31868 82091 37836 45869 7519 8677 332395 85610 6068 13611 44599 4909 50741 10806 3642 21137 1103 6687 5792 5445 5247 8639 10967 4576 153796 3604 561 8911 6496 61731 21305 3314 44498 14278 5010 51232 19533 3030 6884 11531 119921 7599 6476 7912 3727 5296 35593 11372 2306 6425 2174 128982 4298 13553
internal_value=-0.00330043 0.0452655 -0.0693836 0.0758885 -0.0363567 0.0183125 -0.0498772 -0.0741256 0.00845044 -0.0291005 -0.0166177 0.0430219 0.0594343 -0.0294986 0.0929088 0.0106082 0.0149051 0.0686584 0.058313 0.00662248 -0.0957647 0.0334938 0.033632 0.0371816 0.0180541 -0.0546686 0.0330046 0.00437116 0.00219544 0.0417988 0.0337216 0.0111255 -0.0684316 -0.0184724 0.0186305 0.00507144 0.0342649 -0.0132077 0.054975 0.00471536 0.0893324 0.0184449 0.0399731 0.00812212 -0.00427618 -0.0266506 -0.00363048 0.0245216 -0.0635146 0.0102033 -0.00852845 0.045587 0.0479467 0.048532 0.0420739 0.0462214 0.088108 0.0287223 0.036783 -0.0478779 0.00558872 -0.0037383
internal_weight=147763 85169.6 62593 39870.4 27795.4 45299.2 22309.8 10294.8 36339.7 12015 9120.38 13602.9 8207.69 3503.04 26267.5 35426.9 30835.5 5945.91 8959.55 21379.6 34797.6 2201.44 9455.88 4771.2 5395.26 2497.35 1005.68 20796.9 19988.4 5718.98 4953.08 12652.8 2894.61 682.797 5485.63 3774.19 1965.43 7335.57 2858.56 2094.51 3744.47 3069.42 1707.01 12067.7 1218.99 1808.76 1128.19 4995.76 3119.67 3009.78 1362.42 6629.64 6459.04 1711.44 5585.96 1985.98 525.387 1153.99 1088.46 3774.04 2826.25 2351.2
internal_count=5635248 1026281 4608967 566856 1266616 459425 1199984 768959 366601 431025 248909 148246 100289 138263 418610 334733 249123 86215 92824 174330 3342351 28106 74793 54420 47957 123794 14469 169421 163976 48225 39586 96998 182116 28320 66632 52176 33351 66978 25305 14281 58109 33283 19288 92422 26855 18825 9914 33911 170662 19130 13995 53300 47232 14456 39320 14781 3409 9160 8599 166818 21493 17851
is_linear=0
shrinkage=0.1


Tree=27
num_leaves=63
num_cat=0
split_feature=1 9 27 16 11 16 9 22 9 24 26 21 26 16 11 10 3 26 24 3 7 22 11 17 15 11 8 16 6 6 15 24 17 26 7 26 9 11 3 26 3 10 24 26 3 17 10 15 27 16 21 11 16 21 11 22 17 21 11 11 3 2
split_gain=30719.9 7664.04 7034.54 4268.63 2836.54 1760.57 1754.83 1172.42 866.757 851.016 848.846 969.098 678.659 546.08 526.705 470.749 465.02 458.076 436.53 401.307 364.517 351.773 321.439 310.566 353.614 297.921 286.519 284.401 250.103 241.737 238.988 230.718 208.864 199.702 191.367 185.849 355.493 301.26 179.206 198.812 175.922 174.816 173.176 166.854 338.325 326.104 164.676 154.381 176.648 153.686 149.646 147.411 146.794 146.013 145.725 145.534 142.924 140.996 140.066 139.159 137.894 137.35
threshold=5.5000000000000009 56.070175170898445 1.0000000180025095e-35 61.181842803955085 0.41428571939468389 98.295398712158217 52.277431488037116 2.5000000000000004 54.72370910644532 1.0000000180025095e-35 1.0000000180025095e-35 8.5000000000000018 1.0000000180025095e-35 96.019802093505874 0.93750000000000011 56.33012771606446 14.500000000000002 1.5000000000000002 1.0000000180025095e-35 46.500000000000007 68.13346099853517 9.5000000000000018 0.10555555671453477 99.333301544189467 91.905540466308608 0.64583334326744091 89.825496673583999 98.092205047607436 26.158231735229496 34.851621627807624 95.862876892089858 1.0000000180025095e-35 98.006622314453139 1.0000000180025095e-35 24.068965911865238 1.0000000180025095e-35 60.158729553222663 0.11805555596947671 13.500000000000002 1.0000000180025095e-35 6.5000000000000009 28.370221138000492 2.5000000000000004 1.0000000180025095e-35 3.5000000000000004 50.153373718261726 92.422504425048842 55.453865051269538 1.0000000180025095e-35 95.67297744750978 10.500000000000002 0.44949495792388922 97.311748504638686 6.5000000000000009 0.31666667759418493 5.5000000000000009 93.764953613281264 8.5000000000000018 1.0000000180025095e-35 0.31666667759418493 4.5000000000000009 0.76095134019851696
decision_type=2 2 2 2 2 2 2 2 2 2 2 2 2 2 2 2 2 2 2 2 2 2 2 2 2 2 2 2 2 2 2 2 2 2 2 2 2 2 2 2 2 2 2 2 2 2 2 2 2 2 2 2 2 2 2 2 2 2 2 2 2 2
left_child=2 13 5 7 8 6 49 16 28 15 26 30 22 -2 35 54 20 19 -9 23 -3 29 -10 24 31 -18 -6 38 -4 -11 42 43 46 -16 60 36 55 -37 39 -17 47 -30 -12 44 -8 -45 -26 -31 -49 -1 -46 58 -34 -14 -5 -7 -47 -20 -50 -36 -15 -24
right_child=1 3 4 9 10 14 17 18 12 21 11 -13 53 34 33 27 25 -19 57 -21 -22 -23 61 -25 32 -27 -28 -29 41 40 -32 -33 52 -35 59 37 -38 -39 -40 -41 -42 -43 -44 45 50 56 -48 48 51 -51 -52 -53 -54 -55 -56 -57 -58 -59 -60 -61 -62 -63
leaf_value=-0.086331477941745685 -0.096948949146838215 -0.060359312276569592 0.025830699431740073 -0.070336654597146983 0.054978480306838363 -0.034204511740751176 0.066276272644223463 -0.098557818463999802 0.084922515098560622 -0.071972722945063003 0.083308229678864185 -0.070561924807684764 0.029485800711552476 0.05324286321492 0.10502935311302625 0.073264181144683929 -0.091150042638625459 -0.035964068229590522 -0.050552098235874143 -0.043321306487348644 0.016015189126619162 -0.018406744306253997 0.021754324052144117 0.094499699867686623 -0.034834009394722885 -0.037890924825691841 0.10213641156600123 0.070412681930535695 -0.086289397605867957 0.085250841772802122 -0.065767043490693497 0.036612658720034587 0.054227093968034046 0.055443338520060781 -0.068648690612715918 0.061192662095330114 0.081322152770912842 -0.0018212231550817507 -0.064711062108616615 -0.002749237658680462 0.011649410555599425 -0.011736193838669327 -0.084274222189011594 -0.097634408464467984 0.0085080827525236945 0.0005564818482710432 -0.0011666041150076734 0.017780654170430076 0.075211712718675716 -0.011702656566725591 0.062310861627156024 0.085697470168322132 -0.017725864959786394 -0.057163178468981474 0.01973451082967051 0.049637497611059206 0.041041768408962599 0.03986090458943152 0.011425713886496658 0.16098887581542157 -0.039118227320012036 0.059298902123682745
leaf_weight=2340.2397391228005 27387.473111699335 844.5385653404519 1865.6887546265498 1275.6431095879525 1384.2886933926493 491.0547141963616 1430.1514786351472 5926.9321093736216 3358.3464840063825 162.5175781454891 2122.020972840488 613.43466378562152 284.09424200002104 251.67163645289838 1747.3852726332843 375.90589476376772 1412.915577895008 2302.6072579976171 466.09730110876262 1334.3682720987126 2403.0381725626066 889.74025378841907 1733.1676527988166 457.56004830077291 2537.6735553843901 4092.45941171702 18595.635728303343 606.46380787342787 363.72095095459372 1535.1119842724875 121.30303456261754 5040.8363209934905 820.43968282360584 1517.5961742289364 2203.0682623563334 1094.9204594846815 1586.079537447542 2470.7333172280341 419.23844669014215 4064.261405646801 948.0722530875355 2325.0930306985974 63.509372688829899 316.947709470056 6383.4926664577797 6624.6719949729741 3398.3951665535569 1309.2340227952227 615.18360638711601 312.83177855983377 562.51366368029267 1368.2909288480878 433.27352073229849 616.4931920170784 209.06103693600744 357.94730388745666 1004.1660458762199 273.80665520578623 781.69203165452927 26.709131581708789 451.90125040151179 2225.6611646283418
leaf_count=224333 2943732 49284 28321 78931 18294 15767 11868 594786 46417 4354 24243 5838 2766 9040 31523 3938 108172 31859 14168 51799 32444 11636 19456 4129 40679 161569 348373 5585 10308 14616 1110 42388 5837 14954 128334 8569 21117 15218 8927 48761 11212 45127 562 28550 69189 63579 22104 11534 6920 14082 5787 17988 3454 5226 5614 5313 8380 7677 7334 157 24484 27532
internal_value=-0.00317608 -0.0571072 0.0373544 -0.0212546 0.0704494 0.0108638 0.000680791 -0.0579216 0.0326909 0.0175764 0.0915086 0.0411492 0.0520845 -0.0925569 0.0496587 -0.00772002 -0.0338566 0.00703675 -0.0895168 0.0102997 -0.00384615 0.0406813 0.0621664 0.0127661 0.0114563 -0.0515595 0.0988691 0.00584357 -0.00230123 0.0485046 0.0708555 0.0179125 -0.00772652 0.0819813 -0.0515505 0.0320721 0.0533677 0.0175287 -0.00221479 0.00368608 0.0514904 -0.0218211 0.0784384 0.0121371 0.0219847 0.00175618 -0.0155594 0.058224 0.0480411 -0.0775318 0.0128652 0.0623686 0.0293607 -0.0298294 -0.0576537 0.00114407 0.00588547 -0.0170941 0.039517 -0.065898 -0.00608019 0.042862
internal_weight=140539 60301 80238.3 29980.2 35672.5 44565.9 35300.2 15419.8 12772.3 14560.4 22900.2 2920.27 8217.76 30320.8 9265.72 6950.57 8752.95 32647.1 6666.84 30344.5 3247.58 7609.84 7317.18 29010.1 28552.6 5505.37 19979.9 5465.87 4554.5 6720.1 2306.83 21362.8 7189.78 3264.98 2933.35 6000.74 2435.08 3565.65 4859.41 4440.17 6557.58 2688.81 2185.53 16321.9 8376.16 7945.79 5936.07 5609.51 4074.4 2653.07 6946.01 2765.17 1253.71 900.587 1484.7 849.002 7628.84 739.904 1396.88 2229.78 703.573 3958.83
internal_count=5635248 4311197 1324051 1205450 583573 740478 628017 968100 185153 237350 398420 31753 101397 3105747 112461 151756 351469 389602 616631 357743 81728 85594 93405 305944 301815 269741 366667 67211 83756 73958 25915 229741 72074 46477 162015 65984 42197 23787 61626 52699 69604 55435 24805 187353 86844 100509 62783 58392 43776 238415 74976 32242 9291 7992 84545 21080 71959 21845 14254 128491 33524 46988
is_linear=0
shrinkage=0.1


Tree=28
num_leaves=63
num_cat=0
split_feature=4 26 9 16 8 16 26 25 9 11 17 23 7 16 14 23 11 7 9 0 11 17 1 18 16 11 16 10 11 11 9 26 14 7 0 15 18 16 18 9 11 9 11 18 2 1 15 7 9 11 8 26 11 9 16 7 15 15 18 9 14 7
split_gain=36250.4 7216.77 5180.07 2175.95 2086.39 1533.49 1407.55 672.404 665.042 653.819 525.847 462.846 445.935 384.77 366.405 292.846 280.727 258.991 225.223 207.157 202.499 192.198 201.82 191.872 189.703 195.8 186.155 184.797 185.53 400.809 300.74 178.691 177.229 176.813 221.053 183.946 173.85 165.07 237.64 163.938 261.23 155.347 203.006 180.565 183.011 142.183 141.944 141.117 139.252 137.602 243.558 130.546 130.362 131.661 126.96 184.165 123.088 114.217 117.244 109.608 106.729 172.399
threshold=1.0000000180025095e-35 1.0000000180025095e-35 55.646631240844734 73.926216125488295 98.07621002197267 87.194396972656264 1.0000000180025095e-35 1.0000000180025095e-35 60.158729553222663 0.93750000000000011 99.80237197875978 0.19090909510850909 90.366767883300795 97.575668334960952 8.5000000000000018 0.23611111193895343 0.15476191043853763 42.462121963500984 94.494949340820327 0.89735862612724315 0.31666667759418493 97.22989654541017 2.5000000000000004 0.048809524625539787 67.806350708007827 0.58571431040763866 49.132831573486335 37.089946746826179 1.0000000180025095e-35 0.44949495792388922 72.850124359130874 2.5000000000000004 9.5000000000000018 78.456192016601577 0.79655864834785473 97.446762084960952 0.91106721758842479 98.830371856689467 0.81534090638160717 71.535182952880874 0.18333333730697635 48.074073791503913 0.18333333730697635 0.41885964572429663 0.72155243158340465 7.5000000000000009 55.453865051269538 26.158231735229496 87.226108551025405 0.36931818723678594 92.031745910644545 1.0000000180025095e-35 0.31666667759418493 75.181159973144545 64.624767303466811 82.972846984863295 72.141525268554702 1.0000000180025095e-35 1.0000000180025095e-35 86.72955703735353 5.5000000000000009 74.601570129394545
decision_type=2 2 2 2 2 2 2 2 2 2 2 2 2 2 2 2 2 2 2 2 2 2 2 2 2 2 2 2 2 2 2 2 2 2 2 2 2 2 2 2 2 2 2 2 2 2 2 2 2 2 2 2 2 2 2 2 2 2 2 2 2 2
left_child=2 3 13 17 8 6 12 9 20 19 14 54 24 -1 23 -11 -10 -2 -14 32 21 36 -23 -9 25 -4 57 -7 30 52 56 37 39 34 35 -18 -5 38 41 -3 -41 -25 48 -44 -45 -20 -26 -15 -43 50 -35 -31 -30 -54 -8 -56 -29 -19 -59 -52 61 -42
right_child=1 7 5 4 -6 27 11 10 16 15 -12 -13 18 47 -16 -17 33 26 45 -21 -22 22 -24 31 46 -27 -28 28 29 51 -32 -33 -34 49 -36 -37 -38 -39 -40 40 60 42 43 44 -46 -47 -48 -49 -50 -51 59 -53 53 -55 55 -57 -58 58 -60 -61 -62 -63
leaf_value=-0.098328096792521066 -0.073097379899622103 -0.00080941119824633331 -0.070106071725185029 0.021225969833347735 0.10049144140554181 -0.056315585442213614 -0.098989173016764062 -0.098436193500830257 0.089632356184269013 0.0066629848051803723 0.10229753105862918 -0.013822194966981716 0.10779796198523335 -0.028167693685339907 -0.031141563201697964 0.086425646630777453 0.037739420019785197 0.017480150501943594 -0.0021065798434952172 -0.056341685206425941 0.10877206599522329 0.022499745261593342 -0.035263910857322465 -0.055420901537568491 0.073071056544862775 -0.0315749531934802 0.07541443641837238 0.058555838854028402 -0.062592378634560145 0.078078449723373536 0.092832613587224569 -0.070184737298980546 -0.015378957942145053 0.075113128579673408 0.081839035896560983 -0.026810972271749296 0.079884367470748507 0.061956641304094652 -0.048951389425135883 0.095827260327337294 -0.0038696804388694151 0.030637984287574201 0.029279023919060149 -0.0085561975938029441 0.011841969280249111 -0.03133760589952872 -0.02653105991107383 -0.075396736062495487 0.12051000114101158 0.086947561454740196 -0.2126518053372598 0.019915684190226702 0.047739440125859595 -0.027950187445263633 -0.084439340501549734 0.0069935081922844981 -0.022778683689572615 -0.13327281363993088 0.024250611433710011 0.0084799242539513563 0.0026849748284065184 0.063014633744167062
leaf_weight=26217.963867438957 312.1063445918262 1543.6703681051731 2973.6857372103259 1810.0129252672195 19425.103535648435 340.51845064852387 4845.6089013069868 185.15676013939083 3418.2713634818792 573.9850215241313 495.84710413962603 872.45932424161583 158.8006232092157 951.21997972670943 3639.809572018683 2323.9967976361513 1809.2978526577353 5505.4151043277234 4638.2302576582879 395.33331126719713 258.97675248980522 1448.5588501133025 1038.497167577967 409.82740121986717 202.49917634576559 2369.8729729577899 557.07831512577832 286.62513080611825 639.07754555065185 627.21127535775304 770.93455208465457 322.23482261970639 1259.6965926885605 1302.097121167928 831.54996045678854 583.94213397800922 700.91987359151244 494.4553400836885 830.42172527499497 644.5600855499506 570.57224258780479 743.58327623642981 2586.0881247278303 9401.1803296422586 8265.4765874426812 2595.0324070444331 487.62079683504999 1889.0108870454133 224.44603997468948 2055.3187399581075 23.224921748042107 1003.015504417941 324.06449278723449 790.23058269359171 938.03797833342105 287.9082604655996 530.33843841124326 103.40932271350175 87.004200328141451 642.88444532454014 1206.78405463323 1187.3275752030313
leaf_count=3171689 14843 11519 215870 17076 395177 11023 574838 10778 52452 3265 5042 22314 1544 50741 92225 34695 21215 30930 93048 2380 2233 7646 6960 26309 2975 98293 6733 4938 8466 6951 6867 4719 9113 17688 11677 6941 3847 3013 6141 5429 3436 7252 17363 70514 57393 104931 12813 119921 1312 32180 279 7483 2977 6858 69520 3838 11069 785 739 7383 7213 10386
internal_value=-0.00304154 0.040201 -0.065621 0.0686759 0.0784951 -0.0328992 -0.0453777 0.00820793 0.0516619 0.030847 0.000246142 -0.081929 -0.0264728 -0.0945407 -0.0016209 0.0706276 0.0660088 0.0158052 -0.0100073 0.0139134 0.0225514 0.0180838 -0.00162009 0.00295866 -0.0466452 -0.0530175 0.0202427 0.0149518 0.0198332 0.00659936 0.0480327 0.00376518 0.0182446 0.0548681 0.0374223 0.0219894 0.0376003 0.00480324 0.00354507 0.0264643 0.0381292 0.00556046 0.00673817 0.00459984 0.000987236 -0.0125936 0.0026948 -0.0595793 0.0514756 0.0688507 0.0499528 0.0422931 -0.0265875 -0.00593778 -0.0917157 -0.0629667 0.00575688 0.0148466 -0.0612968 0.000769828 0.0255849 0.0413056
internal_weight=133958 79218.1 54740 41913.7 35348.7 25681.8 20369.8 37304.5 15923.6 9705.93 27598.5 6944.01 13425.7 29058.2 27102.7 2897.98 10666.6 6565.01 7392.06 6807.94 5256.97 4997.99 2487.06 23462.9 6033.68 5343.56 6252.91 5312.02 4971.5 3383.6 1587.9 23277.7 6412.61 7248.32 3224.79 2393.24 2510.93 22955.5 22461 5152.91 3609.24 21630.6 21220.8 20252.7 17666.7 7233.26 690.12 2840.23 968.029 4023.53 1968.21 1630.23 1753.37 1114.3 6071.56 1225.95 816.964 5695.83 190.414 666.109 2964.68 1757.9
internal_count=5635248 1026281 4608967 636784 582754 1266616 1199984 389497 187577 87436 302061 670510 529474 3342351 297019 37960 149815 54030 199523 49476 37762 35529 14606 204794 329951 314163 39187 66632 55609 32735 22874 194016 47096 97363 39833 28156 20923 189297 186284 37983 26464 180143 153834 145270 127907 197979 15788 170662 8564 57530 25350 14434 18301 9835 648196 73358 16007 32454 1524 7662 21035 13822
is_linear=0
shrinkage=0.1


Tree=29
num_leaves=63
num_cat=0
split_feature=4 25 9 10 16 16 22 9 27 16 7 1 10 14 16 24 8 27 11 1 14 7 3 7 11 7 1 3 7 22 21 10 11 10 11 11 9 15 3 11 7 21 11 9 11 6 7 1 7 14 16 15 16 11 6 11 11 6 24 11 22 21
split_gain=31333.3 5827.47 5072.32 2297.5 1444.35 1319.67 1035.2 623.821 672.887 554.609 475.895 437.975 427.313 425.251 406.088 360.132 339.944 297.649 291.357 271.191 248.137 235.071 233.151 190.865 189.34 192.238 184.122 176.761 170.472 170.38 186.78 166.252 164.913 158.859 157.992 337.828 275.291 149.782 236.368 138.437 185.059 179.032 197.387 219.604 138.304 210.347 137.771 137.588 135.711 134.69 129.144 124.115 116.956 115.323 114.694 121.409 114.567 113.584 113.148 112.385 124.79 114.589
threshold=1.0000000180025095e-35 1.0000000180025095e-35 55.646631240844734 97.915760040283217 99.052112579345717 86.217220306396499 4.5000000000000009 61.651582717895515 1.0000000180025095e-35 58.082538604736335 50.31645584106446 7.5000000000000009 82.097072601318374 5.5000000000000009 97.575668334960952 1.0000000180025095e-35 98.213714599609389 1.0000000180025095e-35 0.27922078967094427 21.500000000000004 5.5000000000000009 69.416099548339858 39.500000000000007 76.028167724609389 0.93750000000000011 82.972846984863295 24.500000000000004 3.5000000000000004 83.75235748291017 9.5000000000000018 10.500000000000002 96.051948547363295 0.93750000000000011 37.089946746826179 1.0000000180025095e-35 0.44949495792388922 72.850124359130874 1.0000000180025095e-35 17.500000000000004 0.18333333730697635 79.095325469970717 7.5000000000000009 0.31666667759418493 81.120250701904311 0.38750000298023229 93.063350677490249 84.29276275634767 7.5000000000000009 21.680376052856449 10.500000000000002 98.295398712158217 44.502014160156257 99.760765075683608 0.44949495792388922 91.945945739746108 0.38750000298023229 0.77500000596046459 24.048192977905277 2.5000000000000004 0.31666667759418493 7.5000000000000009 7.5000000000000009
decision_type=2 2 2 2 2 2 2 2 2 2 2 2 2 2 2 2 2 2 2 2 2 2 2 2 2 2 2 2 2 2 2 2 2 2 2 2 2 2 2 2 2 2 2 2 2 2 2 2 2 2 2 2 2 2 2 2 2 2 2 2 2 2
left_child=2 3 14 7 13 6 11 19 18 -8 -6 22 46 21 -1 28 39 -5 49 27 23 31 53 -20 25 26 29 57 -13 30 50 -3 -22 -7 36 59 -35 38 -30 -10 41 42 43 -41 45 -42 51 -29 -16 -9 -15 -11 58 -4 -25 -56 -24 -2 -18 61 -61 -36
right_child=1 4 5 17 10 33 9 8 16 12 -12 15 -14 24 48 -17 52 -19 20 -21 32 -23 56 54 -26 -27 -28 47 37 -31 -32 -33 -34 34 35 -37 -38 -39 -40 40 44 -43 -44 -45 -46 -47 -48 -49 -50 -51 -52 -53 -54 -55 55 -57 -58 -59 -60 60 -62 -63
leaf_value=-0.097992482263745309 0.084496788947883872 -0.020885313947444875 -0.061214135634222282 0.065758344718467074 0.000874020222071968 -0.053495062615740864 -0.097368093723975938 0.075793917986601012 0.079935382585271386 0.038585540633273838 0.089393954597192252 -0.067417892713462144 0.049744925854797215 -0.0084924726304364175 -0.0097495946373128695 0.058460673564340905 0.077259264624657112 0.10322645064466195 -0.0035515506459044507 -0.071086056093926611 -0.022757674837377367 0.013299472155982331 -0.085769880728414516 0.078890559557384693 0.051212774144270071 -0.050944808681773993 -0.078448899938201616 0.014677689386889139 0.029320608411842787 -0.042775396218398841 0.080373263883720195 0.11819382272572021 0.13180836459112591 0.0038567521750468899 -0.093091898744122992 0.037654267865566665 0.086739884809483747 -0.081935726927574837 -0.040844673869903231 -0.18955640735349419 0.066187268018806769 0.066562654217592443 0.023226286414279203 0.022473228609367211 0.084772035013696553 -0.013667190408581343 0.18891676794081103 -0.056662578568387557 -0.067669698496055031 0.0014598074189871319 0.060423542479743964 -0.068675153488510679 0.10154105951178978 0.0081873386287849032 -0.061274035584463739 0.075050926807306129 -0.025018683026900676 0.032031837811788387 -0.0095838668800789176 0.014318223521140899 -0.059400319932396528 -0.0072575215539847516
leaf_weight=23800.207356939558 540.39587243180722 2847.8037692597136 253.78451175848022 2575.6695104837418 773.00915770791471 338.43606925755739 4188.5087147150189 1270.8555816560984 1855.1214587688446 115.71442603645846 2833.7364302277565 2998.5113907898776 465.33491766266525 4050.5167590845376 496.34361867699772 320.62519797077402 1128.9837581254542 11990.38290238753 753.79318391159177 323.63204480521381 1719.1262249238789 23816.538708819076 391.92406848771498 869.0760036893189 396.16198061406612 1565.304397765547 386.54654139187187 2994.4231082787737 622.89783104788512 1086.0677338996902 280.19424898549914 88.624055478721857 71.915977131575346 844.79005989432335 383.70574209839106 1664.7461869008839 762.3852471569553 551.12580466782674 2094.5146694779396 97.135439462959766 1187.919122710824 893.8431254774332 1690.891980279237 98.26325186342001 1685.926983717829 456.67872392386198 22.271672068163753 297.17019968852401 2187.0266893906519 301.60819437541068 291.4826324172318 1593.5288405930623 3038.1126758977771 4232.7880995445885 137.68424039334059 124.31057197228074 1492.7181016504765 1745.5647613583133 173.02197882533073 828.15871362574399 317.72831186838448 261.54832728765905
leaf_count=3171689 3806 50667 17231 36884 7421 11899 513705 10399 29117 4967 51773 237702 6174 84784 24288 5915 19951 269195 4861 9411 12513 151756 26364 8413 2216 32926 20367 16760 5918 19107 4331 858 604 17251 6010 14933 7050 52647 95359 1043 16662 11253 21333 1119 28038 5023 185 4341 146374 1988 1547 96883 66688 69773 1282 1371 63337 13997 2476 7551 2721 3041
internal_value=-0.00290403 0.0376534 -0.0634183 0.0654076 0.0101842 -0.030866 -0.0430689 0.0460361 0.0554916 -0.0760243 0.0704221 -0.0268305 -0.0353303 0.00394268 -0.0938346 -0.04491 0.0682776 0.0966011 0.0255121 0.0179087 0.0101019 0.010008 -0.00813676 0.0354285 -0.0161989 -0.0196853 -0.0116571 0.0230725 -0.0501985 -0.00713411 0.00124046 -0.0166878 -0.0165514 0.0128361 0.0172699 0.00522335 0.0431735 -0.0344016 -0.0247611 0.0560094 0.0487457 0.0296983 0.0122297 -0.0829297 0.0646454 0.044013 -0.0581938 0.00823698 -0.0569562 0.0615362 -0.00386607 -0.0614137 0.0907946 0.00426162 0.0614065 0.00340905 -0.0376523 0.0444344 0.0657188 -0.024919 -0.00612225 -0.0582997
internal_weight=127667 76437.5 51229.3 38021.5 38416 24745.7 19344.2 23455.5 17554.3 6385.36 3606.75 12958.9 2196.85 34809.2 26483.6 6587.67 12305.9 14566.1 5248.37 5901.19 3675.91 26753 6371.21 1884.86 8056.27 7660.11 6094.81 5577.55 6267.05 5708.26 4622.19 2936.43 1791.04 5401.5 5063.06 3455.89 1607.18 3268.54 2717.41 7965.78 6110.66 2780.13 1886.29 195.399 3330.52 1644.6 1731.51 3291.59 2683.37 1572.46 4342 1709.24 4340.12 4486.57 1131.07 261.995 1884.64 2285.96 1302.01 1791.14 1145.89 645.254
internal_count=5635248 1026281 4608967 598528 427753 1266616 1196160 292449 244134 621914 59194 574246 108209 368559 3342351 397541 202703 306079 41431 48315 29044 203281 176705 15927 165278 163062 130136 38904 391626 109769 90662 51525 13117 70456 58557 34256 24301 153924 101277 113588 84471 34748 23495 2162 49723 21685 102035 21101 170662 12387 86331 101850 89115 87004 11066 2653 89701 17803 22427 19323 10272 9051
is_linear=0
shrinkage=0.1


Tree=30
num_leaves=63
num_cat=0
split_feature=1 23 9 8 18 9 22 9 17 3 26 25 11 18 23 26 18 22 18 3 11 3 7 25 6 7 6 14 11 7 25 18 11 10 21 7 17 14 7 10 22 18 3 1 3 3 25 11 11 9 17 8 11 6 3 9 26 15 26 21 27 27
split_gain=20218.2 6560.23 5411.18 2614.15 2546.06 1711.88 1065.72 887.049 742.415 717.262 601.397 595.511 461.664 446.446 396.566 382.836 759.797 881.702 370.088 348.133 308.709 300.65 278.997 278.676 277.416 261.513 244.707 239.506 236.687 228.023 227.887 219.818 213.004 212.551 215.788 217.821 206.286 202.71 219.957 197.393 197.036 178.841 265.062 174.574 163.584 162.118 159.424 157.017 201.922 145.31 143.139 142.638 141.225 134.688 123.743 121.303 118.932 241.046 117.602 139.058 157.389 109.518
threshold=6.5000000000000009 0.88194444775581371 55.646631240844734 98.07621002197267 0.12701612710952762 52.73088455200196 3.5000000000000004 48.331480026245124 99.80237197875978 7.5000000000000009 1.0000000180025095e-35 1.0000000180025095e-35 0.84523808956146251 0.57417583465576183 0.44949495792388922 1.0000000180025095e-35 0.12701612710952762 7.5000000000000009 1.0000000180025095e-35 5.5000000000000009 0.11805555596947671 39.500000000000007 78.456192016601577 1.0000000180025095e-35 27.639257431030277 24.068965911865238 89.699382781982436 8.5000000000000018 0.77500000596046459 77.459678649902358 1.0000000180025095e-35 0.55277779698371898 0.2264957278966904 98.07621002197267 6.5000000000000009 79.095325469970717 87.533782958984389 5.5000000000000009 74.601570129394545 49.018096923828132 3.5000000000000004 0.29520697891712194 3.5000000000000004 24.500000000000004 64.500000000000014 3.5000000000000004 1.0000000180025095e-35 0.18333333730697635 0.44949495792388922 88.493064880371108 98.219570159912124 22.378716468811039 0.44949495792388922 93.063350677490249 3.5000000000000004 76.533164978027358 1.0000000180025095e-35 97.067424774169936 1.5000000000000002 9.5000000000000018 1.0000000180025095e-35 1.0000000180025095e-35
decision_type=2 2 2 2 2 2 2 2 2 2 2 2 2 2 2 2 2 2 2 2 2 2 2 2 2 2 2 2 2 2 2 2 2 2 2 2 2 2 2 2 2 2 2 2 2 2 2 2 2 2 2 2 2 2 2 2 2 2 2 2 2 2
left_child=1 5 14 7 6 13 19 24 11 10 29 12 20 54 -2 16 21 22 -17 43 -7 40 -18 -12 -3 -15 36 47 -21 50 56 61 41 34 35 -9 -19 38 -22 -25 45 -16 51 -4 -30 -13 -27 49 53 -20 -6 -43 -47 -49 -1 -32 -10 -58 59 -41 -61 -11
right_child=2 3 4 -5 9 8 -8 33 30 31 23 15 -14 25 32 18 17 26 27 28 37 -23 -24 39 -26 46 -28 -29 44 -31 55 -33 -34 -35 -36 -37 -38 -39 -40 58 -42 42 -44 -45 -46 52 -48 48 -50 -51 -52 -53 -54 -55 -56 -57 57 -59 -60 60 -62 -63
leaf_value=-0.02503866854469862 -0.097459809548116588 0.020430735803540882 0.027007688840119011 0.10176892413542092 0.041466092573171326 0.063112671224032024 -0.097035670144345318 0.013946144847084029 0.090290038468316861 -0.080609733678016743 0.053928404117311896 0.051284437983132015 0.069102308550357483 0.032347560178868126 -0.092544169995139897 -0.10005479098153446 0.028296344248569812 -0.039108557981735299 0.023448707752650649 -0.063930152008088922 -0.0097765730148933038 -0.035550395857713871 0.094048949556900588 -0.062306013664562059 -0.036440754892243632 0.0053314054323903171 0.033134886281413159 -0.028530811621433519 -0.0079771705594578989 0.08783329420651656 0.015317474165484193 -0.0017038406545111945 0.21464181459840953 0.10548667681074803 0.065831415773320842 0.059844059234055752 -0.22835534082316544 -0.019183778661495746 0.058450356890004329 0.002030277124285692 -0.092086916100980895 0.095763845551904786 -0.068418031268154142 -0.061896853280452802 -0.061494964046042211 -0.085283799753512926 -0.061937923936094652 -0.017786916970212993 0.0044947262175222911 0.12293140827464447 -0.069267845064771946 -0.017369995587050286 0.010909107912011102 -0.090524518295791445 -0.09365013468735095 0.10246553037126394 0.053551097855145696 -0.031329651947876361 -0.032667532557280027 0.081172999250041594 -0.076721641397120066 -0.0042996402377981323
leaf_weight=306.50263646245003 18310.068713069428 1876.7385573266074 1187.7604068010114 12844.476899422705 1620.0674990555272 1142.3485337491147 4093.9021782679483 2416.0937718534842 340.17862295452505 1101.6789896641858 971.63031030632555 1029.7655563126318 2670.5934293633327 663.60970998276025 1328.0974162258208 385.14466000674292 906.61356101604179 98.240156481042504 814.03714008210227 2957.8073157253675 877.74382124887779 1603.0554031953216 2239.0396853014827 527.07643959065899 1579.6509371441789 502.8445903705433 105.21709823049605 2813.0916439048015 1990.5017768410034 1384.1189412316307 184.4519067867659 818.58628358412534 27.766611892729998 736.49741738289595 4081.4719219570979 1807.5284023433924 139.22959207557142 1908.0200436012819 1023.5377365523018 3863.1165793449618 177.93921676650643 141.29934080922976 1602.3344719293527 271.31963136838749 800.96834681695327 156.27734048012644 1176.7920982260257 2087.2835433119908 16673.721278423909 179.1348227923736 125.79783483967185 527.40335773210973 6531.2359866769984 289.93277385830879 1846.1809209664352 1191.1154703907669 986.7152505563572 506.20512327365577 826.49570755334571 428.89301224565133 74.026899743825197 226.78570228209719
leaf_count=27145 2607955 28573 24308 322445 20016 10681 524180 32793 6260 60083 12057 6473 43122 30765 174306 48278 14379 1143 12189 211541 5996 69000 42754 41271 36366 7917 1827 68820 69187 21685 1881 13161 311 15067 58209 29514 1138 13471 10642 47281 10428 6668 142714 11082 41808 10114 93398 23053 123939 1200 1173 33554 56658 1485 243690 22131 8178 3589 16895 5339 627 3335
internal_value=-0.0027717 0.028428 -0.0558425 0.0700876 -0.0222513 0.00794999 -0.0562894 0.037528 0.0135822 0.00989258 0.0213388 0.0101847 0.0355909 -0.051004 -0.0914758 0.00483942 0.0185916 0.0585045 -0.00284457 -0.033148 0.0175171 0.00393312 0.0750983 0.0044143 -0.00556087 -0.0208006 -0.093816 -0.00120657 -0.044219 0.0575197 0.0600152 -0.0424656 -0.0612661 0.0539999 0.049434 0.0335885 -0.150065 0.00384369 0.0269528 -0.00399701 0.0119499 -0.0633946 -0.0463481 0.0104757 -0.0233333 0.0143487 -0.041799 0.00262825 0.000607395 0.041392 0.0334872 0.0065356 0.00866122 -0.0266582 -0.0838811 0.0907797 0.0369294 0.0247705 0.00192174 0.00846953 0.0579318 -0.0675826
internal_weight=122106 76898.3 45207.5 25342.5 23270.5 51555.8 11302.3 12498 47059.9 11968.3 9821.22 43851.2 7622.24 4495.93 21937 36229 12986.6 3488.34 23242.3 7208.36 4951.65 9498.27 3145.65 6691.24 3456.39 2343.25 342.687 22857.2 5749.28 3129.98 3208.67 2147.05 3626.9 9041.59 8305.09 4223.62 237.47 3809.3 1901.28 5719.61 7895.22 3599.13 2271.04 1459.08 2791.47 7717.28 1679.64 20044.1 19050.9 993.172 1745.87 668.703 6687.51 2377.22 2152.68 1375.57 1833.1 1492.92 5192.53 4366.04 502.92 1328.46
internal_count=5635248 1544711 4090537 522967 1125029 1021744 882106 200522 618829 242923 166344 576790 83912 402915 2965508 492878 213914 61241 278964 357926 40790 152673 57133 123470 64939 132080 4108 230686 322536 42874 42039 76579 357553 135583 120516 62307 2281 30109 16638 111413 83673 357242 182936 35390 110995 73245 101315 161866 148477 13389 21189 40222 66772 24538 270835 24012 18027 11767 70142 53247 5966 63418
is_linear=0
shrinkage=0.1


Tree=31
num_leaves=63
num_cat=0
split_feature=4 26 9 18 8 24 26 16 9 24 16 3 25 11 6 22 11 17 7 17 6 18 15 16 17 15 9 18 3 1 11 14 3 9 24 9 11 3 11 7 3 8 9 11 14 16 22 25 8 14 18 18 16 3 7 6 8 11 7 22 25 1
split_gain=23738.1 5437.89 4755.58 1829.24 2100.15 1012.3 1015.65 687.762 486.358 445.405 441.096 407.39 352.286 513.461 332.847 292.783 279.215 256.018 242.834 227.521 213.577 199.054 277.785 195.106 183.671 179.9 177.575 177.478 177.103 176.16 175.509 210.508 174.74 180.806 188.299 174.07 171.994 156.407 156.327 170.59 148.302 140.865 137.949 130.056 122.596 278.242 276.521 437.268 122.466 122.139 121.06 118.278 154.099 117.941 114.086 131.616 113.324 108.375 100.994 157.983 322.306 100.783
threshold=1.0000000180025095e-35 1.0000000180025095e-35 55.646631240844734 0.30217391252517706 98.07621002197267 1.0000000180025095e-35 1.0000000180025095e-35 70.897583007812514 60.158729553222663 1.0000000180025095e-35 96.437637329101577 23.500000000000004 1.0000000180025095e-35 0.84523808956146251 95.180023193359389 8.5000000000000018 0.11805555596947671 48.672149658203132 68.13346099853517 80.604629516601577 56.294013977050788 0.36602871119976049 1.0000000180025095e-35 76.964214324951186 99.80237197875978 81.977397918701186 53.001201629638679 0.62731480598449718 8.5000000000000018 6.5000000000000009 0.095454547554254546 5.5000000000000009 1.5000000000000002 70.087718963623061 1.0000000180025095e-35 88.273490905761733 0.31666667759418493 5.5000000000000009 0.44949495792388922 86.319076538085952 74.500000000000014 21.132376670837406 86.425064086914077 0.44949495792388922 5.5000000000000009 99.760765075683608 7.5000000000000009 1.0000000180025095e-35 93.788581848144545 8.5000000000000018 0.57417583465576183 0.91106721758842479 99.760765075683608 38.500000000000007 73.20508193969728 90.595520019531264 23.294573783874515 0.38750000298023229 73.20508193969728 6.5000000000000009 1.0000000180025095e-35 26.500000000000004
decision_type=2 2 2 2 2 2 2 2 2 2 2 2 2 2 2 2 2 2 2 2 2 2 2 2 2 2 2 2 2 2 2 2 2 2 2 2 2 2 2 2 2 2 2 2 2 2 2 2 2 2 2 2 2 2 2 2 2 2 2 2 2 2
left_child=2 3 10 32 8 6 11 -8 36 17 -1 18 13 51 -13 28 -10 -3 23 25 -9 22 -20 43 -21 50 29 -17 49 56 35 54 -2 -34 53 -28 37 61 48 42 -16 -12 -40 -4 -6 46 -46 -48 58 -7 -14 52 -11 -35 -32 -56 -19 -57 59 -18 -61 -5
right_child=1 9 5 4 44 15 7 20 16 12 41 14 19 -15 40 27 38 26 21 24 -22 -23 -24 -25 -26 -27 30 -29 -30 -31 31 -33 33 34 -36 -37 -38 -39 39 -41 -42 -43 -44 -45 45 -47 47 -49 -50 -51 -52 -53 -54 -55 55 57 -58 -59 -60 60 -62 -63
leaf_value=-0.097643479397131791 0.10116518822548258 -0.096436400591522864 -0.08181544647553117 0.032908375336471958 0.10219068229927131 0.050699069942873522 -0.096853269110484266 -0.076760537851322627 0.084460701843409286 0.010172858874755173 -0.0055512969524452475 -0.071954896029557167 0.041750229850188059 0.079716174685408578 -0.01193244801244301 -0.085533979138184307 -0.0074032245664594825 0.14494330808459774 0.0093515513335807997 -0.0060378268071754025 -0.0099709766907561045 0.10196181825386562 -0.076719128247223309 0.028206465294013522 0.11095987961830078 0.14040802931014082 0.019953564356786913 -0.00043754936285058765 -0.01122616246154595 -0.08691362859976054 -0.025532458132864502 -0.024296389523497858 -0.053173899400367923 0.012697221020133799 0.073621409207084473 0.12619026773232203 0.10323407919044113 -0.0072295690545892133 0.064285664966561976 0.091517873771921665 -0.06217652221679041 -0.065226521597139195 -0.0043350916409822067 -0.0020146937708724502 0.067982104708699601 0.098145826092718075 0.02451714726229566 -0.27572810543378895 -0.021191883568655649 -0.0013047603179427759 -0.0070239351713232666 -0.033104632753080322 0.050125777105786487 -0.053496485278704264 0.029299368199313475 -0.051446883003118352 -0.017976666834756429 0.002887097779206343 0.056648078955501106 0.072147723687675663 -0.14339433092187212 -0.076560660924327617
leaf_weight=19451.525663744658 218.01982712745667 295.75744075234979 797.52725594257936 2834.0418144734576 12153.63613383472 2177.0959328487515 3873.672948749736 663.61703742109239 2757.929809987545 2979.3641726663336 479.54829896101728 2133.0116580082104 1495.3643157575279 1901.5136413089931 2885.0878162905574 396.017856602557 877.69472096115351 53.170971602201462 4430.4924199949019 6696.2413788391277 1718.9700438594446 208.04713292699307 409.64145905524492 314.39025837928057 136.9228693023324 144.0316058062017 878.50539883226156 643.07710541505367 898.87180937826633 478.60498948954046 1328.684066593647 3735.2933954037726 421.39692894183099 5124.7166847670451 495.60766008123755 187.07536594197154 232.33432042598724 1895.1123030632734 818.54097335040569 1269.0570989213884 737.66008896939456 2258.6301646232605 456.25438841432333 274.53000638401136 505.34950717911124 2001.1555055789649 165.49397835880518 68.617680672556162 369.0214851051569 569.8429685193114 771.400989276357 408.8835766389966 1428.1470108516514 284.09367002174258 1933.5454813502729 380.24762499704957 216.69277239311486 10618.105708738789 1712.319736879319 779.90253738686442 76.148882273584604 86.673830097541213
leaf_count=3135133 1919 15686 77673 20174 327752 25878 592926 55459 51795 22965 26402 159292 14834 34712 111273 12710 10307 1744 70130 60508 27406 2027 36479 4337 1431 959 7925 5550 15076 35303 13107 77250 16641 27908 7572 1281 2227 12676 12519 25064 40066 180816 7325 18271 9749 51974 3511 441 4239 12063 6222 2178 11461 3153 13129 2080 7289 59433 26212 11109 566 1951
internal_value=-0.00263495 0.033185 -0.0592803 0.0609092 0.0716655 -0.0275537 -0.0380962 -0.0708502 0.0440989 0.00581782 -0.0923536 -0.0212864 0.0182898 0.0357166 -0.0406153 0.0139572 0.0578873 -0.00408369 -0.00399678 0.00562518 -0.0285737 0.00618391 0.00206702 -0.0410656 -0.00369343 0.0320378 -0.00270489 -0.0328693 0.0273032 -0.0504843 -0.000828777 -0.00316373 0.0131433 0.0101096 0.0146262 0.0386047 0.0191975 0.0151432 0.0463622 0.0655635 -0.0221631 -0.0547754 0.039726 -0.0613802 0.0978824 0.0787769 0.0263602 -0.0634842 0.033559 0.0399111 0.0251519 0.0183456 0.0231186 0.00922045 0.00237158 0.00523857 0.0141233 0.0010086 0.039422 0.0224088 0.0529745 0.0296598
internal_weight=116992 71670.7 45321.3 35603.1 29059.3 23131.6 18446.6 6256.26 14165 36067.6 22189.7 12190.4 15961.9 6717.91 5755.76 4684.91 9116.87 20105.7 6434.63 9243.96 2382.59 5048.18 4840.13 1386.45 6833.16 2410.8 19809.9 1039.09 3645.81 748.469 19061.5 17995.9 6543.83 6325.81 5904.42 1065.58 5048.16 4815.83 6358.94 2543.85 3622.75 2738.18 1274.8 1072.06 14894.3 2740.62 739.461 234.112 3815.09 2746.94 2266.77 4816.39 4407.51 5408.81 14260.6 12931.9 269.864 10998.4 3446.07 1733.75 856.051 2920.72
internal_count=5635248 1026281 4608967 636784 579591 1266616 1195339 675791 186164 389497 3342351 519548 155270 71316 310631 71277 149136 234227 208917 83954 82865 108636 106609 100281 61939 22015 218541 18260 53017 44336 174205 164999 57193 55274 38633 9206 37028 34801 97341 44908 151339 207218 19844 95944 393427 65675 13701 3952 52433 37941 21056 36604 34426 31061 87749 74642 9033 61513 48194 21982 11675 22125
is_linear=0
shrinkage=0.1


Tree=32
num_leaves=63
num_cat=0
split_feature=4 23 9 8 23 23 17 1 17 17 9 27 3 0 21 10 23 14 3 10 25 21 10 25 10 2 11 23 8 10 11 3 1 1 8 15 2 24 11 2 5 18 8 21 11 18 0 1 2 2 8 11 0 2 18 11 11 11 10 9 11 3
split_gain=20415.7 4927.66 4603.54 1975.44 887.95 868.366 649.29 506.618 428.241 421.413 413.763 380.243 346.333 356.51 326.813 292.979 288.337 251.395 230.346 216.839 233.639 209.341 279.293 202.809 207.229 200.234 195.965 194.248 186.598 181.118 159.32 155.83 153.014 145.311 139.13 126.122 123.75 122.323 118.267 117.749 124.482 114.661 138.401 112.832 109.51 102.992 101.39 157.355 245.615 150.764 100.103 104.992 99.3874 167.024 98.1851 97.1834 116.099 94.6185 147.216 92.6385 89.3833 88.0529
threshold=1.0000000180025095e-35 0.88194444775581371 55.646631240844734 98.213714599609389 0.23611111193895343 -1.0000000180025095e-35 58.191438674926765 27.500000000000004 99.80237197875978 88.47040176391603 48.331480026245124 1.0000000180025095e-35 64.500000000000014 0.31957960128784185 8.5000000000000018 58.123168945312507 0.44949495792388922 8.5000000000000018 4.5000000000000009 60.943256378173835 1.0000000180025095e-35 7.5000000000000009 82.637680053710952 1.0000000180025095e-35 97.498435974121108 0.5347527563571931 0.77500000596046459 0.4083333313465119 30.0684928894043 77.849929809570327 0.2264957278966904 4.5000000000000009 25.500000000000004 9.5000000000000018 91.476997375488295 91.681709289550795 0.81346824765205394 2.5000000000000004 0.2264957278966904 0.76095134019851696 1.0000000180025095e-35 0.29520697891712194 22.378716468811039 11.500000000000002 0.20714285969734195 0.28801843523979193 0.80898490548133861 1.0000000180025095e-35 0.99996608495712291 0.92946019768714916 95.040985107421889 1.0000000180025095e-35 0.63378906250000011 0.64417582750320446 0.79583334922790538 0.18333333730697635 0.36931818723678594 0.095454547554254546 64.461452484130874 48.074073791503913 0.93750000000000011 1.5000000000000002
decision_type=2 2 2 2 2 2 2 2 2 2 2 2 2 2 2 2 2 2 2 2 2 2 2 2 2 2 2 2 2 2 2 2 2 2 2 2 2 2 2 2 2 2 2 2 2 2 2 2 2 2 2 2 2 2 2 2 2 2 2 2 2 2
left_child=2 7 16 10 5 12 -7 8 9 11 28 14 13 18 27 -8 -1 23 32 -10 -21 22 -12 24 -11 59 37 33 39 31 41 -6 -4 35 45 54 52 -13 -30 -3 -41 -18 -43 -15 -31 -20 47 -38 -49 -48 51 -33 53 -25 61 -24 -57 58 -19 -16 -59 -2
right_child=1 3 4 -5 29 6 15 -9 19 17 21 26 -14 43 25 -17 30 57 34 20 -22 -23 55 36 -26 -27 -28 -29 38 44 -32 50 -34 -35 -36 -37 46 -39 -40 40 -42 42 -44 -45 -46 -47 49 48 -50 -51 -52 -53 -54 -55 -56 56 -58 60 -60 -61 -62 -63
leaf_value=-0.097080700655080843 0.0971995854550185 0.053747381736636048 0.040442851491197834 0.1003827418573323 0.02624774834184845 -0.098467522080154912 -0.0782416096248921 -0.064556942584385615 0.010167697528472609 0.0098841709559880035 0.020703297664664139 0.038174913566350277 -0.064052266369931429 -0.00084595065247237251 -0.01827454530779803 -0.0075350849819937329 -0.095714811995995852 -0.0062586702425001016 -0.077115787430516183 0.037301680379152526 0.10137363722892297 0.073788455909836501 0.10146936862107528 -0.0084762421786216957 0.06213029605777376 0.019235520831859497 0.078989858801521692 0.05287025083695638 -0.032624266244922644 0.10398365485321355 0.26506345157429884 -0.0013427027806375115 -0.066222578815968713 -0.019362477831658731 -0.029051751970403064 0.18356717281734342 -0.0055016120294919812 -0.053859573533350649 0.1584083849348745 -0.03848023037738952 0.030678976217068471 -0.011419116347951279 -0.068061439217760353 0.069463175342539735 0.030561887919898056 0.004285152348551805 -0.045013797445250525 0.030025729872771273 0.17893943539552132 0.015207659296741208 0.072094143547701661 -0.05207745787372671 -0.021321512862516091 0.03117820068134311 0.066557647045656962 0.026046298366312538 0.078317695708333801 -0.038212619285806472 0.16015540088283786 0.067236313628598207 0.058555849317965786 0.0065288190062651567
leaf_weight=16614.748739749659 108.14842315390706 884.74668958969414 573.13511783024296 10836.691442258656 1295.1864663693123 3129.5741086928174 879.14419534755871 833.24295850610361 1013.5720962099731 2196.0762602034956 3070.7765599153936 1798.3395979385823 1589.2786171976477 5796.582949637901 135.48496017698199 1757.6642454396933 1023.2584999459796 613.94131788332015 1394.8534089867026 1285.9107110574841 1021.0166598111391 2902.0545472959056 597.02808202058077 4457.8240790767595 1160.2827167212963 2375.4716849755496 1482.7952075153589 910.16441538464278 973.89493327960372 243.31763524189591 14.476068725809453 846.34481304185465 175.72208940424025 2052.9211824471131 2193.872886731755 41.481516430154443 1342.7609325842932 157.023123068735 33.523320518434048 415.23115079663694 697.34471683111042 545.44571837456897 2062.7234794083051 237.60552533576265 1230.3798670917749 174.92530321748927 661.6512531414628 2254.417867875658 116.48334703408182 1118.4070808086544 111.60521144699305 787.34714684449136 3037.6422783108428 1394.4258775357157 287.7988070808351 777.2366626188159 937.37886080145836 2328.4260808173567 58.197723641991615 1952.0929782772437 99.533163327723742 11100.071937552653
leaf_count=2907146 717 9236 23050 327608 19977 535547 86904 35481 7733 17081 42973 23222 105511 133541 6293 41375 176994 10282 140205 14681 22333 47628 14186 43891 21041 21971 27005 11583 9019 3210 243 16678 11678 33345 116778 289 10902 1487 177 2112 3502 42456 215512 2728 14725 5467 5005 18438 897 8741 1364 7878 26120 12439 5325 11253 19555 44117 372 17118 613 90510
internal_value=-0.00250176 0.0309198 -0.0569458 0.0698852 -0.0257216 -0.0357157 -0.0676666 0.0127294 0.0141125 0.0114549 0.0406102 0.0209765 -0.0205344 -0.0139767 0.0154291 -0.0311095 -0.0914924 0.00121981 -0.0352374 0.0487205 0.0656591 0.0521398 0.0404674 0.00581115 0.0279455 0.0390919 0.0515741 0.0081461 0.00882147 0.0139131 -0.066026 -3.21057e-05 0.0154134 0.00515087 -0.0453154 0.00951265 0.000646189 0.0307842 -0.0262674 0.0265197 0.00486765 -0.0673458 -0.0562158 0.00192258 0.0426843 -0.068045 0.0124454 0.0218508 0.0373419 -0.00717678 -0.0195344 -0.025794 -0.00664542 0.000972292 0.0088846 0.066722 0.054623 -0.0250537 0.00815043 0.0616866 -0.0342456 0.0074037
internal_weight=112199 69521.5 42677.2 22125.9 22416.5 17902.4 5766.38 47395.6 46562.4 43241.9 11289.2 22401.8 12136 10546.7 18963.6 2636.81 20260.7 20840.1 4512.51 3320.5 2306.93 8284.47 5382.42 17740 3356.36 4463.05 3438.16 14500.6 3004.74 4514.18 3645.9 3040.48 748.857 13590.4 3763.65 11537.5 14383.6 1955.36 1007.42 1997.32 1112.58 3631.43 2608.17 6034.19 1473.7 1569.78 5493.72 3713.66 2370.9 1780.06 1745.3 1633.69 8889.89 5852.25 11496 2311.64 1714.62 3100.1 672.139 2087.58 2427.96 11208.2
internal_count=5635248 1026281 4608967 487249 1266616 1202784 663826 539032 503551 458804 159641 238865 538958 433447 187151 128279 3342351 219939 297178 44747 37014 135595 87967 164555 38122 45382 51714 141769 24046 63832 435205 45897 34728 130186 262450 96841 126433 24709 9196 14850 5614 434962 257968 136269 17935 145672 43983 30237 19335 13746 25920 24556 82450 56330 96552 44994 30808 55384 10654 23411 44730 91227
is_linear=0
shrinkage=0.1


Tree=33
num_leaves=63
num_cat=0
split_feature=4 23 9 8 16 16 22 16 10 9 8 1 18 16 21 27 23 17 18 17 10 22 27 25 0 18 18 22 21 23 10 21 25 17 22 6 7 2 8 16 27 6 7 0 22 17 17 23 27 1 27 0 9 2 10 14 9 17 17 22 14 14
split_gain=17492.9 4457.97 4446.18 1985.75 1037 775.854 1334.21 489.738 472.447 382.715 334.419 328.693 358.231 331.432 317.235 545.106 283.199 280.179 253.78 272.007 226.548 231.25 223.006 218.395 213.765 201.667 245.363 178.541 186.501 177.322 169.978 171.773 164.895 149.887 147.875 141.634 139.431 139.321 133.112 133.067 122.536 119.372 118.651 116.676 115.252 113.991 131.938 189.784 127.564 111.964 110.155 110.084 107.645 118.771 104.991 104.504 104.148 102.973 114.117 102.941 102.735 107.294
threshold=1.0000000180025095e-35 0.88194444775581371 55.646631240844734 98.213714599609389 98.706874847412124 72.240142822265639 3.5000000000000004 96.437637329101577 97.70084381103517 60.158729553222663 90.054946899414077 29.500000000000004 0.73508772253990184 97.448913574218764 6.5000000000000009 1.0000000180025095e-35 0.15476191043853763 97.45212554931642 0.58957219123840343 94.716903686523452 38.408851623535163 8.5000000000000018 1.0000000180025095e-35 1.0000000180025095e-35 0.47210127115249639 0.84807693958282482 0.98275861144065868 9.5000000000000018 11.500000000000002 0.31666667759418493 98.07621002197267 7.5000000000000009 1.0000000180025095e-35 99.80237197875978 4.5000000000000009 26.158231735229496 47.124916076660163 0.55998864769935619 41.421361923217781 98.092205047607436 1.0000000180025095e-35 49.65753364562989 81.120250701904311 0.71415531635284435 9.5000000000000018 96.313285827636733 85.372985839843764 0.19090909510850909 1.0000000180025095e-35 8.5000000000000018 1.0000000180025095e-35 0.82171362638473522 48.834688186645515 0.19741959869861606 88.493064880371108 5.5000000000000009 88.493064880371108 76.220237731933608 98.006622314453139 5.5000000000000009 4.5000000000000009 10.500000000000002
decision_type=2 2 2 2 2 2 2 2 2 2 2 2 2 2 2 2 2 2 2 2 2 2 2 2 2 2 2 2 2 2 2 2 2 2 2 2 2 2 2 2 2 2 2 2 2 2 2 2 2 2 2 2 2 2 2 2 2 2 2 2 2 2
left_child=2 4 7 9 11 6 10 -1 25 -3 -4 12 13 14 15 17 -8 18 19 38 -7 23 33 24 41 36 -27 28 45 -24 31 42 -31 -14 -17 -9 59 -23 -2 57 -29 -22 51 -19 -10 46 47 -16 -48 -12 -47 55 -37 -54 -18 -11 -26 -25 -59 -6 -20 -62
right_child=1 3 5 -5 8 20 16 35 44 30 49 -13 22 -15 27 34 54 43 60 -21 21 37 29 39 56 26 -28 40 -30 32 -32 -33 -34 -35 -36 52 -38 -39 -40 -41 -42 -43 -44 -45 -46 50 48 -49 -50 -51 -52 -53 53 -55 -56 -57 -58 58 -60 -61 61 -63
leaf_value=-0.096906066547263831 -0.071705926834560202 0.013591344416050342 -0.058330330832772476 0.099713252691160895 -0.014659754944901985 -0.060585404102129203 -0.094411372214409747 -0.015659646262208886 0.093976872948914936 -0.0029230352173382607 -0.0016487331266702499 -0.064426742594620459 -0.012911051000661629 0.054716846744194948 0.014439367285083791 -0.071189890410698314 -0.050366962798028637 0.090969077053687133 -0.015101072383077209 0.081035480778082855 0.1910045479307303 -0.072396883393660308 0.20557483287307632 0.023530141316813122 -0.024045009179769056 -0.005893431898340626 0.081431748136450571 0.0057698619555759979 0.067913352560271367 -0.016773232443776719 0.10409166954569611 0.071151046762380085 -0.11572296056772485 0.078656695051370268 0.061382007238542362 -0.077768020751544945 0.061541085977941196 -0.0012064916462776526 0.0013675959129691351 0.039918507862326938 -0.061687455435445286 0.068041755842383075 0.054825199468515079 0.014382319113771278 0.043241589611601121 0.087390697534655115 0.010113329882389534 0.055308711028700733 -0.052978126746242853 -0.025434557256470893 -0.041650278842198983 0.074852196994691395 0.45985953489700337 -0.016810245371811691 0.033168328064548898 0.046028356862593038 0.072556533295595194 -0.021123794525170096 0.14387769611910164 0.05287160630945209 -0.052282820080727925 0.028580109464287479
leaf_weight=16080.857564778998 255.9924470083788 4079.9961609719321 1679.6962515343912 9867.9722992721945 525.71679471246898 504.56264777807519 3656.8235757225193 844.54305155249313 1830.8756408244371 1396.8879564143717 5873.3211711822078 670.99457929097116 4713.2079954184592 1588.884158606641 3308.5523587781936 88.766735005192459 524.48049284657463 404.79976617638022 5646.2557227211073 426.52415086701512 87.08057156810537 487.56216840818524 22.854774357751012 868.1530299638398 417.4492565933615 2101.7609085775912 379.92085441946983 2077.8123085005209 1026.6818789411336 274.79476238042116 579.51161945238709 2060.5996217466891 435.03619149327278 185.81151399388909 1613.4266983382404 1330.1752381552942 1950.3843765221536 630.2469735769555 9514.5842935885303 840.43426242470741 309.37585810292512 845.60426373640075 1857.5297982357442 391.1056425254792 592.68680708110332 439.4767211554572 1925.7236327705905 1730.5263454075903 384.44741603638977 2984.630942387972 77.8750702124089 327.31294509395957 5.339146109763532 249.51659862464294 210.97951045213267 634.08236244320869 152.33043340593576 1982.3980191196315 42.820822384208441 395.56621014885604 1484.2206244282424 184.48251526337117
leaf_count=3135133 13988 33171 164324 327608 5613 32251 630458 61728 47935 20647 149367 31865 44597 13169 31835 1209 20946 3683 40375 3924 1522 14126 148 15176 3007 16026 5543 22011 10358 2404 15430 38770 5248 1916 23437 127783 26119 5974 77896 7686 3123 7802 35632 2786 9418 3779 18761 19861 4280 160789 745 5748 415 17292 4824 10243 2183 45704 477 2417 38570 5993
internal_value=-0.00237354 0.0286539 -0.0545463 0.0671893 0.0115818 -0.0239309 -0.0367207 -0.0905836 0.0449376 0.0378414 -0.0174207 0.00496137 0.00617035 0.0101619 0.00789951 0.000339509 -0.0830239 -0.00469317 -0.00733047 0.00286547 0.00391018 0.00903162 -0.0171336 0.0178459 0.0500406 0.0283537 0.00747519 0.02131 0.0278281 -0.0685894 0.0522728 0.0474883 -0.0774168 -0.00943804 0.0544686 -0.0487367 0.0463968 -0.0322581 -0.000546955 0.00489094 -0.0029725 0.0795222 0.0359224 0.0533346 0.0815695 0.0225965 0.0194026 0.0284748 -0.000386043 -0.00966322 0.0679666 0.0210334 -0.066361 -0.00682417 -0.0264034 0.0123599 0.00178138 -0.00528347 -0.017635 0.0143358 -0.0215437 -0.0433431
internal_weight=108062 67763 40299 20803.9 46959.1 21788.6 14929.9 18510.4 7776.91 10935.9 10537.6 39182.2 38511.2 32879.5 31290.6 20010.2 4392.28 18308 17512.1 10197.1 6858.64 6354.08 5631.71 5236.27 1502.46 5353.35 2481.68 11280.5 8893.28 732.686 6855.92 6276.41 709.831 4899.02 1702.19 2429.57 2871.67 1117.81 9770.58 3733.81 2387.19 932.685 4215.81 795.905 2423.56 7866.6 7349.25 5039.08 2310.17 8857.95 517.352 2358.28 1585.03 254.856 735.46 2030.97 569.78 2893.37 2025.22 921.283 7314.96 1668.7
internal_count=5635248 1026281 4608967 487249 539032 1266616 1130708 3342351 113071 159641 474480 425961 394096 339783 326614 211861 656228 187215 180746 95808 135908 103657 54313 83557 14514 55718 21569 114753 89619 7800 126470 111040 7652 46513 24646 207218 34149 20100 91884 69043 25134 9324 72270 6469 57353 79261 74737 51696 23041 310156 4524 36638 145490 17707 25770 30890 5190 61357 46181 8030 84938 44563
is_linear=0
shrinkage=0.1


Tree=34
num_leaves=63
num_cat=0
split_feature=4 9 23 11 16 26 16 3 16 11 9 11 26 27 18 16 21 23 9 27 25 11 16 22 11 6 11 9 16 0 11 18 18 3 11 15 11 7 1 7 22 7 9 26 23 11 23 15 27 26 18 7 6 23 18 26 21 11 16 21 7 7
split_gain=14973.2 4270.65 4001.79 1792.64 886.948 673.5 1111.35 593.589 506.895 478.404 428.273 321.371 286.082 419.881 285.332 274.958 389.069 250.647 246.14 209.741 278.775 200.204 175.962 266.679 226.043 199.679 168.292 190.347 165.682 155.894 155.873 147.3 175.089 147.158 146.341 145.016 143.672 161.459 138.205 136.515 136.171 134.088 131.695 126.984 149.967 124.439 123.812 181.419 145.281 156.714 120.796 117.329 165.462 117.149 112.058 108.656 108.011 107.416 107.208 105.201 102.536 118.734
threshold=1.0000000180025095e-35 55.646631240844734 0.88194444775581371 0.61250001192092907 98.830371856689467 1.0000000180025095e-35 55.705244064331062 14.500000000000002 96.437637329101577 0.81666666269302379 60.158729553222663 0.84523808956146251 1.5000000000000002 1.0000000180025095e-35 0.70710784196853649 97.311748504638686 5.5000000000000009 0.44949495792388922 68.801231384277358 1.0000000180025095e-35 1.0000000180025095e-35 0.18333333730697635 49.890829086303718 3.5000000000000004 0.44949495792388922 66.287876129150405 1.0000000180025095e-35 78.629974365234389 93.03940582275392 0.83491453528404247 0.41428571939468389 0.82085561752319347 0.98275861144065868 53.500000000000007 0.095454547554254546 97.23496246337892 0.095454547554254546 81.661396026611342 32.500000000000007 26.158231735229496 5.5000000000000009 66.287876129150405 88.067794799804702 1.0000000180025095e-35 -1.0000000180025095e-35 0.2264957278966904 0.10555555671453477 64.375686645507827 1.0000000180025095e-35 1.0000000180025095e-35 0.32738095521926885 85.270011901855483 73.499401092529311 0.44949495792388922 0.61721614003181469 1.0000000180025095e-35 8.5000000000000018 0.93750000000000011 87.817783355712905 6.5000000000000009 91.945945739746108 73.942821502685561
decision_type=2 2 2 2 2 2 2 2 2 2 2 2 2 2 2 2 2 2 2 2 2 2 2 2 2 2 2 2 2 2 2 2 2 2 2 2 2 2 2 2 2 2 2 2 2 2 2 2 2 2 2 2 2 2 2 2 2 2 2 2 2 2
left_child=1 8 4 10 12 7 -7 22 -1 31 45 54 14 -14 15 16 17 40 41 28 -21 -12 23 25 26 -3 27 -24 -16 30 60 -6 35 -13 -30 -33 42 -38 46 -10 -2 53 -20 -11 -45 -4 -18 48 55 -50 -19 52 -32 -8 -9 -48 -15 -36 -42 -57 61 -23
right_child=2 5 3 -5 9 6 18 11 39 43 21 33 13 56 19 -17 38 50 36 20 -22 29 24 -25 -26 -27 -28 -29 34 -31 51 32 -34 -35 57 -37 37 -39 -40 -41 58 -43 -44 44 -46 -47 47 -49 49 -51 -52 -53 -54 -55 -56 59 -58 -59 -60 -61 -62 -63
leaf_value=-0.096493148527876327 -0.012298765036613764 -0.057834763597693441 0.0082357937645797137 0.099082798074129869 0.048234486711866087 -0.09633794818590169 -0.078369574611225151 -0.062212531792275143 -0.014596293953685556 0.1021996714310533 0.080594642283325538 0.0029259381731651236 -0.033935014093374925 0.11489649882090512 0.057753128014629729 0.066363601466188096 0.015309768528840235 -0.068508672029098883 0.016613336980518683 0.0099826908585518154 -0.091477550908686478 0.007106985625057286 0.015413879217424438 -0.086048835775715676 0.081146541759091917 0.014294018080661353 -0.015356997061510731 0.10645790719726662 0.031877545487696134 0.084072863580619855 0.071906809507261679 0.015372867085090811 0.078058112132496277 -0.034060340951367167 -0.022031731819024895 -0.042057089865432724 -0.037409229576973103 0.011827230480446461 -0.059119959684081624 -0.064815648177188087 -0.0093178568406067329 0.11569535712112766 0.1341154091581728 -0.023352692966625944 0.074257645457101867 0.088534953790598461 -0.00064003686934103348 0.022420677344606278 0.069379493175825022 -0.035169218427650993 0.063993114934647141 0.085202459939557315 -0.010443882247476128 0.026873642306048297 0.00064912008415397295 0.027771796925532666 -0.11084732804170304 0.0023858979309256088 0.052844834714121817 0.11349724756246354 -0.023869665482055318 0.054871470926158544
leaf_weight=14609.744285908062 8770.8167975856923 434.5004852199927 3871.7416786346585 8477.5702130030841 1844.2272767629474 2806.202993650455 855.11794961476699 2591.7870881250128 861.21644975431263 1261.6005098000169 1911.027192234993 2572.1838351637125 3070.2722356747836 248.9289714274928 438.04105423670262 919.37857243418694 8936.4515294497833 76.317785589024425 339.25912359869108 470.76428401470184 637.57285693287849 1151.0539764929563 818.49974709842354 344.78379491576925 673.45853146864101 3289.786915006116 994.60925971483812 319.18910743808374 933.47448855638504 773.55536663718522 534.02258993126452 2326.8696704041213 364.96455284580588 1849.0189896188676 3718.2705434951931 542.12022016197443 1203.4915519249626 1491.3342072507367 210.39257500134408 1457.1692292806692 506.53776518581435 42.697400005999953 132.69105019699782 199.16064345091581 750.65356476232409 203.11424417607486 130.62222367059439 3748.4372561248019 318.01367340050638 261.07964167185128 698.77209737058729 838.3052294421941 449.23280297219753 120.69602482393384 318.4178853360936 177.63421989418566 23.167755638249218 3495.0626014415175 613.42041857540607 737.48567731119692 450.53872859850526 949.9370123129338
leaf_count=3135133 94984 43487 30941 309893 22672 557847 87410 215384 61456 40509 45156 63485 46957 2845 4823 7611 81889 2219 8909 5186 8049 17115 13159 41023 8665 51030 8984 3960 10371 18045 11851 22240 5658 102156 45842 3301 37457 15745 9808 145762 7935 746 1778 1313 15415 2225 2957 37176 6188 3010 11139 20452 8732 2492 2899 1585 326 25199 5022 6803 5924 16915
internal_value=-0.00224901 -0.0521477 0.0265579 0.0644356 0.0105602 -0.022239 -0.0476475 -0.0097344 -0.0895999 0.0425868 0.0380513 -0.0295287 0.00459554 -0.0233836 0.00720785 0.012648 0.0106872 -0.00381458 -0.0150009 -0.00744338 -0.0483825 0.0529549 0.0113745 -0.00191031 0.030641 0.00587899 0.0146894 0.0409571 -0.00215798 0.0426918 0.0353719 0.0256813 0.0128199 -0.0125423 -0.00537931 0.00452098 -0.0012477 -0.0101615 0.0213396 -0.0461605 -0.00810593 -0.0577625 0.0496496 0.0814076 0.0537903 0.0122384 0.0225225 0.0345183 0.0624272 0.0222445 0.0509466 0.0577163 0.0342822 -0.0653523 -0.0553346 0.0846788 0.0956755 -0.0102007 0.0247297 0.0968571 0.01942 0.0287031
internal_weight=104166 38125.9 66040.6 19610.1 46430.5 21197.7 6991.49 14206.2 16928.1 7289.6 11132.5 7331.41 39140.9 3342.37 35798.5 26105.4 25186 10665.9 4185.29 9693.19 1108.34 7057.67 6874.83 4069.07 2805.76 3724.29 2132.3 1137.69 8584.85 5146.65 4373.09 5078.18 3233.95 4421.2 8146.81 2868.99 3166.78 2694.83 14520.1 2318.39 9890.77 1018.51 471.95 2211.41 949.814 4074.86 14309.7 5373.27 1624.84 579.093 775.09 1821.56 983.255 975.814 2910.2 1045.74 272.097 7213.33 1119.96 915.12 2551.53 2100.99
internal_count=5635248 4608967 1026281 487249 539032 1266616 712384 554232 3342351 111108 177356 383924 427924 50128 377796 278326 270715 121299 154537 99470 13235 144190 170308 135540 34768 94517 26103 17119 86235 99034 80989 53871 31199 165641 81412 25541 63889 53202 149416 207218 107941 90648 10687 57237 16728 33166 139608 57719 20543 9198 13358 41035 20583 89902 218283 11345 3171 71041 12957 8388 39954 34030
is_linear=0
shrinkage=0.1


Tree=35
num_leaves=63
num_cat=0
split_feature=9 23 16 8 1 16 16 22 26 3 23 18 6 16 3 10 18 9 23 3 25 16 18 16 21 11 11 21 11 23 3 11 11 22 21 26 10 25 10 6 10 8 8 18 26 3 21 11 21 16 22 22 16 6 9 8 27 24 9 2 1 0
split_gain=10203.2 6092.97 2910.37 1576.11 1451.95 898.08 881.353 663.047 429.5 415.612 386.871 352.539 333.467 309.726 285.149 261.587 246.353 242.178 224.308 214.778 214.465 218.628 232.584 253.245 270.357 207.044 203.9 195.064 225.373 188.389 186.37 178.632 174.846 174.204 226.508 174.048 172.55 169.681 149.737 200.397 142.054 134.555 129.518 123.301 121.677 121.641 118.314 115.999 114.496 117.481 114.168 105.497 102.54 102.355 196.993 99.4573 98.3458 96.0101 93.0465 92.1644 89.5852 107.674
threshold=53.001201629638679 0.88194444775581371 95.67297744750978 98.213714599609389 8.5000000000000018 99.052112579345717 60.479471206665046 2.5000000000000004 1.0000000180025095e-35 6.5000000000000009 0.44949495792388922 0.8834841549396516 26.158231735229496 77.286670684814467 50.500000000000007 98.07621002197267 0.82480818033218395 46.049896240234382 -1.0000000180025095e-35 3.5000000000000004 1.0000000180025095e-35 98.295398712158217 0.70710784196853649 97.22989654541017 5.5000000000000009 0.44949495792388922 0.84523808956146251 6.5000000000000009 0.44949495792388922 0.13392857462167743 11.500000000000002 0.64583334326744091 0.11805555596947671 9.5000000000000018 9.5000000000000018 1.5000000000000002 73.375530242919936 1.0000000180025095e-35 28.370221138000492 30.0684928894043 45.867485046386726 77.849929809570327 90.645832061767592 0.56385868787765514 1.0000000180025095e-35 5.5000000000000009 12.500000000000002 0.77500000596046459 10.500000000000002 92.768566131591811 9.5000000000000018 8.5000000000000018 94.458400726318374 88.047618865966811 85.215545654296889 30.0684928894043 1.0000000180025095e-35 1.5000000000000002 88.067794799804702 0.47389775514602667 7.5000000000000009 0.79655864834785473
decision_type=2 2 2 2 2 2 2 2 2 2 2 2 2 2 2 2 2 2 2 2 2 2 2 2 2 2 2 2 2 2 2 2 2 2 2 2 2 2 2 2 2 2 2 2 2 2 2 2 2 2 2 2 2 2 2 2 2 2 2 2 2 2
left_child=2 4 10 15 5 14 7 30 25 33 -1 18 45 -12 16 27 20 38 51 -15 26 22 23 24 59 -7 32 28 36 -9 41 -32 -2 34 37 46 58 -8 -14 55 -39 -6 -38 -11 -42 -4 52 -16 49 -24 -37 -10 -26 54 -30 -40 -50 -13 -3 -22 61 -47
right_child=1 3 12 -5 6 8 9 29 11 43 13 57 17 19 47 -17 -18 -19 -20 -21 21 -23 48 -25 35 -27 -28 -29 53 -31 31 -33 -34 -35 -36 50 42 40 39 -41 44 -43 -44 -45 -46 60 -48 -49 56 -51 -52 -53 -54 -55 -56 -57 -58 -59 -60 -61 -62 -63
leaf_value=-0.095955593641275871 0.057704940473138192 -0.026084022826217652 0.040585711882262787 0.098071283398676795 -0.055607018278862733 0.037617031840193951 0.063272076053685386 -0.0970203893869485 -0.054373936004044644 -0.068240886332392753 -0.087331667145277472 -0.042784496169882384 -0.09079702682598112 0.034332114839648369 -0.087616584120915372 0.10367579597816384 -0.037662462856332207 0.010315929424394675 0.064110742240017407 -0.052192840908998867 -0.026355876574624206 0.043512556129564617 0.040085127180002088 0.074733430582050522 0.011461766150833799 0.09382199088135755 0.056918170900765022 0.049014311210756667 0.066198581199480327 -0.024541074760396048 -0.082491561088135046 -0.026952091178843229 -0.00048073892892753996 -0.054336599126286238 0.067311060628917799 -0.00408613146337964 0.055704769924060482 -0.063920278717345555 0.041902606037958472 -0.050718409716397531 0.053985074798186476 0.014388681017523256 -0.015941696728575944 -0.0086947165199824025 -0.0011303427988371571 0.03163873515864047 0.052651066380589744 -0.023565461383745032 0.028123403796226378 -0.025046225116915788 -0.071867279306645035 0.036751955324663126 0.042807381940447253 0.082550931228961857 -0.0329123935776807 -0.058415466438639423 -0.076461585079290503 0.013801442354117925 0.070442913345414582 -0.0028937030048223644 -0.053189779772339199 -0.037210190784408605
leaf_weight=12205.339245575946 655.79619587538764 1532.8302012942731 1313.142577487044 8456.2579428292811 347.41734880069271 1044.4382539168 476.37118993373588 2645.5292229284532 274.57372220698744 1027.9300077683292 1214.7184371175244 796.46148107107729 544.37672540685162 500.2741523575969 360.65071036107838 549.96648308448493 1322.5415473473258 1187.247890623752 1562.5948141412809 672.5764727871865 2049.3150780689903 1313.2141100140288 293.43463239911944 524.6320399530232 11665.872628958896 1759.596400404349 1491.0960578094237 3715.9703525276855 517.6077795708552 414.84786531561986 800.67326173651963 2092.6548552876338 2430.3987545757554 387.47337174601853 718.20499250944704 952.21819343371317 735.62665275949985 318.59206678206101 434.77212862344459 1526.2398340506479 456.89103951491416 1310.9732753764838 384.03606962412596 525.52571137854829 3248.6237780447118 751.81693848315626 856.68184803496115 1309.0043498980813 826.48062996938825 4926.8072138903663 336.25180848641321 236.44872416555882 1146.1476584919728 572.93967976793647 327.38650460261852 127.9005091637373 100.88732841145247 480.88993563968688 106.8219662392512 9148.6528964675963 274.14104535989463 325.49751079501584
leaf_count=2784866 7143 22929 30168 331386 31639 15492 6510 525720 1586 73131 226849 5567 34520 23282 30367 16735 11977 37762 21743 73591 71807 10865 3331 4385 191584 54457 26218 64011 9064 18519 101497 110489 20503 16399 10665 23587 13797 35695 14970 81967 6270 21475 5349 12703 45324 22636 13053 60282 7680 53478 8149 1340 9973 14677 5949 7272 1253 3956 1685 108109 24184 3678
internal_value=-0.00212344 0.0142701 -0.063983 0.0675558 -0.000106432 0.00835155 -0.027513 -0.0512023 0.0440093 -0.00232656 -0.0887542 0.0198451 -0.00824253 -0.0519405 0.00308966 0.036993 0.00477808 -0.0271799 0.0453022 -0.015286 0.00622778 0.00350262 0.00190208 0.00594257 0.00456273 0.0728869 0.0265539 0.0323468 0.0175198 -0.0871955 -0.0270021 -0.0423216 0.0118833 0.0103563 0.0151595 0.0133597 0.000869129 0.00683699 -0.0440854 -0.0319122 0.000156245 -0.000274764 0.0311306 -0.0480967 0.0056654 0.0189102 0.0166717 -0.0374007 -0.0156331 -0.0213851 -0.021775 -0.0122102 0.0142659 0.0499223 0.0277988 0.0190994 0.0167457 -0.0214813 -0.0197954 -0.00718746 -0.00215086 0.0108369
internal_weight=100614 79536.2 21078 16899.4 62636.8 47865.1 14771.7 7612.1 6155 7159.61 14592.9 3350.97 6485.14 2387.57 41710.1 8443.19 40040.4 3820.54 2073.62 1172.85 38717.9 34140.6 32827.4 26679.8 26155.1 2804.03 4577.29 7893.22 4177.25 3060.38 4551.72 2893.33 3086.19 5606.16 5218.68 14957.2 2759.31 4500.48 2633.29 2088.91 4024.11 1658.39 1119.66 1553.46 3705.51 2664.6 13668.7 1669.66 6147.61 5220.24 1288.47 511.022 12812 1417.93 844.994 562.673 927.368 1277.35 1639.65 11198 1351.46 1077.31
internal_count=5635248 2269503 3365745 485582 1783921 767885 1016036 809339 104141 206697 3108588 34192 257157 323722 663744 154196 573095 176491 24669 96873 561118 507254 496389 430647 426262 69949 53864 137461 73450 544239 265100 211986 27646 120863 104464 246346 43760 93799 138729 104209 87289 53114 19146 85834 51594 80666 214610 90649 65742 56809 31736 2926 201557 29690 15013 22242 8933 9523 24614 179916 50498 26314
is_linear=0
shrinkage=0.1


Tree=36
num_leaves=63
num_cat=0
split_feature=4 9 23 11 16 26 16 16 3 11 9 7 17 18 7 26 11 3 0 9 11 9 17 23 2 26 18 7 9 11 27 7 18 18 23 7 3 16 3 18 17 15 3 22 11 11 17 22 9 15 11 21 15 23 25 3 27 9 7 7 9 16
split_gain=11233.2 3844.35 3203.05 1726.07 651.958 546.405 1008.71 502.263 439.035 422.288 329.15 264.408 248.566 265.727 232.616 210.422 193.409 176.926 150.769 147.025 195.864 192.287 144.731 165.065 156.986 143.022 137.667 137.318 137.12 131.312 128.155 126.583 126.374 150.832 121.599 121.271 118.486 118.191 116.419 119.565 113.445 113.126 111.879 107.74 107.456 234.878 125.696 143.53 118.46 106.265 105.736 94.6767 94.5567 90.7264 89.0732 88.968 87.5345 86.7594 86.5307 85.085 109.262 84.6318
threshold=1.0000000180025095e-35 54.72370910644532 0.88194444775581371 0.61250001192092907 98.706874847412124 1.0000000180025095e-35 52.111026763916023 96.168525695800795 18.500000000000004 0.93750000000000011 60.158729553222663 95.311355590820327 99.80237197875978 0.77097901701927196 57.321428298950202 2.5000000000000004 0.15476191043853763 4.5000000000000009 0.80898490548133861 48.074073791503913 0.095454547554254546 87.226108551025405 85.212245941162124 0.095454547554254546 0.74055027961730968 1.0000000180025095e-35 0.8603896200656892 24.068965911865238 85.215545654296889 0.41428571939468389 1.0000000180025095e-35 26.158231735229496 0.82085561752319347 0.98275861144065868 0.4083333313465119 85.270011901855483 103.50000000000001 89.42132949829103 4.5000000000000009 0.56385868787765514 98.124923706054702 90.338954925537124 1.5000000000000002 6.5000000000000009 0.44949495792388922 1.0000000180025095e-35 57.795139312744148 3.5000000000000004 78.629974365234389 97.23496246337892 0.2264957278966904 6.5000000000000009 94.55163955688478 0.73214286565780651 1.0000000180025095e-35 49.500000000000007 1.0000000180025095e-35 46.737588882446296 78.456192016601577 72.281322479248061 89.039035797119155 63.665315628051765
decision_type=2 2 2 2 2 2 2 2 2 2 2 2 2 2 2 2 2 2 2 2 2 2 2 2 2 2 2 2 2 2 2 2 2 2 2 2 2 2 2 2 2 2 2 2 2 2 2 2 2 2 2 2 2 2 2 2 2 2 2 2 2 2
left_child=1 7 4 10 12 8 -7 58 17 32 50 -10 13 15 28 19 -12 -3 29 27 21 51 23 41 40 -11 -27 37 34 52 -15 -9 57 49 -8 -31 -13 -2 54 -40 53 42 -22 56 45 48 47 -46 -19 -34 61 -21 -18 -24 -16 -44 -36 -6 -1 60 -54 -4
right_child=2 5 3 -5 9 6 14 31 11 25 16 36 -14 30 38 -17 18 44 -20 20 22 -23 24 -25 -26 26 -28 -29 -30 35 -32 -33 33 -35 43 -37 -38 -39 39 -41 -42 -43 55 -45 46 -47 -48 -49 -50 -51 -52 -53 59 -55 -56 -57 -58 -59 -60 -61 -62 -63
leaf_value=-0.095918963701482077 -0.031421775148240391 0.030199369140811991 -0.095737985174266627 0.097749894622519096 -0.002104819617279124 -0.097148970075391361 -0.069592749470979501 -0.01395202816522937 -0.055566011893132386 0.1013737295029814 0.077238212976936532 -0.006053021497589516 0.07269908960487613 -0.016551435898147112 0.079796325654190536 -0.068697260695616949 0.03087549460567271 -0.0014588070200185173 0.07344176658025299 -0.014598063604596791 0.088143388431822844 0.10389311386591547 -0.011982484942149159 0.030409894707955548 0.0092097061799490659 0.074850455492047968 -0.0059071184479714198 -0.053659813365684129 0.063138115079993395 0.025673987135122492 -0.074962029167579033 -0.063120138484945229 0.011928586909187338 0.073303575817427205 0.29943078992622091 0.082057781325497126 -0.060367350164765958 0.095868705155200962 -0.04893940423672085 0.012422319782216253 0.051314927269569134 0.26388385348588156 0.0061196922628075573 -0.021712507181934362 0.0065745537772902056 -0.052687771999963398 0.066304084681328035 -0.083905612329759793 0.093031805525392072 -0.036116479470797262 0.084498724775309175 0.039094065387987785 -0.071661349383137327 -0.12501864993435266 0.010812394984666745 -0.06517886024581579 0.0028940125710897476 0.053089139727014845 1.1525861001616391 0.013966660965513961 0.067085010898022032 0.0098032647238308016
leaf_weight=11997.514165533939 158.52832903014496 2335.796410568757 77.547387306578457 7037.0506185330451 351.97561673633754 2295.965497758938 1103.3646403201856 860.85511941090226 2288.5998028316535 1050.4735685959458 1650.5585769750178 3352.5478905439377 519.15258536674082 2797.2775091552176 218.84359920816496 377.1407309519127 1365.7487021833658 568.39429029473104 942.45284402742982 465.66629483550787 164.21959540806711 363.95795201137662 7775.9272678000852 3865.4875252433121 7619.420780941844 629.99559559673071 317.45444549620152 740.74019660521299 103.01440049055964 831.09007642604411 433.88543771021068 1336.580871428363 2313.4502719063312 334.46941047161818 21.522623929195106 705.08255848474801 456.30973927024752 135.11720488453284 678.58012779965065 596.85081714577973 284.055838547647 17.060233861207962 11301.804564611521 155.10158285521902 3015.0879734014161 1066.171857817797 328.0893736849539 186.14629386970773 173.07721356023103 574.71751730889082 187.90451274253428 1114.2354235253297 314.10922054573894 71.661030042916536 1293.5334369644988 177.76673770835623 18.520657015033066 1492.1335844434798 0.55514912214130063 587.65337786637247 69.27544279769063 3754.7862428082153
leaf_count=3105913 10566 49512 5982 309893 3807 545042 118318 64268 193494 40477 44432 127528 6567 25942 1933 8669 22153 12277 24216 8503 1143 3692 81196 39549 73374 12784 4597 44464 3281 18254 4871 151520 22661 5658 328 19781 30180 4039 26003 5203 2199 100 97178 2994 48326 66863 4636 24708 2420 3684 2225 11035 3852 548 23818 2326 390 19403 12 9806 1696 24959
internal_value=-0.00199967 -0.0479082 0.0231166 0.0594378 0.00911221 -0.0199432 -0.0438759 -0.0878113 -0.00867175 0.0370298 0.0337274 -0.0287017 0.00397379 0.0030315 -0.0146795 0.00559032 0.0476974 0.00724585 0.0375718 0.0064082 0.00756421 0.0383643 0.00565002 0.0125015 -0.00110373 0.0759642 0.0477917 -0.0307194 -0.0479132 0.0288432 -0.0243949 -0.0438583 0.0216771 0.0097303 -0.0567233 0.0515534 -0.01256 0.0271493 0.00202814 -0.0202246 -0.0107675 0.00656502 0.006188 0.0160419 -0.00280007 -0.0226271 0.0073549 0.00131329 0.0205976 0.00236808 0.0112587 0.0232686 0.0139138 -0.0130147 0.0207945 0.0050156 0.162278 0.0425546 -0.0958612 -0.00994255 -0.0465907 0.00766763
internal_weight=97422.1 34451 62971 17523.3 45447.8 20255.5 6485.3 14195.5 13770.2 7064.67 10486.2 6097.46 38383.1 37864 4189.33 34632.8 6465.97 7672.76 4815.41 34255.6 33221.3 1943.86 31277.4 15526.3 15751.1 1997.92 947.45 1034.39 1401.52 3872.96 3231.16 2197.44 5066.75 3222.64 1298.51 1536.17 3808.86 293.646 2787.81 1275.43 8131.64 11660.9 11643.8 195.145 5336.97 1807.64 3529.32 3201.23 741.472 2888.17 4020.24 1579.9 2336.79 7847.59 1512.38 11479.6 40.0433 1844.11 11998.1 971.038 383.385 3832.33
internal_count=5635248 4608967 1026281 487249 539032 1287254 727310 3321713 559944 113071 177356 351202 425961 419394 182268 388581 144190 208742 99758 379912 320843 23230 297613 140296 157317 57858 17381 59069 125311 75542 30813 215788 55213 32003 122030 38035 157708 14605 56957 31206 83943 100747 100647 3712 159230 81560 77670 73034 14697 26345 33166 19538 37507 81744 25751 99504 718 23210 3105925 15354 5548 30941
is_linear=0
shrinkage=0.1


Tree=37
num_leaves=63
num_cat=0
split_feature=4 9 26 18 8 26 16 16 3 10 11 18 14 9 10 24 25 10 14 16 21 27 24 21 22 26 16 21 22 27 18 22 11 11 9 18 21 8 11 11 2 21 11 11 3 8 25 22 11 14 6 11 3 26 16 11 14 21 14 25 11 8
split_gain=9563.16 3649.38 2812.35 1163.6 2016.66 505.538 934.657 495.534 379.018 282.597 276.966 267.708 239.452 238.235 237.267 202.982 225.003 286.479 178.555 316.831 282.722 177.065 300.08 209.352 292.103 186.696 185.133 169.069 186.375 235.651 163.425 249.356 244.091 182.435 173.772 160.102 152.96 158.812 174.682 147.712 139.482 138.677 137.82 158.817 133.583 143.067 133.392 129.224 144.431 208.328 122.006 117.293 113.068 111.389 119.72 108.599 145.328 211.317 120.332 175.061 102.601 129.627
threshold=1.0000000180025095e-35 53.907203674316413 1.0000000180025095e-35 0.30217391252517706 98.213714599609389 1.0000000180025095e-35 52.111026763916023 96.168525695800795 23.500000000000004 52.419982910156257 0.11805555596947671 1.0000000180025095e-35 8.5000000000000018 68.457099914550795 97.498435974121108 1.0000000180025095e-35 1.0000000180025095e-35 98.07621002197267 5.5000000000000009 99.760765075683608 7.5000000000000009 1.0000000180025095e-35 1.5000000000000002 6.5000000000000009 6.5000000000000009 1.5000000000000002 97.067424774169936 7.5000000000000009 6.5000000000000009 1.0000000180025095e-35 0.32738095521926885 3.5000000000000004 0.44949495792388922 0.44949495792388922 82.807880401611342 0.70710784196853649 7.5000000000000009 28.718704223632816 0.27922078967094427 0.31666667759418493 0.7506278157234193 10.500000000000002 0.31666667759418493 1.0000000180025095e-35 1.5000000000000002 68.614070892333999 1.0000000180025095e-35 9.5000000000000018 0.095454547554254546 4.5000000000000009 26.158231735229496 0.93750000000000011 4.5000000000000009 1.5000000000000002 98.598102569580092 0.73214286565780651 10.500000000000002 7.5000000000000009 11.500000000000002 1.0000000180025095e-35 0.44949495792388922 92.031745910644545
decision_type=2 2 2 2 2 2 2 2 2 2 2 2 2 2 2 2 2 2 2 2 2 2 2 2 2 2 2 2 2 2 2 2 2 2 2 2 2 2 2 2 2 2 2 2 2 2 2 2 2 2 2 2 2 2 2 2 2 2 2 2 2 2
left_child=1 7 3 41 9 8 -7 -1 27 36 -11 -4 15 39 -10 -13 17 -17 -6 20 -20 23 25 26 -25 35 -18 30 29 -29 31 33 34 -3 42 -23 37 40 -39 -8 -5 44 43 -32 -2 -46 -22 48 -15 52 -9 55 -50 -26 -55 -14 -57 58 59 -58 61 -12
right_child=2 5 11 4 18 6 13 50 14 10 60 12 51 47 -16 16 21 -19 19 -21 46 22 -24 24 53 -27 -28 28 -30 -31 32 -33 -34 -35 -36 -37 -38 38 -40 -41 -42 -43 -44 -45 45 -47 -48 -49 49 -51 -52 -53 -54 54 -56 56 57 -59 -60 -61 -62 -63
leaf_value=-0.095618521419072719 0.094562809145043877 -0.062585969829418872 -0.10430172507292866 0.048590169995675503 0.099346016101371629 -0.096767855498340841 -0.069165753021120407 -0.012099709947535 -0.058726282385940243 0.081161509659605488 0.031113092218258587 -0.0005387209725875267 -0.012817199797482991 0.06468396528815841 -0.013602131545415281 0.01699196625875293 -0.017580963492262545 0.070933314694808569 0.059323796090581263 0.092526849955398865 -0.015116773322876901 0.01747439294719633 -0.087888060701811849 0.10325907100568149 0.025943489280052807 0.13513288352106687 0.075987437783359577 0.023835428296724151 -0.016158767819905728 0.1086294579134983 -0.01138125467992581 -0.086103704306826609 0.097403942606858696 0.0019689787206277269 0.063265392340125889 -0.081185137753858327 0.033189080981650305 -0.035419812118550408 0.056188795293760307 0.05686834650895483 -0.010103810644961776 0.049514008693797976 0.052083735854800008 -0.11788531213406073 -0.062816047184277926 0.0037806201311847811 -0.1708951688885072 -0.056765606902183588 0.039847099025643609 -0.047676759732444958 -0.06173633575460117 0.067144214231882077 -0.012051498844194758 -0.039733788868688807 0.13015467468727432 -0.070917338468902483 0.05163747882650041 -0.069498564533815352 0.039223439223178759 0.51215626665215597 0.050476168074409945 -0.021560580960688407
leaf_weight=10796.616983439773 152.06292897928506 502.16184084885754 233.79537182021886 885.74957792414352 7227.1117611359805 2091.85894069192 930.68640346638858 813.96764884935692 1792.3856880192179 1532.8645711690187 2366.1509853750467 16902.072444342077 4075.8943569241092 365.76903419313021 3330.3330441117287 3134.2919358052313 2287.6882108869031 1435.5163815934211 336.42090620659292 1219.5101827271283 120.54837097413838 642.14018904045224 503.56280034966767 457.26919832406566 2726.8511844547465 102.20818902319297 232.99457346089184 1451.8077297438867 744.54990161629394 423.30988240637816 470.42108959029429 435.13008779333904 347.08809019718319 3414.2244238201529 335.9280554978177 221.12239875737578 2289.420129454229 1429.8860049634241 243.61304831504822 103.3130869967863 745.7949620205909 695.13224702700973 196.92912109708413 199.34260783018544 344.6087871179916 5045.7685758247972 101.04268765449524 370.24243580759503 930.35131301078945 723.1646461202763 1264.45839586691 160.76678198203444 764.92889982531779 470.0629190527834 45.494671154767275 711.20880065206438 15.141373962163923 85.200057570822537 36.165821211412549 18.148670719005167 1907.5299389902502 582.15220851078629
leaf_count=3077468 1394 60748 15360 7381 327504 546810 122646 64486 166353 44200 40799 152257 78753 8922 152121 27554 16573 34784 9251 51971 3731 4841 3945 3291 18802 668 1909 40279 12549 5145 9199 49980 4689 59499 4338 2190 20876 12900 2921 4133 4364 9188 1285 1874 14935 31676 718 9286 12962 27467 149605 931 17123 4297 339 20196 122 1459 826 400 44945 8030
internal_value=-0.00188187 -0.0455162 0.0213049 0.045333 0.0566034 -0.0187019 -0.04218 -0.0870108 -0.0078946 0.0297326 0.0441031 0.0023421 0.00306977 -0.0149169 -0.0293906 0.00656665 0.016363 0.0339366 0.0923624 0.0639684 0.00155508 0.00591903 -0.0253066 0.0132935 0.0284363 0.00733409 -0.00893214 0.00502869 0.0261703 0.0429778 -0.00435646 -0.0142874 0.0235293 -0.0063083 0.00220841 -0.00779698 0.0133219 -0.000440121 -0.0220842 -0.0565729 0.0217606 0.00741113 -0.0214571 -0.0430802 0.00213059 -0.000476929 -0.0861497 -0.00126251 0.00611825 -0.00273932 -0.0422973 -0.0169151 0.0164299 0.0178842 -0.0247422 -0.0196498 -0.0518129 0.0360418 0.165506 0.302698 0.0324046 0.0207125
internal_weight=94521.9 32799 61723 27225.4 20987.8 19923.9 6280.31 12875 13643.6 11983.2 6388.7 34497.6 34263.8 4188.46 5122.72 29161.3 12259.2 4569.81 9004.63 1777.52 558.012 7689.39 1469.03 6220.36 3699.68 965.471 2520.68 8520.89 2619.67 1875.12 5901.23 4351.52 1549.71 3916.39 1202.62 863.263 5594.46 3305.04 1673.5 1034 1631.54 6237.57 866.693 669.764 5542.44 5390.38 221.591 3154.46 2784.21 2418.44 2078.43 5102.53 1695.28 3242.41 515.558 4941.76 865.865 154.656 69.4559 33.29 4855.83 2948.3
internal_count=5635248 4608967 1026281 636784 579591 1317408 749349 3291559 568059 186416 137974 389497 374137 202539 318474 271450 119193 62338 393175 65671 13700 56855 11644 45211 26729 7699 18482 249585 57973 45424 191612 170227 21385 120247 16696 7031 48442 27566 15821 126779 11745 57193 12358 11073 48005 46611 4449 75760 66474 57552 214091 102687 30085 23438 4636 101756 23003 2807 1348 522 93774 48829
is_linear=0
shrinkage=0.1


Tree=38
num_leaves=63
num_cat=0
split_feature=4 9 23 8 16 16 16 15 16 3 11 11 3 10 1 18 1 17 17 9 21 16 21 23 17 23 15 7 7 17 7 9 16 21 7 18 0 11 17 15 10 3 11 0 18 21 25 7 15 25 18 9 5 2 18 21 25 16 10 18 7 18
split_gain=8141.41 3440.97 2521.01 1850.55 508.099 490.243 412.675 525.239 809.929 368.852 354.23 254.635 242.547 231.447 215.466 222.057 197.779 184.739 168.171 162.294 198.246 148.775 210.094 205.764 170.654 154.818 143.68 141.707 136.286 134.486 133.772 125.434 124.818 123.163 116.078 109.225 108.9 125.63 105.019 99.5474 98.523 92.3661 130.87 97.5016 87.255 87.1959 83.3318 83.2618 80.9481 80.5427 77.7346 75.9668 75.8221 103.035 75.8185 75.668 95.5739 89.0325 74.404 74.0838 73.9329 78.2397
threshold=1.0000000180025095e-35 53.907203674316413 0.88194444775581371 98.213714599609389 96.019802093505874 98.441547393798842 90.017181396484389 1.0000000180025095e-35 49.890829086303718 4.5000000000000009 0.93750000000000011 0.44949495792388922 74.500000000000014 98.07621002197267 27.500000000000004 0.70710784196853649 29.500000000000004 98.421009063720717 91.442928314208999 42.740047454833991 6.5000000000000009 97.311748504638686 5.5000000000000009 0.44949495792388922 84.237243652343764 0.29285715520381933 49.87309646606446 81.661396026611342 79.095325469970717 99.333301544189467 30.860805511474613 88.067794799804702 93.295883178710952 6.5000000000000009 26.158231735229496 0.8603896200656892 0.78429833054542553 0.27922078967094427 96.164356231689467 89.591667175292983 64.051280975341811 24.500000000000004 0.73214286565780651 0.56907349824905407 0.96275860071182262 12.500000000000002 1.0000000180025095e-35 62.575302124023445 83.448474884033217 1.0000000180025095e-35 0.82480818033218395 64.346244812011733 1.0000000180025095e-35 0.84802827239036571 0.96275860071182262 10.500000000000002 1.0000000180025095e-35 95.393455505371108 97.498435974121108 0.43874999880790716 51.649148941040046 0.29520697891712194
decision_type=2 2 2 2 2 2 2 2 2 2 2 2 2 2 2 2 2 2 2 2 2 2 2 2 2 2 2 2 2 2 2 2 2 2 2 2 2 2 2 2 2 2 2 2 2 2 2 2 2 2 2 2 2 2 2 2 2 2 2 2 2 2
left_child=1 4 5 13 -1 14 7 11 -9 16 36 27 41 19 15 17 26 21 49 30 28 22 23 -2 25 39 33 -3 59 32 52 -11 -17 -10 -6 -12 40 51 -26 45 -7 43 -43 -13 -39 -24 -40 -28 -27 -8 55 -38 53 -4 -37 56 57 -34 -20 -21 -16 -62
right_child=2 6 3 -5 34 10 18 8 9 31 35 12 -14 -15 60 29 -18 -19 58 20 -22 -23 24 -25 38 48 47 -29 -30 -31 -32 -33 50 -35 -36 54 37 44 46 -41 -42 42 -44 -45 -46 -47 -48 -49 -50 -51 -52 -53 -54 -55 -56 -57 -58 -59 -60 -61 61 -63
leaf_value=-0.095165039588877648 -0.0079890828721878027 -0.074090555889764181 0.013465223996987919 0.096362833852101065 -0.011434432156399854 0.011024560871970648 0.052855508289035326 -0.094603036663860954 -0.012854017695692291 -0.06903017548078616 0.078558170532590121 0.015934730692505155 -0.059533180569194148 0.10262554370527331 -0.089154497997994714 0.026637705585675638 -0.055755996842953938 0.079656498531958206 -0.018159475735895617 -0.075233061421505099 0.049154811772385405 0.054157827902641502 0.010815880447569792 0.049318456599724503 -0.0051892650969913509 0.038213216707814662 -0.025241944067762589 0.11805576064907562 0.040039714887191845 0.062186675937450059 -0.047857271012004786 -0.013446760859734397 0.063750395525295475 0.11376314558098133 -0.06019004632551761 0.0036230777986614887 -0.0047094980970417005 -0.032240458587471814 -0.023470993516061592 0.23951234474788141 0.042890340813581111 -0.050139833144006052 -0.0024898502556700043 -0.021132544532007053 0.080476582676418246 0.055174659001173715 0.04930618264564976 0.036331505321463696 0.10470949574627618 0.014184474159132926 -0.045533132881484702 0.068535879135403974 0.029369923110772224 -0.067145400953049966 0.1023900920988462 0.008059678872507867 -0.022676119784016412 -0.0075086946626995929 0.047407446814202128 0.0047005464150417968 -0.064779148018971583 0.030755884807807023
leaf_weight=9800.977171148872 10208.182288762182 763.53286291589029 489.84945398569107 6239.4432139825076 833.3583601959981 1989.5397629085928 850.66487281234004 2314.9432137827389 102.20811265334487 1150.8253141804598 1591.1544181406498 3694.878473224584 760.75002329098061 381.76835036836565 312.54749133950099 769.76460741786286 307.47434317623265 358.05042227357626 1733.1707240820397 122.28127733711153 3169.3897570595145 662.37607173155993 6545.6550982221961 667.50491171190515 5048.4158993111923 2256.2891051485203 372.24855154310353 40.413497652392834 1388.7241174075752 252.51661201938987 466.45452774409205 627.30284551298246 250.67129687778652 309.32092651142739 1179.3904972637538 377.78494544886053 269.41430365294218 992.47181029990315 205.37200937792659 19.597587693482637 1893.8616262134165 740.73599953297526 2597.8281011339277 878.31397601775825 73.782556008547544 475.31412773113698 672.61961009074003 535.59648794797249 199.23288345802575 1468.0719215001445 779.02996812388301 298.47271233797073 1057.4965202985331 234.45285962056369 97.855555769056082 1459.4728747215122 4965.2504078177735 583.40154350548983 192.27208404801786 2238.8191406177357 191.85756851127371 154.96285537444055
leaf_count=3073165 106666 109350 4681 327608 65356 16782 8863 602112 7912 113208 49869 70428 65005 15430 26931 9200 27855 4091 28983 2669 59276 4948 63451 12013 50833 28337 27369 1114 32678 2852 4736 22793 3131 7396 153038 7041 1701 8165 1860 115 27877 75074 107731 5037 2062 5056 6301 10243 2509 24381 7675 2962 7785 1183 4311 13438 55479 5513 2554 31203 6230 1633
internal_value=-0.00176912 -0.0432025 0.0196669 0.0540094 -0.0857669 0.00751549 -0.0173368 -0.0250366 -0.0489662 -0.0179391 0.0306785 -0.0105928 -0.00560191 0.0263358 0.00277237 0.00379922 0.0164703 0.00829854 0.0102323 0.0231588 0.0307432 0.00735086 0.00617193 -0.00447178 0.0136777 0.0219878 0.0333024 -0.0644316 0.0151816 -0.0097674 -0.000182874 -0.049421 -0.0118303 0.0823163 -0.0400033 0.0659893 0.0174515 -0.00420569 0.000362184 0.0144472 0.0265649 -0.000416178 -0.0130621 0.0088157 -0.0244407 0.0138189 0.0322828 0.0110842 0.0436085 0.0283715 -0.0155143 0.0337871 0.0122977 -0.012628 0.0239428 -0.0122927 -0.0174146 0.0139074 -0.0116121 0.000560789 -0.0538809 -0.0220931
internal_weight=91665.4 31254.3 60411.1 15788.7 11813.7 44622.4 19440.6 15196.4 5719.92 3404.98 7584.34 9476.45 8672.51 9549.24 37038.1 36378.7 1626.85 27318.6 4244.18 9167.47 6919.21 26960.6 26298.2 10875.7 15422.5 9496.09 1319.37 803.946 3749.82 9060.11 2248.25 1778.13 8807.59 411.529 2012.75 2066.79 5517.54 1634.14 5926.41 7040.57 3883.4 7911.76 3338.56 4573.19 1066.25 7020.97 877.992 907.845 2455.52 2318.74 8037.83 567.887 1781.8 724.302 475.641 7258.8 5799.32 834.073 1925.44 2361.1 659.368 346.82
internal_count=5635248 4608967 1026281 487249 3291559 539032 1317408 1252627 818888 216776 120770 433739 323275 159641 418262 383468 80775 286180 64781 144211 125826 282089 277141 118679 158462 99468 52920 110464 66550 97288 18385 136001 94436 15308 218394 61221 59549 14890 58994 68622 44659 258270 182805 75465 10227 68507 8161 37612 30846 33244 85236 4663 13649 5864 11352 77561 64123 8644 31537 33872 34794 7863
is_linear=0
shrinkage=0.1


Tree=39
num_leaves=63
num_cat=0
split_feature=4 9 23 8 16 26 16 16 10 3 10 14 10 3 26 17 8 16 18 21 9 5 7 26 15 9 23 6 22 25 16 25 17 22 17 21 18 18 17 26 23 17 6 22 17 15 18 16 3 25 22 16 18 18 15 15 26 21 17 14 3 18
split_gain=6907.84 3240.42 2216.74 1798.59 492.406 432.759 807.194 416.224 328.404 304.942 224.629 219.908 219.236 211.278 157.852 157.465 156.878 197.133 191.828 141.835 155.912 156.984 147.302 137.933 126.577 140.914 118.767 117.911 116.745 155.834 161.037 116.62 124.084 132.827 123.355 120.52 105.54 116.03 105.48 103.357 103.001 99.5143 98.8935 97.67 96.5129 269.839 202.243 156.269 93.4148 93.2437 91.5116 87.2801 87.3991 84.9641 84.7626 84.3781 83.8189 91.7234 82.4008 81.0906 80.2769 131.221
threshold=1.0000000180025095e-35 53.001201629638679 0.88194444775581371 98.213714599609389 96.019802093505874 1.0000000180025095e-35 52.111026763916023 98.706874847412124 97.70084381103517 4.5000000000000009 47.140522003173835 8.5000000000000018 98.07621002197267 79.500000000000014 1.0000000180025095e-35 99.80237197875978 92.718276977539077 79.087123870849624 0.35857143998146063 7.5000000000000009 48.074073791503913 1.0000000180025095e-35 81.120250701904311 2.5000000000000004 92.342185974121108 43.951219558715827 -1.0000000180025095e-35 26.158231735229496 9.5000000000000018 1.0000000180025095e-35 98.092205047607436 1.0000000180025095e-35 93.88999176025392 8.5000000000000018 85.372985839843764 12.500000000000002 0.82085561752319347 0.98275861144065868 90.02923965454103 1.0000000180025095e-35 0.44949495792388922 96.67456436157228 91.945945739746108 3.5000000000000004 95.67297744750978 96.636753082275405 0.57417583465576183 94.458400726318374 19.500000000000004 1.5000000000000002 7.5000000000000009 94.767265319824233 0.18350168317556384 0.98275861144065868 86.576263427734389 97.446762084960952 1.5000000000000002 7.5000000000000009 98.006622314453139 2.5000000000000004 5.5000000000000009 0.62731480598449718
decision_type=2 2 2 2 2 2 2 2 2 2 2 2 2 2 2 2 2 2 2 2 2 2 2 2 2 2 2 2 2 2 2 2 2 2 2 2 2 2 2 2 2 2 2 2 2 2 2 2 2 2 2 2 2 2 2 2 2 2 2 2 2 2
left_child=1 4 7 12 -1 9 -7 11 36 -3 40 15 19 16 -10 23 17 -11 43 22 21 -21 -4 24 25 -2 -16 -6 29 -12 58 51 34 56 35 48 -9 55 -26 50 -8 -19 -22 -18 45 49 -46 -48 54 -40 -36 52 -27 -23 -33 -38 -34 -58 59 60 61 -31
right_child=2 5 3 -5 27 6 10 8 14 13 28 -13 -14 -15 26 -17 18 41 -20 20 42 53 -24 -25 38 31 -28 -29 -30 30 -32 32 33 -35 39 -37 37 -39 44 -41 -42 -43 -44 -45 46 -47 47 -49 -50 -51 -52 -53 -54 -55 -56 -57 57 -59 -60 -61 -62 -63
leaf_value=-0.094861673516604919 -0.044770227802544797 0.026770199143365328 0.0030289643550394179 0.095614044206545776 -0.009365770292436475 -0.095941739746025989 -0.080476937196612974 0.036617176954076451 0.10031634278662674 -0.056659925151031437 0.065179758416057679 -0.016506697520283199 0.10236968348191791 -0.062009496282149981 -0.030223544631439021 0.069257566981554317 -0.002072713966322191 0.013513241290700523 0.083107776395199229 -0.036685403088535351 0.062518570854793717 -0.0076967869490490995 0.039644177424021709 -0.062103074087704525 0.099434320094127823 -0.019223580714358649 0.059047353913015604 -0.059810742609216754 -0.053059660775704322 0.043760800051712193 0.096270602789112078 0.0092849951041152155 0.059836340121128942 -0.0035814055621041655 0.070509805828066568 0.056671276237303482 0.0077812275119743257 0.065895594604354152 -0.036249658872381539 -0.01152004780953675 0.042291347895455481 -0.04149548363411968 -0.010094390939901068 -0.060167016588003844 0.11391395655289599 0.1483735510924423 0.050435102591753517 -0.008389956258788054 -0.021664608588885564 0.068160785956322315 -0.077225084764378615 0.0055238770070864737 0.047805651902257933 0.067864357940528836 0.063027329180484329 -0.037752993251045162 -0.044916852049741503 0.16003596608327997 0.13231467224605975 -0.035597323660259542 -0.029642277881753189 -0.037680574566835386
leaf_weight=8812.3077519570943 473.29471813281998 2310.9966151705012 4416.2120287050493 5687.691827243194 793.58855803473853 1741.6553419989068 614.75331174209714 1771.5531442463398 807.98429000005126 1360.7538322634064 351.15737419738434 5103.3288926696405 346.2576899509877 820.41716074454598 194.02095636725426 386.59811855666339 6730.724442965351 1023.4460110773798 258.71124649047852 455.91755929309875 1811.3967247791588 235.27573333494365 1462.5962306875736 302.9491244670935 94.766512374393642 217.92167718941346 642.69879942946136 1113.5214565172791 431.35334258107468 647.77378678508103 146.43650870211422 11518.065764513798 1139.6401098296046 715.43748687068 267.59848025627434 534.60893116658553 2328.259278818965 293.41680758446455 1993.3343255869113 4924.2336172051728 76.886520995292813 484.58099382114597 209.22346373274922 302.39920155401342 152.42152266576886 86.609290950931609 498.01114514796063 4845.1313449814916 967.55074252607301 89.367271394468844 49.71873527765274 1089.5921337883919 1811.964236583095 404.93271220475435 301.1483654435724 493.16302095539868 148.19076118478552 25.609523226507008 39.170484605245292 1015.3231247833464 537.20501896180212 284.83228223258629
leaf_count=3041632 28803 53399 57191 327608 65689 548858 118979 23619 39819 171428 4454 110934 15430 77330 1341 5986 214543 16105 4115 3382 39111 2501 35806 5799 1054 2004 16193 150625 14693 13509 900 94861 8738 5197 5190 4634 23391 5543 19733 35168 3603 5371 4184 34606 976 569 5827 43088 7231 622 552 10431 24772 2036 2408 3165 1237 147 396 50070 16382 2280
internal_value=-0.00166375 -0.0408557 0.0180969 0.0512796 -0.0848911 -0.0162432 -0.0388157 0.00683103 0.0301392 -0.00624662 -0.0148117 0.00279712 0.024287 -0.0131951 0.0687903 0.00581588 -0.00925362 -0.0290639 -0.00145977 0.0212814 0.0385267 0.00815975 0.0121385 0.00505531 0.00569222 0.00925782 0.038347 -0.0388195 -0.00439327 0.00255349 -0.0056808 0.0103363 0.00760663 0.031087 0.00504029 0.0101537 0.0171297 0.00604629 -0.00542074 -0.0079554 -0.0668293 -0.00416296 0.0549999 -0.00457056 -0.00671714 -0.0245773 0.000332949 -0.00290713 0.00820881 -0.0317695 0.047362 0.0283546 0.0406096 0.0400957 0.0106543 -0.000177806 0.0499711 -0.014717 -0.0115951 -0.0138634 0.00115013 0.0188873
internal_weight=89195.7 29898 59297.7 15029.5 10719.4 19178.6 5886.55 44268.2 6531.1 13292 4144.89 37737.1 9341.81 10981 1644.7 32633.8 10160.6 2868.78 7291.83 8995.55 3116.75 1096.13 5878.81 32247.2 31944.2 24184.6 836.72 1907.11 3453.25 3021.9 2670.74 23711.3 20591.8 2028.88 18562.9 13321.4 4886.39 3114.84 7759.64 5241.55 691.64 1508.03 2020.62 7033.12 7664.87 2169.31 5495.56 5343.14 12786.8 2082.7 317.317 3119.48 2029.89 640.208 11819.2 2821.42 1313.44 173.8 2524.3 2485.13 1469.81 932.606
internal_count=5635248 4608967 1026281 487249 3257946 1351021 774124 539032 113071 576897 225266 425961 159641 523498 57353 315027 446168 192904 253264 144211 51214 7919 92997 309041 303242 231373 17534 216314 102684 87991 83537 202570 165363 15319 150044 109134 55718 32099 71869 40910 122582 21476 43295 249149 70815 20924 49891 48915 104500 20355 5742 37207 26776 4537 97269 26556 10122 1384 82637 82241 32171 15789
is_linear=0
shrinkage=0.1


Tree=40
num_leaves=63
num_cat=0
split_feature=4 9 23 8 16 26 26 18 11 23 1 23 18 10 22 14 18 15 14 25 10 22 23 25 10 27 23 11 21 17 15 9 21 27 22 21 3 8 8 3 10 22 18 17 16 3 11 11 14 21 17 3 10 26 17 2 21 26 26 11 9 8
split_gain=5852.32 3034.38 1939.81 1739.05 501.235 385.694 358.273 392.003 485.945 287.493 323.717 270.108 231.52 206.928 183.742 165.728 191.058 245.017 164.315 134.462 201.262 134.994 134.129 154.274 250.246 166.427 259.679 174.455 140.729 132.446 132.709 122.929 155.561 122.238 114.811 138.655 130.304 109.084 106.031 105.728 98.2562 97.7386 97.3403 121.376 119.96 95.2607 94.9248 94.7491 123.28 160.17 94.6446 92.8243 119.429 95.1755 199.438 85.6359 83.0225 82.071 81.22 79.8933 121.512 90.3943
threshold=1.0000000180025095e-35 53.001201629638679 0.88194444775581371 98.213714599609389 96.019802093505874 1.5000000000000002 1.0000000180025095e-35 0.30602006614208227 0.84523808956146251 0.13392857462167743 9.5000000000000018 0.63068181276321422 1.0000000180025095e-35 98.07621002197267 7.5000000000000009 2.5000000000000004 0.35388994216918951 1.0000000180025095e-35 8.5000000000000018 1.0000000180025095e-35 65.058139801025405 7.5000000000000009 0.21111111342906955 1.0000000180025095e-35 98.07621002197267 1.0000000180025095e-35 0.4083333313465119 0.27922078967094427 8.5000000000000018 92.346740722656264 82.548908233642592 42.740047454833991 6.5000000000000009 1.0000000180025095e-35 5.5000000000000009 6.5000000000000009 8.5000000000000018 24.068965911865238 28.718704223632816 17.500000000000004 84.028984069824233 7.5000000000000009 0.29520697891712194 96.164356231689467 96.168525695800795 14.500000000000002 0.93750000000000011 0.73214286565780651 10.500000000000002 6.5000000000000009 99.80237197875978 46.500000000000007 99.206348419189467 1.0000000180025095e-35 53.866081237792976 0.67713329195976268 8.5000000000000018 1.5000000000000002 2.5000000000000004 0.38750000298023229 99.333332061767592 90.645832061767592
decision_type=2 2 2 2 2 2 2 2 2 2 2 2 2 2 2 2 2 2 2 2 2 2 2 2 2 2 2 2 2 2 2 2 2 2 2 2 2 2 2 2 2 2 2 2 2 2 2 2 2 2 2 2 2 2 2 2 2 2 2 2 2 2
left_child=1 4 6 13 -1 9 7 45 11 10 51 19 -8 31 -13 16 17 39 22 -9 -21 -22 58 24 -24 27 28 -25 29 30 41 38 40 -7 35 -11 50 -6 -4 -12 -33 57 -29 -44 -45 -2 47 -20 -49 -50 -37 53 -53 -3 -55 -47 -26 -27 -14 61 -61 -42
right_child=2 5 3 -5 37 33 12 8 -10 34 15 14 18 -15 -16 -17 -18 -19 46 20 21 -23 23 25 56 26 -28 42 -30 -31 -32 32 -34 -35 -36 36 -38 -39 -40 -41 59 -43 43 44 -46 55 -48 48 49 -51 -52 52 -54 54 -56 -57 -58 -59 -60 60 -62 -63
leaf_value=-0.094297188169574359 0.013452589308498228 0.0054445170412541948 0.013204263548937611 0.094831194210929601 -0.0026634710562682753 -0.08231302704413028 -0.10366754055339791 0.067950969280421075 0.094910700451150187 0.0070433339979244381 0.025138001180225439 0.0047426420881955863 1.7868490196959812e-05 0.10213928276926215 -0.15980492091025036 -0.054972424587301338 0.034942582028013168 -0.080803499120791281 -0.011018711143720451 -0.012199206469294007 0.066488883372978605 -0.072660495443558251 0.012618067004271889 0.058738230677889705 0.086805899184755286 -0.058852583405336528 -0.088245356469034253 0.07059497695493884 -0.061773425491544368 -0.047353621837690679 0.10663276287052015 0.0019551448697814216 0.043394957940148957 0.042262765495553356 -0.0028819025390486026 0.095353152505260219 -0.0039956154032601667 -0.053996377302804016 -0.034755953298833624 -0.028809650681484941 0.058929856090037175 0.091225772100828204 -0.0066825392786501459 0.072634651625205493 0.0084039622416328102 0.0038668531196455187 0.060860003154326596 -0.067172036110565325 0.16527747486201846 -0.045362583501303205 -0.19796416719083854 -0.078190023728882674 -0.012922458227540784 -0.098288018618616316 -0.0015897772505457147 -0.044726938434351084 0.034392376289039191 0.12729909939591985 -0.055838609732489178 0.071940038741842571 -0.46841265009729383 -0.021400237029782658
leaf_weight=8019.0768510191701 4333.8594977576286 5313.8187356782146 1584.8044823510572 5186.805273684673 630.20907207205892 1009.4532019379549 208.92780410591513 757.32105839438736 1368.3863307703286 1011.959578622831 542.62065085675567 145.19735770439729 16648.334393622819 313.9776676800102 127.41104180552065 2660.5983643596992 513.43047351739369 724.26166558032855 3998.0137265664525 1009.7869238341227 770.5063901077956 76.655527517199516 3032.272304170765 695.06821783678606 750.31119897216558 172.51437442470342 459.71028163982555 219.97338267229497 247.92939485795796 184.20272257970646 237.34648917336017 2573.3854831629433 2964.5379546703771 85.432237142929807 2244.4578352745157 534.6116333976388 206.17206634022295 1206.4814969990402 650.04384028539062 1099.1680335095152 242.8476389721036 92.049699765164405 3730.6617880426347 420.00889594852924 944.96668145060539 898.98130884207785 160.29395844787359 662.7221595318988 56.946075148880482 98.610142114572227 11.231825558468698 352.12222045473754 1375.676784016192 288.45515490090474 818.52711599785835 607.87731265835464 506.02823428623378 27.45297683775425 264.46015113778412 492.42022290825844 4.1971207205206147 331.03449044749141
leaf_count=3041632 35838 132182 11944 327608 46793 206548 15360 12193 56627 20276 23218 2211 149324 15430 936 399560 10539 177108 78747 12150 18834 797 27516 8969 23239 1451 3703 1362 2349 1540 1571 39333 59276 2530 42621 7887 4202 169521 6441 80861 6044 670 23227 2616 7420 5904 931 20196 1029 1778 104 38685 75079 93755 35866 4092 11520 186 4746 16137 141 4895
internal_value=-0.00155859 -0.0385647 0.0166385 0.0485662 -0.0835045 -0.0149953 0.00620984 0.0227411 0.0458267 -0.0114318 -0.018329 0.0225607 0.00127472 0.022361 -0.0721632 -0.0369793 -0.0203539 -0.0323531 0.00192707 0.0324383 0.0179551 0.0538979 0.00484205 0.0130637 0.0281668 0.00434844 -0.0264264 0.0116251 0.00313046 0.0256814 0.0510954 0.0195285 0.0263849 -0.0725926 0.0121217 0.031212 0.0637349 -0.0363829 -0.000745785 -0.0109796 0.0125462 0.00595557 0.00546454 0.00265293 0.028168 0.00592211 -0.0148445 -0.0173641 -0.048367 0.0317486 0.0893176 -0.00564899 -0.0262239 -0.000112414 -0.0267872 -0.0157362 0.0656948 -0.0332963 -0.000855542 0.0380061 0.0673733 0.0125928
internal_weight=86906.6 28647.8 58258.8 14344.1 9855.77 18792 43914.8 10096 4255.26 17697.1 13688.7 2886.88 33818.8 9157.25 272.608 5540.08 2879.48 2366.05 33609.9 2614.27 1856.95 847.162 28633.3 11720.5 4288.61 7431.88 1421.21 6010.68 961.496 713.566 529.364 8843.27 6608.42 1094.89 4008.43 1763.98 752.016 1836.69 2234.85 1641.79 3643.88 292.017 5315.61 5095.64 1364.98 5840.72 4976.59 4816.29 818.278 155.556 545.843 8148.6 1727.8 6420.8 1106.98 1506.86 1256.34 199.967 16912.8 1070.5 496.617 573.882
internal_count=5635248 4608967 1026281 487249 3257946 1351021 539032 149582 103748 1141943 1066853 47121 389450 159641 3147 691286 291726 281187 374090 43974 31781 19631 271409 117339 62275 55064 11470 43594 7767 5418 3878 144211 125826 209078 75090 32469 12193 216314 18385 104079 66550 2307 34625 33263 10036 45834 102681 101750 23003 2807 7991 375567 113764 261803 129621 9996 34759 1637 154070 27217 16278 10939
is_linear=0
shrinkage=0.1


Tree=41
num_leaves=63
num_cat=0
split_feature=4 9 23 8 16 26 16 11 16 22 23 10 11 26 1 3 18 17 3 17 26 27 10 21 22 16 23 27 17 23 15 26 16 0 27 17 23 21 9 5 27 14 14 21 22 10 16 16 8 8 10 22 15 26 10 22 15 18 18 18 21 23
split_gain=4946 2833.32 1688.31 1672.69 507.896 344.589 311.297 270.526 255.734 647.572 231.782 194.648 187.454 178.706 178.192 176.914 173.037 221.432 143.26 137.25 130.949 224.044 130.4 127.735 208.128 201.359 177.58 168.933 197.87 136.573 195.343 126.541 125.177 123.369 120.098 118.299 115.696 109.593 130.578 117.767 109.463 107.764 109.965 106.21 115.051 105.286 104.676 101.594 98.9022 96.8749 96.5516 96.495 96.2827 169.1 96.2188 95.5371 93.0858 91.0667 91.8786 90.5798 86.2209 84.4009
threshold=1.0000000180025095e-35 53.001201629638679 0.88194444775581371 98.213714599609389 96.019802093505874 1.5000000000000002 98.441547393798842 0.93750000000000011 70.627449035644545 3.5000000000000004 0.13392857462167743 98.07621002197267 0.44949495792388922 1.0000000180025095e-35 30.500000000000004 53.500000000000007 0.73030304908752453 98.219570159912124 13.500000000000002 76.376262664794936 1.5000000000000002 1.0000000180025095e-35 81.120250701904311 6.5000000000000009 6.5000000000000009 97.575668334960952 0.38750000298023229 1.0000000180025095e-35 85.372985839843764 0.10555555671453477 71.063507080078139 1.0000000180025095e-35 93.92008209228517 0.88044953346252453 1.0000000180025095e-35 80.866710662841811 0.31666667759418493 7.5000000000000009 50.373134613037116 1.0000000180025095e-35 1.0000000180025095e-35 4.5000000000000009 10.500000000000002 7.5000000000000009 7.5000000000000009 81.120250701904311 37.54194641113282 77.286670684814467 21.680376052856449 92.031745910644545 97.70084381103517 10.500000000000002 81.698726654052749 1.0000000180025095e-35 97.498435974121108 8.5000000000000018 1.0000000180025095e-35 0.82085561752319347 0.98275861144065868 0.54006412625312816 8.5000000000000018 0.44949495792388922
decision_type=2 2 2 2 2 2 2 2 2 2 2 2 2 2 2 2 2 2 2 2 2 2 2 2 2 2 2 2 2 2 2 2 2 2 2 2 2 2 2 2 2 2 2 2 2 2 2 2 2 2 2 2 2 2 2 2 2 2 2 2 2 2
left_child=1 4 6 11 61 8 14 50 9 12 -11 37 22 -9 16 46 17 20 19 55 23 51 -3 24 25 26 41 29 52 -25 31 -31 -20 -15 -18 47 -36 45 39 -39 -7 -2 -43 -12 -45 -4 56 -26 -6 -40 57 -22 53 -29 -17 60 -14 -8 -59 -33 -10 -1
right_child=2 5 3 -5 48 40 7 13 18 10 43 -13 15 33 -16 54 34 -19 32 -21 21 -23 -24 27 35 -27 -28 28 -30 30 -32 59 -34 -35 36 -37 -38 38 49 -41 -42 42 -44 44 -46 -47 -48 -49 -50 -51 -52 -53 -54 -55 -56 -57 -58 58 -60 -61 -62 -63
leaf_value=-0.09753417390694652 -0.0025077256502224802 -0.066694795906641194 0.002189951451424321 0.094008484248916641 0.0055495211773747095 -0.080095290937790095 0.028096429320797374 0.098998804097033724 0.032753757008788846 -0.089411725165755906 -0.052072650855108593 0.10193172218801537 0.0040288110392224475 0.053016482779795517 -0.056690195900785591 -0.081898829387058017 -0.0088438857690533411 0.054024013408427191 -0.05801576253466393 0.0031826535457177307 -0.01898971380221523 0.083162013275100713 0.10235978997790174 0.011809164451224277 -0.0056471714778946192 0.051550792271000026 0.034538691669717868 0.055486019630245791 -0.058951052655164461 -0.03079275978128812 0.019280813360742735 0.10732748546459392 0.0073047349775266154 -0.02483608004657361 0.16378334979667492 0.0063252222685653064 -0.065850786699275562 -0.027490579544160093 0.060225751935654062 0.035113971108290933 0.037731827321520195 -0.03151185379368155 0.019818695178148358 0.078862124504031739 -0.084531911201169582 0.033707268166724036 0.1528312323880836 0.08985298314346564 -0.04811565127229972 -0.012240310312458634 0.10424954374320848 -0.082381477922036248 0.096368316853726488 -0.043972049215572198 -0.021021801292133997 -0.027865354403729482 -0.091150268353881403 -0.004019616373762306 0.057542255663553282 0.035409239155789737 0.090713920300574152 -0.063649118153834311
leaf_weight=6471.7333662118763 11832.722015834413 707.71969110169448 4353.9620486856438 4732.2436213027686 465.78452211269177 937.41022878768854 2042.4369861036539 678.44648943003267 833.28709702915512 1543.2939872120041 299.07445622701198 284.64778693020344 6631.9877161108889 815.79994663596153 511.48559968010522 312.57522745337337 4414.0997162000276 914.38330247066915 581.78199187829159 3437.1391959211323 2075.7920200000517 203.07721666479483 48.771374467760324 5317.2582932598889 141.50960150221363 679.97515572234988 1112.5540000186302 314.51771191693842 615.81260803062469 101.00799153139815 1738.8685192652047 632.67611253121868 591.80840974277817 271.21363836340606 22.826083566062152 533.94512825692073 565.51120230741799 519.5427048583515 1509.2889178469777 712.62485890416428 86.085797270294279 2633.0558484974317 495.96234974591061 173.31842809077352 57.354712303495035 1400.967940589413 46.672453382285312 523.41906991833821 1307.1834381970111 210.16487702727318 114.94806318730116 271.53709620516747 126.41815475095063 374.49321116460487 1532.747933591716 178.09639612026513 104.37145849014632 2934.1573836263269 264.26719369180501 242.15713771246374 370.89468572312035 829.26288242219016
leaf_count=2736952 82139 117789 56664 327608 31291 206548 24273 40563 18435 486547 16646 15430 183786 16502 30651 43572 44344 8925 41503 76355 29458 2674 1574 50171 2618 5074 20529 6740 6905 2521 15568 6554 8504 4156 149 5160 7107 3843 37860 5118 2530 60556 12824 5163 3774 36333 2105 5458 185023 4393 3154 4645 1603 3845 97048 6712 26712 26765 5357 2044 5718 304680
internal_value=-0.00145223 -0.0362668 0.0153033 0.0458857 -0.0820268 -0.0137911 0.00565875 0.0247795 -0.0104836 -0.0192386 -0.0698212 0.0205577 -0.00806525 0.0587271 0.00191748 -0.00388048 0.00275288 0.00554778 0.00625489 0.0138845 0.00406861 -0.017605 -0.0557958 0.0060848 0.00112916 -0.00175101 -0.00400579 0.0154864 -0.016165 0.0211265 0.0393761 0.0751842 -0.0250765 0.033592 -0.0145007 0.0413796 -0.0569415 0.0178973 0.0335633 0.0087168 -0.0701849 -0.00687195 -0.0233757 -0.0127488 0.0382357 0.00986246 0.00358815 0.0695287 -0.034017 0.0513684 0.0135891 -0.0263228 0.0161471 0.00142828 -0.0313336 0.0404954 0.00255413 0.0116007 0.00106688 0.0874202 0.0506058 -0.0936854
internal_weight=84788.1 27548.4 57239.8 13723.4 9073.96 18474.4 43516.3 7121.27 17450.9 11457.9 2073.04 8991.2 9384.85 1765.46 36395.1 8628.35 35883.6 30881.1 5993.01 4819.42 29966.8 2550.41 756.491 27416.4 17953.1 16754.3 16074.3 9463.21 1431.24 8031.97 2714.71 975.841 1173.59 1087.01 5002.44 1198.87 588.337 8706.55 2951.62 1232.17 1023.5 14961.7 3129.02 529.748 230.673 5754.93 6783.03 664.929 1772.97 1719.45 5355.81 2347.33 815.429 689.011 1845.32 1382.28 6736.36 5240.86 3198.42 874.833 1204.18 7301
internal_count=5635248 4608967 1026281 487249 3257946 1351021 539032 120770 1141943 984716 512130 159641 472586 61221 418262 353223 387611 336011 157227 107220 327086 36777 119363 290309 194358 181122 176048 95951 19093 76858 26687 11119 50007 20658 51600 13236 7256 144211 51214 8961 209078 155519 73380 25583 8937 92997 212603 8076 216314 42253 59549 34103 12188 10585 140620 30865 210498 56395 32122 8598 24153 3041632
is_linear=0
shrinkage=0.1


Tree=42
num_leaves=63
num_cat=0
split_feature=4 9 23 8 16 26 26 18 11 23 18 22 21 22 18 11 11 9 6 9 11 25 14 8 0 11 9 1 8 6 25 14 23 8 14 6 14 6 18 22 11 6 9 11 9 21 8 14 1 18 23 16 22 8 11 0 15 23 21 11 0 11
split_gain=4173.68 2631.12 1464.64 1600.92 509.25 307.502 278.97 309.197 453.233 226.89 220.187 515.353 262.135 220.163 203.638 178.388 160.986 412.084 143.148 133.064 213.644 130.499 128.23 125.679 123.272 117.183 316.803 171.351 165.701 153.845 122.714 238.774 189.425 114.086 109.492 154.22 107.632 114.923 107.183 106.565 105.212 99.2926 97.8906 93.5919 132.946 116.342 97.9389 92.4389 92.3242 91.0941 88.7572 156.022 169.953 167.679 106.796 105.421 88.1834 176.299 88.143 85.7043 83.0675 82.0236
threshold=1.0000000180025095e-35 52.73088455200196 0.88194444775581371 98.213714599609389 96.019802093505874 1.5000000000000002 1.0000000180025095e-35 0.30602006614208227 0.84523808956146251 0.19090909510850909 0.26201373338699346 4.5000000000000009 8.5000000000000018 7.5000000000000009 1.0000000180025095e-35 0.44949495792388922 1.0000000180025095e-35 67.099567413330092 38.757823944091804 60.158729553222663 0.18333333730697635 1.0000000180025095e-35 8.5000000000000018 91.476997375488295 0.84885936975479137 0.18333333730697635 62.622549057006843 7.5000000000000009 77.032970428466811 69.631092071533217 1.0000000180025095e-35 5.5000000000000009 0.23611111193895343 41.897974014282234 4.5000000000000009 90.054946899414077 3.5000000000000004 70.064933776855483 0.059714796021580703 7.5000000000000009 0.15476191043853763 26.158231735229496 90.399383544921889 0.31666667759418493 75.181159973144545 7.5000000000000009 62.575302124023445 4.5000000000000009 1.5000000000000002 0.69397994875907909 0.44949495792388922 81.671028137207045 7.5000000000000009 17.467581748962406 0.2264957278966904 0.1550564914941788 1.0000000180025095e-35 0.13392857462167743 12.500000000000002 0.2264957278966904 0.72551110386848461 0.44949495792388922
decision_type=2 2 2 2 2 2 2 2 2 2 2 2 2 2 2 2 2 2 2 2 2 2 2 2 2 2 2 2 2 2 2 2 2 2 2 2 2 2 2 2 2 2 2 2 2 2 2 2 2 2 2 2 2 2 2 2 2 2 2 2 2 2
left_child=1 4 6 19 50 10 7 58 9 33 11 23 -13 -11 -8 16 17 21 -19 59 -21 -12 25 -3 61 26 27 -16 48 -30 31 32 -31 -9 35 -20 37 -17 -14 -40 -15 -6 47 45 -45 -18 -47 -28 -27 -7 -1 -52 53 55 -55 -53 -25 -58 -2 -4 -24 -22
right_child=2 5 3 -5 41 49 14 8 -10 13 15 12 38 40 22 36 43 18 34 20 24 -23 60 56 -26 28 42 -29 29 30 -32 -33 -34 -35 -36 -37 -38 -39 39 -41 -42 -43 -44 44 -46 46 -48 -49 -50 -51 51 52 -54 54 -56 -57 57 -59 -60 -61 -62 -63
leaf_value=-0.097265415943810246 0.0025092912745742872 -0.036648785516607128 0.0019707278573431988 0.093140137731620332 -0.0048382736420046965 -0.076418659662375918 -0.10309440732162663 0.007674821129697515 0.093295766842547673 0.0091278190061305445 0.011349816719538422 -0.093586523420413611 -0.097489439874247269 0.0055544216417147156 0.013711081612299073 0.12540437107163785 -0.08419880268286753 -0.07389800406463351 -0.012003163350853982 0.065644890233945749 9.0106136497158595e-05 -0.055023947044389843 -0.0055457185634869149 -0.0021061929400237214 0.075001262293960036 -0.051983942444075976 0.014734682740021552 -0.063871435034596677 0.051376777767258512 -0.0085302554042121087 0.00012768237597558422 -0.031859851004847131 0.051618572124840091 0.065144732005241374 0.10695503705994949 0.1153285101172936 -0.0070597736781271431 0.036967988386485628 0.088623208076791138 -0.079366558038073923 -0.13589435764248659 -0.053323178193203064 0.11140492983111648 0.0411809237446846 -0.030445106808072338 0.076616532605363233 -0.046485948065053614 0.069653957417125698 -0.010427279716865469 0.041835129037246024 -0.089776701304720583 2.8144994838600859 -0.067152888393629859 0.064625405332492614 1.5705029077971857 0.51666872949376152 -0.075472739775409359 0.045148768954363219 0.06035105205921816 0.076370185820175185 -0.034727071138279768 0.032574479457219099
leaf_weight=5863.1276019641664 5526.87558869645 1462.2800728026778 3737.3057770621963 4319.845263841562 756.82043699757196 890.70197162707336 187.62440925138071 526.30836335942149 1184.560319647193 1011.0250835302286 540.427229400957 1185.3323529448826 65.102996981935576 74.105175838805735 815.10674803471193 171.16427288600244 465.32931259553879 70.446439280174673 251.85461491113529 1242.2157606016845 2138.0114491414279 655.5302192424424 3547.582477435004 7911.5339380977675 341.01996764168143 718.72904821205884 590.61134539917111 437.4705892438069 684.37954053748399 726.127491671592 18833.499484893866 676.08714415878057 1877.0284618865699 1005.0475974623114 472.60271178511903 152.84523052349687 466.50357531849295 1038.3479841111694 161.376109266188 49.29704526020214 181.08680513501167 955.82508350280114 254.26307798549533 373.27689025225118 847.48992171371356 100.13452732283622 182.26318056555465 637.07547749392688 2086.8552871756256 70.281983679160476 553.55644685821608 0.20584588870406051 126.53483972465619 89.726086994400248 0.47343432391062279 6.6446609082631767 434.09691257192753 168.09175536688417 276.64082381408662 161.52465745434165 1345.4433122007176 1221.3330184947699
leaf_count=2732745 42122 195089 30941 327608 65689 208645 15360 5828 56627 17720 13091 385602 20010 735 12367 1586 17212 2755 2602 45132 38115 88906 84408 275404 9235 5964 4596 27261 7032 4154 134248 4385 43386 21606 5180 2945 6395 10688 8986 7497 1232 150350 3196 6429 10399 2405 2802 4310 20510 1338 230909 70 40899 30357 15 2010 77126 2831 3712 2230 18273 33988
internal_value=-0.00135777 -0.0340566 0.0140384 0.0432444 -0.0805166 -0.0127176 0.00514122 0.0199908 0.0414498 0.019497 -0.00964629 -0.0176895 -0.073156 -0.0118215 0.000792873 0.00624643 -0.00496116 0.013999 0.0632507 0.0188658 0.0297616 -0.0250311 0.00137944 -0.00956569 0.0177155 0.00396074 0.0236376 -0.0133851 0.00185913 0.00468135 0.00323615 0.0210888 0.0348406 0.045393 0.0742635 0.0360869 0.0337449 0.0494831 0.0146578 0.049314 -0.0948191 -0.0318976 0.05493 -0.0256089 -0.00854384 -0.0534699 -0.00283542 0.0432336 -0.0210732 -0.0677701 -0.0930563 -0.0613004 0.00920177 0.108754 0.0725294 0.585715 -0.00491402 -0.0418031 0.00526648 0.00505302 -0.0135698 0.0119002
internal_weight=82904 26539.2 56364.8 13161.3 8352.91 18186.3 43203.5 9785.65 3982.13 2797.57 17225.3 11437.1 1461.11 1266.22 33417.9 5788.22 4112.2 2143.71 947.749 8841.41 4942.58 1195.96 33230.3 9976 3700.36 28337.2 2734.53 1252.58 25602.7 22797.1 22112.7 3279.24 2603.16 1531.36 877.303 404.7 1676.02 1209.51 275.776 210.673 255.192 1712.65 1481.95 1968.49 1220.77 747.727 282.398 1227.69 2805.58 960.984 6640.27 777.141 223.585 97.05 90.1995 6.85051 8513.72 602.189 5803.52 3898.83 4893.03 3359.34
internal_count=5635248 4608967 1026281 487249 3253044 1355923 539032 149582 103748 47121 1145940 972545 422095 19687 389450 173395 154726 115479 13482 159641 126470 101997 374090 550450 81338 271409 51730 39628 219679 193205 186173 51925 47540 27434 10727 5547 18669 12274 36493 16483 1967 216039 12102 39247 16828 22419 5207 8906 26474 209983 3037005 304260 73351 32452 30372 2080 355361 79957 45834 33171 102681 72103
is_linear=0
shrinkage=0.1


Tree=43
num_leaves=63
num_cat=0
split_feature=4 9 23 8 16 26 16 11 3 1 1 10 26 26 27 17 18 16 0 1 16 27 16 0 1 16 26 27 25 17 1 11 3 23 16 22 24 8 11 1 10 16 1 9 17 2 22 23 17 11 18 8 16 3 22 9 16 18 18 9 17 16
split_gain=3523.28 2431.6 1265.22 1523.77 511.846 271.914 233.382 218.848 213.082 225.399 198.691 177.187 170.248 144.161 241.388 153.373 190.778 152.751 118.035 114.754 109.519 106.791 134.244 106.429 102.799 100.668 157.791 98.8491 98.1556 94.0182 96.9987 116.204 93.7566 92.1222 142.887 124.11 92.1191 87.7272 92.0967 87.4187 84.4789 82.4602 80.0459 97.1683 87.2241 247.788 148.364 90.3662 80.9383 79.4864 78.9043 75.3772 75.484 78.6109 94.773 135.546 75.2324 73.1926 84.0367 74.439 80.8288 71.4472
threshold=1.0000000180025095e-35 52.73088455200196 0.88194444775581371 98.213714599609389 96.019802093505874 1.5000000000000002 98.441547393798842 0.93750000000000011 3.5000000000000004 9.5000000000000018 25.500000000000004 98.07621002197267 1.0000000180025095e-35 1.5000000000000002 1.0000000180025095e-35 98.421009063720717 0.70710784196853649 93.295883178710952 0.19763483107089999 42.500000000000007 97.311748504638686 1.0000000180025095e-35 95.093433380126967 0.88044953346252453 24.500000000000004 87.817783355712905 1.0000000180025095e-35 1.0000000180025095e-35 1.5000000000000002 94.925979614257827 2.5000000000000004 0.44949495792388922 1.5000000000000002 0.44949495792388922 82.832054138183608 7.5000000000000009 2.5000000000000004 26.158231735229496 0.2264957278966904 1.0000000180025095e-35 97.70084381103517 95.093433380126967 10.500000000000002 55.646631240844734 84.635734558105483 0.99996608495712291 6.5000000000000009 0.34848485887050634 96.984848022460952 0.93750000000000011 0.71714287996292125 25.176055908203129 89.670635223388686 4.5000000000000009 5.5000000000000009 45.222154617309577 65.52698135375978 0.84807693958282482 0.98275861144065868 61.651582717895515 98.421009063720717 52.659875869750984
decision_type=2 2 2 2 2 2 2 2 2 2 2 2 2 2 2 2 2 2 2 2 2 2 2 2 2 2 2 2 2 2 2 2 2 2 2 2 2 2 2 2 2 2 2 2 2 2 2 2 2 2 2 2 2 2 2 2 2 2 2 2 2 2
left_child=1 4 6 11 33 8 13 40 10 -10 18 24 -9 15 36 16 19 -18 -3 20 32 28 -23 -14 29 26 -11 -7 -19 41 -31 -32 -2 -1 -35 51 -15 -6 -39 49 57 -4 44 -44 46 48 47 -41 -46 -34 -17 52 -36 54 55 -54 -12 59 -59 60 -8 -45
right_child=2 5 3 -5 37 27 7 12 9 25 56 -13 23 14 -16 50 17 21 -20 -21 -22 22 -24 -25 -26 -27 -28 -29 -30 30 31 -33 39 34 35 -37 -38 38 -40 42 -42 -43 43 61 45 -47 -48 -49 -50 -51 -52 -53 53 -55 -56 -57 -58 58 -60 -61 -62 -63
leaf_value=-0.096945270963019539 0.076865107349057438 0.074287445591438891 0.006988574553253319 0.09222045549836036 -0.0049907625288776337 -0.075835833430177607 0.020638620250809481 0.098124128772649144 -0.0041908055567164799 -0.026672514814217171 -0.076639325631444821 0.101635139996131 0.048911271609244571 -0.02335645409319102 0.078543022335149024 0.069427830433632765 0.034841621191942042 -0.012878340958206093 0.017786010442383763 -0.065177565015372071 0.048501903174325289 0.01643237797595061 -0.080325047476842312 -0.023888163797188569 -0.070195352167291392 -0.0044658746124723505 -0.072742665914277332 0.037709151809634411 0.19588169699924576 0.019188028363986254 -0.019958774004162138 0.044055820077281746 -0.050886756749627053 -0.087446210816613135 0.074683869945290679 -0.062938759286901166 -0.10722636093721614 -0.054013119458076256 0.30189718248115432 0.0069177170659841499 0.10310883269944192 0.040363051566131007 -0.057465326517918941 -0.02729482568263249 -0.0029736585112027851 0.16505318749800071 0.039904438508425018 0.04792280454482456 0.032363455816816253 -0.0033589284572181719 0.01615178954358407 0.029243142908971655 0.89674561247740869 0.18206975753437843 0.34418061260198113 3.4822739964781029 -0.0028598949337094231 -0.010114218205047331 0.051824988141257002 0.031429005664556461 -0.040554455182450926 0.0090509747916434052
leaf_weight=5321.8312282280531 184.81004737270996 465.69283225107938 1107.6597344465554 3945.7993935523555 770.62726262118667 817.97203680337407 555.09053503349423 564.2980629503727 8914.3042506222846 3087.2414987732191 259.46013268863317 242.19356883689761 769.88902447000146 2673.2151473732665 232.57321495516226 496.87391630979255 636.39386526914313 6013.3406417760998 1794.4115652310429 222.24641481298022 619.81903521064669 199.49967461358756 509.86423391196877 271.68537046760321 139.66586459381506 1168.6716779305134 979.24858123564627 84.602099539479241 22.607373070903122 2949.2398429699242 1689.4411886762828 340.77162696793675 472.69368628785014 521.30105313565582 18.214820141904056 112.33942092978396 137.7058266014792 882.47643678332679 7.3308724611997595 7712.3264488740824 99.22790733911097 2232.2683259509504 351.2423409379553 761.08880658028647 7465.3130326182581 92.08614057302475 2035.7235923800617 577.69801028445363 709.80267181713134 1376.7883892990649 631.07250342331827 68.398339473642409 2.205392739269882 8.8442548946477455 4.0446866392157972 0.22329213097691525 295.74422655347735 2032.8738496396691 245.50053350441158 1976.3238102402538 353.20225550048053 1869.0337603259832
leaf_count=2732745 1780 35285 21344 327608 65121 207425 4507 40563 375346 283191 58851 15430 16502 45404 3170 5780 8019 65176 80712 14978 4794 3190 6517 4156 4822 26040 271975 2558 208 49199 20906 10121 7020 235865 4310 38624 1285 150848 70 60518 3154 37819 24148 11447 81522 794 20611 10891 6602 9919 6096 21703 503 2327 874 54 14540 16109 5357 27299 3123 18393
internal_value=-0.00126798 -0.0319708 0.012881 0.0406752 -0.0788774 -0.0117094 0.00468184 0.0215747 -0.00886395 -0.0138631 0.0162611 0.0173007 0.0538881 0.00145935 -0.0193644 0.00338218 0.00209811 -0.0119914 0.0294281 0.00635177 0.0070079 -0.0164099 -0.0531132 0.0299222 0.0148861 -0.0303327 -0.0377666 -0.0651928 -0.0120964 0.0163144 0.00760804 -0.00921391 0.00591852 -0.0923605 -0.0591896 0.00955638 -0.0274652 -0.0296899 -0.0510809 0.00535877 0.0117136 0.0292947 0.00714744 -0.00806391 0.00958656 0.00193191 0.0157152 0.00977519 9.44789e-05 -0.0155062 0.0396205 0.0894543 0.212271 0.375882 0.640677 1.13446 -0.0373388 0.0099571 -0.00344011 0.0205387 -0.00315716 -0.00146655
internal_weight=81104.1 25585.2 55518.9 12647 7717.84 17867.3 42871.9 6868.09 16964.8 14149.5 2815.31 8701.24 1605.87 36003.8 3043.49 32960.3 31832.4 7381.71 2260.1 24450.7 24228.4 6745.31 709.364 1041.57 8459.05 5235.16 4066.49 902.574 6035.95 8319.38 4979.45 2030.21 23608.6 6057.4 735.571 214.27 2810.92 1660.43 889.807 23423.8 5262.22 3339.93 21574.3 2981.36 18592.9 8267.2 10325.7 8290.02 8175.12 1849.48 1127.95 101.931 33.5324 15.3176 6.47337 2.42868 555.204 5162.99 2278.37 2884.62 908.293 2630.12
internal_count=5635248 4608967 1026281 487249 3253044 1355923 539032 120770 1145940 956552 189388 159641 61221 418262 49859 368403 356527 83110 115997 273417 258439 75091 9707 20658 144211 581206 555166 209983 65384 139389 80226 31027 253645 3037005 304260 68395 46689 216039 150918 251865 59549 59163 234926 53988 180938 88918 92020 71409 88124 16939 11876 29771 8068 3758 1431 557 73391 56395 21466 34929 7630 29840
is_linear=0
shrinkage=0.1


Tree=44
num_leaves=63
num_cat=0
split_feature=4 9 23 8 23 26 17 26 18 11 3 23 18 6 11 17 10 0 17 18 18 0 18 23 18 6 25 26 7 17 21 9 7 5 14 6 7 18 6 3 0 9 17 11 11 8 21 0 3 18 0 14 25 11 23 21 15 23 6 21 15 11
split_gain=2959.22 2248.16 1088.33 1444.72 390.797 245.488 640.768 211.319 248.085 415.882 203.242 191.904 178.506 176.096 175.46 172.306 165.26 123.367 141.323 118.385 114.659 110.369 107.07 106.378 99.9567 98.855 96.7062 95.0823 94.5454 93.6273 91.8874 106.821 98.2292 94.8053 92.7498 88.1571 87.7833 86.4549 130.405 81.5114 79.0414 163.296 111.492 79.0342 113.824 78.6118 77.9781 92.4015 92.7934 77.7786 93.8035 77.4416 95.8339 154.75 109.33 76.6426 85.8759 83.3739 73.443 73.4286 72.0019 71.9109
threshold=1.0000000180025095e-35 52.73088455200196 0.88194444775581371 98.213714599609389 0.44949495792388922 1.0000000180025095e-35 51.07936096191407 1.0000000180025095e-35 0.30602006614208227 0.84523808956146251 18.500000000000004 0.19090909510850909 1.0000000180025095e-35 43.288288116455085 0.64583334326744091 93.563182830810561 98.07621002197267 0.93393263220787059 99.80237197875978 0.78019323945045482 0.29520697891712194 0.53297358751297008 0.8603896200656892 -1.0000000180025095e-35 0.61721614003181469 39.369100570678718 1.0000000180025095e-35 2.5000000000000004 25.176055908203129 99.180271148681655 7.5000000000000009 50.373134613037116 79.095325469970717 1.0000000180025095e-35 5.5000000000000009 91.945945739746108 94.494949340820327 0.26491229236125952 66.287876129150405 102.50000000000001 0.14072539657354358 48.834688186645515 72.773891448974624 0.44949495792388922 1.0000000180025095e-35 45.53429031372071 5.5000000000000009 0.5247059464454652 6.5000000000000009 0.43874999880790716 0.54977959394454967 8.5000000000000018 1.0000000180025095e-35 0.93750000000000011 0.31666667759418493 11.500000000000002 1.0000000180025095e-35 0.15476191043853763 27.842377662658695 11.500000000000002 98.253242492675795 0.58571431040763866
decision_type=2 2 2 2 2 2 2 2 2 2 2 2 2 2 2 2 2 2 2 2 2 2 2 2 2 2 2 2 2 2 2 2 2 2 2 2 2 2 2 2 2 2 2 2 2 2 2 2 2 2 2 2 2 2 2 2 2 2 2 2 2 2
left_child=1 4 7 16 19 10 -7 8 46 11 21 25 -9 -8 24 -13 30 18 22 60 -6 37 27 -20 -12 -10 -15 51 -22 36 32 33 34 -32 -4 -33 -28 38 61 -16 41 -30 -43 44 -39 -46 47 -2 -49 -36 58 52 53 -14 -55 56 -40 -58 -51 -54 -1 -3
right_child=2 5 3 -5 20 6 13 12 9 -11 14 15 17 26 39 -17 -18 -19 23 -21 28 -23 -24 -25 -26 -27 29 -29 40 -31 31 35 -34 -35 49 -37 -38 43 55 -41 -42 42 -44 -45 45 -47 -48 48 -50 50 -52 -53 59 54 -56 -57 57 -59 -60 -61 -62 -63
leaf_value=-0.094140574808091071 -0.033149892525670903 -0.04407365586769299 -0.015197942030702955 0.09124380829270208 -0.087898363963250292 -0.095223774898976724 -0.073230583724386886 -0.10241190288217682 0.0036551427976922544 0.091564286977492582 -0.071318173927482395 0.0097590810774361488 0.0054852438030512235 0.036160226470150846 -0.0047623276780239983 -0.075471487729788955 0.10147721752022353 -0.064102958592163112 -0.0085860908361376082 -0.018850434687971995 0.0071179505359708741 -0.012981020392693741 -0.030605733174365286 0.048796729671951276 0.0039445639906366074 0.059508011924271104 -0.023744207630431925 -0.052737195225020898 0.15736123704148269 0.14675406294030119 -0.02633046121586682 0.054595749365850245 0.029209871969895371 0.030030053685584309 -0.05734139693382493 -0.016703899971742073 0.013962062088750391 0.051297844059263513 0.014696788151672888 -0.051481475825246481 -0.047831454749373691 0.34824239890312336 3.3166956836658672 0.079093094860583746 0.38785417428463154 -0.012691772056406578 0.013966935337490672 0.042690719407238682 -0.012044255633810064 0.10158817323866993 0.0054947500603734593 -0.010906923495181157 -0.00036733188963539664 -0.0041685343450487402 0.066942848984880926 0.055353184187256023 -0.090346815486810034 0.020431527231511218 0.025150124176934997 0.02212492848037767 0.17038150221355622 0.11427564904258868
leaf_weight=5153.6002488039667 978.4679426071234 568.18102694361005 2266.0013797688298 3606.6214598678052 345.5176362011116 1143.0449584892485 394.6804902801523 167.7881443197839 465.8543153158389 1028.8504112837836 813.18557753169443 945.53876633150503 2785.8957195347175 539.72779303940479 3916.2691188724712 316.62618809007108 219.46948479674757 288.56295770220459 464.78418335691094 220.86424390971661 585.55065075773746 1926.6570318618324 1094.6572546353564 1059.5164972897619 225.36730016418733 990.99913565674797 1978.0558518160833 322.90194007335231 4.6564088521990916 37.647878930671141 517.1700026136823 1374.3345829416066 1386.4630084652454 705.7361225374043 139.00926746381447 198.45439069718122 897.60071514593437 672.02848219696898 2527.3716014665551 412.81116190785542 822.98052725661546 0.22292573051527131 0.2925999048165977 319.09915348747745 4.9421983872307456 571.83151384221856 3429.9470345065929 476.91729921288788 883.5564035102725 210.40494453907013 1253.7472114674747 4117.0056232018396 20066.084920649882 288.68021272867918 861.15338412858546 406.36494837957434 161.62411669129506 117.20787027431652 312.22865382488817 1564.6127267265692 10.310696913162245 30.203407507622615
leaf_count=2795097 8884 77896 32141 327608 172640 521573 95743 15360 5261 56627 127584 15725 26293 9728 189342 3962 15430 3081 2900 32188 67995 17465 9134 12630 2713 22173 126824 7810 1645 295 3843 38069 38179 5118 4596 4184 23701 16442 55900 37835 181851 86 54 4788 113 5603 29519 2741 4690 1258 12290 95097 174879 1837 27910 5806 33126 2231 4533 12519 1488 1215
internal_value=-0.00118707 -0.0298415 0.0117876 0.038135 -0.0771775 -0.0106969 -0.0294827 0.00424818 0.0173799 0.0374112 -0.00329887 0.0169203 0.000470516 -0.00995294 -0.0180729 -0.0116218 0.0158185 0.00099499 0.00157077 -0.0905459 -0.0362581 0.00755615 0.000113708 0.0312998 -0.0549861 0.0416481 -0.00272032 0.00123438 -0.0236369 -0.00992345 0.0135707 0.0283628 0.00614332 0.00619505 -0.00150507 0.0455992 -0.0119747 0.0149124 0.00678047 -0.00921736 -0.0453824 0.344327 2.03306 0.0346779 0.0233287 -0.00925962 0.00436616 -0.00971292 0.00714322 0.0146943 0.0203314 0.00182149 0.00387117 0.0182243 0.0490894 0.014764 0.0088863 -0.0437808 0.055923 0.0012596 -0.0936124 -0.036081
internal_weight=79595.9 24807.9 54788 12189.6 7144 17663.9 4990.76 42598.4 9516.76 3747.87 12673.1 2719.02 33081.6 3847.71 5367.63 1262.16 8583.02 32913.9 32625.3 5384.78 1759.22 7305.51 31101 1524.3 1038.55 1456.85 3453.03 30006.3 1413.7 2913.3 8363.55 2795.7 5567.85 1222.91 4181.39 1572.79 2875.66 5378.85 3810.95 4329.08 828.152 5.17193 0.515526 1567.9 1248.8 576.774 5768.89 2338.94 1360.47 1915.39 1776.38 29683.4 25566.4 3935.73 1149.83 3212.57 2806.2 278.832 522.634 21630.7 5163.91 598.384
internal_count=5635248 4608967 1026281 487249 3253044 1355923 777864 539032 149582 103748 578059 47121 389450 256291 357474 19687 159641 374090 371009 2828773 424271 220585 355479 15530 130297 27434 160548 346345 251631 150820 144211 51214 92997 8961 54818 42253 150525 203120 176174 227177 183636 1785 140 26946 22158 5716 45834 16315 7431 22677 18081 338535 243438 56040 29747 97063 91257 35357 5791 187398 2796585 79111
is_linear=0
shrinkage=0.1


Tree=45
num_leaves=63
num_cat=0
split_feature=4 9 23 8 16 16 11 16 22 18 7 10 3 8 18 1 18 22 3 3 23 16 22 1 22 16 10 1 5 18 3 1 2 18 11 18 15 11 9 2 0 21 2 2 3 22 16 7 21 9 8 23 0 10 7 7 11 15 18 18 15 16
split_gain=2489.47 2061.11 933.056 1362.02 514.429 182.587 191.234 176.029 327.224 442.893 250.542 153.662 147.233 175.426 124.955 128.922 118.706 108.04 102.805 101.329 93.1116 122.513 92.394 89.266 86.657 94.0131 86.4411 84.0352 83.0055 104.845 79.204 78.624 198.904 392.881 134.671 87.8769 148.736 119.107 133.566 118.343 172.144 102.652 123.806 98.5303 93.7907 80.6332 80.1019 77.3954 77.1353 94.2295 86.5606 73.5152 76.587 73.2533 72.0466 71.8277 106.99 73.6219 71.147 86.0674 84.6149 69.4886
threshold=1.0000000180025095e-35 52.73088455200196 0.88194444775581371 98.213714599609389 95.67297744750978 98.706874847412124 0.93750000000000011 90.017181396484389 4.5000000000000009 0.1132478639483452 62.115564346313484 98.07621002197267 4.5000000000000009 93.419914245605483 0.79583334922790538 27.500000000000004 0.8603896200656892 9.5000000000000018 17.500000000000004 101.50000000000001 0.44949495792388922 81.270160675048842 8.5000000000000018 25.500000000000004 2.5000000000000004 45.246784210205085 75.716625213623061 25.500000000000004 1.0000000180025095e-35 0.64495798945426952 17.500000000000004 1.0000000180025095e-35 0.99996608495712291 0.29520697891712194 0.93750000000000011 0.57417583465576183 96.162029266357436 0.095454547554254546 88.273490905761733 0.72155243158340465 0.72551110386848461 9.5000000000000018 0.52607575058937084 0.86158844828605663 12.500000000000002 10.500000000000002 97.575668334960952 26.158231735229496 7.5000000000000009 54.72370910644532 92.031745910644545 0.23611111193895343 0.18071097135543826 97.70084381103517 51.649148941040046 82.972846984863295 0.38750000298023229 98.772960662841811 1.0000000180025095e-35 0.096006143838167204 1.0000000180025095e-35 96.315685272216811
decision_type=2 2 2 2 2 2 2 2 2 2 2 2 2 2 2 2 2 2 2 2 2 2 2 2 2 2 2 2 2 2 2 2 2 2 2 2 2 2 2 2 2 2 2 2 2 2 2 2 2 2 2 2 2 2 2 2 2 2 2 2 2 2
left_child=1 4 5 11 20 14 53 8 12 -10 26 27 23 18 15 31 -8 30 -14 24 -1 -22 -23 58 -15 -26 51 48 29 -9 -12 34 35 -34 -2 36 41 38 -37 46 -41 42 -33 -42 -44 -43 -39 -6 55 -50 -51 -11 -53 -7 -17 57 -57 -4 60 -60 -3 -16
right_child=2 7 3 -5 47 6 16 28 9 10 17 -13 13 19 61 54 -18 -19 -20 -21 21 22 -24 -25 25 -27 -28 -29 -30 -31 -32 32 33 -35 -36 37 -38 39 -40 40 43 45 44 -45 -46 -47 -48 -49 49 50 -52 52 -54 -55 -56 56 -58 -59 59 -61 -62 -63
leaf_value=-0.096258504754424504 -0.043597933069154292 0.027677191580892841 0.012823678210030737 0.090204694279315073 -0.002756238210896449 0.0093703060581727723 0.07706145825461852 0.05902675637624475 -0.096469127434857499 -0.078765387456213865 0.036357038490890656 0.10133474909085026 -0.021442981122485844 0.00017267334694061201 0.024249161137563997 -0.084725123264134367 0.009149929769165779 -0.08533450960454439 -0.080847758400627509 -0.052056840151515654 -0.087427191088773573 0.053598809625614689 -0.076685154175045941 -0.043238809953416786 -0.096551838779478275 -0.005061778117137497 0.11685335206683577 -0.070486760247623445 -0.0057724736097524432 0.0084480018586086652 -0.059724433176763458 -0.005557959614384855 -0.093643171453619778 0.15269697651797778 0.0017627916138709819 0.014050571970142046 0.15349059328480688 -0.017255673866697057 0.10405561507201143 0.022486491702375364 -0.027094885497698448 0.034997524784915711 0.018504054120827489 0.0084694506095881038 -0.011472145178239301 -0.039430914372183566 0.018000978990899984 -0.046995503203823057 0.0082918874887757382 0.056143198029350666 -0.013964742642115292 0.053368879066138936 -0.045727085802011874 0.10446656982491223 -0.01282277491999155 0.00058757753368090658 0.061780544197274072 -0.013443636114505927 0.31638608331988866 0.064719916393805296 -0.098715783665046866 -0.028122494172647214
leaf_weight=4380.8904587021098 923.00036842329428 885.4737074484583 2334.5350078092888 3299.1288965819404 764.17801488179248 4521.561318305321 825.93001128919423 570.46986117365304 1048.7979289273499 594.07418931962457 881.76891645265277 198.84918477106839 676.0638287179172 6578.6116551733576 290.39686086401343 249.84111151611432 373.91056358721107 93.826473623048514 511.90180229349062 443.0855929463869 430.01339221629314 140.38787186914124 88.903797573409975 174.45456599025056 198.79188990220428 258.19215840799734 30.108495518215932 120.59941712440923 2073.0767053768504 1455.5071780685103 95.04400029592216 5736.0076854906511 90.044570482335985 230.40666362270713 2249.9779454274103 1255.7831498803571 71.354146246798337 6068.7528100241907 189.79659405350685 3057.9819064568728 1705.3473102236167 1935.5792844370008 6609.4486997616477 1434.107532883063 1239.5213695145212 157.39414548128843 720.96272657811642 819.58812003862113 1318.9579936801456 1176.4392910003662 207.11563045345247 96.231776037253439 411.44651028595399 82.480458640493453 315.13037152891047 616.13874317705631 532.78515904769301 1965.2868418116122 14.327470213174818 263.66498364903964 56.33631522860378 1985.9231527741067
leaf_count=2722815 13513 13370 33288 327608 68851 52208 46627 11965 496514 140488 21807 15430 89562 220364 3153 26913 11231 4120 98854 50789 229140 39405 33949 18291 66443 6587 448 4407 36770 23066 3674 75072 841 2403 17494 21064 434 69980 2242 32390 17986 22208 60199 14303 9018 2927 6147 158884 9207 36670 4382 5251 21834 3005 7872 12487 20583 23187 1003 5706 19017 19802
internal_value=-0.00110826 -0.0278871 0.010791 0.0356959 -0.0753641 0.00386468 0.0203404 -0.00982494 -0.0154044 -0.042984 -0.0175152 0.014466 -0.00649176 -0.0113439 0.00124606 0.00275433 0.0558979 0.017163 -0.0470409 -0.0056735 -0.0909857 -0.0559496 0.0030835 0.0236688 -0.00275239 -0.0448607 -0.0503177 0.0123778 0.00829517 0.0226898 0.0270083 0.00354911 0.00510754 0.0834771 -0.0114324 0.00427547 0.0094409 -0.00136116 0.0258677 -0.00439197 0.0055996 0.00878529 0.00560922 -0.010849 0.0137702 0.0294004 -0.013512 -0.0256498 0.0136038 0.0274165 0.0456482 -0.0548861 -0.0269432 0.0110739 -0.0446194 0.00675284 0.0289643 0.000817877 0.0332378 0.0776906 0.0201167 -0.0214413
internal_weight=78125.7 24035.2 54090.5 11769.8 6623.96 42320.6 5803.88 17411.3 13312.2 3251.3 2202.5 8470.71 10060.9 8666.65 36516.8 34240.4 1199.84 1070.64 1187.97 7478.68 5040.2 659.305 229.292 1394.26 7035.6 456.984 1131.86 8271.86 4099.05 2025.98 976.813 33675.5 30502.5 320.451 3172.98 30182 15749.3 14432.7 1445.58 12987.2 6197.44 15678 13585 3139.45 7848.97 2092.97 6789.72 1583.77 8151.26 2702.51 1383.55 1101.75 507.678 4604.04 564.971 5448.75 1148.92 4299.82 1219.8 277.992 941.81 2276.32
internal_count=5635248 4608967 1026281 487249 3253044 539032 113071 1355923 1284122 694136 197622 159641 589986 532599 425961 403006 57858 29601 188416 344183 3025309 302494 73354 57387 293394 73030 168021 144211 71801 35031 25481 368221 337214 3244 31007 333970 169858 164112 23306 140806 64679 169424 144289 32289 69217 25135 76127 227735 139804 50259 41052 167573 27085 55213 34785 89545 33070 56475 39096 6709 32387 22955
is_linear=0
shrinkage=0.1


Tree=46
num_leaves=63
num_cat=0
split_feature=9 16 25 10 24 1 6 17 3 10 6 4 16 18 21 7 7 1 10 7 10 6 10 9 6 10 18 15 3 21 16 18 17 16 9 21 15 17 10 0 8 14 18 9 14 7 6 8 9 21 9 14 18 7 9 6 16 17 18 17 10 18
split_gain=2156.76 1308.61 1220.38 994.864 445.689 395.305 372.898 281.164 228.172 225.867 286.979 225.195 193.995 239.106 187.032 165.848 160.326 151.07 148.465 146.807 123.378 137.177 107.978 102.826 127.593 221.272 98.1541 202.64 97.7045 102.718 98.3654 130.799 135.085 157.639 96.5761 95.2528 97.3209 155.169 91.1395 84.8833 81.962 90.4108 136.865 186.801 94.5404 150.104 132.229 116.627 153.975 118.515 116.355 123.894 137.904 101.322 100.395 96.986 81.2436 76.6637 74.2778 122.442 72.0793 71.7015
threshold=48.074073791503913 91.385021209716811 1.0000000180025095e-35 98.07621002197267 1.0000000180025095e-35 9.5000000000000018 24.048192977905277 99.80237197875978 3.5000000000000004 25.677655220031742 28.743545532226566 1.0000000180025095e-35 99.052112579345717 0.81534090638160717 11.500000000000002 98.147510528564467 57.321428298950202 32.500000000000007 17.712418556213382 58.102025985717781 30.471628189086918 32.049383163452156 97.498435974121108 35.948717117309577 19.139194488525394 20.601238250732425 0.30602006614208227 1.0000000180025095e-35 50.500000000000007 11.500000000000002 98.369518280029311 0.70710784196853649 97.309360504150405 97.22989654541017 35.948717117309577 5.5000000000000009 91.239036560058608 91.908679962158217 97.220077514648452 0.76043426990509044 16.807909011840824 9.5000000000000018 0.98275861144065868 85.053192138671889 3.5000000000000004 76.028167724609389 93.063350677490249 69.028213500976577 78.346122741699233 6.5000000000000009 90.070423126220717 5.5000000000000009 0.95553359389305126 69.416099548339858 88.273490905761733 84.561214447021499 99.760765075683608 52.206359863281257 0.58957219123840343 95.393455505371108 77.849929809570327 0.89181286096572887
decision_type=2 2 2 2 2 2 2 2 2 2 2 2 2 2 2 2 2 2 2 2 2 2 2 2 2 2 2 2 2 2 2 2 2 2 2 2 2 2 2 2 2 2 2 2 2 2 2 2 2 2 2 2 2 2 2 2 2 2 2 2 2 2
left_child=1 11 3 15 -5 7 23 12 14 -8 34 -1 13 28 17 18 56 -7 -2 60 -12 -22 61 24 -3 -26 27 -21 29 30 31 32 33 35 -11 36 37 -4 -30 -25 -20 44 -43 -44 45 -42 -47 48 49 -46 53 -52 55 -49 -48 -53 -9 -29 59 -38 -10 -14
right_child=2 6 5 4 -6 8 9 16 19 10 20 -13 22 -15 -16 -17 -18 -19 40 26 21 -23 -24 39 25 -27 -28 57 38 -31 -32 -33 -34 -35 -36 -37 58 -39 -40 -41 41 42 43 -45 47 46 54 50 -50 -51 51 52 -54 -55 -56 -57 -58 -59 -60 -61 -62 -63
leaf_value=-0.094210104610509132 -0.14344353035747801 0.034860938538045338 -0.0060269151175719182 0.0085883719180572856 0.084225908782536829 -0.00071150081321054296 -0.096333243020419845 0.11831838151004269 -0.065506319610683164 -0.010993141047912476 -0.085998973176744861 -0.039730087955586871 0.026747758680201558 -0.046742243408116509 0.073717278147043486 0.10452223674473859 0.090813803621966505 -0.057943680087756237 0.13322288410805486 -0.017717151811026528 0.020916583819672364 -0.044020099244472241 0.088031661598302544 0.085497394322843034 -0.11689034067121856 0.010461296698130533 0.0015552270713816707 -0.096226875555423155 -0.07736547160105646 0.022628625582396061 0.036489615158260588 -0.015380286810729563 0.044428022941628467 0.057567482856940716 0.055214537618480213 0.0055165444444505492 -0.0083349354846353734 0.044367781342450036 -0.012887903650332669 -0.0043243639015630398 -0.0067452657324410734 -0.018862787562294762 -0.014185471121600969 0.087608688687631844 -0.010810776291796909 0.03795108733034934 -0.16971562081780459 -0.061673933378023175 0.089450204168314354 0.043651230547225611 0.066417496780427826 0.0089516121849667549 0.077227234118908777 0.012926760453039664 -0.0015089457630927808 -0.066902339944007488 -0.042272927162462885 -0.039774973941591671 -0.030506427677305478 0.15546266962565358 0.12992918561064598 -0.12607189543524042
leaf_weight=3678.7694674755912 60.499465549481101 874.9004489344079 7337.1819994125981 997.13901126326527 3561.6499111168087 3308.9582049479941 461.8539988361299 38.699752342654392 1309.8068978944793 389.96811352751683 470.96982677327469 955.86905064526945 901.13838206930086 1103.4894759681774 296.67362576106098 200.22644118370954 543.51040837587789 535.90284113609232 56.991788939689286 2440.2493545510806 427.82270074193366 1357.6801046075998 330.85922462958843 375.93928610126022 183.13945907214656 534.95480901538394 1071.5229843331035 551.21077258407604 269.04534379346296 2183.367430932587 728.38333304552361 5048.3500467148842 737.63412977929693 482.55722511024214 506.44459390663542 13131.718876039493 240.97256175614893 666.49211992532946 1183.8735980574274 146.09746701130643 3204.5747567624785 1801.3976621378679 392.4954105974175 333.41083967965096 542.90114982798696 2102.0665636174381 37.115283884108067 341.90805938676931 536.01470965542831 1513.399435321684 526.3029353863094 1230.6425910390681 264.12638210318983 389.42335435876157 807.04404597938992 195.31071327871177 169.39011202566326 426.85920308763161 2245.4859238449717 56.299050097935833 19.147256201831624 31.78516935184598
leaf_count=2443753 2820 42657 170389 27670 295988 193974 66267 438 330970 35295 74000 58268 17364 11589 11891 12782 22736 102322 1170 169515 40444 166032 22157 26744 19673 34708 15533 258620 44379 42184 5739 62738 6246 3872 36900 277166 2078 9514 64360 1632 57780 42883 6979 22669 15069 51487 663 5200 9836 31008 21752 21723 22662 7469 18793 3684 3503 26823 31551 398 545 194
internal_value=-0.00103541 -0.0434651 0.00557898 0.026923 0.0676818 -0.00302095 -0.0115077 0.0016904 -0.0207259 -0.0310217 -0.0214544 -0.0829739 0.000449731 -0.000924098 -0.00278557 0.01414 0.0622359 -0.00868861 0.0128777 -0.0334949 -0.04047 -0.0284607 0.0389484 0.0218432 0.00922096 -0.0220179 -0.0248533 -0.0331314 0.000549462 0.00167157 0.000179907 -0.000703242 0.00227265 0.000985636 0.0264121 -0.000167493 -0.00724488 -0.00183038 -0.0248276 0.0603598 0.0135402 0.0130604 -0.0040903 0.0325689 0.0167681 0.00823359 0.0245259 0.0262434 0.0417153 0.0292723 0.012637 0.0240495 0.0108558 -0.0219501 -0.00890451 -0.00143799 -0.0124068 -0.0715896 -0.0242877 0.022686 -0.0626905 0.0215411
internal_weight=76849.6 10364.4 66485.2 19094.6 4558.79 47390.6 5729.77 37430.2 9960.33 3614.74 3152.89 4634.64 36678.6 35414.9 4141.53 14535.9 751.6 3844.86 14335.6 5818.8 2256.47 1785.5 1263.78 2115.03 1592.99 718.094 4489.84 3418.32 34311.4 32858.4 30675.1 29946.7 24898.3 24160.7 896.413 23678.2 10546.4 8003.67 1452.92 522.037 14275.1 14218.1 2527.3 725.906 11690.8 6150.8 2946.23 5540.03 2592.32 2056.3 2947.71 2216.38 1690.08 731.331 844.159 1425.95 208.09 978.07 2542.76 297.272 1328.95 932.924
internal_count=5635248 3046373 2588875 680087 323658 1908788 544352 798595 1110193 418938 352671 2502021 771918 732203 308187 356429 26677 296296 343647 802006 280476 206476 39715 125414 97038 54381 470491 454958 720614 611875 569691 563952 501214 494968 72195 491096 213930 179903 108739 28376 340827 339657 72531 29648 267126 128723 70943 138403 55913 46077 82490 69821 48069 12669 19456 25407 3941 285443 34027 2476 331515 17558
is_linear=0
shrinkage=0.1


Tree=47
num_leaves=63
num_cat=0
split_feature=9 16 25 11 24 6 1 17 11 9 6 16 22 4 26 0 16 18 11 1 6 14 14 26 3 3 11 6 6 1 8 9 16 11 22 21 8 17 16 18 3 11 22 21 16 2 6 9 26 18 8 6 11 21 9 9 1 0 9 16 9 15
split_gain=1835.52 1220.68 1022.01 905.418 410.489 340.722 328.46 244.466 226.468 302.623 202.135 206.197 401.881 192.266 165.738 199.463 162.674 197.424 147.606 143.222 133.134 136.042 155.164 130.783 128.293 124.045 113.837 120.748 137.886 112.512 112.482 151.915 106.509 106.07 88.2272 112.286 88.0591 86.8184 101.329 110.467 122.423 126.217 100.786 136.121 128.172 98.0848 85.6751 104.706 85.5384 90.8768 84.2521 83.7205 102.417 196.923 148.026 97.7566 80.7666 79.8531 84.7063 79.2495 84.3121 78.825
threshold=48.074073791503913 89.670635223388686 1.0000000180025095e-35 0.81666666269302379 1.0000000180025095e-35 27.639257431030277 9.5000000000000018 99.80237197875978 1.0000000180025095e-35 85.053192138671889 43.792808532714851 53.717523574829109 3.5000000000000004 1.0000000180025095e-35 1.0000000180025095e-35 0.84885936975479137 99.052112579345717 0.81534090638160717 0.31666667759418493 4.5000000000000009 17.712418556213382 4.5000000000000009 9.5000000000000018 1.0000000180025095e-35 5.5000000000000009 11.500000000000002 0.44949495792388922 88.047618865966811 69.631092071533217 1.5000000000000002 92.031745910644545 86.425064086914077 99.760765075683608 0.77500000596046459 9.5000000000000018 11.500000000000002 42.179391860961921 98.219570159912124 98.295398712158217 0.57417583465576183 39.500000000000007 0.73214286565780651 10.500000000000002 9.5000000000000018 95.093433380126967 0.72155243158340465 20.169491767883304 35.948717117309577 1.0000000180025095e-35 0.21132376790046695 17.712418556213382 91.945945739746108 0.31666667759418493 7.5000000000000009 81.302967071533217 88.416816711425795 7.5000000000000009 0.76043426990509044 35.948717117309577 99.760765075683608 82.807880401611342 96.162029266357436
decision_type=2 2 2 2 2 2 2 2 2 2 2 2 2 2 2 2 2 2 2 2 2 2 2 2 2 2 2 2 2 2 2 2 2 2 2 2 2 2 2 2 2 2 2 2 2 2 2 2 2 2 2 2 2 2 2 2 2 2 2 2 2 2
left_child=1 13 3 8 48 24 7 16 9 20 -8 12 -12 -1 15 26 17 37 59 -7 -2 -22 36 -6 46 34 51 28 -28 -16 31 -30 -32 -18 35 -13 -23 38 39 40 42 -42 43 44 -4 -41 -3 -48 49 -5 -24 52 53 54 61 -53 57 58 -26 -9 -61 -10
right_child=2 5 6 4 23 19 10 18 14 -11 11 25 -14 -15 29 -17 33 -19 -20 -21 21 22 50 -25 56 -27 27 -29 30 -31 32 -33 -34 -35 -36 -37 -38 -39 -40 45 41 -43 -44 -45 -46 -47 47 -49 -50 -51 -52 55 -54 -55 -56 -57 -58 -59 -60 60 -62 -63
leaf_value=-0.094664248989809019 -0.12153711149785865 0.0578560048364418 0.0022920336965469414 0.0067753306675828705 0.095780321635497004 -0.01676190553372758 -0.068662426424787745 0.11421411026903472 -0.078272727817812499 0.089073015006227801 -0.014541802615042457 0.0026678753704221531 -0.08906881091484331 -0.040503349781778102 -0.032776042061010195 0.066113449843947278 0.01906679580487964 -0.042848527496366424 0.089944262182084039 -0.062587735750908355 -0.0060715387688058536 0.021366700800548012 0.13522627172947979 0.052907263268617492 -0.0016400047895881475 -0.050397638715861462 0.058951179509345399 0.067666328884815524 0.0070415740285265649 0.0012463196701291675 -0.020431062433628824 -0.10926989372187455 0.084051845052842952 0.086647037116020065 -0.060607603437504237 0.064273225940453302 0.074668610691363893 0.030533335419388987 0.0337864037319607 -0.017831281911003236 -0.076736531447480202 -0.0088850909209830138 -0.071849098907899672 0.031392851911246453 0.064608957116137122 -0.00021086323271571664 -0.017060581430966001 0.048561637354882288 -0.019037923307856669 0.096494712046283376 0.0003683147525936177 -0.20273066144594498 0.016481004913048852 0.03162781286042881 0.0078750161347592995 -0.028801305527474331 -0.05239685690863375 -0.032007187216505271 0.070281236773038894 -0.075747624604600716 0.092976943894382991 -0.19353837539767582
leaf_weight=3193.4843078238191 65.502665168954991 648.79221354366746 15286.914292124799 311.51140303886496 2253.8529320927337 1475.0916375287343 757.97080927528441 41.894597013713792 164.12784171558451 759.76841300271917 3234.7091168225743 3874.0088927237084 932.0344759253785 824.69908309378661 1460.1749084349722 692.84503705147654 917.04472620785236 1084.4301999663003 492.42266227211803 1268.4958272832446 1151.0243505330291 460.10064556100406 48.560368755715899 1039.751596091548 500.56364313350059 458.20530858403072 412.04977330076508 550.43627938092686 248.45891698542982 2907.4423922470305 212.32985554612242 204.9012497398071 180.50909916777164 311.01407662406564 200.01724816067144 320.32657079072669 949.7482163826935 935.57208554283716 847.18842398375273 5986.1749006407335 329.24435321649071 1638.5789992674254 164.55448537075426 1992.2938987103989 337.33474610908888 6689.4149256558158 566.12577143171802 426.19260173453949 517.93990130268503 177.06905008945614 1006.9608961374033 34.848674619570374 1847.1389199615223 308.46187548176385 139.9440874424763 444.4112852960825 355.549579598126 436.02355467667803 243.37773164070677 135.98649446968921 37.862536869011819 92.915527937235311
leaf_count=2337676 3137 30615 348164 7455 260858 59537 278563 630 2899 31088 249683 94830 430944 54820 9920 42602 17021 11589 21939 335502 31684 16303 979 35712 35903 35048 14941 25167 6151 33935 11975 4857 16081 22694 15542 5583 19560 7447 6864 87611 54995 85030 14375 43753 2655 69720 49852 29460 9690 10448 30539 450 37944 5917 2412 6563 91464 5824 15720 2967 1141 820
internal_value=-0.000957513 -0.0410083 0.00510574 0.024918 0.0651659 -0.0121355 -0.00275201 0.00153192 0.0128511 0.031612 -0.0190635 -0.0148953 -0.0312123 -0.0835482 0.00443479 0.0159295 0.000403476 -0.000841521 0.059725 -0.0379494 0.0197548 0.022314 0.0355666 0.0822458 0.0101596 -0.000884325 0.00874647 0.0286013 0.0115119 -0.010128 -0.0115883 -0.0455267 0.0275787 0.0361819 0.0042785 0.00737275 0.0572737 0.000490175 -0.000354614 -0.00124665 0.00342954 -0.0202376 0.00604876 0.0067764 0.00363748 -0.00853228 0.0295987 0.0111236 0.00927584 0.039291 0.0065726 -0.00309819 0.00410222 -0.0283102 -0.0748824 -0.0414483 -0.0106164 0.001973 0.0218888 -0.00924874 -0.0390011 -0.119939
internal_weight=75586.4 9938.4 65648 18642.8 4300.12 5920.21 47005.2 37227.9 14342.7 4441.67 9777.27 9019.3 4166.74 4018.18 9901 5533.38 36519.8 35291.7 708.166 2743.59 3681.9 3616.39 2465.37 3293.6 3176.63 4852.56 4840.53 1808.69 1258.25 4367.62 846.199 453.36 392.839 1228.06 4394.35 4194.34 1409.85 34207.3 33271.7 32424.5 19748.9 1967.82 17781.1 17616.5 15624.2 12675.6 1641.11 992.318 1006.52 488.58 1055.52 3031.85 2552.59 705.449 396.987 479.26 1535.51 1179.96 743.941 215.744 173.849 257.043
internal_count=5635248 3046373 2588875 680087 324163 653877 1908788 798595 355924 133290 1110193 831630 680627 2392496 222634 178779 771918 732203 26677 395039 102202 99065 67381 296570 258838 151003 136177 79172 54005 43855 39064 11008 28056 39715 115955 100413 35863 720614 713167 706303 548972 140025 408947 394572 350819 157331 109927 79312 27593 17903 31518 57005 49992 12048 6131 7013 148911 57447 51623 4738 4108 3719
is_linear=0
shrinkage=0.1


Tree=48
num_leaves=63
num_cat=0
split_feature=4 6 26 16 11 18 26 10 18 11 11 7 23 16 25 22 8 16 21 0 22 11 11 18 18 15 23 22 7 10 27 11 10 16 7 6 0 23 16 22 16 23 10 27 21 2 16 0 5 22 8 5 6 5 6 18 23 21 18 25 23 21
split_gain=1557.94 1537.51 648.193 596.381 515.148 1181.6 181.028 168.482 150.148 149.098 232.834 175.919 127.562 140.077 123.869 177.246 123.491 139.281 122.921 111.441 107.223 94.4222 93.2 148.763 91.9014 319.849 313.844 126.486 93.6186 91.251 90.8409 86.2996 204.79 161.297 156.181 83.5477 78.2225 185.071 75.3142 72.4744 72.3742 69.0236 66.3153 65.8699 70.6656 65.6672 64.9173 106.846 68.5668 64.2752 75.8489 101.705 63.4667 60.6382 60.1703 59.652 58.0222 57.6989 56.3193 55.9024 124.137 144.69
threshold=1.0000000180025095e-35 42.94755935668946 1.0000000180025095e-35 94.602687835693374 0.81666666269302379 0.1695402339100838 1.5000000000000002 98.07621002197267 1.0000000180025095e-35 1.0000000180025095e-35 0.31666667759418493 50.31645584106446 0.44949495792388922 81.019149780273452 1.0000000180025095e-35 7.5000000000000009 98.213714599609389 99.760765075683608 7.5000000000000009 0.93393263220787059 8.5000000000000018 0.15476191043853763 0.31666667759418493 0.29520697891712194 0.26201373338699346 1.0000000180025095e-35 1.0000000180025095e-35 6.5000000000000009 84.889995574951186 70.087718963623061 1.0000000180025095e-35 1.0000000180025095e-35 92.907444000244155 79.180648803710952 61.143791198730476 59.491636276245124 0.38947372138500219 0.63068181276321422 52.111026763916023 3.5000000000000004 90.017181396484389 0.6904762089252473 89.039035797119155 1.0000000180025095e-35 7.5000000000000009 0.84802827239036571 78.283874511718764 0.25541883707046514 1.0000000180025095e-35 6.5000000000000009 37.884435653686531 1.0000000180025095e-35 83.75235748291017 1.0000000180025095e-35 41.728857040405281 0.98275861144065868 0.19090909510850909 6.5000000000000009 1.0000000180025095e-35 1.0000000180025095e-35 0.23611111193895343 6.5000000000000009
decision_type=2 2 2 2 2 2 2 2 2 2 2 2 2 2 2 2 2 2 2 2 2 2 2 2 2 2 2 2 2 2 2 2 2 2 2 2 2 2 2 2 2 2 2 2 2 2 2 2 2 2 2 2 2 2 2 2 2 2 2 2 2 2
left_child=1 3 4 12 7 39 9 14 -4 11 18 29 -1 -14 16 22 30 -18 -11 31 -15 -17 43 -24 25 57 38 35 -29 46 -2 32 33 54 -33 -26 37 -5 -27 45 -8 -25 52 -16 -45 -6 -3 48 56 -32 51 -51 -13 -28 -10 -53 -48 -12 -55 60 -36 -62
right_child=2 6 8 36 5 -7 40 -9 19 10 24 42 13 20 15 21 17 -19 -20 -21 -22 -23 23 41 27 26 53 28 -30 -31 49 34 -34 -35 59 -37 -38 -39 -40 -41 -42 -43 -44 44 -46 -47 47 -49 -50 50 -52 55 -54 58 -56 -57 -58 -59 -60 -61 61 -63
leaf_value=-0.094001091126697467 0.046976660318677727 -0.069942575053359865 -0.10215764485456172 -0.018394756083581581 0.016918525894401622 0.09376438348258348 -0.073664789788305998 0.10030846580692648 -0.078592508424857432 -0.08448045849408331 -0.0084845010409383605 0.045868808143099425 -0.081626382066197156 0.067657638315101076 -0.042865739361122313 0.0068890490794811998 -0.0058096874328345052 0.08526838979661773 -0.0081904261668795334 -0.062316994036281319 -0.07624542189052895 -0.11179279339047826 -0.0044571217088053457 0.052833241561096533 0.08860593420502387 -0.096305469718230341 -0.051648522888424669 -0.049195685981207042 0.023685641190522053 0.12606639367718595 0.0024220398745417857 -0.025749763413910873 0.11334009172570195 0.017155363066153072 -0.015167019034539597 0.018024820228260144 -0.03164689493010113 0.12386498054378781 -0.035399718853541255 -0.082435880423368871 0.0058573691441585708 -0.18862598363662536 0.11765595922991012 -0.030135236373993887 0.051851993718493528 -0.017256089108649311 0.009877563801885262 -0.02329565211741302 0.0096437606915566829 -0.029976808191095407 0.034706402828318605 -0.012723840392737064 -0.16445693142469706 -0.097378951534593014 0.0056574742603061013 0.045226567859053414 0.22618348663595123 0.0083200233826146112 0.060119435288253899 -0.00085251955816956204 0.056695724265122295 0.0085809356801375344
leaf_weight=3595.980335638742 716.57789294514805 185.50445765873883 143.66664190217853 401.54493156424724 2845.2620447566733 2874.9521728861146 546.0840446370421 210.40007330290973 261.67533247731626 584.58187378407456 5181.175285159843 762.27958751178812 380.6600943611702 148.51394119556062 654.75348171172664 95.614209878258407 251.31936392001808 505.88543908111751 330.66065008833539 281.73305123019964 79.493377353297547 224.27796097286046 1652.9788697841577 747.49017841555178 184.5611713398248 788.10388560954016 79.338683232781477 494.15194807725493 273.96612701751292 46.443940003635362 4714.4055324220099 2343.3157883931417 201.14331194479018 3108.3794523670804 1227.3086716365069 1836.7731167844031 1349.6475499654189 118.41647697368171 273.48452582373284 86.582524107769132 144.79358609463088 12.029378827661274 135.78544796817005 227.41124069225043 195.50500338338315 700.74151610396802 17.900660053128377 488.70513768156525 63.74183296028059 549.40316106239334 1748.9215116482228 266.42942016059533 14.622212960850446 24.7921731028473 125.39047594182193 532.93577103689313 40.36381864384748 3373.6225291097071 269.57738007523585 21653.166215587407 879.85463827010244 2157.7761739306152
leaf_count=2723018 12344 65576 15360 95844 16611 317284 197793 18265 26128 62487 236341 16347 230301 38055 13212 1170 16127 56261 13936 3089 31072 1545 11516 19038 3214 429616 2568 7179 2626 710 82830 27790 3614 50849 8069 21929 173422 13244 21053 807 6038 193 3008 3625 3737 4275 4204 42774 6741 3885 48508 1987 145 2560 2343 3564 1334 152169 3663 200245 25086 26924
internal_value=-0.000876732 -0.0230561 0.00856287 -0.0659409 0.0228093 0.0458662 -0.00691758 0.0115331 -0.00015382 -0.00467812 -0.00819513 0.0227607 -0.0868351 -0.0444985 0.0101068 -0.00507616 0.0163365 0.0550392 -0.0569182 0.000300729 0.0174867 -0.0763194 0.00145365 0.0123754 -0.00470569 -0.00918672 -0.0528707 0.0113426 -0.023201 -0.0101858 0.0129004 0.00085275 0.0152212 0.00957505 -0.00102665 0.0244693 -0.0189509 0.0140036 -0.080615 0.00795799 -0.0569986 0.049009 0.0531793 -0.0229962 0.00776568 0.0101651 -0.0181335 -0.00239647 0.0813167 0.00977468 0.0209647 0.0031462 0.0419102 0.0259424 -0.0512996 0.0259116 0.159728 -0.00185756 0.0468547 0.00120863 0.0116731 0.0225175
internal_weight=74412.6 22215.3 52197.3 6074.26 19813.9 6507.54 16141 13306.3 32383.4 15450.1 13694.8 1755.35 4204.65 608.667 13095.9 3810.06 9285.88 757.205 915.243 32239.7 228.007 319.892 3490.17 2412.5 12779.5 9990.09 1435.3 2789.45 768.118 842.66 8528.67 31958 3696.59 3495.45 28261.4 2021.33 1869.61 519.961 1061.59 3632.59 690.878 759.52 912.687 1077.67 422.916 3546 796.216 610.711 122.006 7812.1 3097.69 1348.77 776.902 373.708 387.066 799.365 58.2645 8554.8 294.37 25918.1 4264.94 3037.63
internal_count=5635248 4608967 1026281 3304956 636784 338977 1304011 297807 389497 1100180 959341 140839 3022446 299428 279542 54036 225506 72388 76423 374137 69127 2715 51321 30747 882918 847970 459460 34948 9805 121339 153118 371048 82934 79320 288114 25143 282510 109088 450669 21693 203831 19231 19500 20574 7362 20886 120629 55053 12279 140774 57944 9436 16492 8791 28471 5551 5538 388510 6223 260324 60079 52010
is_linear=0
shrinkage=0.1


Tree=49
num_leaves=63
num_cat=0
split_feature=1 6 0 16 11 27 16 22 17 9 3 27 17 16 0 3 9 11 1 14 7 11 18 6 18 11 16 9 0 11 27 24 9 22 14 3 7 7 0 8 11 6 14 9 11 9 14 6 7 24 2 14 6 16 2 6 24 6 16 11 27 15
split_gain=1372.16 1278.88 482.298 322.477 429.444 309.548 251.398 385.299 180.197 175.905 188.594 167.86 149.457 146.349 204.471 136.887 129.08 160.051 135.101 122.126 182.64 158.44 118.303 116.782 109.606 96.5197 117.672 102.71 107.371 95.6218 196.015 103.967 90.103 88.1653 86.2262 96.0305 85.4963 81.3141 88.5716 80.2503 188.879 167.123 79.9363 79.058 77.7795 146.821 90.6635 98.9611 135.497 81.0141 77.1973 76.8983 75.2322 73.1535 90.4893 72.9642 72.8205 71.823 71.544 81.4358 69.2669 67.3751
threshold=8.5000000000000018 43.288288116455085 0.99999997019767772 98.441547393798842 0.84523808956146251 1.0000000180025095e-35 55.193569183349616 3.5000000000000004 95.093433380126967 42.740047454833991 3.5000000000000004 1.0000000180025095e-35 98.51843643188478 64.01581192016603 0.42732143402099615 8.5000000000000018 86.72955703735353 0.18333333730697635 2.5000000000000004 5.5000000000000009 84.660633087158217 0.84523808956146251 0.96275860071182262 23.166368484497074 0.12701612710952762 1.0000000180025095e-35 75.44385147094728 93.643951416015639 0.72551110386848461 0.44949495792388922 1.0000000180025095e-35 1.5000000000000002 88.067794799804702 9.5000000000000018 2.5000000000000004 15.500000000000002 77.003208160400405 30.860805511474613 0.38947372138500219 91.476997375488295 0.31666667759418493 79.277816772460952 9.5000000000000018 65.419578552246108 1.0000000180025095e-35 64.346244812011733 4.5000000000000009 92.718276977539077 78.456192016601577 1.5000000000000002 0.5347527563571931 4.5000000000000009 93.40579986572267 82.832054138183608 0.21520989388227466 91.54584121704103 2.5000000000000004 66.287876129150405 86.576263427734389 0.31666667759418493 1.0000000180025095e-35 95.862876892089858
decision_type=2 2 2 2 2 2 2 2 2 2 2 2 2 2 2 2 2 2 2 2 2 2 2 2 2 2 2 2 2 2 2 2 2 2 2 2 2 2 2 2 2 2 2 2 2 2 2 2 2 2 2 2 2 2 2 2 2 2 2 2 2 2
left_child=2 5 3 9 8 58 7 34 22 10 23 61 19 -7 53 33 18 -18 -10 29 21 25 50 -1 -9 26 -21 -27 56 39 57 -32 42 44 35 -3 -20 38 -24 41 -41 -11 -28 -4 45 49 47 48 -46 -8 -5 52 -47 -15 -55 -43 -29 -31 -2 -60 -58 -6
right_child=1 6 43 4 11 13 15 24 16 12 -12 -13 -14 14 -16 -17 17 -19 36 20 -22 -23 37 -25 -26 27 32 28 -30 30 31 -33 -34 -35 -36 -37 -38 -39 -40 40 -42 55 -44 -45 46 51 -48 -49 -50 -51 -52 -53 -54 54 -56 -57 60 -59 59 -61 -62 -63
leaf_value=0.081198574745734234 -0.093393067527702267 0.026128813166740414 -0.27790838643877575 0.044258702038840497 0.051185742664316997 -0.094908312545555804 -0.030527092214930003 -0.093556298865377682 0.0074693071956389457 -0.014844371582641215 -0.058559583180191194 0.090651140394328811 0.037721528233294527 -0.029782322331701035 -0.069498581247456129 -0.032720482250544504 0.094101883538417572 0.012420991407665579 -0.030149611680563487 -0.067059071378114551 -0.045209727598072381 0.071606092658583725 0.34903478063210086 -0.021316325993902166 -8.3643380660182749e-05 -0.039256498210602397 0.040631651591788227 0.0047184093786594604 -0.037849314775112455 0.055965058127762639 0.050342162604949441 9.0021756739979894e-05 0.10382068777772097 -0.035372374626266113 -0.028921190186648488 -0.016165920952400801 0.038001047666454041 0.036649125306497561 0.081297385282176921 0.10397792707860146 -0.061097991389611708 0.023277506086783667 -0.0084573250712972319 0.097625947958343007 0.0020832632585619389 0.0010798879682785653 -0.016108504897325866 -0.0013899762465939219 0.058726760791895018 0.10002314276661584 0.0076065744410480154 0.099742963366883985 0.11999184578684124 0.15820683325766305 0.027752285569918794 0.11033999410538918 0.0017148250750145635 0.0035562541292504463 -0.065815857767644162 0.19654135895194913 -0.13945531149946941 -0.0027274632498803029
leaf_weight=182.91294632013887 2491.4049030470196 931.45665167854168 5.6573994755744925 752.18741330248304 690.80835962435231 251.38817424559966 324.30959404294845 877.85006209393032 3113.5311029187869 3064.010178137687 964.07750145520549 988.51305287145078 1161.9300723575288 183.16904352838174 366.52246665314306 888.92463736538775 270.99263708572835 2090.3453927771188 2145.8334073096048 156.17919744981918 1207.3272963991622 272.13168261630926 12.784629863221197 283.12785871885717 146.36406256374903 1130.4944833635818 674.83338101021945 3500.8045381573029 835.57992655877024 264.46706579334568 1481.4912214602809 570.14640255644917 129.72274407790974 412.08337894943543 1571.4375308505259 1267.1035086718621 201.35336173977703 1094.2642373847775 368.50731946248561 78.775843499228358 577.03098900278565 830.53126011276618 652.43863303307444 615.9741658391431 783.91503713745624 221.36096323584206 1238.045184125891 1727.4890848618234 915.50432156398892 55.69774375949055 2434.67662522709 338.37526303832419 70.039223288185894 61.120369532261975 408.84525863593444 108.87989638745785 69.310240602586418 23230.405132550863 1115.5120379033033 11.958040335797703 69.718285704031587 348.85387598723173
leaf_count=14600 1899744 33999 28 24384 36578 132399 46492 466130 48460 135446 393086 123086 21049 54281 37806 65991 14360 72066 56107 52279 33799 3861 296 45349 16060 38429 40815 112934 16468 5214 66088 27823 1783 22077 149685 105697 5089 37905 5881 2194 4770 9537 63768 89275 15013 3056 31968 18528 10486 1540 47999 4957 1976 5777 49152 3687 723 323482 476209 222 991 6314
internal_value=-0.000811291 -0.0260385 0.00661017 0.00563794 0.0184687 -0.0690234 -0.00818006 -0.0258091 0.0115353 0.00115059 -0.0333112 0.0611475 0.00238067 -0.0265693 -0.00972086 0.00393587 0.00225984 0.0217949 -0.00618755 0.00132516 -0.00911545 -0.00329829 0.0270965 0.018919 -0.0801987 -0.0061219 0.0154332 -0.0123247 -0.00552164 0.00433181 0.00673466 0.0363772 0.0242757 0.0092892 -0.0110329 0.00175295 -0.0243033 0.0505062 0.0902746 -0.00884294 -0.041269 -0.00353118 0.0165013 0.0942083 0.0125324 0.0376958 0.00708549 0.0154648 0.032598 -0.0113923 0.0162575 0.0673156 0.0296609 0.0238249 0.0447183 0.0333682 0.00189967 0.00414619 -0.0839344 -0.0630333 -0.0690774 0.0330954
internal_weight=73290.5 16659.9 56630.6 56009 14512.7 4889.92 11770 4794.21 12484.5 41496.3 1430.12 2028.18 40066.2 1271.05 1019.66 6975.74 7822.06 2361.34 5460.72 38904.3 8698.54 7491.21 4662.42 466.041 1024.21 7219.08 1613.17 5605.91 4475.41 30205.7 25546.5 2051.64 1456.99 6086.82 3770 2198.56 2347.19 1475.56 381.292 4659.23 655.807 4003.42 1327.27 621.632 5674.74 1009.78 4664.95 3426.91 1699.42 380.007 3186.86 629.775 291.4 653.135 469.966 939.411 3639.83 23494.9 3618.87 1127.47 139.029 1039.66
internal_count=5635248 3649245 1986003 1896700 478525 2655590 993655 771571 312547 1418175 453035 165978 965140 279415 147016 222084 196082 86426 109656 944091 365850 332051 116465 59949 482190 328190 158645 169545 131116 578241 422607 93911 106366 156093 289381 139696 61196 44082 6177 155634 6964 148670 104583 89303 134016 58021 75995 44027 25499 48032 72383 9989 5032 109210 54929 13224 114648 328696 2376175 476431 1714 42892
is_linear=0
shrinkage=0.1


Tree=50
num_leaves=63
num_cat=0
split_feature=1 6 0 25 11 27 27 3 6 16 17 10 8 17 16 0 18 21 18 22 11 11 16 18 18 22 27 11 26 21 1 6 8 16 11 1 3 25 16 18 17 16 0 15 17 17 27 26 27 21 18 17 21 17 15 3 2 0 26 18 18 22
split_gain=1153.93 1071.9 443.051 330.313 487.871 333.54 267.117 215.42 212.968 224.521 201.801 193.4 131.758 131.579 127.887 171.037 125.834 125.471 154.305 172.271 118.958 110.95 110.66 159.813 100.268 91.2208 90.1905 84.16 76.1605 71.321 71.2267 69.9319 65.045 64.4141 65.8962 63.6656 108.085 63.3234 62.4116 104.39 133.968 129.208 99.0072 98.0833 161.984 113.708 135.831 89.8206 67.2373 68.2351 69.0506 113.761 61.9351 60.7845 98.1097 79.3675 95.3024 114.782 73.4535 149.625 98.1436 95.5861
threshold=9.5000000000000018 43.288288116455085 0.99999997019767772 1.0000000180025095e-35 0.84523808956146251 1.0000000180025095e-35 1.0000000180025095e-35 4.5000000000000009 38.924964904785163 85.786437988281264 99.80237197875978 99.206348419189467 24.068965911865238 94.349296569824233 69.783050537109389 0.41374915838241583 0.98275861144065868 9.5000000000000018 0.2709790319204331 3.5000000000000004 0.31666667759418493 0.31666667759418493 99.052112579345717 0.81534090638160717 0.15075758099555972 7.5000000000000009 1.0000000180025095e-35 0.77500000596046459 2.5000000000000004 11.500000000000002 21.500000000000004 86.70682525634767 62.575302124023445 84.870288848876967 0.31666667759418493 25.500000000000004 3.5000000000000004 1.0000000180025095e-35 98.369518280029311 0.74456521868705761 97.45212554931642 97.448913574218764 0.71415531635284435 91.905540466308608 90.02923965454103 93.764953613281264 1.0000000180025095e-35 1.5000000000000002 1.0000000180025095e-35 6.5000000000000009 0.58957219123840343 95.393455505371108 6.5000000000000009 84.635734558105483 86.876968383789077 9.5000000000000018 0.6850685477256776 0.35752075910568243 1.0000000180025095e-35 0.069047622382640853 0.16397849470376971 3.5000000000000004
decision_type=2 2 2 2 2 2 2 2 2 2 2 2 2 2 2 2 2 2 2 2 2 2 2 2 2 2 2 2 2 2 2 2 2 2 2 2 2 2 2 2 2 2 2 2 2 2 2 2 2 2 2 2 2 2 2 2 2 2 2 2 2 2
left_child=2 6 3 4 11 31 33 17 9 -5 22 13 -11 16 -8 35 -1 18 19 30 -14 -12 23 28 -21 -19 -25 -24 29 38 -3 -6 -4 -2 -35 36 -16 -20 39 40 41 43 -42 45 -45 53 47 52 49 50 51 -46 -47 54 55 58 57 -57 60 -60 61 -10
right_child=1 7 32 8 5 -7 14 -9 10 12 21 -13 20 -15 15 -17 -18 25 37 24 -22 -23 27 26 -26 -27 -28 -29 -30 -31 -32 -33 -34 34 -36 -37 -38 -39 -40 -41 42 -43 -44 44 48 46 -48 -49 -50 -51 -52 -53 -54 -55 -56 56 -58 -59 59 -61 -62 -63
leaf_value=0.011327582512867126 -0.093430049564851153 0.029435977580569008 -0.23392281018904623 -0.083650853174658021 0.11099185812352089 0.087190168492421338 -0.087714483545239946 -0.024574967938815553 0.013240614199753553 0.029540850304297785 -0.011177974384077466 0.10224819042558123 -0.040125013429386819 -0.00063250430172321487 0.090702900923670213 -0.067895915662776765 0.046112573049544213 0.056678160447994279 0.035983812341200093 -0.095768033949033701 0.14766305426465653 0.086029462271836971 0.016354591263758416 -0.028796532108209302 -0.020919164931239114 -0.017867704052305179 -0.1220120840890499 0.082391304832916692 -0.054157757862049641 0.017973660701515209 -0.035437740057268151 0.01382175351851813 0.097192206653603508 -0.065588003103601827 0.18075442886847803 -0.043753498780088086 -0.00712661776392248 0.0026049468175534845 0.029273074155986206 -0.023700231834064708 0.066537163442423761 0.046104773598298919 0.0039413473329928637 0.097173396531059872 -0.0075187204769729303 0.07378310421370958 -0.069702798733896162 -0.022977259642157633 -0.085208296859865681 0.025834850901004666 -0.02540895747637589 0.11922874770701951 0.02489122411175488 -0.011376531001370871 0.069090515198816579 -0.025221129396431903 -0.028824909920861886 0.0093415754516500121 -0.097855192212216863 0.001653439850111264 0.058576468003458865 -0.091890833689758311
leaf_weight=5502.4519715036731 2071.5144462292665 454.61525786295533 5.9963167067617169 594.97724353754893 78.364882236579433 1454.4525486119092 261.93316772539401 4645.5626026603859 3817.3804142579902 521.30790865852032 161.98724884889089 218.16673504374921 905.82227397500537 8795.9757112294901 224.2224267431302 307.75539807032328 1282.3083236766979 681.0765865809517 718.922227706993 415.80937583278865 35.038065672502853 426.73762708110735 820.31513796956278 929.86226426402573 314.2267880825093 216.2796455785865 116.83915785513818 252.36152087291703 253.24711637548171 2277.0341474640882 269.60889373463579 1349.6581711430335 559.63439462613314 1037.3061803709134 10.973671778221613 108.89019052393269 227.53985194896813 2713.8014289620332 694.90949038811959 1905.091786093777 521.62969488406088 574.16731613618322 490.08589414577 124.10884703299962 398.51035356498323 548.11377412267029 126.89117644529324 196.97234796418343 146.85035707370844 350.91444428102113 3314.1122944025556 86.115325821447186 491.37381987646222 4435.2050169383874 213.83727347839158 1352.9125007854309 1619.8689924399368 3315.7731778395828 155.21702438232023 5705.6098561836407 484.49283383134753 88.487429301603697
leaf_count=165261 1739161 9217 30 412989 1393 182807 143807 559349 32219 71304 4444 18584 211852 200606 17107 34484 37835 18604 15987 217983 533 21705 16470 9361 22695 15352 1955 22557 13876 48390 12236 38315 89273 504009 227 12601 54470 51319 5708 22501 5135 4647 3324 1588 3351 7879 1447 2462 2153 3270 48356 601 5110 60237 2094 134477 23815 81513 78475 83484 13599 9655
internal_value=-0.000755256 -0.0257879 0.00561341 0.00474155 0.0156504 0.0534841 -0.0681183 -0.00853841 -0.000558045 -0.031861 0.00121119 0.00874768 -0.010787 0.00743845 -0.026469 -0.00799581 0.0179019 0.00434098 -0.00197014 -0.0292705 -0.0331317 0.0592829 0.00025643 -0.000720471 -0.0635511 0.0387112 -0.0392018 0.0318906 0.000475129 0.000888928 0.00528526 0.0191541 0.093682 -0.0832084 -0.0630092 0.0248848 0.0414289 0.00959555 -0.000359603 -0.00103556 0.000476361 -0.000836214 0.0362151 -0.00183544 -0.0154558 0.000834377 0.0288274 0.038939 -0.0187092 -0.0163559 -0.0202533 0.0150036 0.0506715 -0.00096678 0.00178901 0.000918892 -0.00792551 -0.000674159 0.00634446 -0.000981928 0.0161247 0.0108589
internal_weight=72381.2 14680 57701.2 57135.5 18681.4 2882.48 4250.14 10429.9 38454.2 2057.15 36397 15798.9 1462.17 15580.7 1130.34 868.408 6784.76 5784.34 4886.98 1454.26 940.86 588.725 35808.3 34735.6 730.036 897.356 1046.7 1072.68 33688.9 33435.7 724.224 1428.02 565.631 3119.79 1048.28 560.652 451.762 3432.72 31158.6 30463.7 28558.6 27546.9 1011.72 26972.7 4420.61 22552.1 1363.35 1236.46 4296.5 4149.65 3798.74 484.626 1039.49 21188.8 16753.6 16539.7 6288.55 4668.69 10251.2 5860.83 4390.36 3905.87
internal_count=5635248 3428608 2206640 2117337 644801 222515 2505866 922742 1472536 696678 775858 422286 283689 403702 262469 118662 203096 363393 329437 262131 212385 26149 749709 710682 240678 33956 11316 39027 699366 685490 21453 39708 89303 2243397 504236 84178 71577 67306 637100 631392 608891 600432 8459 595785 59319 536466 16898 15451 57731 55578 52308 3952 12989 519568 459331 457237 239805 215990 217432 161959 55473 41874
is_linear=0
shrinkage=0.1


Tree=51
num_leaves=63
num_cat=0
split_feature=4 8 16 26 11 16 23 11 11 10 1 3 1 18 16 10 22 18 15 18 10 23 1 2 11 17 3 22 2 11 10 1 18 2 6 8 23 25 3 5 15 15 11 18 3 18 7 3 25 11 2 2 22 11 6 11 26 7 8 8 18 15
split_gain=968.634 1134.89 523.72 443.909 372.755 1014.78 160.922 154.656 237.311 135.187 124.004 123.925 138.006 120.547 119.414 118.144 110.19 133.993 307.334 297.283 128.438 122.3 102.858 520.792 110.371 102.824 102.36 94.8105 86.2644 83.348 153.388 139.143 86.3021 87.7061 85.7866 83.0265 75.9139 75.3059 72.1252 71.4183 118.612 70.5152 68.5311 68.4751 62.1683 60.554 60.3628 61.0961 59.3988 57.7494 55.17 54.9439 68.3936 54.6666 74.0292 89.1923 71.9224 59.2181 81.7434 54.4667 52.8054 52.2322
threshold=1.0000000180025095e-35 43.826219558715827 94.602687835693374 1.0000000180025095e-35 0.81666666269302379 50.920385360717781 0.44949495792388922 1.0000000180025095e-35 0.31666667759418493 98.07621002197267 21.500000000000004 3.5000000000000004 4.5000000000000009 1.0000000180025095e-35 68.194953918457045 89.039035797119155 8.5000000000000018 0.26201373338699346 1.0000000180025095e-35 1.0000000180025095e-35 50.31645584106446 0.13392857462167743 1.0000000180025095e-35 0.99996608495712291 0.93750000000000011 95.093433380126967 101.50000000000001 8.5000000000000018 0.6850685477256776 1.0000000180025095e-35 92.907444000244155 9.5000000000000018 0.8441295623779298 0.74055027961730968 19.139194488525394 42.462121963500984 0.19090909510850909 1.0000000180025095e-35 20.500000000000004 1.0000000180025095e-35 52.193151473999031 1.0000000180025095e-35 0.15476191043853763 0.41885964572429663 49.500000000000007 0.38278388977050787 81.120250701904311 2.5000000000000004 1.0000000180025095e-35 0.27922078967094427 0.7028520703315736 0.38219055533409124 8.5000000000000018 0.44949495792388922 90.595520019531264 0.34848485887050634 1.0000000180025095e-35 79.337715148925795 71.148777008056655 54.692083358764656 0.57417583465576183 49.87309646606446
decision_type=2 2 2 2 2 2 2 2 2 2 2 2 2 2 2 2 2 2 2 2 2 2 2 2 2 2 2 2 2 2 2 2 2 2 2 2 2 2 2 2 2 2 2 2 2 2 2 2 2 2 2 2 2 2 2 2 2 2 2 2 2 2
left_child=1 2 6 4 9 41 -1 15 37 10 11 36 -13 -5 -8 39 17 18 26 -20 -19 -21 24 29 49 48 50 42 45 30 31 34 33 43 -24 -33 -2 59 61 40 -3 44 -16 -31 -6 -14 47 -12 51 -15 -10 52 -4 54 55 57 -55 58 -22 -9 -35 -23
right_child=3 7 25 13 5 -7 14 8 16 -11 46 12 28 22 27 -17 -18 20 19 21 53 38 23 -25 -26 -27 -28 -29 -30 32 -32 35 -34 60 -36 -37 -38 -39 -40 -41 -42 -43 -44 -45 -46 -47 -48 -49 -50 -51 -52 -53 -54 56 -56 -57 -58 -59 -60 -61 -62 -63
leaf_value=-0.091652233577405581 0.04535569226175163 0.1267438857720273 0.1469875268056253 -0.10105308462662244 0.011262126266867532 0.091240187166999942 -0.091939193050107865 0.078989172614167394 0.0044934026464631509 0.099606371748641676 0.093639980805953538 0.0089975165825842435 -0.033560674265847655 -0.0021526240500559361 0.030565513357828242 0.11523213306138105 -0.052435315092817417 0.12441690854705865 -0.099927253756387668 -0.044058939419980007 0.039920595197801306 0.076529697112730249 0.11131781624988493 0.14012599310975657 -0.0016490281850317829 -0.038938389106454779 -0.049526627503483966 -0.080788736626504487 -0.06467479679973262 0.0099142613499373974 0.11073940983639277 -0.05642150302535387 -0.024199971604083662 0.025334853458458369 0.017526034315538022 0.020259338622576565 0.015482679779380655 -0.076921434313397291 -0.097049889905794676 -0.0075287014745517161 0.019627523382202097 -0.080954719713787315 1.007712056830776 -0.0075447275502401505 -0.058033935119631001 0.011968329193067721 0.031734792816231309 -0.069307416545310849 -0.017134961742896384 -0.04829238191025402 -0.020753031427131023 0.01739232903049184 -0.11365224877423488 0.059804723563571895 -0.06689008912487758 -0.086245818670539265 0.011081829427675605 0.072470323456053351 -0.040199836186354913 -0.034792333439489467 0.0046920703938606034 -0.019484390273416946
leaf_weight=2858.573620356794 1035.6755985729396 125.2068031632225 68.569843993289396 118.60838671098463 3344.750180400908 2322.5298181916587 220.84550709906034 48.247427212656476 7088.2433520826744 164.11415389785543 24.571348023135215 4865.6623852932826 595.8150155111216 358.99142396403477 259.95383326313458 133.32999619469047 468.43780172226252 107.23412831290625 667.41993038222427 429.27862836356508 273.98112551635131 225.60440724040382 101.65524591878057 270.37444748263806 2209.0198744609952 976.68050409457646 414.78035891929176 101.17686586536001 407.38761312142015 2753.8107501529157 161.15635101869702 426.03882072214037 1547.492012206465 1531.9086258197203 2396.7544577661902 211.20137188932858 4762.2615117984824 619.17179757443955 36.160020524519496 645.66414397617336 592.87787651736289 90.244668518193066 0.71972936962265421 12192.716225971235 134.67773578502238 573.12037051608786 90.58655622927472 362.14564039953984 468.48352008929942 1110.0968504454941 985.97249328519683 365.2673251532251 11.800387894618323 414.26804319443181 166.74983116379008 90.987622182816267 1127.6815696307458 159.4659496084787 237.92059303075075 328.66647218208527 6485.4370593922213 75.660472917836159
leaf_count=2718420 14211 13413 6389 15360 18447 317873 173088 1950 323675 18265 582 98601 7625 3090 83513 3394 45009 2383 456113 111195 4568 3707 1781 3256 19889 141636 57311 45059 5726 26529 3469 41120 14470 12875 30725 3532 127673 103876 640 70293 57340 729 62 128644 1928 9698 1246 14180 99531 15172 14664 35570 1721 7451 1390 3186 10898 1570 3764 5329 69585 859
internal_value=-0.000703275 -0.0188752 -0.0586581 0.00675766 0.0189564 0.0397908 -0.081889 -0.005157 -0.00843134 0.00942634 0.00826258 0.0102126 0.000666643 -0.000427043 -0.0339927 0.0253886 -0.00481886 -0.00303463 -0.00831184 -0.0511289 0.0172759 -0.00864956 -5.12135e-05 0.00200859 -0.0157757 -0.0163778 -0.00107837 0.00137336 -0.0250484 0.000665699 0.0155936 0.0107036 -0.00134212 0.000198228 0.0213422 -0.0310071 0.0208188 -0.0554688 0.036399 0.0166049 0.0383046 0.00631637 0.0332635 -0.00432801 0.00857989 -0.0112381 -0.0417424 -0.058954 0.00772674 -0.0370175 0.00141047 0.033863 0.108719 0.0126264 -0.00653483 0.00666667 0.024172 0.0192587 0.00268239 -0.0202276 0.00863638 0.0524165
internal_weight=71443.9 20795.1 5332.07 50648.8 18773.5 5892.2 3441.27 15463 13965.9 12881.3 12717.2 12239.9 6441.99 31875.3 582.696 1497.08 12969.8 12501.4 9923.12 1434.12 2578.29 766.704 31756.7 28078.5 3678.11 1890.8 8489 361.85 1576.32 27808.2 3296.81 3135.65 24511.4 22963.9 2498.41 637.24 5797.94 996.086 337.425 1363.75 718.085 3569.67 260.674 14946.5 3479.43 1168.94 477.304 386.717 914.121 1469.09 8074.22 445.638 80.3702 2471.05 929.105 762.355 1541.95 671.368 511.902 376.914 8017.35 301.265
internal_count=5635248 4608967 3304989 1026281 636784 338977 3020142 1303978 1159538 297807 279542 263534 121650 389497 301722 144440 1048383 1003374 968164 572514 35210 116401 374137 335986 38151 284847 395650 128634 23049 332730 80627 77158 252103 237633 32506 44652 141884 111155 5206 141046 70753 21104 83575 155173 20375 17323 16008 14762 143211 18262 338339 43680 8110 32827 14478 13088 18349 9902 8332 7279 82460 4566
is_linear=0
shrinkage=0.1


Tree=52
num_leaves=63
num_cat=0
split_feature=9 16 23 10 7 14 16 4 26 3 11 11 7 21 18 25 3 17 15 17 21 15 25 17 26 18 18 6 7 6 6 14 9 11 26 18 9 14 11 16 3 11 11 11 6 26 24 16 6 10 21 26 17 15 21 11 21 23 24 3 2 9
split_gain=895.117 853.922 554.957 778.231 299.138 189.703 158.533 155.682 150.929 138.309 237.607 123.948 158.28 126.208 123.321 117.779 104.79 97.5379 121.204 111.886 99.7128 112.942 96.5826 125.669 112.455 399.747 134.853 95.1802 94.2246 92.1899 91.2434 117.116 129.372 83.9629 79.7009 77.4114 75.3786 98.0676 79.1453 75.148 74.7561 72.6034 69.4888 203.39 72.6762 69.3476 73.9179 69.173 68.8363 150.26 66.9273 78.9818 66.635 64.7826 81.7067 66.8938 64.6117 64.4235 63.2499 72.1683 62.8483 61.9146
threshold=48.074073791503913 86.576263427734389 0.88194444775581371 99.206348419189467 27.639257431030277 11.500000000000002 98.369518280029311 1.0000000180025095e-35 2.5000000000000004 19.500000000000004 0.73214286565780651 0.44949495792388922 86.319076538085952 6.5000000000000009 0.83666664361953746 1.0000000180025095e-35 4.5000000000000009 98.421009063720717 92.342185974121108 89.296943664550795 12.500000000000002 59.508163452148445 1.0000000180025095e-35 94.513019561767592 1.0000000180025095e-35 0.063508063554763808 0.30602006614208227 91.54584121704103 86.319076538085952 16.108108520507816 69.631092071533217 3.5000000000000004 86.425064086914077 0.18333333730697635 1.5000000000000002 0.70294117927551281 87.609649658203139 6.5000000000000009 0.36931818723678594 95.393455505371108 3.5000000000000004 0.31666667759418493 0.31666667759418493 1.0000000180025095e-35 91.331184387207045 1.0000000180025095e-35 1.5000000000000002 99.760765075683608 18.350168228149418 19.836065292358402 7.5000000000000009 1.0000000180025095e-35 75.060974121093764 1.0000000180025095e-35 7.5000000000000009 0.31666667759418493 7.5000000000000009 0.10555555671453477 1.5000000000000002 1.5000000000000002 0.82469150424003612 82.807880401611342
decision_type=2 2 2 2 2 2 2 2 2 2 2 2 2 2 2 2 2 2 2 2 2 2 2 2 2 2 2 2 2 2 2 2 2 2 2 2 2 2 2 2 2 2 2 2 2 2 2 2 2 2 2 2 2 2 2 2 2 2 2 2 2 2
left_child=1 7 5 11 16 6 8 -1 9 17 -11 13 30 36 -8 -6 48 18 20 -20 22 57 39 24 26 -26 40 29 52 -15 -13 32 -32 -16 50 -18 38 -38 42 -2 -24 -17 43 -4 -44 46 -35 56 -3 -50 -25 -52 -28 55 -55 -42 -33 -22 -9 -60 -37 -7
right_child=2 4 3 -5 15 61 14 58 -10 10 -12 12 -14 27 33 41 35 -19 19 -21 21 -23 23 34 25 -27 28 -29 -30 -31 31 47 -34 45 -36 60 37 -39 -40 -41 53 -43 44 -45 -46 -47 -48 -49 49 -51 51 -53 -54 54 -56 -57 -58 -59 59 -61 -62 -63
leaf_value=-0.093825488162090409 0.028208516238625386 0.067348464926649906 -0.010888854767686633 0.092605680184095984 -0.019643180998661781 -0.041662066008880692 0.029687101201070772 -0.0479877777643039 -0.063235838342400597 -0.051849298325608487 -0.003753962954480996 0.055391805320723957 0.073862376430810714 -0.18932008640894848 0.035013437365148573 -0.065917177977402139 -0.045627228653889657 0.033236591629313091 0.12330493189951137 -0.012062209119863339 0.033524540176756316 0.0021219144858077642 0.021889243047321979 0.0589565998504765 -0.09848157878066599 -0.003911345529097914 0.063783419819374479 -0.042072227626448896 0.079339272696732022 0.028400225225151683 0.0093396982547298262 0.022099827285005591 -0.10506083859600829 0.046989018593518256 -0.025091779610414023 0.023010630925075798 -0.0034873611315906494 0.085143803101309978 -0.16581782647872367 -0.0077902564021831711 -0.091476798480999072 0.26655360983504289 0.0096100668212737161 -0.11421134835272458 -0.17889201507883692 -0.017848381773986347 -0.13058325563536147 0.057443102072580354 -0.10473375387853567 0.029851226710805191 -0.15420304977220387 0.021093229281244102 -0.010079206049203924 -0.095044182169697955 0.0091872653203818287 0.0016369427660903437 -0.10821947482623528 0.090795941141543018 0.57879999724204523 0.030736361784506019 -0.019255597106309513 -0.012230817208457048
leaf_weight=1929.071416905208 2276.1005302577396 381.23251639562659 882.49590502376668 1493.2088319584727 1737.5007431772538 1278.6373802933376 3224.5516066059936 501.93925339367706 385.16953529865714 1330.4357341051218 4506.7266377389315 372.09213967900723 678.4440098120831 19.608166918333154 540.00152655155398 933.77346029586624 378.7025447851629 962.26687600667356 61.600602247519419 6945.3718712161062 665.65430254640523 993.35561820212752 1683.8174648995628 697.62349063792499 461.00132467638468 14682.584494471317 187.19112124387175 220.10725043620914 407.05882410146296 2388.0081877054181 212.49210107000545 112.92105268221349 184.83795529743657 296.20068785478361 236.34807556291344 833.68593884038273 480.63929166877642 168.64228696469218 36.388690340332687 778.13095951429568 78.14932974986732 6.6147798816673449 814.29993497394025 242.97462552564684 20.980107255280018 1639.2393799629062 25.456992147956043 311.78959734737873 91.525379808037542 886.05862017016625 26.96955920412438 547.2540305685834 351.45895706745796 162.97103159601102 139.65466333314544 6057.6287407209165 57.37510416097939 278.62504942051601 2.4793577441014341 77.623782832408324 608.65715516661294 1620.9055018073414
leaf_count=2181653 58686 18770 27632 259738 86365 214214 85110 47244 60521 217369 197594 17773 50439 487 7259 408753 147607 11117 850 87335 22997 18049 29373 9640 363397 358769 5094 3791 14130 61161 5499 7076 4579 16777 2984 59224 9482 6721 461 7990 20705 99 12676 2900 248 15912 547 33725 11286 71074 312 5359 8527 36078 8843 96276 3714 6147 110 3005 11183 92812
internal_value=-0.000656322 -0.0313611 0.00347324 0.0269017 -0.0104468 -0.000333441 0.00109122 -0.0801485 -0.000906927 -0.000367657 -0.0147161 0.0132831 0.0349668 0.00534847 0.0167622 -0.0350719 0.010291 0.00179761 0.000995543 -0.0108722 0.00370321 0.025661 0.00222457 0.000228079 -0.00151653 -0.00679025 0.00729066 0.0208726 0.0430291 0.0266271 0.0138815 -0.00368202 -0.0438794 9.73498e-05 0.0282349 -0.00539007 -0.0100659 0.0195334 -0.0196889 0.0190371 0.00312947 -0.0635785 -0.0169769 -0.0331949 0.00487537 -0.00951801 0.0329354 0.0294483 0.0313063 0.0172508 0.0381446 0.0128601 0.0155895 -0.00177672 -0.0469438 0.000450985 -0.0218065 0.0504234 -0.0348188 0.0477001 0.00517462 -0.0252094
internal_weight=70594.3 8368.86 62225.4 8697.31 5857.75 53528.1 50628.6 2511.11 44903.1 44518 5837.16 7204.1 1929.95 5274.14 5725.45 2677.89 3179.86 38680.8 37718.6 7006.97 30711.6 1937.63 28773.9 25719.7 24211.5 15143.6 9067.93 2627.72 945.709 2407.62 1251.51 879.416 397.33 2500.9 1508.2 1821.05 2646.42 649.282 1997.14 3054.23 8122.22 940.388 1960.75 1125.47 835.28 1960.9 321.658 482.086 1358.82 977.584 1271.85 574.224 538.65 6438.4 302.626 6135.78 170.296 944.279 582.042 80.1031 1442.34 2899.54
internal_count=5635248 3046373 2588875 508102 814361 2080773 1773747 2232012 1648142 1587621 414963 248364 122805 125559 125605 495217 319144 1172658 1161541 88185 1073356 47193 1026163 959487 941192 722166 219026 65439 27751 61648 72366 54593 10078 40495 18295 218014 60120 16203 43917 66676 191275 408852 43456 30532 12924 33236 17324 44515 101130 82360 15311 5671 13621 161902 44921 116981 10790 29144 50359 3115 70407 307026
is_linear=0
shrinkage=0.1


Tree=53
num_leaves=63
num_cat=0
split_feature=9 16 23 8 6 10 6 14 4 16 10 6 9 8 18 16 26 17 10 14 7 10 7 21 8 4 22 14 16 22 2 8 26 7 10 9 16 17 21 16 25 18 10 21 18 14 15 14 25 14 9 25 15 14 2 21 9 14 10 14 9 8
split_gain=754.301 785.116 467.323 763.545 262.26 248.006 245.977 163.322 158.159 135.197 129.43 141.703 121.489 171.698 118.049 117.778 108.234 105.125 103.804 93.927 87.0503 84.876 80.6932 78.3887 79.3339 92.4396 78.3675 77.9336 114.678 96.3332 77.3955 73.4294 73.0484 70.3856 109.149 108.686 73.8559 177.214 73.1232 114.605 74.2223 80.3651 67.3892 64.6722 95.8669 153.108 88.2854 98.7268 75.4399 98.577 82.1296 64.4848 63.9247 63.14 62.3826 84.1619 78.6867 118.217 67.3499 61.7466 60.9171 60.2594
threshold=48.074073791503913 86.576263427734389 0.88194444775581371 99.275363922119155 22.378716468811039 23.90476226806641 27.639257431030277 8.5000000000000018 1.0000000180025095e-35 98.706874847412124 29.300813674926761 32.305501937866218 82.972846984863295 52.240802764892585 0.8603896200656892 84.870288848876967 2.5000000000000004 99.80237197875978 99.206348419189467 6.5000000000000009 32.305501937866218 17.267080307006839 81.375640869140639 6.5000000000000009 66.323020935058608 1.0000000180025095e-35 3.5000000000000004 5.5000000000000009 99.760765075683608 6.5000000000000009 0.66838625073432933 68.614070892333999 1.0000000180025095e-35 59.611795425415046 80.243904113769545 63.733076095581062 76.964214324951186 76.609558105468764 12.500000000000002 97.68778228759767 1.0000000180025095e-35 0.77097901701927196 34.216028213500984 6.5000000000000009 0.36939570307731634 10.500000000000002 1.0000000180025095e-35 11.500000000000002 1.0000000180025095e-35 11.500000000000002 93.063350677490249 1.0000000180025095e-35 1.0000000180025095e-35 9.5000000000000018 0.47389775514602667 8.5000000000000018 97.402160644531264 2.5000000000000004 97.498435974121108 9.5000000000000018 37.394067764282234 97.915760040283217
decision_type=2 2 2 2 2 2 2 2 2 2 2 2 2 2 2 2 2 2 2 2 2 2 2 2 2 2 2 2 2 2 2 2 2 2 2 2 2 2 2 2 2 2 2 2 2 2 2 2 2 2 2 2 2 2 2 2 2 2 2 2 2 2
left_child=1 8 7 18 30 -6 19 9 -1 16 -8 20 15 -14 26 -9 17 33 21 -7 60 -4 43 -23 -25 -26 -11 -5 29 -29 51 59 -16 34 36 -35 -2 -38 40 -40 -37 54 -13 44 52 -46 -45 -48 -47 50 -50 -3 -15 -31 55 56 57 58 -42 -17 -12 -28
right_child=2 4 3 27 5 6 10 12 -10 14 11 42 13 22 32 31 -18 -19 -20 -21 -22 23 -24 24 25 -27 61 28 -30 53 -32 -33 -34 35 -36 38 37 -39 39 -41 41 -43 -44 46 45 48 47 -49 49 -51 -52 -53 -54 -55 -56 -57 -58 -59 -60 -61 -62 -63
leaf_value=-0.09320095158043723 -0.042263421032467385 0.074285484255637454 -0.14936004518102924 0.091181936950624765 -0.099537432960334113 -0.0068563820067632196 -0.07972796689149754 -0.072027584583695445 -0.032405195879689368 -0.039960126127351725 -0.009865938302921826 -0.072279186343237906 0.1134701349710638 -0.0021375792123130817 0.047615777621070214 0.038165211680893839 -0.05700322124766162 0.061779125948373925 0.1009518725872179 0.054153904781451413 -0.053956635677667043 -0.0023778984363127605 -0.037302784280283746 0.035487550415375727 -0.047526335863905589 0.01617095698492808 0.024786876306519667 0.040036370802620375 0.077844472788362928 -0.056636621686038051 0.0039894684038995175 -0.075024618833752652 -0.012776221752128288 0.085345415687249709 0.08430998235744791 0.016514765547661247 0.045770019116023408 -0.020744044271675362 0.028073755362029319 -0.040152869185858114 0.0086144515487844072 -0.02989802962081068 -0.025158188713012938 0.034110566597407653 0.00072020552464727237 0.0032430190501097828 -0.0060283638310134283 -0.052530413940187232 -0.0038656144112018441 0.065321702602423329 0.23430172586987741 0.016739635884862703 -0.072145707971316489 -0.27586127678742589 0.0026711415797461661 0.01130172455526925 -0.019862994446691224 -0.031163738668242541 0.10271036754777783 -0.02045135231568454 0.057538903278303688 0.057713789541436883
leaf_weight=1756.6141352783889 834.02678767603356 395.58735389704816 34.643544792197645 1465.5561682269908 390.09021808364196 467.04127062729094 465.09919478779193 595.86816357675707 565.70981837203726 141.11827069846913 214.498001194268 441.89368640026078 117.65676634153351 688.06614271609578 238.78880953090265 214.76246757572517 327.84499011788284 279.71356890391326 119.12844549398869 548.91204678599024 147.2182575337356 3520.8737528328202 827.88628905126825 1523.4525402287836 293.29126994288526 1020.8204852822237 1534.2764917793684 93.533115969505161 346.43040880607441 46.476890908554196 1007.7548766834079 206.49786215438507 1242.1630405194592 154.09414746123366 111.15613773500081 2555.1866871811217 494.98674354050308 2099.8171203115489 1868.7055907230242 283.56539359223098 2352.2334016451496 946.34657287877053 969.09844094346045 321.50750627333764 714.32463759602979 105.50430329702795 1301.8115507483599 703.15216494677588 17.981845237314701 226.74203255807515 74.325076001696289 383.51399160915753 160.93459445622284 18.315126001369208 21821.074984696344 2032.0888285856927 4664.0806951189297 877.42444801650709 78.608872495824471 1101.0614045526017 357.61494547053007 871.52232381654903
leaf_count=2181653 222614 14359 1313 273377 78418 53900 113268 238288 50359 4330 29982 99435 2248 38082 12583 8532 49994 6225 16729 56579 30904 86216 38395 37861 2444 32535 27180 6806 46147 3345 23729 4633 11066 5137 1975 56713 24891 95450 40161 2321 95297 6906 164048 18648 17841 1043 35157 22873 412 5143 1313 106393 66258 1329 281039 91477 342511 82901 956 68403 43346 51777
internal_value=-0.000602699 -0.0292718 0.00316781 0.0249657 -0.00956462 -0.0237887 -0.0156066 -0.000308627 -0.0783913 0.00191528 -0.031935 -0.0215006 -0.0141164 -0.00597323 0.0194122 -0.0343374 0.000228504 0.000681139 0.00846284 0.026107 0.0146207 0.0067394 -0.00870615 0.0075899 0.019958 0.00195462 0.0324666 0.0795102 0.0456215 -0.0248855 0.0222887 -0.0195847 -0.00303861 0.000266066 -0.0132149 0.00153415 -0.0163764 -0.00805577 0.00118956 0.0190848 9.93124e-05 -0.00118058 -0.0399155 -0.00321871 0.0100264 0.0289871 -0.0145361 -0.0223369 0.0765471 0.100788 0.187906 0.0459584 -0.0154082 -0.118606 -0.000326656 -0.00686527 -0.0114959 0.000300254 0.0116573 -0.0108842 0.0322673 0.0367149
internal_weight=69780.1 8110.65 61669.4 8482.52 5788.32 4001.47 3611.38 53186.9 2322.32 45808.8 2595.42 2130.32 7378.08 5259.89 4027.87 2118.19 41781 41453.1 6512.21 1015.95 719.331 6393.08 5142.24 6358.44 2837.56 1314.11 2546.92 1970.31 504.756 158.325 1786.86 1522.32 1480.95 41173.4 3539.99 37633.4 3428.83 2594.8 37479.3 2152.27 35327 32771.9 1410.99 4314.35 1987.88 1138.88 2326.47 2004.96 424.553 319.049 92.3069 779.101 849.001 64.792 31825.5 10004.4 7972.35 3308.27 2430.84 1315.82 572.113 2405.8
internal_count=5635248 3046373 2588875 508102 814361 669880 591462 2080773 2232012 1513504 480983 367715 567269 247413 106936 319856 1406568 1356574 177098 110479 104232 160369 245165 159056 72840 34979 83287 331004 57627 11480 144481 81568 23649 1350349 344930 1005419 342955 120341 1000282 42482 957800 901087 263483 206770 130092 25752 76678 58030 7911 6868 1725 120752 104340 4674 894181 613142 521665 179154 96253 76935 73328 78957
is_linear=0
shrinkage=0.1


Tree=54
num_leaves=63
num_cat=0
split_feature=1 8 0 23 26 18 4 16 15 0 8 0 16 4 9 16 0 0 2 17 18 10 10 8 2 1 2 0 2 1 0 17 1 0 16 0 6 1 16 2 2 7 16 2 21 27 21 1 2 1 24 0 23 23 26 17 9 0 2 9 15 18
split_gain=653.118 735.789 299.947 249.726 180.495 173.731 170.466 150.425 323.741 132.155 337.512 106.537 159.721 101.738 224.185 129.148 132.525 107.417 101.021 100.429 180.933 263.547 112.128 99.8619 105.296 194.554 184.223 142.675 133.81 105.31 93.2049 91.8991 90.9981 102.09 84.9255 80.1289 79.4207 77.6823 74.875 74.6533 67.0683 66.8119 88.5556 66.7316 66.1572 66.064 92.2118 64.879 115.364 64.2099 63.7509 93.7124 63.6618 63.0436 68.6819 62.0042 59.9363 58.6696 55.8803 54.8258 53.3817 52.8827
threshold=9.5000000000000018 42.462121963500984 0.99999997019767772 0.4083333313465119 1.0000000180025095e-35 1.0000000180025095e-35 1.0000000180025095e-35 48.397369384765632 1.0000000180025095e-35 0.82171362638473522 45.773809432983406 0.49591204524040228 73.71079254150392 1.0000000180025095e-35 61.651582717895515 97.833908081054702 0.40405100584030157 0.80898490548133861 0.91510540246963512 94.925979614257827 0.21583850681781772 99.206348419189467 99.206348419189467 24.068965911865238 0.78133010864257824 1.0000000180025095e-35 0.99996608495712291 0.6228548288345338 0.62222149968147289 1.5000000000000002 0.91480755805969249 95.84293365478517 1.5000000000000002 0.77194768190383922 90.960163116455092 0.41689741611480718 61.633426666259773 1.5000000000000002 97.833908081054702 0.46116203069686895 0.86158844828605663 26.158231735229496 98.369518280029311 0.94277468323707592 6.5000000000000009 1.0000000180025095e-35 7.5000000000000009 1.0000000180025095e-35 0.99996608495712291 19.500000000000004 1.5000000000000002 0.25656935572624212 0.19090909510850909 0.10555555671453477 1.5000000000000002 52.206359863281257 75.93103408813478 0.1428138613700867 0.84802827239036571 65.419578552246108 44.502014160156257 0.86811593174934398
decision_type=2 2 2 2 2 2 2 2 2 2 2 2 2 2 2 2 2 2 2 2 2 2 2 2 2 2 2 2 2 2 2 2 2 2 2 2 2 2 2 2 2 2 2 2 2 2 2 2 2 2 2 2 2 2 2 2 2 2 2 2 2 2
left_child=2 3 4 38 6 -6 31 8 44 19 37 12 -5 14 15 -7 41 23 -19 20 58 52 -21 -15 27 -26 32 28 35 -30 47 34 -27 -34 36 39 -1 -11 56 45 -35 42 -17 -39 -3 46 -25 -20 -49 -46 60 -52 -22 -48 -55 -10 -2 -9 -8 -4 -14 -54
right_child=1 7 59 11 5 13 9 57 55 10 -12 -13 50 17 -16 16 -18 18 30 22 21 -23 -24 24 25 26 -28 -29 29 -31 -32 -33 33 40 -36 -37 -38 43 -40 -41 -42 -43 -44 -45 49 -47 53 48 -50 -51 51 -53 61 54 -56 -57 -58 -59 -60 -61 -62 -63
leaf_value=-0.040753005088723704 -0.087684174308703136 -0.020193564672042551 -0.20877725410336076 -0.073475105084816916 -0.099724683705214423 -0.078901747632505792 0.0086684054015164786 0.052527344146050363 -0.093047481860439235 0.015751018257846694 0.06631462073214478 -0.083353071979431342 -0.063981858773396336 0.067797003990827442 0.0023689389851037951 1.4744659885939617 0.0037936608096940656 -0.03893318048663888 -0.010674190449284431 -0.0045489627860773188 0.053464411300236714 0.089244268500637824 0.076725670827088713 -0.0087796919972722258 -0.013281224053372599 0.0036159906955928016 0.12969938344174911 -0.018621202301426814 -0.019532753784423991 0.028047926841102286 -0.040646373975801592 -0.029999454638576228 0.037500915940716362 -0.028713554558271855 0.027749358221368283 -0.011116084732611716 0.0012714756767720468 -0.021022351973542672 -0.025196406654157691 0.03351747159293289 0.033631712410902223 0.18805106718518161 0.42086194322521142 -0.11816329855807142 -0.0010823946003505765 -0.045483113221220638 0.010860267515782224 0.014596886994594056 0.13833378167036736 0.057872998834558348 0.15198510098793036 0.0075913250977091206 0.0083584831829227463 0.093700953032854833 -0.038512502424471261 0.0015309942655862474 0.11242330954610638 0.0010612382997973262 -0.021392172291268111 0.095444482212851706 0.01520697862086349 0.034783947197525346
leaf_weight=483.96836317254929 1993.2687020674348 1832.4359615308349 6.0150146260857573 274.10945092618931 179.09775631112279 691.21755660226336 3748.6022295756266 230.03540355205769 639.79003549081972 519.62172274896875 1536.0595926954411 239.35405280499253 108.13629647862399 235.70395035017282 1358.9105643819203 1.0788348594214747 65.880443488713354 1211.1536616794765 1044.8977113300934 3818.6675178413279 554.40854426287115 682.38596193119884 177.64488324103877 1453.6337205339223 2312.8964738142677 2534.208514385391 151.38752769585699 4039.7118390649557 558.46734710689634 2784.2900839182548 537.28913284279406 975.61444586794823 2715.0123870186508 447.31951286271214 1142.6230507685686 5294.1557136061601 6352.2902620736277 321.6669537643902 223.75021708291024 887.55610736226663 280.90352500975132 6.9577283733524382 3.0617008972913027 90.645707691088319 998.97818106075283 286.21931845601648 425.33388120308518 834.24590336065739 82.828757194802165 226.6513249494601 76.196072665799875 109.59588047681609 2327.4472817508504 236.45852416940033 47.120540042407811 77.738888266903814 15.081224977446253 5968.3671711621573 740.55993754323572 390.89051072485745 400.05846237845253 1122.5558203603141
leaf_count=224889 2135982 153737 28 171924 109774 585718 24200 12496 451084 4151 164434 24793 8125 4629 51857 99 6311 11495 10860 83474 11353 91277 30513 16825 24219 26271 1623 45909 5632 28337 5882 62443 27163 4616 63832 58082 203584 2188 26930 9534 2681 799 235 587 78385 3467 4708 7770 1214 6110 10286 20177 53591 2284 566 16556 1535 257934 4623 89275 52554 33638
internal_value=-0.000557914 -0.0203672 0.00421263 -0.0602503 0.00359094 -0.00152194 0.00997446 -0.00661345 -0.0223487 0.0162738 0.0375101 -0.0236147 -0.00884484 -0.000945819 -0.02204 -0.0652186 0.057647 0.000634054 -0.0152304 0.0122949 0.0180573 0.0318002 -0.000936126 0.00301812 0.00239376 0.0114312 0.0207572 -0.00237061 0.00311226 0.0200987 -0.00374386 -0.00102822 0.017998 0.0285832 0.00251422 -0.00346694 -0.00170362 -0.00996703 -0.0800682 0.00867091 -0.0046646 0.377326 0.695383 -0.0423785 -0.00816454 -0.000334741 0.00564078 0.00636195 0.0257726 0.00982002 0.0166827 0.0668094 0.0220112 0.0352101 0.0717319 -0.0828006 -0.0861815 0.00297125 0.00370943 0.0908341 -0.00164323 0.0169568
internal_weight=69112.2 13413.5 55698.7 3439.55 55301.8 30707 24594.8 9974 3775.59 15640.3 2467.99 1207.45 968.096 30527.9 2127.11 768.196 76.9787 28400.8 3710.42 13172.3 9175.96 4686.8 3996.31 24690.4 24454.7 8441.73 6128.83 16012.9 11973.2 3342.76 2499.26 8954.5 5977.44 3443.24 7978.88 8630.48 6836.26 931.934 2232.1 3336.32 728.223 11.0983 4.14054 412.313 3058.07 2448.77 2162.55 1961.97 917.075 1225.63 693.987 185.792 4004.41 708.913 283.579 717.529 2008.35 6198.4 4489.16 396.906 508.195 3450
internal_count=5635248 3428608 2206640 2452306 2117337 1058560 1058777 976302 705872 504029 171360 287859 263066 948786 645019 593162 7444 303767 37221 332669 218682 189859 113987 266546 261917 86573 62354 175344 129435 33969 25726 554748 60731 34460 492305 95466 428473 6926 2164447 37384 7297 1133 334 2775 238232 27850 24383 19844 8984 84495 91142 30463 98582 7558 2850 467640 2137517 270430 28823 89303 60679 87229
is_linear=0
shrinkage=0.1


Tree=55
num_leaves=63
num_cat=0
split_feature=9 18 23 8 6 4 3 1 11 9 11 6 11 10 14 6 6 11 6 9 0 23 8 3 8 10 6 10 9 6 10 14 14 14 10 22 6 8 9 14 9 11 22 14 18 11 22 17 14 8 6 25 9 3 17 3 15 10 9 8 0 15
split_gain=548.314 624.091 335.857 653.311 216.427 199.218 138.184 129.665 121.068 406.256 268.989 202.613 219.82 257.463 173.449 211.461 210.181 173.475 138.834 137.864 131.497 129.663 168.222 114.364 123.834 110.166 117.294 104.609 98.3801 122.932 187.084 95.232 92.4185 115.414 91.1874 81.7066 82.2195 80.7509 117.47 97.4433 79.2689 78.7308 145.156 78.3411 102.849 78.0407 77.4501 75.1018 74.218 73.3041 97.6802 73.2368 72.3632 68.3473 67.6477 66.8516 84.8364 66.7821 66.0698 64.8752 63.4751 66.4359
threshold=48.074073791503913 0.55277779698371898 0.88194444775581371 99.275363922119155 27.639257431030277 1.0000000180025095e-35 53.500000000000007 34.500000000000007 1.0000000180025095e-35 87.226108551025405 0.44949495792388922 93.788581848144545 0.34848485887050634 68.614070892333999 5.5000000000000009 84.561214447021499 69.631092071533217 0.84523808956146251 90.595520019531264 91.734970092773452 0.72551110386848461 0.44949495792388922 83.935482025146499 7.5000000000000009 48.52813911437989 29.300813674926761 32.305501937866218 97.220077514648452 35.948717117309577 19.139194488525394 20.601238250732425 1.0000000180025095e-35 18.500000000000004 4.5000000000000009 99.206348419189467 5.5000000000000009 97.182540893554702 69.631092071533217 81.120250701904311 9.5000000000000018 98.549507141113295 0.31666667759418493 7.5000000000000009 5.5000000000000009 0.98275861144065868 0.31666667759418493 6.5000000000000009 99.333301544189467 9.5000000000000018 77.032970428466811 59.491636276245124 1.0000000180025095e-35 73.765182495117202 7.5000000000000009 98.219570159912124 1.5000000000000002 44.95252990722657 17.267080307006839 53.45238113403321 26.158231735229496 0.86401242017745983 98.048732757568374
decision_type=2 2 2 2 2 2 2 2 2 2 2 2 2 2 2 2 2 2 2 2 2 2 2 2 2 2 2 2 2 2 2 2 2 2 2 2 2 2 2 2 2 2 2 2 2 2 2 2 2 2 2 2 2 2 2 2 2 2 2 2 2 2
left_child=1 5 6 34 28 -1 7 8 9 23 11 12 13 37 16 17 49 19 53 -16 54 47 -23 32 -25 -6 -27 -8 29 -3 -31 -11 33 -2 40 -24 -37 38 41 -40 57 52 58 -5 46 55 -45 -18 -35 50 -12 -49 -10 -15 -21 56 -7 -4 -43 -32 61 -59
right_child=2 4 3 43 25 45 27 -9 10 31 14 -13 -14 18 15 -17 21 -19 -20 20 -22 22 35 24 -26 26 -28 -29 -30 30 59 -33 -34 48 -36 36 -38 -39 39 -41 -42 42 -44 44 -46 -47 -48 51 -50 -51 -52 -53 -54 -55 -56 -57 -58 60 -60 -61 -62 -63
leaf_value=-0.085533903601306055 -0.008115550449078409 0.027555719502620247 -0.14050734051009969 0.089270097725117306 -0.075175953661410402 -0.0065567965954689529 -0.067990972608316116 -0.046203224792885141 -0.059137751964073143 -0.18763466822648467 0.098689065725283118 -0.084814883966222679 -0.068201402067528755 0.03579850560360269 -0.060458868051188233 -0.044435398549181278 0.00243816610356491 0.064953934071799932 -0.030003993610819416 0.0040173219169687951 -0.029067241540010808 -0.077646214956440543 0.06800742605784349 -0.054794251542929488 0.023011575892170674 0.015395555570373795 -0.036756154005728008 -0.013563843304280596 0.03830883288549148 -0.11470583884833337 0.013956001682771028 0.10073261979752009 -0.060610423586438082 0.047950946885413188 0.10084764702298779 0.057006155846417099 0.010377525118206443 -0.054549794104893072 0.089622971632876525 -0.039915361277285955 -0.13691971375100112 0.20549967470958377 -0.037897092828363954 0.043926714312779995 0.080930857838149795 0.38009593156565485 -0.082334214896654129 0.0029605257388014648 0.0076637335044955806 0.07074050414868624 -0.037485000624265831 0.091638185321421081 0.0046981449903823365 -0.02471302125402822 0.088230401473532186 -0.031779874429822559 0.36544737283035617 0.011594355727891904 0.016150433426407981 -0.04342906203921712 0.04172113767306912 -0.011254231037464268
leaf_weight=1738.2990175080486 1072.1007899655961 855.24728013819549 30.857818867079914 1254.1918457434513 420.72096488473471 16.639146972564053 458.55675794079434 581.23055790626677 806.94662102666916 11.687509450595824 77.794825087941717 426.10476276982808 668.64093580719782 1744.7401793636382 435.52290079474915 1444.4277080259635 25984.800994403486 362.64306519844104 494.19397245306754 4631.9167024779017 1407.4329384248704 145.76859785569832 521.78186620399356 559.68264399911277 322.38531821622746 661.0696449218085 1240.5626201826381 1535.9963440312422 958.27545354602626 185.05073119921144 616.90141011629021 568.95554783509579 156.38465332589112 1211.5271133633796 101.61686126189306 523.13243449782021 1364.5204440448433 717.67680312861921 175.38758127513574 86.814554512733594 38.917098677251488 18.867770028184168 893.70455179701094 105.91785213770345 274.03072776598856 4.7666575643233946 89.750004362314939 184.77320957183838 734.49674761097413 674.57239963905886 163.14694340381538 187.78058340772986 227.68136675126152 209.01882814383134 97.393783912993968 696.15932211303152 9.7065639109350723 3848.1006164516439 790.43648763705278 289.43879887310322 484.69218241842464 1901.3634522031061
leaf_count=2356800 56318 50180 1276 273377 95953 539 99718 130486 72715 126 4142 3316 59934 24287 21116 57659 576489 7540 4256 228053 21657 1563 25077 172062 13868 80675 205442 106756 78028 28890 48151 11677 24805 60712 16729 7567 37707 46004 3448 1882 783 1973 10792 8946 41217 87 7464 4348 66299 17727 9246 14298 9848 12998 1542 56516 192 99679 50762 44920 14627 44004
internal_value=-0.000521436 -0.0256753 0.00266068 0.0215791 -0.0061138 -0.0671477 -0.000258725 0.000757248 0.001302 0.0166941 -0.00026783 -0.0179126 -0.0137412 -0.00783504 0.00308504 -0.00962714 0.00665616 -0.00237715 0.0173475 -0.00609233 -0.00223395 0.00516243 0.0266706 0.00549597 -0.0263571 -0.0288711 -0.0186265 -0.0260769 0.0120797 -0.000832216 -0.0230779 0.0949282 0.0143467 0.0182306 0.00687269 0.0329817 0.0232999 -0.0244175 -0.0172087 0.0467331 0.00535785 -0.0233329 -0.0101148 0.0762244 0.0413897 -0.0232017 -0.0139873 0.00307733 0.0327452 0.0538293 0.00648263 0.0476573 -0.04509 0.0293248 0.00575158 -0.0258624 0.130501 0.00624165 0.0205648 -0.00436986 0.00696803 0.00403827
internal_weight=68502.9 7692.84 60810.1 8129.44 5227.27 2465.57 52680.6 50686.1 50104.8 4637.22 45467.6 7260.21 6834.11 6165.47 38207.4 8379.34 29828.1 6934.91 2447.95 6572.27 6136.74 28912.6 2555.2 4056.58 882.068 2322.35 1901.63 1994.55 2904.91 1946.64 1091.39 580.643 3174.51 3018.12 6405.55 2409.43 1887.65 3717.52 2999.84 262.202 6303.93 2737.64 1703.01 1723.89 469.699 727.272 195.668 26357.4 1946.02 915.514 240.942 372.554 1034.63 1953.76 4729.31 722.505 26.3457 6265.01 809.304 906.34 6234.16 5749.46
internal_count=5635248 3046373 2588875 508102 632239 2414134 2080773 1874299 1743813 405867 1337946 302215 298899 238965 1035731 337567 698164 279908 41541 272368 251252 667049 71914 394064 185930 382070 286117 206474 250169 172141 121961 11803 208134 183329 177098 70351 45274 197424 151420 5330 160369 146090 63527 331004 57627 57334 16410 595135 127011 31115 13388 18646 82563 37285 229595 57247 731 159586 52735 93071 158310 143683
is_linear=0
shrinkage=0.1


Tree=56
num_leaves=63
num_cat=0
split_feature=1 8 0 27 3 25 11 27 10 16 0 11 17 10 16 6 11 17 16 17 21 18 22 22 0 17 3 14 1 16 27 15 18 1 6 16 18 16 27 7 3 10 7 27 7 21 16 3 1 3 22 17 26 10 7 18 17 27 18 3 1 10
split_gain=486.428 593.929 245.724 222.794 152.858 140.845 247.361 252.762 125.959 97.1123 135.773 95.3919 206.137 184.971 144.028 113.385 121.367 100.428 97.537 89.1452 88.9096 88.2593 181.955 87.2917 80.9652 117.401 79.4445 76.7077 79.6434 70.4377 68.7402 65.4855 65.1698 63.3914 60.0393 57.0127 67.1513 91.2331 56.396 54.8637 54.8058 53.5869 61.6925 58.4569 53.7117 52.8877 74.1645 52.4059 50.7332 87.7706 50.1174 58.3192 63.6837 48.7037 48.605 47.7879 84.3732 68.0217 55.9756 48.4544 47.6795 46.8473
threshold=9.5000000000000018 42.462121963500984 0.99999997019767772 1.0000000180025095e-35 4.5000000000000009 1.0000000180025095e-35 0.84523808956146251 1.0000000180025095e-35 99.206348419189467 61.916847229003913 0.49591204524040228 0.44949495792388922 99.80237197875978 99.206348419189467 79.180648803710952 93.788581848144545 0.34848485887050634 80.096618652343764 99.760765075683608 92.60501861572267 11.500000000000002 0.15075758099555972 3.5000000000000004 9.5000000000000018 0.74851754307746898 98.006622314453139 3.5000000000000004 5.5000000000000009 2.5000000000000004 85.631710052490249 1.0000000180025095e-35 98.557659149169936 0.98275861144065868 1.5000000000000002 87.298336029052749 97.969490051269545 0.70710784196853649 97.22989654541017 1.0000000180025095e-35 89.699382781982436 1.5000000000000002 60.136985778808601 19.139194488525394 1.0000000180025095e-35 66.287876129150405 5.5000000000000009 93.764953613281264 5.5000000000000009 23.500000000000004 4.5000000000000009 5.5000000000000009 94.146202087402358 1.5000000000000002 92.907444000244155 24.316333770751957 0.44722221791744238 94.513019561767592 1.0000000180025095e-35 0.61721614003181469 40.500000000000007 23.500000000000004 95.945205688476577
decision_type=2 2 2 2 2 2 2 2 2 2 2 2 2 2 2 2 2 2 2 2 2 2 2 2 2 2 2 2 2 2 2 2 2 2 2 2 2 2 2 2 2 2 2 2 2 2 2 2 2 2 2 2 2 2 2 2 2 2 2 2 2 2
left_child=2 3 5 29 20 6 8 34 19 -5 40 13 18 14 26 16 17 -16 24 32 21 22 60 -20 25 35 -7 28 -26 -2 -27 41 33 -1 -8 36 37 45 -37 53 -11 42 -19 -43 -44 50 55 -35 49 54 -13 -52 -53 -6 -42 59 -57 58 -58 -47 -3 -21
right_child=1 4 -4 9 39 11 7 -9 -10 10 -12 12 -14 -15 15 -17 -18 31 23 61 -22 -23 -24 -25 27 30 -28 -29 -30 -31 -32 -33 -34 47 -36 38 -38 -39 -40 -41 48 43 44 -45 -46 46 -48 -49 -50 -51 51 52 -54 -55 -56 56 57 -59 -60 -61 -62 -63
leaf_value=-0.012796716051917576 -0.089211257630898225 0.019271220931318472 0.089216402000875827 -0.093653936206112787 -0.030963154674128048 -0.00040403944223006358 0.10127581446386778 0.079664183119996582 0.10169740574047303 0.18281083850860624 -0.080140971409792136 -0.0063249153820068536 0.090573467234319402 0.11262008254432064 0.026481331690652771 -0.075345780162920761 -0.072202466588193348 0.029837677916881047 0.064011627457977782 -0.00019192798355688431 0.048675492511837316 0.0082618585303481026 -0.083679138460712565 -0.29978489022197807 0.00044276593418428924 0.062969973559846126 -0.074412968607411284 -0.045269396840027461 -0.041428107726108415 -0.051600457777264644 -0.082659691547015302 0.043982034010011405 0.037755376924064332 0.021546313307411663 0.0078646226176206282 0.035494473702364797 -0.013861849890624667 0.089952045907774378 -0.065213616016572176 -0.0067663089904181533 0.11815469851397689 0.010011058551420281 -0.025663070726453893 -0.042357661161398358 0.14893594475830893 0.011116185314185094 0.030862270351952461 -0.0086780117907413034 -0.04146288514737681 -0.023886404179253092 0.0098829924833059978 0.15481166612227662 -0.042287703944359545 0.11186623593070931 0.032629419497948009 -0.012278424739443957 0.01892585714565552 -0.061590242572120327 0.11003039004289368 -0.010800560600005539 -0.040784277842931142 -0.057411781296898605
leaf_weight=980.22388368425891 1283.2184086523484 541.56092767271912 333.38681221450679 143.83552704175236 2471.6732612297637 197.9293862314662 72.715469924383797 975.34214980434626 135.85490383277647 19.095224544405937 188.2633311963873 7918.0116245002719 260.92847997555509 119.30042929260526 1004.1510820789263 240.17719851061702 259.09158632601611 228.91753099503694 312.03876842837781 9112.486988387478 433.03229121363256 4007.7106653021183 346.21687587263295 6.7380489315837613 2672.0181370342616 436.67661730572581 542.82374402839923 613.07858049776405 547.3375077691162 813.69017322803847 35.011109444312751 227.41898820165079 1016.1506838130299 3011.3343789412174 1280.3993506586412 745.46600185288116 2721.9898982634768 119.45542836841196 60.087816540151834 1823.9236907107406 97.328416223230306 1505.2094794348814 2465.5785548922722 248.31740963924676 17.745980438601691 7151.4261578256264 1138.4954441348091 708.6851573746535 144.35146990197245 212.19959539081901 1058.6438315197593 57.210408160462976 22.976692200638354 24.106956000905484 209.44562800496351 2742.4128980564419 142.52562150638551 53.271736453287303 128.01356525719166 1174.3985031509073 174.89000882790424 145.36668896768242
leaf_count=16039 1719569 13153 89303 121104 406366 32689 1414 182807 18584 260 20950 151146 20092 3540 102995 1713 5403 35615 28260 213810 15893 111322 234064 190 17798 3457 350063 14725 3557 473528 423 2121 32613 78884 38294 6295 32820 865 535 182897 7539 14993 342766 3003 229 150476 9677 58475 21682 60916 30438 324 304 993 26758 26334 1308 602 1092 76688 11614 3881
internal_value=-0.000481783 -0.0179291 0.00362535 -0.0560038 -0.00586916 0.00310286 0.0105175 0.0408571 0.00584219 -0.017533 -0.00495795 -0.000375319 0.00207666 -0.0108405 -0.0129636 -0.00798181 -0.00526553 -0.00222152 0.00130327 0.00497254 0.00518258 0.00146809 -0.0241537 0.056322 0.000709508 0.00273101 -0.0546378 -0.0128497 -0.00667589 -0.0746167 0.0521606 -0.00836276 0.0147916 0.00982705 0.0128845 0.00180706 0.000943914 0.00280052 0.0279825 -0.0199493 0.0157832 -0.0110284 -0.0198363 0.00259511 -0.0244154 0.00231826 0.00652631 0.0157884 0.010975 0.0255605 -0.00350376 0.0161111 0.0983351 -0.0295836 0.0597635 0.00409423 -0.00657836 0.0416965 0.0620346 0.00802472 0.00461131 -0.00109039
internal_weight=67881.4 12934.5 54946.8 3111.43 9823.11 54613.4 17438.6 2328.46 15110.1 1014.52 870.684 37174.9 30118.2 7056.66 6937.36 6196.61 5956.43 5697.34 29857.3 14974.2 5503.41 5070.38 1062.67 318.777 29538.5 25706.1 740.753 3832.43 3219.36 2096.91 471.688 4693.19 5716.39 4700.24 1353.11 25234.4 24428.8 21706.8 805.554 4319.7 682.42 4465.77 2712.24 1753.53 2483.32 21587.4 12530.5 3720.02 663.325 518.974 9056.84 1138.83 80.1871 2495.78 306.774 11392 3066.22 323.811 270.539 8325.82 716.451 9257.85
internal_count=5635248 3428608 2206640 2452306 976302 2117337 644801 222515 422286 259209 138105 1472536 577406 895130 891590 508838 507125 501722 557314 403702 386046 370153 258831 28450 528864 492784 382752 36080 21355 2193097 3880 398727 186011 153398 39708 488904 482074 449254 6830 590256 117155 396606 378610 17996 342995 448389 266177 137359 116895 95213 182212 31066 628 407359 34297 256500 29336 3002 2400 227164 24767 217691
is_linear=0
shrinkage=0.1


Tree=57
num_leaves=63
num_cat=0
split_feature=9 16 25 11 23 6 9 11 16 10 6 11 9 11 17 11 10 21 10 23 14 6 7 7 16 9 4 9 11 14 7 7 14 11 8 6 2 23 26 17 10 16 17 17 22 3 7 17 9 14 10 3 6 10 23 22 9 9 6 14 11 6
split_gain=416.527 404.983 290.324 302.71 295.266 211.741 208.021 228.596 178.262 174.196 175.47 156.582 207.758 159.823 198.532 141.242 128.332 106.487 105.459 103.156 99.9632 103.746 116.73 112.174 95.2468 93.9274 85.8042 81.8685 85.4896 139.806 139.121 91.2788 158.613 227.042 287.231 79.2922 78.9737 90.309 87.8052 86.4562 76.8718 75.8833 94.0936 73.3705 96.3317 83.5918 70.0707 64.5855 64.4993 63.1691 93.1977 62.4414 62.1394 62.8459 60.6316 68.7569 59.888 59.146 58.5027 103.537 107.193 93.2868
threshold=42.740047454833991 85.275253295898452 1.0000000180025095e-35 0.84523808956146251 0.86607143282890331 21.132376670837406 62.622549057006843 0.31666667759418493 81.019149780273452 22.903981208801273 27.639257431030277 0.095454547554254546 88.067794799804702 0.44949495792388922 99.80237197875978 0.34848485887050634 99.206348419189467 6.5000000000000009 29.459980010986332 0.73214286565780651 9.5000000000000018 94.185260772705092 74.322341918945327 89.512962341308608 99.760765075683608 42.967033386230476 1.0000000180025095e-35 43.951219558715827 1.0000000180025095e-35 4.5000000000000009 51.316701889038093 79.337715148925795 5.5000000000000009 0.38750000298023229 89.825496673583999 89.699382781982436 0.77065888047218334 0.63068181276321422 1.0000000180025095e-35 92.876655578613295 16.53005409240723 78.065486907958999 79.082908630371108 82.777160644531264 8.5000000000000018 5.5000000000000009 27.639257431030277 86.284465789794936 84.680576324462905 4.5000000000000009 36.788400650024421 103.50000000000001 32.305501937866218 34.216028213500984 0.31666667759418493 9.5000000000000018 53.45238113403321 58.123168945312507 75.615615844726577 5.5000000000000009 0.93750000000000011 85.053192138671889
decision_type=2 2 2 2 2 2 2 2 2 2 2 2 2 2 2 2 2 2 2 2 2 2 2 2 2 2 2 2 2 2 2 2 2 2 2 2 2 2 2 2 2 2 2 2 2 2 2 2 2 2 2 2 2 2 2 2 2 2 2 2 2 2
left_child=1 26 3 16 35 -3 7 8 -4 -7 46 12 49 15 19 20 25 -10 -12 24 21 22 -13 -24 51 -2 -1 -27 29 -29 40 36 33 34 -33 -5 39 38 -38 57 -31 -42 -43 44 45 -19 47 -11 -36 -8 -51 58 -20 -54 -37 -56 -9 -30 -15 -60 61 -61
right_child=2 5 6 4 -6 9 11 56 17 10 18 13 -14 14 -16 -17 -18 43 52 -21 -22 -23 23 -25 -26 27 -28 28 31 30 -32 32 -34 -35 48 54 37 -39 -40 -41 41 42 -44 -45 -46 -47 -48 -49 -50 50 -52 -53 53 -55 55 -57 -58 -59 59 60 -62 -63
leaf_value=-0.091781635734479089 0.068647465620098644 0.019879381172712748 -0.083303219964172864 0.097415177083442078 0.087172580165166214 -0.092868073875736923 -0.014478955971748909 0.1668007830160636 -0.053965577569434521 0.075712560705660376 -0.085709639941730295 -0.017803906114899275 0.096148119221674572 0.012156831627713451 0.088753847560822274 -0.067611916314017292 0.102336277659897 0.12488985773842372 1.7243073499487337e-05 -0.12753990053889291 -0.064115914507595975 -0.066668531511700727 0.041719420458872142 -0.017196703594714882 0.052322058806265261 -0.088509502660041761 -0.033951060004348284 -0.0090023207904165251 0.085258873967982374 -0.12319589351088969 0.065897312131632663 0.047645115779653267 -0.026764225951378669 0.055861171497268103 -0.22231855286950256 -0.0044809431311382186 0.070548294785986856 0.017304292641449961 -0.028002400710920913 -0.041406039958973621 -0.042754526759240054 0.070720061076685187 0.014755085003293283 -0.020540023335675842 -0.045880475242430163 -0.0088784900860603075 -0.032695612807973111 0.010567690459952336 -0.038255976936470357 -0.064522684020604973 0.037531947773387996 -0.040580219217424503 -0.090082232437488474 -0.021447473691079605 0.059826037735121566 -0.001587047409612142 0.034258103921194175 -0.0092120348477026503 0.000813926988414109 -0.01199475816139371 0.034965747156439776 -0.047793299032715848
leaf_weight=929.53947033116128 237.14682056609308 1414.5247115574311 701.40025428647641 119.83951835206244 989.41110771405511 355.23538682382787 583.66443926387001 39.322088559856638 606.25416322395904 199.23521009105025 386.33492041833233 2271.6663142472971 356.63261836091988 3487.5245321482653 252.21128866588697 533.12681471830001 140.38747489452362 135.06112140318146 521.27866098005325 63.586128394585103 351.477977532777 283.92436369619099 844.41128440602915 523.52498348627705 343.80469997320324 92.653853695373982 354.3733747851802 1400.0518581254873 69.036487464967649 38.574263598071411 770.69313262228388 632.17793594149407 770.60265081812395 1248.090886431688 19.52076930552721 890.70685732568381 99.549308610148728 1876.2101349069271 984.39921208890155 1090.4426568703493 181.86535698920488 364.70037779322593 1704.4285374255269 555.1547694907058 88.904821847332641 71.416724552342203 268.57655536592938 644.44664280884899 769.99922847049311 99.660751858551521 876.19966737134382 385.76461695157923 217.02545740245841 346.2687992657884 435.55099497642368 313.53601834014989 256.21134771878133 1654.9122768527013 26757.405307455279 2965.5021050007781 378.09594396629836 964.74120774824405
leaf_count=1615256 16362 117352 676877 2779 260383 77255 9367 3418 215678 30804 116816 127257 7080 188280 20537 63454 19901 13896 88379 1023 47478 2005 13899 3957 29827 14410 37058 57968 2361 2440 18178 14654 24581 54619 317 27011 2665 54699 6681 14865 49541 11929 40009 98922 36507 23772 49700 57879 12198 14977 17465 55298 64687 72843 23412 10010 14409 36034 630153 157703 7347 48626
internal_value=-0.000445461 -0.0264657 0.00193283 0.0131028 0.0434668 -0.0119085 -0.00228168 -0.0305893 -0.0418841 -0.027211 -0.0181818 -0.000640515 0.027291 -0.00196507 0.000346269 -0.0190779 0.00720188 -0.0219421 -0.0408458 -0.000284556 -0.0130253 -0.0084485 -0.00390677 0.0191715 -5.52183e-05 0.00624824 -0.0758198 0.00517344 0.00580817 0.0171727 0.0291477 0.000307377 0.0132016 0.0247372 -0.00258614 0.0188918 -0.00737479 0.00402816 -0.0189516 -0.0193683 0.0167773 0.019176 0.0246194 0.000883917 0.041149 0.078622 0.0117901 0.0259516 -0.0428069 0.0115447 0.0271095 -0.000570618 -0.0248648 -0.047891 0.0131532 0.0341211 0.0518935 -0.00542889 -0.000123937 -0.00150261 -0.0158897 -0.0207821
internal_weight=67308 5636.84 61671.1 16894.5 2749.04 4352.93 44776.7 2453.73 2158.19 2938.4 2583.17 42322.9 1916.16 40406.8 35598.6 4808.13 14145.4 1456.79 1470.91 35346.4 4275 3923.53 3639.6 1367.94 35282.8 14005.1 1283.91 13767.9 13675.3 4460.31 3060.26 9214.94 3440.39 2669.79 1421.7 1759.63 5774.55 2960.16 1083.95 2814.39 2289.57 2250.99 2069.13 850.537 295.383 206.478 1112.26 843.682 789.52 1559.52 975.86 34939 1084.57 563.294 1639.79 749.087 295.533 1723.95 34553.3 31065.7 4308.34 3930.24
internal_count=5635248 2328029 3307219 778007 323595 675715 2529212 1083479 1065652 558363 481108 1445733 48889 1396844 1138794 258050 454412 388775 342725 1118257 194596 147118 145113 17856 1117234 434511 1652314 418149 403739 180065 122097 223674 106369 81788 27169 63212 117305 64045 9346 53260 103919 101479 51938 173097 74175 37668 138383 88683 12515 41809 32442 1087407 225909 137530 60433 33422 17827 38395 1032109 843829 213676 206329
is_linear=0
shrinkage=0.1


Tree=58
num_leaves=63
num_cat=0
split_feature=1 9 23 3 23 8 1 21 22 3 11 4 9 14 18 22 18 17 1 10 3 1 18 15 23 1 11 8 22 11 10 23 23 25 24 3 8 18 3 7 9 11 9 11 6 11 7 6 17 24 10 6 25 7 3 6 21 11 14 11 6 23
split_gain=360.698 483.334 192.205 141.088 132.525 556.577 112.215 74.6453 95.6953 72.1444 85.5494 69.9964 77.7962 69.1892 91.8536 68.564 64.9634 64.2777 68.1376 67.3837 62.1109 84.2071 61.0675 114.644 99.4359 60.5458 90.4659 59.0038 58.0509 56.3146 55.1288 51.9219 65.6258 140.317 211.605 51.8861 51.3021 60.6392 50.4869 50.381 120.301 67.5712 173.469 103.961 134.56 105.07 89.3343 70.2079 69.6807 65.3613 60.6474 102.309 60.2371 59.9742 58.8033 56.6765 73.8769 62.4087 58.8856 88.3798 81.9328 77.8478
threshold=9.5000000000000018 48.834688186645515 0.44949495792388922 3.5000000000000004 0.88194444775581371 99.275363922119155 29.500000000000004 6.5000000000000009 6.5000000000000009 50.500000000000007 0.73214286565780651 1.0000000180025095e-35 56.070175170898445 5.5000000000000009 0.98275861144065868 8.5000000000000018 0.35388994216918951 95.093433380126967 2.5000000000000004 75.716625213623061 3.5000000000000004 21.500000000000004 0.33854167163372045 1.0000000180025095e-35 0.15476191043853763 1.0000000180025095e-35 0.93750000000000011 90.054946899414077 7.5000000000000009 0.27922078967094427 49.018096923828132 0.44949495792388922 0.76388889551162731 1.0000000180025095e-35 1.5000000000000002 14.500000000000002 69.282051086425795 0.77097901701927196 86.500000000000014 19.139194488525394 42.740047454833991 1.0000000180025095e-35 90.399383544921889 0.44949495792388922 93.788581848144545 0.34848485887050634 61.143791198730476 90.595520019531264 99.80237197875978 2.5000000000000004 92.422504425048842 84.561214447021499 1.0000000180025095e-35 74.322341918945327 3.5000000000000004 75.615615844726577 7.5000000000000009 0.93750000000000011 5.5000000000000009 0.93750000000000011 84.561214447021499 0.44949495792388922
decision_type=2 2 2 2 2 2 2 2 2 2 2 2 2 2 2 2 2 2 2 2 2 2 2 2 2 2 2 2 2 2 2 2 2 2 2 2 2 2 2 2 2 2 2 2 2 2 2 2 2 2 2 2 2 2 2 2 2 2 2 2 2 2
left_child=4 2 -2 6 9 17 7 -3 11 25 -11 12 31 -7 28 22 -8 36 -19 -20 21 -4 23 27 -25 26 29 35 -15 -1 -18 -9 33 34 -33 -5 37 -6 -29 -27 54 42 50 44 45 46 -43 53 49 55 51 -42 -50 -48 -41 56 -45 -58 61 60 -60 -57
right_child=1 3 20 15 5 13 16 8 -10 10 -12 -13 -14 14 -16 -17 30 18 19 -21 -22 -23 -24 24 -26 39 -28 38 -30 -31 -32 32 -34 -35 -36 -37 -38 -39 -40 40 41 43 -44 48 -46 -47 47 -49 52 -51 -52 -53 -54 -55 -56 58 57 -59 59 -61 -62 -63
leaf_value=0.0018659697291703546 -0.080654478460166878 0.0015047518718645312 0.053349314573780837 -0.013125162762940821 0.0059683871404408277 0.088635076976088495 -0.062474795340442695 0.081325046227868514 -0.0033879469724486066 -0.065271396263133261 -0.0080801519604854783 0.027462253917160652 0.073777489307957342 0.031875892739007823 0.078203682890628803 -0.053996574960172516 -0.077501675391309977 0.0072448704923154007 -0.025978434482834874 0.014680445811180371 -0.045829921430063446 -0.042084366891748909 0.0017433786455865183 -0.071362525415374925 -0.0092674172503819374 0.038071878958522654 0.0017125226658098822 0.004897392026070764 -0.087994912628745037 -0.039799612650357592 0.024541247102809024 0.379532335505812 0.26630922404231855 0.58987499530742038 4.9445363731573577 -0.076167510143372419 -0.0025047385257096506 0.039671612609685228 -0.046529661070037781 0.0055595650003109169 0.010918635456436412 -0.018602499473536215 0.10073055728810353 0.028681682567456387 -0.074584128579678347 -0.057257646094150433 0.0020895475653798568 -0.030714894497099472 0.017553628720521668 -0.026515735146772232 0.10891447246201574 -0.1482425382316124 0.088247158334420248 0.037092408230076333 -0.045412736908004181 0.0033739409654094631 -0.010689236617795753 0.088809223202397397 -0.0040920401467688322 0.041652191683471132 -0.039116225479764906 0.029326299332439229
leaf_weight=447.99439218715997 1400.6186241442338 2438.2468629890645 206.84906662686262 326.4950132383965 992.65831696707755 929.20194551977329 340.93277859044611 4.8787140735657868 566.29180007430841 333.26028798031621 1215.5447624455555 623.86376272514462 366.19322233827552 97.100940181175247 246.19534703553654 466.31234408568707 68.574502872739686 2878.552094940911 1675.6597039909684 538.63320520380512 404.84855312021682 167.18893332470907 1677.0364006917807 690.81238773764926 411.50507784145884 401.32356436998816 2631.1981674910057 1675.4263313481351 69.185649175196886 1175.7142111953581 232.26727535831742 0.20829910266911644 4.4001582928467542 2.3088901267037727 0.19812147581251338 217.53782978997333 1094.8177992859855 1154.9637934425846 215.44275237678085 321.3439055410563 3054.5306946651253 1897.4283823971346 229.9671249599196 1979.9581000830512 315.20835329720285 382.17124104994582 1080.7021266578813 348.89213855797425 398.83582021528855 700.43888906575739 61.733049856498837 40.927793799899518 172.73512714938261 894.81160798534984 765.4134063392994 19714.131109663052 972.26175396324834 67.410199203295633 2503.3260380769498 318.37604511674726 910.97413369844435 1227.8130805112887
leaf_count=6503 1987874 141316 31907 44524 50379 268965 101890 3395 34873 125673 70774 9045 21606 10055 41097 76187 20267 64945 44612 19544 161167 71413 128837 377069 26441 73550 36635 85226 5258 18073 4728 101 572 547 52 66819 32122 28649 32752 59127 260945 48627 6112 54155 2516 16853 17910 3082 6079 7962 2265 377 14405 9979 370155 262987 20137 851 69096 3927 30008 42251
internal_value=-0.000408654 -0.0157164 -0.0585092 -0.00668668 0.00312141 0.0137288 0.00623335 0.0124518 0.0294707 0.000818065 -0.0203861 0.0480402 0.0819858 0.073505 0.0394213 -0.017259 -0.0325881 0.00410696 -0.00289993 -0.016088 -0.0186869 0.010692 -0.0139736 -0.0214252 -0.0481819 0.00158154 -0.00974194 -0.00931203 -0.0179979 -0.0283037 0.00128137 0.332594 0.504877 0.891475 2.60488 -0.0383334 0.0151126 0.0240936 -0.000962128 0.00282456 0.00245579 0.00341204 0.0168792 0.00206588 -0.011375 -0.00704743 -0.00250228 0.0106404 0.00434848 0.00365261 0.0107715 0.00881422 0.038918 0.0179441 -0.0303407 0.00441563 0.0173473 -0.00423796 0.00283307 -0.00873811 -0.0134369 0.00489551
internal_weight=66749.8 12508.4 2179.51 10328.9 54241.4 9676.97 4648.36 4006.59 1568.34 44564.4 1548.81 1002.05 378.187 1341.68 412.482 5680.57 641.775 8335.28 5092.85 2214.29 778.887 374.038 5214.26 3537.22 1102.32 43015.6 4254.91 2434.9 166.287 1623.71 300.842 11.9942 7.11547 2.71531 0.406421 544.033 3242.44 2147.62 1890.87 38760.7 38359.4 37272.6 3387.16 33885.5 4919.21 4604.01 4221.83 2324.41 28966.3 28394.7 3157.19 3095.46 571.571 1975.51 1086.76 27694.3 3019.63 1039.67 24674.6 3732.68 3414.3 20941.9
internal_count=5635248 3428608 2252361 1176247 2206640 565626 338392 211507 70191 1641014 196447 35318 26273 325375 56410 837855 126885 240251 129101 64156 264487 103320 761668 632831 403510 1444567 61211 229321 15313 24576 24995 4667 1272 700 153 111343 111150 79028 117978 1383356 1309806 880524 269699 610825 98967 96451 79598 30971 511858 491374 263587 261322 20484 27889 429282 483412 75143 20988 408269 103031 99104 305238
is_linear=0
shrinkage=0.1


Tree=59
num_leaves=63
num_cat=0
split_feature=9 18 25 11 27 6 9 11 21 24 10 11 9 8 6 10 10 14 3 23 2 9 22 9 9 14 8 7 11 14 14 10 7 14 11 8 9 2 23 15 11 25 11 21 2 4 9 22 3 9 10 15 15 7 8 10 14 4 10 21 27 21
split_gain=301.166 316.47 217.75 228.754 273.151 190.286 162.758 190.89 140.251 127.171 126.624 117.069 167.891 125.393 116.061 113.375 103.65 85.4838 83.2489 81.4738 75.779 75.5301 73.7071 68.9326 66.9931 197.648 76.1851 89.2854 62.9552 114.609 125.761 82.8896 71.4997 123.575 192.341 224.178 67.6251 65.4724 67.0328 64.0407 67.6723 62.7659 61.2329 58.3494 56.1543 55.3474 55.1239 54.5645 54.1869 54.1733 53.7065 52.0708 52.0368 51.5819 51.1771 50.1643 74.1059 49.7971 49.7065 48.7874 48.1559 101.722
threshold=42.740047454833991 0.43874999880790716 1.0000000180025095e-35 0.84523808956146251 1.0000000180025095e-35 25.176055908203129 62.622549057006843 0.31666667759418493 6.5000000000000009 1.5000000000000002 26.36544227600098 0.095454547554254546 88.067794799804702 81.01672744750978 28.743545532226566 99.206348419189467 30.471628189086918 9.5000000000000018 5.5000000000000009 0.73214286565780651 0.73100760579109203 42.967033386230476 8.5000000000000018 43.951219558715827 84.273937225341811 4.5000000000000009 87.226108551025405 82.097072601318374 1.0000000180025095e-35 4.5000000000000009 9.5000000000000018 65.545505523681655 79.337715148925795 5.5000000000000009 0.38750000298023229 90.645832061767592 63.733076095581062 0.7506278157234193 0.63068181276321422 88.775268554687514 0.31666667759418493 1.0000000180025095e-35 0.36931818723678594 5.5000000000000009 0.41250723600387579 1.0000000180025095e-35 92.907444000244155 6.5000000000000009 1.5000000000000002 86.72955703735353 16.53005409240723 93.764953613281264 74.944934844970717 33.520599365234382 60.120481491088874 36.788400650024421 4.5000000000000009 1.0000000180025095e-35 47.690120697021491 11.500000000000002 1.0000000180025095e-35 7.5000000000000009
decision_type=2 2 2 2 2 2 2 2 2 2 2 2 2 2 2 2 2 2 2 2 2 2 2 2 2 2 2 2 2 2 2 2 2 2 2 2 2 2 2 2 2 2 2 2 2 2 2 2 2 2 2 2 2 2 2 2 2 2 2 2 2 2
left_child=1 9 3 15 -5 20 7 8 -4 51 -7 12 55 17 -12 21 -16 -13 22 24 41 -2 59 -23 25 57 27 -26 29 46 36 50 37 34 35 -34 43 39 -39 54 -41 44 -29 -31 -3 -43 -25 -9 -28 -37 -32 -1 -21 -18 -30 -8 -57 -15 -45 -10 -35 -62
right_child=2 5 6 4 -6 10 11 47 18 -11 14 13 -14 19 16 -17 53 -19 -20 52 -22 23 -24 28 26 -27 48 42 32 30 31 -33 33 60 -36 49 -38 38 -40 40 -42 45 -44 58 -46 -47 -48 -49 -50 -51 -52 -53 -54 -55 -56 56 -58 -59 -60 -61 61 -63
leaf_value=-0.080418495753342478 0.061355583081234857 0.11110585764978663 -0.06765049188383486 0.010408317147467297 0.07635227741323887 -0.091810764366619169 -0.0601049167133276 0.086087201225655857 0.019204761515745458 0.041755881616830623 0.015784208710779461 -0.014531914069045818 0.088348155643822798 0.084781476233950062 -0.097988864831882488 0.10211060525429312 -0.0051517490186812889 -0.068513944653622511 -0.048572650928005889 0.021870982698217412 -0.010482473334157619 -0.08365903595436093 -0.031834928433995567 -0.012494228656550494 -0.044657066113510779 -0.052641521957915632 0.066129705680242998 0.057009879308225403 0.030419702390641873 -0.029671231745754992 -0.12224040553302618 0.10772127320397103 0.04047758819380301 -0.041893712999558734 0.052145038218781331 -0.14923478150781563 0.06654243780184553 -0.015932145617803845 0.01448729066219075 -0.088791452404268612 -0.02439932601284342 -0.024881642374864739 -0.019598214818741078 0.047966657181203708 0.033469876680692845 0.040759046368985231 0.095982620281333642 0.00049536151291507146 9.7168079440748049e-05 -0.032736338066845942 0.0013506204420820614 0.60449627324687949 -0.15712097177409082 -0.056094602279695698 -0.014729582784565624 -0.013239339979168017 0.032772794961360645 0.03149766709496795 -0.030311346312932183 0.11340854577547338 0.05319363307678894 -0.076117981975727639
leaf_weight=1049.5581973013177 238.12986335752066 111.15126391709782 917.19932626976515 1454.6910302359611 1105.4789287699386 312.4911928648944 95.87633436237229 162.3149846267188 330.67288366891444 93.924539083265699 536.30302995821694 3443.6359280634788 331.37080918904394 229.42378518352052 247.10617860400816 122.60147037892602 526.85566057643155 320.66593153803842 445.98870433407137 23.316434894921258 1065.2712617377692 88.02695520845009 284.51044338144129 1350.1398905658862 803.27982293162495 270.02332973544253 124.73321058345027 176.54211183718871 305.4506997258286 156.12449817144079 36.159150930703618 72.586355396546423 655.99722820805619 495.22791329515167 1182.0801553815254 42.243445186177269 758.67529839964118 1141.4895865144208 1982.6201123656938 213.36828943854198 694.27057369844988 332.12464507712866 255.10038337338483 623.94505299758748 575.77508059880347 209.47171321848873 48.529062191024423 137.63888648862485 33715.570455938578 724.42187490832293 1272.883227985847 1.1111699193425 53.533288323320448 319.17044523466029 1409.8574723181664 579.34689226699993 884.33175548817962 744.75632211694028 93.244083438243251 65.93822044658009 183.49800550332293 91.002502638148144
leaf_count=1481456 16362 8924 616575 50243 273352 111561 15087 14684 86353 48950 88411 215739 7080 11338 98143 19901 119070 42773 261922 573 26240 14410 91158 55856 63596 14646 1156 2013 6605 10951 2393 2303 15916 5940 54619 504 18744 9885 57362 2112 10117 222394 9738 30684 19803 6377 2112 3143 1027798 10749 54931 247 589 96453 31224 9257 17465 6885 2091 9644 14786 3855
internal_value=-0.000393619 -0.0230728 0.00160874 0.0114014 0.0388829 -0.0104654 -0.00204019 -0.0276843 -0.0386149 -0.069728 -0.033501 -0.000610598 0.0237054 -0.0017555 -0.0223185 0.00636961 -0.0410121 -0.0191304 -0.0149868 4.15137e-05 0.00903658 0.00552271 0.00700474 0.00454667 0.00025915 0.0230626 -0.000549742 -0.0249465 0.00512038 0.0149267 0.0259064 0.00370444 0.000376829 0.011931 0.0223338 -0.00243622 0.0447024 -0.00640737 0.00337261 -0.018056 -0.0395367 0.0259619 0.0117346 0.0257294 0.0460321 0.000506024 -0.00873045 0.0468119 0.00034056 -0.0391554 -0.00206328 -0.0796941 -0.102814 -0.0243704 -0.0066897 0.00997029 0.0145605 0.0440462 0.0377895 0.0348665 -0.0232718 0.0103242
internal_weight=66318.8 5380.31 60938.5 16542.7 2560.17 4235.72 44395.8 2344.26 2044.31 1144.59 1941.93 42051.5 1890.93 40160.6 1629.44 13982.6 1093.13 3764.3 1127.11 36396.3 2293.79 13860 681.122 13621.8 36319.4 1244.2 35075.2 1234.92 13533.8 4412.29 3013.62 1381.63 9121.53 3374.47 2604.74 1422.66 1631.99 5747.06 3124.11 2622.95 907.639 1228.52 431.642 873.314 686.926 541.596 1398.67 299.954 33840.3 766.665 1309.04 1050.67 76.8497 846.026 1715.31 1559.55 1463.68 974.18 717.189 396.611 769.728 274.501
internal_count=5635248 2328029 3307219 778007 323595 797376 2529212 1083479 1065652 1530653 513638 1445733 48889 1396844 402077 454412 313666 258512 449077 1138332 283738 434511 187155 418149 1137170 32869 1104301 75347 403739 180065 122097 59627 223674 106369 81788 27169 62470 117305 67247 50058 12229 257498 11751 43726 28727 228771 57968 17827 1028954 11253 57324 1481703 1162 215523 37829 41809 26722 18223 32775 95997 24581 18641
is_linear=0
shrinkage=0.1


Tree=60
num_leaves=63
num_cat=0
split_feature=1 6 23 26 3 11 16 16 3 8 16 2 8 23 2 16 22 22 16 2 21 3 16 7 11 21 23 16 2 1 8 1 24 21 22 1 2 11 8 14 21 3 6 14 11 14 14 10 14 14 15 22 6 2 1 11 10 14 11 7 11 21
split_gain=281.979 355.846 161.307 131.578 199.404 157.365 286.395 147.111 112.813 80.8491 152.229 114.842 95.8325 78.5555 93.5393 84.3204 90.7389 77.7952 77.014 78.9042 75.6117 78.4609 75.4412 72.727 72.1337 79.6601 70.6915 70.5437 70.8268 67.1226 65.614 64.0438 61.3304 59.9056 62.2481 57.8459 324.096 64.6022 79.3515 180.22 89.1204 75.7951 72.0591 82.2297 82.8294 68.6045 61.3968 61.0614 57.4785 57.3034 56.7537 55.2655 53.6547 66.0634 52.6531 52.7192 51.7314 54.1996 98.5418 69.3929 72.7439 69.2621
threshold=11.500000000000002 39.369100570678718 0.4083333313465119 1.0000000180025095e-35 6.5000000000000009 0.6904762089252473 46.60924148559571 45.246784210205085 3.5000000000000004 45.773809432983406 90.960163116455092 0.6850685477256776 98.07621002197267 -1.0000000180025095e-35 0.52607575058937084 94.925979614257827 7.5000000000000009 9.5000000000000018 89.670635223388686 0.80234554409980785 9.5000000000000018 3.5000000000000004 97.969490051269545 30.0684928894043 0.84523808956146251 8.5000000000000018 0.38750000298023229 63.665315628051765 0.45796641707420355 34.500000000000007 99.275363922119155 4.5000000000000009 1.5000000000000002 8.5000000000000018 7.5000000000000009 1.0000000180025095e-35 0.99996608495712291 0.6904762089252473 97.915760040283217 5.5000000000000009 6.5000000000000009 6.5000000000000009 77.003208160400405 4.5000000000000009 0.93750000000000011 2.5000000000000004 10.500000000000002 99.206348419189467 12.500000000000002 11.500000000000002 61.826965332031257 2.5000000000000004 84.889995574951186 0.57724398374557506 1.5000000000000002 0.15476191043853763 99.206348419189467 5.5000000000000009 0.18333333730697635 79.095325469970717 0.38750000298023229 7.5000000000000009
decision_type=2 2 2 2 2 2 2 2 2 2 2 2 2 2 2 2 2 2 2 2 2 2 2 2 2 2 2 2 2 2 2 2 2 2 2 2 2 2 2 2 2 2 2 2 2 2 2 2 2 2 2 2 2 2 2 2 2 2 2 2 2 2
left_child=3 2 -2 4 5 26 52 -5 29 18 11 31 -12 15 17 -9 -17 20 -6 48 22 -22 -15 -24 25 -8 30 -4 32 33 -1 -11 -29 -3 -35 -16 37 38 47 -40 41 -41 -39 45 46 -44 -45 54 -20 -48 -31 -14 -7 -54 55 -37 57 59 -59 61 -61 -28
right_child=1 8 27 7 9 6 24 13 -10 10 12 -13 51 14 35 16 -18 -19 19 -21 21 -23 23 -25 -26 -27 56 28 -30 50 -32 -33 -34 34 -36 36 -38 42 39 40 -42 -43 43 44 -46 -47 49 -49 -50 -51 -52 -53 53 -55 -56 -57 -58 58 -60 60 -62 -63
leaf_value=0.041661976846595596 -0.076853732900870497 0.0033752871882176843 -0.09037164390878584 -0.07604444496312561 -0.073718330233855225 0.078668583847173346 0.052489467504048308 0.012148573203442078 -0.01790171025260345 0.015032500838382779 0.016101643916261673 -0.023341911873882099 -0.38877558641858889 -0.014921097326735409 -0.0091599675841244604 -0.087798766525372371 -0.021754727101948264 -0.054033539510274266 -0.0076066683318443242 -0.032741271249583648 0.053109742238181004 -0.01378567500287816 0.16947914366517697 0.018014342367177218 0.083659105867131184 -0.1042052758297166 -0.021643056910012445 -0.0035433216597756398 -0.049178656448660533 -0.062687814716328547 0.0029816209225771097 -0.004895164065079647 0.083572797487867292 0.050553406528646927 -0.019210294169411866 0.014328582110622552 0.12156174712446675 0.047066802622038453 0.080373124249514649 0.028272921916164352 -0.0032478259042606934 0.12723775729659639 -0.00086881635962630889 -0.047078951569125824 0.033850793189768108 0.069231161075725384 0.13498896031212193 0.10808211319432229 0.045408505367496556 -0.070184429274227023 0.011813826393637792 0.075473264667126533 -0.013458686600952311 0.024060960714827238 0.0076833926553410261 -0.030804423416906798 0.10059548623588735 0.02721537241802633 -0.014090941227941012 -0.0020639190845341466 0.041735271724449907 0.010892253646117005
leaf_weight=1186.1275849499216 1197.7654196498916 2779.7849927089701 114.68918542575557 265.54770530664246 227.26231133178226 116.21631501987576 134.51290097308811 564.86437763678259 4213.6656897439971 2887.6679678632063 1043.7434187237523 2026.4996253279969 2.5800172633025786 5018.7429630699626 3266.424797182437 253.17306903231656 1166.6837095789379 386.83376391956699 733.22638642488164 964.92853320093127 388.64032069433597 319.44829048443353 35.405834466102533 302.94891659030691 1050.2560857353965 42.756466292776167 1981.5436937004852 305.10807625082089 234.95665611524601 248.66536561146495 695.80734086455777 3652.8045739663357 109.92892140726326 583.64426819252549 163.79223137148074 384.52223784805392 236.5754764402518 296.47033090610057 477.57023694098461 665.04430114279967 1334.0354202748276 87.58039781881962 8753.656920331181 877.48996560333762 178.5421249056235 141.87276855768869 36.691095798858441 55.637830480467528 283.60705877264263 21.64163529407233 173.65621960459976 418.29295234382153 793.98910810612142 1147.5724745284533 4556.5111935785972 791.63303294766229 56.984100260771811 2072.6515649649955 800.64905320265098 974.71585314720869 620.65053523820825 976.88414245093009
leaf_count=54265 1797909 178054 120053 170618 202109 1104 15020 29936 653504 58556 23956 28005 98 522920 37448 2159 9182 135745 58321 21998 9257 72082 762 4044 245856 2134 47711 58117 34762 69652 9771 203643 23165 16839 16196 7946 3467 4275 4111 14231 19859 1758 72330 26608 1231 1248 677 2198 14702 526 19094 80900 7451 7793 190934 7830 13639 65043 42685 22557 37626 29578
internal_value=-0.000360082 -0.0157119 -0.053946 0.00242791 0.00783724 0.0166411 0.0354721 -0.00193471 -0.00652039 -0.00126197 0.00255177 -0.00254169 0.0323449 -0.00129156 4.28819e-05 -0.0205303 -0.033531 -0.0105537 -0.0185809 -0.0122579 -0.00778054 0.0229304 -0.0118398 0.0338638 0.0736999 0.0146955 0.0100357 -0.0180644 -0.00530602 0.00562205 0.0273607 0.00390305 0.0195307 0.010133 0.0352655 0.00312786 0.00525204 0.00377735 0.0103135 0.0249577 0.0122749 0.0397891 -0.00151973 -0.00295876 -0.0285665 0.000249192 -0.0404749 0.00382613 0.0071799 0.058869 -0.0320532 0.0726273 0.0126681 0.00871754 0.00281428 -0.016049 0.00567919 0.00495095 0.0157053 -0.00183471 0.0149754 -0.0108998
internal_weight=65881.8 10125.7 1962.45 55756.1 24891.9 12651.3 3285.3 30864.2 8163.21 12240.6 10031.6 8566.97 1464.62 30598.6 28613.9 1984.72 1419.86 6452.02 2209.02 1981.76 6065.19 708.089 5357.1 338.355 1227.53 177.269 9366.01 764.683 649.994 3949.54 1881.93 6540.47 415.037 3527.22 747.436 22161.9 18895.5 18658.9 8352.53 2564.23 2086.66 752.625 10306.4 10009.9 1114.36 8895.53 935.823 5788.3 1016.83 58.3327 422.322 420.873 2057.78 1941.56 5732.67 1176.16 7484.08 7427.09 2873.3 4553.79 1595.37 2958.43
internal_count=5635248 2987345 2034006 2647903 1294521 602233 279358 1353382 953339 692288 395158 290204 104954 1182764 1141487 41277 11341 744810 297130 95021 609065 81339 527726 4806 263010 17154 322875 236097 116044 299835 64036 262199 81282 211089 33035 396677 359229 355762 248867 39959 35848 15989 106895 102620 29042 73578 27811 208908 73023 1203 88746 80998 16348 15244 206710 15776 258839 245200 107728 137472 60183 77289
is_linear=0
shrinkage=0.1


Tree=61
num_leaves=63
num_cat=0
split_feature=4 8 16 0 11 22 11 11 18 3 14 3 10 21 14 10 23 0 16 5 16 11 22 7 22 21 7 14 15 16 3 18 15 18 3 10 27 16 7 17 21 18 15 21 16 18 6 8 0 6 22 25 21 27 16 15 23 10 22 23 17 21
split_gain=228.411 380.654 358.175 146.014 100.584 93.8524 133.95 164.191 90.192 88.6008 82.3839 95.7817 88.7325 81.0756 75.5044 91.5686 75.4206 132.147 117.351 74.3648 68.5432 105.965 116.236 104.253 95.8159 78.6053 86.4957 64.7378 64.7281 88.3059 77.0144 64.4226 91.8894 141.592 130.743 64.545 63.3933 61.9378 60.6651 56.7789 56.6559 55.9616 107.764 59.2664 113.526 53.4913 52.0595 112.527 57.6207 52.113 51.8285 52.3321 52.5107 58.4887 51.713 51.5615 51.0206 50.9681 48.8199 61.8176 56.1948 58.3397
threshold=1.0000000180025095e-35 43.826219558715827 85.631710052490249 0.99999997019767772 0.18333333730697635 8.5000000000000018 1.0000000180025095e-35 0.31666667759418493 0.58957219123840343 1.5000000000000002 4.5000000000000009 3.5000000000000004 89.417694091796889 7.5000000000000009 4.5000000000000009 89.039035797119155 0.31666667759418493 0.31645996868610388 98.092205047607436 1.0000000180025095e-35 98.441547393798842 0.43650794029235845 10.500000000000002 88.493064880371108 3.5000000000000004 7.5000000000000009 89.512962341308608 13.500000000000002 1.0000000180025095e-35 52.111026763916023 46.500000000000007 0.46862745285034185 1.0000000180025095e-35 0.054093567654490478 10.500000000000002 50.31645584106446 1.0000000180025095e-35 99.052112579345717 51.316701889038093 98.421009063720717 7.5000000000000009 0.73030304908752453 94.146202087402358 4.5000000000000009 96.677703857421889 0.95119047164917003 74.601570129394545 91.476997375488295 0.86401242017745983 97.332859039306655 8.5000000000000018 1.0000000180025095e-35 8.5000000000000018 1.0000000180025095e-35 97.575668334960952 95.862876892089858 0.44949495792388922 98.213714599609389 10.500000000000002 0.10555555671453477 78.065486907958999 5.5000000000000009
decision_type=2 2 2 2 2 2 2 2 2 2 2 2 2 2 2 2 2 2 2 2 2 2 2 2 2 2 2 2 2 2 2 2 2 2 2 2 2 2 2 2 2 2 2 2 2 2 2 2 2 2 2 2 2 2 2 2 2 2 2 2 2 2
left_child=1 2 56 9 16 6 14 13 -7 -2 11 12 -9 -8 15 -3 18 19 -4 50 39 24 23 46 -22 27 -27 57 30 -30 -12 32 -13 -34 -35 -33 55 -20 40 41 -16 43 -43 44 -11 -24 -23 48 -48 -49 51 -18 -53 -54 58 -25 -1 -26 59 -45 61 -61
right_child=3 5 4 -5 -6 8 7 10 -10 20 28 31 -14 -15 38 -17 17 -19 37 -21 21 22 45 36 25 26 -28 -29 29 -31 -32 35 33 34 -36 -37 -38 -39 -40 -41 -42 42 -44 54 -46 -47 47 49 -50 -51 -52 52 53 -55 -56 -57 -58 -59 -60 60 -62 -63
leaf_value=-0.091564179231475293 0.062962042871054835 -0.010112773000800851 -0.068398266991051823 0.083526855167298339 0.34893899192508393 -0.074827852617661783 -0.072379604709693193 0.060872629107012882 -0.010243580687493717 -0.033786440913594416 0.002758872333159015 0.00080825850998037093 0.0080476346540175984 0.0051677711620891501 -0.010507031994025673 0.11312278880134369 0.22490295572842156 -0.016917544886902041 0.17175799947064235 0.015329328137246009 -0.06680587080894293 0.038881627101460328 -0.011021157332907469 0.052644311615064936 -0.011022155130152568 0.020404183759268838 -0.043290618010962907 0.026455991374058643 -0.095006623346141988 -0.020659873097426548 -0.065883568204152296 0.14787291681181375 -0.099453825344026928 0.023436862727803688 -0.063140956839502063 0.019036611332504266 0.076738227416430618 -0.0027510199605836586 0.092681438704888486 0.021142996552484538 0.093109344328690322 -0.00068109133468129406 -0.035236054405805732 -0.0010404523838528561 0.11232148950114834 0.081771972550343353 -0.060196124894727747 0.029392559570327673 0.073286001008632279 -0.69128903974802247 -0.076417116389676673 0.011438388140809906 0.026279764049160593 0.40538271756114352 0.026064543350544218 -0.010428419480526172 -0.041720483653437231 0.10058676265601021 -0.018210509785179296 -0.0066712949321593067 0.0034894076706029594 0.028591248535657861
leaf_weight=1020.5110283020767 244.65697564592119 438.59937134798383 540.08116929850075 225.91489341622218 7.5463559032068579 335.10160526327672 493.85598715674132 515.65255163484835 609.55100588296773 823.02870872593485 1420.0781500503945 6231.3974514585861 829.50929290737258 185.4465600453841 158.64417598734144 69.903664949350059 46.363629486586433 1217.1251210696064 22.013749698409811 146.31032325307024 193.92115871305577 601.91486834106036 985.85445250640623 383.77862473786809 3541.651186326053 3055.0208465177566 229.19430985627696 573.43536305101588 213.00192190753296 639.12981377087999 184.7108515468426 40.771278603817336 237.11171050989651 444.54821615101537 287.0524111231789 840.65863334597088 655.73423262452707 267.26898917567451 279.46461306448327 1279.1085087080719 79.071995956939645 3035.6186098278267 1284.3633502023295 18640.169044279726 56.853744395310059 66.300761831458658 293.79131845245138 559.18446391471662 36.339561024680734 1.0051685217767943 11.540888246439861 35.961814478388987 7.6627449470979636 8.679091515368782 866.19687505997717 195.70551468478516 257.1027182477992 41.394969574408606 1231.7209020674927 598.57501699682325 5478.9786696097581 2170.3469921371434
leaf_count=2130596 3525 58084 605860 89303 351 78242 86061 40651 8970 12321 85648 264080 58799 16072 35017 2860 4831 201048 2991 37531 3310 25692 19153 33263 48001 45422 5130 7639 210274 21499 41932 454 210489 39660 20784 9104 130107 45120 7111 22428 8187 46758 19317 229458 833 11822 7883 35267 1223 29 6439 13926 2621 1313 15822 4434 252362 10335 18359 18069 113179 48199
internal_value=-0.000329357 -0.00987699 -0.0390455 0.00332466 -0.0155517 -0.00267548 -0.000556677 -0.00339358 -0.0331539 0.00294016 -0.000660286 0.00359043 0.0282975 -0.0512095 0.0341907 0.00682836 -0.0167461 -0.00317001 -0.0408685 0.0620591 0.00262692 0.00936705 0.023061 0.033953 0.0025877 0.00439626 0.0159591 -0.00474008 -0.0169694 -0.0392439 -0.00514186 -0.000522026 -0.00364592 -0.0322981 -0.010533 0.024996 0.0554418 0.0105287 0.061094 0.000457636 0.0239591 -0.000316334 -0.0109545 0.00122244 -0.0243457 -0.00517387 0.0161654 0.000807667 -0.0455029 0.0280994 0.124097 0.14755 0.0789825 0.22762 0.00199857 0.0313432 -0.0815338 -0.00973274 0.00125725 0.00214905 0.0093573 0.0209683
internal_weight=65471.2 18121.4 3588.17 47349.8 2310.55 14533.3 13588.6 12562.9 944.653 47123.8 11883.6 9426.7 1345.16 679.303 1025.68 508.503 2303.01 1473.64 829.364 256.518 46879.2 11414.2 3779.61 2727.45 7634.62 7440.7 3284.22 4156.48 2456.92 852.132 1604.79 8081.54 7200.11 968.712 731.601 881.43 1235.22 289.283 517.181 35465 237.716 34185.9 4319.98 29865.9 879.882 1052.16 1492.24 890.321 330.131 560.19 110.208 98.6673 52.3037 16.3418 28986 579.484 1277.61 3583.05 28119.8 26888.1 8247.9 2768.92
internal_count=5635248 4608967 3304989 1026281 922031 1303978 1216766 1105507 87212 936978 1003374 644021 99450 102133 111259 60944 921680 267709 653971 66661 933453 388710 268873 237898 119837 116527 50552 65975 359353 231773 127580 544571 535013 270933 60444 9558 167804 48111 50315 544743 43204 522315 66075 456240 13154 30975 70094 44402 9106 35296 29130 22691 17860 3934 443086 37697 2382958 58336 427264 408905 179447 66268
is_linear=0
shrinkage=0.1


Tree=62
num_leaves=63
num_cat=0
split_feature=1 3 1 9 26 26 18 7 1 0 17 6 7 0 10 18 15 18 15 2 17 23 9 2 18 0 7 17 3 18 3 9 21 27 21 26 21 15 7 15 0 18 0 18 26 14 0 22 15 2 7 2 17 15 7 6 9 1 22 10 6 7
split_gain=213.985 161.471 320.976 305.512 212.089 131.437 117.698 98.2747 97.6664 94.3062 96.1395 80.4166 77.8702 77.5793 72.7384 70.9971 64.2398 61.6906 98.381 63.0767 62.5957 77.2859 76.8261 57.3029 57.2915 55.532 76.2821 54.8943 69.0296 62.5654 51.3276 49.8438 48.5166 55.6068 178.37 87.2587 84.3289 78.139 46.2713 69.3082 45.9484 44.1863 44.1785 54.1764 44.6048 43.6053 43.45 43.4054 43.3624 42.8169 42.4433 50.8959 41.0314 40.3683 44.9801 43.0911 86.0269 96.7716 39.1134 38.7674 59.4011 48.5893
threshold=28.500000000000004 3.5000000000000004 4.5000000000000009 64.747306823730483 1.0000000180025095e-35 1.0000000180025095e-35 1.0000000180025095e-35 62.115564346313484 1.5000000000000002 0.86401242017745983 97.45212554931642 96.362434387207045 58.102025985717781 0.99999997019767772 97.70084381103517 0.35857143998146063 46.388406753540046 0.62731480598449718 95.565387725830092 0.50812038779258739 82.621711730957045 0.13392857462167743 56.070175170898445 0.6850685477256776 0.55277779698371898 0.7368028759956361 75.716625213623061 97.22989654541017 23.500000000000004 0.89736840128898632 79.500000000000014 69.631092071533217 5.5000000000000009 1.0000000180025095e-35 8.5000000000000018 1.5000000000000002 7.5000000000000009 60.622179031372077 15.535444736480715 41.56573677062989 0.71415531635284435 0.30602006614208227 0.25767858326435095 0.31698563694953924 1.0000000180025095e-35 11.500000000000002 0.77194768190383922 7.5000000000000009 88.143623352050795 0.18683049082756045 26.747966766357425 0.31625431776046758 51.693037033081062 83.189559936523452 47.124916076660163 27.334994316101078 35.948717117309577 15.500000000000002 5.5000000000000009 82.807880401611342 75.147060394287124 54.653680801391609
decision_type=2 2 2 2 2 2 2 2 2 2 2 2 2 2 2 2 2 2 2 2 2 2 2 2 2 2 2 2 2 2 2 2 2 2 2 2 2 2 2 2 2 2 2 2 2 2 2 2 2 2 2 2 2 2 2 2 2 2 2 2 2 2
left_child=1 4 13 5 9 27 -6 -2 14 10 49 17 24 -3 -8 -9 -13 18 20 -19 21 22 53 -18 -7 26 59 28 41 -30 42 -15 -23 35 37 36 -34 -35 39 -38 -25 -4 43 44 -5 -21 -44 -40 -24 58 -43 -52 -46 -10 55 56 -55 -58 -1 60 -12 -62
right_child=7 2 3 30 6 12 8 15 11 -11 25 16 -14 31 -16 -17 23 19 -20 45 -22 32 48 40 -26 -27 -28 -29 29 -31 -32 -33 33 34 -36 -37 38 -39 47 -41 -42 50 46 -45 52 -47 -48 -49 -50 -51 51 -53 -54 54 -56 -57 57 -59 -60 -61 61 -63
leaf_value=0.089453477689146285 -0.068972132574125572 0.0032290808543801635 -0.044830101533471882 -0.0180557365868966 -0.097727350546354647 -0.086337055313200295 -0.024344813257182685 -0.043552086718985569 -0.063559477229940764 0.062863332664920238 -0.043855735245482037 0.036588193519431753 0.06680271193373355 -0.2099835094453758 0.0012961702206298147 0.030886075250289049 -0.015875662874254997 -0.01592654901328321 0.13953616090819551 0.013751520593882384 0.0033825367186166807 0.0082663452937030597 0.017995711972712738 0.019613698880141008 -0.045835839901427214 0.017671695172272708 0.014731790975626428 -0.05184898062760477 -0.076598580570905253 0.31777351642849827 -0.041259469664885105 0.089217347344949807 0.039869119120637279 -0.016942113364166605 -0.089016019919174058 -0.011674901531042739 2.9207975353974955 0.11590601397964535 0.14551757634836562 0.4769992222650381 -0.012540946878154059 0.033813833251494549 -0.0020217014553231484 0.01343326704061349 -0.097007068318240783 -0.022723670632141892 -0.057242410949796277 0.065651883140963013 0.24902473185101962 0.021525699237273408 0.052647878613738819 -0.024215119969978258 -0.030546327813149522 0.18657067660918991 3.1053117480485719 -0.10047227733547298 0.94036139674494168 5.8996342627821505 -0.015210235020792429 0.075213462877347079 0.11191609466878652 -0.33932180249425509
leaf_weight=167.78086686498136 642.85277162960847 22233.782488740515 217.97845709309331 1372.3504778482602 120.94663963300991 793.09603180314298 2253.6807232458377 288.30258653996862 140.69170361506986 483.26952271652408 517.2738431407779 353.22984099679161 43.851620736211771 5.8030977398157111 2173.200453407946 230.62588980537839 3089.6399219207815 1279.2542298014159 67.271276952727931 3172.8386089044216 1786.5342192816024 259.530077553296 1150.2681712154299 1083.6424453594955 624.1099006786244 659.99661536095664 373.60135080828331 524.27905455933069 192.9497019793198 4.1083958302624515 433.00873160682386 137.33034612238407 198.93860689990106 64.094499055092456 97.797992222738685 98.661838066123892 0.13230872692656592 143.17966910018004 218.46342858969001 0.94452993443701416 753.37151435436681 332.70220112288371 8517.2617986118421 419.58029637642903 151.79086491736234 365.50733490337734 144.91482313582674 98.835666928382125 8.1819900227710587 5675.0041124693817 104.42466517089633 492.22756724132341 239.40742451359984 0.34765941713703685 0.062342224351595976 0.80290972485090606 0.096013982692966238 0.066667862352915108 45.357942246977473 26.153161902911961 2.9957082616165271 11.731074595358221
leaf_count=14202 553530 624408 185746 156346 110014 1380583 29289 67707 198345 79275 10744 8069 2848 27 21013 3257 21598 62574 902 51516 75445 12578 41643 8434 324148 25535 16110 48940 227050 219 69718 60075 10336 5315 5621 18677 74 3606 4981 300 8294 58282 422458 10273 165554 9621 2611 9236 78 247506 41489 80844 23208 250 14 751 54 70 12020 1573 71 193
internal_value=-0.00030882 0.000464127 -0.00382545 -0.0153554 0.0063524 -0.041971 0.00060561 -0.0428411 0.00123623 0.0200499 0.0172837 0.0052218 -0.0644402 0.00370151 -0.0117574 -0.0104697 -0.00460612 0.0108913 0.0195463 0.00310353 0.0176549 0.0279318 0.011116 -0.00755966 -0.0685011 -0.0045212 -0.0202412 -0.024403 -0.0136997 -0.0683765 -0.00749763 0.0770868 0.046456 0.0572169 0.0223026 0.0745088 0.0909457 0.074826 0.122861 0.777263 0.00642687 -0.00430884 -0.00614966 -0.018863 -0.0265468 0.00998367 -0.00294552 0.12064 0.0196274 0.0231783 0.00519535 -0.0107627 -0.0563341 -0.0582886 0.480803 0.356213 1.07471 2.9727 0.0671801 -0.0436505 -0.0494939 -0.247531
internal_weight=65090.1 63928.3 36985 14608 26943.4 3329.73 18980.2 1161.78 18859.3 7963.16 7479.89 14432.4 1461.06 22376.9 4426.88 518.928 5279.88 9152.5 4334.9 4817.6 4267.63 2481.1 1300.52 4926.65 1417.21 1591.75 931.755 1868.67 1344.39 197.058 11278.3 143.133 1180.58 921.049 305.072 615.976 517.315 207.274 318.376 1.07684 1837.01 1147.33 10845.3 2183.13 1763.55 3538.35 8662.18 317.299 1158.45 5888.14 929.354 596.652 391.198 142.067 1.37559 1.31325 0.510341 0.162682 213.139 558.154 532.001 14.7268
internal_count=5635248 5010754 3884827 3200317 1125927 2350149 718698 624494 608684 407229 327954 558382 1707579 684510 50302 70964 46395 511987 388276 123711 387374 311929 241205 38326 1704731 54226 28691 642570 593630 227269 850168 60102 70724 58146 14542 43604 24927 8921 14591 374 16728 366361 780450 355381 345108 61137 425069 14217 41721 273728 180615 122333 188762 199484 1139 1125 374 124 26222 12581 11008 264
is_linear=0
shrinkage=0.1


Tree=63
num_leaves=63
num_cat=0
split_feature=1 6 23 0 18 22 21 22 16 0 21 16 8 18 18 10 9 17 17 11 4 18 0 16 27 2 1 22 2 21 16 17 4 27 18 16 17 23 9 4 22 17 27 11 16 4 16 27 0 16 17 22 18 16 17 14 11 14 14 17 16 11
split_gain=188.284 268.572 135.501 120.453 79.3091 121.031 96.9264 67.5884 60.02 74.9398 59.7263 57.3945 107.136 187.869 116.158 74.4759 71.9932 65.9632 65.2158 62.8645 62.2061 57.2477 55.9429 55.0605 56.9695 53.1388 52.6323 50.5492 129.174 65.396 93.066 66.3241 58.2852 53.9174 51.9736 78.5502 59.5129 56.3414 116.582 130.456 76.3609 75.6183 146.904 58.2521 52.2071 70.8966 50.4837 72.6949 49.3816 48.0894 48.0737 47.3371 46.3334 116.375 71.2291 58.9592 76.2994 70.4185 54.6251 57.897 46.3061 45.7731
threshold=11.500000000000002 38.924964904785163 0.4083333313465119 0.99999997019767772 0.22401433438062671 4.5000000000000009 10.500000000000002 10.500000000000002 63.665315628051765 0.4615634977817536 5.5000000000000009 98.441547393798842 98.07621002197267 0.98275861144065868 0.83666664361953746 98.07621002197267 98.629108428955092 98.421009063720717 95.093433380126967 1.0000000180025095e-35 1.0000000180025095e-35 0.98275861144065868 0.38690181076526647 99.760765075683608 1.0000000180025095e-35 0.43521088361740118 19.500000000000004 9.5000000000000018 0.69381573796272289 9.5000000000000018 95.845661163330092 96.67456436157228 1.0000000180025095e-35 1.0000000180025095e-35 0.74456521868705761 97.575668334960952 97.57275772094728 0.44949495792388922 58.434959411621101 1.0000000180025095e-35 6.5000000000000009 85.372985839843764 1.0000000180025095e-35 0.77500000596046459 90.86270904541017 1.0000000180025095e-35 97.067424774169936 1.0000000180025095e-35 0.56907349824905407 98.295398712158217 97.68778228759767 2.5000000000000004 0.58957219123840343 95.531894683837905 94.513019561767592 10.500000000000002 0.64583334326744091 11.500000000000002 4.5000000000000009 97.68778228759767 80.106952667236342 0.44949495792388922
decision_type=2 2 2 2 2 2 2 2 2 2 2 2 2 2 2 2 2 2 2 2 2 2 2 2 2 2 2 2 2 2 2 2 2 2 2 2 2 2 2 2 2 2 2 2 2 2 2 2 2 2 2 2 2 2 2 2 2 2 2 2 2 2
left_child=3 2 49 11 5 10 -7 -6 -4 -10 -3 17 15 14 23 16 18 27 19 21 -20 25 -23 -14 51 -13 -12 29 32 34 31 -31 -29 -34 35 37 -37 38 39 -1 52 42 60 44 -39 -46 47 -30 -19 -2 -36 -25 53 54 -40 58 -57 -58 -54 -60 -42 -18
right_child=1 4 8 -5 7 6 -8 -9 9 -11 26 12 13 -15 -16 -17 61 48 20 -21 -22 22 -24 24 -26 -27 -28 28 46 30 -32 -33 33 -35 50 36 -38 43 40 -41 41 -43 -44 -45 45 -47 -48 -49 -50 -51 -52 -53 55 -55 -56 56 57 -59 59 -61 -62 -63
leaf_value=-0.077677527927876133 -0.081099613220634498 -0.029722551724031043 -0.088706922644745084 0.080753723024535679 0.0057539440706632326 -0.074916003615375037 0.024202711133504463 -0.051379648610895071 0.012722335017716796 -0.071117911181556817 -0.0094536745607357916 0.052010509955560981 0.011988652473041896 0.084509578299406626 -0.010281922705101587 0.10121464623589949 -0.082850598990188595 0.071719320629829914 -0.027314823360365038 -0.0020320074563526117 0.00055838706846885518 0.17063963871587706 0.041151096391213955 -0.38197778980475144 0.092695999986027067 0.0038966765476484292 0.026426052793827176 -0.076684931950434257 0.016296614078415119 0.015677658359502321 -0.062440218294526041 0.1445067603430901 -0.013895017165909974 -0.069437349257505845 -0.010405184818489616 0.03935872099815943 -0.0533516061767828 -0.0089785443502754178 -0.0021758722058602322 0.0093106996630036073 -0.016597817746066272 -0.0030321606226834524 0.10460526501907862 0.037020367577866975 0.087704767073859852 0.011046027015854434 -0.017759079051891422 -0.030404629837840137 0.014335317340278295 -0.012671640118821582 -0.055820036494082674 0.034230440223090748 -0.0072723989319644633 0.080050353671643815 0.044633051046514022 -0.0028417704025243762 0.28543252606883707 0.055401962463987237 -0.035988532318497836 0.062377071142076551 0.02522559538535319 -0.37135653566721838
leaf_weight=422.09082830976695 874.19156739336904 859.21088282583514 99.316252130171051 193.28095575724728 4411.9370209154731 520.78284635036835 121.71560728712939 217.25239645913825 500.92000688635744 135.43791036706534 1266.5445559490181 283.00486724532675 555.09107306879014 445.57109711528756 1078.8614348249976 76.337669154861942 39.126417622901499 172.10839806051808 939.67700636340305 1607.3063158021541 5412.9192448752001 35.136567120905966 661.47434002766386 2.7520413110032669 246.63639329583384 1215.2201118958183 603.72219311146182 290.71330698646489 1905.3419902862515 3184.3623815507744 153.34622570269858 40.469484716217266 804.07011948956642 223.31667581899092 1799.456547689595 740.46345617272891 76.382052902830765 1334.6637511025474 14573.422345826984 291.44269846845418 335.98675246437779 1597.8994548167102 214.12341107660905 709.80364976706915 136.29420049145119 1050.5850406384561 1118.1837708147359 403.97841060796054 1165.4622795549221 116.37480460805818 267.7674190386897 387.36940656835213 5749.0785055307206 178.69550517015159 332.50449655239936 94.834006580407731 21.683655245229602 34.453500352799892 1130.3824943525251 63.181464422494173 1248.1918555853772 6.3985315337777129
leaf_count=687753 1757703 97451 118787 89303 254146 386137 26626 29706 94822 19826 148569 15281 12346 121911 39903 15697 491 4845 66866 30983 83625 1020 16839 48 36638 37066 34307 184233 28867 202342 4211 1367 10166 3727 48159 15500 993 87836 460361 16609 27423 15433 2251 61218 9450 19057 18083 14882 23329 19265 4358 28264 40443 1191 3548 3934 355 847 36648 1104 10923 176
internal_value=-0.00031707 -0.0131426 -0.0489158 0.00194918 -0.00542457 -0.0170899 -0.0561388 0.00307261 -0.0164057 -0.00512163 -0.00789801 0.00167153 0.00747767 0.0251402 0.0134904 0.00280917 0.00207271 -0.000130434 0.00263522 0.0129939 -0.00356462 0.0239975 0.0476824 0.0350091 0.0550772 0.0129851 0.0021283 -0.000851561 -0.0105492 0.000434614 0.013675 0.0172944 -0.0371538 -0.0259679 -0.000945744 9.97208e-05 0.0306895 -0.000746746 -0.00227845 -0.0421472 -0.0011661 0.0127976 0.0268632 0.0117141 0.00459048 0.0198491 -0.000318046 0.00812698 0.0217191 -0.0730605 -0.0162878 0.0312944 -0.00330438 -0.000170013 -0.00113171 -0.00996964 0.0518544 0.144254 -0.011314 -0.0307815 0.0163553 -0.1234
internal_weight=64778.3 9727.41 1726.24 55050.9 8001.17 3371.98 642.498 4629.19 735.674 636.358 2729.48 54857.6 12992.9 2716.28 2270.71 10276.6 10200.3 41864.7 10154.7 3802.14 6352.6 2194.84 696.611 1191.85 636.758 1498.22 1870.27 40527.2 4745.6 35781.6 3378.18 3224.83 1318.1 1027.39 32403.4 30336.2 816.846 29519.3 26288 713.534 25574.4 3396.2 1798.3 3231.35 2521.54 1186.88 3427.5 2309.32 1337.57 990.566 2067.22 390.121 22178.2 15084.6 14905.9 7093.61 150.971 56.1372 6942.64 1193.56 1584.18 45.5249
internal_count=5635248 2987345 2010403 2647903 976942 693090 412763 283852 233435 114648 280327 2558600 507154 239110 117199 268044 252347 2051446 251680 101189 150491 70206 17859 77296 64950 52347 182876 2023272 259958 1763314 207920 203709 198126 13893 1555394 1502877 16493 1486384 1308823 704362 604461 56030 40597 177561 116343 28507 61832 43749 28174 1776968 52517 28312 548431 465100 463909 83331 5136 1202 78195 37752 38346 667
is_linear=0
shrinkage=0.1


Tree=64
num_leaves=63
num_cat=0
split_feature=1 9 6 10 6 25 11 27 10 10 10 23 11 14 6 4 15 14 17 15 7 14 9 11 21 0 21 22 27 3 0 11 3 21 15 14 6 11 7 6 6 7 6 9 14 14 9 7 3 11 9 15 3 0 9 21 23 9 14 3 6 14
split_gain=165.936 124.875 205.641 165.979 158.006 125.798 136.763 203.984 88.6992 87.2646 84.8526 71.7588 69.4362 112.871 109.806 67.1467 66.9464 65.2772 65.186 128.399 80.9458 62.9599 83.9368 73.9188 91.2062 62.8001 62.6842 83.1867 95.2615 75.4848 68.3862 65.2945 61.7127 57.9074 56.6212 56.1986 59.0364 60.0665 125.307 122.173 84.2193 82.9282 77.1533 72.3111 82.0274 68.2973 62.0193 75.0903 55.8766 54.7195 53.7316 81.5622 50.0389 49.3503 49.0056 48.3909 96.9348 48.1732 57.9885 46.9768 46.9203 46.7407
threshold=28.500000000000004 42.740047454833991 22.378716468811039 23.90476226806641 27.639257431030277 1.0000000180025095e-35 0.84523808956146251 1.0000000180025095e-35 29.459980010986332 99.206348419189467 49.018096923828132 0.73214286565780651 0.18333333730697635 4.5000000000000009 57.321428298950202 1.0000000180025095e-35 74.519054412841811 9.5000000000000018 99.333301544189467 79.940830230712905 63.702239990234382 8.5000000000000018 81.53021621704103 0.10555555671453477 7.5000000000000009 0.72551110386848461 9.5000000000000018 10.500000000000002 1.0000000180025095e-35 5.5000000000000009 0.25541883707046514 0.27922078967094427 5.5000000000000009 5.5000000000000009 60.326326370239265 9.5000000000000018 40.270269393920906 0.44949495792388922 89.386734008789077 67.017543792724624 93.788581848144545 73.20508193969728 88.273490905761733 95.488464355468764 5.5000000000000009 1.0000000180025095e-35 88.067794799804702 82.807880401611342 5.5000000000000009 0.64583334326744091 81.53021621704103 99.783550262451186 1.5000000000000002 0.83491453528404247 91.734970092773452 8.5000000000000018 0.88194444775581371 86.72955703735353 1.0000000180025095e-35 4.5000000000000009 86.70682525634767 10.500000000000002
decision_type=2 2 2 2 2 2 2 2 2 2 2 2 2 2 2 2 2 2 2 2 2 2 2 2 2 2 2 2 2 2 2 2 2 2 2 2 2 2 2 2 2 2 2 2 2 2 2 2 2 2 2 2 2 2 2 2 2 2 2 2 2 2
left_child=1 2 48 -4 32 6 9 60 -6 12 -2 18 13 54 17 -10 -13 33 21 -20 -21 26 59 24 -24 61 52 29 -29 31 -31 -28 -5 -15 -12 36 -14 40 39 -39 41 -38 -43 46 -45 -42 47 -41 -1 -46 -37 53 -7 -52 -3 -9 -57 -44 -59 -23 -8 -25
right_child=10 5 3 4 8 11 7 55 15 -11 34 16 35 14 -16 -17 -18 -19 19 20 -22 22 23 25 -26 -27 27 28 -30 30 -32 -33 -34 -35 -36 50 37 38 -40 43 45 42 57 44 49 -47 -48 -49 -50 -51 51 -53 -54 -55 -56 56 -58 58 -60 -61 -62 -63
leaf_value=0.027879871748186232 -0.07367272755393961 -0.011879560402070805 -0.095037600136115563 0.033020111350238544 -0.081967427672561197 0.068236168323489207 0.088656693788289553 0.082493706853020432 -0.059917830415157795 0.10204525133216556 -0.041894092076314747 0.022154690521294866 0.077576199836937698 -0.014629557228414398 0.066259864643593708 -0.010670794153790608 -0.11804302426186471 0.0016562845662250096 -0.14435888518288195 0.0035325913737516059 0.077491631494865779 -0.016555252344317414 0.12800705880808763 -0.013297182530201679 -0.023661942058570674 -0.044799261245620448 0.068845567118695244 7.0072622882543859e-05 -0.071883884413204382 -0.024771972258464923 0.015842523559303556 0.022671977396133421 -0.018030809897057198 0.042650483142471954 0.01689820886207 -0.073519968844828906 -0.01285562143957731 0.054402553374845869 0.054572757095692176 -0.027715857565754592 0.012236235397053298 0.035275931378599655 -0.081881548809793397 0.060562303571205282 0.10236932083684425 -0.077475632081296542 -0.067959965267358022 0.062601295534068846 -0.0070365534983945991 -0.0078562926905081064 -0.010301759986201316 0.072604216022840673 -0.002026023677247967 -0.072390708273272625 0.092940192477086014 -0.11965474380454968 0.061728361184037364 -0.026013626143550406 0.048755216626658625 -0.056855626758654215 0.0044089470179925839 0.011328394206274288
leaf_weight=951.88834719950682 427.42129825724987 1395.257047609688 361.65109585848404 516.25161831651349 408.95143651423859 101.69115968246479 69.539357976289466 682.10551539238077 428.54379139933735 92.903837894555181 381.08989276431384 51.847056699130917 103.34158963090158 211.74556591952569 540.70411774580134 782.21910413802834 99.280959386727773 1370.3370086726791 39.196091326652095 280.77927989084856 312.88946124981157 613.90475758066168 90.442201590631157 1843.3262181633909 70.598460658162367 405.44389694510028 376.05064154404681 1803.1190021865768 204.90501743633649 588.92229707172373 1400.4173720455146 1650.1855830874119 437.43095170683227 1060.1142985573097 287.30580391938565 170.54711119373678 2477.5532797249907 389.69460726011312 565.23860645183595 487.96849480533274 122.35963651258498 898.74694479815662 84.553488997160457 244.66973132896237 46.986241039179731 276.89524967747275 275.63506866508396 113.45762569148792 883.9162178390834 1086.0652509349748 620.94937727210345 100.48350977618247 31083.524006515392 161.26063681393862 46.075437587685883 37.175719354301691 142.02773084153887 294.52815217105672 160.12223063968122 546.93724792540888 1339.1435368221719 1324.656943182752
leaf_count=151687 531714 59475 230616 113356 318273 1035 1623 221358 637737 19824 84689 1400 1688 11188 15455 16429 1235 57379 1483 11003 22754 126741 1407 100257 930 12501 24712 65480 4461 84693 49114 29315 207491 42538 8091 2804 33405 10464 31738 9804 1532 19085 1561 13913 1936 3177 7004 4378 312759 33631 16039 13707 1301687 2601 2220 1111 50439 5286 3512 331870 47736 102717
internal_value=-0.000293679 0.000373933 -0.0151833 -0.0316029 -0.0226881 0.00164145 0.00930994 0.0320079 -0.0417018 0.00546433 -0.0388749 -0.00116005 0.00478996 0.014688 0.0252013 -0.0281015 -0.0699458 0.016799 -0.000916811 0.0309385 0.0425122 -0.00139563 -0.0120567 -0.00475614 0.061517 -0.00774282 6.98244e-06 0.00934603 -0.00727233 0.0176562 0.00381905 0.0312414 0.0096043 0.0331142 -0.0166226 -0.000482512 0.00250727 0.00147627 0.0118354 0.00270058 -0.0062298 -0.00176853 0.0173343 -0.00623508 0.00805335 -0.0499816 -0.0286799 -0.0106777 0.0110681 -0.00328537 -0.0221352 -0.0122071 -0.00179691 -0.023102 -0.00852876 0.0703444 0.0241005 -0.012571 0.000319034 -0.035543 0.00856782 -0.00300027
internal_weight=64423 63327.2 4770.85 2935.05 2573.4 58556.3 15668.2 2269.99 1619.71 13398.2 1095.82 42888.1 13305.3 4624.23 3182.9 1210.76 151.128 2642.2 42737 632.865 593.669 42104.1 4895.31 3734.47 161.041 3573.43 37208.8 6023.6 2008.02 4015.58 1989.34 2026.24 953.683 1271.86 668.396 8681.06 7627.82 7524.47 3209.72 2644.48 4314.76 3915.5 1437.95 2254.78 1377.72 399.255 877.061 601.426 1835.8 1133.05 1053.24 882.694 31185.2 782.21 1441.33 861.309 179.203 539.204 454.65 1160.84 1408.68 3167.98
internal_count=5635248 5010754 1988348 1523902 1293286 3022406 747611 322267 972439 425344 624494 2274795 405520 188255 126560 654166 2635 111105 2272160 35240 33757 2236920 676423 217812 2337 215475 1560497 257775 69941 187834 133807 54027 320847 53726 92780 217265 182114 180426 112868 81130 67558 62849 29444 70666 49480 4709 21186 14182 464446 35567 35151 32347 1302722 18640 61695 272908 51550 10359 8798 458611 49359 202974
is_linear=0
shrinkage=0.1


Tree=65
num_leaves=63
num_cat=0
split_feature=1 9 27 0 3 1 3 11 16 0 7 9 0 6 9 9 11 9 11 16 6 11 7 27 14 7 8 9 7 14 14 6 9 14 2 25 9 8 14 14 7 11 6 8 6 16 24 27 7 0 16 0 7 9 6 8 9 27 6 23 0 7
split_gain=143.11 214.771 137.267 95.7305 67.0646 60.9912 53.436 75.903 50.6764 64.0924 50.4748 113.742 94.7582 61.2456 82.1828 69.6648 66.838 235.468 111.469 134.486 103.818 99.8735 93.8468 97.7218 85.2647 82.3642 66.2348 87.4224 75.4196 64.3638 103.323 63.7621 90.1816 63.0695 61.5861 60.1008 59.8024 59.3825 58.6477 56.4508 109.877 107.362 83.6059 169.644 103.883 83.8333 80.5892 124.824 79.7834 77.6431 70.1633 76.5674 62.5247 62.4182 55.7642 71.9945 76.1238 75.3819 55.5418 52.8552 50.8095 50.0441
threshold=11.500000000000002 48.834688186645515 1.0000000180025095e-35 0.99999997019767772 5.5000000000000009 34.500000000000007 47.500000000000007 0.77500000596046459 61.916847229003913 0.41374915838241583 19.139194488525394 35.948717117309577 0.69151422381401073 28.743545532226566 43.951219558715827 55.646631240844734 1.0000000180025095e-35 88.067794799804702 0.44949495792388922 99.760765075683608 93.788581848144545 0.34848485887050634 87.007671356201186 1.0000000180025095e-35 1.0000000180025095e-35 63.702239990234382 63.224515914916999 73.765182495117202 52.240802764892585 4.5000000000000009 9.5000000000000018 90.595520019531264 86.72955703735353 1.0000000180025095e-35 0.7921138107776643 1.0000000180025095e-35 63.733076095581062 84.889995574951186 2.5000000000000004 5.5000000000000009 86.526824951171889 0.84523808956146251 96.590469360351577 90.054946899414077 69.631092071533217 47.84466743469239 1.5000000000000002 1.0000000180025095e-35 84.660633087158217 0.76043426990509044 78.065486907958999 0.39505723118782049 94.804317474365249 91.945945739746108 68.208553314208999 92.40384674072267 89.725547790527358 1.0000000180025095e-35 80.178569793701186 0.84523808956146251 0.82171362638473522 74.322341918945327
decision_type=2 2 2 2 2 2 2 2 2 2 2 2 2 2 2 2 2 2 2 2 2 2 2 2 2 2 2 2 2 2 2 2 2 2 2 2 2 2 2 2 2 2 2 2 2 2 2 2 2 2 2 2 2 2 2 2 2 2 2 2 2 2
left_child=3 2 -2 6 5 -3 10 -8 -4 -10 12 -12 -1 15 -15 34 17 29 20 39 21 25 54 35 -19 26 27 -18 38 -16 36 61 -33 -22 -13 -24 -31 -23 -28 42 41 46 43 44 -20 52 49 -48 50 53 51 -46 -45 -41 -21 56 -56 -57 -55 -44 -58 -27
right_child=1 4 8 -5 -6 -7 7 -9 9 -11 11 13 -14 14 16 -17 18 24 19 22 33 37 23 -25 -26 31 28 -29 -30 30 -32 32 -34 -35 -36 -37 -38 -39 -40 40 -42 -43 59 45 48 -47 47 -49 -50 -51 -52 -53 -54 58 55 57 60 -59 -60 -61 -62 -63
leaf_value=0.047060790729014118 -0.071941593979189991 0.0044649255702766807 -0.090818078207113379 0.077256092060331016 -0.018164023883839048 -0.032497569338036714 -0.052111872114660174 -0.0043722771856236102 0.026108606976195232 -0.059910940273923699 -0.027139876299364443 0.053293726572517811 -0.011588849121131522 -0.025985776947740014 -0.0086098168999959711 -0.048882517480262878 -0.013047114828632512 -0.21755317339182245 0.037835872017362771 0.044564712979028989 0.0016586683138850049 -0.072059001204133916 0.0012369017687389736 0.073906225944881637 0.086449985072596533 0.00040296471745105995 0.02505568013061504 0.041092345754349918 -0.057444729100034057 0.012619839468574043 -0.0077941384776242413 -0.11617764191526124 -0.0062317263248735343 -0.067692506907790481 0.0035175012522087358 0.082551299534584968 0.048254015149352583 0.0039698453965547323 -0.035372996501643612 -0.047121019495999797 -0.045378752479104688 0.051195216930898672 0.0005512253654904462 -0.0054483357509122554 -0.025537306296720554 0.040710230079831933 -0.0038633281472080904 -0.083041470709680071 0.026191167548132572 -0.037277398110987535 -0.044169050554755507 0.072667382709318343 0.10631600733463645 0.015557920989181843 -0.012384441675618066 -0.0059591655871159945 -0.16213135173297782 0.060051225469642033 -0.0097509833117162825 0.053929284699441297 0.0033382003116408619 0.026734108136321291
leaf_weight=669.30220438120887 876.70648610385251 4910.2274551159644 63.64760368570569 167.23081234947313 2713.9635731590679 491.06676539985347 425.32763991723186 1534.9656508017215 343.18221762427129 115.86229886318324 1338.8994510657794 621.37224403931759 468.17160404910101 1037.5780655803392 1791.227550685755 114.3021983000508 1624.2933602323174 9.4135002875700575 411.89915944763925 337.7596661739517 183.134177592583 347.59128305708873 475.95872929482721 609.25336513121147 463.18089186993893 1402.736562968872 288.13640386550105 365.34642887490918 615.84989949964802 976.85232939201524 1193.7369153853215 85.644469974562526 578.70379450253677 461.81349782343023 414.29046229537926 112.35271615511738 909.40494820929598 145.83167570660589 362.871239200118 224.94633074020385 655.81455617101165 353.65846256687655 20101.018542194826 716.60766495624557 230.18333588639507 2190.4738848424167 521.78669372352306 321.9672423764132 319.42683417740045 509.86193113401532 923.43865899927914 121.19323057521251 53.813561076676706 2581.8557559969486 379.99389824084938 478.72401081467979 64.400472239591181 270.89210387261119 1305.5854797325155 187.23574557970278 26.06874590087682 1486.8894140539342
leaf_count=105387 1766989 389050 104217 89303 498871 122743 182295 92604 82932 22543 289310 146328 6280 311206 111449 7140 43368 208 11120 14668 1969 18285 18291 140258 29641 24944 5097 6440 17273 87998 87894 721 7742 4355 9758 22063 17730 7130 13142 9434 22565 5674 268566 24243 25868 30825 5930 6563 5216 11188 9878 2379 719 88172 9134 8080 1395 36983 49523 66689 721 26761
internal_value=-0.000261234 -0.0115784 -0.0477587 0.00171198 -0.00533947 0.00110442 0.00147977 -0.0147304 -0.0071969 0.00439737 0.0020857 0.00162376 0.0229212 0.00239451 0.00185716 0.0252052 0.0024618 0.0130016 0.00113454 0.00359516 -0.00954091 -0.00614489 0.0247868 0.0458357 0.0803946 -0.00299737 -0.0144858 -0.00310579 -0.0323586 0.00646324 0.0152293 0.00752949 -0.0204054 -0.0480001 0.033382 0.0167659 0.0297998 -0.0495886 -0.00862723 0.00175495 -0.00657486 -0.00220207 0.00389072 0.015519 -0.00693279 0.0307311 -0.00565695 -0.0340768 -0.0184995 -0.000469135 -0.0296975 0.00833446 0.00235835 0.00409443 0.0086058 -0.00134886 -0.0320117 0.0178953 0.007058 0.00104384 -0.114451 0.0139519
internal_weight=64084.9 9514.66 1399.4 54570.3 8115.26 5401.29 54403 1960.29 522.692 459.045 52442.7 51305.3 1137.47 49966.4 48816.4 1149.96 47778.8 5343.82 42435 34486.2 7948.84 7303.89 2755.4 1197.56 472.594 6810.47 3256.5 1989.64 1266.86 4871.22 3079.99 3553.97 664.348 644.948 1035.66 588.311 1886.26 493.423 651.008 31730.8 6475.48 5819.66 25255.3 4967.04 2006.14 2960.9 5466 843.754 1594.24 4622.25 1274.82 351.377 770.421 4112.39 1557.84 1220.08 470.463 749.616 3887.44 20288.3 90.4692 2889.63
internal_count=5635248 2987345 1976681 2647903 1010664 511793 2558600 274899 209692 105475 2283701 2172034 111667 1882724 1719498 163226 1408292 334920 1073372 896145 177227 170903 251593 180612 29849 145488 85320 49808 35512 305071 193622 60168 8463 6324 156086 40354 105728 25415 18239 644552 199049 176484 445503 110248 54461 55787 170810 12493 43341 158317 38125 28247 24962 147129 70981 56313 11250 45063 137695 335255 2116 51705
is_linear=0
shrinkage=0.1


Tree=66
num_leaves=63
num_cat=0
split_feature=26 1 3 1 8 16 26 18 1 11 11 18 10 23 11 11 17 18 18 15 0 18 0 11 11 21 10 14 18 8 17 17 6 16 0 10 0 6 6 4 3 0 10 6 10 10 10 11 10 27 24 0 17 25 3 0 0 23 6 1 15 3
split_gain=151.762 106.514 102.371 205.577 197.219 187.892 143.324 95.5555 78.6854 84.3378 73.6722 118.674 71.902 68.9109 68.6006 61.8737 61.6263 58.9588 57.4769 62.5426 56.9235 51.0999 50.9767 49.7836 70.5229 60.9322 57.3563 60.2782 48.6566 48.0226 46.7187 46.3349 62.9359 49.0518 52.0176 47.401 45.8216 45.68 45.4608 45.7819 78.6295 58.5838 43.907 41.7135 39.4798 37.7035 37.2849 38.2868 45.0435 41.0588 46.9874 37.1535 36.477 36.1552 36.0805 40.7992 35.2369 34.0912 33.9376 41.3111 33.824 37.5245
threshold=2.5000000000000004 29.500000000000004 3.5000000000000004 4.5000000000000009 45.773809432983406 83.654914855957045 1.0000000180025095e-35 1.0000000180025095e-35 1.5000000000000002 0.6904762089252473 0.84523808956146251 0.048809524625539787 49.018096923828132 0.38750000298023229 0.18333333730697635 0.93750000000000011 82.388591766357436 0.32738095521926885 0.57417583465576183 96.162029266357436 0.54977959394454967 0.28801843523979193 0.78429833054542553 1.0000000180025095e-35 0.31666667759418493 7.5000000000000009 91.010101318359389 4.5000000000000009 0.35388994216918951 26.158231735229496 82.621711730957045 97.45212554931642 49.65753364562989 60.479471206665046 0.15175948292016986 79.205974578857436 0.99999997019767772 59.491636276245124 99.295776367187514 1.0000000180025095e-35 1.5000000000000002 0.41689741611480718 84.028984069824233 23.629112243652347 71.834934234619155 62.115564346313484 98.07621002197267 0.44949495792388922 87.226108551025405 1.0000000180025095e-35 1.5000000000000002 0.58960780501365673 63.467296600341804 1.0000000180025095e-35 99.500000000000014 0.27771946787834173 0.6228548288345338 0.31666667759418493 81.53021621704103 4.5000000000000009 42.891986846923835 2.5000000000000004
decision_type=2 2 2 2 2 2 2 2 2 2 2 2 2 2 2 2 2 2 2 2 2 2 2 2 2 2 2 2 2 2 2 2 2 2 2 2 2 2 2 2 2 2 2 2 2 2 2 2 2 2 2 2 2 2 2 2 2 2 2 2 2 2
left_child=1 2 6 36 5 -5 10 -8 15 18 13 20 -3 28 16 57 -7 -11 19 -10 38 -14 31 26 25 -25 27 -6 -1 -18 -30 32 33 -15 -35 -33 -4 -38 -12 -40 -41 -42 -34 -20 -29 -31 47 49 -49 -45 -51 -17 -36 -24 55 -26 -57 -9 -19 -60 -54 -62
right_child=-2 12 3 4 23 14 7 8 9 17 11 -13 21 22 -16 51 29 58 43 -21 -22 -23 53 24 54 -27 -28 44 30 45 -32 35 42 34 52 -37 37 -39 39 40 41 -43 -44 46 -46 -47 -48 48 -50 50 -52 -53 60 -55 -56 56 -58 -59 59 -61 61 -63
leaf_value=0.017534808889729598 -0.059922763119284628 -0.06977449423556463 0.0029092516753799771 -0.081888298780232918 -0.018999150170552166 0.0075929725389919933 -0.09705122344612839 -0.037498839893399569 0.021037186443464334 0.027198177960957942 0.087056845359057861 0.07617768868478364 -0.045075176535970575 -0.073023077506766898 0.16503097624320526 -0.023986345825220592 -0.011353055076948631 0.017233222406800402 0.065734307074451381 0.19114354769187958 0.046256406674538883 0.014363056692505597 0.035680207055972434 -0.073166932345593919 -0.016923864456136136 -0.005927204057689036 0.11188485455746021 0.025145410081876471 0.091866008129481327 -0.051165427208582165 0.032205236856838036 -0.031246592105428413 -0.012705447653197276 0.1828913760901528 0.11068021263382369 0.012651091603214384 -0.19889463726212248 0.084660408478836324 0.014484859947970797 0.050000805146362994 -0.19503272559647003 -0.053176141739058429 0.019092241191114329 -6.4445546409097937e-05 0.12539373928081285 0.097349430383629115 0.10148805527176406 0.003702665323689288 0.036897291105692114 -0.0069135610032452907 -0.076921721546869701 0.0077878439986435863 -0.043641052164957859 -0.076259543109707909 -0.039703164033329096 0.00040184947128074199 -0.024231220439438927 -0.011885320632922122 -0.0034960086476677 -0.022924296288199506 0.12547884056744713 0.024687858909743232
leaf_weight=963.05160307011101 423.18118339704233 343.46984414654435 21937.622320417518 684.84590071561979 388.71000823314535 493.29303851595614 99.603599653069978 906.63362973128096 3071.8446538410353 552.2680930524366 43.46900901128538 509.70808234717697 261.03919471602421 47.492713259212906 19.600067090446828 466.43693681282457 594.89668121541035 522.71432017488405 109.82568040583283 21.767140173818916 309.28542069601826 324.37187932399684 708.16603547078557 304.54546537189162 2335.7835945857805 241.75378564599669 58.670642756856978 385.40492630828521 210.18666342404322 855.29739255113236 349.51169974307413 681.15339280402986 1330.6737361419946 22.02037367754383 50.6612417838478 385.02484769676812 6.0215788546483955 100.5520798121579 189.15297041891608 53.175098234787583 40.065664207562804 106.48989856988192 644.61825855961069 2288.2382950964384 43.743245082441717 17.44251154223457 38.438319885637611 1466.9698865795508 566.70478363242 240.7871468643425 159.29365277013858 1743.7994607782457 69.471385527955135 30.079336369410157 317.04868351356708 6672.7446766869398 636.06605154537829 1217.3963701117609 3531.5313988667913 1585.9551807451062 38.3745693739329 986.60640246974071
leaf_count=35960 246064 467512 617589 1446928 33529 188428 103457 15700 325751 13297 302 139200 71365 30695 509 2979 161218 7559 14347 192 2254 7528 38213 57045 372854 15913 3158 24238 9137 369684 12949 13781 35743 2041 4120 15268 44 60058 2200 645 320 776 30488 82049 869 309 1636 21004 5004 5359 2294 18187 2145 384 57458 333721 9714 12903 34669 12652 471 33382
internal_value=-0.000236593 0.000161915 0.000661866 -0.00279799 -0.0122512 -0.0367371 0.00539959 0.000632839 0.00115904 0.00476859 0.0168066 0.0390307 -0.0334519 0.0125394 -0.0211243 -0.0106303 -0.022985 -0.00398459 0.0115748 0.0222341 0.0135005 -0.0121409 0.00686144 -0.0065185 -0.0084284 -0.0434113 0.0163777 0.00952627 0.0311621 -0.0332627 0.05461 0.00265378 0.00868595 0.0265983 0.0306521 -0.015394 0.00322703 0.0686391 -0.0099315 -0.0207728 -0.0541631 -0.0919572 -0.00232857 0.00480398 0.0353638 -0.0481972 0.00339828 0.00259981 0.0129527 -0.00523201 -0.0347876 0.00108238 0.0277246 0.0311193 -0.00650992 -0.00541876 -0.0017419 -0.0228183 -0.00703789 -0.00951701 0.0238846 0.0284614
internal_weight=63804.8 63381.6 62452.7 36094 14049.8 2665.38 26358.6 18590.2 18490.6 14156.3 7768.44 1251.35 928.881 6517.09 1980.53 4334.27 1960.93 6192.47 7963.87 3093.61 741.638 585.411 4994.34 11384.5 10507.9 546.299 876.529 817.858 1522.75 1467.64 559.698 4256.1 3189.92 1214.63 1167.13 1066.18 22044.2 106.574 432.353 388.884 199.731 146.556 1975.29 4870.26 429.148 872.74 4760.43 4721.99 2033.67 2688.32 400.081 2210.24 1145.11 738.245 9961.64 9644.59 7308.81 2124.03 5640.2 5117.49 1094.45 1024.98
internal_count=5635248 5389184 4842779 3753266 3075575 2167076 1089513 679039 575582 525813 410474 145697 546405 264777 720148 49769 719639 68177 457636 325943 6497 78893 206731 908499 846705 72958 61794 58636 58046 531211 22086 168134 139085 72854 42159 29049 677691 60102 4243 3941 1741 1096 66231 131693 25107 369993 117346 115710 26008 89702 7653 21166 40118 38597 773747 716289 343435 28603 54880 47321 35998 33853
is_linear=0
shrinkage=0.1


Tree=67
num_leaves=63
num_cat=0
split_feature=26 1 26 18 3 0 17 8 6 4 16 0 8 18 16 2 15 3 8 18 11 23 17 18 23 0 3 11 0 2 1 2 0 2 0 2 0 0 1 3 1 2 2 21 17 2 0 18 1 0 2 8 16 21 15 10 0 18 1 8 0 6
split_gain=129.354 89.7687 85.5682 309 135.598 109.178 131.711 101.163 95.9822 236.655 114.929 84.8287 74.4922 170.631 137.946 134.506 115.651 83.4386 68.4681 66.1989 173.232 126.595 65.915 100.438 63.4306 56.1401 55.516 60.6139 54.8216 84.9176 128.678 172.04 123.978 128.719 94.0761 137.671 83.0562 80.0905 79.3643 69.8763 61.5374 60.5341 59.4555 58.6363 77.8591 59.3423 53.3404 51.732 51.6665 51.2229 53.648 67.7645 50.8196 50.3256 64.7716 50.1521 49.3146 65.1565 51.2272 49.1804 48.9278 46.3823
threshold=2.5000000000000004 28.500000000000004 1.0000000180025095e-35 1.0000000180025095e-35 7.5000000000000009 0.86401242017745983 93.88999176025392 37.884435653686531 38.924964904785163 1.0000000180025095e-35 98.092205047607436 0.95763123035430919 94.201679229736342 0.35857143998146063 91.385021209716811 0.6850685477256776 1.0000000180025095e-35 17.500000000000004 42.462121963500984 0.22902098298072818 0.84523808956146251 0.4083333313465119 99.80237197875978 0.90238094329833995 -1.0000000180025095e-35 0.53297358751297008 47.500000000000007 0.77500000596046459 0.84885936975479137 0.81346824765205394 1.0000000180025095e-35 0.99996608495712291 0.67998474836349498 0.69381573796272289 0.53297358751297008 0.53044369816780101 0.37240479886531835 0.78429833054542553 1.5000000000000002 11.500000000000002 1.5000000000000002 0.86158844828605663 0.92946019768714916 8.5000000000000018 65.129570007324233 0.38219055533409124 0.18876101821660998 0.29520697891712194 2.5000000000000004 0.54977959394454967 0.22277459502220157 73.746868133544936 57.790622711181648 6.5000000000000009 96.92779922485353 52.419982910156257 0.72551110386848461 0.98275861144065868 3.5000000000000004 24.068965911865238 0.27295754849910742 50.31645584106446
decision_type=2 2 2 2 2 2 2 2 2 2 2 2 2 2 2 2 2 2 2 2 2 2 2 2 2 2 2 2 2 2 2 2 2 2 2 2 2 2 2 2 2 2 2 2 2 2 2 2 2 2 2 2 2 2 2 2 2 2 2 2 2 2
left_child=1 2 4 -4 5 6 19 -7 9 10 -5 22 14 15 17 16 26 -6 -3 49 21 -21 23 28 53 -12 -14 -28 29 32 -31 37 33 34 35 36 39 38 -32 43 -35 -39 -30 45 -45 -10 55 -20 -37 50 51 52 -1 -24 -55 -23 57 -16 61 -11 -59 -58
right_child=-2 18 3 8 12 7 -8 -9 11 59 25 -13 13 -15 56 -17 -18 -19 47 20 -22 46 24 -25 -26 -27 27 -29 42 30 31 -33 -34 40 -36 48 -38 41 -40 -41 -42 -43 -44 44 -46 -47 -48 -49 -50 -51 -52 -53 -54 54 -56 -57 58 60 -60 -61 -62 -63
leaf_value=-0.055154185770458664 -0.056615101202384721 -0.070848081935424606 -0.099309507397032037 -0.07195566739428344 -0.018671289592804566 -0.0055009171813023066 -0.0054247077407018132 0.063086196914363069 -0.009354811904166576 0.04470698126303263 0.12990772007529003 -0.10631456506557913 0.013596279221754532 0.067788243075870544 -0.0045904992740980468 -0.025250778003229609 -0.067418634520573409 -0.07418874999730625 -0.043849405845430275 0.053932796209694295 0.081561216413057885 0.11058054280125484 -0.065107297955434726 -0.053810728590029458 0.038306871776548783 -0.036086655793028145 -0.06323203134256937 -0.0010675464914529152 -0.054543307168157841 -0.0092324725638445407 0.0069999560967438776 0.11791170177582036 -0.023171974575120494 -0.0089526573370419249 -0.017340763293136354 -0.0026067273676414916 -0.017290261726751563 -0.037237846452218094 0.036336668479094975 -0.046473489809669193 0.026665477123153414 0.0092805999560422927 -0.0069332414924660251 0.061059654936433463 0.0071930259772747729 0.017854688332932141 0.0076581533219361609 0.01144966762962712 0.027345082457966581 0.023808730036137753 -0.0043553942654298598 0.066942851806712583 0.066860617768411235 0.046291836116365649 -0.04243453091977277 0.0048662767006069788 -0.022016163325868362 0.6014643277648174 -0.062567457485847508 -0.0043752795671474888 0.038024752702798918 0.032566919447360301
leaf_weight=108.56142747831473 404.13010679738363 288.42801274106023 328.30216636882687 820.05690717001562 572.65779732426745 307.34961650770856 4544.0121742934425 716.08536624861881 2640.2246834082325 293.97519334603567 43.588490013265982 75.624079847708344 4703.6127205707598 376.6925323944306 1109.9026487937954 1800.9029520783224 210.45983224967495 513.42159707527026 301.23195920961734 786.78121716735768 457.56935438362416 99.981164790093317 115.45270968810655 358.81360849877819 832.49700088403188 38.256729627377354 173.82884756755084 1605.9490101491101 372.40981471026316 2493.508093737677 1751.7979527761636 168.3004869207507 2651.0904753506475 613.80281561193988 3802.2827700306952 783.1732162568951 3566.7457586313103 430.6940757157281 1947.1243057248357 276.99966165157093 2312.6399739439221 798.11266454536235 887.1163053996861 388.21210200060159 868.93310547330475 1150.9475697908929 3899.7519187818398 385.87584183167201 2176.3182484229474 1249.9318673161615 3052.5019271438068 248.07544782228069 49.791768687093281 207.978181514889 136.13150556012988 81.424260181840509 605.46580746432301 1.5463103197980661 217.8855595572968 668.09701959963422 466.86831884714775 209.56624265480787
leaf_count=55536 246064 456689 398208 1733688 188446 3610 185136 169419 153307 8949 5981 753 98330 67960 78872 24402 32013 367680 95027 71548 91887 12282 772 2980 13748 5171 41176 111417 3757 26763 18825 1905 31571 6450 46859 8648 77731 4613 21742 83045 28901 8055 9523 31671 36091 37040 170039 20504 45018 8257 91736 8958 8826 1355 1109 1317 9339 75 8114 28254 21427 6679
internal_value=-0.000219549 0.000141383 0.000613689 -0.0027633 0.0046894 0.0109165 0.00870009 0.0424887 -0.00182195 -0.023877 -0.0606782 -0.000529457 -0.00304044 0.00192955 -0.0149656 -0.000990901 0.00553594 -0.044916 -0.0299582 0.0150964 0.022734 0.0172045 -0.000277344 -0.00121636 0.0218446 0.0523173 0.00790414 -0.00713908 -0.000588988 0.000303462 0.00938222 0.0184905 -0.0029419 -5.54173e-05 -0.00365419 0.000736809 -0.00548104 0.0150949 0.0224429 0.00242844 0.0191948 -0.00702401 -0.0210103 0.00511168 0.0238273 -0.00109438 0.0101239 -0.0127938 0.0194189 0.00645863 0.000188937 0.0343194 -0.0167885 -0.00797672 0.0111912 0.0631304 -0.00250841 0.00860891 -0.0194959 0.0106225 0.0398848 -0.00798141
internal_weight=63549.5 63145.3 62169.8 33999.2 28170.6 15601.8 14578.4 1023.43 33670.9 1863.97 901.902 31806.9 12568.8 8871.45 3697.31 8494.75 6693.85 1086.08 975.536 10034.4 5325.51 4867.94 31731.3 30439.2 1292.06 81.8452 6483.39 1779.78 30080.4 28820.9 7589.54 5096.03 21231.4 18580.3 15653.8 11851.6 8892.06 4927.73 3698.92 5325.32 2926.44 1228.81 1259.53 5048.32 1257.15 3791.17 4081.16 687.108 2959.49 4708.86 3458.93 406.429 158.353 459.562 344.11 181.405 2611.23 1578.32 1032.92 962.072 468.415 815.032
internal_count=5635248 5389184 4816964 2882483 1934481 878551 705522 173029 2484275 1782043 1744840 702232 1055930 375298 680632 307338 282936 556126 572220 520386 347073 255186 701479 684495 16984 11152 250923 152593 681515 668235 81903 55140 586332 554761 519410 472551 418885 53235 40567 341154 35351 12668 13280 258109 67762 190347 183638 115531 53666 173313 165056 73320 64362 3236 2464 13599 124506 100374 24132 37203 21502 16018
is_linear=0
shrinkage=0.1


Tree=68
num_leaves=63
num_cat=0
split_feature=26 9 16 6 10 6 10 6 25 11 27 10 10 9 10 6 14 9 24 11 16 21 9 27 21 18 16 26 18 15 21 26 16 14 9 22 16 18 21 22 11 10 26 18 18 15 18 9 16 18 15 26 18 18 18 15 6 14 14 11 6 0
split_gain=109.937 90.2447 176.595 114.974 167.624 92.5167 109.617 91.8338 82.3848 89.418 148.474 81.7189 72.8234 62.0419 61.0672 176.099 58.9094 70.8121 73.0327 79.0907 68.9864 56.3814 52.7427 52.0332 51.1698 68.5428 62.2658 74.3275 62.9774 52.7381 50.5487 67.8019 52.6927 49.988 49.3685 48.8027 50.4933 131.726 63.9908 111.399 116.911 113.753 79.4229 230.832 145.069 97.0096 56.893 53.0229 48.7634 79.9853 101.551 140.498 68.049 54.194 48.5963 76.64 48.4301 48.7311 64.1154 88.1542 56.8658 53.0258
threshold=2.5000000000000004 42.740047454833991 79.324596405029311 21.132376670837406 21.680376052856449 25.176055908203129 27.072835922241214 30.0684928894043 1.0000000180025095e-35 0.84523808956146251 1.0000000180025095e-35 31.851119995117191 99.206348419189467 42.967033386230476 16.53005409240723 15.535444736480715 8.5000000000000018 82.807880401611342 1.5000000000000002 0.10555555671453477 81.270160675048842 7.5000000000000009 43.951219558715827 1.0000000180025095e-35 12.500000000000002 0.85357144474983226 98.441547393798842 1.5000000000000002 0.77097901701927196 39.357170104980476 8.5000000000000018 1.0000000180025095e-35 60.894552230834968 8.5000000000000018 31.662488937377933 12.500000000000002 95.531894683837905 0.43874999880790716 6.5000000000000009 6.5000000000000009 0.31666667759418493 91.734970092773452 1.0000000180025095e-35 0.32738095521926885 0.11882352828979494 1.0000000180025095e-35 0.19139194488525393 56.070175170898445 92.120048522949233 0.65942031145095836 91.239036560058608 1.5000000000000002 0.58957219123840343 0.58957219123840343 0.56385868787765514 94.349296569824233 96.590469360351577 9.5000000000000018 6.5000000000000009 0.27922078967094427 38.327016830444343 0.88044953346252453
decision_type=2 2 2 2 2 2 2 2 2 2 2 2 2 2 2 2 2 2 2 2 2 2 2 2 2 2 2 2 2 2 2 2 2 2 2 2 2 2 2 2 2 2 2 2 2 2 2 2 2 2 2 2 2 2 2 2 2 2 2 2 2 2
left_child=1 2 -1 14 -5 33 -7 -8 9 12 -11 -9 13 -3 15 34 24 20 19 21 -18 -19 -15 -20 26 -26 28 29 35 -28 32 -32 -12 -6 -4 36 38 -38 39 40 41 -10 43 45 -44 -42 -41 -46 49 53 51 -51 54 -49 -50 -56 57 58 60 -60 -24 -59
right_child=-2 8 3 4 5 6 7 11 16 10 30 -13 -14 22 -16 -17 17 18 23 -21 -22 -23 56 -25 25 -27 27 -29 -30 -31 31 -33 -34 -35 -36 -37 37 -39 -40 46 42 -43 44 -45 47 -47 -48 48 52 50 -52 -53 -54 -55 55 -57 -58 61 59 -61 -62 -63
leaf_value=-0.068173551267468754 -0.053350904154547511 0.055119410852484452 0.033689110938833158 -0.10206814530625603 -0.0022459370625316898 -0.078209619757172846 0.016442212757856244 -0.081885174818479678 -0.063758203189284587 0.0074346249388894965 -0.059897197912928891 -0.013800719415296132 0.10186498536950313 -0.077756720600490881 0.034842484148768255 -0.11765683382529879 -0.073178289482561554 0.11877679357388418 -0.015458335321591146 -0.0030251989240670171 -0.018669594001251646 -0.017219051294752954 0.045147786506501635 -0.096620055369144225 0.022614538413201751 -0.025191239891144926 -0.085585826203816662 0.12782033131928749 -0.026441967963705872 0.01728966820723047 0.051995191091806447 -0.096783400147199189 0.083963648039888358 0.051605403680874844 -0.046042415083301876 -0.074768704377702111 0.13916053198943309 0.0064401584536829346 0.0042199510390204514 -0.08874915614799303 -0.0017297660670296479 0.11927423589826423 -0.095824184049934272 0.075940749232430604 0.28496817707726269 -0.079565601008515549 0.024037071117143774 -0.0071536885478495687 -0.019198843961915492 0.081800468740046622 -0.048363992063166883 -0.055441886563659962 -0.028818465656309713 -0.067835617977089452 0.015992822597480829 0.22529906438477132 -0.052625179964190208 -0.0046806132313643436 0.039971030817700474 0.0021505448732651957 0.0010082707008556911 -0.063386612685855201
leaf_weight=520.06909814939718 386.89168808574323 231.95365265698638 411.24778075802897 220.03539213250042 431.05010753462557 301.19965924505959 643.46203846164281 248.3728004564764 544.52866633073427 1395.7816916255397 26.720133662922308 607.42899040624616 76.24798076483421 80.48729651136091 804.32582557242131 116.61091495006985 301.47555094723066 92.942609554564115 187.97203523735516 3286.0167639187712 1010.1866296411026 45.364222579926718 303.50298928168195 136.24505484686233 1876.3190765540348 356.97760641755303 51.44581982283853 59.520254026865587 988.59667331867968 1587.7064357741037 118.31641142757144 41.331285654101521 540.04777380102314 287.23978957557119 95.737250056365156 89.011217392471735 75.877844728442142 5178.635707270907 9624.9188935637212 46.178176519286353 7299.888757782639 36.213477251760196 209.68625954329036 385.26148467737949 6.0273103834770145 163.71480623513344 1420.8439073442569 3239.0021000292036 561.19978364743292 353.29386707302183 127.39279328752309 94.555915434379131 2594.9288005186245 154.18024925841019 493.54543151333928 18.136953314766288 152.23649580014171 2240.9481565378956 1239.4955771017994 1225.7629210882587 7617.7252812688675 165.20111739449203
leaf_count=1256383 246064 15896 39488 78362 68284 135818 139387 117742 287840 49317 567 191803 19892 13944 93388 23116 346119 1745 3589 217308 185447 668 20736 2575 82010 3128 1947 602 10687 70086 50462 1125 221037 40058 12814 16355 776 56224 473079 50098 216082 751 241982 12832 219 38821 33653 30697 3690 2379 1066 824 24979 1064 3078 96 4281 88080 40140 36090 201863 6615
internal_value=-0.000208165 0.000119021 -0.0132298 -0.00637196 -0.0183663 -0.0110542 -0.0231595 -0.0121 0.00119484 0.00745079 0.0265163 -0.0335603 0.00441629 0.00385583 0.0166334 -0.00685295 -0.00106969 -0.0111999 -0.00420225 9.27021e-05 -0.031198 0.0741706 0.00294293 -0.0495648 0.00029227 0.0149731 -0.000633795 0.0180469 -0.00157525 0.0140609 0.0631809 0.0134778 0.0771814 0.0192889 0.0186329 -0.000823864 -0.000622138 0.00835671 -0.00234568 -0.00590618 -0.00828428 -0.0523448 -0.00665456 0.000459159 -0.0137655 -0.0034371 0.0204868 -0.011514 -0.011748 -0.00406552 0.030415 0.0528241 -0.0200601 -0.00991097 0.00112318 0.0234118 0.0034447 0.00411195 0.00708259 0.0211661 0.00269948 -0.00871124
internal_weight=63227.2 62840.3 4686.78 4166.71 2738.79 2518.75 1800.46 1499.26 58153.5 15455.8 2122.2 855.802 13333.6 13257.3 1427.92 623.596 42697.8 5060.2 3748.54 3424.32 1311.66 138.307 13025.4 324.217 37637.6 2233.3 35404.3 1698.67 33705.6 1639.15 726.416 159.648 566.768 718.29 506.985 32717 32628 5254.51 27373.5 17748.6 16281.6 580.742 15700.8 7848.87 7851.95 7463.6 1467.02 7642.26 7636.24 3968.42 575.243 447.85 3667.81 3393.18 1072.88 511.682 12944.9 12792.6 10386.5 2465.26 7921.23 2406.15
internal_count=5635248 5389184 2196643 940260 771454 693092 584750 448932 3192541 770045 322508 309545 447537 427645 168806 75418 2422496 757451 225885 219721 531566 2413 411749 6164 1665045 85138 1579907 72635 1507272 72033 273191 51587 221604 108342 52302 1496585 1480230 57000 1423230 950151 866400 288591 577809 267735 310074 254903 83751 68092 67873 36030 4269 3203 31843 31761 6864 3174 397805 393524 298829 76230 222599 94695
is_linear=0
shrinkage=0.1


Tree=69
num_leaves=63
num_cat=0
split_feature=26 9 16 8 11 0 9 9 14 11 9 21 16 14 11 11 6 16 10 8 6 8 10 26 8 9 9 11 21 22 9 9 15 9 8 5 22 15 14 24 14 6 6 9 8 10 3 1 17 8 8 10 11 24 6 3 18 9 8 6 18 15
split_gain=93.1778 75.0903 158.355 118.018 84.0808 67.3307 65.7166 87.3403 74.5296 67.2617 227.837 129.836 115.98 103.949 88.9124 112.884 110.718 107.041 99.0546 156.675 102.264 90.5974 82.7984 81.6678 146.023 95.243 81.6609 100.174 308.949 107.968 93.7736 83.9683 80.7446 76.8019 69.3913 68.3067 116.94 88.174 65.8397 65.0442 60.7255 95.882 83.4194 77.7288 71.7258 147.854 121.34 68.4543 78.771 58.9538 58.762 58.7587 58.0631 58.1184 57.6936 56.6426 68.0252 55.9883 60.0588 70.7413 55.9473 79.6734
threshold=2.5000000000000004 42.740047454833991 74.203693389892592 28.718704223632816 0.2264957278966904 0.99999997019767772 42.967033386230476 43.951219558715827 18.500000000000004 1.0000000180025095e-35 88.067794799804702 6.5000000000000009 81.270160675048842 2.5000000000000004 0.44949495792388922 0.34848485887050634 93.788581848144545 99.760765075683608 73.375530242919936 75.181159973144545 90.595520019531264 88.047618865966811 48.074073791503913 1.0000000180025095e-35 90.645832061767592 86.425064086914077 85.053192138671889 0.31666667759418493 7.5000000000000009 7.5000000000000009 57.359306335449226 76.533164978027358 98.048732757568374 86.72955703735353 89.512962341308608 1.0000000180025095e-35 8.5000000000000018 73.980522155761733 1.0000000180025095e-35 1.0000000180025095e-35 5.5000000000000009 84.561214447021499 69.631092071533217 84.680576324462905 88.047618865966811 96.051948547363295 15.500000000000002 2.5000000000000004 84.870288848876967 58.397436141967781 68.614070892333999 64.051280975341811 0.84523808956146251 2.5000000000000004 32.305501937866218 5.5000000000000009 0.61721614003181469 65.419578552246108 61.633426666259773 37.248718261718757 0.86811593174934398 96.162029266357436
decision_type=2 2 2 2 2 2 2 2 2 2 2 2 2 2 2 2 2 2 2 2 2 2 2 2 2 2 2 2 2 2 2 2 2 2 2 2 2 2 2 2 2 2 2 2 2 2 2 2 2 2 2 2 2 2 2 2 2 2 2 2 2 2
left_child=1 2 -1 55 -5 6 54 -8 9 10 11 12 -9 -13 15 16 18 22 19 26 -20 -21 -16 24 25 -19 27 28 -11 30 -29 49 39 -22 -17 36 37 -15 -12 -25 42 43 -24 -42 -44 46 -46 -47 -49 -30 -33 -40 53 -45 -3 -4 -57 58 59 -14 61 -41
right_child=-2 5 3 4 -6 -7 7 8 -10 14 38 13 57 35 17 34 -18 23 20 21 33 -23 40 32 -26 -27 -28 29 31 -31 -32 50 -34 -35 -36 -37 -38 -39 51 60 41 -43 44 52 45 47 -48 48 -50 -51 -52 -53 -54 -55 -56 56 -58 -59 -60 -61 -62 -63
leaf_value=-0.076828725245420448 -0.050144337669949628 0.079300343546669164 0.01628872342789716 -0.03592525156715811 0.1949677068902087 0.074505473011842585 -0.079357638246248821 -0.068149753627093634 -0.033767577396964371 -0.075899783061708068 -0.14515467670547819 -0.015570805966277088 0.0091786613429842828 0.090954772293100117 0.091727084149467106 -0.061736098016328761 -0.042823102279025187 0.028710239411396523 0.025405892691907551 -0.082000574990777897 -0.099102065611464521 0.033433551414887977 0.033437046052333545 -0.02393194060264443 0.061552255279261184 -0.053310852704864992 0.042586445453289372 0.11291189173254641 0.020552962104271391 -0.019445682442620144 0.012655605399792248 0.093684963390993539 -0.12120646005305953 -0.0053366865471198913 0.035893642453767464 0.0067198766229160092 0.013992808586472045 0.025998653962499032 -0.0080305012005644858 0.05899763987280976 -0.059113390874474585 -0.033203775944007086 -0.018703141189192321 -0.00044743155363557963 0.026763403141745759 0.0061489726297981589 -0.034911555869893113 -0.00043498902997336319 -0.017982138923032156 -0.0419085347497982 -0.016008060433537693 0.093385844523039205 0.0401116318220264 -0.046344175929522058 -0.0092783525384507719 -0.063653883359353652 -0.0017959952786171587 0.018425468288580295 0.14433639298805873 -0.04314912977375962 -0.0033150925187925826 -0.35715970734679264
leaf_weight=350.12924150112667 371.30373475544911 198.3110943800275 1645.578352607743 1218.1824537938519 15.978456178549093 124.60810254362877 136.056407276963 344.64940264810866 614.94519838489941 740.81834197114222 13.313593484228475 875.92484071871149 434.89508019562345 486.82733017265855 99.526612972287694 561.16903843986802 740.27841453027213 383.29053029417992 1951.5574091418239 421.7728059705405 99.657703065284295 81.056840662145987 842.02832408118411 422.57467191107571 921.96755976590794 224.49286945769563 338.45093016957981 98.743503600650001 339.26523338038533 1328.1461492169765 1690.7320835634309 171.87694193504285 51.396784717217088 707.60439857441816 83.654180379176978 1476.7412822436454 1126.8627691418078 366.15603548839863 65.705969347327482 350.71640271204524 234.47238973155618 1229.5554209495021 1655.6441043929954 5343.0502088627545 3443.4288563958544 9838.0292655975209 351.56456599594094 10333.406166221626 3400.0912311676657 272.46150044817477 68.219048643310089 437.65061790600885 333.72628850952606 290.92089805239812 116.86112739024975 209.50802458233375 1173.8627809193858 655.5846591872978 22.181425246177241 636.41025854190229 337.42547369981185 4.6615774631500235
leaf_count=971909 246064 55008 246718 563652 141 89292 101376 301432 128642 83851 239 81431 78798 64012 6310 57549 7021 11707 38387 21490 818 9561 33329 3130 213194 7014 7062 6366 11922 19203 79910 3085 486 9054 6101 160050 73288 22684 1474 14127 11011 59975 93307 277118 79120 134720 33721 437490 38129 9795 1968 31026 8521 3872 59253 310771 103452 14052 277 85905 4802 76
internal_value=-0.000197736 9.88269e-05 -0.0121797 -0.00687013 -0.0329359 0.00107678 0.000918467 0.000668779 0.000858648 0.00123399 0.0104547 0.00531819 -0.0151288 0.0151994 -5.18502e-05 -0.00864526 -0.00576513 0.0020263 -0.00246404 -0.0101603 0.0130231 -0.0633924 0.00063878 0.0212684 0.0364671 -0.00158534 -0.00485867 -0.00826778 -0.0286714 0.00215544 0.0181878 0.0124024 0.00134153 -0.0169122 -0.0490704 0.0229968 0.0351375 0.0630714 0.0743418 0.00698856 0.000395705 -0.00769312 0.00240862 -0.00263574 0.00150838 0.00273115 0.0210499 -0.000218147 -0.00477925 -0.00726723 0.0625176 0.0801474 -0.000416716 -0.0028174 0.0464567 0.00375052 -0.0111642 -0.0046812 -0.0185345 -0.0219067 0.0258485 0.0535388
internal_weight=62905.7 62534.4 4613.24 4263.11 1234.16 57921.1 57796.5 57481.3 57345.3 56730.3 6942.9 6426.23 2093.72 4332.51 49787.4 9695.46 9050.64 40092 8310.36 5551.54 2758.82 502.83 37395.4 2696.53 1529.75 607.783 5048.71 4710.26 1592.64 3117.62 1789.48 851.823 1166.77 807.262 644.823 3456.59 1979.85 852.983 516.67 1115.38 37295.9 7431.73 29864.2 6202.17 29022.2 27366.5 3794.99 23571.5 13733.5 611.727 240.096 503.357 5967.7 5633.97 315.172 3028.95 1383.37 1749.07 1093.49 1071.31 692.803 355.378
internal_count=5635248 5389184 2196643 1224734 563793 3192541 3103249 2988988 2887612 2758970 914668 881929 480464 401465 1844302 373143 309493 1471159 302472 254213 48259 31051 1216623 254536 231915 18721 223162 216100 110621 105479 86276 26770 22621 9872 63650 320034 159984 86696 32739 22135 1210313 360497 849816 300522 816487 723180 112841 610339 475619 21717 5053 32500 289511 280990 114261 660941 414223 179032 164980 164703 19005 14203
is_linear=0
shrinkage=0.1


Tree=70
num_leaves=63
num_cat=0
split_feature=26 27 4 21 15 24 0 1 23 25 17 7 17 16 17 6 27 24 17 26 15 17 8 22 22 21 10 0 17 16 21 23 23 26 22 16 2 22 15 16 7 15 21 16 6 0 22 10 26 16 15 21 24 6 15 15 16 17 2 22 21 17
split_gain=81.8025 328.192 119.074 111.151 93.3963 71.4285 53.2729 50.8516 49.2392 40.8152 69.089 59.3107 123.906 114.851 113.937 90.7698 60.3349 283.444 104.894 67.2177 117.333 83.9337 68.5581 68.2802 56.8964 121.274 56.8565 55.0215 145.455 99.3332 93.4484 84.3967 78.572 106.046 88.8185 69.376 63.2492 63.1105 55.7022 57.7743 54.9289 53.192 52.7037 49.6226 63.8186 62.9281 58.6865 52.2876 71.0809 48.1732 48.092 47.0367 46.2131 77.3955 49.896 44.6624 43.9281 109.642 51.6092 39.8153 39.9905 56.4143
threshold=1.5000000000000002 1.0000000180025095e-35 1.0000000180025095e-35 8.5000000000000018 98.253242492675795 2.5000000000000004 0.99999997019767772 45.500000000000007 0.26136364042758947 1.0000000180025095e-35 94.716903686523452 59.611795425415046 99.80237197875978 79.087123870849624 80.096618652343764 45.222154617309577 1.0000000180025095e-35 1.5000000000000002 93.88999176025392 1.0000000180025095e-35 82.548908233642592 84.635734558105483 98.332870483398452 5.5000000000000009 7.5000000000000009 7.5000000000000009 76.533164978027358 0.77194768190383922 97.57275772094728 97.575668334960952 9.5000000000000018 0.31666667759418493 1.0000000180025095e-35 1.0000000180025095e-35 9.5000000000000018 97.575668334960952 0.92946019768714916 3.5000000000000004 96.162029266357436 95.845661163330092 24.068965911865238 76.484142303466811 5.5000000000000009 63.185165405273445 48.331480026245124 0.30231609940528875 9.5000000000000018 97.915760040283217 1.0000000180025095e-35 93.764953613281264 94.76178359985353 5.5000000000000009 1.5000000000000002 46.709957122802741 41.191251754760749 97.446762084960952 68.67179107666017 58.191438674926765 0.21825439482927325 10.500000000000002 9.5000000000000018 95.84293365478517
decision_type=2 2 2 2 2 2 2 2 2 2 2 2 2 2 2 2 2 2 2 2 2 2 2 2 2 2 2 2 2 2 2 2 2 2 2 2 2 2 2 2 2 2 2 2 2 2 2 2 2 2 2 2 2 2 2 2 2 2 2 2 2 2
left_child=6 2 -2 8 5 59 7 9 -3 10 43 13 16 15 -15 -11 27 18 19 22 24 -22 -18 42 -21 -26 40 28 29 30 -13 35 -32 -34 49 38 -29 -31 39 -30 50 -14 -23 44 -1 46 52 -47 -49 -35 -16 -46 54 56 -45 -33 57 58 -54 60 -4 -62
right_child=1 3 4 -5 -6 -7 -8 -9 -10 11 -12 12 41 14 26 -17 17 -19 -20 20 21 23 -24 -25 25 -27 -28 36 31 37 32 55 33 34 -36 -37 -38 -39 -40 -41 -42 -43 -44 45 51 47 -48 48 -50 -51 -52 -53 53 -55 -56 -57 -58 -59 -60 -61 61 -63
leaf_value=-0.080601515740297669 -0.065648804076836709 0.1345774917878888 -0.013409677680926957 -0.10300579582766163 0.12361592198182259 -0.087951990748266887 0.067693919987182757 -0.038283714932122799 0.058690919712840156 -0.071049136675136862 -0.0014462035944118486 -0.0022680118164174752 -0.16561902157661529 0.026490795243040557 0.000797256778006949 -0.013608250564376787 0.0073092379213222708 -0.072478653986623162 -0.051800849105992502 -0.059865286715585601 0.13302192132255564 -0.026895834168320983 0.076522640003994391 -0.033177769285937728 0.12811617431365072 -0.066082606710290398 0.07772203737668458 -0.029781015958782926 0.056856229716350848 -0.14147466792082619 0.007267116291911839 0.11859655453153931 -0.075128396200662612 0.11351450675222885 0.022566820530678478 -0.030162987775640887 0.0012615888134651625 0.030531500862568353 0.073164471303818854 -0.059551491134468816 -0.019730860158136035 0.07636071438943548 0.17896810972800628 -0.023734227540699062 -0.057171323797536727 0.0068914459059779961 -0.060950721013243982 0.084046985649545172 0.015362924021321046 0.013266444472838644 0.076548252434551878 0.0122790699124385 0.93113596184879288 0.032309286620795075 0.040835627759250225 0.041834416557715449 0.12641720271399887 0.25974984977369525 2.9354429343588531 -0.040957496395702883 0.014057916571908899 0.17775985535248251
leaf_weight=118.88830977592443 597.07713913037151 124.34573750713025 1854.2572649573558 35.194906192671624 46.868028610479087 141.38679186883382 118.56356696842704 334.50305737301824 273.71743995106954 497.06935457223153 8695.1518185536115 24831.737014124286 9.4111178908497077 993.55636918637902 466.10864152105933 616.07538920514344 267.06545086501865 630.62167058407795 248.63660005596466 285.3966756274458 84.297491339500993 19.603143054991961 308.34695992129855 113.77574607520364 57.694462201325223 72.649381248978898 69.160853205248713 1192.3212126103463 85.557398520642892 21.682785806478932 2586.0861687273427 169.98716349247843 68.031537045899313 256.40473726537311 370.48711928201374 189.51397794065997 1460.1415569750825 1315.215622329386 246.80853037489578 84.986396220512688 2752.2921122531698 261.53787498024758 34.014202071353793 148.98530548231793 120.14441363528022 6157.1130440606212 59.555191519495565 211.41325643693563 524.45698896725662 58.957125145941973 102.18345158909506 517.82649809285067 0.29022848716704119 171.17408940946916 608.33382447982149 136.79055046429858 113.27097912578029 3.3877689053188078 0.23049933262518607 476.34367499768268 172.5175873428816 23.977224585833028
leaf_count=127883 839024 7481 35683 11339 452 1477 89303 251294 14522 1224302 325907 822936 167 223062 162681 157730 6261 10416 4269 2486 711 163 21785 1129 467 825 1725 12230 924 762 94061 1272 1336 2684 3549 1656 13608 21647 1694 678 635080 22765 194 10179 5506 194419 20866 98579 19647 487 9192 23555 86 3687 69749 1086 6511 783 116 7790 3152 238
internal_value=-0.000181564 -0.0145108 -0.0252161 0.0673354 -0.0163253 -0.0187832 0.000730192 0.00059505 0.0823961 0.000817684 0.00486766 -0.000907554 0.000590365 -0.0105734 -0.00328887 -0.0392582 7.1778e-05 -0.0162737 0.00749066 0.0193522 -0.00224116 0.051646 0.0443987 0.0106658 -0.0348646 0.0198761 -0.0120175 0.00112052 0.00232485 0.00110815 -0.000155754 0.0416214 0.0155483 0.0439558 0.0557681 0.0200122 -0.0126925 0.0277418 0.042796 -0.00115276 -0.0138866 0.0679558 0.103702 0.0111383 -0.0133353 0.0134542 0.0356057 0.00990243 0.0350956 0.0947731 0.0144179 -0.000800017 0.041105 0.0751742 0.028133 0.0843687 0.137791 0.4674 1.81834 -0.0149133 -0.00886385 0.0340336
internal_weight=62613.2 3745.69 3312.43 433.258 2715.35 2668.48 58867.5 58748.9 398.063 58414.4 17450.2 40964.2 35467.8 5496.45 4383.3 1113.14 35196.8 2122.1 1491.48 1242.84 667.431 251.691 575.412 167.393 415.741 130.344 3389.75 33074.7 30422.2 29508.6 28171.7 913.644 3339.97 753.881 685.849 606.866 2652.46 1336.9 417.352 170.544 3320.58 270.949 53.6173 8755.07 756.859 7998.21 1105.23 6892.98 735.87 315.362 568.292 637.971 1045.67 288.354 757.319 306.778 117.179 3.9085 0.520728 2527.1 2050.75 196.495
internal_count=5635248 921158 887816 33342 48792 48340 4714090 4624787 22003 4373493 907473 3466020 1052248 2413772 1031740 1382032 1029316 48706 38290 34021 5975 2197 28046 1486 3778 1292 808678 980610 954772 947462 925053 7310 102117 8056 6720 4952 25838 22409 3296 1602 806953 22932 357 581566 156944 424622 111977 312645 118226 3171 171873 29061 91111 11183 79928 2358 7496 985 202 46863 39073 3390
is_linear=0
shrinkage=0.1


Tree=71
num_leaves=63
num_cat=0
split_feature=26 3 11 26 17 9 1 23 17 16 22 3 1 23 3 6 16 23 11 17 11 17 2 16 3 17 1 16 22 21 16 23 16 8 17 1 14 11 9 23 22 2 9 21 25 24 3 17 2 2 24 14 11 6 11 11 11 14 14 21 7 9
split_gain=73.9462 64.2907 74.6889 73.9876 259.419 110.255 131.549 68.7587 80.8737 69.871 94.9324 58.013 65.7766 55.0933 49.3361 55.7825 51.1181 49.182 93.9402 62.552 46.5422 170.458 69.8273 60.8443 47.8521 58.2911 80.0314 61.2617 65.9931 49.7917 45.3197 45.0609 43.5925 52.1356 43.3659 42.1288 41.5158 44.3245 86.1684 56.3224 62.3549 57.901 52.3281 48.1234 41.1558 56.0158 40.9755 40.014 39.7461 37.3813 36.3613 36.2001 35.6844 76.4144 75.6274 73.9156 101.207 118.992 122.412 94.0821 87.6677 76.3403
threshold=2.5000000000000004 53.500000000000007 0.77500000596046459 1.0000000180025095e-35 46.827678680419929 48.074073791503913 6.5000000000000009 -1.0000000180025095e-35 99.80237197875978 93.563182830810561 7.5000000000000009 3.5000000000000004 23.500000000000004 0.31666667759418493 3.5000000000000004 32.049383163452156 95.845661163330092 0.38750000298023229 0.84523808956146251 58.953453063964851 0.6904762089252473 60.054645538330085 0.74055027961730968 1.0000000180025095e-35 24.500000000000004 94.349296569824233 2.5000000000000004 90.960163116455092 8.5000000000000018 5.5000000000000009 50.142856597900398 0.095454547554254546 91.385021209716811 94.201679229736342 47.440153121948249 40.500000000000007 18.500000000000004 0.18333333730697635 90.399383544921889 0.11805555596947671 6.5000000000000009 0.60829696059227001 63.733076095581062 6.5000000000000009 1.0000000180025095e-35 1.5000000000000002 3.5000000000000004 82.621711730957045 0.37447372078895574 0.18871957808732989 1.5000000000000002 5.5000000000000009 0.44949495792388922 93.063350677490249 0.34848485887050634 0.6904762089252473 0.93750000000000011 4.5000000000000009 10.500000000000002 8.5000000000000018 84.660633087158217 96.178188323974624
decision_type=2 2 2 2 2 2 2 2 2 2 2 2 2 2 2 2 2 2 2 2 2 2 2 2 2 2 2 2 2 2 2 2 2 2 2 2 2 2 2 2 2 2 2 2 2 2 2 2 2 2 2 2 2 2 2 2 2 2 2 2 2 2
left_child=1 3 35 11 30 6 14 9 36 -7 -11 12 17 -8 15 -6 -16 19 49 -1 24 22 23 -22 25 27 -27 28 29 -13 -5 -29 33 -26 -25 -3 37 38 39 41 43 42 -9 -41 45 -10 -15 -21 -23 -19 -14 -50 53 54 -39 60 57 -57 -59 -60 61 -54
right_child=-2 2 -4 4 5 7 13 8 44 10 -12 20 50 46 16 -17 -18 18 -20 47 21 48 -24 34 32 26 -28 31 -30 -31 -32 -33 -34 -35 -36 -37 -38 52 -40 40 -42 -43 -44 -45 -46 -47 -48 -49 51 -51 -52 -53 55 -55 -56 56 -58 58 59 -61 -62 -63
leaf_value=0.015279772791879998 -0.046205993564561149 -0.055218931579469312 -0.0072546663455605905 -0.09154822954583286 0.065269391006842425 0.014596407498884748 -0.072960240872837007 -0.065217707184515403 -0.009925707250348588 -0.080326801406061688 -0.016607099723656423 -0.017537460467084057 -0.034070675208311973 0.02621905358677705 -0.057303125571908115 -0.028045293322646637 0.013675558061359939 0.06925887702262308 0.064838998196982897 0.078820159137143395 0.009434675086216416 -0.0018111023030624924 -0.01592944937603144 -0.10060348034676524 -0.079184567093281477 0.003606155008423022 -0.025309479989145046 0.051718097231898907 -0.07450176571622566 0.0094444013202391163 0.042765608625895395 0.012377114726106262 0.0057284667453401349 -0.018935804391674031 0.0091236516844757053 2.0967860020375366 -0.046138822030863134 -0.00052762302649477953 0.083503617789836435 0.02557319275038979 0.010067654058703648 0.022974412794131246 -0.0043141174260638701 0.10802728316272461 0.078968707337021826 0.047196310402297978 -0.053587460869069119 0.030546994085840974 0.075661901676209106 0.0042619237294188672 0.052595696723286449 0.0010015552129265001 -0.015468375335439733 -0.049243951496681315 -0.05070166595170747 0.044989943491700178 -0.00017278991689663592 -0.046510136939609203 0.1192412990702657 -0.059689189134409584 0.028042889604015811 0.011869407015319914
leaf_weight=1534.0735415313102 346.98275744628336 429.63470510847401 1439.0740423709503 372.95444969016535 198.72373259396409 483.16478924111289 554.89810133966967 246.76535301076365 314.95222759013996 291.57997141752276 1180.1511118042399 1074.1979039197613 421.84021283428592 118.46205536651541 185.8337639503734 94.53702936109039 223.4933791399817 90.179420694854343 282.3301197248511 301.75378019109485 5824.6657695854083 102.51026117836591 1561.2501866826788 87.346251932904124 215.76838491897797 2013.8252712234971 1824.2673369195254 339.51748394954484 125.12793120018614 1882.5132207652496 26.935823398671346 2043.4829689512553 327.20353596950008 429.58041795011377 61.292686435219366 0.09098808681301207 193.10720508177474 3592.6502378085133 162.60441523964982 159.55173054314218 1157.7986088663311 314.03253689521807 329.37983097019605 127.22592833149247 150.11702435938059 377.36942430457566 140.80326997392694 398.4464994045411 493.61239448247943 4708.3580254719272 54.686193391185952 74.781215596129186 1570.411506762408 427.56694040625007 327.82711021485738 202.18560461312882 14146.743916887237 1268.6108060220431 83.026942887168843 45.484123687492684 1877.7855500476435 2922.2527271110157
leaf_count=24849 246064 286673 108905 490789 24751 16588 1542335 201127 4086 2183 8639 162849 86393 64017 174612 14104 14737 9855 127161 19861 74910 2961 11540 21428 153690 59574 87303 19924 43756 276975 9552 87618 20530 41789 4329 56 52308 72598 3958 15278 40381 14434 15467 4529 5303 4719 142146 20301 177948 180708 5343 9136 28824 2938 14515 2111 142248 45440 2498 1116 19422 65066
internal_value=-0.000170553 8.7041e-05 -0.0181791 0.000654632 -0.00243454 -0.0014779 -0.0278213 -0.000227403 0.000956816 -0.018399 -0.0292313 0.004637 0.011874 -0.0551791 0.00388108 0.035188 -0.0185486 0.014219 0.00878165 0.026584 0.00158585 0.00720164 0.00290075 0.00782242 -0.00289863 -0.00069217 -0.0101376 0.0059416 -0.00336868 -0.000358335 -0.0825011 0.0179822 -0.0240045 -0.0390796 -0.0553564 -0.0547633 7.41957e-05 0.000382327 0.0131174 0.0082153 0.0204077 -0.0115704 -0.0303994 0.0621531 0.0315024 0.0212103 -0.0171227 0.0513505 0.0555026 0.00548342 -0.0241248 0.0658391 -0.00081943 -0.00910111 -0.00472314 0.000808726 -0.0028684 -0.0267126 -0.0370891 0.0559122 0.00989761 0.00231348
internal_weight=62357.4 62010.4 1868.8 60141.6 33869 33469.1 1516.75 31952.3 29997.4 1954.9 1471.73 26272.6 7791.67 814.163 702.588 293.261 409.327 7315.14 5080.87 2234.27 18480.9 8205.46 7534.55 5973.3 10275.5 9302.93 3838.09 5464.84 3081.84 2956.71 399.89 2383 972.552 645.349 148.639 429.726 29155 28961.9 2497.36 2334.75 1444.58 890.178 576.145 286.778 842.439 692.322 259.265 700.2 670.904 4798.54 476.526 568.394 26464.5 4348.04 3920.48 22116.5 15746.1 1599.31 1397.12 128.511 6370.45 4492.66
internal_count=5635248 5389184 395634 4993550 3262819 2762478 1976702 785776 758366 27410 10822 1730731 474471 1748498 228204 38855 189349 382735 317724 65011 1256260 302252 112207 100667 954008 737999 146877 591122 483580 439824 500341 107542 216009 195479 25757 286729 744258 691950 295174 291216 60188 231028 216594 19807 14108 8805 206163 40162 190045 190563 91736 187084 396776 90051 87113 306725 193413 51165 49054 3614 113312 93890
is_linear=0
shrinkage=0.1


Tree=72
num_leaves=63
num_cat=0
split_feature=26 3 11 26 18 6 16 27 24 21 23 22 11 0 26 24 26 22 23 23 18 17 22 3 23 0 6 3 15 16 18 23 21 26 3 15 22 16 5 15 17 25 16 25 21 17 26 17 15 18 11 23 15 27 21 17 16 11 2 0 3 18
split_gain=62.2866 53.3434 71.1028 61.6857 270.456 69.9244 140.273 82.389 379.393 203.074 136.65 109.44 115.981 92.0641 85.5262 75.8189 74.0319 92.6905 70.2557 70.1406 111.055 69.7445 60.7199 51.1815 50.59 49.038 62.759 46.0338 45.7869 74.641 48.6203 125.562 180.478 102.712 60.5421 59.1067 55.4079 50.4315 44.1853 42.5733 45.746 42.2078 58.4348 40.3313 40.0073 38.3739 37.7532 37.7339 103.754 85.6574 200.578 72.9904 70.1523 166.756 143.157 68.192 63.9397 61.9953 59.2053 54.2057 74.0507 45.508
threshold=2.5000000000000004 51.500000000000007 0.77500000596046459 1.0000000180025095e-35 1.0000000180025095e-35 38.924964904785163 91.813587188720717 1.0000000180025095e-35 1.5000000000000002 7.5000000000000009 0.58571431040763866 4.5000000000000009 0.44949495792388922 0.84885936975479137 1.5000000000000002 2.5000000000000004 1.5000000000000002 7.5000000000000009 0.23611111193895343 0.44949495792388922 0.65942031145095836 97.45212554931642 5.5000000000000009 1.5000000000000002 0.31666667759418493 0.95763123035430919 49.65753364562989 3.5000000000000004 97.446762084960952 97.969490051269545 0.41885964572429663 1.0000000180025095e-35 6.5000000000000009 1.5000000000000002 6.5000000000000009 65.465366363525405 3.5000000000000004 76.486660003662124 1.0000000180025095e-35 79.940830230712905 82.940685272216811 1.0000000180025095e-35 96.168525695800795 1.0000000180025095e-35 10.500000000000002 87.533782958984389 1.5000000000000002 96.791351318359389 79.940830230712905 0.30217391252517706 0.84523808956146251 0.19090909510850909 1.0000000180025095e-35 1.0000000180025095e-35 6.5000000000000009 80.096618652343764 87.531093597412124 0.31666667759418493 0.60829696059227001 0.5168128013610841 5.5000000000000009 0.059714796021580703
decision_type=2 2 2 2 2 2 2 2 2 2 2 2 2 2 2 2 2 2 2 2 2 2 2 2 2 2 2 2 2 2 2 2 2 2 2 2 2 2 2 2 2 2 2 2 2 2 2 2 2 2 2 2 2 2 2 2 2 2 2 2 2 2
left_child=1 3 -3 23 -5 6 18 10 9 11 13 -9 -13 21 22 43 17 19 -6 20 38 28 -12 -1 -23 47 -27 -20 30 -30 31 34 36 35 -7 -34 -33 -32 -14 -11 -41 -26 46 -10 -24 -38 -43 49 -49 52 51 55 57 61 -55 -51 -57 -25 -59 -60 -61 -54
right_child=-2 2 -4 4 5 7 -8 8 15 39 14 12 16 -15 -16 -17 -18 -19 27 -21 -22 24 44 25 41 26 -28 -29 29 -31 37 32 33 -35 -36 -37 45 -39 -40 40 -42 42 -44 -45 -46 -47 -48 48 -50 50 -52 -53 53 54 -56 56 -58 58 59 60 -62 -63
leaf_value=0.055246871378679424 -0.043176984197719502 -0.051284479906302728 -0.0059963342077770966 -0.098916180857790956 -0.077361557638832748 0.0031807950532514889 0.003015267927140082 -0.10629063423300583 -0.016144153736795615 -0.066298273146002271 0.12525533763173902 -0.0078136109644885016 0.065122184905729602 -0.02517671742886636 -0.088690983628340936 -0.10145794299141866 0.11851529522959443 0.10915343770673532 0.022660375651403095 0.068895884500943735 -0.10238524552297215 0.0061498889686490421 0.04316128850870378 -0.075823389637885125 0.0019629640752813677 -0.12683904870110072 0.073794127947616903 -0.060896072643354671 0.12804664099849764 0.013937667186375647 -0.048038158754794884 0.17674820259689789 0.10270818463534725 -0.021742545078426188 -0.041933211124949556 0.0083370443853690371 -0.033563330623111121 -0.0030757408981470485 -0.029050826819430192 0.10438032074108519 -0.024473399700965043 0.12460699848369212 0.032991954847810027 -0.065731803492194985 0.014080907434082241 0.061523809789494954 -0.026303029106935907 -0.10156333219639671 -0.0018781148351069039 0.06251774700555128 0.072512210039177433 0.0052305757425434559 -0.11171677345433491 -0.078096240661182953 0.034132652054524877 -0.057371758256885001 0.027640565795474997 0.008903106717596752 -0.027263668783275005 0.027105713882644506 -0.0090531272743095189 -0.046337404893336945
leaf_weight=195.50850502669346 334.84556764448644 442.95500413030095 1594.861026634142 286.73053903470282 469.29391153136385 2303.9463847216393 1037.9012381043576 53.647236109041842 282.86710413725814 268.81157057956443 64.466025529443868 360.964722177363 139.29185364639852 1439.9720165339531 62.850467350101098 365.75748619761725 171.64992985106073 168.99464070773683 153.36065768549452 204.79959874949418 86.846326339989901 1626.2641559069161 830.528674114772 99.173390015464975 259.97034731489839 17.186282920651138 167.94916824647225 115.66271793479973 65.980673310230486 436.9304682048969 252.91341283981455 14.631028629461069 456.72778477601241 99.327991909623961 341.56361297165859 77.651572759685223 335.3129843458446 18275.165827868739 77.566739031579345 30.114569119235966 323.83365462769871 127.94601936542313 479.92799302487401 390.3799519365275 1099.2221317360236 48.592139423199114 19.045014456263743 106.45980045187753 5422.4399833737116 463.12963321998541 542.52506524743512 6017.4719414860592 148.46718715805036 144.40009733078477 533.88098184556293 111.05309173472051 435.10850650437351 7299.9435829167487 941.14992558734957 763.80212792381644 2191.1000742553733 376.32561250383151
leaf_count=3136 246064 302012 117664 457124 1473278 174547 313233 880 6207 5156 1073 10398 1042 13905 648 4705 5479 5465 86479 8807 983 18277 11555 61089 3052 279 121764 170173 515 3956 18098 131 11370 7277 102525 2682 9815 296839 659 369 4881 1138 5309 5661 11843 446 190 6921 239809 87140 157200 280525 54978 81307 64110 72420 32568 235466 14188 4794 12377 183267
internal_value=-0.000163954 6.93929e-05 -0.0158405 0.000612607 -0.00220963 -0.00137995 -0.0206866 -0.000296254 -0.0162833 0.0104419 0.00133231 0.0334735 0.0396696 -0.00058371 0.026166 -0.0648082 0.0598542 0.044992 -0.0540059 0.0236688 -0.00682956 0.000820358 0.0297859 0.0042747 0.0166275 0.00388816 0.0551692 -0.0132635 -0.000929002 0.0289085 -0.00160475 0.00889791 0.0384781 0.0716378 -0.00264391 0.088995 -0.0142487 -0.00368949 0.0314381 -0.036296 -0.0135103 0.03584 0.0498881 -0.0448974 0.0265966 -0.0215278 0.105054 0.00351725 -0.00379757 0.0055326 0.0139278 0.00940461 0.000448211 -0.0225078 0.0102401 0.0342906 0.0103547 0.00289331 0.00359058 -0.00636339 0.000293443 -0.0648336
internal_weight=62057.1 61722.3 2037.82 59684.5 33707.4 33420.7 1776.22 31644.5 2925.53 1886.52 28718.9 1263.76 1210.11 26661.9 2057.07 1039 849.149 677.499 738.317 508.505 303.705 25221.9 1994.22 25977.1 2513.15 25781.6 185.135 269.023 22708.7 502.911 22205.8 3677.75 1032.24 633.707 2645.51 534.379 398.536 18528.1 216.859 622.76 353.948 886.889 626.919 673.247 1929.75 383.905 146.991 25596.4 5528.9 20067.5 7569.29 7026.76 12498.2 1203.07 678.281 1009.29 546.162 11295.2 11196 3896.05 2954.9 524.793
internal_count=5635248 5389184 419676 4969508 3256170 2799046 2043163 755883 60692 44119 695191 33713 32833 670072 25119 16573 22435 16956 1729930 11491 2684 656167 24471 1713338 27966 1710202 122043 256652 628201 4471 623730 308793 31721 21329 277072 14052 10392 314937 1701 10406 5250 9689 6637 11868 23398 10261 1328 1588159 246730 1341429 629853 472653 711576 383662 145417 192128 104988 327914 266825 31359 17171 238245
is_linear=0
shrinkage=0.1


Tree=73
num_leaves=63
num_cat=0
split_feature=1 3 1 8 16 2 26 18 1 0 17 0 6 7 25 16 22 25 14 2 18 15 2 17 24 16 15 6 18 16 15 8 16 21 27 21 26 18 2 1 21 22 21 14 0 2 8 16 0 16 21 27 22 2 0 0 2 0 18 8 21 18
split_gain=57.4634 53.2073 123.666 120.891 140.9 62.3238 57.5742 74.2782 61.2684 59.4204 73.6245 51.9831 49.7023 48.9678 48.0511 47.621 46.2561 48.1134 45.6915 40.934 37.8636 61.1468 49.8681 38.8411 54.0138 51.7343 38.4825 35.6479 35.0408 34.4849 33.8545 33.0301 32.8642 33.1057 48.8119 80.3201 55.1174 48.6099 39.5011 32.8178 35.219 32.4152 34.6733 32.0157 31.6211 31.2559 31.0998 30.2809 29.8997 29.3742 29.3695 46.0816 28.598 28.187 44.9849 35.6081 29.5216 30.3352 27.0715 119.324 44.3077 34.8005
threshold=42.500000000000007 3.5000000000000004 4.5000000000000009 46.291208267211921 83.654914855957045 0.66015532612800609 1.0000000180025095e-35 1.0000000180025095e-35 1.5000000000000002 0.7368028759956361 97.45212554931642 0.58960780501365673 96.362434387207045 71.010189056396499 1.0000000180025095e-35 64.01581192016603 9.5000000000000018 1.0000000180025095e-35 4.5000000000000009 0.6850685477256776 0.62731480598449718 95.565387725830092 0.50812038779258739 82.621711730957045 1.0000000180025095e-35 70.627449035644545 88.922054290771499 98.07621002197267 0.82480818033218395 97.68778228759767 76.484142303466811 77.032970428466811 91.689685821533217 5.5000000000000009 1.0000000180025095e-35 8.5000000000000018 1.5000000000000002 0.43874999880790716 0.53044369816780101 19.500000000000004 12.500000000000002 5.5000000000000009 6.5000000000000009 11.500000000000002 0.19637319445610049 0.42996524274349218 98.07621002197267 65.35300445556642 0.65679460763931286 97.833908081054702 8.5000000000000018 1.0000000180025095e-35 9.5000000000000018 0.82469150424003612 0.6449837088584901 0.80898490548133861 0.7028520703315736 0.50213778018951427 0.98275861144065868 98.213714599609389 7.5000000000000009 0.8441295623779298
decision_type=2 2 2 2 2 2 2 2 2 2 2 2 2 2 2 2 2 2 2 2 2 2 2 2 2 2 2 2 2 2 2 2 2 2 2 2 2 2 2 2 2 2 2 2 2 2 2 2 2 2 2 2 2 2 2 2 2 2 2 2 2 2
left_child=1 6 58 4 -4 14 9 -8 11 10 16 -9 20 18 -6 -14 28 45 -12 50 21 23 49 24 25 31 41 -13 -1 -16 -2 -10 33 -26 36 38 37 52 -36 44 -41 -27 -43 53 -5 -18 -30 -42 -21 -22 -17 -52 -35 54 56 -55 57 -24 61 60 -60 -3
right_child=30 2 3 39 5 -7 7 8 12 -11 13 27 15 -15 29 19 17 -19 -20 48 22 -23 43 -25 32 26 -28 -29 46 -31 -32 -33 -34 34 35 -37 -38 -39 -40 40 47 42 -44 -45 -46 -47 -48 -49 -50 -51 51 -53 -54 55 -56 -57 -58 -59 59 -61 -62 -63
leaf_value=0.017011601793044898 -0.051636653632513886 0.0022678414168261461 -0.075084386790116184 -0.028026807636302376 0.016756872459179069 -0.044809969330919262 -0.095506414519475363 -0.029704744839774928 -0.078559469837064397 0.029598028395511556 -0.076425745049318677 -0.014239979095062789 0.049593002354791207 0.0064917440252746962 -0.041721005132726828 -0.015502806687152962 -0.11169978273403475 -0.10695861509770609 -0.015466665740073852 0.022166779241369814 -0.022032139341991983 0.10747723829227403 0.031193969733304017 0.0024896065198156208 -0.006008339235176025 -0.010461635128449834 0.3078629278766436 0.0066278467370459188 -0.010281917226642477 0.00040500625148720396 0.016773440528122886 -0.0034759654332708967 0.075403535076865258 0.09958732176990244 0.014108165230652517 -0.078244253473063796 -0.016847047438496628 0.022388741500573579 0.12709879164490473 0.0082299434482571692 0.18041802823929237 0.049066526381223906 0.006008905397493422 -0.020065961508021455 -0.0055113739723035987 0.0076418674887270737 0.086403123950540395 0.033150130871750193 -0.0039659711308087358 0.017763194964111419 0.027602739090089246 -0.094055852931527253 -0.051185135009062133 0.047541357634478351 -0.012748476046415443 0.0029452412380904704 0.044340023053394788 -0.001819994032047887 -0.0032729587498819476 0.083238829174150222 0.025153559806631521 -0.012628270776863841
leaf_weight=4222.5442901060451 333.02654545713449 17108.98684379211 540.37439131256542 666.69188475036935 563.92879227593949 575.39038212235027 80.204460899592959 986.22434549726313 97.883177343654097 1383.970408498717 206.30187762677087 1593.2990494052647 162.47933704845491 404.26792115892749 406.27763389659231 2871.5956714306958 24.852543580622296 61.179902683070395 304.36198161897482 733.93323934986256 1019.060100795803 70.824685188184958 425.22338323628355 1774.5260216805327 201.78725474054227 319.94737076151068 4.5423144445812786 1683.6478109558811 750.30569363990799 372.48869385069702 92.413482960502733 145.95074847730575 191.24773759111122 291.3089542157395 119.89932629730902 82.006451040491811 86.178175172477495 142.9659555452381 41.701392303599278 712.74791275274765 22.303925751330098 374.61716261663241 373.47632294036157 350.29660552393761 9686.1703155280557 187.62148767567123 34.812516969046555 37.331693886313587 1085.1696496601216 226.75383460737066 310.10816242150031 34.609196471050382 13.148105902757377 428.50233303220011 800.79018923686817 307.54310238664038 304.95626843656646 805.65573271375615 1777.6063978810562 213.84860836574808 792.89203774905764 1726.6135288987425
leaf_count=208939 332895 461279 1573367 184697 73365 69936 135624 11774 176876 144095 4921 20654 9426 17217 562104 18967 5566 5868 7125 5306 64907 944 11453 92482 15835 40363 49 17874 22574 52568 47361 18239 4104 17287 9461 6166 22690 5010 707 67793 1006 40734 49940 9920 679439 7808 10399 787 11585 3209 2549 244 5720 5305 11687 2733 5304 15780 38758 118365 18401 47707
internal_value=-0.000151896 0.000102183 -0.00243514 -0.00991251 -0.0299808 -0.017274 0.0035216 0.000519879 0.000937049 0.0108641 0.00667981 -0.00957623 0.00409367 -0.0195095 -0.00547389 -0.0036919 0.0112168 -0.0288173 -0.0400934 -0.00541127 0.00858979 0.0153231 0.00234219 0.0137914 0.0218566 0.00796071 0.0174127 -0.00351839 0.0134046 -0.0215719 -0.0367767 -0.033617 0.0374881 0.0300813 0.0394513 0.00236127 0.0563842 0.0704893 0.0432656 -0.0054778 0.0144066 0.0161774 0.0275705 0.00857717 -0.0069613 -0.00631722 -0.00599486 0.0882288 0.00657752 -0.0147889 -0.012192 0.0153884 0.0930761 0.0118426 0.00646703 0.0289077 0.0164861 0.00958511 0.00226286 0.0114664 0.00549544 0.000902351
internal_weight=61751.4 61325.9 35203.7 13583.7 2458.46 1918.09 26122.3 18542.1 18461.9 7580.22 6196.25 4263.17 14198.7 914.932 1342.7 5197.9 5281.32 273.654 510.664 5035.42 9000.79 4332.01 4668.78 4261.19 2486.66 1316.42 1072.58 3276.95 5007.66 778.766 425.44 243.834 1170.24 978.996 777.208 243.607 533.601 447.423 161.601 11125.2 772.384 1068.04 748.093 3422.97 10352.9 212.474 785.118 59.6356 1819.1 1245.81 3216.31 344.717 304.457 3072.67 2336.63 736.045 1535.84 1230.88 21619.9 2784.35 2570.5 18835.6
internal_count=5635248 5254992 3949572 3265062 2331340 757973 1305420 870908 735284 434512 290417 50302 684982 29263 688037 48077 261154 19242 12046 38651 636905 506607 130298 505663 413181 326201 131086 38528 241912 614672 380256 195115 86980 82876 67041 16334 50707 28017 10168 933722 69586 131037 90674 62182 864136 13374 32973 1793 16891 68116 21760 2793 23007 52262 44224 8038 32537 27233 684510 175524 57159 508986
is_linear=0
shrinkage=0.1


Tree=74
num_leaves=63
num_cat=0
split_feature=1 8 16 0 15 24 11 18 15 21 3 21 7 2 10 10 24 0 5 11 0 18 15 27 10 2 7 0 3 10 0 7 17 17 23 17 10 0 7 10 2 2 0 16 1 2 0 23 2 0 8 4 3 26 11 0 11 7 1 2 17 8
split_gain=51.7477 98.0689 99.3403 67.8371 53.1229 40.7134 42.1728 34.5803 98.7202 95.6433 41.6845 40.2282 33.8719 73.6967 51.3718 49.118 33.8486 33.8079 33.7771 33.5434 57.5543 33.5166 33.2235 45.9812 31.7113 29.3521 29.1553 34.7437 49.3913 29.1316 26.9198 25.7806 25.939 25.4385 24.8932 27.4968 26.5989 24.8747 24.4522 42.7822 42.4337 31.4587 85.2916 56.9662 62.9909 227.015 115.649 79.0737 52.8974 72.1311 52.8637 48.7784 46.6985 44.8073 62.393 49.9332 44.5447 44.0619 56.4239 40.8579 57.7482 40.5041
threshold=11.500000000000002 42.462121963500984 79.324596405029311 0.27651667594909674 95.565387725830092 1.5000000000000002 0.15476191043853763 0.1695402339100838 1.0000000180025095e-35 8.5000000000000018 6.5000000000000009 9.5000000000000018 19.139194488525394 0.87487441301345836 16.108108520507816 20.601238250732425 1.5000000000000002 0.99999997019767772 1.0000000180025095e-35 1.0000000180025095e-35 0.26583796739578253 0.048809524625539787 45.297760009765632 1.0000000180025095e-35 45.867485046386726 0.60829696059227001 68.13346099853517 0.18614576756954196 10.500000000000002 86.391696929931655 0.21593528985977176 32.466217041015632 61.920122146606452 59.65881538391114 0.19090909510850909 99.80237197875978 48.52813911437989 0.91480755805969249 24.068965911865238 25.677655220031742 0.7506278157234193 0.77065888047218334 0.6228548288345338 72.773891448974624 1.0000000180025095e-35 0.99996608495712291 0.77194768190383922 0.73214286565780651 0.87487441301345836 0.89735862612724315 45.773809432983406 1.0000000180025095e-35 9.5000000000000018 1.0000000180025095e-35 0.84523808956146251 0.7368028759956361 0.93750000000000011 59.122919082641609 1.5000000000000002 0.62940847873687755 82.388591766357436 38.165266036987312
decision_type=2 2 2 2 2 2 2 2 2 2 2 2 2 2 2 2 2 2 2 2 2 2 2 2 2 2 2 2 2 2 2 2 2 2 2 2 2 2 2 2 2 2 2 2 2 2 2 2 2 2 2 2 2 2 2 2 2 2 2 2 2 2
left_child=12 2 16 4 5 6 22 8 11 33 21 25 13 14 -1 -14 -2 38 19 20 34 -11 -4 -24 -19 26 29 28 -28 30 -3 -20 -33 -10 -9 36 -36 -15 40 -40 -17 42 59 52 53 46 57 48 -48 -50 -49 -52 -43 54 55 -45 -55 -46 -59 60 -41 -47
right_child=1 7 3 -5 -6 -7 -8 18 9 10 -12 -13 15 37 -16 17 -18 24 31 -21 -22 -23 23 -25 -26 -27 27 -29 -30 -31 -32 32 -34 -35 35 -37 -38 -39 39 41 -42 43 -44 44 45 61 47 50 49 -51 51 -53 -54 56 -56 -57 -58 58 -60 -61 -62 -63
leaf_value=0.0045539819493893045 -0.076775095716503983 -0.066907803696068496 -0.054992335631445392 -0.034852730052924705 0.20508454711900131 0.071907592465053502 0.46630614665928888 0.024185068578418914 -0.093869568284872376 -0.087635772403093892 -0.078507715718475243 0.027862845943341846 -0.035560514168151501 -0.013365076068608973 0.054288348342439834 0.036932130375113607 0.0089644355155933456 -0.20014311879887114 0.12479409905502044 0.0059233958520116528 -0.0015403469685725828 0.031946392669872974 -0.022505902265687883 0.06490031044355718 0.074899501762610246 -0.057067092356533226 0.083257701201656945 -0.0033512044535707417 -0.076054362723915872 0.461837622425747 -0.0042363335806360741 0.024088656559644428 -0.0092527271501276088 -0.00017756919032301048 0.16468864773583003 -0.26962099810739643 0.072692059150852015 -0.09906505022233042 -0.031558057148012797 0.0031683476754634414 -0.0059854707886319728 0.003700695079632629 -0.012262959043602029 -0.031014700462518519 0.00070404036544661336 -0.04295286618004579 -0.027677787101845985 -0.011495889664948704 0.0072442062718515348 -0.041238166448681474 -0.033667824588192126 0.031850061750144917 -0.028453772330498894 -0.024423744800641908 0.075159514411849121 0.020004274237640788 -0.00084769037638336123 0.0080352292866828889 0.029441548674790707 0.0091128379814108297 -0.0079258758482836419 0.10176484560186108
leaf_weight=361.8577147336764 432.45741531450039 139.33408952153695 103.80118057660002 609.71687116767862 14.406686079339122 85.572571538898046 1.8893731843854755 73.680201520110131 287.82106978830416 26.822832188059692 58.433940777918906 388.74886669531406 371.66063096038124 263.8809039524931 487.47368094838748 494.08239223001874 51.531152648065472 4.4039231664501122 15.235722516357781 1621.3402145775763 201.13496813946404 185.75328580199857 151.31091376135009 99.93755008604785 87.083614482253324 112.73606494673004 99.824461294832872 1223.3718473329209 24.172912687936332 1.1800889498554159 134.89041224810353 261.23923097716761 2184.7578970668255 32.223625006590737 44.596990871126764 2.0414379311841904 106.43417630982003 38.85556143661961 412.36970731287147 13399.49203774269 431.64026526463567 882.39685058001487 5646.0714460707823 278.33599003293784 1417.238891263667 20.66432550328318 1399.2485516101879 588.00360112983617 1573.7289313684742 381.20353473466821 126.85790237458423 1090.091176028247 925.29698836039461 1288.5868667747709 143.56749878730625 617.26271551602986 2119.7281159139238 2090.7982892188011 2995.4967015232542 5320.2471257145662 7219.9323400048597 301.76030793087557
leaf_count=58407 1377857 44717 26433 419468 2050 11141 149 24361 378165 23159 25464 24502 86149 4489 67625 117056 40544 26 718 38184 27234 11500 261600 12994 89270 5611 2376 80531 4896 56 26045 15171 89113 6399 4944 64 1899 467 130242 950699 10505 10551 116685 9012 43335 550 23047 11083 22042 7074 1314 93637 15389 18847 72325 32990 19834 43010 57792 133168 376494 24789
internal_value=-0.000141919 -0.00725217 -0.0300712 -0.0130214 0.0161107 0.0099583 -0.00489342 -0.00235531 -0.0112714 -0.0474192 -0.00370469 -0.00121356 0.00104041 0.017999 0.033099 0.000661977 -0.0676463 0.00092463 0.00301219 0.012496 0.0374006 0.0168575 -0.00740088 0.0122611 0.0616598 -0.00772658 -0.00429884 0.00176116 0.0522003 -0.0339463 -0.0360798 -0.00488403 -0.00569178 -0.0844362 0.0719421 0.0949296 0.0998571 -0.0243645 0.000816029 0.000519273 0.0169208 0.000784751 -0.00112472 0.00409128 0.00594482 0.0097164 0.00742805 -0.00375237 -0.0128341 -0.00220965 0.0131243 0.0250203 -0.0127581 -0.00421882 0.0139591 0.00414849 -0.00976113 0.0162973 0.0206422 0.00129965 -0.000716317 0.0924898
internal_weight=61555.7 8776.4 1550.62 1066.64 456.918 442.512 356.939 7225.77 2715.31 591.055 271.01 2124.26 52779.3 1152.07 849.331 51627.3 483.989 51255.6 4510.46 2049.23 427.888 212.576 355.05 251.248 91.4875 1735.51 1622.77 1347.37 123.997 275.405 274.225 2461.23 2446 320.045 226.753 153.073 151.031 302.736 51164.1 50238.4 925.723 49826 31585.7 18240.3 16432.6 11985.1 11662.7 5159.13 3354.18 1954.93 1804.95 1216.95 1807.69 4447.48 1039.17 895.599 3408.31 6503.53 5086.29 25939.7 20619.4 322.425
internal_count=5635248 2987345 2152236 733835 314367 312317 301176 835109 633421 444687 60123 188734 2647903 130988 126032 2516915 1418401 2430766 201688 96686 58502 34659 301027 274594 89296 164232 158621 87803 7272 70818 70762 105002 104284 384564 31268 6907 6843 4956 2341470 2213909 127561 2083667 1577046 506621 480681 327673 302334 158197 52163 29116 106034 94951 25940 153008 114327 42002 38681 144137 100802 1460361 1327193 25339
is_linear=0
shrinkage=0.1


Tree=75
num_leaves=63
num_cat=0
split_feature=26 3 11 26 18 9 4 16 27 24 26 23 26 0 23 18 15 17 17 16 24 22 15 16 0 11 15 25 17 22 26 15 18 25 15 17 22 26 18 17 15 2 15 26 0 22 3 16 18 15 18 18 23 15 8 22 22 17 14 15 7 18
split_gain=48.4909 40.8756 53.7271 41.2539 224.916 67.7583 145.623 69.2263 68.3125 314.349 151.193 116.938 71.5861 70.7474 69.263 98.1419 74.4752 162.91 66.9856 72.1221 63.7881 61.5963 60.0967 103.33 58.9188 53.7761 51.6735 127.863 83.2558 93.3021 50.8947 61.7962 55.5784 49.771 48.7858 88.3935 46.5402 44.4462 42.1964 133.318 55.255 44.1965 41.7149 48.1147 53.5696 40.2829 40.2055 39.0424 38.896 38.801 58.517 38.7648 38.7044 109.085 74.5547 62.4044 52.3184 40.2109 38.1337 38.087 37.2562 135.935
threshold=2.5000000000000004 53.500000000000007 0.77500000596046459 1.0000000180025095e-35 1.0000000180025095e-35 48.074073791503913 1.0000000180025095e-35 97.68778228759767 1.0000000180025095e-35 1.5000000000000002 1.5000000000000002 0.58571431040763866 1.5000000000000002 0.84885936975479137 0.44949495792388922 0.70710784196853649 76.21183013916017 83.384460449218764 97.067424774169936 95.260559082031264 2.5000000000000004 7.5000000000000009 97.067424774169936 97.833908081054702 0.70274078845977794 0.44949495792388922 92.342185974121108 1.5000000000000002 93.88999176025392 7.5000000000000009 1.5000000000000002 86.214557647705092 0.56385868787765514 1.0000000180025095e-35 93.555309295654311 88.942050933837905 8.5000000000000018 1.5000000000000002 0.43874999880790716 95.531894683837905 95.862876892089858 0.7028520703315736 81.16794586181642 1.5000000000000002 0.13391820341348651 4.5000000000000009 1.5000000000000002 93.563182830810561 0.70710784196853649 91.442928314208999 0.60434782505035411 0.86811593174934398 1.0000000180025095e-35 42.441171646118171 69.282051086425795 3.5000000000000004 9.5000000000000018 83.087757110595717 1.5000000000000002 98.772960662841811 81.661396026611342 0.20294117927551272
decision_type=2 2 2 2 2 2 2 2 2 2 2 2 2 2 2 2 2 2 2 2 2 2 2 2 2 2 2 2 2 2 2 2 2 2 2 2 2 2 2 2 2 2 2 2 2 2 2 2 2 2 2 2 2 2 2 2 2 2 2 2 2 2
left_child=1 3 48 46 -5 6 7 -6 11 10 14 13 24 18 15 16 -10 -18 22 33 -11 -9 26 -24 -13 -16 28 38 42 30 32 -32 -30 -20 35 -29 -12 -36 39 40 -28 -40 43 44 -7 -45 -1 -34 -3 -21 -51 -27 -46 -54 56 -56 -55 -57 -41 -52 -48 -62
right_child=-2 2 -4 4 5 8 -8 21 9 20 36 12 -14 -15 25 -17 17 -19 19 49 -22 -23 23 -25 -26 51 27 34 29 -31 31 -33 47 -35 37 -37 -38 -39 41 58 -42 -43 -44 45 52 -47 60 -49 -50 50 59 -53 53 54 55 57 -58 -59 -60 -61 61 -63
leaf_value=0.049403584431114839 -0.039147981246333736 -0.063317623051270075 -0.0056913056549370376 -0.09828014693692555 -0.069498094970445054 0.10099445520391606 0.0075305580925372085 0.13847460727033464 -0.039200653642281993 -0.04053462925688172 0.092155167217238265 0.04980558696446271 -0.079911764246771877 -0.022007466317454788 -0.0092512812821970401 -0.074089872237129636 0.11493279447419934 -0.013942450306512037 -0.038224584822032004 0.049157840210917576 -0.092335132583976243 -0.038035699128105276 0.16480527042472515 0.017239923463264091 0.014338532433902243 0.055521488761777232 -0.024789810927159407 0.17700980025631116 0.0029637896751715282 -0.0053172020605886557 0.13664632795002871 -0.048386563443073467 0.079744210862639706 0.068404608759780799 0.14966935726335512 -0.041841862595223933 -0.067228977671759699 -0.10252518221953351 -0.031028169084234725 0.12935155828057032 0.1859863666368346 -0.0087414315718250188 -0.0087233925995444262 0.045746888138945258 -0.00034856780116174164 -0.02089611019169095 -0.0004266928348112948 0.032415345862301839 0.015666817384843639 0.12211430108885185 4.13631341800045e-05 -0.20572209379920448 0.0805608381144724 0.070442361240141207 0.17135687654272369 -0.010176837063382077 -0.0059268315215947583 0.024942303023448419 0.35749493048527509 0.047208333149178293 0.0014594008606878522 0.026692333504274281
leaf_weight=189.53547751711449 316.93333257488848 312.84479676325282 1416.6258391841548 239.9054927081379 571.41804530083027 57.344407961179968 749.3376648669946 31.399131004931405 301.67776199443324 677.05158860135998 242.80789678815927 746.90390573267359 63.952371472725645 1440.207531303633 259.07095255362219 236.53584597440204 139.78560747328447 328.81002176902257 50.274221351894084 218.79887656675419 366.35671460980666 53.382501559972297 54.151837547426112 383.54914286767598 1256.0713234940777 337.01154062419664 199.25150516856229 25.83529315557098 214.0191971577151 812.50230814414681 21.54485343239503 111.25239713530755 438.54590180527885 338.60747104868642 76.212176606059074 64.606599269201979 19.815673038872774 7.6936176910094209 1614.9695530550234 40.631429554661736 13.265399231575428 1981.6318091462308 5787.9157302905223 98.04081378011324 6028.8625898650644 1211.5214446329192 13559.049264458197 289.25598659817479 77.866109113005223 42.210546073300065 2394.9163358035148 5.777338550426065 226.69938212673878 283.77873251924757 20.904811759945005 1467.4343081119005 131.16904061961395 419.15542868478224 8.9381235450273362 184.37889708462171 9387.4420519588457 2763.5000299219391
leaf_count=3136 246064 280500 108905 457443 1935933 9638 50347 4587 5407 12223 7573 9795 649 13960 6851 4951 1538 3924 555 2627 4875 9679 437 3458 14904 14528 1925 169 3274 9769 494 1872 9571 4220 632 935 1081 310 33089 193 74 26069 87726 6308 321617 96372 1158023 4098 6229 455 28555 50 4492 18498 136 12771 6251 3958 114 1859 154724 414848
internal_value=-0.000133798 6.8593e-05 -0.0147461 0.000520214 -0.00180311 -0.00110485 -0.0225906 -0.0569871 -0.000153451 -0.0147429 0.00977965 0.00132169 0.0242387 -0.000448407 -0.00170528 -0.0177485 -0.000447156 0.024502 0.000777883 0.0142309 -0.0587226 0.0273354 -0.00118865 0.0354965 0.0275641 0.0251323 -0.00193022 -0.0121411 0.000406941 0.0202546 0.039589 -0.0183671 0.0477608 0.0546197 0.0716251 0.0206745 0.0801292 0.126545 -0.0159259 0.0228125 -0.0116331 -0.0187488 -0.00197374 0.00195454 0.00466325 -0.0159069 0.00351522 0.0609339 -0.0475765 0.00870099 0.00532434 0.0511185 0.00401927 0.0143494 0.00788638 -0.000470227 0.0463013 -0.0023742 0.170489 0.00341306 0.00317693 0.00719815
internal_weight=61410.9 61094 1807.34 59286.7 33387.1 33147.2 1405.54 656.2 31741.7 2914.7 1871.29 28827 2066.93 26760.1 1608.67 1006.81 770.273 468.596 25319.9 3229.19 1043.41 84.7816 22090.7 437.701 2002.98 601.86 21653 4033.04 17619.9 1887.12 1074.62 132.797 941.821 388.882 174.348 90.4419 262.624 83.9058 3858.69 262.086 212.517 3596.6 15732.8 9944.91 8635.35 1309.56 25899.5 727.802 390.711 2840.3 2621.51 342.789 8578 2549.14 2322.44 1907.49 414.948 1886.59 49.5696 2579.3 25710 12150.9
internal_count=5635248 5389184 395634 4993550 3262819 2805376 2000546 1950199 804830 63001 45903 741829 25348 716481 37249 15820 10869 5462 702521 38271 17098 14266 664250 3895 24699 21429 660355 63510 596845 29078 19309 2366 16943 4775 2046 1104 8654 942 61464 2306 1999 59158 567767 480041 377361 102680 1730731 13669 286729 33496 30869 14578 367723 46106 41614 16865 24749 16729 307 30414 1727595 569572
is_linear=0
shrinkage=0.1


Tree=76
num_leaves=63
num_cat=0
split_feature=26 16 22 16 25 24 25 21 2 17 21 15 16 18 17 15 24 7 9 10 6 9 2 9 0 18 10 6 15 14 22 6 9 16 9 5 10 15 16 0 4 0 25 21 17 16 16 10 2 16 0 18 16 17 6 10 10 9 15 23 18 0
split_gain=41.5551 116.825 121.744 89.907 62.3658 48.0522 45.5101 38.5168 37.6616 35.0861 79.7655 70.4542 58.6079 44.4069 43.0224 33.8638 33.0327 33.506 111.194 69.1682 88.7591 106.311 56.2169 37.9618 34.5152 34.5018 33.6791 35.7038 32.7037 32.6836 44.4825 42.2206 66.2218 51.6005 50.5699 44.4998 47.3112 56.0264 72.7932 63.4943 39.3382 55.2826 123.541 38.6729 40.3011 70.8389 117.416 39.0205 38.1009 71.4763 64.0969 41.9647 40.59 48.4545 37.073 55.5851 39.8247 40.5933 36.8199 36.5078 36.3305 35.2548
threshold=1.5000000000000002 98.598102569580092 9.5000000000000018 78.065486907958999 1.5000000000000002 2.5000000000000004 1.0000000180025095e-35 4.5000000000000009 0.71215134859085094 92.346740722656264 8.5000000000000018 85.117294311523452 90.86270904541017 0.79583334922790538 95.84293365478517 95.862876892089858 6.5000000000000009 20.126582145690922 35.948717117309577 16.53005409240723 15.535444736480715 31.662488937377933 0.7028520703315736 33.589742660522468 0.99999997019767772 0.22902098298072818 8.893280506134035 9.1608390808105487 88.473194122314467 18.500000000000004 7.5000000000000009 27.639257431030277 43.951219558715827 92.545253753662124 55.646631240844734 1.0000000180025095e-35 42.462121963500984 81.698726654052749 78.065486907958999 0.28262521326541906 1.0000000180025095e-35 0.28136256337165838 1.0000000180025095e-35 8.5000000000000018 59.280792236328132 82.380176544189467 79.324596405029311 42.206478118896491 0.82469150424003612 67.615768432617202 0.63378906250000011 0.82085561752319347 96.787097930908217 96.791351318359389 32.049383163452156 29.300813674926761 34.330356597900398 42.967033386230476 80.094341278076186 0.31666667759418493 0.67333334684371959 0.79655864834785473
decision_type=2 2 2 2 2 2 2 2 2 2 2 2 2 2 2 2 2 2 2 2 2 2 2 2 2 2 2 2 2 2 2 2 2 2 2 2 2 2 2 2 2 2 2 2 2 2 2 2 2 2 2 2 2 2 2 2 2 2 2 2 2 2
left_child=7 2 3 -2 5 9 -3 -1 -4 11 15 -5 -13 14 -12 28 17 19 23 20 21 26 25 -19 29 -21 27 -9 -11 31 58 34 33 -33 61 36 37 38 -34 40 41 43 -43 59 45 46 -45 -46 50 -50 51 52 53 60 55 -35 -56 -58 -31 -40 -38 -20
right_child=1 6 8 4 -6 -7 -8 16 -10 10 13 12 -14 -15 -16 -17 -18 18 24 22 -22 -23 -24 -25 -26 -27 -28 -29 -30 30 -32 32 35 54 -36 -37 48 -39 39 -41 -42 42 -44 44 47 -47 -48 -49 49 -51 -52 -53 -54 -55 56 -57 57 -59 -60 -61 -62 -63
leaf_value=-0.015560305275423731 -0.045345245109168597 0.02419348292461623 -0.072611879003333754 0.012182290975847431 -0.042094125640972535 -0.11142766562555342 0.11027057696264451 0.011968658582955377 -0.029073883203196517 0.007987552572454178 0.045877155704161524 -0.0083986625101147346 0.11722139278606927 -0.080612874882398461 0.2581021278122359 0.13032778518253116 -0.11024340452269597 -0.019187744506549826 0.042945844213848457 -0.073816113063145825 -0.1052259128032923 -0.070882108623888607 0.0073478880657933373 -0.060452389521724728 0.067817026384280582 0.061399090342366069 0.050532682869914851 -0.13950728182147273 -0.052652871572162967 -0.039775353818705367 -0.068676350035712583 -0.05754771657610705 -0.020953025042900818 -0.046300327001175076 -0.056356224682795254 -0.001307309279231221 0.0039805590887268738 0.0059479968417098517 -0.063894665081764668 0.047813816134560004 0.082131791533923859 4.9593201556381876 0.35200985737004209 0.77943858252235254 0.24233339759987971 0.53635743883757492 6.1380010006924257 1.0600262529169511 -0.021862263626681255 0.013583365527746872 -0.011272109942741 -0.021046063473470471 0.021533143674871909 0.048539695036679313 -0.061381040868089889 0.036648101437148466 0.0085283115686242729 -0.094932017946663408 0.021844103724274904 0.20998022786488879 -0.019405013072048914 -0.012405308610964207
leaf_weight=1452.3670708636855 458.12326390953967 308.4778599111014 397.5561732576025 986.41796640701796 254.02593050465657 31.370531101056258 76.694489037618041 79.964889943730668 397.1779659871172 139.99815431873139 17.836443666659761 52.566345195475151 126.55338608651073 9.6314180832996481 20.566248970993911 13.548489345979759 26.711903190458543 1050.9881427456567 586.14972016683168 19.664468621456763 86.010563318712229 136.39031119394349 465.55693450952822 282.9656608962905 77.871316439763177 467.55148109317815 272.19583390166372 19.320202269249421 243.829360253716 173.23476839958312 154.00457356678089 304.11164224320237 112.18607343929034 112.91330806528276 70.950430065262481 25349.990047754109 11212.922593358824 706.91001810072339 7.8094061182055183 290.18399145313015 48.690092449542135 0.079046879545784487 0.22066782397450879 0.11287193551834451 19.746111967499022 0.92099507607053965 0.064120955430553295 0.60136970721941807 629.51556386066659 5908.3807591954828 3325.1239658037957 631.33240086620208 1387.5909748788108 234.05076423779246 208.84757127462944 283.94085762357281 281.3087259234162 43.832389539922588 220.27740697489935 12.919032382240401 706.15261043308419 143.17932640371146
leaf_count=117604 391542 9557 299570 82641 99843 734 830 18445 9257 9757 776 3216 3845 211 165 189 923 462683 223967 42973 30339 39742 11506 193941 86539 147974 47188 6146 9025 93194 19981 668918 140773 26039 8907 1207808 533819 51535 13734 41111 885 24 273 44 7702 161 91 151 7782 179407 66835 19200 27607 3526 46191 28401 36759 7810 29325 2038 12290 1799
internal_value=-0.000127703 -0.0106528 -0.017011 -0.00558785 0.00401683 0.0111491 0.0413329 0.000518058 -0.0508532 0.013536 -0.0103371 0.0226592 0.0803556 0.11138 0.159533 -0.0250502 0.000933913 0.000986824 0.000575527 0.0155011 -0.0112844 0.00462502 0.0321971 -0.027941 0.00128994 0.0559417 0.0323477 -0.0175075 -0.0305347 0.0011925 -0.0231138 0.00144541 0.0010934 -0.0217856 0.024239 0.00165195 0.00462464 0.023999 0.0498543 0.0706846 0.143485 0.213817 1.56714 0.2042 0.298345 0.888474 2.72074 0.2665 0.00365697 0.0101704 0.0012232 0.00415492 0.00532991 0.00347989 -0.0101019 0.0130475 -0.0273064 -0.00541921 -0.00528246 0.106798 0.00259507 0.0320795
internal_weight=61140.2 3534.37 3149.2 2354.47 1896.34 1642.32 385.172 57605.8 794.734 1610.95 445.41 1165.54 179.12 48.0341 38.4027 397.376 56153.4 56126.7 54580.1 1546.65 593.882 507.871 952.773 1333.95 53246.1 487.216 371.481 99.2851 383.828 53168.3 547.517 52620.7 51820.5 1234.95 800.279 50585.5 25235.5 1200.44 493.534 381.348 91.1637 42.4736 0.299715 42.1739 21.4455 1.09799 0.176993 20.3475 24035.1 6537.9 17497.2 14172 13540.7 12153.1 930.843 396.854 533.989 325.141 393.512 20.7284 11919.1 729.329
internal_count=5635248 921158 910771 601944 210402 110559 10387 4714090 308827 109825 20123 89702 7061 1152 941 18971 4596486 4595563 4251250 344313 141860 111521 202453 656624 3594626 190947 71779 24591 18782 3508087 142500 3365587 3130914 814118 234673 2316796 1108988 258522 206987 66214 25103 24218 297 23921 8149 296 135 7853 850466 187189 663277 596442 577242 549635 145200 54440 90760 44569 122519 15772 546109 225766
is_linear=0
shrinkage=0.1


Tree=77
num_leaves=63
num_cat=0
split_feature=3 9 16 11 9 8 18 11 11 3 8 21 2 14 10 6 9 8 9 21 8 8 9 14 15 0 9 16 6 6 10 14 0 3 16 26 18 0 17 11 15 9 15 2 14 14 0 2 0 2 27 21 26 23 21 16 0 2 18 21 2 2
split_gain=36.4807 75.8395 221.527 120.194 79.1364 78.0993 126.017 70.9812 67.2607 63.976 55.6326 98.3844 71.2053 49.0902 49.0245 51.8138 48.9636 46.832 46.8104 45.8534 41.1501 40.3216 71.8156 50.2807 47.9659 45.7187 37.1986 35.9699 35.2193 34.9186 34.5249 47.2335 34.5133 33.4602 33.412 33.1839 65.6359 48.8803 56.3636 68.3353 36.4499 35.0898 35.4327 44.6472 35.5087 34.7095 35.0026 43.6007 43.4013 55.9324 39.4934 60.1433 79.4422 62.233 40.0568 36.0328 33.5006 41.7518 32.6968 32.9599 32.6953 32.2436
threshold=3.5000000000000004 64.747306823730483 84.870288848876967 0.18333333730697635 85.912700653076186 98.07621002197267 0.95119047164917003 0.31666667759418493 0.31666667759418493 20.500000000000004 28.718704223632816 6.5000000000000009 0.86158844828605663 5.5000000000000009 16.53005409240723 15.535444736480715 51.471860885620124 73.746868133544936 99.333332061767592 7.5000000000000009 17.712418556213382 62.575302124023445 73.765182495117202 8.5000000000000018 1.0000000180025095e-35 0.38444003462791448 39.173061370849616 81.501609802246108 89.699382781982436 12.183054924011232 38.529016494750984 4.5000000000000009 0.93393263220787059 4.5000000000000009 85.631710052490249 1.0000000180025095e-35 1.0000000180025095e-35 0.7368028759956361 97.45212554931642 0.36931818723678594 85.77951812744142 98.213714599609389 93.764953613281264 0.66015532612800609 8.5000000000000018 19.500000000000004 0.26942645013332372 0.47389775514602667 0.4615634977817536 0.81346824765205394 1.0000000180025095e-35 6.5000000000000009 1.5000000000000002 0.10555555671453477 7.5000000000000009 95.093433380126967 0.37466986477375036 0.38219055533409124 0.93933823704719555 11.500000000000002 0.66015532612800609 0.57724398374557506
decision_type=2 2 2 2 2 2 2 2 2 2 2 2 2 2 2 2 2 2 2 2 2 2 2 2 2 2 2 2 2 2 2 2 2 2 2 2 2 2 2 2 2 2 2 2 2 2 2 2 2 2 2 2 2 2 2 2 2 2 2 2 2 2
left_child=35 2 7 4 30 9 -7 -2 10 21 12 -12 13 29 15 -15 -10 27 -6 -18 -16 22 -5 24 25 28 -13 -11 -23 -4 -3 -32 58 -9 -26 37 -37 38 -1 40 -40 -41 -43 44 -44 46 50 56 49 -49 51 55 53 -53 -52 -38 57 -48 -14 -60 -27 -50
right_child=1 3 8 5 18 6 -8 33 16 17 11 26 32 14 20 -17 19 -19 -20 -21 -22 23 -24 -25 34 60 -28 -29 -30 -31 31 -33 -34 -35 -36 36 45 -39 39 41 -42 42 43 -45 -46 -47 47 48 61 -51 54 52 -54 -55 -56 -57 -58 -59 59 -61 -62 -63
leaf_value=0.008493005271526799 -0.070328699766023003 -0.027594485041741154 0.075073684829649254 -0.0054822982013377547 0.078906459752242974 0.00021581776678970984 0.080735547937500707 0.18010095070151372 0.14585512822425747 -0.074030375609873231 -0.042985329599036282 -0.04128650824688182 -0.050410645828647266 0.0058546371041974668 0.080819009587631899 -0.12040272252534978 0.064465135282645622 -0.076483050848726961 -0.0891289447698288 -0.011133577463165421 0.025721400791608368 -0.0091788134366504997 0.074445002572470123 -0.055168590941869239 -0.043279669240032702 0.095135906127640807 0.0028453430517541897 0.026563919559991496 0.057533942681152223 -0.01763033735240245 -0.0037941433829570578 0.035047583309311618 -0.12207691576027678 0.0020564205880670081 -0.011246044082376538 -0.094784500128794302 -0.0057290561355891742 0.02570499892253077 -0.12020908619106999 0.042734940576580192 -0.027482266610663938 0.090889864291901157 -0.21075191088446413 -0.10395302748776931 -0.96656016774981479 -0.050454493448622212 -0.013408024689902397 0.021218864472727528 -0.014383813455248105 -0.042578474558566282 0.0069888940512179646 0.024225565474619477 -0.024330750029408623 0.087949979081376334 -0.075536370261206479 0.052475510425418259 -0.02383762715419227 0.016504527639260972 -0.015011943732943706 0.059386007721835402 -0.036352958012799197 0.0018509795463935181
leaf_weight=5333.4645148447598 729.42194841265155 168.25031010880775 44.0637262698001 427.78606134190341 304.10116491506051 21141.593562620867 196.171418444952 13.848700140209983 36.887059172964655 53.678707191080321 993.21882067687693 220.72506953500852 221.40922238041821 172.72506931901444 163.67265469013364 40.03804776101606 150.73861063213553 256.88914102250419 17.534221856796648 171.52672464610077 788.95918249784154 457.6356905659195 152.48774180961482 260.01700062882446 361.77332328126067 98.747463678242639 1418.0109282812336 105.22875962400576 95.678571085445583 521.5938536812173 501.10287080290436 834.38430737137969 33.999957324704155 44.385237345195492 3256.7699247105047 72.183741727822053 791.69259453316045 1322.7157130509731 45.310359147260897 200.02058443636633 658.21468843874754 6.2962090151850161 1.2751867714105167 9.6251943539828044 1.2127821943722663 131.4003465611604 1328.3452351979286 1745.5119430699851 1396.5960494206811 149.1664289181208 162.71764220175828 305.72180404888786 153.2341413714239 307.29418487298972 92.11255737409374 122.86848521439242 1219.2264789348847 719.30599193289527 389.35268889449071 70.299013941723388 23.389964128145948 9861.7326778782081
leaf_count=300541 1822194 14592 3706 24688 18233 838975 119872 2015 352 22127 249258 74573 8014 23273 17359 9994 2314 54785 897 2250 164816 46243 5112 29379 81270 1783 159769 2539 722 128179 10497 20167 313 13832 49577 168123 267774 144095 1925 10970 15094 549 203 1037 57 57654 113044 66913 24062 2333 19469 70583 95810 21018 7915 3413 38555 50763 5455 1039 266 122919
internal_value=-0.000162241 -0.00227611 -0.0122824 -0.0001068 0.0247247 -0.00179257 0.000956086 -0.0618466 -0.00510237 -0.01236 -0.00806026 -0.0181508 0.0027969 0.0137626 0.0254948 -0.0179046 0.0367194 -0.0500875 0.0697459 0.0242275 0.0351878 -0.00930469 0.0155215 -0.012468 -0.00988237 0.0145804 -0.00309888 -0.00741668 0.00235709 -0.0104089 0.0150951 0.0204734 -0.0237492 0.0443975 -0.0144487 0.00266341 0.000386549 0.00823952 0.00454642 -0.0182844 -0.0334543 0.0305754 -0.10154 -0.201561 -0.579177 0.000758152 0.00112476 -0.000374555 0.00219357 0.0161962 0.0138434 0.0194052 0.0400711 0.0561695 -0.0228412 0.00209055 -0.0107143 -0.00290024 -0.0188405 -0.00363354 0.0699551 -0.000162947
internal_weight=61075.3 34938.1 6224.88 28713.2 1825.37 26887.8 21337.8 787.656 5437.22 5550.08 5078.07 2631.95 2446.11 1731.05 1165.39 212.763 359.152 415.797 321.635 322.265 952.632 5134.29 580.274 4554.01 4293.99 675.452 1638.74 158.907 553.314 565.658 1503.74 1335.49 715.061 58.2339 3618.54 26137.2 18559.1 7578.14 6255.42 921.955 703.525 218.43 18.4094 12.1132 2.48797 18486.9 18355.5 16419.9 13153 1894.68 1935.64 1680.81 766.25 613.016 254.83 914.561 3266.88 2047.65 681.061 459.652 122.137 11258.3
internal_count=5635248 4030429 2688705 1341724 64386 1277338 958847 1838041 850664 318491 845748 483600 362148 347327 215442 33267 4916 79451 19130 4564 182175 239040 29800 209240 179861 49014 234342 24666 46965 131885 45256 30664 14821 15847 130847 1604819 1130348 474471 330376 29835 17019 12816 1846 1297 260 962225 904571 418589 216227 69246 485982 458598 187411 91601 27384 271187 202362 163807 14508 6494 2049 146981
is_linear=0
shrinkage=0.1


Tree=78
num_leaves=63
num_cat=0
split_feature=1 7 3 1 9 16 11 11 9 8 8 16 17 7 9 14 11 9 11 11 9 17 8 15 8 18 14 10 10 1 14 15 8 18 24 16 9 9 18 3 24 9 15 17 16 26 18 15 15 18 17 17 17 8 11 14 11 7 5 16 8 3
split_gain=42.7603 54.3914 34.7774 82.7561 86.4885 103.603 67.9296 52.5321 84.4674 84.9525 56.4393 55.5444 89.8858 50.5522 59.9534 109.129 54.8921 51.4557 50.2472 47.6787 63.1711 47.1082 47.1117 46.2386 43.227 44.2098 42.6239 41.8177 35.1285 34.2339 34.1954 33.8414 45.6905 30.4864 29.7306 44.7067 44.8876 29.526 29.1598 28.4629 28.3607 28.0702 27.454 30.602 67.2853 48.2308 45.7487 36.8297 37.3187 35.2593 35.1993 34.9162 29.2344 27.2782 30.7429 31.3815 26.5904 28.4199 26.5322 26.5004 26.1787 52.8978
threshold=28.500000000000004 62.115564346313484 3.5000000000000004 4.5000000000000009 64.747306823730483 83.654914855957045 0.2264957278966904 0.15476191043853763 90.399383544921889 77.032970428466811 93.419914245605483 55.193569183349616 75.484191894531264 68.801231384277358 84.273937225341811 5.5000000000000009 0.2264957278966904 46.291208267211921 0.31666667759418493 1.0000000180025095e-35 86.72955703735353 82.388591766357436 27.334994316101078 38.972045898437507 84.680576324462905 0.91106721758842479 4.5000000000000009 37.590579986572273 75.162338256835952 3.5000000000000004 4.5000000000000009 82.27399063110353 67.068271636962905 0.17519181966781619 1.5000000000000002 69.104278564453139 68.801231384277358 77.849929809570327 0.62731480598449718 6.5000000000000009 1.5000000000000002 89.386734008789077 48.900966644287116 94.513019561767592 94.458400726318374 1.5000000000000002 0.45227272808551794 95.862876892089858 90.939495086669936 0.62731480598449718 88.251724243164077 99.80237197875978 95.093433380126967 69.028213500976577 0.2264957278966904 5.5000000000000009 0.38750000298023229 48.934240341186531 1.0000000180025095e-35 95.260559082031264 88.493064880371108 17.500000000000004
decision_type=2 2 2 2 2 2 2 2 2 2 2 2 2 2 2 2 2 2 2 2 2 2 2 2 2 2 2 2 2 2 2 2 2 2 2 2 2 2 2 2 2 2 2 2 2 2 2 2 2 2 2 2 2 2 2 2 2 2 2 2 2 2
left_child=2 40 7 -4 5 18 21 8 9 11 26 -1 34 17 15 16 -15 -9 -5 20 27 -7 -23 -14 25 31 41 -6 -25 -18 -29 32 37 -3 35 36 -13 -19 -36 -20 -2 -11 -16 47 45 -45 52 48 -44 -49 -50 -48 -46 54 55 -27 57 -55 -37 -52 61 -21
right_child=1 33 3 4 19 6 -8 13 -10 10 -12 12 23 14 42 -17 29 24 39 60 -22 22 -24 28 -26 53 -28 30 -30 -31 -32 -33 -34 -35 38 58 -38 -39 -40 -41 -42 -43 43 44 46 -47 51 49 50 -51 59 -53 -54 56 -56 -57 -58 -59 -60 -61 -62 -63
leaf_value=-0.068766128861535269 -0.056906743307790199 -0.037437303962493666 0.0019393533901187537 -0.072645414043077242 -0.066445971230609191 0.0068267112299571055 0.053744455112440685 0.14836738122593807 0.083588162731899687 -0.1048830701414749 0.11623479681315314 -0.060260414193275651 -0.080549894986359144 -0.10183417875459522 0.011121424318773665 -0.054304084116589803 0.014483965160846178 0.0089573925964892935 0.12936294406533141 -0.0092589673258799046 0.085566490329133812 -0.0074661011735377902 -0.044958363916399346 0.0067319208086815104 0.010661438567460643 -0.19609984230912003 0.11435567022701887 -0.013301391197302406 0.087835977561430634 0.045157066570665878 0.037049380676558108 -0.022720518032876138 -0.023622016911711518 0.018973338896974078 0.092750430296413236 0.063950071326225322 0.11403978268105275 0.067391559474019258 0.016828763482105508 -0.030581737645824416 0.032847293446437623 -0.39545111880938721 -0.0020878970420866376 0.039242602989310267 -0.05228112640087295 -0.027478991494412339 -0.0069754103003721495 0.16844404867243329 0.052733147271435389 -0.00055905172871813453 -0.033988682242902246 0.017039818803014497 0.14594517501117629 0.0013672542835153371 -0.0093096460053577156 -0.020853510612208991 -0.03993495602501286 -0.15393965804311446 0.018426348247139453 0.01475641774736444 -0.0034491724212919275 -0.054463003951761783
leaf_weight=82.147876566974446 374.11064534251636 137.90769132725836 21433.681966433331 497.00560441238486 68.524312354347785 508.43792580834997 137.14679033578432 20.36379869261873 162.83048236524337 96.283842284057755 14.123588302289134 83.942503774102079 59.901889941102127 31.177053805964533 2357.5532080674893 173.07314265811874 628.76858739118325 535.78803197511297 19.276788652416144 1642.8420129245496 123.37047674687346 588.29481018889783 778.89470375890232 3050.9988351520878 724.06127327197464 19.664256442338228 8.8263619752251525 229.12988041664357 54.355550862266682 863.66543219298183 327.91928936530894 1276.7184731900634 435.26922551031748 313.79983869654825 182.3712419479707 277.13582013927225 17.931261869613081 103.1124242234946 70.008506282800226 26.313281934242696 38.862520683171169 3.4435868342407039 8069.1653737625602 801.39794056798564 9.5514126333873701 125.2767938231118 2619.23655237403 24.201028564712033 58.407355093688238 25.19836134306388 809.78488021134399 787.42059652484022 33.655738306581043 14.63609359692782 185.92456554900855 21.271752649918199 76.673935908824205 60.435357282869518 237.94932464633166 129.3440814736532 7928.7929920399911 307.29221220432373
leaf_count=83732 544024 64522 684510 1575526 11063 202498 2582 888 12100 1754 1122 111292 2354 440 110265 5830 14211 25427 4189 155927 5196 192585 362185 220569 29060 200 249 4654 3787 18259 8103 17788 23450 6442 11927 44270 441 2149 1680 10584 9506 120 158069 14165 103 1534 68303 330 2360 2411 11792 67711 317 219 2987 311 1582 784 46151 3434 585829 79396
internal_value=-0.000150697 -0.0222301 0.000167285 -0.00189523 -0.00812961 -0.0246479 -0.0141935 0.00297568 0.0129088 0.0101941 -0.0718088 0.0126378 0.0142952 0.000895454 0.00307746 0.0209433 0.029491 -0.0101259 -0.0634288 -0.00415795 0.020168 -0.0191611 -0.0288256 0.00647289 -0.0110605 -0.0168227 -0.0962746 0.0072706 0.00815155 0.0322344 0.0163387 -0.0117153 0.00136499 0.001751 0.0427762 0.0309483 -0.029581 0.0183881 0.0716903 0.0370475 -0.0484605 -0.114916 0.00116501 -0.000574666 0.00629864 0.0302225 -0.000127603 -0.00387447 -0.00434364 0.0822365 -0.0225905 -0.00142449 0.102125 -0.0485359 -0.026583 -0.105036 -0.0813557 -0.123661 0.0429199 -0.0272751 -0.00600215 -0.016382
internal_weight=60904.7 864.681 60040 34616.9 13183.2 2555.37 2012.77 25423 4402.25 4239.42 122.677 4116.74 4034.59 21020.8 17546.9 1696.68 1523.61 3473.92 542.596 10627.9 748.944 1875.63 1367.19 3165.26 3453.56 2729.49 108.554 625.573 3105.35 1492.43 557.049 2350.89 1074.17 451.708 869.339 616.959 101.874 638.9 252.38 45.5901 412.973 99.7274 15850.2 13492.6 4376.54 926.675 3449.86 9116.1 9066.7 49.3994 997.536 3406.66 43.2072 378.606 226.861 40.936 151.745 75.0715 515.085 939.129 9878.93 1950.13
internal_count=5635248 624494 5010754 3884827 3200317 2350149 759850 1125927 541548 529448 3245 526203 442471 584379 479534 38740 32910 104845 1590299 850168 29016 757268 554770 226710 103957 74897 2123 23820 224356 32470 12757 68814 51026 70964 215761 202154 111733 27576 13607 14773 553530 1874 440794 330529 152133 15699 136434 178396 175655 2741 17586 136014 420 6083 3498 511 2585 1003 90421 15226 821152 235323
is_linear=0
shrinkage=0.1


Tree=79
num_leaves=63
num_cat=0
split_feature=1 3 21 15 7 9 11 8 11 10 6 3 18 1 0 7 24 15 6 9 11 7 9 6 21 8 9 0 0 18 9 1 7 0 18 9 9 8 21 9 21 10 24 11 4 4 10 17 21 21 26 15 8 17 1 10 3 8 11 11 18 17
split_gain=38.0038 32.2734 30.6413 29.2923 28.8606 121.794 97.2368 86.764 175.115 79.446 103.107 74.1681 104.504 61.7649 55.2935 86.141 58.5111 61.3931 53.1189 49.5528 47.1987 46.345 44.9181 58.9017 44.7733 42.9415 42.2779 39.5753 39.2531 38.9693 38.9541 37.0258 36.8944 44.6016 59.4128 41.3345 36.1125 35.8458 33.3063 32.7788 32.4065 32.3623 31.451 31.4443 30.9517 30.6821 33.7505 30.4201 30.1646 29.6965 41.0549 30.2756 35.6147 29.2575 28.902 28.8234 28.9391 28.8164 28.4489 27.2649 35.0959 37.8766
threshold=58.500000000000007 152.50000000000003 4.5000000000000009 75.415355682373061 59.122919082641609 85.053192138671889 0.18333333730697635 59.491636276245124 0.31666667759418493 93.40579986572267 86.319076538085952 6.5000000000000009 0.54006412625312816 23.500000000000004 0.49591204524040228 24.068965911865238 1.5000000000000002 68.665706634521499 57.321428298950202 63.733076095581062 0.31666667759418493 48.52813911437989 91.476997375488295 75.615615844726577 6.5000000000000009 68.614070892333999 48.074073791503913 0.93393263220787059 0.99999997019767772 0.30602006614208227 94.494949340820327 7.5000000000000009 30.860805511474613 0.72551110386848461 0.98275861144065868 67.099567413330092 60.158729553222663 93.419914245605483 7.5000000000000009 99.333332061767592 6.5000000000000009 65.545505523681655 1.5000000000000002 0.15476191043853763 1.0000000180025095e-35 1.0000000180025095e-35 58.578638076782234 98.715198516845717 6.5000000000000009 7.5000000000000009 1.0000000180025095e-35 90.338954925537124 34.525329589843757 98.51843643188478 1.5000000000000002 85.89511871337892 6.5000000000000009 73.401363372802749 0.095454547554254546 0.31666667759418493 0.25357143580913549 76.220237731933608
decision_type=2 2 2 2 2 2 2 2 2 2 2 2 2 2 2 2 2 2 2 2 2 2 2 2 2 2 2 2 2 2 2 2 2 2 2 2 2 2 2 2 2 2 2 2 2 2 2 2 2 2 2 2 2 2 2 2 2 2 2 2 2 2
left_child=1 2 -1 -2 5 7 9 11 38 10 18 13 26 14 15 29 59 -18 58 20 -8 48 23 36 25 39 -13 32 -21 -4 -12 -16 33 34 -14 40 45 -27 -9 -7 -34 -26 -15 -38 -33 46 -20 -31 -10 51 53 -28 -53 -51 -35 56 -25 -43 -6 60 -17 -62
right_child=3 -3 4 -5 6 24 19 8 21 -11 30 12 27 42 31 16 17 -19 22 28 -22 -23 -24 55 41 37 49 -29 -30 47 -32 44 35 54 -36 -37 43 -39 -40 -41 -42 57 -44 -45 -46 -47 -48 -49 -50 50 -52 52 -54 -55 -56 -57 -58 -59 -60 -61 61 -63
leaf_value=-0.013997256794208225 -0.060213824251254044 -0.035206749555142879 -0.023461997503521279 0.023068624996997078 0.11386378005587915 0.11370656781116538 -0.10310393885183307 -0.11320470726598181 0.038634179732166318 0.10663208671785573 -0.14487831680418886 -0.078081488831941021 0.0028086140100876682 -0.047094233579672108 -7.1964990327158973e-05 -0.043104221526554333 0.064875112820410336 -0.0033589331858154478 0.050225798011595803 0.00051300599025466719 0.059414017015348264 -0.026704018274799703 0.092907460256757723 -0.061252619181413108 -0.0045453836886144901 -0.031312651272888424 -0.063747849269917473 -0.10745567858107907 0.078178781594211252 0.062853531667519738 0.080133415569215841 -0.0031219376466738733 -0.046428326575673397 0.010019545464444978 0.0593609447843014 0.022598623789305151 0.017537081277543231 0.055556721791989887 -0.055265102341436993 -0.09995213302220772 -0.010964232365509415 0.10012634461329778 0.031004247814423194 0.092163902309123621 -0.072579571706187937 0.084657895894303767 0.54451469965366561 -0.046493628203548847 -0.0072342336344882255 0.045958002878749904 -0.060924756916069904 1.1586703885440839 0.1233396609359345 -0.1461860437833063 -0.0352583170170397 0.10299439310927212 0.041447861355285651 0.00092426394560442499 -0.1110510862708632 0.03820595599008892 0.021868673514897848 -0.011777441795683454
leaf_weight=1489.4371024186985 177.79867253572593 259.02018261808553 66.709788614403806 55.388950645348814 85.823596671863925 133.88325193320634 19.448301135795191 204.41638205698109 240.91253019883152 114.66749960044399 49.427960342727602 302.14058521811967 599.36928954126051 343.36309596005594 4126.201796989757 216.53905481491529 307.87956137905712 230.64314199001092 2.3340524149243747 43212.50184762408 220.21922400228505 693.55436690593342 79.892687702027615 158.23844113288214 324.37411009079369 63.912668077813578 165.87367281053594 38.180766185745597 65.173211471177638 519.6403719845548 9.1122306119650585 123.54355614838278 432.8502622565793 249.24395345748053 269.21278387383791 216.47190540842712 881.99092424912669 184.98842159927881 192.78275505026977 7.5873771667247629 636.6386744609481 66.517081371683162 60.67638791706122 60.323052650681348 133.46808242681436 23.661106817075051 3.3844944724114612 26.751441778935259 354.12092433462385 117.83153162332019 73.592915669360082 0.39496373711153809 2.0926567926508142 8.4961160187376645 324.5601266927988 14.455899244640021 33.192520685261115 52.309096266573761 6.0181520570768035 155.7811174596718 515.21199006750248 954.31929618601134
leaf_count=127269 223926 82409 90449 36019 2017 7957 1867 27920 14335 17295 959 1140547 164432 422153 84840 261734 33233 19168 66 1531336 5474 44919 3071 2614 15470 4995 152925 504 86547 121776 484 25169 88680 2973 12145 3435 16406 19582 9422 393 73507 4384 12782 1233 2663 283 73 1121 10414 19888 56495 151 147 312 9374 572 665 1365 615 8161 219868 304260
internal_value=-0.000139149 1.60878e-05 0.000167473 -0.0404318 0.000526414 -0.00348596 0.00175018 -0.00587919 -0.0270319 0.026591 0.0200718 -0.00270036 -0.0149347 0.00270386 0.00478903 0.0152655 0.00665634 0.0356512 0.0257086 0.000881082 0.0462262 -0.00913793 0.0203465 0.0154236 0.0335606 0.058255 -0.0503567 -0.00635076 0.000629965 0.0486907 -0.109854 -0.00236577 -0.00493589 0.00604414 0.0203367 -0.0172515 0.0257184 0.0332505 -0.0850834 0.102248 -0.0253175 0.0118097 -0.0353658 0.0223144 -0.0391918 0.134897 0.342768 0.0574999 0.0113366 -0.0276112 -0.00155233 -0.0585547 0.287721 0.0330354 -0.0155909 -0.0331633 -0.0434452 0.0564561 0.0991257 -0.00182122 -0.00551945 1.87562e-05
internal_weight=60758.5 60525.4 60266.3 233.188 58776.9 13737 45039.9 12903.5 1685.79 1522.52 1407.86 11217.7 3436.95 7780.73 7376.69 2993.48 2380.37 538.523 1349.31 43517.3 239.668 1288.59 1257.47 1177.58 833.572 390.372 670.422 2766.53 43277.7 613.102 58.5402 4383.21 2728.35 1442.39 868.582 1285.96 971.694 248.901 397.199 141.471 1069.49 443.2 404.039 942.314 257.012 29.3797 5.71855 546.392 595.033 368.282 199.921 168.361 2.48762 126.328 573.804 205.887 191.431 118.826 91.8417 1841.85 1686.07 1469.53
internal_count=5635248 5375303 5292894 259945 5165625 3494048 1671577 3439902 107010 46353 29058 3332892 1725515 1607377 1172442 1059770 846424 52401 27615 1625224 7341 69668 24983 21912 54146 32927 1370465 355050 1617883 213346 1443 112672 354546 188924 176577 165622 18061 24577 37342 8350 162187 21219 434935 17639 27832 422 139 122897 24749 229918 76695 153223 298 20200 12347 3851 3279 5749 2632 794023 785862 524128
is_linear=0
shrinkage=0.1


Tree=80
num_leaves=63
num_cat=0
split_feature=1 3 26 21 24 3 11 26 17 0 17 0 2 1 0 16 2 2 0 2 0 3 16 16 17 21 1 25 15 16 21 15 21 15 16 7 9 27 21 23 21 15 23 26 16 7 7 11 17 6 15 3 16 3 21 2 11 3 17 21 16 11
split_gain=31.865 29.6945 28.2715 30.9773 27.5496 27.4934 44.7144 29.2525 157.536 56.8849 45.0995 43.7107 70.5773 102.441 87.5449 62.7997 68.1873 59.6465 58.5626 132.462 52.1257 67.0518 50.8416 49.8878 48.829 48.3272 40.3971 38.9839 59.2128 65.2515 61.4848 53.5146 48.3313 47.5566 34.2281 32.2389 51.3629 47.312 70.6025 72.6046 56.5148 55.5515 49.6273 39.3358 36.5795 57.0902 32.0667 31.1503 221.173 54.683 43.7127 43.1624 42.5396 38.166 31.2879 31.1277 32.0659 30.992 44.3598 56.3579 44.1088 70.9168
threshold=58.500000000000007 1.5000000000000002 2.5000000000000004 7.5000000000000009 1.5000000000000002 51.500000000000007 0.77500000596046459 1.0000000180025095e-35 46.827678680419929 0.95763123035430919 99.80237197875978 0.78429833054542553 0.78133010864257824 1.5000000000000002 0.65679460763931286 97.833908081054702 0.87487441301345836 0.65182989835739147 0.49591204524040228 0.49600537121295935 0.37240479886531835 7.5000000000000009 96.437637329101577 93.367176055908217 93.734905242919936 13.500000000000002 1.5000000000000002 1.0000000180025095e-35 97.446762084960952 99.760765075683608 6.5000000000000009 95.862876892089858 11.500000000000002 98.048732757568374 50.142856597900398 21.483516693115238 48.834688186645515 1.0000000180025095e-35 7.5000000000000009 1.0000000180025095e-35 7.5000000000000009 67.397308349609389 0.26136364042758947 1.5000000000000002 60.479471206665046 85.028736114501967 52.240802764892585 0.81666666269302379 57.217262268066413 95.69842910766603 1.0000000180025095e-35 21.500000000000004 37.54194641113282 14.500000000000002 8.5000000000000018 0.38417798280715948 0.6904762089252473 24.500000000000004 93.88999176025392 5.5000000000000009 88.251724243164077 0.31666667759418493
decision_type=2 2 2 2 2 2 2 2 2 2 2 2 2 2 2 2 2 2 2 2 2 2 2 2 2 2 2 2 2 2 2 2 2 2 2 2 2 2 2 2 2 2 2 2 2 2 2 2 2 2 2 2 2 2 2 2 2 2 2 2 2 2
left_child=1 4 5 -4 -1 7 -7 47 34 10 11 12 14 24 17 16 -13 18 19 20 21 35 -21 46 -14 -18 -19 28 30 -30 31 -12 -31 -34 -9 -10 -37 38 55 44 42 43 -39 -41 45 -40 -23 57 49 53 -51 -50 -52 -49 -54 -38 -57 58 59 60 61 -3
right_child=-2 2 3 -5 -6 6 -8 8 9 -11 27 15 13 -15 -16 -17 25 26 -20 22 -22 23 -24 -25 -26 -27 -28 -29 29 32 -32 -33 33 -35 -36 36 37 40 39 41 -42 -43 -44 -45 -46 -47 -48 48 51 50 52 -53 54 -55 -56 56 -58 -59 -60 -61 -62 -63
leaf_value=0.020158499602388798 -0.037570539779154491 -0.061604177816459077 -0.011566066570749475 -0.085980421876447999 0.11286781785701049 -0.042269333506163444 -0.004158491441902651 -0.087220831353942568 0.062123394639848922 -0.086433008204387915 0.00046274682075211264 -0.030422649235824242 -0.011197724830854306 0.02302197053911198 -0.020345825359083136 -0.031024186141194239 0.00080264311825259296 -0.013096529653754158 -0.013975240176105661 0.013258224068924646 -0.017938301062581288 -0.084601965159007114 0.049110098519854997 0.027818061814155068 0.011163492407730667 0.048936271023588912 0.016137069261943859 0.061875250622493119 0.11027916959219777 -0.096776409857588896 0.03610494447811205 -0.13037763272976199 0.042422064699414924 -0.068649095039631375 0.034820619884505667 -0.039761135825802062 -0.0071317595329934164 0.14309731312922566 -0.032298403862462792 0.083831255728995149 -0.066308095606461073 -0.0062329993304836313 -0.0092591622192976057 -0.0037165704177507235 0.00024954889828101889 0.1567594643858059 -0.02746883715708668 0.072900110373536289 0.063922300955544867 0.0021292753787636137 -0.10380670033575803 -0.024608517503166442 -0.048687582904747374 -0.0055449940236737688 0.080736658012943482 0.03316124971869127 -0.0082198175621052607 -0.017126803007902078 -0.0048812563260972209 0.010773034262033805 0.012158733299061215 -0.0068057207044009763
leaf_weight=172.68250736698974 226.46299737005029 279.429029407489 208.22773934244469 76.490333654073766 39.358668206783477 383.27236706038821 1564.5948270027875 254.86317150498508 90.189878131648584 77.573829503729939 135.54817885466036 657.36737144265499 2301.2305648678303 2882.8260774536975 2561.1029958511208 1156.5948589118198 1583.7276858881814 566.49416127252334 3839.3501691719721 2176.3996868011818 2504.0765485342636 166.46699677067227 483.39823416757281 100.45900570254889 1696.4096500179294 240.23089965127292 2855.0075462986497 170.07628635672154 30.339204976800829 105.79812954406952 730.32042083665146 40.630021569901146 83.095597839681432 71.906314938445576 25.258486486352922 280.68463674835948 2109.7347736993397 22.893909566220827 27.300502914833487 369.27125173462264 196.70028208395524 116.39561501941353 323.21250619339116 59.605228127940791 684.91203001022222 38.493614138671546 239.68235490601364 182.74497091857484 755.39473293389892 7137.2637968277559 77.68999887193786 59.400658351310994 49.380288216983899 93.885764989245217 30.042536868480965 459.4871920052974 316.06689067401749 941.64024439054629 6394.8985287353862 6752.9446317365655 866.49860516187618 1525.250797861605
leaf_count=2677 259945 145792 86865 137767 845 301983 117654 464178 129647 752 2277 7269 26274 51814 35269 14028 15699 6964 90754 189017 216390 642456 11427 31412 20894 2598 85184 6550 558 1008 8750 427 714 596 8950 730509 122931 425 11578 7199 3874 3865 7003 3398 30994 2843 29976 1835 312949 70750 17687 7720 5923 2314 1421 19567 5214 209975 249341 549378 37205 63990
internal_value=-0.000129693 1.0636e-05 -0.000120921 -0.0315577 0.037367 2.84411e-05 -0.0116574 0.000421048 -0.00154479 -0.000902191 -0.000697872 -0.00147932 -0.000115087 0.00865314 -0.0030455 -0.0117798 -0.00280966 -0.000587536 -0.00337173 0.000409867 -0.00594433 -0.000582633 0.019774 -0.035279 -0.00170868 0.00714225 0.0112969 0.0170745 0.0107123 -0.0285231 0.0233135 -0.0297115 -0.0446702 -0.00910451 -0.0762164 0.00286735 0.00179951 0.00426887 0.00787462 0.0272635 -0.0235064 0.0550357 0.000818765 0.0716639 0.00709118 0.0783121 -0.0508858 0.00298764 0.00796347 0.00263575 0.000980726 0.0574682 -0.0511952 0.0462766 0.000268527 -0.000834219 0.0162969 0.000498094 0.00154723 0.00590939 -0.00638628 -0.0152905
internal_weight=60648.7 60422.3 60210.2 284.718 212.041 59925.5 1947.87 57977.6 32831.2 32551.1 32473.5 31105.8 27467.9 6880.47 20587.4 3637.92 2481.33 18026.3 14604.8 10765.4 8105.63 5601.56 2659.8 506.608 3997.64 1823.96 3421.5 1367.71 1197.64 291.139 906.499 176.178 260.8 155.002 280.122 5094.95 5004.76 4724.07 4181.27 1295.98 542.807 545.272 346.106 428.876 750.706 65.7941 406.149 25146.5 8385.8 7571.01 7294.38 814.795 157.113 276.631 79.4228 2885.29 775.554 16760.7 15819 9424.12 2671.18 1804.68
internal_count=5635248 5375303 5371781 224632 3522 5147149 419637 4727512 3051232 2578104 2577352 2556472 2516878 98982 2417896 39594 25566 2382627 2290479 2199725 1999281 1782891 200444 703844 47168 18297 92148 20880 14330 2876 11454 2704 2318 1310 473128 1079047 949400 218891 207589 59877 11302 14462 7428 10597 45415 14421 672432 1676280 420599 99930 95781 320669 25031 4149 7344 147712 24781 1255681 1045706 796365 246987 209782
is_linear=0
shrinkage=0.1


Tree=81
num_leaves=63
num_cat=0
split_feature=1 6 16 0 1 24 6 21 18 21 25 15 2 15 18 18 2 17 7 18 23 21 0 11 7 7 2 5 9 18 14 24 11 1 2 18 21 2 14 21 9 8 14 8 9 11 9 14 21 11 6 11 7 8 6 8 9 11 7 18 16 9
split_gain=28.5172 57.7111 54.7264 37.6656 26.1941 36.8821 42.5182 34.2146 26.942 43.2475 25.7329 49.0312 25.6305 25.2575 36.9407 24.4325 24.6426 23.9301 30.8062 22.0335 21.7319 21.6808 21.2957 21.0836 24.935 21.0365 86.2638 75.789 64.2028 58.2187 52.0277 49.5815 42.5328 34.2023 35.0246 30.123 45.9134 29.8714 28.746 74.9694 94.8884 63.7049 56.8004 52.0353 51.1033 40.2737 110.975 88.4634 56.9432 56.8168 72.0688 77.0008 78.097 102.244 68.0996 96.1573 117.668 112.518 112.12 93.3615 66.6918 60.3008
threshold=11.500000000000002 37.884435653686531 82.832054138183608 0.33542203903198248 19.500000000000004 1.5000000000000002 53.427228927612312 11.500000000000002 0.29520697891712194 5.5000000000000009 1.0000000180025095e-35 82.865032196044936 0.21367943286895755 1.0000000180025095e-35 0.059714796021580703 0.10620300844311716 0.49985277652740484 98.614311218261733 71.010189056396499 0.70710784196853649 0.23611111193895343 3.5000000000000004 0.21948550641536715 0.18333333730697635 62.115564346313484 30.860805511474613 0.7028520703315736 1.0000000180025095e-35 43.951219558715827 0.38278388977050787 3.5000000000000004 1.5000000000000002 0.2264957278966904 2.5000000000000004 0.87487441301345836 0.94281044602394115 7.5000000000000009 0.87487441301345836 11.500000000000002 6.5000000000000009 73.401363372802749 43.951219558715827 18.500000000000004 50.301204681396491 50.373134613037116 0.18333333730697635 90.399383544921889 4.5000000000000009 7.5000000000000009 0.44949495792388922 90.595520019531264 0.34848485887050634 74.322341918945327 74.133811950683608 69.631092071533217 89.825496673583999 89.725547790527358 0.61250001192092907 83.75235748291017 0.95119047164917003 79.557674407958999 84.273937225341811
decision_type=2 2 2 2 2 2 2 2 2 2 2 2 2 2 2 2 2 2 2 2 2 2 2 2 2 2 2 2 2 2 2 2 2 2 2 2 2 2 2 2 2 2 2 2 2 2 2 2 2 2 2 2 2 2 2 2 2 2 2 2 2 2
left_child=21 2 20 10 12 7 15 8 9 -6 11 19 -3 -11 -15 -7 -17 -10 -19 -4 -2 -1 -13 24 -22 26 29 33 32 31 -31 -23 -27 34 -28 -29 -37 -35 45 40 -40 42 44 -42 -41 46 47 -30 -49 50 51 52 53 61 -51 56 58 -57 60 -59 -56 -47
right_child=1 4 3 -5 5 6 -8 -9 17 13 -12 22 -14 14 -16 16 -18 18 -20 -21 23 25 -24 -25 -26 28 27 35 38 30 -32 -33 -34 37 -36 36 -38 -39 39 41 43 -43 -44 -45 -46 49 -48 48 -50 54 -52 -53 -54 -55 55 57 -58 59 -60 -61 -62 -63
leaf_value=-0.05961699893040167 -0.083000881601207055 -0.030436367198084166 -0.0080854981226534586 -0.037792571715513729 -0.039772511746478986 -0.13109826532740926 0.013873083942255521 0.036213485786932613 0.0068529675681276957 0.022261901305041597 -0.015607851065807102 0.22268426620413551 -0.0049848075354347286 -0.10289880430104198 -0.0050614925536801615 0.12974952565975739 -0.050785020796013575 -0.1690602137334844 0.067691761632864833 0.11206573236257447 -0.03915087837813741 -0.050652987996899212 0.078372303110177594 0.22041587916791638 2.5157127845689069 -0.029844114589219203 0.019749753239909539 -0.011512301888633407 -0.0096740337714267474 -0.0047997229584474214 0.03865682645363936 0.08156474181660904 0.14636004749970383 -0.033477532792505357 -0.030950886979778436 0.0020604106175337398 0.049147682085647654 -0.097124911940046743 -0.048801943316788825 -0.059123554134838767 0.12264176275631274 -0.037435864621604378 -0.08821660946295562 0.02259346262732298 0.053008313723711301 -0.0051120808595667378 0.08521335056785706 -0.00082582472276504851 0.033583308991225601 0.022258456855709648 -0.028971232038182387 -0.047536634317749488 0.02023090172218367 -0.051286015544945655 0.022775213093666532 0.029025873076962191 -0.066396394619283886 0.00055705930224691548 0.047792498890236491 0.066782301393985541 -0.032048223707955063 0.044289698720239419
leaf_weight=59.421484336264257 182.45881131797796 446.86144106185384 139.14635967851791 312.77770519244223 418.6729096384297 4.4129238616369539 210.36976767051965 252.27533705624228 1745.5481851283766 308.20846396455454 226.70131474988739 13.988189339921517 3453.6037947690493 43.558922300013364 338.43501725725946 71.350770688251941 8.456902410995097 16.822294853525822 8.162997338222338 17.142860259758891 175.92640140341973 163.62307860238798 38.015368023727206 3.1998704781508414 0.038209293474209427 838.61393823332764 230.36588850305998 413.84754419185629 1716.6733332074582 347.84376583600533 1324.6948600886462 34.309391508359113 13.926592408730356 324.78740998826106 333.51496115274495 505.60288366355235 350.71938151755603 95.397118263106677 190.97653913778049 50.045976829518622 57.091857407300267 1015.3440322089009 46.158249154490477 581.1774913178524 216.32963395574188 3214.2013141789503 191.13348773232428 757.72615646349732 1316.6469160945271 1586.3894619588391 1313.4596828958311 363.46706080310105 1409.6201280708337 464.00578819947259 283.29290049144765 1513.7094560366677 430.9098405411205 28482.148053287834 298.1538517872832 214.47594719851622 1023.7489657353144 267.65502192734857
leaf_count=1822 1157157 153368 20698 177925 141098 810 3736 14913 93793 10140 297064 868 491117 76677 59157 4055 440 584 147 1040 279419 265176 2739 390 10 331870 4808 21775 115729 88749 272666 9938 260 19194 6292 8556 5155 4273 31369 10319 1246 32478 3857 37443 6670 75074 21045 73688 55850 56330 15149 19996 26779 11242 26378 43800 13841 725916 7595 175702 15411 4462
internal_value=-0.000121762 -0.00551512 -0.0267706 -0.0113252 -0.00229668 0.00408293 0.0379109 0.000900802 -0.00219307 -0.014416 0.00770595 0.0330802 -0.0079007 0.000965165 -0.0162179 0.0979537 0.110619 0.00546207 -0.0917105 0.0050935 -0.0587089 0.000752527 0.11719 -0.0339702 -0.0385961 0.000821537 0.00767386 -0.00549942 0.000230949 0.0235499 0.029619 -0.0277345 -0.0269657 -0.026331 -0.0102378 0.0106399 0.0213457 -0.0479278 0.000724227 -0.0105516 0.0130391 -0.0252838 0.0141951 0.0315426 0.0319413 0.00126659 0.0108663 0.00711794 0.0210144 0.000331127 -0.00784746 -0.00299601 2.68849e-05 -0.0071908 0.00203111 0.00103601 -0.0199983 0.00245367 -0.00754286 0.00105202 -0.0201656 -0.0013145
internal_weight=60477.3 8436.13 1109.4 747.772 7326.74 3426.27 294.59 3131.68 2879.41 1108.88 434.994 208.293 3900.47 690.202 381.994 84.2206 79.8077 1770.53 24.9853 156.289 361.623 52041.2 52.0036 179.164 175.965 51981.8 4124.71 2254.24 47857.1 1870.47 1672.54 197.932 852.541 984.065 563.881 1270.17 856.322 420.185 47004.5 2157.12 829.246 1327.88 312.534 638.269 266.376 44847.4 3982.18 3791.05 2074.37 40865.2 7032.41 5718.95 5355.48 3945.86 33832.8 32246.4 2036.11 30210.3 1605.2 28696.6 1307.04 3481.86
internal_count=5635248 2987345 1937310 500334 1050035 405550 9041 396509 381596 287072 322409 25345 644485 145974 135834 5305 4495 94524 731 21738 1436976 2647903 3607 279819 279429 2646081 706582 70053 1939499 636529 361415 275114 332130 34567 11100 35486 13711 23467 1607369 123382 70058 53324 20846 38689 16989 1483987 266312 245267 129538 1217675 152702 137553 117557 90778 1064973 1008643 63225 945418 49384 901618 41789 79536
is_linear=0
shrinkage=0.1


Tree=82
num_leaves=63
num_cat=0
split_feature=26 4 3 21 3 16 16 18 17 21 22 2 14 11 14 21 18 9 9 15 17 16 18 16 22 26 2 18 22 18 9 17 15 16 2 26 8 15 21 8 3 21 1 22 21 16 25 21 16 11 17 8 2 3 4 1 17 15 18 3 16 6
split_gain=25.6891 34.7298 24.8667 25.4627 26.4245 23.6152 85.2773 34.4879 30.4086 23.4442 22.5958 174.672 67.6961 61.0252 73.8107 55.0144 39.8554 35.4029 34.6266 32.8716 81.8779 41.1641 54.2269 44.9438 42.3718 42.2278 29.8714 27.9111 159.931 129.123 79.5477 44.3259 77.493 40.0753 38.2721 37.7694 77.8084 74.6485 62.6255 43.2657 36.6048 34.9633 34.8669 35.964 85.723 45.3866 54.7717 35.3437 34.8663 34.3975 30.0106 29.7875 29.1682 28.8988 28.2554 29.8719 26.4849 107.997 44.0894 41.3499 50.5392 48.2382
threshold=2.5000000000000004 1.0000000180025095e-35 1.5000000000000002 4.5000000000000009 152.50000000000003 96.677703857421889 97.833908081054702 0.58957219123840343 96.791351318359389 16.500000000000004 10.500000000000002 0.46116203069686895 10.500000000000002 0.31666667759418493 5.5000000000000009 14.500000000000002 0.94868421554565441 88.416816711425795 68.457099914550795 97.446762084960952 99.333301544189467 97.68778228759767 0.74456521868705761 96.787097930908217 12.500000000000002 1.5000000000000002 0.76095134019851696 0.26491229236125952 4.5000000000000009 0.1132478639483452 68.801231384277358 82.388591766357436 42.441171646118171 85.275253295898452 0.81346824765205394 1.0000000180025095e-35 99.275363922119155 88.775268554687514 7.5000000000000009 69.282051086425795 9.5000000000000018 7.5000000000000009 1.5000000000000002 6.5000000000000009 6.5000000000000009 97.68778228759767 1.0000000180025095e-35 8.5000000000000018 40.758720397949226 0.31666667759418493 58.191438674926765 33.520599365234382 0.7028520703315736 7.5000000000000009 1.0000000180025095e-35 15.500000000000002 50.153373718261726 1.0000000180025095e-35 0.063508063554763808 16.500000000000004 60.479471206665046 82.078273773193374
decision_type=2 2 2 2 2 2 2 2 2 2 2 2 2 2 2 2 2 2 2 2 2 2 2 2 2 2 2 2 2 2 2 2 2 2 2 2 2 2 2 2 2 2 2 2 2 2 2 2 2 2 2 2 2 2 2 2 2 2 2 2 2 2
left_child=2 -2 9 5 10 7 -7 -4 -9 -1 15 -12 13 14 17 27 -14 -13 -16 20 21 22 25 26 -25 -15 -24 28 33 -30 49 35 -33 34 56 36 38 42 -29 -40 -36 -38 -37 45 -45 46 -44 52 -32 -31 -35 54 -48 -50 55 -47 57 -5 -59 60 61 -58
right_child=1 -3 3 4 -6 6 -8 8 -10 -11 11 12 16 19 18 -17 -18 -19 -20 -21 -22 -23 23 24 -26 -27 -28 31 29 30 48 32 -34 50 40 37 41 -39 39 -41 -42 -43 43 44 -46 51 47 -49 53 -51 -52 -53 -54 -55 -56 -57 59 58 -60 -61 -62 -63
leaf_value=0.03905913381653435 -0.083235544058381225 -0.0070214411045239197 -0.0065472893325538468 0.0027730585698884191 -0.032946614517525362 0.12337039457231719 -0.011062558496721886 -0.049827059510488436 0.061652422913388488 -0.20634278929394401 -0.083485749258452632 -0.0058479569849957998 -0.037702769129283692 -0.0043886978925017708 0.019710565758375303 0.030213497758505438 0.02845354150973884 0.078769452745741569 0.059029113656181999 -0.028241829398027336 0.049135008080752614 -0.021813589619556119 -0.0031542629363073339 -0.046371937493249499 0.023761358836850502 -0.059402515964588447 0.049487179652614732 -0.00088220300891371961 -0.088842981343110777 -0.075887708551693939 0.36723573867071552 -0.085428446262225802 0.00021689036788984171 0.20523127187416845 0.002868649331914155 -0.011969849475246416 0.075961624595493091 0.12564327539259354 0.043153306040914871 -0.0092815769998702349 -0.031091329439938805 0.014484646677752065 0.041348970975173649 0.035755900326052012 0.00047405377391822394 0.71805821800362857 -0.012734267107743381 0.029528351797879777 0.01017937361529337 0.093544566247870498 -0.047782394651202015 0.041708893423673205 0.012270786893471098 -0.070588733888824959 0.072604716268820799 0.012368207078422296 0.01290778963571472 -0.10513218182011107 -0.003882680923540615 -0.061549857530511502 0.010278700587460715 0.11615776158436238
leaf_weight=205.61361823347397 85.915168251973228 196.63034229876939 683.24521164747421 10748.992149081387 239.00478883377946 55.216108001535758 324.50199974392308 395.22349837009097 26.083322706079343 3.9680865349364458 272.47991832523985 999.96526866009663 694.8114765263017 750.46517473216227 501.44200024297606 640.55174499705754 104.79870863672113 52.016736328485422 404.79675072035752 539.66746387601597 289.81920056958916 1107.0307703453 142.81015021540225 161.2970157021191 184.88945936784148 171.39053248941491 439.65119086141931 1702.14553646883 357.79364870246354 210.78986100330076 2.639213729009497 106.09304980139132 25095.143147146162 4.7924642782600122 582.9903762909089 1287.6291192306817 291.91694157384336 50.042469260879443 712.17944236270705 201.99604756763438 696.70355000969721 135.42706405080389 266.04408545715705 1142.7156178189398 1733.0388522092835 1.9372054367559024 2748.7870875128428 264.01807443545113 490.10942684371548 12.704304675877209 215.04616892899503 168.60196678811917 561.85626450047857 48.701620188701781 3.4632596410810947 0.8688829723978414 77.771887253118621 132.06620930298232 63.777281874812616 54.199765044249943 416.28897197863989 108.20517315140751
leaf_count=3433 237151 8913 98664 410776 80206 1011 17509 19178 978 88 271500 45203 22758 9539 24410 57423 3837 3752 6761 17075 6116 28853 1777 2958 2458 2073 7906 221968 538705 615783 173 7259 1508232 135 3918 15426 61151 951 68198 5197 9284 16765 14437 92558 266991 149 499965 22626 16386 1091 13099 1971 10743 6141 20 85 24336 110466 19942 35976 28835 3980
internal_value=-0.000113953 -0.0301963 2.74994e-05 -9.28531e-05 0.000235913 -0.0130272 0.0084858 -0.0204229 -0.0429253 0.0344129 0.000372286 -0.00503689 -0.00177085 0.00202332 0.0163557 0.00109059 -0.0290322 -0.00166393 0.0372733 -0.00538778 -0.00158974 -0.00656043 0.0025645 0.0196201 -0.00891551 -0.0146168 0.0365803 0.000722625 -0.00303473 -0.0392567 -0.0160633 0.00218786 -0.000143662 6.94844e-05 0.000792032 0.00740023 0.0169179 0.00387992 0.0104561 0.0315673 -0.0156202 0.0564793 0.00313492 0.00595721 0.0144937 -0.000156212 -0.00242474 -0.00568259 0.00465497 -0.0662565 -0.0422667 0.0496675 -0.00849061 0.00287897 0.263699 0.499547 0.0026024 0.00143223 -0.0721598 0.0221118 0.0296408 0.0729807
internal_weight=60370.8 282.546 60088.2 59878.6 58394.4 1484.27 379.718 1104.55 421.307 209.582 58155.4 6817.33 6544.85 5745.24 1958.22 51338 799.61 1051.98 906.239 3787.02 3247.35 2957.53 1850.5 928.648 346.186 921.856 582.461 50697.5 14223.6 1122.74 764.944 36473.9 25201.2 13100.8 12881 11272.7 3043.67 8229 2616.32 914.175 1279.69 427.344 8178.96 6891.33 2875.75 4015.58 3840.71 3574.66 541.45 223.494 219.839 174.871 3310.64 538.811 6.26935 2.80609 11601.3 10944.8 195.843 656.466 602.266 185.977
internal_count=5635248 246064 5389184 5385663 5248323 137340 18520 118820 20156 3521 5168117 456976 185476 158881 80126 4711141 26595 48955 31171 78755 61680 55564 26711 15099 5416 11612 9683 4653718 1839026 1178279 639574 2814692 1515491 660747 647513 1299201 373279 925922 295363 73395 13202 77916 924971 909545 359549 549996 547771 533334 22700 616874 13234 2225 510708 22527 254 234 634311 541184 130408 93127 57151 28316
is_linear=0
shrinkage=0.1


Tree=83
num_leaves=63
num_cat=0
split_feature=9 6 10 9 9 6 7 9 9 9 14 14 6 7 9 8 21 8 22 14 14 14 9 18 14 9 14 7 27 14 9 10 14 27 0 0 27 22 6 14 16 7 7 10 10 9 14 6 9 7 8 8 27 0 21 4 14 6 8 17 0 3
split_gain=24.4813 91.5418 119.507 67.404 113.096 74.3828 64.1037 60.4469 55.5743 90.8331 40.6553 40.4278 65.2122 38.8133 55.0681 89.3145 74.5712 87.6808 59.3054 51.1955 43.3592 72.9276 49.7952 41.3688 102.78 50.2196 40.1955 45.0575 38.7562 38.5002 37.9344 37.2942 36.8542 35.9823 47.0016 35.2797 34.6195 34.5539 34.2833 33.8486 88.1684 69.7288 39.7983 108.866 101.106 110.734 66.565 70.2313 62.95 88.3418 82.084 89.4743 83.6312 61.7837 56.7827 46.0428 45.2221 42.4529 45.3198 40.7123 65.964 40.0465
threshold=35.948717117309577 20.169491767883304 21.680376052856449 37.590579986572273 39.173061370849616 16.108108520507816 16.784037590026859 33.589742660522468 37.394067764282234 36.51515197753907 10.500000000000002 8.5000000000000018 33.520599365234382 81.375640869140639 81.53021621704103 59.491636276245124 6.5000000000000009 60.120481491088874 2.5000000000000004 11.500000000000002 13.500000000000002 18.500000000000004 50.373134613037116 0.36939570307731634 10.500000000000002 91.042778015136733 10.500000000000002 48.074073791503913 1.0000000180025095e-35 12.500000000000002 43.951219558715827 36.254106521606452 11.500000000000002 1.0000000180025095e-35 0.63378906250000011 0.21469595283269885 1.0000000180025095e-35 2.5000000000000004 16.807909011840824 6.5000000000000009 65.720993041992202 83.75235748291017 79.337715148925795 78.629974365234389 90.070423126220717 99.333332061767592 5.5000000000000009 89.512962341308608 82.426471710205092 71.010189056396499 69.631092071533217 89.512962341308608 1.0000000180025095e-35 0.84885936975479137 7.5000000000000009 1.0000000180025095e-35 4.5000000000000009 38.327016830444343 77.032970428466811 99.80237197875978 0.58960780501365673 12.500000000000002
decision_type=2 2 2 2 2 2 2 2 2 2 2 2 2 2 2 2 2 2 2 2 2 2 2 2 2 2 2 2 2 2 2 2 2 2 2 2 2 2 2 2 2 2 2 2 2 2 2 2 2 2 2 2 2 2 2 2 2 2 2 2 2 2
left_child=1 -1 -3 8 -5 -6 38 10 9 -2 -4 12 -8 14 15 20 17 -16 -18 28 26 35 -23 -19 36 -26 27 -13 -20 -21 31 -14 33 34 -27 -22 -25 -15 -7 42 -41 -42 44 -44 48 -46 47 54 49 57 -50 52 -52 59 -45 -55 -49 -32 -59 60 -54 -56
right_child=3 2 7 4 5 6 11 -9 -10 -11 -12 13 30 37 16 -17 18 23 19 29 21 22 -24 24 25 32 -28 -29 -30 -31 39 -33 -34 -35 -36 -37 -38 -39 -40 40 41 -43 43 46 45 -47 -48 56 50 -51 51 -53 53 55 61 -57 -58 58 -60 -61 -62 -63
leaf_value=0.011150236443338204 0.030476350703547168 -0.098256001677983221 -0.011686693057564626 -0.065182191030583744 -0.079728702514290872 -0.036172099965687189 0.033064703174634814 -0.055920491647867054 0.066407604203556805 -0.095218687503380597 0.046515532151796851 -0.016524998762570672 -0.069021251961008431 0.016669416410780451 0.10262726360354302 -0.059820391473510842 0.031005634621652442 -0.0065615654138774029 0.0057211100891565439 -0.068914471218818593 0.0851610174219945 0.0034790451528184602 -0.069451234566517764 -0.01154836359235583 -0.016475522655913052 0.20893758275029251 -0.036832375997669128 0.044615393050037921 -0.036120310960391235 -0.020353714468404345 0.034191808415858817 -0.0027617775862358151 0.052436287563025707 0.045399246741149667 0.044949162790204569 0.015066282867439877 0.043678317206774703 -0.038460815672825499 0.1047364059761533 -0.018077876276061555 0.023408860561675782 -0.021565807236368775 0.035394856815462665 0.0062441713775005072 0.07925494818457697 -0.25648278323080542 -0.023764621524649115 0.00054445349332017895 0.040555168852900704 0.02592579561793068 -0.019846688571725286 0.015418168186291908 -0.091926089831869146 -0.29063165647874312 0.040010600895532947 0.064873785950407437 -0.059506071653180538 -0.0095109016928762377 0.026777528422512388 -0.12150014509386671 -0.014204571058888976 -0.023448106846588102
leaf_weight=1117.8895689259698 315.57474886185446 203.28199962772851 703.1983103783532 265.45965942589828 116.07226648077631 21.503675066494907 640.06741411418625 272.13647324657359 275.00822052236254 70.299358526201104 144.71440845477264 546.08516889319799 152.63828529966122 140.16716432804242 112.57919537785347 379.38611607351777 316.83076223553508 752.02472511817177 1002.8061753442016 245.57538866257528 78.907611965089018 196.29381418583944 178.98686204105616 583.58680524403462 76.314417599467561 55.158059100620449 706.40906197164441 154.67459103172587 284.08900010160869 487.10209755559481 253.47404874015774 191.54525210891006 296.62980659987079 45.018620609364007 25.58474156819284 797.70683280125377 140.91477032168768 601.82376573567308 87.631126479289378 877.52100836708996 2750.0912125941904 394.13307626568712 952.49404586938908 2180.6816614945856 203.74064441378869 10.321498160919871 1042.6420227250783 27379.022900303491 205.60434693573916 994.19178373640898 1265.8077725000621 437.75667681329651 258.55007216150989 3.9326914232224217 1022.8211785520252 49.470910612028092 125.98257989496051 6243.3709383926325 364.23047452717583 136.42516241502017 189.04495923453942 110.15463797427947
leaf_count=316049 148187 168419 355185 244052 39924 5389 301738 233654 116046 69297 60766 186393 149600 3140 3272 42495 19210 106835 32510 8317 58444 114717 29251 16708 2097 812 223205 7052 10463 22181 95460 135666 15194 3073 461 158788 8369 41102 15932 130692 117237 12532 30362 80185 18533 68 50957 943456 4932 28695 93560 23514 3781 26 23757 1914 5234 464064 16035 2189 3401 10671
internal_value=-0.000109509 -0.00991862 -0.0277166 0.000304843 -6.24694e-05 0.000241522 0.000405089 -0.0149142 0.0320577 0.00757696 -0.00175324 0.000257559 0.00135713 -0.00623371 -0.00406495 -0.0144306 0.00305393 0.0167879 -0.00921875 -0.0155292 -0.0079545 0.00558384 -0.0313044 0.0118954 0.0232428 0.0581811 -0.019999 -0.00302984 -0.00351561 -0.0366301 0.000932513 -0.0321465 0.0716695 0.117034 0.156975 0.0213758 -0.000806834 -0.0280463 0.0769721 0.00117245 0.00994916 0.0177712 0.000359693 0.00208152 -0.00496247 0.0630666 0.00108562 0.00192634 -0.00636246 -0.00193309 -0.0200254 -0.025346 -0.0347221 -0.0642619 0.0156798 0.038694 0.000269401 -0.00596993 -0.00751058 -0.0736764 -0.0590999 0.0338408
internal_weight=60233.1 2441.22 1323.33 57791.9 57131 56865.6 56749.5 1120.05 660.882 385.874 847.913 56640.4 48435.7 8204.66 7462.66 3038.45 4424.21 2087.81 2336.4 2019.57 2659.06 1251.9 375.281 1975.23 1223.21 498.706 1407.17 700.76 1286.9 732.677 47795.6 344.184 422.391 125.761 80.7428 876.614 724.502 741.991 109.135 47451.5 4021.75 3144.22 43429.7 32813.8 10615.9 214.062 31861.3 30818.7 10401.9 7855.27 2546.59 2340.99 1903.23 637.424 3313.66 53.4036 27505 6861.08 6607.6 584.02 447.595 1132.98
internal_count=5635248 1134073 818024 4501175 4167645 3923593 3883669 649605 333530 217484 415951 3862348 2748259 1114089 1069847 820345 249502 156821 92681 73471 777850 361200 143968 153549 46714 21637 416650 193445 42973 30498 2446521 285266 19540 4346 1273 217232 25077 44242 21321 2161255 260461 129769 1900794 1144622 756172 18601 1114260 1063303 737571 604254 133317 128385 104871 11311 114613 1940 948690 575559 480099 9371 7182 34428
is_linear=0
shrinkage=0.1


Tree=84
num_leaves=63
num_cat=0
split_feature=10 6 7 9 10 9 9 9 9 9 9 14 9 14 6 11 7 10 9 11 21 18 14 10 22 22 16 17 0 9 9 14 11 11 26 14 16 23 15 10 11 2 22 2 21 16 26 11 0 1 2 2 0 15 25 17 15 1 2 17 18 15
split_gain=24.4776 58.4161 42.6759 54.6045 48.3709 48.4725 45.8497 40.6959 95.6734 50.1963 68.2452 37.6686 34.5777 34.1053 53.2223 37.4563 46.5981 68.6804 47.2374 87.9911 62.6954 42.9499 82.0726 37.5378 36.6616 36.5118 37.4832 36.4091 41.2369 33.6933 31.7981 31.6797 63.3783 52.2614 42.5955 48.7144 46.0927 43.2824 36.4227 31.6182 30.8119 30.5556 57.2451 67.9107 54.6206 54.5187 46.1081 94.7442 59.6891 70.6675 60.3992 51.0444 48.9805 44.7566 51.0376 41.3961 60.8474 39.1068 83.3199 38.275 94.1876 55.3711
threshold=10.3913631439209 10.084745883941652 17.467581748962406 35.948717117309577 23.166368484497074 30.940170288085941 33.589742660522468 37.590579986572273 39.173061370849616 37.394067764282234 36.51515197753907 9.5000000000000018 38.165266036987312 8.5000000000000018 32.049383163452156 0.93750000000000011 78.456192016601577 79.80582427978517 91.476997375488295 1.0000000180025095e-35 6.5000000000000009 0.36939570307731634 10.500000000000002 70.087718963623061 2.5000000000000004 13.500000000000002 78.964126586914077 99.80237197875978 0.89735862612724315 64.346244812011733 67.099567413330092 10.500000000000002 0.61250001192092907 0.58571431040763866 1.0000000180025095e-35 9.5000000000000018 94.767265319824233 0.23611111193895343 69.056186676025405 17.712418556213382 0.31666667759418493 0.77065888047218334 10.500000000000002 0.46116203069686895 14.500000000000002 76.016529083251967 1.0000000180025095e-35 0.84523808956146251 0.77194768190383922 1.0000000180025095e-35 0.9008869230747224 0.99996608495712291 0.89735862612724315 92.071350097656264 1.5000000000000002 88.251724243164077 93.360881805419936 1.0000000180025095e-35 0.99996608495712291 95.256843566894545 0.58957219123840343 95.862876892089858
decision_type=2 2 2 2 2 2 2 2 2 2 2 2 2 2 2 2 2 2 2 2 2 2 2 2 2 2 2 2 2 2 2 2 2 2 2 2 2 2 2 2 2 2 2 2 2 2 2 2 2 2 2 2 2 2 2 2 2 2 2 2 2 2
left_child=1 11 4 6 5 -2 -4 9 12 10 -5 -1 -9 14 40 16 17 18 19 23 21 -20 -23 25 -22 26 30 -26 -29 -21 -15 32 33 -18 -35 36 37 38 -36 -7 -10 42 44 -44 53 -43 47 -47 49 -48 -50 -51 57 -16 59 -56 -57 -52 -59 61 -61 -55
right_child=2 -3 3 7 -6 39 -8 8 13 -11 -12 -13 -14 15 41 -17 31 -19 20 29 24 22 -24 -25 27 -27 -28 28 -30 -31 -32 -33 -34 34 35 -37 -38 -39 -40 -41 -42 45 43 -45 -46 46 48 -49 50 51 52 -53 -54 54 55 56 -58 58 -60 60 -62 -63
leaf_value=0.039711246959110207 0.03348713837258107 -0.13916770566525033 -0.010530957302875892 0.022069521678245968 0.075537628591014955 -0.04664079098985055 -0.054260135574003603 -0.019057127782645893 0.028818974184761394 0.058824288149311135 -0.091107913866016743 -0.057706031120641613 -0.093919454530205074 -0.058825589975769192 0.0012006001390141572 0.033284755677104171 -0.012217684479788309 0.099185385106756896 -0.0015749633832187933 -0.096715519686866189 0.025564141951381431 0.0062476595230136715 0.068174189721498329 0.11064385238471396 -0.020388012161872748 -0.049334748150643572 0.0020442792389950876 0.079950120471651606 -0.038238248903110568 -0.033433503129924873 0.036763251185277152 0.0095293533024339207 -0.041314646779982304 0.037058657651103277 0.27933870765628072 -0.0037449971055650982 0.1884659047876808 0.38305427346358562 1.266611543435048 0.022668395046491499 0.14378926051045812 -0.011792668587492536 -0.079277652808804777 -0.012328297629876733 0.031686854778958794 0.011225728609409099 -0.0084320270630710101 0.066236921373004187 -0.021305996485450843 0.015016002451563669 -0.0024289904130008885 0.087257267606952238 -0.020604003391457123 -0.031666606815408095 0.19197391568719779 -0.050896521319199889 0.09518417494263802 0.015976568009602038 0.1186931575348355 0.072481207406429299 -0.0087046102285252714 0.035832076968145089
leaf_weight=82.621128934773878 409.11442615395936 42.419633969191636 1389.5926078505545 288.25621533818412 142.52798761376107 174.5226092736666 289.76802992021476 108.56250659557918 439.75084749044618 263.26190323852643 65.358902708325331 76.392443068925786 142.92307556071682 183.098379765961 25805.725515397055 238.38407772807113 55.278262938067201 64.204463114379905 581.23896354137105 94.430576337686944 259.51890135227586 485.45724131312454 382.75294211803703 28.411291017895564 1281.3975357625022 173.01114827264973 2266.6119068193948 79.197377664968371 47.06522448011674 771.7755075820387 42.967174933102797 213.00049345147272 869.92831629996363 17.25456259038765 0.52268013443972616 4.8020638134039464 6.0622006440535188 3.4222301542758942 1.3108148667961357 105.67364869050652 24.615078165712475 1786.7178180652045 172.46969650132814 1246.8199022902918 537.00987501701456 2783.8253425672228 1511.4922568352631 352.74759182025446 1528.955803604229 4218.7422591059658 1131.9460311433068 100.13012285828881 657.94219593412708 1229.6931287099869 18.21759009581001 51.642362527316436 63.667082016298082 976.2876030835032 85.921012467006221 149.19514621312555 3386.9575962580566 134.86110918024497
leaf_count=16276 89155 19745 687508 141859 28639 54418 255783 86254 194879 111868 69151 28409 156759 406622 1756337 7161 2367 3474 79312 19912 16095 16921 17670 826 48805 25368 320936 3760 2275 70484 3921 13964 52150 779 310 346 76 33 35 28283 1138 25992 105121 31337 27633 116615 14760 254434 15126 45861 11600 1223 7447 29938 140 1254 990 9402 1446 1896 88886 4084
internal_value=-0.000102779 -0.0349037 1.41996e-05 -0.000302415 0.0225066 0.0115415 -0.0180763 0.000217464 -5.99937e-05 0.0257639 0.00115087 -0.00708944 -0.0616025 0.000213712 0.00122161 -0.00577043 -0.00694704 -0.00374784 -0.00473763 -0.0126072 0.00425228 0.0194635 0.0335481 -0.00369311 -0.00897242 -0.00491173 -0.00182842 -0.0153396 0.0358946 -0.0403323 -0.0406575 -0.0253548 -0.0331062 0.0474411 0.146254 0.263135 0.376369 0.593105 0.985167 -0.0205014 0.0349133 0.000895193 -0.000819997 -0.0204639 6.85643e-05 0.00461194 0.0068078 0.0174124 0.00355045 0.0101779 -0.00526944 0.0166909 0.00332746 -0.000481999 -0.00910708 0.051892 0.0297606 0.0105036 0.0242852 -0.0107691 -0.00527927 -0.0249956
internal_weight=60127.4 201.433 59926 59094.2 831.839 689.311 1679.36 57414.8 56797.9 616.877 353.615 159.014 251.486 56546.4 48395.3 8151.1 7912.72 6741.14 6676.93 3560.31 3116.63 1449.45 868.21 2694.1 1667.18 2665.69 2492.68 1407.66 126.263 866.206 226.066 1171.58 958.581 88.6528 33.3746 16.12 11.3179 5.25573 1.8335 280.196 464.366 47931 32796.3 1419.29 31377 15134.7 13348 3136.57 10211.4 5830.36 4381.05 4318.87 2852.1 30840 5034.23 133.527 115.309 2194.15 1062.21 4900.71 3536.15 1364.55
internal_count=5635248 64430 5570818 5370323 200495 171856 943291 4427032 4104154 322878 211010 44685 243013 3861141 2747539 1113602 1106441 1036381 1032907 848069 184838 113903 34591 757673 70935 756847 731479 54840 6035 90396 410543 70060 56096 3946 1579 800 454 378 345 82701 196017 2551522 2047616 136458 1911158 503906 477914 371049 106865 61844 45021 47084 29895 1883525 127188 2384 2244 22448 10848 124804 90782 34022
is_linear=0
shrinkage=0.1


Tree=85
num_leaves=63
num_cat=0
split_feature=24 26 25 15 24 17 2 11 3 11 18 17 15 2 17 18 15 17 9 18 3 24 0 1 15 15 4 1 23 15 25 17 15 18 26 17 18 9 17 7 18 2 7 15 17 23 8 11 0 15 25 0 17 0 25 15 17 17 11 11 17 14
split_gain=23.8963 23.7982 71.3714 67.6042 65.2231 59.1577 28.2445 28.1697 21.9785 34.8995 31.303 20.1617 51.9755 27.4308 26.871 29.3321 25.8861 23.6948 23.4432 25.0373 19.0244 24.4883 27.5436 19.5269 18.6324 28.2321 23.0913 26.1191 18.4704 18.3075 96.4423 51.0569 128.756 124.315 77.0977 44.0392 41.6807 56.5964 65.3552 86.069 59.1045 58.0177 61.5243 42.7457 79.4049 77.6606 42.2741 45.5018 41.4473 54.3765 47.562 38.0628 35.8272 35.2644 35.1796 33.424 45.6379 31.4595 34.8492 29.7096 29.4639 29.3361
threshold=6.5000000000000009 1.5000000000000002 1.5000000000000002 98.253242492675795 2.5000000000000004 59.65881538391114 0.78133010864257824 0.31666667759418493 51.500000000000007 0.77500000596046459 0.70710784196853649 93.116607666015639 85.117294311523452 0.74055027961730968 73.481681823730483 0.70710784196853649 93.112571716308608 87.533782958984389 62.622549057006843 0.70710784196853649 1.5000000000000002 1.5000000000000002 0.361463412642479 9.5000000000000018 57.583688735961921 1.0000000180025095e-35 1.0000000180025095e-35 19.500000000000004 0.44949495792388922 92.601715087890639 1.5000000000000002 95.67297744750978 96.636753082275405 0.50806450843811046 1.0000000180025095e-35 92.60501861572267 0.95916664600372326 42.206478118896491 93.88999176025392 62.575302124023445 0.90692642331123363 0.80234554409980785 24.068965911865238 91.239036560058608 87.533782958984389 0.23611111193895343 98.213714599609389 1.0000000180025095e-35 0.65679460763931286 72.767143249511733 1.0000000180025095e-35 0.38690181076526647 95.531894683837905 0.66862231492996227 1.0000000180025095e-35 93.94956207275392 89.48822402954103 88.251724243164077 0.64583334326744091 0.6904762089252473 96.56854629516603 9.5000000000000018
decision_type=2 2 2 2 2 2 2 2 2 2 2 2 2 2 2 2 2 2 2 2 2 2 2 2 2 2 2 2 2 2 2 2 2 2 2 2 2 2 2 2 2 2 2 2 2 2 2 2 2 2 2 2 2 2 2 2 2 2 2 2 2 2
left_child=1 8 3 4 5 -3 -6 -4 20 10 -10 12 18 16 -14 17 28 -16 19 -7 21 22 23 -1 25 26 27 -11 -13 36 31 32 35 -33 -34 57 37 41 40 -40 43 42 -22 54 45 -45 47 51 49 -41 -51 -38 -36 -49 61 56 -32 58 -31 -46 -50 -39
right_child=-2 2 7 -5 6 11 -8 -9 9 24 -12 13 14 -15 15 -17 -18 -19 -20 -21 29 -23 -24 -25 -26 -27 -28 -29 -30 30 55 33 34 -35 52 -37 46 38 39 48 -42 -43 -44 44 59 -47 -48 53 60 50 -52 -53 -54 -55 -56 -57 -58 -59 -60 -61 -62 -63
leaf_value=-0.073616052656583247 -0.092527829452553445 -0.067432685649214813 -0.087111210138064721 0.1248288434862822 -0.11198310983664655 -0.057451105752040779 -0.024095297726026033 -0.030304578495513997 -0.054145171171605638 -0.00019022657668231886 0.016229913331709176 -0.044111413571956616 0.24393177067333688 0.0058585601445705999 0.061533875385130235 0.077114971149152126 0.0092788670684207583 -0.013039847742613639 0.0044773903137088726 0.051165903564925064 0.011808179857501697 0.10440135599631382 0.061624160157564715 0.018208772048468252 0.063135702818430048 -0.090118748129932744 -0.048889508701917425 0.45619184035527377 -0.21109998252654594 -0.050458134309579607 0.14293291619340737 0.10778548420857859 0.0085260358496257859 -0.0014272257941161165 0.17168698019082002 -0.029655489928741237 0.10829715127328188 0.012058426643558665 -0.0097459540853396878 -0.043300536142655867 -0.046126961187990451 -0.059088953529782808 -0.027936783543779771 0.18128763454353114 -0.0093282395107276549 -0.010641186610704186 0.0812405685738498 -0.02311312618040819 0.0044161930922236138 0.0036791167597679596 0.05581478825814528 0.023349944633350137 0.012308125382044082 0.028694022750412523 -6.7656493925529075e-05 0.13037047465386783 -0.011130771396795133 0.022467441529440864 0.11812510696307979 -0.054938777866009737 0.030759702846312222 -0.0080808808553577277
leaf_weight=40.001207106754009 27.958434329368174 127.44731120015786 119.0558111975115 41.087282001739368 75.451146542800416 118.21127052026713 70.951126118190587 327.2137679978332 278.19691218843946 1371.5492663343903 81.785785587315331 248.61396116897231 6.6425562793447162 447.65484460511652 68.006373754651577 129.17465111915226 111.00823766118265 114.07965332598542 1354.6080463235558 25.865938308954355 756.75080294705913 37.399338144634385 71.772524920466822 55.001968578493688 40.736413261445705 38.338097389612813 102.8916548024863 1.2551595959812392 6.8050543284480218 127.70742116178735 27.823462879343424 105.15108709647029 113.05183987726923 11847.455791169792 63.265510894809267 1847.2910062784067 56.794413909956347 4502.1909479961905 1111.2846138527675 75.998774232924916 269.39495963323861 267.08372882533149 802.50089827221746 34.688751953202882 236.34700881408935 53.748679539479781 99.098243906919379 419.19885829754639 1193.9108949647634 224.16388651356101 797.51441695040558 740.26164565660292 18.150825048098341 191.36843827797566 26140.199699344244 65.450961582908349 62.236696564104932 317.00140879658284 13.564479034568647 360.86597148218425 658.86004972539376 861.72981607283873
leaf_count=554 984 178363 325345 494 4894 282339 881 58161 282745 105416 6580 19347 55 7234 2294 3250 3355 7846 24658 2418 451680 844 1101 963 1772 8468 1747 93 163 7165 356 1559 7897 463431 592 71769 2362 222455 55602 1481 5127 18132 1094511 338 7765 3044 60570 10902 24413 6968 10162 26235 215 5154 1636471 1151 2171 13984 2957 4596 30725 50944
internal_value=-9.90059e-05 -5.5917e-05 -0.0081919 -0.00254574 -0.00434758 -0.0008951 -0.0693899 -0.0454595 0.000431813 -0.0100991 -0.0381564 0.00232843 0.00818894 -0.0107491 0.0449154 0.0406682 -0.0310382 0.0148123 0.000398479 -0.0379513 0.000800672 0.0312685 0.0148685 -0.0204542 -0.00360291 -0.00539857 -0.00319756 0.000227045 -0.0485604 0.00068645 -0.00234189 -0.00318473 -0.0161808 -0.000466445 0.0619595 -0.0227717 0.00179647 0.00115543 0.00201454 0.0139732 0.000518107 -0.016024 -0.00864738 0.000908478 -0.0237928 0.0646411 0.0181113 0.0136669 0.022907 0.0383055 0.0443758 0.0294029 0.136155 -0.00687535 0.00144607 0.0759883 0.0364661 0.00497659 -0.0342713 -0.0368884 0.0137842 0.00882299
internal_weight=60000.9 59972.9 3391.88 2945.61 2904.52 2758.12 146.402 446.27 56581 1914.75 359.983 2630.67 1816.59 814.082 317.903 311.261 366.427 182.086 1498.69 144.077 54666.3 204.175 166.776 95.0032 1554.77 1514.03 1475.7 1372.8 255.419 54462.1 14608.2 14452.6 2500.03 11952.6 194.468 2305.56 39854 38347.2 36520.9 4061.73 32459.2 1826.34 1559.25 32189.8 685.65 88.4374 1506.72 1407.62 2950.45 1097.68 1021.68 797.056 81.4163 610.567 31504.1 155.511 90.0602 458.273 141.272 597.213 1852.77 5363.92
internal_count=5635248 5634264 921097 537591 537097 531322 5775 383506 4713167 406821 289325 352959 322860 30099 13445 13390 22865 10140 309415 284757 4306346 3462 2618 1517 117496 115724 107256 105509 19510 4302884 573247 569569 104579 464990 8704 95875 3729637 3624414 2060091 129351 1930740 1564323 1546191 1925613 15743 3382 105223 44653 73749 18611 17130 28597 807 16056 1909870 3678 2527 24106 10122 12361 55138 273399
is_linear=0
shrinkage=0.1


Tree=86
num_leaves=63
num_cat=0
split_feature=1 15 0 10 6 6 10 7 14 0 10 14 14 14 14 2 1 3 15 15 2 17 4 3 15 22 17 23 5 6 11 10 1 14 7 8 18 6 18 24 11 21 11 10 6 2 11 14 1 10 8 2 11 15 10 14 10 22 21 10 11 7
split_gain=22.075 24.4989 21.8372 21.1523 127.492 50.9153 172.342 76.7609 35.0889 43.8249 32.2047 29.4516 25.3445 28.9873 24.7868 26.837 23.4021 20.408 24.4712 20.9799 24.396 43.5885 56.8377 48.1801 44.4614 35.3851 20.7722 22.5343 19.4673 44.1395 43.0242 100.144 66.3927 43.7594 51.6838 59.3425 56.3949 35.927 34.7066 33.0024 31.335 31.2017 33.1088 29.715 62.6661 33.4792 30.1001 28.0905 27.6541 27.6006 28.3331 26.8558 26.0565 75.201 56.225 51.0728 51.821 47.7427 62.2808 32.3165 31.714 60.7017
threshold=58.500000000000007 74.203693389892592 0.21351031959056857 16.53005409240723 15.535444736480715 20.169491767883304 21.680376052856449 16.784037590026859 5.5000000000000009 0.84885936975479137 13.484848499298097 9.5000000000000018 16.500000000000004 11.500000000000002 3.5000000000000004 0.51704710721969616 21.500000000000004 6.5000000000000009 93.764953613281264 37.688747406005866 0.23444093018770221 84.458244323730483 1.0000000180025095e-35 3.5000000000000004 90.338954925537124 4.5000000000000009 98.219570159912124 0.31666667759418493 1.0000000180025095e-35 27.639257431030277 0.31666667759418493 93.063350677490249 4.5000000000000009 4.5000000000000009 86.526824951171889 88.493064880371108 0.98275861144065868 50.31645584106446 0.27429467439651495 1.5000000000000002 0.84523808956146251 7.5000000000000009 0.095454547554254546 27.072835922241214 25.176055908203129 0.65182989835739147 0.2264957278966904 5.5000000000000009 8.5000000000000018 60.943256378173835 66.323020935058608 0.97793668508529674 0.18333333730697635 67.397308349609389 92.422504425048842 4.5000000000000009 61.651582717895515 8.5000000000000018 7.5000000000000009 35.388994216918952 0.44949495792388922 91.945945739746108
decision_type=2 2 2 2 2 2 2 2 2 2 2 2 2 2 2 2 2 2 2 2 2 2 2 2 2 2 2 2 2 2 2 2 2 2 2 2 2 2 2 2 2 2 2 2 2 2 2 2 2 2 2 2 2 2 2 2 2 2 2 2 2 2
left_child=3 -2 -3 4 8 14 -7 11 -1 10 -10 -8 13 -12 -5 16 17 19 -19 -16 21 -21 23 24 -23 -25 -20 -28 43 48 31 32 41 37 35 -35 40 -32 39 -34 51 42 -31 44 45 -9 -46 -40 -30 -49 -51 -37 53 57 55 -55 -57 58 -45 -54 61 -61
right_child=1 2 -4 5 -6 6 7 28 9 -11 12 -13 -14 -15 15 -17 -18 18 26 20 -22 22 -24 25 -26 -27 27 -29 29 30 33 -33 38 34 -36 36 -38 -39 47 -41 -42 -43 -44 52 46 -47 -48 49 -50 50 -52 -53 59 54 -56 56 -58 -59 -60 60 -62 -63
leaf_value=0.040307844713968151 -0.053416000415564095 0.10639740674002636 -0.022019857121331143 -0.014728924012066939 -0.10434479030405129 -0.0828479800088332 0.022321951010377459 0.030458267117901512 -0.026073112047984244 -0.11261579354379428 0.0077844724581692618 0.11361765183675564 -0.021337186748328414 0.12334759261211964 -0.092909063212300164 0.020129544154810237 -0.025244089926269843 0.0071154311142527741 0.086326093139746679 0.14563694385754786 0.097034579387003508 1.0333670877463568 0.19257296831450277 2.4676248946881958 2.934519845162471 0.13981317690046555 0.78519557403326734 0.079089010220981318 0.028888521242073736 -0.0060688781016797495 0.040590350336719705 0.10510130617718137 -0.071770210956136213 -0.033666561075503809 -0.039203539109493694 -0.0028865854617967359 0.063614583445730052 0.0010661768068287037 -0.034480147222729726 0.015650927867708535 0.032218795237189859 0.0080618275851792841 -0.050089886097191262 0.013444229843622493 -0.073652436234704563 -0.025520638388064055 0.13063026110687198 -0.01728306716598994 -0.015505544349666944 0.075242758862289677 -0.0068733012484735847 -0.033516921867634906 0.071462697443625239 -0.015932458190172638 0.09567273000232443 0.0039109364063957559 0.051713101471990236 -0.011383471286669743 0.066799961453631249 -0.0020290605846725743 0.0026203564515910201 -0.035623610043310619
leaf_weight=178.39726738231184 152.79718669340218 20.336906159769569 37.956084690937132 133.63588919767062 135.58202779820203 250.76161147981475 63.246456478416803 209.74886230733318 214.52718878384258 39.835773327737115 41.30427086284908 80.069177425451926 49.102991585565178 45.74392728562816 5.2708486717092446 506.6056878820018 25.637024160318106 51.274193007448048 3.4304162857297333 6.838989362051505 98.44491131813993 0.26405692887055932 1.1733990530483425 0.077842523343861103 0.23029801098164171 0.40533463591418695 1.1193401231430469 0.75804621615679924 714.06631960889354 875.60977789614844 232.95436350229284 72.718279876891756 258.68396492919055 647.93888769862679 505.20183261148486 3402.7196507117696 130.40024760673987 18027.631821720308 819.15718769737214 51.836222530975647 234.61446986962983 1360.1354784408613 212.27308757640276 403.63033282445031 191.69727066910127 217.75341088858113 7.4948141798231509 772.44426665034189 174.6330968336697 71.286581768305041 102.34054081322392 312.53350846952526 64.986221683331678 1227.4438866068449 63.03219284908846 1898.7509608298096 257.54331395344343 203.41785878007067 477.67991497346156 3822.0926647847591 19073.179877037444 625.93579581686936
leaf_count=34254 218410 8361 33174 40186 72164 190841 14473 136848 72325 474 11605 12745 16360 8597 1762 25551 25671 77401 659 8633 24626 128 17 46 50 343 95 53 78395 52035 9539 12746 338671 52971 26393 191599 31163 659663 319022 11986 6626 41387 4647 271572 180217 9560 521 342618 241560 1641 2090 7326 6178 208896 11506 311756 6677 148952 113896 161105 730109 6373
internal_value=-9.26971e-05 -0.0323739 0.0227816 2.1526e-05 -0.0172035 0.000227368 -0.000124925 0.000233548 0.00356382 -0.0132218 -0.00193105 0.0733281 0.0361085 0.068513 0.0247428 0.0322618 0.0637934 0.0772773 0.0282745 0.101878 0.111435 0.269125 0.661762 1.22496 1.91903 0.514837 0.232674 0.500086 5.207e-05 -0.00177691 -0.00247109 -0.011319 -0.0131905 -0.000740031 -0.00880165 -0.00555325 -0.00108891 0.0015704 -0.0263466 -0.0571767 -0.00322502 -0.00203492 -0.0146585 0.00189599 -0.0196404 0.00194474 -0.0659661 -0.0209233 0.0201649 -0.00918517 0.0268413 -0.00546326 0.002376 0.00932107 0.00209429 0.000351109 0.00962033 0.0322845 0.0423636 0.00104168 0.000847115 -0.00675656
internal_weight=59868.4 211.09 58.293 59657.3 704.493 58952.8 58117.6 57866.9 568.911 390.514 350.678 143.316 136.151 87.0482 835.166 701.53 194.925 169.288 56.582 112.706 107.435 8.98992 2.15093 0.977532 0.494355 0.483177 5.3078 1.87739 57723.6 28979.2 28090.5 4596.49 4523.77 23494 5233.41 4728.21 4080.27 18260.6 2075.75 310.52 3949.87 2448.02 1087.88 28744.4 626.694 427.502 199.192 1765.23 888.699 946.071 173.627 3715.25 28117.7 4531.5 3446.77 3383.74 2156.29 1084.73 881.31 23586.2 23521.2 4448.03
internal_count=5635248 259945 41535 5375303 215779 5159524 4954303 4763462 143615 109361 108887 27218 36562 20202 205221 165035 139484 113813 78208 35605 33843 9217 584 567 178 389 807 148 4736244 2432078 2112123 1126843 1114097 985280 316078 289685 236714 669202 1016028 350657 205551 98069 56682 2304166 327146 146408 180738 665371 319955 346349 3731 198925 1977020 1073255 538835 527329 318433 534420 385468 903765 897587 167478
is_linear=0
shrinkage=0.1


Tree=87
num_leaves=63
num_cat=0
split_feature=21 26 22 16 23 23 18 16 9 15 15 18 5 15 16 22 15 15 22 21 16 21 22 18 18 21 16 16 18 17 8 16 10 23 26 15 17 18 5 2 22 2 25 6 17 10 6 9 6 10 7 2 9 8 10 6 16 9 6 10 9 7
split_gain=20.4435 18.1539 83.8473 76.7632 79.045 52.8623 45.8927 39.8644 32.3585 42.1448 28.8746 28.3373 26.5877 25.6827 24.588 28.0434 23.3978 22.9558 22.1592 20.7101 20.3352 19.3686 19.2807 26.5891 18.0803 18.0285 17.5827 65.7248 28.5234 24.8154 23.7852 29.838 18.7362 19.4297 17.7934 17.3149 16.1706 16.0331 15.5587 15.541 15.7044 15.4805 15.4385 29.9546 15.18 15.1679 106.577 63.0552 39.8764 178.759 53.849 26.6083 48.2342 31.8916 25.3968 31.5011 25.1159 20.6717 38.8742 69.6441 68.892 50.2807
threshold=4.5000000000000009 1.5000000000000002 9.5000000000000018 93.92008209228517 0.19090909510850909 0.26136364042758947 0.76696833968162548 55.705244064331062 63.245613098144538 95.260559082031264 96.162029266357436 0.62731480598449718 1.0000000180025095e-35 98.772960662841811 88.473194122314467 4.5000000000000009 63.661756515502937 88.473194122314467 3.5000000000000004 7.5000000000000009 63.665315628051765 8.5000000000000018 10.500000000000002 0.74456521868705761 0.70710784196853649 8.5000000000000018 96.677703857421889 97.833908081054702 0.58957219123840343 96.791351318359389 81.302967071533217 86.576263427734389 26.36544227600098 -1.0000000180025095e-35 1.0000000180025095e-35 93.360881805419936 96.437637329101577 0.36939570307731634 1.0000000180025095e-35 0.7921138107776643 15.500000000000002 0.46766896545886999 1.0000000180025095e-35 26.766168594360355 62.236938476562507 16.53005409240723 15.535444736480715 37.884435653686531 22.378716468811039 23.431372642517093 16.784037590026859 0.6850685477256776 56.33012771606446 11.215932846069338 8.893280506134035 9.1608390808105487 66.496597290039077 35.948717117309577 32.049383163452156 32.757078170776374 51.925926208496101 32.305501937866218
decision_type=2 2 2 2 2 2 2 2 2 2 2 2 2 2 2 2 2 2 2 2 2 2 2 2 2 2 2 2 2 2 2 2 2 2 2 2 2 2 2 2 2 2 2 2 2 2 2 2 2 2 2 2 2 2 2 2 2 2 2 2 2 2
left_child=26 45 3 7 19 12 10 44 9 42 22 14 16 38 18 -16 -6 -13 20 -5 -10 -17 23 -4 -7 -19 28 -28 37 30 41 -32 -29 34 -34 -18 -27 -1 -8 -24 -41 -30 43 -9 -3 46 47 54 51 -50 -51 52 56 -54 55 -2 -47 -52 60 -60 61 -59
right_child=1 2 6 4 5 24 13 8 11 -11 -12 17 -14 -15 15 21 35 25 -20 -21 -22 -23 39 -25 -26 36 27 32 29 -31 31 -33 33 -35 -36 -37 -38 -39 -40 40 -42 -43 -44 -45 -46 48 -48 -49 49 50 57 -53 53 -55 -56 -57 -58 58 59 -61 -62 -63
leaf_value=-0.014345362171236033 0.0011488418391612037 -0.083715476759887095 -0.034550605134365309 -0.028595058059719503 0.34387104474656649 -0.038695288710591164 0.012964877817895277 0.20178311909084018 0.3567898812092678 4.2129194947126321 0.11109292561307965 -0.0066230167761116886 0.06501827590689184 0.125293569102989 0.25704252474654665 0.013694221646893096 0.1643029453807382 -0.082294309796509493 -0.010470969871020154 0.03800630435646038 0.054983519641234505 0.085783909989888107 -0.080669658396562816 0.15458604776564236 0.047316209248347306 -0.08347060373628104 0.11068692822499815 -0.063251936799754035 -0.040863234394989928 0.055428797534621814 0.05850773771997253 -0.064517952022909567 0.030837244660042052 0.017701502940357237 -0.07392458975624186 0.019710689767649624 0.14280641965337992 0.021125250305400491 -0.035544098645259918 -0.02531257852391456 -0.12988040195879499 0.05714096659308629 -0.067087898649788993 -0.046314304851814335 0.059425691176481554 -0.074168970690026731 -0.10006958969582494 -0.079196009214570928 -0.084074836610530224 0.079450454571692142 -0.016109432029623647 0.0038173331344342845 0.23786879139933423 -0.091563645954679529 0.030613576954975442 -0.13930241976884095 0.043427148381482261 0.034367749768015265 -0.040662518298342117 0.000760389692120451 -0.037816241211399482 -0.017174709215699156
leaf_weight=519.47675824659382 84.635752233025414 84.753565330978745 177.39567050193364 168.11922783981572 6.2801162516261675 28.112955364646041 152.40580326059717 6.6425830370935754 2.4668598089483593 0.02318114342779054 10.916417962114791 166.70047440310009 51.998239143540559 15.255989346362183 4.9529713601805261 599.69141274690628 52.046918186504627 90.649791030853521 679.75640787163866 64.640989948253264 23.498978126823204 39.739129279216286 249.07391667281263 7.7578600704291594 187.03716417124087 5.5938948638504353 52.535938434302807 54.669526097131893 31.007322519384616 26.112525639910018 21.100432832201477 300.07198562967824 23.370233626716072 194.53912920615403 52.935131534817629 9.8491333860001742 7.253448735922575 168.85401834411459 116.78545929897518 115.95506420079619 16.392736637710186 33.563694675045554 112.38721486906798 18.201062231593824 8.1183815457552537 18.741592703918286 119.13897748535965 77.556902819182142 249.37093984005332 86.888700849129236 724.84539374879387 651.00421292021929 3.1637491758592651 41.295990205915587 364.10854689675762 19.682559634933568 587.26135364772199 1065.8133304710718 409.20009077361465 50103.445148816514 200.18980462598847 230.13152883710427
leaf_count=86460 20737 172978 72165 7745 85 528 2175 4852 82 30 149 2090 1193 201 71 7298 807 1357 18073 2162 450 524 228538 170 7068 80 1020 2098 10835 985 461 3278 1531 13176 912 226 38 17974 1867 2766 481 4782 343953 10508 4540 83672 58336 25152 196871 14128 390715 18979 128 9531 73358 7441 208768 421679 267868 2614180 33229 151714
internal_value=-9.22228e-05 0.000202165 -0.00702464 0.00251961 0.0346734 0.0657513 -0.0338048 -0.00735165 -0.00397766 -0.0505979 -0.0499991 -2.85139e-05 0.118877 -0.000926829 0.00588762 0.0200105 0.159955 -0.0295899 -0.00700772 -0.0100989 0.0836563 0.0181744 -0.0531029 -0.0266259 0.0360774 -0.066582 -0.0117059 0.00689906 -0.018099 -0.0389148 -0.0453013 -0.0564354 -0.00985166 0.000927103 -0.0418389 0.141295 0.0442826 -0.00564409 -0.00808017 -0.0659557 -0.0382645 0.0100789 -0.0513181 0.0200209 -0.0712028 0.000632919 -0.0143768 0.00432224 0.000816532 0.000392434 0.000791213 0.0181099 0.0324144 -0.0681213 0.0181503 -0.0253512 0.0397903 0.000661607 0.000895344 0.000424825 0.0167811 0.0252149
internal_weight=59795.2 58316.9 3280.45 2418.51 568.085 335.325 861.939 1850.43 1757.56 137.254 577.492 1620.3 120.174 284.447 1350.11 644.384 68.1762 270.198 705.722 232.76 25.9658 639.431 566.575 185.154 215.15 103.497 1478.24 378.05 1100.19 411.856 385.743 321.172 325.514 270.844 76.3054 61.8961 12.8473 688.331 269.191 381.422 132.348 64.571 137.231 24.8436 92.8719 55036.5 665.123 545.984 54371.4 53069.9 52820.5 1301.47 650.463 44.4597 468.427 104.318 606.003 52733.6 52008.8 50512.6 1496.13 1295.94
internal_count=5635248 5491736 895250 586738 19814 9907 308512 566924 389406 359343 304269 30063 2311 4243 26498 7893 1118 3565 18605 9907 532 7822 304120 72335 7596 1475 143512 18737 124775 20341 19356 3739 17717 15619 2443 1033 118 104434 4042 231785 3247 15617 359313 15360 177518 4596486 185024 126688 4411462 4090384 3893513 321078 302099 9659 101536 28178 292440 3879385 3488670 2882048 606622 573393
is_linear=0
shrinkage=0.1


Tree=88
num_leaves=63
num_cat=0
split_feature=1 15 0 10 6 9 10 14 8 0 9 9 9 9 9 9 9 10 9 14 2 18 8 14 6 0 14 11 8 9 23 6 9 8 11 10 6 6 8 6 22 8 9 6 9 8 23 14 14 11 10 14 14 6 16 1 9 15 11 23 6 8
split_gain=17.7396 20.6337 20.3277 16.3234 48.5123 29.8397 29.4424 27.736 22.6962 39.1388 33.9309 36.803 34.2656 75.2601 37.9573 56.5351 32.2046 31.2172 30.4714 26.002 25.0291 76.9093 43.1708 24.8549 45.2107 30.3312 29.2536 78.2934 77.8671 52.873 49.1581 42.1447 46.2678 40.9986 31.959 133.527 99.9667 63.7033 59.2947 107.708 75.3783 60.4809 88.8591 101.527 81.1831 97.1969 71.5738 58.7476 51.3792 50.4701 69.9024 40.16 37.6567 113.463 42.0665 39.8908 53.2801 38.1766 37.5176 64.2931 64.1809 41.6191
threshold=58.500000000000007 73.048686981201186 0.21351031959056857 10.3913631439209 10.084745883941652 22.539682388305668 1.0000000180025095e-35 5.5000000000000009 17.467581748962406 0.88044953346252453 35.948717117309577 33.589742660522468 37.590579986572273 39.173061370849616 37.394067764282234 36.51515197753907 38.165266036987312 23.166368484497074 30.940170288085941 13.500000000000002 0.17120929062366488 0.74456521868705761 18.808961868286136 8.5000000000000018 33.520599365234382 0.89735862612724315 6.5000000000000009 0.26136364042758947 89.825496673583999 69.631092071533217 -1.0000000180025095e-35 83.75235748291017 87.609649658203139 75.93103408813478 0.44949495792388922 98.213714599609389 66.287876129150405 93.788581848144545 80.298507690429702 73.20508193969728 3.5000000000000004 88.047618865966811 87.026645660400405 80.901721954345717 90.521114349365249 91.042778015136733 0.84523808956146251 4.5000000000000009 1.0000000180025095e-35 0.34848485887050634 84.680576324462905 5.5000000000000009 5.5000000000000009 84.660633087158217 47.84466743469239 3.5000000000000004 97.915760040283217 89.808139801025405 0.52777779102325451 0.88194444775581371 80.178569793701186 90.645832061767592
decision_type=2 2 2 2 2 2 2 2 2 2 2 2 2 2 2 2 2 2 2 2 2 2 2 2 2 2 2 2 2 2 2 2 2 2 2 2 2 2 2 2 2 2 2 2 2 2 2 2 2 2 2 2 2 2 2 2 2 2 2 2 2 2
left_child=3 -2 -3 4 5 6 7 -1 9 17 11 -10 14 16 15 -12 -14 18 -5 -16 21 22 -21 24 -15 -25 34 29 -29 -28 -30 32 -32 -31 35 37 -36 49 40 51 -38 42 43 -41 47 58 52 -43 -39 -26 -51 -40 53 54 -47 -55 -57 -58 -46 -60 -61 -62
right_child=1 2 -4 8 -6 -7 -8 -9 10 -11 12 -13 13 23 19 -17 -18 -19 -20 20 -22 -23 -24 25 26 -27 27 28 30 33 31 -33 -34 -35 36 -37 38 48 39 41 -42 44 -44 -45 45 46 -48 -49 -50 50 -52 -53 -54 55 -56 56 57 -59 59 60 61 -63
leaf_value=0.042648161245920288 -0.050333447737202865 0.09514489786226854 -0.024385680765737407 0.03113768278225509 -0.13573303648457777 -0.07869525265781234 0.063623491780150018 -0.11056417695277121 -0.0076616575423099301 -0.064823146882453428 0.020501852087348713 -0.04811526393449328 -0.015393988639258022 0.027530333930138474 0.033949408333052489 -0.086861844009207767 -0.090114231476143919 0.067512157760872979 -0.013507839729614968 2.6063122579049409 0.1010868837358756 5.1822216213327383 -0.10042015099112525 -0.0039049973546342828 -0.0024983025810131278 -0.043101994437836084 0.0095183943420702969 -0.048620164364137561 -0.013832415574826168 0.056514310272435489 -0.075030701031349761 -0.014915433775897512 0.029438378321637482 -0.030199665544683348 0.037374318703084587 0.10610759280454332 0.034475359176227731 0.0083986894563066791 0.052515448150687254 -0.039418782077453737 -0.043917624938835928 0.038943552825728485 -0.044711267011850221 0.047381836838007674 -0.028871691125867856 0.012646885020125259 0.037763077648132713 -0.059205452275377046 -0.050365768263267253 -0.06823063906214262 0.06992681896431735 -0.025215957110184147 -0.017939813380561265 0.0038736049468138553 0.081539941903061991 0.022813456323389686 -0.0038707207210023002 -0.024284981226459057 -0.070949352795642504 0.05763996607325024 -0.46384292615703998 0.10301696341434947
leaf_weight=22.085174426920275 142.97674228852338 22.304472399962833 39.289451321161323 385.19636241613262 34.922228059902409 40.81516004234436 66.937765568047325 25.410032513242186 1351.6037450900767 55.070556353894062 285.56018801799655 269.77675433973491 104.44789936709276 639.52055077417754 195.22361210014424 59.216650510486943 128.82843047934875 128.08182881421089 253.47149248664573 0.073855726586770198 67.536277902509028 0.037850449793040752 0.29147534337243997 7814.826003206239 10055.757023337203 202.53312066593207 724.31008939849198 305.86683365939462 868.6955476438452 600.47696964767965 44.107629229278245 336.50671279283415 1091.1026662872318 59.969812606235791 762.82607879341231 107.89270348567516 155.5808317681076 206.17235419061035 537.32076062179112 240.84252026524337 579.60949040579726 806.93862326603266 696.71003180286789 305.90706423980009 177.1351078790758 142.09296737541445 524.03269935777644 65.969966375043441 534.526336020499 228.82610550477693 43.599974917451618 75.848667150385154 1069.5117375696209 14480.912708392279 235.56575376210094 691.7782964000653 9515.6190249450447 1013.6572923574131 93.198303614175529 4.1242606965824988 11.032292112708088 1.4674988714978106
leaf_count=4198 212420 9744 37781 82801 18815 15982 11519 9255 648153 657 133338 240211 81258 284902 85642 64481 146417 26413 73711 113 18152 4 1240 1037804 809269 10261 130260 25541 35558 16709 1447 24010 56626 1860 32239 24292 15920 2209 21776 14332 26300 21883 41733 10003 9542 12479 280066 2015 4924 27299 1168 4165 49153 187896 3260 12373 459703 9108 4326 92 359 81
internal_value=-9.12066e-05 -0.0294884 0.0188989 9.81982e-06 -0.0292411 -0.00528633 0.0208967 -0.0393208 0.000103567 0.0166064 -0.000128209 -0.0143926 0.000278304 2.32522e-05 0.0238921 0.00206175 -0.0566587 0.022455 0.013419 0.0524927 0.105777 0.891337 0.446776 0.000259149 0.00111944 -0.00489519 0.000763072 0.00891161 -0.00116984 0.0281773 0.00503141 0.016166 0.0253793 0.0486405 5.60685e-06 -0.00460137 0.00160532 -0.00568049 0.000737045 0.00140936 -0.0273281 0.000563491 -0.0210301 0.00914627 0.00149474 0.000557173 0.00115757 0.031526 -0.0340088 -0.0036489 -0.0461195 0.0429001 0.000451007 0.0012052 0.0556191 0.000405659 -0.00406977 -0.00583601 -0.0573426 -0.103264 -0.284428 -0.397293
internal_weight=59731.5 204.571 61.5939 59527 190.17 155.248 114.433 47.4952 59336.8 821.82 58515 1621.38 56893.6 56285.6 607.94 344.777 233.276 766.75 638.668 263.163 67.9395 0.403182 0.365331 56052.4 48035 8017.36 47395.5 4031.04 2646.28 1384.76 2340.41 1471.72 1135.21 660.447 43364.5 11176.8 32187.7 11068.9 31424.9 30689.7 735.19 30076.5 1243.46 546.75 28833 27960.1 27673.2 872.909 740.699 10328.2 272.426 613.169 27149.1 26079.6 377.659 25702 11221.1 10529.3 286.957 109.822 16.6241 12.4998
internal_count=5635248 259945 47525 5375303 59769 40954 24972 13453 5315534 183582 5131952 888364 4243588 3940618 302970 197819 227675 182925 156512 105151 19509 1357 1353 3712943 2664878 1048065 2379976 292011 143182 148829 117641 82083 58073 18569 2087965 869161 1218804 844869 1186565 1144345 42220 1118404 66068 24335 1052336 1028438 1014038 23898 7133 837736 28467 25941 733972 684819 15739 669080 481184 468811 14400 4858 532 440
is_linear=0
shrinkage=0.1


Tree=89
num_leaves=63
num_cat=0
split_feature=24 3 26 18 27 21 26 22 23 25 18 23 15 18 9 4 11 22 18 17 26 21 21 17 11 14 14 11 9 1 11 3 14 14 3 14 21 15 21 14 2 14 15 1 2 17 5 24 15 23 22 25 14 14 11 21 11 10 14 14 26 21
split_gain=18.9821 18.4667 19.8781 161.538 42.2963 267.8 127.439 124.405 100.024 97.0321 92.8796 91.694 61.6813 59.6533 56.3173 93.8942 56.1314 54.1574 46.5628 45.8139 43.6989 43.5754 42.4449 53.7907 49.9735 82.7915 111.384 57.7613 46.1285 56.4592 52.0775 49.288 47.3431 48.3464 45.067 43.6962 42.222 41.3452 39.6723 38.091 36.6144 36.4632 36.3864 35.9968 34.6219 33.1567 38.8569 32.9832 32.5591 32.4317 31.6411 30.2217 36.0075 44.8594 59.0214 96.9782 49.1939 102.164 100.412 31.1114 32.7565 29.9657
threshold=6.5000000000000009 152.50000000000003 1.0000000180025095e-35 1.0000000180025095e-35 1.0000000180025095e-35 7.5000000000000009 1.5000000000000002 7.5000000000000009 0.58571431040763866 1.0000000180025095e-35 0.65942031145095836 0.73214286565780651 98.557659149169936 0.56385868787765514 46.291208267211921 1.0000000180025095e-35 0.44949495792388922 5.5000000000000009 0.82480818033218395 85.777496337890639 1.5000000000000002 6.5000000000000009 9.5000000000000018 65.129570007324233 0.6904762089252473 10.500000000000002 4.5000000000000009 0.93750000000000011 99.333332061767592 2.5000000000000004 0.20714285969734195 9.5000000000000018 5.5000000000000009 1.5000000000000002 5.5000000000000009 11.500000000000002 5.5000000000000009 86.214557647705092 5.5000000000000009 11.500000000000002 0.40789571404457098 6.5000000000000009 97.68778228759767 6.5000000000000009 0.54937973618507396 96.67456436157228 1.0000000180025095e-35 1.5000000000000002 95.862876892089858 0.26136364042758947 9.5000000000000018 1.0000000180025095e-35 8.5000000000000018 10.500000000000002 0.64583334326744091 7.5000000000000009 0.64583334326744091 69.282051086425795 9.5000000000000018 16.500000000000004 1.5000000000000002 10.500000000000002
decision_type=2 2 2 2 2 2 2 2 2 2 2 2 2 2 2 2 2 2 2 2 2 2 2 2 2 2 2 2 2 2 2 2 2 2 2 2 2 2 2 2 2 2 2 2 2 2 2 2 2 2 2 2 2 2 2 2 2 2 2 2 2 2
left_child=1 2 -1 -4 8 6 7 9 14 11 13 12 -6 -11 15 -5 -9 -10 22 -18 61 48 24 34 28 26 44 -28 29 30 -16 32 33 -30 -24 45 -15 -38 -33 -27 -31 -34 -12 -17 -26 -25 50 -7 -20 -8 -47 -43 -53 56 -55 59 57 -54 -59 60 -56 -19
right_child=-2 -3 3 4 5 47 49 16 17 10 42 -13 -14 36 18 43 19 20 21 -21 -22 -23 23 35 25 39 27 -29 31 40 -32 38 41 -35 -36 -37 37 -39 -40 -41 -42 51 -44 -45 -46 46 -48 -49 -50 -51 -52 52 53 54 55 -57 -58 58 -60 -61 -62 -63
leaf_value=0.0020931948966547045 -0.082179587513538016 -0.028008751249059573 -0.096817502543966774 -0.058652028952023288 0.030615631749874184 -0.030599707259195585 0.11898390193388891 0.0066904529691069583 0.11027535757371298 -0.042494983683257111 -0.11366946587129984 -0.16192848136182802 -0.7515970352789535 -0.097800756314676732 0.017096216374225089 0.029802939695345643 0.11367085135074025 0.034513137221335963 -0.041393176700513457 -0.0358288897068876 -0.06337510959317158 -0.011771522507205399 0.060726317337591665 0.0037955652503021105 -0.012522536098719792 0.13875941177844861 -0.045910104029520962 0.011278953630002479 -0.073844205603605481 -0.0053382781852414699 -0.028571443967538596 0.15798417809792131 -0.026303428283635261 0.053795080846974479 -0.043397135088582603 -0.037242902784652455 -0.0022906910336951288 0.10635413106043484 0.035725764376832829 0.022256343039859919 0.013050113464745276 -0.023233447172540733 -0.0091775581970301289 -0.035392043280282233 0.00014484086383588987 0.14709836780270266 -0.0011462317034782522 -0.062639638900959874 -0.15474516442086075 0.049390816403278581 0.039887436148123442 0.044847919158494731 -0.014578961648339765 -0.0012775628767399928 0.19434523967963063 -0.057325457448868668 -0.021865693558879129 0.42098437507363329 0.0094366064638163171 -0.02473179669086327 0.0031825581519134062 0.0099328923696561759
leaf_weight=26610.626524514493 28.153242428757949 235.27194455875724 177.15813379877363 442.70255736079707 464.99476928975491 628.75170339180841 96.098315999846818 127.80127545162395 65.682025907030038 264.95465914626038 175.02127904692315 26.612362599596963 1.0102899987250555 20.946798476397817 328.99138575882534 262.3867935728631 153.21822840033565 877.97783999008971 93.299013003241271 23.664141398621723 63.887910731435113 1762.6453139467631 313.80984155034821 2414.9200069793078 2859.4742805717833 55.961885947588598 953.9499451360025 216.73274035511713 32.163100428617327 1812.1790058518527 1036.1808303500584 42.420119335612981 285.90511794237682 383.65438695497869 47.915247035973152 215.26591404997089 67.130030723521486 73.245771623100154 70.90805447040475 56.294611980149057 2690.5212669021748 197.37927660370769 41.163006021321053 125.05447204996017 8790.6927854510432 29.573394829174504 270.11733315052697 657.06946021617114 34.789408449083567 220.87119350142893 397.98991077461687 370.35015502103488 50.901128911835258 148.68888611329021 66.979760931688361 31.331153755396372 458.75895542057697 13.179446892419946 10.77570025975001 9.3101279641705315 10.348717378888976 1139.8760805235652
leaf_count=1950718 984 82410 491329 1988891 28836 33375 5418 10554 1715 12686 11508 462 11 440 6808 9459 5633 17423 1041 605 1357 16871 26986 72999 50918 1654 43929 1899 230 330361 12215 1908 7575 5351 23047 20478 1336 1049 3147 1487 146001 1846 456 36646 61545 331 2963 24321 298 12776 3703 10849 1675 8104 2024 1114 15435 423 453 354 624 18204
internal_value=-8.66343e-05 -4.7861e-05 6.29385e-05 -0.00158614 -0.00106837 -0.0122949 0.013087 0.000449464 8.78585e-05 -0.01478 -0.0403822 0.0186097 0.0289198 -0.0133051 -0.00154128 -0.0271898 0.057186 0.0208707 -0.000739762 0.0936701 0.0180499 -0.0158639 0.000419199 0.0103105 -0.00131997 -0.00517029 -0.00591896 -0.0353225 0.00486524 0.000248304 -0.017566 0.0172752 0.0137592 0.0439223 0.0469338 0.00632965 0.0346362 0.0543984 0.0814886 0.0803352 0.00564943 0.00617571 -0.0937735 0.00875995 -0.0029643 0.00934311 0.0285451 -0.0469725 -0.0721801 0.0704899 0.0473029 0.0129637 0.0190669 0.00713594 0.0406281 0.093446 -0.00960081 0.0655649 0.235859 0.14797 0.168762 0.0206279
internal_weight=59635.7 59607.5 59372.3 32761.6 32584.5 3042.55 1756.73 1439.76 29541.9 1135.08 642.462 492.617 466.005 426.277 27394.5 830.144 304.684 2147.42 26564.4 176.882 2081.74 1890.73 24673.6 3689.59 20984 12933.1 12820.8 1170.68 8050.93 5867.87 1365.17 2183.05 2069.73 415.817 361.725 3327.87 161.323 140.376 113.328 112.256 4502.7 1653.91 216.184 387.441 11650.2 3112.6 697.681 1285.82 128.088 316.97 427.563 1368 1170.62 800.274 266.659 117.97 533.615 74.8563 23.9551 86.6386 77.3285 2017.85
internal_count=5635248 5634264 5551854 3601136 3109807 149466 91770 73576 2960341 56784 27475 29309 28847 15511 2921642 2034996 16792 38699 886646 6238 36984 18210 868436 150507 717929 161432 158291 45828 556497 495385 19023 61112 56057 5581 50033 100474 2825 2385 5055 3141 476362 50476 11964 46105 112463 79996 6997 57696 1339 18194 4034 42901 41055 30206 12220 4116 17986 2551 876 3002 2648 35627
is_linear=0
shrinkage=0.1


Tree=90
num_leaves=63
num_cat=0
split_feature=21 3 1 9 16 2 1 2 18 7 25 7 26 8 2 1 10 9 18 2 7 1 14 18 10 16 10 8 21 7 27 23 18 26 26 2 24 8 15 27 10 16 8 2 9 24 4 7 8 9 9 25 18 14 14 4 2 2 26 3 24 16
split_gain=18.2238 17.4296 49.4034 56.6998 77.5778 59.682 36.5387 52.3277 34.1086 29.8313 34.0245 28.0918 26.7279 33.1863 25.8089 55.4221 59.6846 57.0368 47.3072 45.2636 40.6666 52.0299 43.296 38.6328 34.6961 38.7822 31.7801 28.8474 27.789 30.3894 29.7042 44.4006 29.2404 27.3106 33.5182 25.7967 25.7913 25.1698 27.971 24.9785 24.8755 23.7642 24.2143 23.6656 23.1372 22.9477 22.6517 22.372 22.2433 29.7507 22.1379 22.0774 21.6691 21.8002 21.885 21.5936 30.2082 21.3292 25.5328 28.2068 21.3045 25.601
threshold=3.5000000000000004 3.5000000000000004 3.5000000000000004 64.747306823730483 82.380176544189467 0.67713329195976268 1.0000000180025095e-35 0.99996608495712291 0.2709790319204331 62.575302124023445 1.0000000180025095e-35 61.651582717895515 1.0000000180025095e-35 69.631092071533217 0.69381573796272289 3.5000000000000004 41.763566970825202 97.498435974121108 0.4220647811889649 0.43521088361740118 81.661396026611342 23.500000000000004 4.5000000000000009 0.82480818033218395 48.074073791503913 60.479471206665046 87.841831207275405 33.520599365234382 8.5000000000000018 83.414241790771499 1.0000000180025095e-35 0.10555555671453477 0.15075758099555972 1.5000000000000002 1.0000000180025095e-35 0.44338403642177587 1.5000000000000002 86.526824951171889 39.909502029418952 1.0000000180025095e-35 77.032970428466811 97.68778228759767 83.935482025146499 0.31771928071975714 72.065574645996108 2.5000000000000004 1.0000000180025095e-35 86.526824951171889 56.195175170898445 79.118217468261733 84.273937225341811 1.0000000180025095e-35 0.2709790319204331 10.500000000000002 11.500000000000002 1.0000000180025095e-35 0.86158844828605663 0.24730907380580905 1.0000000180025095e-35 8.5000000000000018 1.5000000000000002 80.60858535766603
decision_type=2 2 2 2 2 2 2 2 2 2 2 2 2 2 2 2 2 2 2 2 2 2 2 2 2 2 2 2 2 2 2 2 2 2 2 2 2 2 2 2 2 2 2 2 2 2 2 2 2 2 2 2 2 2 2 2 2 2 2 2 2 2
left_child=-1 6 -3 4 12 9 -2 14 -9 10 43 55 13 -4 15 16 -8 20 -18 -20 21 23 37 24 25 -17 39 -25 29 52 31 -30 -32 34 -33 60 40 38 46 -26 -23 42 -12 -6 -39 -41 -22 -46 49 -5 -29 -31 -19 -54 -55 -7 -57 58 59 -50 61 -27
right_child=1 2 3 48 5 11 7 8 -10 -11 41 -13 -14 -15 -16 17 18 28 19 -21 22 36 -24 27 26 35 -28 50 30 51 32 33 -34 -35 -36 -37 -38 44 -40 45 -42 -43 -44 -45 47 -47 -48 -49 57 -51 -52 -53 53 54 -56 56 -58 -59 -60 -61 -62 -63
leaf_value=-0.048460617869313938 -0.01097654331180083 0.0022356964556225108 -0.037792801921370398 0.0054924307671820926 0.058209257502376835 -0.013031247197869201 0.03314126251650442 -0.13337355691395916 0.080442427998462546 0.082532678681866561 -0.032146400031064927 0.097426298973509975 -0.080840238104176912 0.23239422839974228 0.0071815717881563816 -0.04847805834540176 0.0087175120586927592 -0.019103563826873213 -0.052955344526490769 -0.013842407767374054 0.24803338311300896 -0.036721864094138149 -0.039301419153689371 0.015303235937014915 0.0096208981491159463 -0.0080706153961288239 0.076676552335069925 -0.056987944227759393 0.003607635419554384 0.031120789616402841 0.068637424423836177 -0.091161827927257924 -0.057155390705623421 -0.016788642857252949 0.091977032142960422 0.010718612376578221 0.029520650614005568 0.087381931104872509 0.041519447002463149 -0.0089508453407712556 0.056549678990256917 0.00035391891295925664 2.4578744371186612 0.0063692442261668444 -0.059164922230896248 -0.081357811668002891 0.067290066041040583 0.019675008401273352 0.016385071077205611 0.064414494418598853 0.011901644250038597 -0.016641475005394157 0.0079246184090303665 0.11618691553075433 0.026002783208337994 -0.034034994399529797 -0.089931231517196605 -0.0022718183053452323 -0.043809799343921374 -0.022750859600238246 0.071667388064877838 0.043527457301232225
leaf_weight=77.779442959086737 2012.1195569532319 17311.564714049404 236.29707512326786 423.35984648930753 101.79570913926364 286.42745419833227 310.54892980389559 7.9591495130443937 119.14864634774858 42.457908658630913 443.66972873048871 16.27002174698282 219.39306599113115 4.6351765835570395 8322.4805547663236 66.734681956429995 849.24249075434636 214.81604012193566 328.85447931211093 2950.2936082789674 12.337504346833157 486.94752437249554 112.76525172761467 143.85772369953338 1416.3484177346036 124.65108451792912 59.185002010606695 196.1864220672287 471.82501175883954 100.90705409680959 22.719434531056322 10.741911833640186 98.998770739883184 36.678305587949581 143.44324355688877 436.24230478609388 80.75185235909521 49.446784271189244 258.69057965988759 562.14449108987174 30.377678422591998 469.19315502824611 0.03905740473419328 652.7107836841169 36.766196870252315 47.466051824623719 15.831313619972207 1710.4673221463454 295.25953100915649 107.4388463927462 61.19884352828376 2365.1578043869231 444.78001325624064 40.088553853915073 81.843199902388733 418.30376443389105 125.75084029103164 12073.297790230426 267.31703623030626 489.44703036348801 176.94006308067037 420.69042757606803
leaf_count=7771 86301 527437 452617 28317 20397 71426 12406 67 19812 643 679133 215 1200389 542 201855 89886 12762 44119 4996 55918 1384 539037 3853 4039 55224 113430 3073 4144 15094 11462 399 318 3675 819 1938 49304 11970 1003 4336 9298 3702 59802 2 67254 1451 775 180 29050 18579 4596 2099 82227 10397 705 2018 5231 1257 684003 123486 81154 11941 94530
internal_value=-8.76477e-05 -2.43321e-05 -0.00150607 -0.00539113 -0.017798 -0.0109937 0.00195519 0.0030659 0.0670538 -0.000241796 -0.00234952 -0.0327053 -0.0555888 -0.0325948 0.00271682 0.000235825 -0.00913698 0.00418394 -0.0123173 -0.0177649 0.00997556 0.00433162 0.0210504 0.00874221 0.0122941 0.0256494 0.00444633 -0.0205621 -0.00516141 -0.00924147 0.0117308 0.0200707 -0.0336754 0.0607683 0.0792179 0.0299194 -0.0230404 0.0243168 0.0518236 0.00233625 -0.0312449 -0.0153361 -0.0319272 0.0133633 0.0199251 -0.0145887 0.146453 0.018016 -0.00265017 0.0174188 -0.040608 -0.0146871 0.00794198 0.0181938 0.0556534 -0.0352547 -0.0469547 -0.00346178 -0.0171181 -0.00802528 0.0415162 0.0317335
internal_weight=59501.1 59423.3 33984.6 16673.1 3016.94 2556.62 25438.7 23426.6 127.108 1709.87 1667.41 846.752 460.325 240.932 23299.4 14977 4438.94 10538 4128.39 3279.15 6506.03 4309.72 2196.3 3711.65 3310.4 1225.26 2085.14 401.243 4032 3247.59 784.407 662.688 121.718 190.863 154.185 1158.52 598.077 2083.54 286.859 2025.96 517.325 912.902 443.709 754.506 1796.68 609.611 28.1688 1747.23 13656.1 530.799 257.385 2466.06 781.528 566.712 121.932 830.482 544.055 13125.3 1052.02 784.707 722.282 545.342
internal_count=5635248 5627477 4026480 3499043 2558908 905360 1600997 1514696 19879 827231 826588 78129 1653548 453159 1494817 1292962 86082 1206880 73676 60914 1033709 992452 41257 437743 427461 359091 68370 10282 173171 150928 22243 18169 4074 3075 2256 269205 554709 37404 5900 65297 542739 738937 679135 87651 31504 10073 1564 30501 940135 32913 6243 93689 57239 13120 2723 77914 6488 907222 223219 99733 219901 207960
is_linear=0
shrinkage=0.1


Tree=91
num_leaves=63
num_cat=0
split_feature=26 27 21 15 6 10 22 8 16 22 21 17 22 18 15 14 21 17 22 16 22 17 23 18 16 15 2 4 15 21 17 15 3 10 18 15 15 4 0 18 16 22 17 17 0 21 22 16 17 17 15 17 22 15 18 15 17 18 8 4 26 16
split_gain=16.3074 137.146 58.7568 58.1457 37.7979 42.0632 32.1932 29.9956 28.6061 31.5725 26.3778 34.0616 26.3337 31.6034 27.2331 24.6037 25.7095 42.2469 22.269 29.2349 25.8409 22.6013 30.8414 18.4849 18.3752 18.2476 18.0379 16.9345 16.3923 25.726 21.7769 31.9497 15.999 36.4233 43.5372 25.3845 30.9423 21.7548 20.6259 19.7918 46.6953 88.4023 74.4577 59.9354 55.8255 45.9777 92.9224 85.0736 83.9638 78.6918 59.2686 57.7763 68.796 58.2158 44.5494 42.0532 115.338 49.5171 65.2546 41.2789 40.9516 45.6004
threshold=1.5000000000000002 1.0000000180025095e-35 9.5000000000000018 98.425098419189467 38.924964904785163 44.25611877441407 4.5000000000000009 97.726097106933608 46.60924148559571 4.5000000000000009 5.5000000000000009 90.636241912841811 11.500000000000002 0.78019323945045482 96.636753082275405 8.5000000000000018 10.500000000000002 97.309360504150405 6.5000000000000009 96.437637329101577 9.5000000000000018 71.465583801269545 0.4083333313465119 0.2828571498394013 99.760765075683608 44.95252990722657 0.7506278157234193 1.0000000180025095e-35 88.473194122314467 6.5000000000000009 93.764953613281264 86.214557647705092 46.500000000000007 97.220077514648452 0.62731480598449718 60.622179031372077 1.0000000180025095e-35 1.0000000180025095e-35 0.5168128013610841 0.67333334684371959 95.67297744750978 3.5000000000000004 96.437637329101577 83.087757110595717 0.41374915838241583 5.5000000000000009 5.5000000000000009 87.817783355712905 74.099975585937514 93.764953613281264 65.58258438110353 82.621711730957045 10.500000000000002 88.775268554687514 0.17752101272344592 91.239036560058608 91.239036560058608 0.65942031145095836 62.575302124023445 1.0000000180025095e-35 1.0000000180025095e-35 89.296943664550795
decision_type=2 2 2 2 2 2 2 2 2 2 2 2 2 2 2 2 2 2 2 2 2 2 2 2 2 2 2 2 2 2 2 2 2 2 2 2 2 2 2 2 2 2 2 2 2 2 2 2 2 2 2 2 2 2 2 2 2 2 2 2 2 2
left_child=32 3 6 4 5 27 -3 -8 23 10 -10 25 15 14 -14 16 18 -18 19 28 21 -20 -23 -6 -21 -12 -24 -2 30 -30 -11 -32 39 34 -34 36 37 38 -35 40 42 43 45 -42 -43 46 55 54 50 -50 -49 52 53 -47 -48 56 60 -58 -59 -54 61 -1
right_child=1 2 -4 -5 8 -7 7 -9 9 12 11 -13 13 -15 -16 -17 17 -19 20 24 -22 22 26 -25 -26 -27 -28 -29 29 -31 31 -33 33 35 -36 -37 -38 -39 -40 -41 41 44 -44 -45 -46 51 47 48 49 -51 -52 -53 59 -55 -56 -57 57 58 -60 -61 -62 -63
leaf_value=-0.0058120024406472263 -0.092977869287530324 -0.19955805465020113 -0.12752510647790599 0.11228859249241903 -0.085555162970843243 4.1784449918574218 0.03577565301046521 0.095177162156776685 -0.043345518045459414 -0.029534887593112725 0.015511619802630567 0.32254697170148611 -0.064384223719020264 -0.0021930458451012058 0.18660553366736046 -0.038507216116903928 0.01936132256325053 0.21720426362294676 -0.019923074093300283 0.18529436658760998 -0.033276663698918518 0.017070390045546207 -0.18256098799169956 1.7839312131465128 -0.04825657856851661 0.11982181667046882 -0.017380398944157573 -0.026292636282416001 -0.071111157858410212 0.2432372469547126 0.15545092534056187 -0.018799584279743181 -0.053141527742800711 9.3858184610346739e-05 0.017078275562053168 0.06941619205870124 -0.082194973463469725 -0.041780310361400452 0.090898837238925945 -0.0017933303522684116 0.0084653276349162584 0.033773341518781697 0.031853726109248526 -0.073022224663012184 0.0083946365519280332 0.0069620589202675845 -0.099758665395450058 0.051534902201520238 0.0057369429589176849 0.1012187154041792 0.17480680713022423 -0.00648828804660066 -0.094700325321056558 0.13607454691615581 0.00050572506368188361 -0.024950852246290046 0.0042445042537079597 -0.045893022877481947 0.087534078731172305 -0.0071578907496284722 -0.021016951998929945 0.065468424474652023
leaf_weight=4632.6999979081047 88.634309639321145 4.7123928316468655 17.550256661397725 35.925524392921943 55.852549793817161 0.023370497914583122 181.39655676903567 159.98149600721081 26.437072662949504 328.47607392543432 44.61783479424048 5.0863173719408215 238.68285230023685 156.22967996881926 4.4027344267815343 255.2199550727928 119.93116234450645 11.860708526975939 274.67437126729419 10.370854186476206 214.24880936672707 763.39153129024999 12.101447001317867 0.052940122099243037 4.9894828681135541 26.870813412067946 14.571352037484756 66.768060974703985 111.81529318001412 2.6655165721313088 16.485466240847018 29.090906996192643 318.5064305062333 1658.0498030150775 122.16152278305526 48.803840809618123 48.830876784792054 124.96801209263504 25.397783916443586 20304.740304251754 165.4429534204537 1190.2151575689713 744.7339902248641 198.62578601535643 3189.2630086580903 12699.375423210167 47.500649955214612 86.392720916323015 442.34314606853877 107.24172931983776 71.103110112497234 4787.3276298358942 104.64931507416986 35.018708265633904 660.71605911414736 1440.6409870728967 220.71610755247457 43.195749950624304 242.03654414045741 110.98946029714716 2173.5787748819384 91.521736268907262
leaf_count=289157 584851 899 8345 483 147097 59 17838 6260 2525 24015 1449 197 26108 1728 41 24984 12299 79 14640 100 11075 17224 164 8 61 1680 180 13816 2174 29 316 434 319234 118852 12178 2169 10461 2100 1494 863810 6931 50424 30250 11180 76783 1470599 105450 2823 17951 3168 1587 334443 144225 884 165094 62320 20249 41989 2661 2346 537393 5885
internal_value=-8.32619e-05 -0.00693352 0.050978 -0.0141468 -0.015722 -0.0636888 0.0600299 0.0636132 -0.0129893 -0.0115082 0.0427761 0.0725091 -0.0136847 -0.037285 -0.0598383 -0.00934163 -0.00545395 0.0371663 -0.00860448 -0.0264099 -0.00158951 0.00478664 0.0133772 -0.0837848 0.10943 0.0547192 -0.0923228 -0.0643268 -0.030681 -0.063792 -0.0205472 0.0442287 0.00031737 -0.00776507 -0.0336753 -0.00177478 -0.00364551 -0.00152451 0.00146381 0.000669986 0.00216368 0.0113558 0.00064662 -0.035992 0.0152918 -0.000183503 -0.00551188 0.0182786 0.0428156 0.0243685 0.107187 0.00289855 0.00636865 0.00731711 -0.00621909 -0.00931888 -0.00627717 0.0398082 0.0673278 -0.0496422 -0.0096575 -0.0044311
internal_weight=59419.9 3283.12 363.641 2919.48 2883.55 155.426 346.09 341.378 2728.13 2672.22 103.012 76.575 2569.21 399.315 243.086 2169.89 1914.67 131.792 1782.88 503.894 1278.99 1064.74 790.064 55.9055 15.3603 71.4886 26.6728 155.402 488.533 114.481 374.052 45.5764 56136.8 2346.72 440.668 1906.05 1857.25 1808.42 1683.45 53790.1 33485.3 4743.55 28741.8 364.069 4379.48 27997 10259.7 1415.3 707.081 549.585 157.496 17737.4 12950 12734.4 708.217 8844.39 7403.75 505.948 285.232 215.639 6897.8 4724.22
internal_count=5635248 921158 33342 887816 887333 598726 24997 24098 288607 141502 5851 3326 135651 27877 26149 107774 82790 12378 70412 27129 43283 32208 17568 147105 161 3129 344 598667 26968 2203 24765 750 4714090 466488 331412 135076 132907 122446 120346 4247602 3383792 145318 3238474 18111 127207 3208224 1255727 296073 25529 21119 4410 1952497 1618054 1471483 270544 959654 897334 64899 44650 146571 832435 295042
is_linear=0
shrinkage=0.1


Tree=92
num_leaves=63
num_cat=0
split_feature=3 1 22 0 18 18 17 25 9 8 6 9 22 7 10 4 1 1 3 0 26 3 7 27 22 11 6 11 0 18 14 3 0 7 8 17 3 0 7 14 2 3 10 8 8 6 6 0 23 11 9 7 2 5 22 10 11 22 0 18 0 18
split_gain=15.4472 14.8702 50.2663 43.5311 30.7138 26.7834 36.8751 27.3094 33.5662 27.5187 58.8211 25.683 25.3552 24.6016 23.7617 23.7384 36.4011 78.3165 28.5404 30.6944 25.9639 24.8628 22.5679 20.6484 19.6177 19.1941 18.8831 29.5853 72.5989 23.0738 28.587 17.3869 22.2754 18.0585 32.5362 71.5463 17.2678 25.624 18.096 18.7166 25.707 17.73 22.1326 19.2152 38.6934 22.0889 43.8271 18.698 16.9072 19.4746 23.756 16.1607 64.4428 55.0155 42.3885 42.0421 42.426 36.491 28.271 27.0508 26.4689 26.3271
threshold=1.5000000000000002 11.500000000000002 10.500000000000002 0.48954343795776373 0.5313725769519807 0.35388994216918951 89.48822402954103 1.0000000180025095e-35 48.566747665405281 24.316333770751957 52.223320007324226 52.73088455200196 4.5000000000000009 77.459678649902358 54.085849761962898 1.0000000180025095e-35 19.500000000000004 21.500000000000004 36.500000000000007 0.16845339536666873 1.0000000180025095e-35 3.5000000000000004 99.295776367187514 1.0000000180025095e-35 3.5000000000000004 0.44949495792388922 49.65753364562989 0.44949495792388922 0.24845763295888904 0.16397849470376971 7.5000000000000009 13.500000000000002 0.19393234699964526 71.89255523681642 77.032970428466811 1.0000000180025095e-35 68.500000000000014 0.32259997725486761 83.414241790771499 6.5000000000000009 0.47389775514602667 14.500000000000002 84.680576324462905 77.485187530517592 85.89511871337892 77.459678649902358 72.834224700927749 0.41689741611480718 -1.0000000180025095e-35 0.31666667759418493 79.118217468261733 30.860805511474613 0.64417582750320446 1.0000000180025095e-35 9.5000000000000018 32.757078170776374 0.31666667759418493 4.5000000000000009 0.84885936975479137 0.22902098298072818 0.43483147025108343 0.81534090638160717
decision_type=2 2 2 2 2 2 2 2 2 2 2 2 2 2 2 2 2 2 2 2 2 2 2 2 2 2 2 2 2 2 2 2 2 2 2 2 2 2 2 2 2 2 2 2 2 2 2 2 2 2 2 2 2 2 2 2 2 2 2 2 2 2
left_child=-1 51 3 5 -4 6 11 23 9 -9 -11 12 14 -5 -3 16 20 26 19 -19 36 -22 -14 -7 -8 -25 27 29 -29 -18 -31 32 33 -28 35 -35 37 -13 39 40 41 43 47 -39 45 46 -45 -43 49 50 -10 52 54 58 57 56 -53 -2 -54 -59 -61 -56
right_child=1 2 4 13 -6 7 24 8 48 10 -12 15 22 -15 -16 -17 17 18 -20 -21 21 -23 -24 25 -26 -27 31 28 -30 30 -32 -33 -34 34 -36 -37 -38 38 -40 -41 -42 42 -44 44 -46 -47 -48 -49 -50 -51 -52 55 53 -55 61 -57 -58 59 -60 60 -62 -63
leaf_value=0.027539759178722686 -0.0055160122030487105 0.0027103828787246121 -0.094605257066294676 -0.056406125757837981 -0.022105139487613622 0.050651906427462048 -0.10392783469178364 0.0083875133633948534 -0.033027757049420729 -0.058505068975079469 5.8661139732337251 -0.0060367582602031296 -0.063185623961676582 -0.006644533762273197 2.4786415554415342 -0.01502554902201517 -0.058178025217134402 0.033664032614802941 0.28278187845793579 -0.025710122820410321 0.03582507414962012 -0.05740278622780836 2.2350243248689625 0.006429730046982083 -0.020542624662138017 0.054085255293221418 0.03126733212617927 0.20001458477835704 2.3882629509249407 0.3235874015835713 0.056525949979264592 0.17292720063364669 0.023383507029265709 1.2741031713239326 0.092316634553126525 0.20048438272269908 -0.031244050331894448 0.090471463210578612 0.01667365063656483 0.04062026085227638 -0.035437343913259582 -0.02137975486109684 0.92895057959577321 1.1575078851587022 0.24306038012107375 1.2340130391471087 -0.10139897148729748 1.0316497245895913 0.0015719267031339566 0.067199061697668025 0.099403946618414285 -0.031183667072947466 -0.013019109313588751 0.0099431552669503667 -0.057558558307443997 0.00028698613601953383 0.084208387540092022 -0.092438217906022607 -0.057420872519049405 0.054830205549463218 0.023481140122454006 0.0490486147009934
leaf_weight=201.75750412297202 258.75548313739273 94.926279019284266 90.599691731964413 227.82208359664219 164.57786902305816 178.04205369605916 57.702425456594938 99.233670043915481 58.076647596761177 169.48882104643781 0.016759271558838829 869.83647644455777 147.54443118620839 176.18463294138201 0.038777348323491334 1099.8403920275741 5.2346211084150189 120.45852588349589 3.372485468753438 314.11862760863733 34.986691116653674 156.85432733156631 0.042740374803542092 641.04856979599572 55.210179460398649 97.351227115374058 47.742714521060407 0.61832845596654706 0.20086477519362234 7.6443701922253267 8.4263418972768687 11.295126183278624 172.5422992836975 0.72631966345943411 69.121011966577498 4.2687400914219324 167.24247511443536 2.0999847890343499 287.02189059564262 35.015072514375788 4.3462786080053766 3.7717862888821405 0.29129150568041939 0.55536703130928777 3.2790556371910498 0.74869776295963664 0.55080550687853247 0.17651341625605699 2255.2312233237099 87.06428497529123 17.665458857372869 619.99514730874944 950.36638602106541 1416.8795360856493 96.904195005765359 46398.404643137488 33.588671829158557 16.100190599874622 168.87893477344187 505.986921821539 575.85049468158832 30.441974218250834
leaf_count=3535 95761 147441 250541 33098 31123 24399 5784 188254 13838 589997 9 140648 808358 5271 37 25409 3529 58900 418 117700 18249 206710 1 42662 10937 5220 9793 174 46 901 1820 1251 32852 39 7359 326 39951 232 13988 4341 698 1079 44 47 154 79 59 27 139946 1720 492 236005 44123 47448 95096 1702030 995 56409 2452 304640 59525 1278
internal_value=-8.32052e-05 -0.00017747 -0.00417203 -0.00274233 -0.047846 -0.000995181 -0.0068664 0.00517689 9.23976e-05 -0.0334351 -0.0579193 -0.00513692 -0.0365849 -0.0347054 0.00372139 -0.00291462 0.00279592 0.0206648 -0.00700362 -0.00925246 -0.00593757 -0.0404005 -0.0625201 0.0200833 -0.0631555 0.0127127 0.0576281 0.146841 0.736569 0.124166 0.183559 0.0511714 0.0465001 0.0792313 0.110128 0.356597 -0.00112905 0.0030413 0.0264134 0.0814057 0.171679 0.250137 0.0877574 0.345303 0.449539 0.814555 0.53065 0.0256972 0.00381862 0.0349404 -0.00214049 0.000452173 0.0065378 -0.00314726 0.0230889 -6.77883e-05 -0.0252535 0.0282668 -0.0197187 0.0362286 0.0381434 -0.0320742
internal_weight=59324.2 59122.4 8050.26 7795.08 255.178 7391.07 3787.85 3603.22 2686.78 268.739 169.506 3674.94 242.552 404.007 94.9651 3432.39 2332.55 765.77 437.95 434.577 1566.78 191.841 147.587 916.442 112.913 738.4 327.821 22.1245 0.819193 21.3053 16.0707 305.696 294.401 121.859 74.1161 4.99506 1374.94 1207.69 337.857 50.8349 15.8198 11.4735 4.23959 7.23391 5.13393 1.85487 1.10617 3.9483 2418.04 162.806 75.7421 51072.2 4020.16 2536.12 1484.04 47052 653.584 1356.69 1119.25 1097.94 1081.84 127.346
internal_count=5635248 5631713 2985951 2704287 281664 2665918 1659381 1006537 934256 778260 590006 1642660 955837 38369 147478 686823 661414 235108 177018 176600 426306 224959 808359 72281 16721 47882 58090 6470 220 6250 2721 51620 50369 17517 7724 365 201347 161396 20748 6760 2419 1721 1150 571 339 185 106 1106 155996 16050 14330 2645762 706732 94023 612709 1939030 237000 516335 46575 420574 364165 96374
is_linear=0
shrinkage=0.1


Tree=93
num_leaves=63
num_cat=0
split_feature=10 6 9 7 6 10 9 14 6 10 6 10 9 9 14 6 7 10 8 11 9 10 6 10 18 2 14 9 10 2 7 10 2 16 17 17 15 17 10 17 15 1 16 2 15 9 10 14 10 17 17 5 11 9 15 9 2 9 11 9 2 9
split_gain=15.4149 95.7219 51.994 30.7903 23.2819 132.646 42.4532 27.836 22.7656 127.423 39.1418 80.4563 62.9056 36.6906 44.8904 35.0284 45.1327 43.1941 34.149 31.6024 31.4658 31.0476 50.4102 46.9023 29.6322 38.4738 34.0962 39.8194 29.6036 34.8253 38.946 41.4137 36.5483 38.8722 44.2536 117.899 201.696 30.706 40.8385 29.911 45.3211 64.6393 29.1074 48.9003 52.2902 80.2099 51.021 28.936 28.7152 28.5299 44.4574 24.8725 40.2707 61.4853 52.3913 50.1072 52.866 33.944 28.9958 94.0258 52.4513 44.051
threshold=16.53005409240723 15.535444736480715 37.884435653686531 14.415584564208986 20.169491767883304 21.680376052856449 47.722568511962898 3.5000000000000004 25.176055908203129 26.36544227600098 28.743545532226566 30.471628189086918 45.512083053588874 50.373134613037116 5.5000000000000009 32.049383163452156 33.150182723999031 32.757078170776374 25.866189002990726 0.15476191043853763 50.373134613037116 30.0684928894043 28.147006988525394 27.36185455322266 0.30602006614208227 0.72155243158340465 9.5000000000000018 51.66851997375489 33.534135818481452 0.63698199391365062 31.503759384155277 32.049383163452156 0.49985277652740484 82.985958099365249 82.940685272216811 80.096618652343764 70.109020233154311 73.71710586547853 32.757078170776374 96.437637329101577 96.636753082275405 9.5000000000000018 92.545253753662124 0.26561750471591955 56.172079086303718 39.173061370849616 31.662488937377933 19.500000000000004 34.549070358276374 66.04639053344728 68.982757568359389 1.0000000180025095e-35 0.18333333730697635 48.074073791503913 67.397308349609389 91.945945739746108 0.77065888047218334 30.940170288085941 0.31666667759418493 88.067794799804702 0.71215134859085094 72.850124359130874
decision_type=2 2 2 2 2 2 2 2 2 2 2 2 2 2 2 2 2 2 2 2 2 2 2 2 2 2 2 2 2 2 2 2 2 2 2 2 2 2 2 2 2 2 2 2 2 2 2 2 2 2 2 2 2 2 2 2 2 2 2 2 2 2
left_child=1 2 -1 -2 6 -6 7 -5 24 19 13 12 -12 14 18 16 20 -17 -11 -10 28 22 23 -20 -7 26 -26 -28 29 30 31 42 33 -32 35 37 -37 38 -35 -36 41 -41 -13 44 -44 -46 -47 -14 -30 -40 -51 52 53 57 -55 56 -56 -19 59 60 -53 -60
right_child=3 -3 -4 4 5 8 -8 -9 9 10 11 15 47 -15 -16 17 -18 51 21 -21 -22 -23 -24 -25 25 -27 27 -29 48 -31 32 -33 -34 34 39 36 -38 -39 49 40 -42 -43 43 -45 45 46 -48 -49 -50 50 -52 58 -54 54 55 -57 -58 -59 61 -61 -62 -63
leaf_value=0.014315538204048885 0.050727287710935612 -0.096438077091766272 -0.073866117757973651 -0.016798003715125954 -0.077080038775010518 -0.063388631859483194 -0.051011271019299136 0.034350537377137849 -0.072193824107336713 -0.075136719879726324 -0.073427407410026818 0.047815431258343033 0.029176696563713567 -0.048819156787280708 0.049893664019937944 -0.041015343142839208 -0.036057718855964399 1.7543332398883462 0.11129391627104396 0.089674638299733586 -0.034099426240376284 -0.062069012608143674 0.12508625454626773 -0.029055262342585639 0.010533991617863185 -0.0031407151955258465 0.074316376628134548 -0.036467250023975085 -0.10257005126089791 0.036777052695447836 0.021938247516960385 0.027848843551339597 0.10302585544636547 -0.10212031753002884 0.15029688480761438 7.9969360278407811 -0.10024592114870373 0.43441926714554341 0.86962982185597082 2.8636831104512375 0.14333774491997225 -0.10085497263739235 0.24891874109329706 0.17385449560146074 0.5504605548227951 3.7236319697078581 1.3353765084298521 -0.13762437261422819 0.042762464805502526 4.2118175337555002 1.52637832875076 -0.025402365391824191 0.00069955622007095185 0.039680480513196691 -0.0064897865107352683 0.093154843274574906 0.024212853960147947 -0.020587351628168649 0.018340341624649752 0.038255953179352466 -3.974764321418608e-05 -0.0017424530172396278
leaf_weight=486.20419541099727 119.80123307394388 119.21749715358055 77.526383471082227 130.43161345169938 223.8675915406784 46.789678783155978 82.16498686160412 577.4720587714437 286.11575325633748 51.87458692135624 262.00245324655407 16.383527899313776 110.58276202202978 65.675069794739102 421.08617348118423 257.05747895600507 95.433299765425545 0.10776977250134123 30.777335209029843 12.592153909943589 50.323063166608335 42.404826937869075 44.738207591279206 105.19409964800798 275.21342130553603 469.56352700587013 248.45446178671045 37.317884092975874 22.996663374899072 199.22101615746942 1.6083397470629259 56.346605192586139 6.3090772573341383 0.15503192375035713 2.0698472080075594 0.061742178528220282 0.061311630241107196 1.0831871487098395 0.20492860028025461 0.20222549395111844 0.35669367070659064 0.11559058479906525 1.554769227397631 27.648163382822531 0.74038146808015859 0.15686835774977226 0.20813919433567207 11.479839471903686 33.255020174132369 0.092720698106859345 0.18395068899553735 2057.6063676407357 23451.429981921377 782.01228832895504 1256.5727443623837 69.931475479155779 1012.8814351888068 508.84012215594703 1148.7940478454184 361.93169693808886 1350.625979290704 22176.370176347973
leaf_count=125594 23580 76120 31059 41756 200271 140789 23021 146290 313145 22581 329790 40423 34220 12771 175925 204049 70404 93 4897 1288 10013 37606 8361 64272 124462 13576 82697 6833 20002 9088 7417 71521 1174 155 1660 41 90 273 85 66 39 92 231 4393 235 83 56 6959 18606 54 104 575986 912990 100851 89945 7259 22366 362639 45385 20816 34811 953890
internal_value=-9.11965e-05 -0.0150281 0.00218846 8.28646e-05 -2.08728e-05 -0.000254346 0.0170291 0.0249264 4.49047e-05 -0.000230177 0.000116685 -0.000193241 -0.0458038 0.0226303 0.0293716 0.000125542 0.026038 -0.000120459 -0.0020535 -0.0653702 0.0401027 0.0149385 0.0330089 0.00271298 0.0144446 0.0179785 0.0356559 0.0598496 0.0501672 0.0621085 0.105785 0.0855599 0.272442 0.444962 0.59328 0.972308 3.96251 0.758358 1.30952 0.338757 0.91708 1.78547 0.155204 0.213254 0.622755 1.14857 2.36177 0.0134893 -0.016652 1.76394 2.42635 7.35774e-05 0.00221676 0.0120177 0.0172727 0.00978219 0.00721313 -0.0202115 -0.00206854 -0.0102053 -0.0153516 -0.00075335
internal_weight=59289.5 682.948 563.731 58606.5 58486.7 57696.7 790.069 707.904 57472.8 56395.5 56096.7 55335 384.065 761.75 696.075 54950.9 516.772 54434.2 274.989 298.708 421.339 223.114 180.71 135.971 1077.34 1030.55 560.986 285.772 371.016 314.764 115.543 103.038 12.5046 6.19557 4.58723 1.84287 0.123054 1.71982 0.636632 2.74436 0.67451 0.317816 46.6918 30.3083 2.66016 1.10539 0.365008 122.063 56.2517 0.4816 0.276671 54177.1 27081.8 3630.35 3121.4 2339.39 2269.45 508.948 27095.3 3770.16 3408.23 23325.2
internal_count=5635248 232773 156653 5402475 5378895 5167828 211067 188046 4967557 4599200 4284767 3958354 370969 326413 313642 3587385 256305 3331080 137717 314433 185901 115136 77530 69169 368357 227568 213992 89530 175888 137280 128192 116942 11250 10076 2659 802 131 671 398 1857 197 158 45421 4998 605 374 139 41179 38608 243 158 3127031 1496143 583153 220421 119570 112311 362732 1630888 631613 610797 999275
is_linear=0
shrinkage=0.1


Tree=94
num_leaves=63
num_cat=0
split_feature=21 24 2 27 26 11 26 18 17 9 9 9 9 11 18 22 2 24 6 8 7 10 6 10 10 0 5 11 0 22 9 21 9 10 4 21 24 1 11 9 22 21 11 9 26 1 10 7 24 9 9 6 6 7 8 11 7 7 8 9 8 9
split_gain=15.1604 15.13 45.4769 34.3125 31.1429 29.2703 16.2853 14.945 13.9858 13.8127 58.8804 51.3921 49.8739 45.1384 39.2604 33.5443 34.059 33.3563 33.2621 48.0623 30.877 42.7544 27.6845 32.0543 25.0806 24.0437 22.6222 37.0611 46.3164 47.5878 46.4316 32.9195 43.4419 30.0052 25.3344 31.6455 36.6784 25.1334 35.4725 75.5695 47.3212 53.7428 71.6206 44.8518 48.5003 33.9884 30.6076 40.1685 30.142 28.9948 40.0169 32.5025 42.5955 30.8382 27.1085 24.6529 35.3125 71.7172 50.7445 47.4768 76.6751 36.0448
threshold=3.5000000000000004 3.5000000000000004 0.81346824765205394 1.0000000180025095e-35 1.5000000000000002 0.44949495792388922 1.0000000180025095e-35 0.28801843523979193 99.80237197875978 42.740047454833991 42.967033386230476 40.289855957031257 43.951219558715827 0.2264957278966904 0.30602006614208227 3.5000000000000004 0.91510540246963512 1.5000000000000002 17.712418556213382 16.807909011840824 33.520599365234382 36.254106521606452 33.520599365234382 36.254106521606452 20.126582145690922 0.18614576756954196 1.0000000180025095e-35 0.18333333730697635 0.25894053280353552 7.5000000000000009 91.945945739746108 5.5000000000000009 82.807880401611342 38.757823944091804 1.0000000180025095e-35 7.5000000000000009 1.0000000180025095e-35 1.0000000180025095e-35 0.31666667759418493 86.526824951171889 3.5000000000000004 7.5000000000000009 1.0000000180025095e-35 72.850124359130874 1.0000000180025095e-35 2.5000000000000004 93.063350677490249 86.70682525634767 1.5000000000000002 65.419578552246108 50.373134613037116 49.65753364562989 34.851621627807624 61.651582717895515 77.032970428466811 0.44949495792388922 91.945945739746108 74.601570129394545 73.746868133544936 81.120250701904311 69.631092071533217 88.416816711425795
decision_type=2 2 2 2 2 2 2 2 2 2 2 2 2 2 2 2 2 2 2 2 2 2 2 2 2 2 2 2 2 2 2 2 2 2 2 2 2 2 2 2 2 2 2 2 2 2 2 2 2 2 2 2 2 2 2 2 2 2 2 2 2 2
left_child=-1 9 3 4 -3 6 7 -5 -4 11 22 13 -12 14 17 25 20 -2 24 -20 -17 -22 -11 -24 -14 -16 27 28 29 34 31 32 -30 -29 35 36 -21 -28 39 40 48 42 49 44 -40 -46 47 -41 -39 50 51 52 -42 -52 -43 56 57 58 59 -35 -61 -58
right_child=1 2 8 5 -6 -7 -8 -9 -10 10 12 -13 18 -15 15 16 -18 -19 19 26 21 -23 23 -25 -26 -27 37 33 30 -31 -32 -33 -34 55 -36 -37 -38 38 43 46 41 54 -44 -45 45 -47 -48 -49 -50 -51 53 -53 -54 -55 -56 -57 61 -59 -60 60 -62 -63
leaf_value=-0.044614877402763625 -0.070258632142111879 0.0082395020711293881 -0.0027186255901449231 0.10406554194635567 -0.10575002221226482 -0.12187414402798701 -0.08881267722665212 -0.031197518707676987 0.033285512043254833 0.064627340415106732 -0.069857281625938933 -0.047096638974727899 -0.061533544724903237 0.17745703295378037 0.068375514089399958 0.0080445573855536523 -0.021769268484925483 0.046862277418504045 0.095329990458497216 -0.033353952460306834 -0.052312746395317369 0.058940652273906873 -0.091939151318281606 0.044309092452973653 1.2433019766750402 -0.093153450188356787 -0.011964566490142828 0.050488181211047936 -0.027563561423875699 -0.028387021647172772 0.089318824927546198 0.010219175431856022 0.065392011272021253 -0.010995604907234361 0.021175975541581789 0.10425011270276341 0.078700508054702828 -0.084763891688975149 0.045943188318694046 0.027617789197858889 0.023383417286761736 0.0032928629537323714 -0.067153554624877737 -0.00020707407254813581 -0.033184170132064053 0.017871169107927951 0.1054304000990518 -0.12578340773911217 0.031761312098550827 0.0077735266177027564 -0.054883194911646151 0.16720413847203727 -0.045302483849312514 0.11290740943469768 -0.071016008542110862 0.002323465539497035 -0.099560198027039234 0.01950815313322829 -0.039606927558286958 0.071892138272706366 -0.026220448067364035 -0.020070983917407234
leaf_weight=76.539772948432073 140.79018107038792 179.78772757027764 429.88026524231827 8.8287282513192604 27.654561656479927 61.826243172341492 50.7649829006441 109.21966932348732 144.04093682239181 209.13524516287725 101.11526135286113 277.19518055014487 92.417242218471074 13.894005373820617 10.865527432240922 2632.3604174942029 568.90597237512338 29.393741791314824 53.440816011338029 47.768260510889377 178.81002452673783 42.813150744357699 27.575873575275182 46.190948854404269 0.14754339990758936 60.6672587451867 2152.274258019359 122.00967295183364 461.21055214718945 84.477870384875132 67.654142795945518 2560.7145321153148 56.426584274333436 1732.2909338797253 151.04599981036154 143.94196568457119 75.194721021893201 142.96205488923442 446.8326840797381 355.56713019076415 197.32801791238671 1473.4389770076705 328.27854116779781 20099.465969285546 184.81749538444274 442.77529391437565 47.559557571541518 17.930602734675631 26.279630379307491 394.64947522473813 349.10005346181424 10.900137716656898 166.44446711465207 11.308321923366746 50.785580846611992 18749.910925721713 63.674194311723113 1060.3748110636807 511.01753035226284 189.09622136445978 137.62605565691047 548.0276353948575
leaf_count=7771 744308 4926 14029 361 1474 1852 2290 4704 5473 69732 106811 276008 32428 545 2127 1038821 12891 25015 7288 83481 180160 28515 25341 25374 26 8584 111476 11999 101048 74744 7661 195112 3834 88018 5518 30957 21704 35912 22230 11267 101727 168211 31002 841468 1948 20908 10643 380 983 13466 71772 932 132226 214 1139 730851 475 22950 37642 4134 4693 5669
internal_value=-0.0001384 -8.08568e-05 -0.0122031 -0.0364665 -0.00695668 -0.0630083 -0.0414493 -0.0210813 0.00631758 0.000130121 0.000546534 -0.00557454 0.000307746 -0.00244562 -0.0031277 -0.000843495 0.000572878 -0.0500298 0.000439601 0.000542814 0.00502651 -0.0308208 0.0460486 -0.00662389 -0.0594537 -0.0686179 0.000448416 0.00250686 0.0118734 0.0400674 0.00737075 0.00556974 -0.0174307 0.0010284 0.0539037 0.0724249 0.03517 -0.00159961 -0.000698134 -0.00991539 -0.0152316 -0.0123124 -0.0260381 0.000857034 0.0207635 0.00283607 0.0298744 0.0202534 -0.06667 -0.0140907 -0.0258292 -0.00294549 -0.00804389 -0.0496185 0.000816968 0.000765933 -0.00611828 -0.00237317 -0.0114012 -0.00440098 0.0305639 -0.0283453
internal_weight=59235.4 59158.9 1012 438.082 207.442 230.64 168.813 118.048 573.921 58146.9 54191.2 3955.7 53908.3 3678.5 3664.61 3494.42 3422.89 170.184 53807.2 53714.6 2853.98 221.623 282.902 73.7668 92.5648 71.5328 53661.2 26762.5 3648.43 502.429 3146.01 3078.35 517.637 23114 417.951 266.905 122.963 26898.7 24746.4 3572.53 3151.48 2982.23 1458.01 21173.9 1074.43 627.593 421.057 373.498 169.242 1129.73 735.081 374.673 363.772 360.408 1524.22 22992 4242.11 3630.41 2570.03 2059.01 326.722 611.702
internal_count=5635248 5627477 35109 15607 6400 9207 7355 5065 19502 5592368 3275394 2316974 3154947 2040966 2040421 1271098 1260387 769323 3048136 3015682 1247496 208675 120447 50715 32454 10711 3008394 1430490 524059 216404 307655 299994 104882 906431 141660 136142 105185 1577904 1466428 579874 557584 520689 351339 886554 45086 22856 22290 11647 36895 320337 306871 234885 233953 71986 169350 894432 163581 157437 134487 96845 8827 6144
is_linear=0
shrinkage=0.1


Tree=95
num_leaves=63
num_cat=0
split_feature=24 14 21 16 0 9 8 1 14 8 10 9 14 21 15 14 0 9 6 0 8 6 8 3 9 6 10 6 10 6 0 3 16 16 9 7 6 10 6 21 16 16 0 16 15 1 0 10 15 8 10 3 0 18 6 10 10 7 6 14 10 14
split_gain=14.6641 14.6182 39.251 34.8773 24.2629 20.016 31.7854 18.1275 17.7708 73.703 37.6936 23.164 22.2333 45.0297 44.4506 58.7003 25.1514 21.8427 26.152 39.3998 35.6991 25.3988 25.1447 21.6421 21.0783 40.5479 58.6953 32.3328 27.0461 22.5197 19.2595 24.0098 19.2542 19.1664 24.0873 32.2254 18.8889 18.8858 25.8401 18.5326 18.0492 17.943 57.9902 89.4764 34.8699 25.6778 144.408 21.1866 52.0273 17.7591 17.7168 17.2955 17.229 16.8544 16.6869 39.3527 31.3018 33.5934 22.8788 27.3982 27.383 19.7783
threshold=6.5000000000000009 18.500000000000004 7.5000000000000009 88.473194122314467 0.41374915838241583 79.118217468261733 29.459980010986332 28.500000000000004 14.500000000000002 52.704679489135749 19.139194488525394 30.940170288085941 11.500000000000002 6.5000000000000009 1.0000000180025095e-35 12.500000000000002 0.76043426990509044 53.45238113403321 30.267793655395511 0.2801633775234223 21.132376670837406 32.305501937866218 43.951219558715827 6.5000000000000009 35.948717117309577 19.139194488525394 20.601238250732425 27.334994316101078 27.072835922241214 27.639257431030277 0.83491453528404247 9.5000000000000018 73.086681365966811 85.786437988281264 90.399383544921889 29.679679870605472 82.078273773193374 21.164613723754886 17.712418556213382 9.5000000000000018 96.984848022460952 76.016529083251967 0.1144516095519066 66.496597290039077 75.415355682373061 68.500000000000014 0.28393946588039404 19.433517456054691 40.68782043457032 29.459980010986332 12.59920644760132 5.5000000000000009 0.80898490548133861 0.98275861144065868 32.049383163452156 32.757078170776374 27.36185455322266 30.860805511474613 31.503759384155277 5.5000000000000009 33.534135818481452 7.5000000000000009
decision_type=2 2 2 2 2 2 2 2 2 2 2 2 2 2 2 2 2 2 2 2 2 2 2 2 2 2 2 2 2 2 2 2 2 2 2 2 2 2 2 2 2 2 2 2 2 2 2 2 2 2 2 2 2 2 2 2 2 2 2 2 2 2
left_child=1 8 3 -3 7 6 -6 -5 12 10 52 41 24 16 36 -16 33 21 20 -20 -19 -13 -21 -18 25 51 -27 30 49 -28 32 -32 -26 -14 35 37 -15 38 50 40 -11 42 43 -12 45 47 -47 48 -44 -29 -35 -1 -10 -4 56 61 -30 -58 -59 60 -60 -56
right_child=-2 2 53 4 5 -7 -8 -9 9 39 11 17 13 14 15 -17 23 18 19 22 -22 -23 -24 -25 27 26 29 28 54 -31 31 -33 -34 34 -36 -37 -38 -39 -40 -41 -42 -43 44 -45 -46 46 -48 -49 -50 -51 -52 -53 -54 -55 55 -57 57 58 59 -61 -62 -63
leaf_value=0.023840187027299294 -0.072237933460149603 -0.048624335783594062 -0.060730550239752538 0.060838239997294298 0.0028488748340248296 0.050856386505072987 -0.085575621369540181 -0.094646198874532295 -0.0090593086299616109 -0.025023184262804976 -0.10001259695016228 0.028256464485965777 -0.0087879511859280304 0.031300084446923462 -0.058650169761789828 -0.009344883722668328 -0.0011540855285903592 0.080776284356897876 0.1362496827086489 0.067840757735372278 -0.086567241184743196 -0.03401083171080551 0.0061676461226080961 -0.10585363090838565 -0.067830500708582417 -0.088188648292250885 -0.0058288520284061783 -0.09072269688882377 0.17742009923992053 -0.040292528945647665 0.015405249101072438 -0.098086466924099391 0.036965473101907891 -0.068488157665908281 0.058281415698714069 -0.019891169847423042 0.61675883305126589 0.058634863799998507 -0.094127890085073829 -0.05557557254364634 0.026322095909291861 0.10727369517117598 7.5203685790261137 15.750251270203771 1.8224049841476391 -0.10003227205155954 17.399262534866548 0.00071863688445839751 -0.10012883755675539 -0.01375320436429976 0.068404369944117166 -0.007823851444089468 -0.11666719042093597 0.0091726912325846705 -0.020748488057138328 0.00045029929733353342 0.034127993806565692 -0.047929285117463152 0.11103748385441824 -0.039357263648245398 -0.039374766022787805 -0.079351824047303218
leaf_weight=364.63386920668563 28.187458583699481 116.99221468549331 190.77896499097733 114.542702152743 245.92697969845176 61.731534748454578 48.702588792912138 8.0235717821342387 108.27744551455726 230.18816401353251 0.0081784235517287085 318.66435244604327 320.03249800529738 116.30555351214571 433.3818887215748 545.26875602617292 44.054049740632763 21.852415446432133 55.248535011272907 169.5034560275526 30.597234339351417 82.458830517552997 108.37610661539657 35.775840807822533 18.250981482540737 119.22862067338065 789.25578284285257 52.309625522717397 11.995496234967503 249.54901649810199 64.021484956378117 26.297400135779753 445.17456587608285 12.513840804080244 137.21490638621617 191.82650666694462 0.55370252160355349 137.38559332127261 22.259872524537059 120.7996200816051 97.445718356990255 27.701689868699759 0.013121378528012206 0.0063089156428759461 0.15529228958621388 0.026981388797139516 0.0057145216851495198 0.8678731283180241 0.028243166892934823 70.21372011729909 38.668003187078284 327.38994556307989 17.249242658377625 42.104352118331008 226.34104746528647 51515.292031253368 330.64421274648521 112.01806842022052 38.878090698612141 46.650350647618325 17.575147043413381 77.2432897076269
leaf_count=71280 984 164983 55534 25704 12024 4577 4348 3790 46790 31022 95 139426 185469 10730 61989 92223 3135 1620 7957 7211 6281 54443 2194 1105 81319 117647 389324 56793 4009 251583 746 320 103062 1830 4129 27338 22 19161 4470 4422 5020 4018 15 17 53 237 64 3361 157 70460 2742 107313 243 1860 208287 2818101 139972 96941 12888 23037 11897 67476
internal_value=-0.000127738 -9.33784e-05 -0.0132807 0.000323552 0.0122805 -0.000919563 -0.0117678 0.0506597 9.4006e-05 0.0112676 0.0271663 0.0350183 -0.000178665 -0.010442 -0.0242184 -0.031179 0.00561807 0.0317929 0.0487884 0.0591222 -0.0168459 0.0154562 0.0437876 -0.0480753 0.000201795 -0.0102908 -0.0217351 0.000567692 0.000314152 -0.014108 0.0246051 -0.0176392 0.0328383 0.0106027 0.0220975 0.00976687 0.0340741 0.036752 -0.00418378 -0.022096 -0.00975194 0.123082 0.517001 6.80243 0.434011 0.205113 2.95846 0.106104 2.31719 -0.0466143 0.0349345 0.00886023 -0.0238462 -0.0480923 0.000423931 0.000238748 0.0176283 0.0141162 -0.0166421 0.0173503 0.0642108 -0.0356594
internal_weight=59184.7 59156.5 828.803 595.92 478.927 356.361 294.63 122.566 58327.7 1389.47 941.041 815.514 56938.2 2035.24 1095.51 978.651 939.731 786.701 385.578 333.128 52.4496 401.123 277.88 79.8299 54903 1850.06 1158.03 53052.9 52499.2 1038.8 553.744 90.3189 463.426 859.901 539.869 402.654 116.859 210.827 73.4417 448.434 327.634 28.8134 1.11171 0.0144873 1.09723 0.941934 0.0326959 0.909238 0.0413645 122.523 51.1818 692.024 125.527 232.883 52376.6 51818.9 557.761 545.766 215.122 103.104 56.4532 303.584
internal_count=5635248 5634264 272820 215426 50443 20949 16372 29494 5361444 314646 274182 227149 5046798 414343 164964 154212 249379 219132 25263 17362 7901 193869 9405 4240 4632455 937147 758554 3695308 3509861 640907 185447 1066 184381 245139 59670 55541 10752 28203 9042 40464 36042 8017 3999 112 3887 3834 301 3533 172 127253 4572 178593 47033 57394 3382608 3093864 288744 284735 144763 47822 24785 275763
is_linear=0
shrinkage=0.1


Tree=96
num_leaves=63
num_cat=0
split_feature=1 14 0 18 14 10 10 2 21 6 2 2 18 10 14 2 10 7 6 2 1 0 14 8 18 3 18 18 21 14 26 2 1 10 6 14 18 8 21 0 18 0 1 7 24 8 25 4 10 4 7 7 0 0 10 7 6 10 7 11 14 8
split_gain=75.2273 334.956 769.497 2363.42 3833.78 11249.4 17057.4 8065.89 2161.36 1020.46 1484.51 302.828 170.605 320.316 966.112 422.724 644.845 136.862 127.172 255.966 125.177 50.2409 90.2737 487.059 627.589 19.077 17.5693 17.1209 54.8947 345.419 36.4934 106.731 292.501 13.8539 42.2961 21.2904 15.3663 111.616 83.3204 49.0569 34.7282 27.1811 24.0168 25.0337 23.2634 22.9795 22.8658 26.6829 21.5919 21.1168 26.8889 19.6948 39.8197 37.6739 57.1972 28.5403 35.9571 42.7641 31.5383 29.4214 40.8805 28.308
threshold=65.500000000000014 14.500000000000002 0.28393946588039404 0.36939570307731634 18.500000000000004 22.401432991027836 19.836065292358402 0.42466525733470922 5.5000000000000009 25.176055908203129 0.44904597103595739 0.53930655121803295 0.40370370447635656 26.36544227600098 15.500000000000002 0.33486531674861914 20.601238250732425 23.45301723480225 28.147006988525394 0.4407906979322434 272.50000000000006 0.1144516095519066 16.500000000000004 26.158231735229496 0.21980676054954532 37.500000000000007 0.43874999880790716 0.45227272808551794 6.5000000000000009 15.500000000000002 1.5000000000000002 0.40789571404457098 88.500000000000014 10.3913631439209 10.084745883941652 11.500000000000002 0.98275861144065868 99.275363922119155 7.5000000000000009 0.48954343795776373 0.8834841549396516 0.32111087441444403 8.5000000000000018 80.901721954345717 4.5000000000000009 70.051548004150405 1.0000000180025095e-35 1.0000000180025095e-35 42.462121963500984 1.0000000180025095e-35 75.615615844726577 33.520599365234382 0.76043426990509044 0.74851754307746898 81.120250701904311 71.010189056396499 72.065574645996108 76.028167724609389 54.085849761962898 0.44949495792388922 5.5000000000000009 70.710784912109389
decision_type=2 2 2 2 2 2 2 2 2 2 2 2 2 2 2 2 2 2 2 2 2 2 2 2 2 2 2 2 2 2 2 2 2 2 2 2 2 2 2 2 2 2 2 2 2 2 2 2 2 2 2 2 2 2 2 2 2 2 2 2 2 2
left_child=33 25 21 4 5 6 17 -8 -9 10 -7 -12 13 14 -5 16 -16 -4 19 -11 -17 22 23 24 -3 26 -2 28 30 -30 -14 32 -32 34 35 -1 40 38 41 48 44 -38 51 -44 -35 -41 47 -42 -40 50 -47 52 -43 54 55 56 59 58 -58 60 61 -53
right_child=1 2 3 12 -6 9 7 8 -10 18 11 -13 27 -15 15 20 -18 -19 -20 -21 -22 -23 -24 -25 -26 -27 -28 -29 29 -31 31 -33 -34 36 -36 -37 37 -39 39 45 46 42 43 -45 -46 49 -48 -49 -50 -51 -52 53 -54 -55 -56 -57 57 -59 -60 -61 -62 -63
leaf_value=0.021418883224695276 -0.047510003424233643 -0.10003058814533741 -0.10003557866409013 -33.869620122893274 -0.10022292540354201 -45.457651733692003 -147.56501787731176 -25.368719492692559 -81.765762102686949 -20.189769613129737 -0.10013836644486769 -17.214513909484509 -0.1006316986856938 -0.10180055493766074 -0.10013282923643022 -0.10008954184399588 -40.26162095615615 -15.999960257755829 -0.10028088284882192 -0.10006392637044986 -13.707308962212629 -0.059334588062558064 -0.1000940140776498 -0.10128020385767122 -31.556687131873019 0.68700761608195648 0.028141085098734888 -0.084586388752386235 -20.934182264684779 -0.10008002181744889 -22.204684652329878 -0.10018960955446632 -0.1000318855705503 0.00010707282753392688 -0.13313353757232135 -0.057585737523284643 0.089775196907835766 0.069223571696448119 0.27187096631479857 0.028620849039968373 -0.054812795144633823 0.020164777771149334 -0.055568490003923256 0.060440036853527605 -0.032057029175690734 -0.14630398900375283 -0.061032805546927665 -0.0077862308774199335 0.081057225381931164 0.0063079997209114502 0.033129013892076072 -0.056461106351977465 -0.017053020079990027 0.0081111439367886114 0.0070541990701690847 -0.005356323344639191 -0.0026260981824935644 -0.013119538966204991 -0.2619192866177652 0.027155225986631833 -0.014686154421299259 -0.13994566118787721
leaf_weight=99.552860088431771 101.07793726844466 0.012702560872638879 0.039150559492554193 0.011837756999739546 0.41348716563879861 0.013218714080721838 0.015583352324028965 0.011863167448609602 0.015907322227576515 0.0099501993063313421 0.025231081639503827 0.017516608986625215 0.57444767850029199 0.18313765811763005 0.0086084938666317612 0.085095589591219323 0.007464658050594152 0.0062824277010804499 0.18924222814530367 0.017490059672127245 0.0073440514679532489 10.605020193586823 0.21312407190453087 0.089107595242239768 0.012666895192523953 0.37778064588201132 44.089658680495631 1.9962204239091077 0.0095931377909437288 0.046683595981448889 0.0090402442729100585 0.067233237365144305 0.017720787112921244 51824.722045818118 31.42583161582661 51.888115416440996 29.557344780303538 258.94337434243062 10.709814005298542 948.8379079819133 131.66341644505155 736.16789335524663 159.60041978929075 21.055357270990498 225.84942972722638 21.870516926981509 99.992445127893006 1443.1168926523533 13.288049543742089 191.39781877264613 13.510917048901318 288.71303105173865 471.65239614009624 741.69016959803412 520.87479169986909 251.3416885540355 5.9460225068032768 19.022967657074332 22.22258667089045 61.669418573379517 248.12485490721883 47.265183594077826
leaf_count=19502 159298 111 307 68 2379 94 82 54 88 80 63 60 2599 720 57 540 56 54 785 100 61 30481 1141 281 35 58 22166 3306 37 270 73 313 132 4953269 18941 21866 987 200467 401 25137 6763 18452 17310 657 7168 137 1678 33246 292 9274 227 6530 6389 21317 23944 5870 71 447 277 1332 6914 434
internal_value=-0.000262657 -0.0686794 -0.523067 -1.74904 -6.67633 -14.1995 -45.115 -89.9848 -57.6737 -4.13197 -16.1697 -7.11305 -0.486562 -2.73543 -6.74302 -3.78375 -18.7518 -2.29866 -1.02279 -7.38486 -1.18114 -0.0970122 -1.3167 -3.58168 -15.8062 -0.0226867 -0.0245336 -0.235728 -0.652044 -3.65154 -0.399514 -2.22614 -7.56729 -7.67717e-05 -0.0275585 -0.00565041 8.6831e-06 0.00526369 0.00183081 0.024675 -0.000488543 -0.00572918 -0.00651432 -0.0420477 -3.24884e-05 0.0217858 -0.0146623 -0.011718 0.166214 -0.00681192 -0.0777849 -0.00463441 0.00563127 -0.0102528 -0.0195488 -0.034223 -0.0446931 -0.128958 -0.207186 -0.0385352 -0.0454708 -0.0682057
internal_weight=59152 160.277 14.732 3.79935 0.774923 0.361436 0.0887868 0.0433538 0.0277705 0.272649 0.0559664 0.0427477 3.02443 0.303488 0.120351 0.108513 0.0160732 0.045433 0.216682 0.0274403 0.0924396 10.9326 0.327601 0.114477 0.0253695 145.545 145.168 2.72094 0.724719 0.0562767 0.668442 0.0939943 0.026761 58991.7 182.867 151.441 58808.8 5083.46 4824.52 1199.62 53725.3 3624.9 3595.35 180.656 52050.6 1175.62 1674.77 1574.78 23.9979 226.779 35.3814 3414.69 1207.82 2206.87 1465.18 944.306 692.964 47.1916 28.1686 645.772 584.103 335.978
internal_count=5635248 225949 44427 12378 4146 1767 585 224 142 1182 217 123 8232 1502 782 714 113 361 965 180 601 32049 1568 427 146 181522 181464 6730 3424 307 3117 518 205 5409299 60309 41368 5348990 346866 146399 35468 5002124 110931 109944 17967 4960437 34775 41687 40009 693 9638 364 91977 24841 67136 45819 21875 16005 795 348 15210 13878 6964
is_linear=0
shrinkage=0.1


Tree=97
num_leaves=63
num_cat=0
split_feature=26 4 21 25 23 18 11 6 18 10 6 7 7 11 27 21 18 21 14 11 9 18 0 4 10 8 16 11 10 9 21 16 10 14 16 18 23 21 5 14 27 14 7 16 16 23 11 26 16 4 0 7 9 18 14 11 18 21 14 25 21 27
split_gain=14.2866 27.5463 12.4702 13.2045 46.3798 47.7352 30.9076 51.2164 38.1757 31.9176 32.7903 34.5342 37.9082 33.0353 30.932 31.1862 30.416 27.9557 33.6797 26.8271 26.3483 31.1396 50.7412 30.14 27.5977 27.0635 25.7144 25.4086 77.8479 70.9914 69.1337 72.5887 53.6252 49.8322 45.9681 86.2022 56.6057 48.2867 42.4747 42.5372 31.968 31.4248 30.0707 38.0812 51.8333 33.6455 30.8882 28.9381 28.8301 34.0203 33.2687 28.048 26.2345 25.364 25.1665 55.9103 57.276 88.8418 48.109 45.028 50.5015 35.5815
threshold=2.5000000000000004 1.0000000180025095e-35 4.5000000000000009 1.0000000180025095e-35 0.73214286565780651 0.57417583465576183 0.81666666269302379 86.526824951171889 0.94868421554565441 99.206348419189467 96.590469360351577 86.319076538085952 76.63120269775392 0.6904762089252473 1.0000000180025095e-35 7.5000000000000009 0.89736840128898632 12.500000000000002 9.5000000000000018 0.77500000596046459 93.908470153808608 0.21980676054954532 0.30231609940528875 1.0000000180025095e-35 55.646631240844734 97.498435974121108 83.893524169921889 0.31666667759418493 92.422504425048842 55.245780944824226 8.5000000000000018 79.324596405029311 72.281322479248061 14.500000000000002 98.706874847412124 0.77097901701927196 -1.0000000180025095e-35 8.5000000000000018 1.0000000180025095e-35 10.500000000000002 1.0000000180025095e-35 2.5000000000000004 24.068965911865238 99.760765075683608 98.706874847412124 0.15476191043853763 0.10555555671453477 1.5000000000000002 97.22989654541017 1.0000000180025095e-35 0.74851754307746898 64.565757751464858 70.659969329833999 0.65942031145095836 10.500000000000002 0.64583334326744091 0.36939570307731634 7.5000000000000009 15.500000000000002 1.5000000000000002 5.5000000000000009 1.0000000180025095e-35
decision_type=2 2 2 2 2 2 2 2 2 2 2 2 2 2 2 2 2 2 2 2 2 2 2 2 2 2 2 2 2 2 2 2 2 2 2 2 2 2 2 2 2 2 2 2 2 2 2 2 2 2 2 2 2 2 2 2 2 2 2 2 2 2
left_child=2 -2 -1 6 16 -6 9 -8 -9 10 13 12 -12 20 -15 -16 17 27 -19 -20 21 -4 23 24 26 -24 -23 28 30 -29 31 32 -5 42 35 52 37 -36 39 41 48 -32 -33 44 45 -44 51 -38 -37 -50 -51 -45 -31 -47 -54 -56 -57 58 59 60 61 -58
right_child=1 -3 3 4 5 -7 7 8 -10 -11 11 -13 -14 14 15 -17 -18 18 19 -21 -22 22 25 -25 -26 -27 -28 29 -30 34 38 33 -34 -35 36 40 47 -39 -40 -41 -42 -43 43 46 -46 53 -48 -49 49 50 -52 -53 54 -55 55 56 57 -59 -60 -61 -62 -63
leaf_value=-0.0092359367680625928 -0.082063217224343024 -0.0049243821813463639 -0.040429567484797153 -0.067119138104127188 0.019319243168848019 -0.096123761828103144 0.084243732817417635 0.0073220363862224348 0.075984573424012478 0.10096877674446647 -0.033172171980937401 -0.036633589150307552 -0.58955519136416878 -0.052384649684589391 0.041146897097866585 -0.062246545517315677 -0.096829005043358188 0.013563811474770614 -0.031123893175264684 0.19258191937506575 0.012244688307092761 0.016917556251613435 -0.00077612670862005524 0.0033908702773397001 0.011152065392769023 -0.08161938708363782 0.075329705220017085 0.1126591644884192 0.10161830810854069 0.020547799318997768 -0.0055330612035701405 0.0060406871557947064 0.099503932236662596 0.01975644443817378 0.083804149529881411 -0.050629999290421585 0.0019059121096589593 -0.087283516089793706 -0.011363825821216129 -0.022148384386609099 -0.085651356535350123 0.04981445494501896 -0.030800205509792566 -0.043911014455664962 0.10035754082161691 0.027727027873729979 -0.11472924506427801 0.11154903720280503 -0.13541390663688863 0.014113300816423677 -0.033276816268510305 0.081222148284408546 -0.001022871136613246 -0.021016271616877552 -0.013666060971819945 0.0085463575466645132 0.19751120143704717 -0.03171455917630616 -0.022558778335255499 0.33256230506497086 0.063195401243446012 -0.044356201072826909
leaf_weight=1435.4288561943977 61.589086058935209 186.39893607769045 184.81309172793226 373.08353108858137 55.547922382211254 100.84418300920515 101.33498456922825 1530.178873225741 85.498820889275521 31.941166081873234 2.4926554393023244 146.86024815132259 2.4071385152637959 216.1680305632035 92.653692657593638 42.579011277935933 32.791671719547594 2252.9884024337443 232.7694377487569 5.4870376343314993 2178.8162754026707 113.53361970876176 10918.241494922109 479.90874153326149 236.5573217223864 41.566731094848365 224.17701181007942 55.61523800672876 63.396155533206183 605.61899079384602 132.7234145586466 406.86043314470589 20.369748288365372 406.47679971946218 187.78998852567747 282.92452493170276 510.28078416071367 18.085137231857516 570.19380767704774 151.92752192056503 93.399255013093352 451.7296460964626 786.35897099829708 406.960907734785 37.81731369701447 219.85173264336481 60.564184613060206 25.263505294453353 21.587531924247742 322.90834429161623 273.69459569500759 18.737267528893426 30247.291831831306 207.52360006394883 452.80351188269196 439.61091895069694 60.891239990480244 69.834361027460545 28.570615685544908 9.1970562916249019 108.16137281572446 6.7572991307824841
leaf_count=137521 237151 8913 132431 1327467 2679 1910 17692 158612 137691 19340 46 4061 59 2653 13762 2573 494 185477 54164 138 88310 118691 309696 11174 2961 1344 27502 4301 4425 42050 57692 143962 935 151654 23408 3803 25869 884 239569 52708 1984 131886 513313 46257 458 40622 799 383 127 3042 2813 592 996247 36924 63783 34840 770 2087 620 137 1686 106
internal_value=-0.000130485 -0.0240822 -2.9607e-05 0.00020044 -0.000767317 -0.0551203 0.00257566 0.0152809 0.0109555 0.00111281 0.000898476 -0.0453469 -0.306508 0.00137496 -0.0289182 0.00859271 -0.000558252 -0.000480546 0.00978271 -0.025972 0.00211535 0.000306162 0.000932806 0.0218875 0.0373449 -0.00108274 0.0556924 -0.00115102 -0.00837786 -0.000229061 -0.0100182 -0.0185128 -0.0584928 -0.0123469 -0.000415004 -0.00096787 0.0242099 0.0687749 0.00912598 0.0249916 -0.0299622 0.0372456 -0.0184314 -0.0241608 -0.0149337 -0.0185259 -0.0479097 0.00707816 -0.0241901 -0.0120895 -0.00762715 -0.0384032 -6.75745e-05 0.00405841 -0.000464895 0.0138886 0.0311452 0.066199 0.0982142 0.116865 0.105582 0.173351
internal_weight=59128.4 247.988 58880.4 57445 40815.3 156.392 16629.7 1717.01 1615.68 14912.7 14880.8 151.76 4.89979 14729 351.401 135.233 40658.9 40626.1 2491.24 238.256 14377.6 12198.8 12014 1054.18 574.268 10959.8 337.711 38134.9 4314.58 33820.3 4251.18 2944.6 393.453 2551.15 33764.7 33023.3 741.419 205.875 1306.57 736.381 994.514 584.453 2144.67 1737.81 1251.55 1213.73 486.262 535.544 901.115 618.19 596.603 425.698 32028.7 427.375 31423.1 1175.83 723.023 283.412 213.578 185.007 175.81 67.6485
internal_count=5635248 246064 5389184 5251663 4203065 4589 1048598 313995 296303 734603 715263 4166 105 711097 18988 16335 4198476 4197982 239779 54302 692109 603799 471368 160328 149154 311040 146193 3958203 2749263 1208940 2744838 2262983 1328402 934581 1204639 1154095 50544 24292 481855 242286 11769 189578 782927 638965 591317 590859 47648 26252 9785 5982 5855 46849 1142326 77546 1100276 104029 40246 5406 3319 2699 2562 876
is_linear=0
shrinkage=0.1


Tree=98
num_leaves=63
num_cat=0
split_feature=26 27 21 15 8 11 0 14 16 16 22 23 23 16 22 18 15 2 22 14 15 4 14 8 22 21 16 18 22 16 18 16 21 25 1 2 22 10 2 18 15 15 8 18 14 21 16 15 2 8 8 0 1 4 1 14 8 10 11 24 10 10
split_gain=13.136 112.89 49.2821 46.7909 36.0363 32.8978 27.3895 138.335 233.003 824.773 343.819 71.4158 25.6372 25.7027 29.6287 31.5456 32.1943 25.3958 25.0278 24.5028 22.0822 19.6733 19.3527 18.0599 17.256 27.6009 27.4088 24.5841 16.4616 22.7645 18.7363 25.4516 21.7917 31.0343 16.769 18.1495 17.0133 15.6242 15.424 15.373 14.7694 14.4776 13.9742 13.789 12.8732 26.4943 24.9125 18.2794 18.0333 16.2168 16.2796 14.66 23.0807 23.4257 14.2483 13.0465 53.2931 29.2648 22.6247 17.5677 26.0034 17.5251
threshold=1.5000000000000002 1.0000000180025095e-35 9.5000000000000018 98.253242492675795 43.27110671997071 0.44949495792388922 0.1144516095519066 15.500000000000002 66.496597290039077 70.29138565063478 6.5000000000000009 0.15476191043853763 0.26136364042758947 42.635005950927741 3.5000000000000004 0.1132478639483452 35.493415832519538 0.71215134859085094 4.5000000000000009 7.5000000000000009 56.422948837280281 1.0000000180025095e-35 8.5000000000000018 45.222154617309577 10.500000000000002 9.5000000000000018 92.120048522949233 0.75595238804817211 6.5000000000000009 96.437637329101577 0.65942031145095836 78.283874511718764 6.5000000000000009 1.5000000000000002 1.5000000000000002 0.57724398374557506 9.5000000000000018 16.53005409240723 0.31771928071975714 0.81534090638160717 88.473194122314467 96.636753082275405 31.139970779418949 0.5313725769519807 18.500000000000004 7.5000000000000009 88.473194122314467 90.632698059082045 0.60829696059227001 89.059825897216811 24.440019607543949 0.14652930945158008 19.500000000000004 1.0000000180025095e-35 18.500000000000004 14.500000000000002 51.66851997375489 27.36185455322266 0.64583334326744091 1.5000000000000002 27.639257431030277 11.269841194152834
decision_type=2 2 2 2 2 2 2 2 2 2 2 2 2 2 2 2 2 2 2 2 2 2 2 2 2 2 2 2 2 2 2 2 2 2 2 2 2 2 2 2 2 2 2 2 2 2 2 2 2 2 2 2 2 2 2 2 2 2 2 2 2 2
left_child=44 3 5 4 6 19 7 -2 -9 10 -10 -11 13 -6 15 16 -15 20 -7 -3 -14 -8 24 -24 25 28 -27 -26 29 30 31 -16 -33 38 -30 -36 -37 -21 -34 -28 -32 -23 -39 -19 51 46 47 -46 54 50 -47 52 -1 -54 -48 -53 57 61 -58 60 -59 -57
right_child=1 2 -4 -5 12 18 21 8 9 11 -12 -13 17 14 22 -17 -18 43 -20 37 -22 41 23 -25 27 26 39 -29 34 -31 40 32 33 -35 35 36 -38 42 -40 -41 -42 -43 -44 -45 45 49 48 -49 -50 -51 -52 55 53 -55 -56 56 58 59 -60 -61 -62 -63
leaf_value=-0.0097548660197564908 -0.10053235688170077 -0.012452611554322517 -0.12248685564002655 0.10069381205836479 -0.086144178279392247 -0.22572159017525528 -0.08508865340838534 -0.10003579704340169 -36.333208592071912 -0.10012484874547783 -10.444828789850151 -8.6866156103296159 0.0077244156505372535 0.13877396845297207 -0.05589064442269201 0.059819272829801144 0.8093673723933752 -0.11597049144854886 0.08581035011015542 -0.11963226652063437 -0.081019261692216585 -0.026892992457029148 0.18007822447677085 -0.038394194094486883 -0.053329873192399395 0.014305935317536045 0.1404425911620181 0.01282477303737295 -0.024489394203218644 0.1038273883859203 -0.025114220779754278 -0.0070591782751058584 -0.0080051015905881449 -0.035436391384308832 -0.0034058255723881659 0.033459908808624102 -0.041228216907452486 0.15241898779475216 0.16661700716134839 -0.0042888231820735435 -0.085716291878530304 0.23621640886444248 0.037071048713622788 -0.0085626848816633874 -0.046100981899588785 -0.01897692049878669 0.041014286235881006 1.8364998650482851 -0.0092771488852842459 0.014388080727334648 -0.08169040280810877 3.2611432543725992e-05 0.058049634684175483 -0.0065153999935784719 -0.032172811856789031 -0.080039036803843347 -0.029443222091765805 0.17711061141772794 0.036134395816151438 0.067281470299996537 0.022202250714996444 0.0084721399973619951
leaf_weight=170.71308947059867 1.4388255837408563 90.253286708650194 16.297228023258867 35.817721191357123 40.151121788565433 2.6134051345870821 94.116591589967925 0.13252105035280687 0.01100291034163095 0.058717267820611603 0.009611172927179723 0.011600037827257735 35.150154023311188 1.8192359534296003 82.995606708795094 25.474989660520805 1.1804498055062138 12.556375234431469 194.74056262915838 3.6985491542945956 138.60221173511309 96.650283937151471 3.8502305297371313 219.16249067547039 150.08014652410202 111.16774072875705 33.304135007638251 89.776595358416671 178.66975607429049 14.675362655078059 99.003534671264788 185.2767135957838 6.4064168949335025 18.115184032947582 481.02511863282052 322.01400373720753 33.68989285526186 21.010299720877811 24.036386595085787 9.4132261064369214 67.72470454658469 2.1375846746377638 21.001042973050062 248.53920213348465 105.48825982396465 69.87355733301041 180.25313880669273 0.051601007173302516 255.16734648890997 40.275528477795888 101.54928058083266 53320.160178948259 177.30483495503006 82.269766409728618 31.206014894094551 23.892280891973371 349.02415453299739 11.19404544307457 61.94825002521975 158.45655283710988 339.04339764105333 351.06192516896112
leaf_count=113306 13618 10987 8345 515 134747 76 622788 1539 41 298 69 32 1245 71 16149 661 72 144 7176 566 2759 14711 2091 19491 13218 7436 394 813 1466 128 1232 4704 237 633 18851 3103 360 3552 374 122 938 43 2640 2723 141780 15047 25813 21 12030 2993 20210 4021636 101235 6240 8429 8623 29010 2728 3295 4995 93807 102892
internal_value=-0.000120782 -0.00633754 0.047307 -0.0128855 -0.0143238 0.0556089 -0.0558536 -0.460036 -2.7749 -6.67319 -24.2629 -1.51661 -0.0112559 -0.00686866 -0.00539427 0.095937 0.402669 -0.0334422 0.081685 0.0177588 -0.0630664 -0.0523707 -0.00674866 -0.0346224 -0.00348963 0.000117754 0.0404672 -0.0285687 -0.00398442 -0.0188721 -0.0225959 -0.00831653 0.00856908 0.0681999 0.00332065 0.00925903 0.0263859 0.0774107 0.129869 0.108549 -0.0497307 -0.0211998 0.0947577 -0.013728 0.000237092 -0.0124877 -0.00130487 -0.0451805 0.00861876 -0.0427122 -0.0561278 0.000418299 0.0188041 0.0375863 0.0302137 0.000273445 0.0101924 0.0240291 -0.0195583 0.0396531 0.0271533 0.00283216
internal_weight=59042.8 3213.86 349.614 2864.25 2828.43 333.317 194.567 1.66228 0.223452 0.0909314 0.0206141 0.0703173 2633.86 2199.01 2158.86 28.4747 2.99969 434.848 197.354 135.963 173.752 192.904 2130.39 223.013 1907.37 1667.52 153.885 239.857 1513.63 498.234 483.559 316.83 233.835 48.558 1015.4 836.729 355.704 45.7099 30.4428 42.7174 166.728 98.7879 42.0113 261.096 55828.9 783.865 572.166 105.54 466.627 211.698 171.423 55045.1 430.288 259.575 211.459 54614.8 1294.62 883.648 410.972 508.694 350.237 374.954
internal_count=5635248 921158 33342 887816 887301 24997 653139 15597 1979 440 110 330 234162 227291 92544 804 143 6871 7252 17745 4004 637542 91740 21582 70158 56127 7952 14031 48175 24395 24267 22097 5948 1244 23780 22314 3463 6758 611 516 2170 14754 6192 2867 4714090 226323 188073 141801 46272 38250 35257 4487767 220781 107475 34242 4266986 245350 213045 32305 101530 96535 111515
is_linear=0
shrinkage=0.1


Tree=99
num_leaves=63
num_cat=0
split_feature=21 24 15 25 23 15 17 16 15 27 15 15 25 16 17 22 17 27 15 21 16 0 10 0 26 16 17 7 26 26 17 27 6 22 21 27 17 16 17 15 16 27 26 27 21 27 23 27 23 15 22 23 22 16 26 15 17 16 26 22 26 6
split_gain=12.0596 11.8281 11.4562 11.2472 35.3179 39.5822 29.2245 118.408 54.8805 52.3394 51.8607 55.9837 79.1687 55.78 46.8977 42.6816 73.0953 48.8692 55.4618 41.7238 41.148 40.8296 36.4501 35.1172 43.5309 40.0174 34.2331 64.347 46.428 32.7051 81.3362 65.3191 43.1495 37.9479 91.9954 47.554 51.1125 41.3157 72.1599 44.8984 39.3929 35.027 34.4543 84.7096 33.1641 44.9612 59.0141 31.8578 50.9976 59.3311 38.6991 31.3295 49.2691 31.0349 30.8605 33.4682 30.4295 29.6811 41.7456 33.0958 29.3657 29.185
threshold=3.5000000000000004 7.5000000000000009 97.067424774169936 1.0000000180025095e-35 0.73214286565780651 74.944934844970717 97.067424774169936 97.067424774169936 82.27399063110353 1.0000000180025095e-35 97.067424774169936 92.601715087890639 1.5000000000000002 98.092205047607436 99.014755249023452 9.5000000000000018 94.513019561767592 1.0000000180025095e-35 70.286651611328139 13.500000000000002 96.56854629516603 0.31957960128784185 92.422504425048842 0.74851754307746898 1.5000000000000002 92.120048522949233 99.80237197875978 69.416099548339858 1.0000000180025095e-35 1.0000000180025095e-35 46.827678680419929 1.0000000180025095e-35 38.924964904785163 7.5000000000000009 7.5000000000000009 1.0000000180025095e-35 84.635734558105483 91.813587188720717 91.908679962158217 90.632698059082045 95.393455505371108 1.0000000180025095e-35 1.5000000000000002 1.0000000180025095e-35 8.5000000000000018 1.0000000180025095e-35 0.10555555671453477 1.0000000180025095e-35 0.31666667759418493 95.565387725830092 6.5000000000000009 0.44949495792388922 3.5000000000000004 83.124706268310561 1.5000000000000002 94.349296569824233 89.48822402954103 93.563182830810561 1.5000000000000002 5.5000000000000009 1.5000000000000002 66.287876129150405
decision_type=2 2 2 2 2 2 2 2 2 2 2 2 2 2 2 2 2 2 2 2 2 2 2 2 2 2 2 2 2 2 2 2 2 2 2 2 2 2 2 2 2 2 2 2 2 2 2 2 2 2 2 2 2 2 2 2 2 2 2 2 2 2
left_child=2 3 -1 -2 6 -6 10 14 -9 26 11 15 22 -12 23 16 19 18 53 20 29 -17 -13 24 25 -8 28 -28 -10 31 -31 61 -32 37 35 -35 -37 38 44 41 42 -40 -39 -44 -34 46 -46 48 49 50 -27 52 -22 -18 55 56 -14 58 59 -20 -23 -5
right_child=1 -3 -4 4 5 -7 7 8 9 -11 13 12 54 -15 -16 21 17 -19 57 -21 51 60 -24 -25 -26 47 27 -29 -30 30 32 -33 33 34 -36 36 -38 40 39 -41 -42 -43 43 -45 45 -47 -48 -49 -50 -51 -52 -53 -54 -55 -56 -57 -58 -59 -60 -61 -62 -63
leaf_value=-0.051104332948389092 0.0021331840758885543 -0.10803866118347605 0.097348772418603291 -0.019163262477131734 0.016637941233259356 -0.087463942477705975 0.13470907936712537 -0.10424384339190043 -0.15023808798576965 -0.061278201018757118 0.088579349121786596 -0.025634586381876878 0.1275688473280813 0.011255062926377348 0.11494707883954698 -0.067929396810511869 0.51060005675058928 -0.043802362163472559 0.028866159428561064 0.021313474434548691 -0.078545058845100088 -0.0049971337085519124 -0.0067956513745686831 0.006694158010343787 -0.017649581872764771 -0.055565143665830097 0.001939897969522516 0.078803146634457352 -0.0050503677035249389 -0.07469776205111564 -0.038768961244772526 0.034548879798030258 -0.0081778163341561395 0.023120191035395414 -0.013415520084160599 0.11856604017792774 -0.081000137628611468 -0.022211479685216994 0.047845513572948195 -0.016475925997011361 0.0060890685209889044 -0.044191968704053508 -0.012865975131800206 0.15262451515100703 0.001190161908071677 -0.049722128348207453 0.064576064480310891 -0.040794294009423256 0.092189291985683319 0.059364347252454625 0.0382784289267123 -0.010335738761321499 0.019633468197623113 -0.086001047721051813 -0.1005607740405246 0.14151994593347675 0.0062845655395997423 0.013379650213775424 -0.0096358645187233569 0.076824595781066318 -0.037970054096948286 0.00069894712845663758
leaf_weight=69.842108435026603 17029.696855731818 10.141510224828378 5.6163215300766742 787.89166434936487 58.434379132966569 97.411001865468279 49.981999071107566 55.338650091478485 22.317613423016155 147.4398326890805 123.86998160806252 1899.8759476217383 27.931731673736067 377.92963458667509 62.474978105725313 135.58931213793312 0.88803436751913878 99.730605407195981 246.41018172396798 833.97858384259962 52.548855127242859 1475.7348707825956 2235.5164339860203 548.06844264968822 115.85378699959256 101.80129415436022 435.52587516675703 145.23620281560579 1681.1493951565062 170.59684578808628 371.62047442567746 554.12807313330995 5287.8125998825235 788.00570320885572 897.38075841041382 98.223509569183079 14.762608746510521 2950.9419634194201 536.76233945328568 179.35058476037375 738.13393472817552 44.801096061826684 145.59593429223605 39.273808680663933 406.05745185011619 94.740191746928758 230.12596119031514 43.504846070150961 182.67869431099098 266.51852768388926 77.318113341862045 538.39838062832132 1872.1759208855074 48.087906359400222 11.746890377333328 43.685440242108598 79.749454985452758 449.18134056878989 112.26520384759351 345.86836682099965 330.61154126428323 12115.702839458638
leaf_count=7579 1096531 362 192 530329 2619 1925 2915 5502 371 3488 1395 129532 374 4614 1592 366300 83 2377 31693 71959 4134 71048 22586 4638 3572 10108 29196 20835 25369 478080 1573264 63859 290235 23243 35890 1290 224 40303 11729 2625 8036 479 2942 323 24663 1483 3970 938 3896 7045 4096 30052 51553 7541 2627 564 2436 22114 6625 17794 60463 401648
internal_value=-0.000103451 -5.22897e-05 -0.0400551 -3.37009e-05 -0.000914723 -0.0484308 -0.000737264 0.00746401 -0.0057728 -0.00353185 -0.00159121 -0.00202091 -0.0127553 0.0303427 0.0301957 -0.00062239 0.000277073 0.023465 0.029043 -0.000738112 -0.00137413 -0.0150048 -0.0154506 0.0263747 0.0392514 0.0483844 0.0001955 0.0211618 -0.00695251 -0.00252527 -0.00610368 0.000929887 -0.00519115 -0.00418904 0.00924737 0.0318194 0.092491 -0.00645716 -0.00174975 0.0272657 -0.0146954 0.0407553 -0.0195879 0.0222909 -0.005418 0.0145476 0.0241187 0.041962 0.0476921 0.0294515 -0.0150569 0.0109881 0.016953 -0.0751834 0.0555778 0.067695 0.0377448 0.0334674 0.0462744 0.0568721 -0.0110321 -0.000513837
internal_weight=59000 58924.6 75.4584 58914.4 41884.7 155.845 41728.9 3935.21 2487.01 2431.67 37793.7 37291.9 4298.51 501.8 1448.2 32993.4 31051.4 1302.43 1202.7 29749 28915 1941.94 4135.39 1385.73 837.657 721.803 2284.23 580.762 1703.47 26451.9 12994.2 13457.7 12823.6 12452 1798.37 900.992 112.986 10653.6 6779.65 760.914 3873.95 581.563 3135.81 184.87 6018.74 730.924 636.183 671.821 628.317 445.638 179.119 2463.12 1924.72 48.9759 163.114 151.367 107.681 1153.73 704.544 592.279 1806.35 12903.6
internal_count=5635248 5627477 7771 5627115 4530584 4544 4526040 123561 84761 79259 4402479 4396470 158119 6009 38800 4238351 3740540 88227 85850 3652313 3580354 497811 152118 37208 32570 28998 75771 50031 25740 3494615 2498779 995836 2020699 447435 60647 24757 1514 386788 335184 14833 51604 12208 43568 3265 320351 30116 28633 26083 25145 21249 14204 85739 55687 7624 6001 3374 2810 78226 56112 49487 131511 931977
is_linear=0
shrinkage=0.1


Tree=100
num_leaves=63
num_cat=0
split_feature=10 9 10 14 14 7 0 9 9 9 9 9 9 9 18 21 2 0 14 15 27 22 10 14 10 10 7 10 9 8 7 10 14 14 10 8 21 11 14 14 11 2 8 14 7 0 1 14 11 8 14 22 26 10 16 17 26 21 27 14 11 8
split_gain=10.7659 29.0676 13.5732 20.6451 20.0986 13.1988 27.9234 24.068 28.8639 24.509 61.0129 29.1034 28.0201 42.7132 24.2809 26.862 23.225 22.1094 101.307 283.278 176.219 334.264 20.4453 17.9935 30.1719 35.9473 29.9279 50.8659 45.0622 55.3765 40.1513 35.5739 39.2726 43.032 36.9216 33.8837 32.431 31.9379 31.0592 29.2022 45.5093 26.7816 25.3187 28.5967 30.3703 24.2373 24.1059 23.9609 40.9378 53.9769 28.9556 26.9303 25.1941 23.7111 23.6665 31.5303 23.4456 23.7883 23.0497 22.9707 68.7502 57.9376
threshold=10.3913631439209 22.539682388305668 1.0000000180025095e-35 4.5000000000000009 5.5000000000000009 17.467581748962406 0.88044953346252453 35.948717117309577 35.388994216918952 37.590579986572273 39.173061370849616 38.165266036987312 37.394067764282234 36.51515197753907 0.94868421554565441 7.5000000000000009 0.82469150424003612 0.1144516095519066 14.500000000000002 64.161029815673842 -1.0000000180025095e-35 4.5000000000000009 24.440019607543949 8.5000000000000018 38.165266036987312 37.590579986572273 77.003208160400405 77.849929809570327 91.945945739746108 54.692083358764656 54.085849761962898 59.053649902343757 13.500000000000002 18.500000000000004 22.903981208801273 95.488464355468764 6.5000000000000009 0.93750000000000011 10.500000000000002 9.5000000000000018 0.58571431040763866 0.7921138107776643 29.679679870605472 10.500000000000002 48.074073791503913 0.15661449730396274 2.5000000000000004 10.500000000000002 0.61250001192092907 92.031745910644545 9.5000000000000018 2.5000000000000004 1.0000000180025095e-35 64.461452484130874 82.61890029907228 93.563182830810561 1.0000000180025095e-35 6.5000000000000009 1.0000000180025095e-35 6.5000000000000009 0.26136364042758947 89.825496673583999
decision_type=2 2 2 2 2 2 2 2 2 2 2 2 2 2 2 2 2 2 2 2 2 2 2 2 2 2 2 2 2 2 2 2 2 2 2 2 2 2 2 2 2 2 2 2 2 2 2 2 2 2 2 2 2 2 2 2 2 2 2 2 2 2
left_child=1 2 4 -4 -1 6 22 8 14 12 11 -11 13 -9 16 -16 17 18 -7 20 21 -20 -2 24 25 54 27 28 29 31 -31 32 34 45 -25 38 -30 39 41 40 -38 -32 -36 44 -44 -34 -41 48 49 -28 52 -50 -51 -40 -12 -56 57 -53 -48 -26 -61 -62
right_child=5 -3 3 -5 -6 7 -8 9 -10 10 23 -13 -14 -15 15 -17 -18 -19 19 -21 -22 -23 -24 26 59 -27 47 -29 36 30 35 -33 33 -35 42 -37 37 -39 53 46 -42 -43 43 -45 -46 -47 58 -49 51 50 -52 56 -54 -55 55 -57 -58 -59 -60 60 61 -63
leaf_value=0.025276902451688617 0.011048963511778625 -0.0872644497017529 -0.051709378866942782 0.05955285042703632 -0.10499403436514548 -0.1013774036652801 -0.056097482820320434 0.016531951398818738 -0.085338894537446905 -0.0136025483021257 -0.028961773704681268 -0.086991247545064015 0.044696127017591861 -0.081344415206720949 -0.0074801303172009493 0.040746150828724736 -0.055713463054742889 -0.011984935688211525 -18.605341572524054 -17.84885925688166 -0.10365291694618264 -0.10041925026907038 0.058909107080941894 -0.097057851844679174 -0.00024038783635819662 0.075099432496160967 -0.054559256261119439 0.078208455257099546 0.018811943836510008 -0.068279426255993925 -0.0083631718221295025 0.077885782456523861 0.115376477540377 -0.020348701820911592 0.013063903057134075 -0.097065523226266714 0.082654401485773424 0.080837361981989028 -0.052646377697487159 -0.033677339578977741 0.00076295769205984203 0.057479256251915883 -0.016889953372587013 -0.039723568702822169 0.047096236477140702 0.017528296240787868 0.0076511241785258977 0.0068546933081352242 0.0031361057915027081 0.054874138200893242 -0.0058303131856212121 -0.024093902161391859 0.19736014045776221 0.0076580043327628194 0.034515979846446811 0.0010898754821087582 -0.03113131028197913 -0.12890703504889922 -0.044794266115948021 0.027774939313039339 -0.043181663508199672 0.0040739292976041336
leaf_weight=23.236045654107524 669.84212291459562 52.3513987437304 23.741744268076225 56.045940954079619 24.154733916036694 1.9336032321044845 55.354619310121052 283.21869902322362 52.461064648041656 100.7503540681567 132.34615474173916 116.54237882426304 263.10156312751081 52.917554285852873 390.82291857429664 163.9470819401613 149.5358090718837 811.37948983243211 0.016162209522008208 0.011214141970367408 0.16814912594401682 0.024648216905889298 102.98013875993047 54.736770705715571 42411.520083577554 94.160261381071905 43.803156776324613 79.627422366575047 1292.9002005905622 220.85275435693347 224.893420999917 54.094096365977748 26.089917128819479 366.72575969907734 282.29386676000649 51.571521581478009 82.227996554611309 44.269971792004071 221.53602038031386 411.12411196308676 388.40976277795562 85.173445930646267 364.8430457590166 433.10387217907555 93.108845858074346 852.40909035188452 462.61453030488337 341.38458679369796 212.28272114676656 23.855273128981935 23.437865058163879 37.168163088994334 25.863992876365955 92.39386365698374 501.28693163195567 645.69139613827065 820.65377356129829 51.875817028485471 102.33994455964421 1191.8222696390512 292.0584885449498 2323.8002140631797
leaf_count=5246 178584 28977 7311 12808 10088 11941 661 141859 69567 86254 428253 156759 111868 69151 13052 3526 9484 834667 25 57 858 114 21250 25891 1835676 31457 1708 4453 103685 35286 17173 1334 19183 144535 108569 2183 3088 1400 15389 12777 13221 1608 129078 140199 4447 197152 32575 20650 6032 1097 1774 6087 906 6192 156940 63471 49634 2992 3304 86323 25396 120023
internal_value=-9.75033e-05 -0.0245483 0.00126796 0.0264455 -0.0411212 -2.26908e-05 0.0125122 -0.000202147 -0.0124132 0.000138579 -7.79209e-05 -0.0529637 0.0202544 0.00112338 -0.00989267 0.00677183 -0.0194921 -0.0128343 -0.332807 -2.36526 -1.53431 -7.42895 0.0174264 0.000129285 0.000861635 0.0154676 -0.00430081 -0.0012087 -0.0022274 -0.00991004 -0.0312645 -0.00233603 -0.00409057 0.00842342 -0.0167792 -0.0191638 0.00722127 -0.00282952 -0.0127254 -0.00538975 0.0150707 0.00972333 -0.0130342 -0.0213023 -0.00388055 0.0204342 -0.0152552 -0.0166028 -0.0230664 0.0332339 0.0858004 -0.0289354 0.128995 -0.034898 0.0110786 0.0156988 -0.0364195 -0.0851566 -0.00184921 0.000427593 0.00786784 -0.00120212
internal_weight=58854.9 179.53 127.178 79.7877 47.3908 58675.4 828.177 57847.2 1570.3 56276.9 55677.6 217.293 599.238 336.136 1517.84 554.77 963.069 813.533 2.15378 0.220174 0.20896 0.0408104 772.822 55460.4 47592.7 1373.48 7867.67 6287.34 6207.71 3423.83 896.421 2527.41 2473.31 1245.22 1228.09 675.568 2783.89 1490.99 623.997 1446.72 470.638 310.067 1173.35 891.056 457.952 878.499 976.079 1580.33 1238.94 116.96 73.1571 1121.98 49.7193 313.93 1279.32 1146.98 909.698 89.044 564.954 46219.2 3807.68 2615.86
internal_count=5635248 64430 35453 20119 15334 5570818 200495 5370323 943291 4427032 4104154 243013 322878 211010 873724 16578 857146 847662 12995 1054 997 139 199834 3861141 2747539 680121 1113602 1022722 1018269 848219 77831 770388 769054 360870 408184 42545 170050 66365 40362 64965 16309 18781 382293 273724 133525 216335 48656 90880 70230 5485 3777 64745 2003 21581 648664 220411 58713 9079 35879 2067418 231742 145419
is_linear=0
shrinkage=0.1


Tree=101
num_leaves=63
num_cat=0
split_feature=3 1 0 1 2 18 2 1 6 18 0 18 18 6 2 8 16 7 11 0 11 25 0 1 18 3 15 18 6 4 17 1 7 6 16 17 16 15 24 24 0 2 0 1 23 27 6 8 23 6 11 16 0 11 6 6 7 27 2 8 10 11
split_gain=13.4078 37.57 68.243 28.3891 43.1223 28.1164 23.6008 44.2593 40.2161 31.6483 30.2299 30.2238 26.7341 27.5702 29.4868 22.3834 62.778 33.0059 29.1258 21.5393 29.6186 20.5764 24.9846 29.0114 22.3704 24.2643 22.8373 22.2396 21.8476 21.6389 21.2084 20.3873 37.8653 35.9314 31.4681 34.7379 31.0257 27.1651 21.0982 20.0741 19.8954 19.6056 25.9634 41.7633 38.4713 19.4914 19.3278 19.5192 17.5544 17.4862 17.4844 17.1232 17.684 25.1135 18.2791 17.0733 17.8972 16.7743 16.6551 21.3035 20.3352 27.5047
threshold=3.5000000000000004 3.5000000000000004 0.76043426990509044 1.0000000180025095e-35 0.99996608495712291 0.2709790319204331 0.69381573796272289 2.5000000000000004 96.590469360351577 0.69397994875907909 0.47210127115249639 0.50806450843811046 0.4220647811889649 39.369100570678718 0.58314234018325817 43.826219558715827 82.27399063110353 30.860805511474613 0.15476191043853763 0.89735862612724315 0.64583334326744091 1.5000000000000002 0.53297358751297008 7.5000000000000009 0.8834841549396516 31.500000000000004 96.162029266357436 0.77097901701927196 78.319625854492202 1.0000000180025095e-35 82.388591766357436 23.500000000000004 74.322341918945327 49.65753364562989 60.479471206665046 73.926216125488295 53.218408584594734 42.891986846923835 1.5000000000000002 2.5000000000000004 0.58960780501365673 0.9008869230747224 0.70274078845977794 1.5000000000000002 0.86607143282890331 1.0000000180025095e-35 37.089946746826179 37.089946746826179 0.38750000298023229 62.575302124023445 0.18333333730697635 77.286670684814467 0.44316086173057562 0.31666667759418493 41.206792831420906 36.461387634277351 38.165266036987312 1.0000000180025095e-35 0.37447372078895574 36.474500656127937 86.526824951171889 0.38750000298023229
decision_type=2 2 2 2 2 2 2 2 2 2 2 2 2 2 2 2 2 2 2 2 2 2 2 2 2 2 2 2 2 2 2 2 2 2 2 2 2 2 2 2 2 2 2 2 2 2 2 2 2 2 2 2 2 2 2 2 2 2 2 2 2 2
left_child=3 -2 15 40 6 -6 7 12 9 31 -8 -12 -5 48 -15 16 49 -17 21 41 -21 22 24 27 26 29 30 -24 -23 45 -18 33 38 34 -9 -36 -34 -37 -33 -35 -1 42 43 -13 -44 -26 47 -29 -14 50 -3 -39 53 -53 -55 -40 -57 -48 59 -11 -60 -62
right_child=1 2 -4 4 5 -7 10 8 -10 58 11 19 13 14 -16 17 18 -19 -20 20 -22 28 23 -25 25 -27 -28 46 -30 -31 -32 32 36 39 35 37 -38 51 55 -41 -42 -43 44 -45 -46 -47 57 -49 -50 -51 -52 52 -54 54 -56 56 -58 -59 60 -61 61 -63
leaf_value=-0.036253852553884011 0.0018808884664960474 -0.062446150982896013 -0.037500607887802115 0.0092733619156502804 -0.1206336918385492 0.074994324034863766 -0.019108652708023796 -0.043084233632009604 -0.0071381060529490756 0.028708034458712631 0.025210109502858114 -0.011486530949441307 0.10478270139956268 -0.036589662515782821 -0.01001746856166752 0.09051184213970509 0.014498042120195821 -0.0022869503540806379 0.1196375435354383 0.022107606162560307 -0.044956701880063954 -0.042258703343512984 -0.047260833609863488 -0.055228302708508571 0.15402687805576618 0.34643193310750614 0.051259848707765211 0.018648228132277726 -2.362631260401761 0.10305601051309302 -0.017331807411211996 -0.030054551463970049 -0.027382017244517755 0.0083982218069567991 0.057538662583506095 -0.046546004441737038 0.046095738021855341 -0.037114002201728016 -0.04982699605979525 -0.030079066498987291 -0.0060161707218944396 0.017501699506573491 -0.0094740111165787181 0.01920735141827204 0.016832701356809626 -0.0058910571981489503 0.023593319872291157 -0.1120338447362665 0.0087043105030080083 0.24110561372837436 0.15852587906895643 0.032211400867236846 -0.00046360028091039135 0.23774701144933422 0.074657902690892314 0.19766672758075962 0.033993486674474035 -0.07927486904276991 -0.0067426798449223739 -0.040203784095822467 -0.0071798005533120048 0.044931837816236164
leaf_weight=248.53759368974715 17183.624799721991 271.2772612837764 614.49613343885721 435.32201808998616 7.8583406022225963 112.85751324394369 432.70349917438398 60.133548055781603 3341.4935621530676 55.416233383970393 906.76162643503267 585.23528295785945 24.734527528693434 731.28921154997079 973.59693344126572 38.435378888087143 342.72856733047286 13609.425423584085 18.136344354155881 102.38080211257329 184.58084847551072 152.84866848721458 110.50680371202907 171.58683976858811 8.4882564764120598 2.6156239471165454 78.765055419869896 311.29368704993249 0.040588632924481227 36.210610469570383 537.83347310265856 447.66270173261069 82.222018059717811 4976.0017844951581 340.20291015484418 58.65389964642236 190.85934113303665 42.094673892210494 19.87098873890119 139.38791146595031 1747.9944524662133 1392.0292550728918 2057.9690239169577 1827.7289927004531 761.64833569520852 74.652504069381393 24.127500013855752 11.8652031662059 82.264027593249921 1.9484230530651974 3.6286582422653728 414.96775575326501 153.23920719739544 9.7522376701235753 23.271769813611172 7.9149978782152166 42.845808846262514 46.216650467104046 1506.8494279037986 235.509267262496 205.59815730463015 199.62311778921867
leaf_count=4345 527817 1544553 19330 7237 67 19840 12498 90824 95201 11296 13724 12337 1761 12529 19615 6284 154951 1055688 787 3238 11481 215315 15860 36254 618 91 15270 14805 5 312 403754 546804 25876 148516 112295 2465 3416 29578 8872 2128 82019 34298 29797 38735 45861 10116 905 1251 1158 60 3992 90771 11714 137 413 1177 1521 2411 52236 6778 5205 7056
internal_value=-8.43381e-05 -0.00139007 -0.00480335 0.00166141 0.00264722 0.0622594 0.00233505 -5.39895e-05 0.00225966 0.00566851 0.00662052 0.0080445 -0.0129787 -0.018325 -0.0214153 -0.0035359 -0.0128849 -0.00202561 -0.0064904 0.00579246 -0.0210298 -0.00768818 -0.00462615 -0.0197128 0.00480003 0.0451392 -0.000328614 -0.00762176 -0.0428747 0.0385363 -0.00494313 0.00895455 -0.00616269 0.0108786 0.0272547 0.0313132 0.0239723 0.0186034 -0.0220404 0.00734976 -0.0097803 0.00695434 0.00414841 0.0117629 -0.00236792 0.0104358 0.00351001 0.0138501 0.0309145 -0.0574136 -0.0595294 0.0245433 0.0288602 0.0388906 0.122819 0.0287533 0.0595146 -0.0439919 -0.00478639 -0.0270773 -0.00139478 0.0184918
internal_weight=58819.8 33650.8 16467.1 25169.1 23172.5 120.716 23051.8 14800.8 12553.6 9212.08 8251.04 7818.33 2247.21 1811.88 1704.89 15852.6 2204.77 13647.9 1927.92 6911.57 286.962 1909.78 1756.89 675.597 1081.29 121.967 959.327 504.01 152.889 119.351 880.562 7009.08 791.376 6217.71 1102.32 1042.18 273.081 701.98 518.294 5115.39 1996.53 6624.61 5232.58 2412.96 2819.62 83.1408 393.503 323.159 106.999 276.854 274.906 643.326 601.231 447.992 33.024 70.6318 50.7608 70.3442 2203 290.926 1912.07 405.221
internal_count=5635248 4030429 3502612 1604819 1518455 19907 1498548 1296579 1254279 1159078 201969 189471 42300 35063 32144 3483282 2421310 1061972 872705 175747 14719 871918 656598 71486 585112 11137 573975 35232 215320 11046 558705 1076507 587666 488841 338197 247373 29292 135078 558374 150644 86364 161028 126730 51072 75658 10734 19372 16056 2919 1548605 1548545 132613 103035 91321 550 11570 2698 3316 82571 18074 64497 12261
is_linear=0
shrinkage=0.1


Tree=102
num_leaves=63
num_cat=0
split_feature=3 21 24 0 1 0 1 3 8 0 1 0 3 10 21 10 18 5 9 3 23 15 0 0 1 2 1 5 1 3 2 2 11 10 6 11 10 21 6 8 14 9 11 11 21 9 8 18 14 21 11 9 8 22 8 11 6 8 11 9 6 10
split_gain=12.4312 19.7292 14.9945 18.7537 21.1234 16.2769 12.5725 12.3147 13.9299 16.1258 31.0587 39.339 12.5836 13.5625 12.3137 11.7405 10.8663 10.5839 10.4731 10.3717 27.2845 42.8248 26.4199 115.885 19.4513 40.4271 23.3796 10.3466 20.4608 11.8861 49.3106 99.8947 10.1683 91.7472 66.7572 70.0668 73.224 71.8902 59.777 54.177 50.1209 68.7002 77.0159 85.131 86.2184 72.6248 72.3415 63.1637 54.38 87.7709 99.2005 64.286 55.8579 53.3572 50.6488 49.2542 47.3501 45.3976 51.0812 41.3421 41.2129 41.0443
threshold=1.5000000000000002 16.500000000000004 1.5000000000000002 0.361463412642479 8.5000000000000018 0.14072539657354358 24.500000000000004 152.50000000000003 91.476997375488295 0.19883654266595843 6.5000000000000009 0.19135161489248279 254.50000000000003 79.80582427978517 3.5000000000000004 73.375530242919936 0.98275861144065868 1.0000000180025095e-35 85.215545654296889 150.50000000000003 0.44949495792388922 90.338954925537124 0.21124088764190677 0.19511435925960544 5.5000000000000009 0.45489148795604711 1.5000000000000002 1.0000000180025095e-35 4.5000000000000009 294.50000000000006 0.36153283715248113 0.30618679523468023 0.44949495792388922 98.213714599609389 90.595520019531264 0.34848485887050634 74.464202880859389 7.5000000000000009 61.143791198730476 64.075469970703139 5.5000000000000009 82.426471710205092 0.31666667759418493 1.0000000180025095e-35 6.5000000000000009 53.45238113403321 77.849929809570327 0.10620300844311716 9.5000000000000018 6.5000000000000009 0.26136364042758947 67.099567413330092 72.821968078613295 5.5000000000000009 65.058139801025405 0.13392857462167743 64.89996719360353 52.704679489135749 0.31666667759418493 88.273490905761733 12.183054924011232 11.942958831787111
decision_type=2 2 2 2 2 2 2 2 2 2 2 2 2 2 2 2 2 2 2 2 2 2 2 2 2 2 2 2 2 2 2 2 2 2 2 2 2 2 2 2 2 2 2 2 2 2 2 2 2 2 2 2 2 2 2 2 2 2 2 2 2 2
left_child=1 2 3 4 -1 -6 -7 14 -9 10 11 -10 -11 -14 16 -4 -2 -8 -5 32 22 -22 23 -21 25 26 -24 28 -15 -30 31 -31 33 34 35 36 40 -37 -34 -38 41 42 43 54 -45 -44 -43 -42 49 -49 51 -51 55 -47 60 -53 -56 61 -59 -36 -16 -50
right_child=7 -3 15 18 5 6 17 8 9 12 -12 -13 13 27 19 -17 -18 -19 -20 20 21 -23 24 -25 -26 -27 -28 -29 29 30 -32 -33 38 -35 59 37 39 -39 -40 -41 47 46 45 44 -46 53 -48 48 57 50 -52 52 -54 -55 56 -57 -58 58 -60 -61 -62 -63
leaf_value=-0.071235566223393068 -0.054526681978880789 -0.20045801155522858 0.11042789993529578 -0.035911427456747108 -0.19448804790833954 0.020590459535445842 0.27101669145330159 -0.085997323312517721 0.41029566075093848 -0.027236495828905222 0.033625424208835776 2.8289123922543618 -0.077946758391769344 0.87326180325859559 0.05271829399347433 -0.065586502596451365 0.072205613209467223 0.020615358760082123 0.073198648257826737 -0.10063633786252907 -0.07162949294791271 3.8322874605753285 0.70168633402822844 7.3780619879128864 -0.016413676068052281 -0.077815146851177325 2.730060099656785 0.046715032870690593 0.037334005438748256 -0.10016298110301376 0.10946264579083226 4.2990823516556693 0.027597686817417307 0.1040778550334121 -0.064364941096971356 -0.059228280269830728 0.089189953379043313 0.017846748749085685 0.00033709556582835789 0.014335843138481328 -0.074048361742824628 -0.022631856844588447 0.092377222058314418 -0.095557019386237022 -0.019064477355527371 0.025338088694389322 -0.1172249669832774 -0.0081863247141594764 -0.058645263721867569 0.016278878763956447 -0.051328978323489531 0.036109334946469687 -0.038626435603671891 -0.0046940883874588332 0.14067514429982522 0.084800879620304151 0.017632114222387446 -0.039629348775534617 0.039831975745866284 -0.015879006463690965 -0.012394880101310403 0.0034879426580272754
leaf_weight=37.175884603057057 64.815212095410971 3.8073861759912679 30.655405530997086 10.403676319518125 3.1345309942553277 44.014441287494265 4.0078109977184786 30.87393061471812 0.19586002561845706 158.5044655699021 0.74688475031871349 0.10241387959104031 7.2643003118719234 0.42713172582444059 99.805563311180777 4.3241089236107646 7.554120189161039 2.9162865016842261 56.974009244993795 0.091969478253303261 0.062467636424116679 0.051072706351988018 0.12251900501723856 0.026744479679109645 3.5320036544562754 0.33969771779084112 0.10597894291640841 19.788890920084668 2.8981805734510999 0.1194028171157695 0.95064346090657637 0.090919502807082608 822.09559681362589 81.428118501178687 202.10594004461018 389.48171759756951 101.54363425716292 175.56602730215673 37337.59697689148 2023.0425242104466 102.69448249465131 324.67846430592181 98.113571221314487 232.47853971898076 402.42951820151939 865.55786005265691 107.65498466332065 1258.6770037225015 110.0616846757066 1461.321125315937 163.10894721867226 484.75696725508897 65.858609964474454 1869.0127097243312 35.994536462676479 363.55190641435911 238.56349469031557 543.51436682722351 95.04768398746819 1354.0531146001158 3732.7210945070665 3125.3943028687831
leaf_count=513 7446 88 574 177 197 670 64 42233 108 29774 496 52 5439 84 17430 259 257 66 927 162 120 9 4 83 1308 98 105 3235 704 81 167 37 45407 24154 2177 60130 4830 8545 1510497 42883 145509 9444 3700 31177 16343 56931 4542 453468 45497 362248 3293 10590 1543 33628 734 6347 3986 21600 5244 15550 1528592 1063692
internal_value=-7.92477e-05 0.0249725 0.0294057 0.0163372 -0.0132088 0.0266852 0.0402953 -0.000163691 -0.0236733 -0.0136038 0.378119 1.24074 -0.0157581 0.0419278 -7.42521e-05 0.0886693 -0.041298 0.165553 0.0563511 -2.30556e-05 0.154695 1.68443 0.113527 1.5842 0.0709458 0.613988 1.64246 0.0778 0.214915 0.145639 0.416008 1.80157 -3.45595e-05 -0.00185437 -0.00228508 -0.000609253 0.000484863 -0.0352803 0.000924386 0.0179135 -0.00186154 -0.00741455 -0.0052016 -0.012995 -0.0470731 0.00784476 -0.0461864 0.00385793 0.00490085 0.013405 0.0241103 0.0292902 0.0500892 0.00481182 -0.00772693 0.0569766 0.033763 -0.00343483 -0.0278018 -0.0221761 -0.0106992 0.00137433
internal_weight=58764 197.414 193.606 158.627 91.249 54.0731 50.9385 58566.6 221.963 191.089 1.04516 0.298274 190.044 31.5395 58344.6 34.9795 72.3693 6.9241 67.3777 58272.2 4.33245 0.11354 4.21891 0.118714 4.1002 0.568196 0.228498 24.2752 4.48628 4.05915 1.16097 0.210322 58267.9 20108.2 20026.8 18470.6 17905.6 565.048 38159.7 2124.59 15781 8007.01 7574.68 4741.99 634.908 2832.68 432.333 7773.99 7671.29 3797.27 2538.6 2375.49 914.167 2734.57 4107.08 848.309 274.558 3874.02 638.562 1556.16 3832.53 3235.46
internal_count=5635248 3535 3447 2614 1510 997 800 5631713 82410 40177 656 160 39521 9747 5549303 833 7703 130 1104 5541600 1889 129 1760 245 1515 207 109 4308 1073 989 285 118 5539711 3983807 3959653 3941926 3873251 68675 1555904 47713 3825538 1706507 1692521 1598262 47520 94259 13986 2119031 1973522 837489 384021 380728 18480 90559 1550742 16937 4720 1136033 26844 17727 1546022 1109189
is_linear=0
shrinkage=0.1


Tree=103
num_leaves=63
num_cat=0
split_feature=3 11 3 0 15 18 0 3 24 14 6 18 24 15 20 2 2 7 10 9 8 14 14 8 11 9 9 6 18 10 14 11 9 10 9 22 14 14 11 22 22 6 3 18 0 14 8 0 22 6 22 4 8 11 11 22 14 5 23 3 11 22
split_gain=22.6372 21.2687 10.2086 13.648 17.1966 16.7855 14.1427 10.1671 9.63628 9.33611 16.4194 9.30874 9.27873 9.13186 9.33229 15.8318 15.6163 8.95576 80.6855 68.5859 41.4188 56.5255 41.33 40.0634 125.627 53.4013 45.5939 45.4395 39.993 34.2154 33.1328 42.6321 60.9318 51.2615 42.9589 32.6926 71.9373 31.3793 30.3906 28.2397 27.8705 27.1296 26.5549 35.3259 34.9786 33.8008 36.1743 34.3562 40.3861 36.0085 34.5933 29.7419 28.458 27.8653 26.2393 25.7305 25.0494 24.7215 25.2624 41.2101 23.6594 22.992
threshold=140.50000000000003 0.64583334326744091 1.5000000000000002 0.45672771334648138 42.441171646118171 0.4220647811889649 0.31072302162647253 262.50000000000006 1.5000000000000002 5.5000000000000009 99.295776367187514 0.70710784196853649 7.5000000000000009 57.212205886840827 1.0000000180025095e-35 0.27391000092029577 0.27251021564006811 61.651582717895515 75.716625213623061 70.659969329833999 67.068271636962905 5.5000000000000009 2.5000000000000004 61.633426666259773 0.31666667759418493 72.850124359130874 85.215545654296889 52.851875305175788 0.17519181966781619 32.049383163452156 2.5000000000000004 0.2264957278966904 60.158729553222663 56.33012771606446 50.373134613037116 7.5000000000000009 10.500000000000002 10.500000000000002 0.27922078967094427 8.5000000000000018 7.5000000000000009 63.686313629150398 6.5000000000000009 0.54006412625312816 0.93393263220787059 19.500000000000004 24.440019607543949 0.26237630844116216 9.5000000000000018 44.590642929077156 5.5000000000000009 1.0000000180025095e-35 43.951219558715827 0.18333333730697635 0.58571431040763866 5.5000000000000009 19.500000000000004 1.0000000180025095e-35 0.19090909510850909 2.5000000000000004 0.10555555671453477 3.5000000000000004
decision_type=2 2 2 2 2 2 2 2 2 2 2 2 2 2 2 2 2 2 2 2 2 2 2 2 2 2 2 2 2 2 2 2 2 2 2 2 2 2 2 2 2 2 2 2 2 2 2 2 2 2 2 2 2 2 2 2 2 2 2 2 2 2
left_child=2 11 3 4 6 -6 9 13 -7 10 -1 -2 17 14 -3 16 -16 18 23 22 21 -21 -19 25 26 28 40 54 -4 -27 31 32 33 -30 -33 56 -37 -23 -20 -36 -25 -34 45 52 -45 47 -47 48 51 50 -49 57 53 -44 -26 -29 -31 58 59 -32 -24 -53
right_child=1 7 12 -5 5 8 -8 -9 -10 -11 -12 -13 -14 -15 15 -17 -18 19 38 20 -22 37 60 24 27 29 -28 55 30 35 42 34 41 -35 39 36 -38 -39 -40 -41 -42 -43 43 44 -46 46 -48 49 -50 -51 -52 61 -54 -55 -56 -57 -58 -59 -60 -61 -62 -63
leaf_value=0.021322859790342579 -0.092492485791230303 -0.14894056648117068 -0.046446734165337497 0.075114453111373131 0.098976760482972881 -0.052088845313600168 0.033709433011066596 0.047492350404388248 0.078854579970616193 -0.089418994638887445 -0.16414386670629161 0.015752451304396977 -0.094945349215875982 0.13034084029162796 0.11304149535460213 -0.025646007597364115 0.83832584271111854 0.046101511821397323 0.093175053570825783 0.001140086445665514 -0.00032885826723515698 0.064862794338399241 0.051695074860182322 -0.10402954779021523 0.024852806211383197 -0.07601556871303701 0.0086805945910588822 0.0041970398139108637 -0.015791856961500057 0.036620893112367506 4.2474745216115952 0.10122724988941056 -0.07666874332608889 0.1146276153076923 0.020914776185336981 0.035443277431321876 -0.036505187420501899 -0.029420828204003747 0.023394604792991901 -0.024425383387495413 -0.046055317499765852 0.028297863644657861 -0.05681365414401271 -0.0012031956625548205 -0.10730068224462253 -0.00091390104513915365 -0.072073422306768484 -0.0066899903931234269 -0.0690747269942137 -0.010294874733784614 0.015947166089118493 -0.052946493023939223 0.0071264983795301558 0.36821636228894067 0.17270498808994739 -0.021350908667126901 0.13237800622649901 0.026291864936967405 0.10244052107321439 0.013378661277905844 -0.015388649088569623 0.022849537503384247
leaf_weight=27.76496243038855 58.359528738008521 5.8470531278580884 208.01156195034127 39.795000953541603 33.185726124153007 17.069726187444761 35.320293070573825 24.558607007216779 8.3786976375267823 27.188377136801137 5.7643815703922874 9.1966296965765633 10.304967295924142 3.8804493352145064 4.1863835075637317 156.82382505817804 0.31952393008396018 525.86099782808924 110.05045905604493 518.55282660754892 42353.314791651472 298.02813382929162 67.802621116810769 202.14224791953893 292.82950385707773 35.883567522603698 69.31375539975852 658.42160412469821 1354.9980895431945 460.76947784073127 0.022998769897326521 47.289352003699605 233.19581676954112 30.823025015983148 329.42247181206767 354.69935760827502 228.48411716299597 40.042513681481068 144.18237851883896 235.62971308935812 140.59980813913353 27.529842892923625 258.10644348622827 2087.0461761693441 31.543289508961607 189.8061558912982 114.55473884402136 961.7954181140849 40.554831488685977 1341.6549757350363 2264.4603969544301 47.896941877203062 106.4251425278344 1.5517729417624639 12.51625106265419 982.42458629674002 29.040161378336052 166.54584950670898 130.14367143116252 45.005067934594308 234.07033932239392 243.37077839154961
leaf_count=496 61261 1273 386298 808 649 338 473 3567 190 477 104 763 362 157 742 26283 60 13541 13092 17351 1644029 7092 1240 30576 28337 3183 4708 63723 664664 13986 44 633 6405 778 5907 6855 3500 966 4326 3126 5676 433 956379 283389 414 49542 53269 214427 125845 35129 352747 1688 38557 238 693 37300 731 223324 43861 163795 8246 17202
internal_value=-0.00011904 -0.0293819 1.26917e-05 0.0228864 0.0094489 0.0521227 -0.0166048 -0.0126756 -0.00897673 -0.0458732 -0.0105627 -0.0777568 -6.36503e-05 -0.0213138 -0.024834 -0.020336 0.164473 -4.68667e-05 -0.0022289 0.00065766 0.000111451 0.0218813 0.0291712 -0.00324531 -0.0151279 -0.000830908 -0.0652884 -0.00450777 -0.00303551 0.0200394 -0.0021579 -0.0128573 -0.0212351 -0.0128911 0.00967013 0.0232517 0.00725475 0.0536954 0.0536007 0.00200769 -0.0802473 -0.0655854 0.000851711 -0.0077394 -0.00278286 0.00470076 -0.0276968 0.00658202 0.0276661 0.00347318 0.00919869 0.0338642 -0.0364238 -0.0542736 0.0309133 -0.0110993 0.0422982 0.0538766 0.080103 0.0155413 -0.00032121 0.0103854
internal_weight=58724.4 263.172 58461.2 194.467 154.672 58.6341 96.038 195.616 25.4484 60.7177 33.5293 67.5562 58266.7 171.057 167.177 161.33 4.50591 58256.4 14218.7 44037.7 43209.9 856.623 827.734 13964.5 2358.25 11606.3 412.056 1946.19 10497.4 1108.88 10289.4 2258.89 1646.55 1385.82 612.342 1072.99 583.183 338.071 254.233 565.052 342.742 260.726 8030.48 2484.67 2118.59 5545.81 304.361 5241.45 673.54 4567.91 3226.26 632.985 366.083 259.658 305.346 1640.85 489.81 341.718 175.172 45.0281 301.873 291.268
internal_count=5635248 94106 5541142 3535 2727 1177 1550 32082 528 1077 600 62024 5537607 28515 28358 27085 802 5537245 3844780 1692465 1669438 25409 23027 3827362 171013 3656349 40960 130053 3628094 28255 3241796 681946 672280 665442 9666 25072 10355 8058 17418 9033 36252 6838 2559850 1278977 283803 1280873 102811 1178062 575759 602303 567174 449914 995174 956617 29030 101023 14717 431024 207700 163839 9486 18890
is_linear=0
shrinkage=0.1


Tree=104
num_leaves=63
num_cat=0
split_feature=3 10 21 26 18 27 24 21 23 22 23 22 24 23 22 25 18 8 5 8 15 25 22 18 15 1 9 4 17 17 15 17 21 17 1 17 15 21 14 14 14 8 17 21 14 14 7 14 3 17 7 26 18 9 1 21 7 9 3 21 3 22
split_gain=19.0422 18.0403 10.8556 10.3921 124.456 44.2622 201.601 98.5083 79.5621 74.5663 50.2292 41.4643 41.271 39.8618 38.8014 49.4103 73.0722 48.6112 38.8581 37.6082 36.5716 35.7834 34.8809 33.8819 33.7252 32.4249 29.1653 80.451 29.47 28.8421 27.9718 32.5143 27.5133 34.6761 26.6916 46.8632 61.3846 26.3612 39.0918 49.2705 48.7267 48.7183 38.4623 32.0528 31.9124 30.8163 32.1956 28.604 28.4882 26.298 25.6348 25.5839 24.222 27.6185 31.8761 24.0552 23.8054 24.5707 25.292 34.8358 23.4827 23.0563
threshold=140.50000000000003 88.273490905761733 13.500000000000002 1.0000000180025095e-35 1.0000000180025095e-35 1.0000000180025095e-35 1.5000000000000002 7.5000000000000009 0.58571431040763866 4.5000000000000009 0.31666667759418493 5.5000000000000009 2.5000000000000004 -1.0000000180025095e-35 7.5000000000000009 1.0000000180025095e-35 0.65942031145095836 97.726097106933608 1.0000000180025095e-35 97.726097106933608 98.048732757568374 1.0000000180025095e-35 10.500000000000002 0.90238094329833995 96.162029266357436 3.5000000000000004 48.074073791503913 1.0000000180025095e-35 99.80237197875978 73.481681823730483 79.940830230712905 82.940685272216811 6.5000000000000009 97.309360504150405 2.5000000000000004 97.22989654541017 87.194396972656264 9.5000000000000018 10.500000000000002 8.5000000000000018 11.500000000000002 96.590469360351577 64.310688018798842 5.5000000000000009 6.5000000000000009 5.5000000000000009 87.570224761962905 11.500000000000002 3.5000000000000004 99.80237197875978 81.375640869140639 1.5000000000000002 0.86811593174934398 86.72955703735353 5.5000000000000009 10.500000000000002 87.007671356201186 88.067794799804702 18.500000000000004 6.5000000000000009 5.5000000000000009 7.5000000000000009
decision_type=2 2 2 2 2 2 2 2 2 2 2 2 2 2 2 2 2 2 2 2 2 2 2 2 2 2 2 2 2 2 2 2 2 2 2 2 2 2 2 2 2 2 2 2 2 2 2 2 2 2 2 2 2 2 2 2 2 2 2 2 2 2
left_child=3 -2 -3 34 -5 8 7 9 13 -7 -11 -10 21 22 15 17 18 -12 -17 -16 -18 32 25 26 -19 -6 27 49 37 -27 -9 -32 33 -8 -1 61 -37 38 39 44 41 -40 60 -43 45 -28 -47 -44 -46 -15 -41 55 -38 54 -54 -13 57 -50 -59 -60 -39 -36
right_child=1 2 -4 4 5 6 12 30 11 10 14 51 -14 23 19 16 20 24 -20 -21 -22 -23 -24 -25 -26 29 28 -29 -30 -31 31 -33 -34 -35 35 36 52 42 40 50 -42 43 47 -45 48 46 -48 -49 56 -51 -52 -53 53 -55 -56 -57 -58 58 59 -61 -62 -63
leaf_value=0.0063716010666175459 -0.069686110520675165 -0.012089258980869273 0.41660206162332891 -0.095603211054759329 -0.037003867948363987 -0.093829446485710039 0.036232315733240969 -0.050405889218810757 0.09967530951635481 0.098727348102255849 0.009828369769565172 0.031224954958021734 -0.075377220214919688 -0.056625182152861324 0.023868962575769599 0.044188320032408961 -0.10173576703744297 0.085671286886386422 -0.033745424729771323 0.10064361122131001 0.045474037413987312 -0.054502539501745564 0.0025949250966233175 -0.038363725203222974 -0.17605127314487229 0.032898755538614481 -0.00063469266224234783 0.01481737312061906 0.031426496432060934 -0.021482635199357291 0.089723206605677883 -0.016896963482230784 -0.031951947318896383 -0.35463021729844779 0.0023503081430806157 -0.083887644076260426 0.006688739885010707 0.053864643183957207 -0.016341824533840529 -0.012697011751434006 0.005903755875808451 0.16020844321354952 0.0075528300863586841 0.060952329994353509 0.0027971081803089114 -0.01041974916417774 -0.06066842934464442 -0.029489017564125183 0.0058170793114404413 0.11327036610517545 -0.045863839240110393 -0.045729142011627158 -0.014953546644910535 0.010465058302528463 -0.053750435458576697 0.009039768191591236 -0.043682958724908849 0.055831131760085986 0.445238218648496 -0.11776690922369629 -0.035125739573779464 -0.012124156681539563
leaf_weight=7836.7267144665675 72.150755729730008 183.9629541948816 0.59260136491502535 139.04086264391663 798.84425965842036 52.352742015460763 118.66363159175671 264.31354630032183 61.927607996630286 92.886080284883064 294.14337343733314 860.28991723369904 356.36927389795687 356.84767597353499 153.29309398812802 170.3808825185115 103.52207848153193 160.07961826457176 102.44657444585755 109.29459356400184 20.162983869959135 370.92127163695113 725.37811169594602 228.10616737781675 5.0797127173282197 147.36174259434699 16097.042489195941 348.85685141215799 313.05619299254613 288.39131530984332 31.466058262223669 314.23032721830532 194.9626996198931 2.3140317318611769 14984.710945685967 119.36950393082407 607.59112174111942 252.00424768858375 56.496176639743908 887.75423517700256 558.85326162596789 47.795524354420195 3384.2671530406878 101.8992923314363 620.9132384560944 581.15406995706508 163.35161342243373 222.15361050806951 120.34629999072422 9.3495527976264707 315.98064806019102 63.7600176581509 959.44228475756245 296.82745773746865 271.7567152181 1131.660681798023 34.132102738891263 265.03740515303798 3.6871186636417397 1.5656886969809418 33.606914411302569 1187.7101568046564
leaf_count=469801 66052 28010 44 491263 7066 3305 5353 23879 1715 5800 19695 17455 10921 2013630 10798 4804 9546 11411 6463 5220 197 16499 31512 2191 124 42723 265434 46443 8396 28750 1045 8445 5955 42 1221884 9806 39162 19624 16744 62315 141469 1498 71163 2841 25934 33620 5954 18386 26281 1662 16953 1398 24363 18423 23665 18352 1773 9494 208 158 16749 135382
internal_value=-0.000111883 -0.027288 -0.0107127 7.5697e-06 -0.00119833 -0.000788123 -0.0125317 0.00708524 0.000389749 0.0230164 0.0280666 0.019054 -0.047764 -0.00107605 0.0221981 0.0118806 -0.01398 0.034206 0.0149242 0.0558242 -0.0777378 -0.0334372 -0.0148091 4.24927e-07 0.0776216 -0.0250347 0.000353631 -0.0195487 0.000945095 -0.00309209 -0.0259164 -0.00719216 -0.00870609 0.028756 0.00148316 -0.000595781 -0.0141009 0.000543277 -0.000931788 -0.00182002 0.0212332 0.0627816 0.00806863 0.0926435 -0.000502146 -0.00155463 -0.0214448 0.00527107 0.016449 -0.0522875 -0.0214033 0.0166253 -0.0102002 -0.0169158 -0.023517 0.0186212 0.0364049 0.0434027 0.0601376 0.277425 0.0433934 0.0012873
internal_weight=58658.6 256.706 184.556 58401.9 32137.8 31998.8 2916.88 1873.65 29081.9 1263.64 1211.29 2117.64 1043.23 26964.2 1118.4 855.815 396.513 459.303 272.827 262.588 123.685 686.862 1959.98 25004.3 165.159 1234.6 24776.2 715.054 24061.1 435.753 610.01 345.696 315.94 120.978 26264.1 18427.4 2254.99 23748 19856 19091 765.044 206.191 3892.03 149.695 17887.2 16841.5 744.506 3606.42 1045.68 366.197 1203.73 2055.71 2135.62 1528.03 1231.2 1991.95 424.769 390.637 270.29 5.25281 285.611 16172.4
internal_count=5635248 94106 28054 5541142 3598656 3107393 149502 110732 2957891 77363 74058 38920 38770 2918971 68258 52240 21010 31230 11267 16018 9743 27849 110051 2808920 11535 78539 2806729 2061735 744994 71473 33369 9490 11350 5395 1942486 1472685 115419 736598 610676 448124 162552 21083 125922 4339 368856 305008 39574 89549 63848 2015292 79268 37205 105613 66451 48028 35807 37914 36141 9860 366 36373 1357266
is_linear=0
shrinkage=0.1


Tree=105
num_leaves=63
num_cat=0
split_feature=3 11 26 27 21 25 11 24 18 2 22 11 22 14 18 1 18 22 22 2 14 18 25 8 6 4 1 14 7 6 3 8 14 8 0 3 4 22 18 21 6 2 14 5 9 23 6 6 2 14 21 1 21 9 7 8 6 18 7 2 21 6
split_gain=15.8569 17.3084 10.0973 75.499 36.8552 28.9735 26.9924 22.2609 26.7208 22.0028 22.892 20.7676 20.1261 19.5078 19.1573 17.6017 16.0105 15.917 14.4015 15.6925 13.2738 12.7603 12.0268 11.5523 22.5348 11.3442 25.5668 24.5507 24.4312 33.8426 31.1162 56.2348 13.883 12.8774 11.1792 40.5335 19.2819 14.9121 21.4862 19.229 22.0978 18.0933 14.0451 13.883 13.1154 12.8449 12.3249 74.8476 13.523 22.7374 12.5762 11.4332 24.878 11.1232 10.7947 20.7981 10.6088 16.032 15.5499 18.8082 12.9966 11.1593
threshold=140.50000000000003 0.58571431040763866 1.5000000000000002 1.0000000180025095e-35 9.5000000000000018 1.5000000000000002 0.44949495792388922 2.5000000000000004 0.82085561752319347 0.55444663763046276 3.5000000000000004 0.31666667759418493 4.5000000000000009 7.5000000000000009 0.17519181966781619 2.5000000000000004 0.50806450843811046 10.500000000000002 15.500000000000002 0.71215134859085094 13.500000000000002 0.82480818033218395 1.0000000180025095e-35 19.890110015869144 27.334994316101078 1.0000000180025095e-35 5.5000000000000009 10.500000000000002 24.807692527771 20.169491767883304 5.5000000000000009 27.518593788146976 16.500000000000004 20.601238250732425 0.14652930945158008 5.5000000000000009 1.0000000180025095e-35 5.5000000000000009 0.21980676054954532 19.500000000000004 89.699382781982436 0.17548917979002002 8.5000000000000018 1.0000000180025095e-35 63.245613098144538 0.58571431040763866 44.033897399902351 43.557312011718757 0.16240804642438891 6.5000000000000009 19.500000000000004 19.500000000000004 8.5000000000000018 64.747306823730483 82.097072601318374 99.275363922119155 79.118217468261733 0.52786380052566539 76.028167724609389 0.58314234018325817 7.5000000000000009 56.294013977050788
decision_type=2 2 2 2 2 2 2 2 2 2 2 2 2 2 2 2 2 2 2 2 2 2 2 2 2 2 2 2 2 2 2 2 2 2 2 2 2 2 2 2 2 2 2 2 2 2 2 2 2 2 2 2 2 2 2 2 2 2 2 2 2 2
left_child=2 -2 34 5 6 7 13 9 -9 10 22 -7 -8 -5 -12 18 -13 -16 19 -11 56 -20 -4 -15 25 26 32 28 -28 -30 -31 -32 -25 -29 35 36 37 42 39 -39 -41 45 -1 44 -44 -40 47 48 50 -50 -47 -37 -53 -46 -24 -56 58 -58 60 -60 -17 -62
right_child=1 -3 3 4 -6 11 12 8 -10 15 14 16 -14 23 17 20 -18 -19 21 -21 -22 -23 54 24 -26 -27 27 33 29 30 31 -33 -34 -35 -36 51 -38 38 41 40 -42 -43 43 -45 53 46 -48 -49 49 -51 -52 52 -54 -55 55 -57 57 -59 59 -61 61 -63
leaf_value=0.081942546686965087 -0.074845536524778711 -0.011300186938569358 -0.12088068192747592 -0.01388595455901448 -0.11426775594441684 -0.082071319959200306 -0.22002382536040402 -0.069344027757426929 0.044054104117071058 -0.031302920640542263 -0.083495304344391175 -0.011034912596814642 0.076249018979556826 -0.04056381520293012 -0.012152351131404414 -0.016709257631298713 -0.063867825504378681 -0.069124965667937799 -0.11973965882003944 0.0038115897079635213 -0.067315138076597586 0.0014802237032706363 -0.040952312009588987 0.39831372497615458 0.038378235356880577 0.13746373059338532 0.14696395061507297 0.72606290246334848 3.6090647569342731 0.32762685348622655 5.5346542985677516 -0.10041148203346797 1.2067607989736748 -0.050091645784746432 0.00018993137184185698 -0.04080479278746392 -0.0051165734157379069 -0.076444565472658238 -0.026678375925020072 -0.10024560163732986 4.0864649733212772 0.14633505219402851 -0.023913593890434896 -0.044719597046726109 0.69158782689482712 0.049306428520401575 0.032201181223698479 2.3549212788558509 -0.10063869684525306 2.1247058898561808 0.87179742787811765 -0.29041021689962093 0.72476775346661237 0.12965796863700965 0.67835291192674252 0.13446449337939564 0.035742304841378844 -0.0050494073993255888 0.30117249047529593 0.072172767788066194 0.083324105371896967 0.018096166405439568
leaf_weight=124.58428862205972 54.848345171249093 196.16764581206735 2.2661637222411182 89.575023662591775 14.842433777852419 79.147908028967777 2.3229012164811129 105.04832090721402 25.903567085479153 162.60626348135327 44.042621917672022 224.72384133175728 177.20900930780044 8.3080807409132813 767.17454658581562 50.057163039266015 77.015916568692774 52.385968466184863 20.692989305578521 585.6069987576775 18.693984114222417 14.963192656170575 3.1254902792334169 0.39777318391133887 26.201073034813817 7.8149205615627579 0.37866501372627714 0.24067467837267065 0.053901356677670265 0.23138306603505043 0.035491923332301667 0.035346506276255241 0.45582362297864165 1.9117293490617155 54714.58995038025 104.44993710886598 92.01411559003094 21.721961852734783 26.490154094452986 0.026714491988967803 0.023872196674346924 13.438536188233895 7.5371048532087768 20.040453515388833 0.36512842659794742 2.79744373500063 7.7313275776978116 0.162563940451946 0.093875908325571689 0.089867766117095016 0.19913680387253396 0.41488232265692104 0.57728801489611214 9.9975766006500617 0.74718787393066932 11.910228122811532 149.23264508845023 271.88174484681804 4.1623967636987826 25.925188108303701 44.526047849718452 63.824596726924938
leaf_count=38756 58112 35994 1281 10981 8344 315212 76 4358 377 2712 137109 56592 7175 916 233361 10204 1367 88938 355 7460 3660 128 3004 89 3874 108 200 64 40 223 56 54 39 1093 4388822 83679 7013 58164 14745 120 1 5507 8708 12499 95 1031 109 6 77 69 9 73 63 1657 28 1637 4767 2615 99 555 9657 1131
internal_value=-0.00010532 -0.0251852 2.69465e-06 -0.00551718 0.0397263 -0.0108389 0.0469784 -0.00681132 -0.0469128 -0.00452197 -0.0169172 -0.0364791 0.0724156 0.0133098 -0.0192467 0.00321664 -0.02452 -0.015794 -0.00677865 -0.00381971 0.0156867 -0.0688695 0.0945438 0.0661932 0.0896842 0.206014 0.349223 0.207073 0.706159 1.30075 0.889062 2.72291 0.830027 0.0366954 0.000316555 0.0163259 0.0336963 0.0488741 0.0112535 -0.0719094 1.87549 0.0467548 0.0657199 0.0124497 0.0764558 0.0111303 0.101571 0.262007 0.155026 0.987762 0.103965 -0.0375955 0.300265 0.149457 0.125475 0.166571 0.018232 0.00940618 0.0379497 0.103853 0.0254322 0.0449012
internal_weight=58534 251.016 58283 3135.68 330.014 2805.66 315.172 2424.78 130.952 2293.83 881.652 380.888 179.532 135.64 863.603 1412.17 301.74 819.561 783.869 748.213 628.304 35.6562 18.0491 46.0649 37.7568 11.5557 3.74079 2.88719 0.734788 0.356123 0.302221 0.0708384 0.853597 2.1524 55147.3 432.756 327.314 235.3 72.7755 21.7725 0.0505867 51.0029 162.525 37.9403 17.8998 37.5644 11.0742 3.34289 3.18032 0.183744 2.99658 105.442 0.99217 10.3627 15.7829 12.6574 609.61 421.114 188.495 30.0876 158.408 108.351
internal_count=5635248 94106 5541142 919939 33332 886607 24988 513436 4735 508701 465358 373171 7251 17737 459408 43343 57959 322299 10655 10172 32688 483 5950 6756 5840 1966 1858 1730 573 373 333 110 128 1157 4621203 232381 148566 141553 79838 58285 121 21553 61715 22959 10460 16046 1301 1192 1186 146 1040 83815 136 1752 4669 1665 29028 7382 21646 654 20992 10788
is_linear=0
shrinkage=0.1


Tree=106
num_leaves=63
num_cat=0
split_feature=3 7 18 27 16 15 3 1 0 22 1 2 16 0 2 1 6 6 18 2 0 18 1 7 16 18 15 23 24 10 2 9 7 16 26 22 10 15 8 18 8 23 16 0 26 22 25 22 0 15 0 16 2 1 2 0 22 18 27 9 26 3
split_gain=13.1438 14.8348 9.13991 10.7047 32.4479 61.9635 9.07507 24.4903 53.7119 25.9149 23.816 36.0467 24.5693 21.6382 19.3409 35.3161 45.9767 41.1759 32.991 33.0901 24.9866 23.9879 19.9983 43.8765 33.0562 22.8646 24.0781 19.9173 19.6619 18.5298 20.7583 17.9095 52.5123 22.711 21.513 17.8403 19.0721 18.6713 18.9481 25.0424 21.1962 43.0776 62.9394 17.8242 25.2602 19.2344 16.8001 19.2613 16.7776 16.551 16.4993 16.308 22.6934 16.2789 26.269 22.6956 24.9562 24.2713 21.3782 20.2389 19.9843 19.5068
threshold=140.50000000000003 72.281322479248061 0.70710784196853649 1.0000000180025095e-35 90.206733703613295 51.871871948242195 3.5000000000000004 3.5000000000000004 0.76043426990509044 14.500000000000002 1.0000000180025095e-35 0.99996608495712291 86.981086730957045 0.58960780501365673 0.69381573796272289 3.5000000000000004 42.462121963500984 96.590469360351577 0.53452381491661083 0.46116203069686895 0.4615634977817536 0.50806450843811046 21.500000000000004 64.051280975341811 49.890829086303718 0.58578431606292736 95.862876892089858 0.63068181276321422 1.5000000000000002 91.734970092773452 0.40789571404457098 48.566747665405281 28.718704223632816 95.393455505371108 1.0000000180025095e-35 13.500000000000002 48.074073791503913 92.342185974121108 42.94755935668946 0.17519181966781619 7.8461537361145028 0.38750000298023229 55.705244064331062 0.89735862612724315 1.0000000180025095e-35 12.500000000000002 1.0000000180025095e-35 13.500000000000002 0.24845763295888904 89.808139801025405 0.95763123035430919 91.813587188720717 0.66838625073432933 19.500000000000004 0.19573089480400088 0.27651667594909674 7.5000000000000009 0.55277779698371898 1.0000000180025095e-35 63.733076095581062 1.0000000180025095e-35 75.500000000000014
decision_type=2 2 2 2 2 2 2 2 2 2 2 2 2 2 2 2 2 2 2 2 2 2 2 2 2 2 2 2 2 2 2 2 2 2 2 2 2 2 2 2 2 2 2 2 2 2 2 2 2 2 2 2 2 2 2 2 2 2 2 2 2 2
left_child=6 2 3 -2 5 -5 10 -8 9 31 -1 14 -13 -11 15 16 -12 22 -18 27 -16 -22 25 28 48 26 35 -20 -24 -27 -31 32 34 -34 -9 36 37 38 39 40 41 42 -17 -23 46 -46 -45 -48 -25 -19 -47 -36 -53 55 59 56 58 -58 -33 -55 -60 -56
right_child=1 -3 -4 4 -6 -7 7 8 -10 13 11 12 -14 -15 20 17 18 49 19 -21 21 43 23 24 -26 29 -28 -29 -30 30 -32 53 33 -35 51 -37 -38 -39 -40 -41 -42 -43 -44 44 45 50 47 -49 -50 -51 -52 52 -54 54 61 -57 57 -59 60 -61 -62 -63
leaf_value=-0.0090823463828041042 -0.10171275616701458 -0.011571505734507548 0.021014126007058938 5.1586736516371756 -0.10425006916897983 -0.1006334490813286 0.0015382267487393261 0.0093336216627325566 -0.033051438786103088 -0.10710412843475355 0.030327555266366886 -0.074325029347988167 0.073804206980376652 -0.016598181556821644 -0.019308107879506164 12.637798603318011 0.00078234628185570258 -0.0045304411238491727 -0.03832281197799664 -0.01344558276354459 0.022235965253827872 0.0061753262366248396 -0.031958787909592064 -0.0012594265476151753 0.028019161919536774 -0.00053588031410038998 0.10240887962520716 -0.11142358276110204 0.016669226112205036 -0.014152748250799669 0.040406544716986126 -0.012364137330360882 -0.065240965940293119 -0.021409719218107692 -0.059771989520709418 -0.1103123562636253 0.010391170838655187 0.16372384220073083 0.055588366994950081 0.021798469676376945 -0.094154206672075177 -0.10021131519315084 -0.10012828447576834 0.033333872986118146 -0.072961299095237672 0.0028316521274997799 -0.10809734609708066 -0.85513742796520487 -0.070163857828995563 -0.027057517461154468 -0.12430608141878824 0.012139074511532994 -0.077953153012694273 0.20292612186524406 0.0066326311973545563 -0.00020612609589738015 -0.076320599661129085 0.048958825042105462 0.028285862293612924 0.049345072319736102 -0.045337503541137303 0.34001854221566408
leaf_weight=1986.2915782786004 36.4481198077101 201.10264009658204 8.1032895722964877 0.038025870233467596 0.2751418638654286 0.054520361161848996 17109.850726057706 717.70501630057731 607.93450502722408 42.254645052320484 296.94524591511617 12.550276526577361 103.86321024940116 70.473317343097733 374.06164346024343 0.0078505759163388644 1595.5338670694546 2206.1185720257527 246.1782991863729 2185.6377146409359 928.64463689357035 6608.8639107552845 509.50228574577102 99.506855130755866 442.74772187884082 2601.1215931170536 30.677957065534429 43.922241339052562 99.363807744538121 98.678112203488126 237.75902367918752 1981.8460284876919 203.79837784549841 281.49851667349594 86.422279356709964 11.61178213116318 2927.5315753992763 10.169303175542153 171.83361868377142 450.69627792065762 21.139565876083907 0.031290483377233613 0.0076677625547745274 85.06195794249652 90.730627551209182 96.960607033222914 2.4164619753137226 0.40265239682048548 54.797533997749269 382.72863362036878 11.40848086774349 135.45236385334465 35.231511927137035 10.490628507849918 790.25001209841196 10716.080901594256 97.036964773819818 18.396109076311404 240.17906268757361 47.124256663730193 43.554414489375631 1.7589676045463409
leaf_count=86364 53932 39211 760 57 65 81 522694 256702 19310 59743 12371 519 19388 3505 11261 72 23041 78520 3558 45697 14218 161771 609072 43942 10277 109845 455 1481 15525 1806 6340 473344 1029985 84736 622214 14219 96466 1341 14614 164496 29555 59 29 12144 998 1020 434 8 7822 5976 115 92616 8401 3032 103881 567368 67769 1482 10757 6017 2651 116
internal_value=-0.000111608 -0.0231769 -0.0751342 -0.0962968 0.440572 2.06034 -1.42124e-05 -0.00109716 -0.00389307 -0.00275088 0.00142409 0.00232989 0.0578347 -0.0505232 0.00204801 -0.000119477 -0.00766022 0.00306124 -0.0104309 -0.0176575 0.00594072 0.00714778 0.00670162 -0.00513423 0.0141282 0.00887697 0.014192 -0.0493905 -0.0240229 0.00232049 0.0244041 -0.00240134 -0.0129386 -0.0398165 0.000442152 0.0134388 0.01384 0.0292809 0.027157 0.0168038 -0.0894475 2.03617 6.34386 0.00511589 -0.0192818 -0.0389926 0.0253742 -0.214797 -0.0257292 -0.00786079 -0.0105527 -0.0243782 -0.00645721 -0.00129817 0.0121156 -0.00216834 -0.0109995 -0.0563553 -0.00868863 0.0773094 0.0169843 0.00737305
internal_weight=58508.9 246.022 44.9191 36.8158 0.367688 0.0925462 58262.8 33237.3 16127.5 15519.6 25025.5 23039.2 116.413 112.728 22922.8 14724.2 4368.22 10356 4071.27 2475.74 8198.55 7824.49 7767.18 1205.92 597.052 6561.27 3623.71 290.101 608.866 2937.56 336.437 15406.8 1460.11 485.297 974.811 3593.03 3581.42 653.886 643.716 471.883 21.1864 0.0468088 0.0155183 6895.84 286.981 199.1 87.8811 2.81911 154.304 2588.85 108.369 257.106 170.684 13946.7 849.624 13097.1 2381.01 115.433 2265.58 57.6149 283.733 792.009
internal_count=5635248 94106 54895 54135 203 138 5541142 3936323 3413629 3394319 1604819 1518455 19907 63248 1498548 1296579 86148 1210431 73777 50736 201969 190708 1125935 686638 62041 439297 321306 5039 624597 117991 8146 3331071 2094654 1114721 979933 320851 306632 210166 208825 194211 29715 160 101 176490 14719 2133 12586 442 51764 84496 1135 723231 101017 1236417 113046 1123371 556003 69251 486752 9049 13408 103997
is_linear=0
shrinkage=0.1


Tree=107
num_leaves=63
num_cat=0
split_feature=10 18 14 26 17 3 14 26 21 10 18 8 6 6 9 1 26 3 11 14 9 9 14 10 18 8 22 7 18 9 6 14 9 9 9 9 9 9 9 9 6 10 1 15 6 6 1 23 2 17 9 9 6 10 2 14 10 10 6 10 11 14
split_gain=63.8623 463.516 36.4389 29.3751 26.8441 22.0669 18.9104 17.0786 19.5691 14.0381 260.903 82.3809 40.8049 29.2984 26.9363 25.6117 14.2916 11.9904 15.6987 11.5269 11.173 42.7758 33.2097 30.5732 23.5562 23.0126 22.5574 19.6068 32.4276 14.8138 21.2282 30.1355 14.5956 14.3311 26.4242 22.284 50.0867 26.9762 20.4222 38.4526 18.5258 49.0435 24.1304 183.987 14.5546 27.6644 50.969 320.109 496.794 37.2306 13.9694 18.4853 13.9324 16.5972 14.7802 13.5067 13.9172 13.4489 19.4299 18.0469 12.77 11.9228
threshold=1.0000000180025095e-35 0.1695402339100838 4.5000000000000009 1.0000000180025095e-35 48.672149658203132 3.5000000000000004 9.5000000000000018 1.5000000000000002 6.5000000000000009 10.3913631439209 0.1695402339100838 7.8461537361145028 10.084745883941652 14.415584564208986 22.539682388305668 7.5000000000000009 1.0000000180025095e-35 140.50000000000003 0.64583334326744091 11.500000000000002 28.869047164916996 29.708431243896488 11.500000000000002 16.108108520507816 0.26491229236125952 7.8461537361145028 11.500000000000002 14.415584564208986 0.063508063554763808 27.681992530822757 12.183054924011232 8.5000000000000018 26.794871330261234 35.948717117309577 35.388994216918952 37.590579986572273 39.173061370849616 38.165266036987312 37.394067764282234 36.51515197753907 21.483516693115238 22.903981208801273 281.50000000000006 80.094341278076186 34.178434371948249 34.330356597900398 9.5000000000000018 -1.0000000180025095e-35 0.34300781786441809 51.07936096191407 30.368906021118168 30.940170288085941 20.761494636535648 21.680376052856449 0.5347527563571931 13.500000000000002 42.206478118896491 34.330356597900398 27.639257431030277 29.459980010986332 0.2264957278966904 8.5000000000000018
decision_type=2 2 2 2 2 2 2 2 2 2 2 2 2 2 2 2 2 2 2 2 2 2 2 2 2 2 2 2 2 2 2 2 2 2 2 2 2 2 2 2 2 2 2 2 2 2 2 2 2 2 2 2 2 2 2 2 2 2 2 2 2 2
left_child=1 2 3 -1 -5 7 -3 8 -4 10 11 13 14 15 -12 -2 -17 20 -19 -9 22 -22 29 -23 25 26 -24 28 -25 30 31 -11 -32 34 40 38 37 -37 39 52 50 42 -42 -44 -41 46 -46 48 -48 -49 -29 -52 54 -54 -35 56 -40 58 -43 60 -60 -38
right_child=9 6 5 4 -6 -7 -8 19 -10 17 12 -13 -14 -15 -16 16 -18 18 -20 -21 21 23 24 27 -26 -27 -28 33 -30 -31 32 -33 -34 35 -36 36 61 -39 55 44 41 57 43 -45 45 -47 47 49 -50 -51 51 -53 53 -55 -56 -57 -58 -59 59 -61 -62 -63
leaf_value=-0.10038437970884782 -3.4452598901264189 -0.0011506992135145435 -1.2424969181187058 -1.9383406733769393 -3.7946690490075357 -0.10349249717902671 -0.14247598351663429 -1.4292418529769553 -2.2108498521726943 0.060799400347989543 0.051677611375891101 -0.1014679069759436 -0.12622517909389738 -0.81213212268565538 -0.057917363747490284 -2.2949976826355853 -1.4304489632310926 -0.068765607588797642 -0.00833285020687052 -0.81639938751074725 -0.12359028333329143 -0.043086714244253289 -0.92310135485419265 -1.0599826892396687 0.058217137694207978 -0.16018558047495002 -4.4452700480569511 -0.044854480372374564 0.053637581068314039 0.023660553800633203 -0.0089211096898342886 -0.15179833928052783 -0.062913272306352255 0.14825860017758108 -0.083199907054536393 -0.011297425393418738 0.00077710565998245578 -0.083661185837666588 0.025251421212528193 -0.10158259351068472 -0.082341125146943181 0.0029897590628168522 -0.10002690324517766 20.748191152575913 0.22610545214792849 -0.079434323001185358 -0.10001465981791341 4.4989568129158544 43.915151660281921 -0.10021259649301617 0.067250400828461607 0.0055826898882103968 -0.10415265794817426 0.013041993612760237 0.029060751284059123 0.076508957962037147 0.83866760219251857 0.082494663197477211 -0.076136669264202816 -0.011684309420663938 1.2340022740125542 -0.0034372160572189083
leaf_weight=0.051387258548970194 0.085201023291033962 33.138320221100003 0.44833711261890208 0.19684935427176242 0.12891800881516247 0.15373581831227046 13.255271144118408 0.58566157933819318 0.39042442536810995 70.054621562603302 65.910149045989968 0.56819855589947099 26.011212338503356 0.43545026020910871 33.992232173655694 0.25298848281818187 0.78296297533961479 55.833494120794057 186.79454630926921 0.64483936394753982 28.051842591070454 164.77394762556651 0.10456624961264172 0.26235544596266791 155.4386484740528 3.1255568217957008 0.022010620752553223 35.225472728874166 78.449149976136766 220.05003503578894 359.17392522887337 7.3687882242611513 58.178087866963438 14.940660256834716 48.935451544805574 98.448792692226732 47159.260863752686 108.06103209328631 195.75946970375296 41.871223947488367 99.996447528478541 447.02759834879026 0.036031091084679612 0.0047965178346203166 2.1665407205691731 5.0697815031786675 0.0058861168399747532 0.021735059017373271 0.0045438823854055954 0.092543140368434251 66.999780282282842 177.08112822058314 12.746278665000714 232.64943847807857 34.249250584849506 73.038061214404053 0.21056806839624087 16.66234715464816 71.529114800050507 123.61501067279508 0.074474320012085538 7827.3238363133423
leaf_count=209 68 8233 188 96 141 844 5954 60 90 12781 11265 4011 16497 41 16123 256 301 60902 32082 53 24159 70698 302 292 27571 10974 9 12935 15733 80801 113112 2961 31101 8940 69170 85882 2697882 155476 90447 59623 124677 225590 493 16 284 7980 82 29 29 631 15639 58878 11327 120892 1447 20821 85 12264 112267 84697 5 1108852
internal_value=-0.000224005 -0.114346 -1.41359 -2.32244 -2.67296 -1.2594 -0.0415292 -1.34527 -1.69324 -0.000128278 -0.0332038 -1.13207 -0.0146603 -1.50827 0.0143874 -1.77865 -1.64158 -5.56136e-05 -0.0222396 -1.10808 3.71264e-05 -0.000134388 0.0112613 -7.37755e-05 0.0526442 -0.213717 -1.53558 5.06265e-05 0.0499257 0.00207437 -0.00752603 0.0405654 -0.0164475 -1.83756e-05 -0.0113894 0.000203149 -7.41409e-06 -0.0491634 0.0191672 0.00301984 -0.00800476 -0.0161082 -0.0813487 2.34927 -0.0787851 0.0508923 0.339262 2.30512 19.0754 0.774523 0.0140145 0.0225104 0.0166914 0.0069547 0.0652652 0.039805 0.0261254 -0.00620326 -0.00850443 -0.0348248 -0.074774 0.000177198
internal_weight=58457.8 48.9937 2.60015 0.377155 0.325767 2.223 46.3936 2.06926 0.838762 58408.8 128.038 2.1248 125.914 1.5566 99.9024 1.12115 1.03595 58280.8 242.628 1.2305 58038.2 57164.6 873.516 57136.6 158.691 3.25213 0.126577 56971.8 78.7115 714.825 494.775 77.4234 417.352 56893.1 1087.19 55805.9 55193.1 206.51 612.826 343.818 1038.25 758.946 100.037 0.0408276 49.2323 7.36103 2.29125 0.124708 0.01043 0.114278 279.306 244.081 294.586 245.396 49.1899 269.008 195.97 658.909 642.246 195.219 71.6036 54986.6
internal_count=5635248 15868 1681 446 237 1235 14187 391 278 5619380 48562 4677 43885 666 27388 625 557 5570818 92984 113 5477834 5198222 279612 5174063 38856 11285 311 5103365 16025 240756 159955 15742 144213 5087340 716631 4370709 4048092 241358 322617 211264 647461 560009 125186 509 68658 9035 1055 771 111 660 87452 74517 142606 132219 10387 111353 90532 434823 422559 196969 112272 3806734
is_linear=0
shrinkage=0.1


Tree=108
num_leaves=63
num_cat=0
split_feature=1 10 15 10 18 14 15 3 11 18 15 15 11 8 15 4 0 23 0 17 14 25 15 16 25 10 3 1 25 3 1 3 22 10 18 8 16 18 8 21 0 18 15 17 15 22 21 17 15 0 10 0 24 27 14 15 11 15 17 15 16 3
split_gain=45.0337 935.053 12786.3 39.0206 72.7489 16.7551 12.8996 11.8315 39.3994 43.9457 18.6245 24.388 17.9299 17.9244 15.2348 14.3282 14.0913 13.9079 13.4317 12.6084 12.4667 11.7277 11.3952 15.1497 15.4392 40.948 28.8795 10.5346 21.2168 10.2559 20.9517 27.2991 10.243 10.2391 60.463 10.9468 9.6761 9.35612 88.0993 64.6998 33.2593 25.4773 61.4408 55.0244 44.4864 91.7371 32.8633 24.3704 78.5638 30.5069 36.5009 23.074 31.2284 34.4433 30.3626 27.7617 26.6865 26.5746 25.542 22.0852 21.3715 24.4414
threshold=355.50000000000006 22.903981208801273 80.604629516601577 1.0000000180025095e-35 0.1695402339100838 9.5000000000000018 90.632698059082045 46.500000000000007 0.73214286565780651 0.62731480598449718 60.622179031372077 1.0000000180025095e-35 0.31666667759418493 48.52813911437989 97.68778228759767 1.0000000180025095e-35 0.5168128013610841 0.44949495792388922 0.35565750300884252 82.388591766357436 3.5000000000000004 1.5000000000000002 77.931629180908217 86.377086639404311 1.5000000000000002 74.464202880859389 74.500000000000014 19.500000000000004 1.5000000000000002 75.500000000000014 2.5000000000000004 117.50000000000001 6.5000000000000009 10.3913631439209 0.1695402339100838 11.215932846069338 98.441547393798842 0.98275861144065868 99.275363922119155 7.5000000000000009 0.48954343795776373 0.8834841549396516 98.048732757568374 99.80237197875978 97.067424774169936 12.500000000000002 16.500000000000004 99.014755249023452 73.980522155761733 0.91480755805969249 62.115564346313484 0.72551110386848461 3.5000000000000004 1.0000000180025095e-35 9.5000000000000018 69.49753570556642 0.81666666269302379 94.146202087402358 93.764953613281264 98.772960662841811 75.568477630615249 4.5000000000000009
decision_type=2 2 2 2 2 2 2 2 2 2 2 2 2 2 2 2 2 2 2 2 2 2 2 2 2 2 2 2 2 2 2 2 2 2 2 2 2 2 2 2 2 2 2 2 2 2 2 2 2 2 2 2 2 2 2 2 2 2 2 2 2 2
left_child=3 2 -2 4 -1 -6 -3 33 9 13 11 15 -11 -9 17 16 27 22 -12 -19 29 -18 -15 24 -24 26 -26 -10 -29 -17 31 -31 36 34 -5 -36 -14 41 39 -39 -41 47 43 -43 -45 -46 -44 51 -49 50 -50 52 59 -54 57 -55 -56 60 -59 -35 61 -53
right_child=1 6 -4 7 5 -7 -8 8 10 12 18 -13 32 14 -16 20 21 19 -20 -21 -22 -23 23 -25 25 -27 -28 28 -30 30 -32 -33 -34 37 35 -37 -38 38 -40 40 -42 42 46 44 45 -47 -48 48 49 -51 -52 54 53 55 56 -57 -58 58 -60 -61 -62 -63
leaf_value=-0.37285369613881403 -0.10005706367290568 -0.083507059787866558 -98.229645537460556 -0.36363851200593866 -0.00103168752689721 -0.13716747804684815 0.42363608802616559 -0.10572993289004989 -0.00018855678617796918 -0.0084989639813376466 -0.090744446201748513 -0.072922651630343172 0.27849428129963177 -0.057986896210634603 0.7858247114644149 -0.050104014060250328 0.11758652666203802 -0.046826124680694581 0.076610771281527407 0.12733240780676905 0.17206296009857414 -0.018577429008082815 -0.025898471023957412 -0.050611268379740615 0.23715258603015665 0.061569487722991992 1.5268930788385635 -0.046279150362397284 0.47715911001841038 0.42902537695196924 -0.039657470514455999 -0.056622129899089491 -0.033325618418044371 0.00082782441423159445 0.009791940757021559 -0.052216170697780208 0.086013744584642449 -0.0052758525735672355 0.064939833988486392 0.13812426555553067 0.019367440561158463 -0.020751289388344134 -0.10742867414026031 0.048104025034853733 -0.061832694623175734 0.053171917343292345 -0.01036930181341101 -0.094975052945029836 0.0059721249627352939 -0.031254215049158172 0.037444789440918717 0.015006339319081378 0.0029138881287764061 0.0051992825573475591 -0.035016805452170195 -0.079194550788641141 0.078519850567361715 0.079291610004802879 -0.014077725474465811 0.042939558212189137 0.0029232093440852832 -0.041030598891586285
leaf_weight=7.5752485315705362 0.19172396354646259 4.7901475149236479 0.014266482580296724 5.1590396108974224 33.125976092216661 12.434208603698719 0.56020974393686618 61.585572466265148 1667.7635898131412 86.84917228867198 5.3686589865246779 48.464059736055788 2.9683028720319333 184.93402803498975 0.22080306708812614 104.85174264200032 18.652239871909842 8.107190513241223 44.935761645421735 8.5311989732435887 2.8681763885542741 9.5712534298654663 1.450558738491962 4.9750361947881174 0.29156671702003212 1.2710575591772793 0.42915594048099592 1.7680340823717409 1.3778435690328477 2.6089738383889189 10.774686483666299 2.0804355274885893 6.3424354738090178 40195.878010779001 74.093253564194384 46.236098911083928 21.740721932321321 3574.4519072747207 228.78302879224066 24.078053009259747 1146.6909216683707 956.75833007629262 98.176865458459361 268.04811921459623 150.78145077585941 128.4483310895157 54.112368989124661 65.881494922025013 802.72355843198602 123.77779808887863 681.22301861771848 115.57713299745228 190.20889541139695 53.222845030675671 456.56134832294629 145.64035714766214 21.685646759113297 29.706811098949402 2131.8400953071978 124.92281353237922 3932.3732836491909 238.35668516371516
leaf_count=1678 2089 10120 81 4313 8224 5948 24 258330 123298 11828 57 11052 43 69748 2 1700 1031 470 2160 106 58 551 404 449 82 12 89 73 45 47 303 54 125 4440144 19366 20083 484 110626 199793 689 34707 32185 1173 4526 1563 1497 696 5517 32126 8391 30391 1193 5967 2564 10898 5385 492 4433 34261 1995 108183 1326
internal_value=-0.000268691 -0.284946 -6.89631 -0.000241619 -0.0858976 -0.0381856 -0.0304066 -0.000163653 -0.00717611 -0.0361679 -0.00129505 -0.00290964 0.0148189 -0.0582852 -0.0443852 -0.00104766 0.00133986 -0.0452582 0.0587501 0.0424722 -0.0339798 0.0714101 -0.0528076 0.0609833 0.222265 0.402996 1.00513 0.000156298 0.182978 -0.0388916 0.0371325 0.21357 0.0800378 0.000125371 -0.0284073 -0.0140344 0.109136 0.000189377 0.00432912 0.00140688 0.0218098 -0.00021464 -0.0124138 -0.00628519 0.0190046 -0.00892949 -0.0729409 0.000195133 0.0120557 0.0164416 0.02042 -0.000221568 0.000686229 -0.0275089 -0.00555737 -0.0566078 -0.0298686 -0.00375417 -0.0127945 0.000958296 0.000804801 -0.0227317
internal_weight=58434.9 5.55635 0.20599 58429.3 53.1354 45.5602 5.35036 58376.2 2310.78 389.697 1921.09 1870.78 117.901 271.796 210.211 1822.32 1699.13 209.99 50.3044 16.6384 123.184 28.2235 193.351 8.41738 3.44234 1.99178 0.720723 1670.91 3.14588 120.316 15.4641 4.68941 31.0515 56065.4 125.488 120.329 24.709 55939.9 4974 4745.22 1170.77 50965.9 1656.33 1504.04 547.278 279.23 152.289 49309.6 1673.61 1607.72 1483.95 47636 40709.9 389.072 6926.1 198.863 478.247 6447.85 2161.55 40320.8 4286.31 353.934
internal_count=5635248 12314 2170 5622934 15850 14172 10144 5607084 482601 342172 140429 138212 12480 329692 71362 127160 124998 71360 2217 576 2162 1582 70784 1036 587 183 171 123416 118 2104 404 101 652 5124483 43762 39449 527 5080721 345815 146022 35396 4734906 41640 39771 7586 3060 1869 4693266 76425 70908 62517 4616841 4456055 13916 160786 7949 11390 149396 38694 4442139 110702 2519
is_linear=0
shrinkage=0.1


Tree=109
num_leaves=63
num_cat=0
split_feature=10 16 14 1 8 22 16 0 2 3 8 16 15 15 21 16 14 17 4 22 16 15 2 22 16 15 17 25 27 22 17 1 17 21 10 0 2 21 1 0 21 17 10 2 21 17 6 6 6 27 2 14 14 3 3 16 17 11 8 1 2 0
split_gain=31.2971 48.9343 15.4632 11.3157 46.9871 32.5388 26.5446 23.2121 22.6582 20.9859 47.8121 25.8211 24.9555 38.2778 20.9204 49.3061 39.8648 29.4251 23.0909 41.3494 30.5605 21.422 20.669 19.4988 32.9689 18.3271 35.4616 18.3259 18.2406 17.5886 19.8288 18.5947 16.3428 16.0047 17.0625 23.6241 16.2227 32.9506 57.6811 24.6382 16.3718 16.9681 16.2041 15.8823 15.7443 21.3907 15.5485 18.8489 328.591 756.141 2550.62 3177.64 5398.24 2402.3 3740.91 14.644 21.4199 14.3727 14.7082 20.4631 20.7723 22.8643
threshold=1.0000000180025095e-35 55.705244064331062 3.5000000000000004 11.500000000000002 7.8461537361145028 11.500000000000002 55.705244064331062 0.48954343795776373 0.62940847873687755 13.500000000000002 93.788581848144545 96.168525695800795 1.0000000180025095e-35 68.096607208251967 5.5000000000000009 81.501609802246108 2.5000000000000004 99.80237197875978 1.0000000180025095e-35 5.5000000000000009 60.046947479248054 92.601715087890639 0.47737127542495733 5.5000000000000009 93.92008209228517 42.441171646118171 83.087757110595717 1.5000000000000002 -1.0000000180025095e-35 3.5000000000000004 72.021507263183608 22.500000000000004 70.29138565063478 16.500000000000004 19.139194488525394 0.31362821161746984 0.15206374228000644 13.500000000000002 20.500000000000004 0.14652930945158008 15.500000000000002 81.644729614257827 18.808961868286136 0.15743739157915118 12.500000000000002 62.532051086425788 38.507879257202156 34.178434371948249 34.330356597900398 -1.0000000180025095e-35 0.34300781786441809 8.5000000000000018 6.5000000000000009 39.500000000000007 66.500000000000014 94.146202087402358 97.156337738037124 0.93750000000000011 11.882352828979494 16.500000000000004 0.55444663763046276 0.19393234699964526
decision_type=2 2 2 2 2 2 2 2 2 2 2 2 2 2 2 2 2 2 2 2 2 2 2 2 2 2 2 2 2 2 2 2 2 2 2 2 2 2 2 2 2 2 2 2 2 2 2 2 2 2 2 2 2 2 2 2 2 2 2 2 2 2
left_child=1 -1 -3 -2 6 7 -5 9 -7 14 11 46 -12 -14 15 16 29 18 19 25 -21 -18 -15 24 28 26 33 -13 -17 31 -31 -6 -27 34 35 36 37 39 -39 -16 41 42 -38 -44 -8 -46 47 -11 49 50 -49 52 53 -52 -55 56 -25 58 59 60 61 -22
right_child=3 2 -4 4 5 8 44 -9 -10 10 12 27 13 22 17 23 21 -19 -20 20 57 -23 -24 55 -26 32 -28 -29 -30 30 -32 -33 -34 -35 -36 -37 40 38 -40 -41 -42 -43 43 -45 45 -47 -48 48 -50 -51 51 -53 -54 54 -56 -57 -58 -59 -60 -61 -62 -63
leaf_value=-0.29628806527942492 0.00039790054094851083 0.044940196344117236 -0.078182032805343749 -0.36939603823879008 0.031575371621821655 -0.080966698754330768 -0.083093370141178957 -0.025645559793823065 -0.003653107223835877 -0.08165405825878165 0.0049756456286740545 0.034348545066139317 -0.068829920529780847 0.013158042581683913 -0.10022576400930433 0.059704240573152781 -0.04865362846251492 -0.083099418805129416 -0.0015914407276798803 -0.059721947632145667 1.8122569545729537 1.0811832893107918 0.23353105470020197 0.03712244461653013 0.018774717497670911 0.069699038805500865 -0.067731601276663347 -0.074721648056959439 -0.024039695991252167 -0.051267594247618835 0.0069299364282095315 -0.036825410396141199 0.028849340381315064 0.11526911706807404 0.018374118932397755 2.9062412821446335 0.016409759900879992 -0.10015362687425589 10.591564497638419 1.8796323147560319 1.9805591894157719 1.9805838704507879 3.0134713993768347 0.5622216209242169 1.8383477321775992 -0.10202819209082921 -0.049205630696595511 -0.1000196630258926 -0.10150739204240905 -0.10005626311093721 -0.10007239045869401 -0.1002764595719014 -136.40797204645571 -149.4610608861378 -0.10000814164558443 -0.021920223627452065 0.5315366005926363 0.041922426713724807 -0.002303828021833263 0.041924309756221641 1.9009087563970697 0.26380976673693468
leaf_weight=8.5322431853000733 50452.211938386921 15.713059512648266 29.076525470810314 5.4547302293429878 167.6811910945753 90.680474334414612 4.1168390975091809 409.92575979530375 65.133768411827077 39.243935972352098 805.69192420814943 56.394027277798159 100.33661533182021 13.152299725741615 0.16689176341672673 27.606839740139435 402.31669786796192 37.157099079634008 1911.2838274018875 84.552653166893265 0.10451620296043707 0.16788379440549661 6.2920931299449867 238.45590629592635 439.18855167224319 144.20284778598898 47.072732929960466 21.194059854235093 449.53099852527384 124.89469757902498 110.20244221166558 52.089831440807757 305.25964600357202 17.940232200893661 637.13832975199341 0.03325587812832953 2.4486140086727519 0.010957713049720041 0.009352728838166513 0.10083021748778265 0.048043857095762976 0.048037789680165477 0.032089868251205078 0.14993361320921395 0.10295127934196546 0.12677401888052486 200.87796009485828 0.10696691725024721 8.9661577694732824 0.33405288184076032 0.012162692695710575 0.021516919900022913 0.0058690632759088581 0.0033475928903583521 0.0033599595262785442 47.360453068046183 0.87949913733609619 86.768424332956783 710.64131785131167 3.1037170989747001 0.099856042597821104 1.088504696147538
leaf_count=1919 2641365 3163 10786 849 7101 191050 5708 40581 7169 332863 77435 8331 43852 206 1368 6059 471979 4095 59118 255524 361 3 69 31916 27021 80706 3669 3952 93427 122697 39172 3531 97427 1365 170151 34 4012 92 20 61 34 35 17 376 63 140 134654 1166 72104 3771 112 150 64 57 54 3754 79 972 560771 4904 79 1685
internal_value=-0.000222481 -0.0768 -0.0349884 -0.000152479 -0.00367721 -0.00340463 -0.222492 -0.00249058 -0.0486479 -0.00119077 -0.0129719 -0.045831 -0.00135592 -0.0439444 0.00124856 -0.00693415 -0.0252587 0.00547455 0.00630727 0.0137039 -0.00254163 -0.0481824 0.0844695 0.00612516 -0.000996045 0.0261745 0.0161166 0.00455479 -0.0191943 -0.00497504 -0.0239873 0.0153631 0.0419553 0.0221138 0.0195033 0.255539 0.226299 0.940031 4.82326 0.645434 0.150905 0.118089 0.0840781 0.994365 -0.038135 0.76755 -0.061495 -0.112189 -0.238949 -2.76795 -8.58442 -28.2045 -52.648 -26.5968 -74.6428 0.0288857 0.0389393 0.00348819 -0.00117573 0.181165 0.515428 0.399464
internal_weight=58383.5 53.3218 44.7896 58330.2 7878.01 7868.21 9.80129 7712.4 155.814 7302.47 1252.64 327.163 925.473 119.781 6049.84 2060.37 857.353 3989.46 3952.3 2041.02 886.359 402.485 19.4444 1203.02 916.326 1154.66 705.199 77.5881 477.138 454.868 235.097 219.771 449.462 658.127 640.186 3.04801 3.01475 0.288032 0.0203104 0.267722 2.72672 2.67868 2.63064 0.182023 4.34656 0.229725 249.575 48.6974 9.45343 0.487276 0.153223 0.0462562 0.0247393 0.0188702 0.00670755 286.696 239.335 801.806 715.038 4.39659 1.29288 1.19302
internal_count=5635248 15868 13949 5619380 2978015 2971255 6760 2773036 198219 2732455 678840 557278 121562 44127 2053615 806739 644483 1246876 1242781 1183663 824296 471982 275 162256 126507 359367 181234 12283 99486 172501 161869 10632 178133 177565 176200 6049 6015 1541 112 1429 4474 4440 4405 393 5911 203 544995 410341 77478 5374 1603 437 287 223 111 35749 31995 568772 567800 7029 2125 2046
is_linear=0
shrinkage=0.1


Tree=110
num_leaves=63
num_cat=0
split_feature=10 16 6 9 10 14 3 9 26 17 27 24 21 23 22 11 0 17 16 22 26 16 25 22 24 25 17 8 23 16 23 9 4 0 21 17 16 17 26 16 25 22 21 23 16 16 14 0 23 9 16 16 22 22 23 11 5 0 16 25 16 14
split_gain=25.85 76.6959 33.9432 19.0367 9.81387 13.8286 9.32927 28.8072 10.2198 88.5775 40.0761 157.485 78.9848 68.2796 60.7865 63.9134 46.3197 38.054 48.7181 36.0333 44.0948 40.963 35.3405 34.8491 30.6024 30.3377 29.8596 25.5636 24.8825 24.4662 78.8303 43.4358 53.1722 42.5655 30.9423 28.0412 25.1375 76.5554 44.3703 28.8391 25.8738 24.5321 74.9917 41.931 36.0599 24.5841 24.2474 24.2246 24.2069 27.6311 26.8724 29.9266 23.6622 23.3206 23.4505 23.1968 22.9902 24.2174 23.9039 22.7914 47.7196 21.9393
threshold=10.3913631439209 55.705244064331062 10.084745883941652 29.708431243896488 1.0000000180025095e-35 7.5000000000000009 51.500000000000007 58.123168945312507 1.0000000180025095e-35 44.529912948608406 1.0000000180025095e-35 1.5000000000000002 7.5000000000000009 0.58571431040763866 4.5000000000000009 0.38750000298023229 0.83491453528404247 97.067424774169936 95.260559082031264 7.5000000000000009 1.5000000000000002 94.767265319824233 1.0000000180025095e-35 5.5000000000000009 2.5000000000000004 1.0000000180025095e-35 98.614311218261733 31.643132209777836 0.31666667759418493 97.68778228759767 -1.0000000180025095e-35 46.589147567749031 1.0000000180025095e-35 0.61124837398529064 11.500000000000002 64.310688018798842 91.813587188720717 92.071350097656264 1.5000000000000002 89.42132949829103 1.0000000180025095e-35 4.5000000000000009 4.5000000000000009 0.31666667759418493 58.554008483886726 63.665315628051765 10.500000000000002 0.43483147025108343 0.31666667759418493 97.825057983398452 97.22989654541017 98.441547393798842 4.5000000000000009 5.5000000000000009 0.44949495792388922 0.31666667759418493 1.0000000180025095e-35 0.63378906250000011 97.969490051269545 1.5000000000000002 93.764953613281264 10.500000000000002
decision_type=2 2 2 2 2 2 2 2 2 2 2 2 2 2 2 2 2 2 2 2 2 2 2 2 2 2 2 2 2 2 2 2 2 2 2 2 2 2 2 2 2 2 2 2 2 2 2 2 2 2 2 2 2 2 2 2 2 2 2 2 2 2
left_child=1 -1 3 4 5 -3 8 -8 -2 -10 13 12 14 16 -12 27 17 29 22 20 21 53 -19 -15 25 -13 28 47 -24 31 -31 32 -11 -32 36 -36 37 40 39 52 -33 42 -42 45 -43 -44 55 -16 50 -50 -20 -52 -39 -17 -55 -18 -51 -58 -59 -38 -61 -62
right_child=6 2 -4 -5 -6 -7 7 -9 9 10 11 24 -14 23 15 19 46 18 48 -21 -22 -23 26 -25 -26 -27 -28 -29 -30 30 33 34 -34 -35 35 -37 59 38 -40 -41 41 44 43 -45 -46 -47 -48 -49 49 56 51 -53 -54 54 -56 -57 57 58 -60 60 61 -63
leaf_value=-0.24703847410158941 0.0016688149919093121 0.016631054002500267 -0.12463018030105828 -0.10594737734444577 0.033368887350430351 -0.10340513447203792 -0.064431258829796792 -0.0043730318882416299 -0.076188921052361747 -0.063976692325316817 -0.086437116313049636 -0.0080826087079375608 -0.0240588932520516 0.093936465217463017 0.077956945972451397 0.063526971169871521 0.028006751499015371 -0.033568352996542122 0.012455450275285544 0.086402150921482054 0.093419647146105844 -0.035120018811167587 0.026526491323137259 0.015648366630843537 -0.067411262729498572 -0.050617592198839156 0.16914171876720713 -0.017252953711051164 0.085271423998969184 -0.033579233212102731 0.035777754543694328 0.019771584463438647 0.0053051420338315856 0.0035062320250449138 0.052626582028781524 0.0078498222779675372 -0.0074064125821628989 -0.012540309730861995 -0.02119148184191022 0.023823592115601783 -0.045895928992959321 -0.052547299286462894 0.065286137304999478 0.092562464757438664 -0.0048230315153694426 0.0064156304860203336 -0.066685864208778478 -0.013103896236249175 0.0057577970400301669 0.074900308443091645 -0.027813102136310663 0.0069909690271743111 0.075658415851255392 -0.014126679723581614 0.061422058148484462 -0.01712631171071903 0.11141966497157625 -0.01811241576482028 0.06168501634925172 -0.012193194130464435 0.031167314749485493 0.16981362732361582
leaf_weight=15.979174294129306 24496.379994945717 27.211021707953972 25.211667458516303 14.822400202013325 84.945209308499287 14.82687943894088 83.678253719357599 1752.4955375728096 156.11197068144611 248.65680569169126 51.208843986588136 311.99275463393315 601.16385443148647 58.494499047006229 64.287561368626484 160.06897245370783 122.87406584087148 51.120449230534177 841.78815356171617 155.61870519799413 95.985977976291906 107.43189638934564 198.8291581587473 2033.7493327005764 349.25887684750273 362.52795690553285 21.701161786000739 351.074799580123 113.12711647086689 353.3646869387303 762.67789536433702 490.40882700999009 199.77585048281617 880.64295005943859 160.67627383357444 1079.5012482528584 9318.3726478385724 35.336666826649889 168.01517936983146 672.53215748916409 159.99510496302264 162.92851210928075 90.150608920810555 94.752995736798766 5601.8628764088453 332.78649089337705 91.49530003304244 53.547813938548643 549.27759613103262 131.00698910583742 537.69328274905274 457.06889349042376 218.52556738191561 121.95179842191283 61.961486730375327 1555.3686690843897 25.728462800849229 117.33245722088031 55.200729907723144 458.71603040857735 379.87951570660516 11.766678693536958
leaf_count=7452 1699888 5506 17442 8878 18065 7087 227986 188138 481360 1838904 3185 10798 31404 1600 21399 4163 1058 929 21590 6355 4834 3017 9143 36589 10725 15954 417 22951 1831 3801 10448 25136 42288 9844 24466 44966 148454 1150 5176 14285 5476 139314 18892 1139 346725 12045 1736 2856 9103 1655 11399 6231 3164 1144 3279 14968 328 1344 888 8951 4613 1336
internal_value=-0.000213437 -0.037739 -0.0177145 0.00129406 0.0138121 -0.025706 -9.54056e-05 -0.00711001 0.000133192 -0.00104798 -0.000677834 -0.0119945 0.00562116 0.000439615 0.0202087 0.0248687 -0.000921079 0.000186466 0.010556 0.0439412 0.0318701 0.0187826 0.0438572 0.0178371 -0.0433843 -0.0309435 0.0557198 -0.00372587 0.0478296 -0.00128256 0.00926983 -0.00234216 -0.0331118 0.0184837 -0.00163224 0.0136511 -0.0026739 0.00150943 0.0260888 0.0346637 -0.00237061 -0.0040561 0.0139417 0.0324348 -0.00617185 0.0189641 -0.0165549 0.0365763 0.0058366 0.0194886 -0.00069408 -0.0118215 0.0633815 0.0356173 0.0113261 -0.0138219 0.042394 0.0209145 0.00741819 -0.00597626 0.00969558 0.0353328
internal_weight=58362.9 182.996 167.017 141.806 126.983 42.0379 58179.9 1836.17 56343.8 31847.4 31691.3 2848.08 1824.3 28843.2 1223.14 1171.93 26750.9 24981.2 3099.87 703.019 547.4 451.414 384.778 2092.24 1023.78 674.521 333.657 468.91 311.956 21881.3 1996.69 19884.6 448.433 1643.32 19436.2 1240.18 18196 8027.29 1094.41 926.394 6932.89 6442.48 677.685 517.69 5764.79 422.937 1769.74 117.835 2715.1 878.546 1836.55 994.762 253.862 343.982 183.913 1678.24 329.269 198.262 172.533 10168.7 850.362 391.646
internal_count=5635248 64430 56978 39536 30658 12593 5570818 416124 5154694 3454806 2973446 142064 104587 2831382 73183 69998 2793193 2775431 64858 22792 16437 11603 12320 38189 37477 26752 11391 47206 10974 2710573 24093 2686480 1881192 20292 805288 69432 735856 572502 23775 18599 548727 523591 37552 32076 486039 30937 17762 24255 52538 13318 39220 17630 4314 8586 4423 16026 4215 2560 2232 163354 14900 5949
is_linear=0
shrinkage=0.1


Tree=111
num_leaves=63
num_cat=0
split_feature=10 18 6 9 26 27 15 18 9 22 15 24 17 18 18 16 16 16 15 6 21 16 17 15 17 17 21 16 16 7 21 22 21 17 18 22 26 6 17 17 21 22 18 16 7 22 2 17 16 11 0 15 21 15 17 26 7 16 22 21 15 17
split_gain=21.3309 60.3903 29.9371 16.4004 8.90644 52.2678 37.3693 29.9676 26.1887 21.2587 23.2425 19.2196 28.6606 22.5658 21.9848 18.8316 18.7642 17.246 22.6334 20.7046 17.7821 39.7974 15.6934 14.7288 23.9202 15.4554 14.2699 14.8542 13.8656 14.4873 13.3956 15.3871 19.6408 28.7248 16.0049 12.7226 12.3842 15.7209 17.1236 12.2854 12.0193 37.5511 14.6043 12.237 11.9954 11.9481 15.8202 16.0876 11.9455 16.5458 17.6778 11.8482 11.7148 13.4438 20.4802 15.7904 20.5168 17.4094 11.3476 13.6479 11.174 11.6427
threshold=10.3913631439209 0.1695402339100838 10.084745883941652 29.708431243896488 1.5000000000000002 1.0000000180025095e-35 98.425098419189467 0.43874999880790716 62.622549057006843 8.5000000000000018 91.442928314208999 1.0000000180025095e-35 71.71112442016603 0.5577777922153474 0.11882352828979494 93.03940582275392 94.297328948974624 92.009387969970717 55.938131332397468 48.331480026245124 12.500000000000002 85.631710052490249 84.458244323730483 81.422252655029311 84.635734558105483 96.984848022460952 7.5000000000000009 93.367176055908217 97.68778228759767 81.120250701904311 5.5000000000000009 8.5000000000000018 7.5000000000000009 87.817783355712905 0.77097901701927196 5.5000000000000009 2.5000000000000004 96.590469360351577 80.604629516601577 51.693037033081062 9.5000000000000018 10.500000000000002 0.81534090638160717 98.830371856689467 92.990501403808608 4.5000000000000009 0.28067171573638922 84.870288848876967 78.283874511718764 0.11805555596947671 0.16699429601430896 46.388406753540046 6.5000000000000009 88.473194122314467 91.239036560058608 2.5000000000000004 83.414241790771499 91.239036560058608 15.500000000000002 14.500000000000002 85.324008941650405 93.364780426025405
decision_type=2 2 2 2 2 2 2 2 2 2 2 2 2 2 2 2 2 2 2 2 2 2 2 2 2 2 2 2 2 2 2 2 2 2 2 2 2 2 2 2 2 2 2 2 2 2 2 2 2 2 2 2 2 2 2 2 2 2 2 2 2 2
left_child=1 -1 3 -3 -2 6 8 35 -6 10 15 12 39 14 -14 -9 23 19 26 20 -13 -22 48 45 -25 -26 27 -19 29 -17 -20 32 33 -32 -34 -7 37 -11 -39 -10 -33 42 -42 58 -45 46 -16 -48 49 50 51 -21 53 54 -15 60 57 -57 59 -43 61 -56
right_child=4 2 -4 -5 5 7 -8 9 11 36 -12 17 13 52 16 28 -18 18 30 22 21 -23 -24 24 25 -27 -28 -29 -30 -31 31 40 34 -35 -36 -37 -38 38 -40 -41 41 43 -44 44 -46 -47 47 -49 -50 -51 -52 -53 -54 -55 55 56 -58 -59 -60 -61 -62 -63
leaf_value=-0.21859894183162179 0.0002047131421158385 0.012397322913018141 -0.12084612110791189 -0.10190790930625034 -0.044290672658546026 -0.16329866519894587 0.099847980407900758 0.037152831380143893 -0.079723108999022241 -0.022455724472610423 0.014711358933286635 0.076273535412910612 0.32549683315463757 -0.042989662268198815 -0.010726279094538771 0.21497229442914551 -0.063564174890513248 0.026119073542703694 -0.11282952392999751 0.65845299298992566 0.17427479131510604 1.7266136100822731 -0.059693209693971828 0.068502467505880613 -0.013381239039361293 0.14458810256014309 -0.014687680683937526 0.24304964825718534 0.061085252925042036 0.10324193663398369 0.086951493735857546 -0.048333819787820108 0.15721602031817078 -0.052662601964094516 -0.0027053378051689783 -0.020781947120412307 0.07381547880536439 -0.49028594263101671 -0.10111823891995186 -0.018993811822022987 0.147364074832248 -0.024591234937517508 -0.0085685188083012825 0.050799498911175717 -0.091672206278284721 0.0037423771070836526 0.04997257625810439 0.21960745380185842 -0.0054574007338942512 -0.060688212956435741 -0.0034757486823250995 0.12384838704908951 0.004263263183988366 -0.050370839061262565 0.0041348691408428636 0.69321160637424251 0.076311334406295658 0.14496712426327979 -0.075549023137523652 0.10424032995304924 -0.015226648427809342 0.18250229438378751
leaf_weight=16.220143739791837 54963.559892614314 126.89138544904644 23.493753876017763 13.930242190449361 217.09789989212049 8.5254123476151999 30.774848443339579 66.035008864693737 36.694320607378131 22.770904715041983 94.521056174402474 5.9993334885548384 2.341524096554962 63.692705679539358 17.784411822132824 17.546399428247241 26.655944657337386 5.189863400533798 12.58939915767405 0.83352386793558142 0.67404984628228692 0.21874687192030251 174.50292874756269 136.12612512164924 74.075718269836216 6.7585718281334257 7.4835763877927084 8.0565366819500905 37.247097840590868 34.272061218041927 23.183793545118533 93.46891941461945 17.41653955494985 40.445877878577448 9.7678148257546145 23.613370151238996 9.2317347293519543 1.5633577103726555 4.0847903043031693 361.31198873440007 20.282694127468858 151.51647613517707 8.5332077646162379 37.253536262083799 7.0238200153689823 329.5161998452794 14.8249061766619 8.9753129214514029 171.52475212459103 86.05579356092494 3.518393270263914 0.82476397382561117 329.56779456393269 110.58431955741253 7.8310024928941839 1.1130809775786468 9.5167965693399292 1.2076074204524045 42.823420494183665 8.694672334531786 37.887446213309886 6.8698414255632088
leaf_count=6358 4661819 31332 17656 9084 674123 2153 482 3843 141945 2781 4742 923 77 991 570 483 329 46 155 66 154 55 2325 1230 1699 61 84 93 2159 406 245 1162 129 539 143 15491 713 81 79 20618 185 1953 134 249 188 8969 411 164 2056 4992 225 45 4577 2077 111 56 129 62 552 117 502 70
internal_value=-0.000195635 -0.0345158 -0.0163443 0.00109011 -8.89029e-05 -0.00531415 -0.00973239 0.0329892 -0.0109639 0.0432344 0.0537993 -0.00809421 -0.00137444 0.00642174 0.0196627 0.0776202 0.0184978 -0.0194386 -0.00657705 -0.0337357 0.138238 0.554618 -0.0364464 0.0222175 0.0429155 -0.000173389 0.095696 0.158057 0.107624 0.141075 -0.0110593 -0.00827654 0.0286037 -0.0017935 0.0997535 -0.0585872 -0.0268104 -0.059498 -0.208836 -0.0245928 -0.0173384 -0.00684652 0.101188 -0.0194343 0.0281989 0.0101167 0.0606263 0.113944 -0.0210076 -0.0502433 0.12339 0.392563 -0.00795602 -0.0248267 -0.00277853 0.0369751 0.141323 0.407924 -0.0298221 -0.0175995 0.0134867 0.0874876
internal_weight=58232.6 180.536 164.315 140.822 58052.1 3088.5 2769.09 319.411 2738.32 287.272 249.622 2521.22 1583.34 1185.33 617.059 155.101 614.717 937.882 493.73 444.152 6.89213 0.892797 437.26 588.061 216.96 80.8343 20.73 13.2464 89.0656 51.8185 473 460.411 90.814 63.6297 27.1844 32.1388 37.6508 28.4191 5.64815 398.006 369.597 276.128 28.8159 247.312 44.2774 371.101 41.5846 23.8002 262.757 91.2325 5.17668 1.65829 568.271 238.703 128.118 64.4258 11.8375 2.32069 203.035 160.211 52.5883 14.7008
internal_count=5635248 64430 58072 40416 5570818 908999 876068 32931 875586 15287 11633 201463 184648 22085 13510 6891 13433 16815 5974 10841 1132 209 9709 13104 2990 1760 223 139 3048 889 5751 5596 1056 784 272 17644 3654 2941 160 162563 4540 3378 319 3059 437 10114 1145 575 7384 5328 336 111 8575 3998 1921 930 247 118 2622 2070 683 181
is_linear=0
shrinkage=0.1


Tree=112
num_leaves=63
num_cat=0
split_feature=10 18 14 1 14 22 18 0 18 21 10 22 18 1 1 4 25 27 14 10 11 15 8 22 4 14 9 1 15 20 18 3 0 3 0 23 14 9 8 10 9 18 7 21 15 14 23 1 8 3 23 4 9 10 7 15 1 7 21 15 9 25
split_gain=18.8712 22.1085 13.0113 9.2453 29.7662 26.2911 24.3176 23.2762 17.5906 40.2125 34.4493 32.2653 20.4757 19.4848 20.123 26.1294 19.2374 20.0731 18.0957 18.0895 17.8001 16.9435 16.8453 16.5774 14.6634 21.4563 16.5684 45.1494 14.6235 14.4044 18.0991 15.3254 14.3423 13.8743 13.6104 13.0734 13.0013 12.9918 28.0115 30.6167 65.5212 155.322 366.515 30.4182 26.5839 28.8694 20.2844 15.3603 12.8086 13.071 12.7631 12.6986 17.9811 25.6941 15.8225 12.2731 13.009 12.1032 16.6757 11.5711 11.3035 33.4189
threshold=1.0000000180025095e-35 0.27429467439651495 9.5000000000000018 13.500000000000002 19.500000000000004 10.500000000000002 0.50806450843811046 0.53297358751297008 0.27429467439651495 5.5000000000000009 19.836065292358402 2.5000000000000004 0.15894736349582675 19.500000000000004 21.500000000000004 1.0000000180025095e-35 1.0000000180025095e-35 1.0000000180025095e-35 3.5000000000000004 53.001201629638679 0.44949495792388922 60.622179031372077 41.421361923217781 5.5000000000000009 1.0000000180025095e-35 6.5000000000000009 60.943256378173835 20.500000000000004 78.958660125732436 1.0000000180025095e-35 0.054093567654490478 6.5000000000000009 0.30922038853168493 2.5000000000000004 0.37021939456462866 0.31666667759418493 7.5000000000000009 48.074073791503913 20.761494636535648 29.459980010986332 30.094339370727543 0.58957219123840343 17.712418556213382 15.500000000000002 90.632698059082045 7.5000000000000009 0.63068181276321422 22.500000000000004 91.476997375488295 21.500000000000004 0.15476191043853763 1.0000000180025095e-35 51.925926208496101 62.115564346313484 91.331184387207045 61.570917129516609 20.500000000000004 54.653680801391609 4.5000000000000009 98.253242492675795 23.764705657958988 1.0000000180025095e-35
decision_type=2 2 2 2 2 2 2 2 2 2 2 2 2 2 2 2 2 2 2 2 2 2 2 2 2 2 2 2 2 2 2 2 2 2 2 2 2 2 2 2 2 2 2 2 2 2 2 2 2 2 2 2 2 2 2 2 2 2 2 2 2 2
left_child=1 -1 -3 -2 5 7 -7 8 9 11 12 18 -11 29 15 36 17 19 -5 22 33 -13 -10 24 25 -24 27 -27 -6 30 -12 -32 -30 -19 50 -21 -15 38 39 -18 41 42 -41 44 46 47 -42 -46 49 -31 -17 54 55 -54 -35 -53 -57 -23 -59 -39 61 -16
right_child=3 2 -4 4 28 6 -8 -9 16 10 13 21 -14 14 60 34 37 20 -20 35 -22 57 23 -25 -26 26 -28 -29 32 48 31 -33 -34 51 -36 -37 -38 59 -40 40 43 -43 -44 -45 45 -47 -48 -49 -50 -51 -52 52 53 -55 -56 56 -58 58 -60 -61 -62 -63
leaf_value=-0.19225450736788019 0.0003227382573082282 0.0039070104514017804 -0.12372824879072858 -0.00069609986055858505 -0.087341077645146481 -0.096852393093621647 -0.015143727495748516 -0.039586887616514924 0.038221906375926172 -0.25928778155348925 -0.10517403093420528 -0.084583908744260028 -0.038282589623735291 0.063235233350043843 -0.10292005644170038 -0.023246772674783589 0.025619741937380727 0.080917642706723636 -0.038412172701020979 -0.01558389380902038 0.051114680646484827 -0.10617377215789983 0.1442581344997394 0.076773650809212973 0.10564381460041326 0.21482546455711451 0.3427521541538186 1.5106797486256163 0.06432197037661945 -0.013712618499585808 -0.00014673474993622776 -0.052814123229445335 -0.05725163635485872 0.016502394138072248 0.07908830305809153 0.053379997920311922 0.0021498921989802351 0.0010268058540217658 -0.043853522208316932 30.156614845928715 0.024563502404106343 -0.10083617443130835 -0.10001969615662164 3.7148478704256949 2.6446051069735805 -0.10066071916417739 1.2495693507051726 0.91832980810054288 0.0064296322566807593 -0.096004658629591413 0.027852422655746657 -0.03307751531144093 -0.082710415528870415 0.0032001268112105811 -0.12128881334243327 0.064779988512252834 -0.011704038343915771 0.30595079123105173 -0.0055724919626601276 0.093607845142260587 -0.0018753680002345668 -4.3874257602904185
leaf_weight=10.197949491632498 51633.110605600581 31.698439153897198 10.677176607526887 335.46087888798979 62.464825780346608 54.589105103927068 109.45776071217915 158.70268868016319 47.868729957695905 7.8828803253904871 27.242605921354482 123.46321570543907 8.9536818976866943 181.23853124680525 0.084431416275150606 131.38534443719254 46.147259319828407 21.87642975813651 204.9177732595939 57.346255131968064 86.264980297593866 11.99106151591141 4.0311277186010539 25.271163232577237 7.0750161687610671 0.58911512110353237 2.6748600262217224 0.49460148730577203 15.77238657840614 108.52381807565598 153.0830067196336 86.450324960446778 25.220276703845393 324.8514990942349 21.629683547653258 52.79417685768567 43.135352631523432 2349.1265826753884 164.76621728815806 0.0066101171287294971 1.5848291663514835 0.031246178863511886 0.010153077399081667 0.026198508046945679 0.10928382066776965 0.12372953364683781 0.14777551725273941 0.097558146044320893 535.47612084858702 23.47718654280834 77.837797320047684 44.385430428053951 72.152420961530879 67.270254753064364 8.5530248507857305 50.571630633319728 39.692701922031119 1.7946192074123235 40.415807930352457 13.577973890234714 483.52419244200564 0.023209367191157071
leaf_count=5407 3081102 6104 4357 29240 108772 206437 25364 12606 30209 13067 86523 315809 29886 42362 60 2952 88354 468 30157 960 5015 83684 354 2022 93 66 48 74 10225 27380 67231 119930 11969 38322 243 862 20468 154662 682587 35 4802 16 94 11 77 89 11 41 37930 17347 2543 1495 804 2055 214 601 813 54 1678 188 218744 175
internal_value=-0.000179569 -0.0600649 -0.0282526 -0.000125432 -0.00367256 -0.00281509 -0.0423335 -0.00177886 -0.000794811 -0.00700771 0.000646104 -0.0271532 -0.141757 0.0019261 0.0121003 0.0271903 0.00384857 0.0163145 -0.0149985 0.0444814 0.00851551 -0.0641224 0.0782834 0.126063 0.20986 0.304515 0.476392 0.806245 -0.0568846 -0.00829821 -0.0279391 -0.019155 -0.0104748 0.00267648 0.00357085 0.0174729 0.0514917 -0.0005738 -0.0242246 0.0427571 0.412761 4.0653 11.8309 0.328834 0.285837 1.10762 0.129045 1.8304 -0.000448181 -0.0283488 -0.00423621 -0.000141136 -0.0160876 -0.0412593 0.0129676 0.00997629 0.031147 -0.0175141 0.00767224 0.00155885 -0.00210347 -1.02674
internal_weight=58209.4 52.5736 42.3756 58156.8 6523.72 6420.26 164.047 6256.21 6097.51 2607.99 1889.95 718.043 16.8366 1873.11 938.859 455.227 3489.52 913.763 540.379 198.145 715.618 177.665 88.0046 40.1359 14.8647 7.7897 3.75858 1.08372 103.457 934.253 266.776 239.533 40.9927 629.353 230.853 110.14 224.374 2575.76 213.051 48.2846 2.13738 0.0480094 0.0167632 2.08937 2.06318 0.330572 1.7326 0.206842 667.477 132.001 209.223 607.477 274.072 139.423 333.405 134.65 90.2643 54.2015 42.2104 2362.7 483.632 0.107641
internal_count=5635248 15868 10461 5619380 2538278 2407312 231801 2175511 2162905 1147463 686841 460622 42953 643888 287547 68568 1015442 84475 59397 34688 49787 401225 32866 2657 635 542 188 140 130966 356341 273684 187161 22194 44772 5738 1822 62830 930967 776117 93530 5176 145 129 5031 5020 207 4813 118 82657 44727 5495 44304 5768 2859 38536 2909 1414 85416 1732 154850 218979 235
is_linear=0
shrinkage=0.1


Tree=113
num_leaves=63
num_cat=0
split_feature=10 18 14 9 16 9 9 9 4 11 5 2 18 21 14 6 8 10 3 14 16 1 2 8 22 2 9 3 21 24 16 7 10 1 9 5 11 9 0 16 10 6 14 21 22 22 22 8 14 10 2 0 10 16 0 2 1 11 14 21 0 2
split_gain=15.5489 18.6576 11.3601 10.2875 76.8765 44.7107 39.4604 36.2975 33.6962 30.0256 27.1076 44.5934 40.3749 41.4966 26.9936 25.6509 28.5682 24.4076 22.0998 26.5808 26.5348 24.8965 59.2312 23.5214 19.6008 19.3019 19.0276 19.3905 20.7921 32.5061 16.9517 25.0818 3697.44 16.7677 16.3103 15.9731 26.0864 33.8783 36.2957 28.1297 23.0157 28.6101 26.2562 35.9982 26.745 22.1413 21.4515 20.7406 22.7845 21.1563 20.3511 44.7471 32.1932 32.1652 44.9596 65.0781 47.7286 26.7878 51.4797 26.7091 26.7032 37.7884
threshold=1.0000000180025095e-35 0.30901856720447546 9.5000000000000018 42.740047454833991 69.399761199951186 42.967033386230476 40.289855957031257 43.951219558715827 1.0000000180025095e-35 0.2264957278966904 1.0000000180025095e-35 0.64417582750320446 0.94281044602394115 7.5000000000000009 3.5000000000000004 19.139194488525394 16.807909011840824 34.330356597900398 6.5000000000000009 14.500000000000002 99.760765075683608 21.500000000000004 0.29049532115459448 12.632978916168215 8.5000000000000018 0.86158844828605663 28.869047164916996 7.5000000000000009 6.5000000000000009 1.0000000180025095e-35 77.807807922363295 17.467581748962406 29.459980010986332 21.500000000000004 41.444372177124031 1.0000000180025095e-35 0.18333333730697635 91.476997375488295 0.26004643738269811 63.185165405273445 94.826045989990249 79.277816772460952 10.500000000000002 6.5000000000000009 13.500000000000002 5.5000000000000009 8.5000000000000018 52.704679489135749 12.500000000000002 71.010189056396499 0.7506278157234193 0.60060089826583873 35.388994216918952 64.01581192016603 0.72551110386848461 0.84802827239036571 1.0000000180025095e-35 0.2264957278966904 5.5000000000000009 6.5000000000000009 0.86401242017745983 0.92946019768714916
decision_type=2 2 2 2 2 2 2 2 2 2 2 2 2 2 2 2 2 2 2 2 2 2 2 2 2 2 2 2 2 2 2 2 2 2 2 2 2 2 2 2 2 2 2 2 2 2 2 2 2 2 2 2 2 2 2 2 2 2 2 2 2 2
left_child=1 -1 -3 4 8 -5 9 -7 -2 10 11 24 14 17 -12 -9 -17 -14 20 30 33 26 -23 -24 -6 -15 27 28 29 -21 31 32 -20 -16 -8 36 37 38 39 -18 41 42 43 45 47 -40 -41 48 -44 -49 51 52 -38 -52 56 59 -55 58 -54 -56 -57 -62
right_child=3 2 -4 5 6 7 34 15 -10 -11 12 -13 13 25 18 16 35 -19 19 21 -22 22 23 -25 -26 -27 -28 -29 -30 -31 -32 -33 -34 -35 -36 -37 50 -39 40 46 -42 -43 44 -45 -46 -47 -48 49 -50 -51 53 -53 57 54 55 60 -58 -59 -60 -61 61 -63
leaf_value=-0.17665882458032184 -0.13904314580538565 0.0041982419567326359 -0.11760458472203217 0.039527141398108805 0.01267762618499782 -0.0618635161882954 -0.088665395124429808 -0.045355060196358273 -0.017126682650747266 0.14916453627356405 -0.032189049418770481 -0.02562317451934042 0.0028412228223017961 0.091271770343755276 0.040459251228440997 0.076026959852264528 -0.027945193665478082 0.095640992443419448 -0.11627360213226162 0.323414904588049 -0.014279979458387408 4.1424945626022271 1.5776486981070708 -0.10279504951973412 -0.041669700771843309 0.036269948184585968 0.0038466485379033584 0.1049968399861381 0.25585067532004024 2.1076407095505796 -0.034203764684351504 -0.10039364835657456 -62.256822816295141 -0.035795812563779762 -0.027486423847175707 -0.0016163360039352808 0.1011502899770564 0.074754853632850074 -0.026007439207176554 0.04990182283851477 0.10715532423627988 -0.05026575621099523 -0.036648781177726512 0.018664297036458579 -0.073907115145280131 0.011558050771224187 -0.029583500715911044 -0.066987177652925181 0.011162212731408147 0.12781935434992414 -0.012812557905033595 -0.01370465217698138 -0.093589612208468453 -0.0080614183470157832 -0.001684367512831388 0.013517635891590517 0.022327682491628611 0.0011218136725946932 0.026462109695160076 -0.033196599794646613 -0.038198816180521754 0.0052169655500537227
leaf_weight=10.138092599984132 60.327803160352637 31.527835766824865 10.113444563041069 287.19836334011779 693.01455808131254 94.780628812783107 55.540157183991937 123.99869562598178 36.318017571470186 13.418924681758652 282.73758418745388 868.36481609029045 532.84180028125411 95.217285931663355 291.80231028468341 49.613714454913861 64.512652364626206 29.934267000702675 1.1888218599139868 0.23439036146558112 188.363169492819 0.04713618890673299 0.1183023516532557 0.28147389481635082 73.389370775566363 193.39540984245832 33.608125861378063 8.3955763958516219 0.97558389251844346 0.18092839854216436 169.42034231233194 4.3717180174830901 0.0096530060591230038 31.998223974133737 202.31141984767521 26830.964378092889 31.928469056319955 78.268273480731295 355.89149745799392 387.09507863753583 21.586497808777494 95.762333388440311 126.15133497628779 1602.5387207997937 61.966858218036577 280.61502190380082 37.217999937420132 75.545936663122802 474.90910914442577 6.0189993304666123 952.29424167196339 2547.258341368688 83.131328791343549 655.04772104986478 448.03814142553529 2227.6616045150586 2449.2502883678753 12015.222310817893 62.628591058946768 672.96315785509069 268.26864493178437 793.32511175930267
leaf_count=6482 763918 5500 3886 120998 485620 107322 57976 42507 20262 131 208439 58099 16119 2736 121955 6618 84690 1275 7240 162 8192 79 72 615 127819 2594 31743 4522 157 50 133430 55641 76 76350 126892 1587342 6502 9723 70435 98104 5910 2103 23493 87061 3005 35526 34477 1895 68130 208 13046 44949 6805 12250 15069 57914 42944 584494 7498 12532 12680 100986
internal_value=-0.000228405 -0.0550028 -0.0253841 -0.000179615 -0.00516238 0.00017556 -0.00290544 -3.383e-05 -0.0932288 -0.00013423 -0.000706656 -0.010107 0.00753268 0.0235873 -0.00595086 7.49356e-05 0.000179729 0.00777728 0.00419766 -0.0224026 0.0155631 0.0472268 0.78979 0.394484 0.00747343 0.0544158 0.0395793 0.16229 0.508117 1.10069 -0.0398473 -0.211498 -0.616779 0.0329237 -0.0406641 0.000109662 0.00183282 0.00966932 0.00825027 0.0335762 0.00425801 0.0035367 0.00526354 0.0106732 -0.0110038 -0.00944604 0.0429299 -0.00529356 0.00112758 -0.0526116 0.000594195 -0.00165017 0.000868166 0.00450148 0.00669563 0.00020615 0.0159152 0.000604877 -0.042007 -0.0206019 0.00729768 -0.00575436
internal_weight=58181.2 51.7794 41.6413 58129.5 3867.81 54261.7 3771.16 53974.5 96.6458 3513.31 3499.89 1634.77 1865.12 851.389 1013.73 53879.7 53755.7 562.776 730.996 218.832 512.164 43.8415 0.446912 0.399776 766.404 288.613 43.3946 9.78648 1.3909 0.415319 174.991 5.57019 1.19847 323.801 257.852 53706.1 26875.1 3668.08 3589.81 488.826 3100.99 3079.4 2983.64 2239.05 744.592 636.507 424.313 682.625 601.06 81.5649 23207 14740.2 12192.9 8466.85 7514.55 4410.26 3104.3 12161 145.76 1121 3289.26 1061.59
internal_count=5635248 15868 9386 5619380 2312164 3307216 1527984 3186218 784180 1343116 1342985 671538 671447 22724 648723 3078896 3036389 17394 440284 233787 206497 37400 766 687 613439 5330 36634 4891 369 212 196387 62957 7316 198305 184868 3029771 1442429 524760 515037 217271 297766 291856 289753 193022 96731 105961 132581 93726 91623 2103 917669 650248 605299 267421 254375 199181 55194 598797 14303 27601 171580 113666
is_linear=0
shrinkage=0.1


Tree=114
num_leaves=63
num_cat=0
split_feature=10 18 6 9 0 3 0 15 17 18 26 18 8 22 17 9 15 16 2 9 6 10 17 15 18 0 26 16 23 23 4 10 14 6 16 3 11 3 25 23 17 5 9 6 9 2 8 6 22 15 18 15 15 14 18 16 22 0 26 15 8 23
split_gain=13.4379 36.9644 27.2163 14.4858 9.39402 8.63101 11.8229 12.1642 18.1011 14.5739 9.48946 8.23915 78.8637 48.3241 30.6245 26.6809 54.262 44.8242 43.7998 30.2706 28.4753 33.6584 26.3014 56.9491 42.4479 36.3402 26.8551 30.266 30.2362 27.7474 26.0818 25.4842 24.3436 27.6927 72.0447 30.7694 26.5713 24.6528 24.1931 26.7139 23.9095 31.8355 23.8364 23.7741 49.6405 128.036 217.169 29.639 23.7339 35.0602 28.5928 32.6881 25.0355 22.5823 22.1371 22.5576 26.0631 41.9726 38.8498 90.6836 53.7032 28.7687
threshold=10.3913631439209 0.2828571498394013 10.084745883941652 30.368906021118168 0.69151422381401073 1.5000000000000002 0.47210127115249639 42.441171646118171 81.644729614257827 0.4220647811889649 1.0000000180025095e-35 0.98275861144065868 99.275363922119155 7.5000000000000009 95.84293365478517 42.206478118896491 96.162029266357436 69.399761199951186 0.82469150424003612 42.967033386230476 16.108108520507816 16.53005409240723 99.80237197875978 73.980522155761733 0.82480818033218395 0.95763123035430919 1.5000000000000002 96.787097930908217 0.80909091234207164 -1.0000000180025095e-35 1.0000000180025095e-35 60.943256378173835 18.500000000000004 48.331480026245124 84.870288848876967 18.500000000000004 0.31666667759418493 9.5000000000000018 1.0000000180025095e-35 0.58571431040763866 86.192878723144545 1.0000000180025095e-35 97.01425933837892 30.0684928894043 28.869047164916996 0.38219055533409124 30.267793655395511 46.709957122802741 10.500000000000002 96.437637329101577 0.86811593174934398 89.296943664550795 98.048732757568374 15.500000000000002 0.91106721758842479 98.369518280029311 9.5000000000000018 0.86401242017745983 1.0000000180025095e-35 94.76178359985353 97.726097106933608 0.19090909510850909
decision_type=2 2 2 2 2 2 2 2 2 2 2 2 2 2 2 2 2 2 2 2 2 2 2 2 2 2 2 2 2 2 2 2 2 2 2 2 2 2 2 2 2 2 2 2 2 2 2 2 2 2 2 2 2 2 2 2 2 2 2 2 2 2
left_child=1 -1 3 4 -3 6 7 8 -2 -9 -11 15 13 -13 42 16 17 30 20 -17 -19 -22 24 -24 32 31 27 29 54 -26 -7 -25 33 34 36 40 37 53 39 48 41 -36 -15 -23 45 46 -45 -46 49 50 51 -33 -50 -21 55 -29 58 -58 60 -60 61 -57
right_child=5 2 -4 -5 -6 11 -8 9 -10 10 -12 12 -14 14 -16 19 -18 18 -20 22 21 43 23 25 26 -27 -28 28 -30 -31 -32 38 -34 -35 35 -37 -38 -39 -40 -41 -42 -43 -44 44 47 -47 -48 -49 52 -51 -52 -53 -54 -55 -56 56 57 -59 59 -61 -62 -63
leaf_value=-0.16229305996559057 0.0038986229176510958 0.037342457063078878 -0.11649478161949529 -0.097252856297377357 -0.018781460527022179 -0.13798880194157251 0.077065039780441033 0.090966859305138925 -0.13137092545870552 0.028092935326303654 -0.10661610730434548 -0.0047219376369280336 0.062829938846257094 0.04652598148110184 0.0081266333897398943 0.039693274648155891 0.0324182877663418 0.02853214855775504 -0.048225274954862112 -0.026993667566904481 -0.094466626533302234 -0.0021577326180790327 -0.094948114983073512 0.0025538956104621414 0.15961548853613605 -0.059697504570230236 0.023361230925773711 -0.038121580359082058 0.0014396756291364565 0.016718457561166751 -0.021043790897199668 0.075727073220776459 -0.029629147335551994 -0.00025578625480578892 0.058548303146875404 -0.038502939892289575 0.028863881510665702 -0.082025982266882569 0.060416641192793732 0.04663734050001514 0.013828349167795793 0.015742523330211259 -0.18881529849530171 -19.705724819081592 -0.032773330193165272 -0.1022594156101469 -0.10016036814643543 2.9979091810799936 0.040985459011468585 -0.066525449839922396 0.074390341689138356 -0.041948725159671553 -0.064999070624400343 0.055516055110028523 -0.04968208452088848 0.037395192490625229 0.0065750467871899853 -0.05144166737962174 -0.055488185120026151 -0.43113717582814515 0.07585523651080997 -0.043865628989061704
leaf_weight=18.302982256438156 87.347150952809898 74.013681157777981 21.602518193007199 12.739089423605135 49.950474915996892 46.812836058773527 31.587101570563391 32.364513368462212 11.155914451577699 18.664095706481024 7.2648375425487748 3586.699917603255 215.79392128711333 343.57151653416804 813.17060177886742 190.67419259052986 255.13281643058872 197.41075148596133 307.1082049337947 362.41026525979248 47.788956450770456 1099.5967371175689 48.362033728775714 633.86474255057692 15.941159086010883 62.417791860527359 203.65433169711469 442.82956992887193 733.16903365025064 92.078179360134527 32.181358574881543 31.065849565551616 273.2037919848517 42896.324513765707 370.5343498223466 81.264538593650286 94.093740381178577 74.732208255372825 189.43330061477536 258.44153273027041 902.78694310990261 327.13596224249704 4.3583218760322771 0.010201139252727809 320.34348582198851 0.062525085739252972 0.012663510051424964 0.032271989675790702 214.25243878236506 84.790535485488363 51.538552741403691 98.298326043994166 24.875753968954086 36.512898231863232 255.84750287176576 53.150499915645923 797.4899345782469 147.81014759547543 154.90027430071495 6.704496680526062 58.261193512065802 241.62655774265295
leaf_count=21387 1414 22476 13160 6687 720 741298 717 648 193 478 70 110814 200448 11093 24283 141879 22385 70682 20690 400957 38985 784969 2263 14283 191 3319 6731 5963 54909 2522 19410 561 126495 1608385 38626 49372 25074 263955 23001 7758 125207 39741 90 57 501320 70 56 35 2187 889 610 1283 277 34198 2770 2076 8214 1932 1805 80 13780 9320
internal_value=-0.000204025 -0.0277463 -0.0121902 0.00429249 0.0147277 -0.000120115 0.0212498 0.0100056 -0.0114213 0.0462124 -0.0096502 -0.000189788 0.00370549 0.00101821 0.0187498 -0.000555855 -0.0110737 -0.0164829 -0.0135247 -7.5571e-05 -0.00712514 -0.0119207 -0.000226265 0.0120101 -0.000653421 0.0151471 -0.0117789 -0.0141645 -0.0161059 0.0378068 -0.0903467 0.0180916 0.000131274 0.000311372 0.0111268 0.0215251 -0.0196738 -0.0293161 0.0284294 0.0204905 0.0245731 0.0384768 0.043578 -0.00914279 -0.0331106 -2.44389 -8.84725 -0.032468 0.00710471 -0.0134656 0.011404 -0.0136898 0.0299602 -0.0194417 -0.0220651 -0.0183518 -0.0123552 -0.00249663 -0.0304635 -0.0710727 -0.0118744 -0.0292137
internal_weight=58145.6 176.609 158.306 136.703 123.964 57968.9 188.384 156.797 98.5031 58.2934 25.9289 57780.6 4963.59 4747.8 1161.1 52817 2306.49 2051.36 1972.37 50510.5 1665.26 1467.85 50319.8 1697.34 48622.5 1648.98 3203.46 2999.81 2891.79 108.019 78.9942 1586.56 45419 45145.8 2249.47 1681.72 567.749 473.655 952.696 763.263 1600.46 697.67 347.93 1420.06 320.461 0.0853897 0.0228646 320.376 504.821 265.693 180.903 129.364 239.128 398.923 2158.62 1902.77 1459.94 945.3 514.643 161.605 353.038 294.777
internal_count=5635248 64430 43043 29883 23196 5570818 3520 2803 1607 1196 548 5567298 346728 146280 35466 5220570 2199957 2177572 1416864 3020613 1396174 1325492 2878734 56431 2822303 54168 110293 103562 100849 2713 760708 50849 2712010 2585515 977130 252946 724184 699110 36566 13565 203574 78367 11183 1286507 501538 183 113 501355 5807 3343 2454 1844 2464 435155 45940 43170 37207 10146 27061 1885 25176 11396
is_linear=0
shrinkage=0.1


Tree=115
num_leaves=63
num_cat=0
split_feature=10 18 1 8 16 17 22 15 22 3 2 0 15 24 21 6 0 10 15 17 15 0 16 22 21 1 15 17 1 0 6 21 18 17 10 1 2 0 18 16 18 11 16 10 2 3 21 3 6 0 0 26 0 1 3 3 18 1 21 0 23 3
split_gain=11.7216 13.5696 9.79395 28.7404 40.9933 99.0926 38.1914 511.779 19.7727 27.0109 19.3035 16.0983 32.1351 17.897 21.1915 16.7115 14.5842 13.8399 121.089 13.0039 26.705 13.2051 12.7794 21.5815 17.9452 32.4713 16.4651 80.144 12.6988 17.5527 23.5379 18.5452 25.8762 22.0156 18.5754 54.1029 158.05 19.2483 39.7695 18.2744 16.6186 15.3069 16.1117 15.535 15.2399 14.4921 13.6609 21.6026 43.1943 13.1767 13.0353 12.7991 12.2584 19.5485 25.3919 12.1946 13.0891 31.8204 11.851 13.4877 11.7672 23.2588
threshold=1.0000000180025095e-35 0.32738095521926885 13.500000000000002 35.388994216918952 58.082538604736335 84.870288848876967 18.500000000000004 52.784828186035163 7.5000000000000009 2.5000000000000004 0.9008869230747224 0.28136256337165838 80.604629516601577 1.5000000000000002 16.500000000000004 28.147006988525394 0.88044953346252453 17.519181251525882 84.389335632324233 98.614311218261733 86.214557647705092 0.3499187976121903 70.897583007812514 4.5000000000000009 6.5000000000000009 20.500000000000004 65.860961914062514 69.586528778076186 19.500000000000004 0.21124088764190677 95.180023193359389 6.5000000000000009 0.35857143998146063 67.93662261962892 34.851621627807624 53.500000000000007 0.23304471373558047 0.21593528985977176 0.47913043200969702 99.760765075683608 0.63961037993431102 0.31666667759418493 88.94705963134767 46.265329360961921 0.21367943286895755 5.5000000000000009 11.500000000000002 127.50000000000001 82.426471710205092 0.21469595283269885 0.23125829547643664 1.5000000000000002 0.14072539657354358 18.500000000000004 8.5000000000000018 8.5000000000000018 0.79583334922790538 18.500000000000004 12.500000000000002 0.39230790734291082 -1.0000000180025095e-35 2.5000000000000004
decision_type=2 2 2 2 2 2 2 2 2 2 2 2 2 2 2 2 2 2 2 2 2 2 2 2 2 2 2 2 2 2 2 2 2 2 2 2 2 2 2 2 2 2 2 2 2 2 2 2 2 2 2 2 2 2 2 2 2 2 2 2 2 2
left_child=1 -1 -2 4 5 6 -4 -8 11 -10 17 12 13 55 22 -16 -11 18 -5 28 -21 -22 23 24 25 -15 -25 -28 44 30 -30 32 -31 34 35 37 -37 38 -33 -38 45 42 -34 -43 46 49 -19 -48 -49 -35 -47 -32 53 -46 -55 60 -57 -58 -36 -60 61 -6
right_child=2 -3 3 10 8 -7 7 -9 9 16 -12 -13 -14 14 15 -17 -18 19 -20 20 21 -23 -24 26 -26 -27 27 -29 29 31 51 33 41 40 58 36 39 -39 -40 -41 -42 43 -44 -45 52 50 47 48 -50 -51 -52 -53 -54 54 -56 56 57 -59 59 -61 -62 -63
leaf_value=-0.15718054908522172 0.00031823112566389897 -0.023694979401001192 -0.12040153351039223 0.10857786963307181 0.52344212405121304 9.7664943054995526 -0.10001353349587216 -55.14017796585869 2.6886877170220487 -0.057727654966505886 -0.11243192861396843 -0.028801969352634901 0.065534143149089716 1.8804557026816147 0.06859192076040202 0.91465082770005335 1.4436177076091528 -0.039293851146551505 6.8199278310598448 -0.14583768537433889 0.073659704667782919 -0.037151835916815805 0.014270405431077941 -0.064141003790174275 0.28565432929173146 -0.10230987521276952 4.8614359667743168 -0.10122359591244057 0.019404928066943196 -0.029377045867316168 -0.0081004928789940832 -0.10026138007362453 -0.067568666073556882 -0.12395031080108439 0.019941720373698381 11.041863468360035 -0.1004284577348775 0.11423799397567524 3.3250423516156289 2.7011398707097349 0.037527278241088764 0.1551361972683053 -0.0020306829571584088 0.0054248972000076759 0.15178403151403053 0.19424371536337978 0.0059832612163779955 0.10331283875998727 2.2616766737038536 -0.017430608024249072 0.019409445572546431 -0.079912709899560577 -0.0032129410920232887 2.9019683927558209 -0.10018466476978689 -0.10762505441351236 -0.10685611058247205 0.8949740628256766 0.054408633806949651 0.2183098829519925 -0.024165350463873098 0.033768436905033103
leaf_weight=9.3255288482616887 51553.418988182762 41.530027650740287 40.327557976569089 0.38518681096229457 1.0353514730652875 0.010134763550012305 0.02407470203786588 0.001816854708527548 0.035845359263588672 108.48923336355028 15.621830148547813 248.59202042477159 69.127392424464915 0.20127279796368069 0.44967506316424888 0.48554176806283067 0.064741201698779061 226.77477856720679 0.028900430359499296 18.775582068523363 14.633427350941927 40.565008744597435 57.421704756889085 2.9008257247514853 2.1243923791571433 0.14007954448243254 0.040300413301070759 0.16903250380403106 981.83498158514794 429.4821999051178 147.11925458826227 0.080921550093136729 61.403744776413276 12.089002564081055 266.61016439023484 0.017948519955098052 0.06711512702077016 1.8018256174509586 0.058329144070739858 0.035650823265314102 78.606681897206727 7.0001503219828001 96.400071679721833 702.53364455688279 0.39286831494155094 4.6661038216734587 72.924340820263751 0.3436440020777799 0.12698266858933493 294.97581130952869 49.545954054418871 29.855434109842463 2139.0431960974233 0.06660120966444083 0.048826890091731912 24.125918572375216 1.0463256848452136 0.45487093919655297 45.460321102500529 5.6441519485961171 163.6067059540872 15.369111932730437
leaf_count=6623 3081102 9245 261919 758 46 20 666 75 14 316608 471 361683 53008 59 45 61 20 119149 51 958 888 2308 4357 1629 252 79 53 214 216468 120287 15240 352 41691 740 25413 40 685 3534 12 1 3227 176 16432 9685 475 424 23908 161 22 24032 4674 11149 424735 66 78 158384 206 57 1663 68 284740 24062
internal_value=-0.000184434 -0.0481726 -0.000142382 -0.0038062 -0.0224079 -0.120383 -0.122867 -3.96228 -0.0167249 -0.055926 -0.00142233 -0.00947667 0.00470738 -0.0108907 0.0353202 0.507845 -0.0568323 -0.00111965 0.576984 -0.00116144 -0.0428172 -0.00777505 0.0283054 0.17284 0.393794 1.0668 -0.00233238 0.854179 -0.000616534 0.00351133 0.0133541 -0.002035 -0.00930314 0.0103725 0.030339 0.329526 2.38366 0.20178 1.33453 0.871471 -0.0041423 0.000636917 -0.0275325 0.00690193 -0.00605661 -0.0132088 -0.0271574 0.0103416 0.685674 -0.0216242 0.0344577 -0.0202151 -0.00309626 0.487932 1.63204 -0.0252576 -0.0897979 0.196704 0.0283974 0.0725104 -0.0160694 0.0646737
internal_weight=58085.5 50.8556 58034.7 6481.26 736.244 40.3636 40.3534 0.0258916 695.88 108.59 5745.02 587.291 338.699 269.571 63.9328 0.935217 108.554 5729.4 0.414087 5728.98 73.974 55.1984 62.9976 5.5759 2.46574 0.341352 3.11016 0.209333 5655.01 3215.29 1158.81 2056.48 1296.82 759.66 319.776 2.06179 0.120714 1.94108 0.139251 0.102766 439.884 867.338 157.804 709.534 2439.72 361.277 300.17 73.395 0.470627 307.065 54.2121 176.975 2139.55 0.508296 0.115428 205.638 25.6271 1.5012 317.715 51.1045 180.011 16.4045
internal_count=5635248 15868 5619380 2538278 1468257 262680 262660 741 1205577 316642 1070021 888935 527252 474244 6749 106 316628 1069550 809 1068741 4154 3196 6643 2286 390 138 1896 267 1064587 495993 242857 253136 188271 64865 31768 4624 726 3898 364 686 33097 67984 58123 9861 568594 29870 143240 24091 183 24772 5098 26389 425354 619 144 467495 158647 263 27144 1731 308848 24108
is_linear=0
shrinkage=0.1


Tree=116
num_leaves=63
num_cat=0
split_feature=1 6 17 24 15 11 15 17 0 17 15 23 6 21 10 6 18 9 8 6 10 9 9 6 10 6 10 9 9 10 9 8 6 10 8 18 1 10 0 0 8 0 21 11 9 23 8 15 18 6 10 10 21 9 8 18 1 1 21 6 0 9
split_gain=19.1107 33.9033 29.2776 24.1672 18.0758 15.5792 14.5638 13.0389 13.5398 23.2682 12.7321 11.4011 13.4994 94.821 11.1376 44.5445 42.4745 34.7852 19.293 17.3555 126.815 21.8816 21.5241 20.0104 92.4979 29.2744 58.7601 48.7535 27.6315 32.9202 30.3617 954.442 23.1196 50.4967 36.8712 149.912 302.577 37.3645 27.6199 26.3548 22.8896 20.5593 20.4832 23.0225 20.8032 44.2553 259.91 442.689 417.703 20.395 41.7461 38.9465 31.7396 28.1338 25.457 64.2863 146.631 436.742 938.461 25.7906 25.1059 24.7741
threshold=53.500000000000007 42.94755935668946 67.806350708007827 3.5000000000000004 65.58258438110353 0.44949495792388922 98.253242492675795 65.465366363525405 0.20631533861160281 90.49356842041017 26.719160079956058 0.21111111342906955 42.179391860961921 9.5000000000000018 14.907407283782961 14.415584564208986 0.2709790319204331 31.311274528503422 12.632978916168215 20.169491767883304 21.680376052856449 47.722568511962898 24.121212005615238 25.176055908203129 26.36544227600098 28.743545532226566 30.471628189086918 41.101057052612312 50.373134613037116 30.0684928894043 30.094339370727543 19.139194488525394 27.072835922241214 27.639257431030277 15.535444736480715 0.45227272808551794 11.500000000000002 28.370221138000492 0.67998474836349498 0.69151422381401073 27.518593788146976 0.86401242017745983 6.5000000000000009 0.31666667759418493 41.223155975341804 0.10555555671453477 36.032787322998054 68.096607208251967 0.45227272808551794 30.860805511474613 32.305501937866218 32.757078170776374 6.5000000000000009 58.123168945312507 14.907407283782961 0.50806450843811046 6.5000000000000009 11.500000000000002 14.500000000000002 29.459980010986332 0.57938244938850414 65.419578552246108
decision_type=2 2 2 2 2 2 2 2 2 2 2 2 2 2 2 2 2 2 2 2 2 2 2 2 2 2 2 2 2 2 2 2 2 2 2 2 2 2 2 2 2 2 2 2 2 2 2 2 2 2 2 2 2 2 2 2 2 2 2 2 2 2
left_child=14 2 11 5 -3 6 10 -6 -9 -10 -4 12 -2 -14 15 16 -1 -18 -19 21 -21 22 -16 -22 40 28 27 -27 29 32 31 -31 33 39 35 36 -34 -36 -39 -26 -25 -35 43 -29 45 46 -44 48 -48 50 53 52 -51 54 55 56 -28 -58 -59 -56 -61 -52
right_child=1 4 3 -5 7 -7 -8 8 9 -11 -12 -13 13 -15 19 -17 17 18 -20 20 23 -23 -24 24 25 26 49 42 -30 30 -32 -33 34 41 37 -37 -38 38 -40 -41 -42 -43 44 -45 -46 -47 47 -49 -50 51 61 -53 -54 -55 59 -57 57 58 -60 60 -62 -63
leaf_value=-0.14483856468504155 -0.27651636145952146 -0.036820823039016688 1.263571472415977 2.4247787409485406 0.47439349616053428 1.5639291822014623 1.4550875418614684 0.089908857573921197 -0.061133192160583695 0.09433587854389347 -0.056093931636967381 -0.10628803341950009 -0.10004824546113129 10.359825971598015 -0.024339740475017902 -0.084480575983928621 0.019621349057808799 -0.096059863946740376 0.00025927725743160959 -0.075127838912655912 0.013513201744772533 -0.031319804143938028 0.02430013583974526 -0.09098186980854496 0.1067024299546071 -0.08836385757826698 -0.11612156860617701 -0.071086348598198831 -0.042934049187644478 -10.865650535423413 -0.012699081857686362 0.037771574860620799 -0.10767883386005744 -0.008604357685067926 -0.10227282006006155 0.17362008723493461 -9.5416029848436494 0.10495471265579454 0.034045680584326721 0.01643964274228538 -0.031913150764123994 -0.1688828302731008 -0.10213011934445329 0.12493705856739037 0.0088559075608005845 0.12166535690438843 -0.10001469605130076 -0.10056695084462719 29.723012514362217 -0.083325029553056706 -0.041738476140931229 0.00010410367667249335 -0.011200830451804865 -0.12121195782705126 -0.0080220906915814214 0.045577136002439206 -0.10320519980145015 -31.986722903553783 -0.10232238129222765 0.13442018531563291 0.05078419010748312 0.10157409764014824
leaf_weight=19.917484648215066 10.965161950199633 87.90246140294019 0.073273478656374347 0.039595572809047463 0.66120843039243382 0.059906001086345806 0.064149482524952783 22.901911710232525 26.994218523920324 14.962600354439926 32.6320055553144 7.5212534265306941 0.092715333767046881 0.0095603173649578821 103.42793306484646 77.895255117328929 323.20266640897347 46.104209840769727 37.883527986293757 225.26171951874858 1083.2658635792977 98.479789886544609 755.85316186292982 122.23510384145317 71.419105036167707 134.7302166357893 0.23624467279527961 66.670724100613143 64.013530336547774 0.083606895530351166 130.92753730797676 2.0194084140584891 0.094910329378749103 167.64132419992711 13.009059373978429 0.45942122265114449 0.052973466361079691 118.63060602482847 102.30108597832805 59.128663782481453 141.59772062216092 8.4043170866207202 0.17182792359471821 6.5831317404517895 131.8681076981033 0.83081663897064573 0.007226942449960915 0.027473906682644156 0.013412318930932088 98.901472750303981 97.239614051681713 53190.821077302055 159.2811074248653 8.9459895936834055 40.39875180890246 0.95290981777361594 0.076095659405837068 0.015680521424072724 0.022444442683990928 56.995519426726389 96.93105927308352 13.770470446248508
leaf_count=33146 58007 40708 41 24 32 4 8 1279 4042 620 147491 36655 686 38 26610 51649 52585 15372 9992 206832 347372 25070 185889 106837 29248 215618 30 67072 11519 77 85288 1246 40 95613 16098 50 105 63342 1349 726 187731 143 867 690 60394 500 145 86 15 114057 71495 3090957 90067 1509 29325 48 37 119 3 45809 1788 1053
internal_value=-0.000258073 -0.0307455 -0.100987 -0.0442615 -0.0071868 -0.0472394 -0.0501848 0.0325706 0.0280664 -0.00568996 -0.0531373 -0.201289 -0.26585 0.877699 -0.000150153 -0.014936 -0.00225257 0.00472194 -0.0526141 -2.00085e-05 -0.000246624 0.0133285 0.0184456 5.35658e-05 -0.000211015 7.31446e-05 -0.000196718 -0.0415827 0.0198528 0.0258145 -0.0187538 -0.395702 0.0367708 0.018692 0.0604029 -0.717773 -3.48701 0.062423 0.0721207 0.0658199 -0.05928 -0.016256 -0.0110121 -0.0534702 0.0123874 0.455577 1.71691 8.21332 19.2803 6.56966e-05 0.0254126 -8.39621e-05 -0.0388293 0.0522046 0.0601349 -0.380336 -1.53839 -4.48009 -13.2161 0.0630892 0.0817527 -0.023961
internal_weight=58083.7 204.88 51.4576 32.8689 153.422 32.8293 32.7694 65.5199 64.8587 41.9568 32.7053 18.5887 11.0674 0.102276 57878.8 505.003 427.108 407.19 83.9877 57373.8 56416 957.761 859.281 56190.8 55107.5 54843.7 54105.5 340.903 738.186 674.172 133.031 2.10302 541.141 306.593 234.548 0.607305 0.147884 233.941 220.932 130.548 263.833 176.046 206.173 73.2539 132.919 1.05076 0.219941 0.0481132 0.0206393 53764.6 315.585 53449 258.183 204.575 195.629 1.30338 0.350465 0.114221 0.038125 194.325 153.927 111.01
internal_count=5635248 289635 242954 147568 46681 147544 147540 5973 5941 4662 147532 95386 58731 724 5345613 162744 111095 77949 25364 5182869 4945300 237569 212499 4738468 4391096 4096528 3791684 345387 304844 293325 86611 1323 206714 125730 80984 195 145 80789 64691 29974 294568 95756 129769 67762 62007 1613 1113 246 160 3446297 151216 3295081 204124 78668 77159 237 189 159 122 76922 47597 72548
is_linear=0
shrinkage=0.1


Tree=117
num_leaves=63
num_cat=0
split_feature=11 10 16 10 6 21 23 6 8 11 22 18 22 6 8 6 14 8 9 7 11 14 6 11 9 23 10 10 21 8 22 24 22 22 7 7 23 14 8 24 7 9 9 3 10 6 9 8 14 14 17 10 10 8 7 4 6 8 16 9 22 18
split_gain=10.9954 77.1444 57.1567 105.967 79.6436 58.0475 56.1593 66.276 47.9883 63.0764 43.754 47.38 46.1535 41.0266 47.7522 42.2339 69.4738 59.1556 100.871 93.8119 53.5892 42.4637 85.2245 57.5093 80.5241 50.0411 71.8091 45.25 40.6412 38.8889 38.611 37.8665 37.5043 35.4834 34.3722 42.7337 34.7444 47.6025 79.1857 62.9244 58.0017 34.0722 33.8307 32.4544 32.2735 47.2872 32.2658 48.6962 32.302 129.281 44.3459 31.9577 31.3439 29.0956 44.8245 28.83 28.5298 28.4268 29.8389 30.3638 29.7417 28.074
threshold=0.44949495792388922 98.213714599609389 79.324596405029311 72.281322479248061 90.366767883300795 5.5000000000000009 0.26136364042758947 43.288288116455085 90.645832061767592 0.34848485887050634 3.5000000000000004 0.44722221791744238 9.5000000000000018 63.224515914916999 79.118217468261733 73.499401092529311 3.5000000000000004 90.054946899414077 89.725547790527358 83.75235748291017 0.61250001192092907 5.5000000000000009 86.70682525634767 0.93750000000000011 89.725547790527358 0.84523808956146251 85.053192138671889 81.302967071533217 6.5000000000000009 82.097072601318374 7.5000000000000009 1.5000000000000002 3.5000000000000004 3.5000000000000004 87.298336029052749 70.678733825683608 0.38750000298023229 2.5000000000000004 87.226108551025405 1.5000000000000002 80.901721954345717 88.273490905761733 80.982517242431655 10.500000000000002 74.464202880859389 76.50690078735353 91.945945739746108 92.031745910644545 9.5000000000000018 5.5000000000000009 57.795139312744148 89.699382781982436 84.680576324462905 82.972846984863295 67.068271636962905 1.0000000180025095e-35 79.118217468261733 72.821968078613295 55.193569183349616 84.273937225341811 8.5000000000000018 0.26201373338699346
decision_type=2 2 2 2 2 2 2 2 2 2 2 2 2 2 2 2 2 2 2 2 2 2 2 2 2 2 2 2 2 2 2 2 2 2 2 2 2 2 2 2 2 2 2 2 2 2 2 2 2 2 2 2 2 2 2 2 2 2 2 2 2 2
left_child=1 2 3 5 8 -1 7 55 9 10 31 12 -12 29 28 16 -16 18 19 32 46 22 30 24 -23 -24 -27 -26 -15 61 -22 -4 42 -30 35 -20 -37 38 -38 40 -40 -6 -17 -5 -34 -46 -19 -48 49 -49 -51 -13 -11 56 -55 -7 -47 58 59 -8 -60 -2
right_child=13 -3 4 43 41 6 57 -9 -10 52 11 51 -14 14 15 17 -18 20 34 -21 21 23 25 -25 27 26 -28 -29 33 -31 -32 -33 44 -35 -36 36 37 -39 39 -41 -42 -43 -44 -45 45 53 47 48 -50 50 -52 -53 -54 54 -56 -57 -58 -59 60 -61 -62 -63
leaf_value=-0.065416756340693508 -0.016817524838570089 0.10286501988826871 -0.050817659806695697 0.040055990708613327 -0.06153451906824467 -0.12270694214679288 -0.057067469914842829 -0.020736475183395067 0.058905425467583719 -0.049102608733563473 0.026480645596322669 0.00057209065318092323 -0.066942649219254316 -0.005546001051360723 0.04258517428574219 0.25377467208966092 0.0034682202247876093 0.03933434897744234 0.012062602296655005 0.039257099552119423 0.022605171434733045 -0.11096355390799387 -0.00020125920501766291 0.025911280059285387 -1.8299872613399814e-05 -3.6039638592884544 0.043998164740302437 -0.019859051317730546 0.030408826039890126 0.008304435189425332 0.078237322071226981 0.024548458510834155 -0.0757986316499243 -0.071832516782144792 -0.00053529345727024809 -0.061064810468483867 -0.097216157817733323 -0.067952127834593742 -0.3843350629148774 -0.12300988061058966 -0.91118374449910622 -0.017063686757688473 0.011161339214611404 -0.067328105888534218 0.079794531830070597 -0.059860417253580392 -0.045058853438402761 0.010339741371488007 -0.029273786867965029 0.039767084720225165 0.17308403274594775 0.091918272871264708 0.053549390110077012 0.061090783983856728 -0.065814093143915106 -0.019682041552992788 0.016685990245402148 -0.07855695793953979 0.029805218685703627 0.28885082286395469 -0.060406909338983995 0.06508004401595327
leaf_weight=372.49758071045699 50.570367597367294 69.622164921747753 276.92580678516424 312.54311744109145 198.60702199977823 115.44427979537369 77.54603207531278 401.2265178047121 142.47371209907578 339.2009231140255 1089.4050964163323 14437.014154064211 55.578176976187251 371.58285213586714 609.83158948284472 5.9288184574397738 1777.2486902660858 480.99755864439794 59.53096050786553 375.83182755966118 678.07290713332259 80.624470035359991 24161.302668515942 440.31620288722115 2250.1671239946299 0.053971747751346721 267.76995489411638 2349.9275459704586 39.874298802897101 785.51499295616304 152.88373223860617 87.803172239888227 131.3425839590891 228.26386056078263 96.157383015470259 276.33330291040693 25.781100067310035 54.046940456260927 8.3202432813122886 6.3998990543186656 2.7904493361711493 1299.9786474716384 187.97145846483909 30.929708157505956 43.185217805712455 66.834044937193539 147.31574460216143 1031.1465808909343 142.29434750292421 38.95277819351395 69.410928182653151 38.401547019602731 32.604464316740632 31.405687387097714 244.65959046937132 35.518854453374786 179.36414498884187 39.061825262906495 371.52023961699626 2.6233624655933445 40.53282317950908 242.90799815149512
leaf_count=793890 11035 24324 29219 16484 2180 1067690 100674 170196 7437 7831 349606 1188923 79330 27637 23299 217 101734 12299 4532 10316 32308 3036 652897 14665 114843 6 255656 139543 3479 47100 5290 1887 7674 6768 3438 20613 560 941 137 83 62 15075 20581 8813 1435 3334 6805 28931 12281 3674 2067 2436 643 1175 11267 15944 7641 932 106374 73 41643 4285
internal_value=-0.000306006 -0.00221406 -0.0025836 -0.0195767 -0.000884623 -0.0313632 -0.0196556 -0.0419872 0.00112017 0.000616845 0.00156392 0.00236336 0.0219458 0.000686519 0.000127686 0.000602726 0.0134615 -0.000297758 -0.0179624 -0.00264052 0.000684667 -0.0003368 0.00134653 -0.00864 -0.0118902 0.000275253 0.043263 -0.0101538 -0.0269571 0.0199086 0.0328407 -0.0326744 -0.0203194 -0.0566284 -0.054621 -0.0666263 -0.0791625 -0.13054 -0.208677 -0.372781 -0.516653 -0.0229574 0.0185796 0.0303861 -0.0311441 -0.0207717 0.0169315 0.00939136 0.0156492 0.0212589 0.125161 0.000814421 -0.0401008 -0.0290874 -0.0513772 -0.0984671 -0.00409363 0.00355479 0.010071 -0.0457481 0.0209312 0.050968
internal_weight=58060 19867.1 19797.4 1799.44 17998 1455.97 1083.47 552.19 16499.4 16356.9 15985.1 15620.4 1144.98 38192.9 37113.9 36474.2 2387.08 34087.1 1795.88 1266.52 32291.2 30381.1 25260.1 5121.04 4680.72 24429.1 267.824 4600.09 639.721 1078.99 830.957 364.729 890.692 268.138 529.36 433.203 373.672 97.3386 43.2917 17.5106 11.1107 1498.59 193.9 343.473 696.791 565.449 1910.12 1429.12 1281.8 1139.51 108.364 14475.4 371.805 522.263 276.065 150.963 246.198 531.284 492.222 80.1694 412.053 293.478
internal_count=5635248 4031604 4007280 2322713 1684567 2297416 1503526 1253830 1667312 1659875 1651401 1620295 428936 1603644 1541224 1503340 125033 1378307 94006 63640 1284301 1218244 946157 272087 257422 908559 255662 254386 37884 62420 37598 31106 53324 10247 30366 26928 22396 1783 842 282 199 17255 20798 25297 32526 24852 66057 53758 46953 34672 5741 1191359 8474 23417 12442 1083634 10975 249696 248764 100747 148017 15320
is_linear=0
shrinkage=0.1


Tree=118
num_leaves=63
num_cat=0
split_feature=1 6 17 6 15 17 4 24 9 18 6 10 9 9 9 10 9 8 9 9 27 18 6 2 6 1 7 6 7 9 2 22 18 9 3 8 10 6 10 1 27 15 10 18 15 6 25 2 9 9 26 25 17 1 17 10 8 22 17 2 4 3
split_gain=32.65 63.3099 59.3441 17.6586 15.1543 13.3372 13.097 10.1108 9.4657 48.7795 31.4977 67.3145 22.3617 20.3816 35.6968 25.5979 22.307 20.9226 19.5396 58.6674 32.2801 234.238 1542.92 9613.22 42.5998 195.985 1071.34 4149.89 16.806 20.0751 14.7583 18.1376 14.6918 133.218 19.4363 30.9503 224.817 1149.45 3430.04 11548.9 15.9025 24.8227 47.3065 140.657 55.3127 108.096 25.4788 18.7546 13.9755 67.7587 16.9788 142.999 505.221 103.727 439.758 16.5642 13.6217 13.4262 17.6992 14.5847 47.0699 118.193
threshold=53.500000000000007 42.94755935668946 67.806350708007827 42.179391860961921 42.891986846923835 66.04639053344728 1.0000000180025095e-35 4.5000000000000009 35.948717117309577 0.17519181966781619 19.139194488525394 20.126582145690922 35.388994216918952 37.590579986572273 39.173061370849616 17.712418556213382 38.165266036987312 14.415584564208986 37.394067764282234 36.51515197753907 -1.0000000180025095e-35 0.28801843523979193 34.178434371948249 0.34786775708198553 34.178434371948249 9.5000000000000018 34.330356597900398 34.851621627807624 16.784037590026859 42.020372390747077 0.69381573796272289 11.500000000000002 0.55277779698371898 20.256410598754886 4.5000000000000009 17.192117691040043 29.459980010986332 29.818989753723148 31.139970779418949 12.500000000000002 -1.0000000180025095e-35 50.114154815673835 30.471628189086918 0.4220647811889649 49.87309646606446 23.166368484497074 2.5000000000000004 0.46766896545886999 40.289855957031257 41.444372177124031 2.5000000000000004 3.5000000000000004 77.563388824462905 38.500000000000007 59.65881538391114 44.25611877441407 21.132376670837406 4.5000000000000009 64.624767303466811 0.4808648973703385 1.0000000180025095e-35 7.5000000000000009
decision_type=2 2 2 2 2 2 2 2 2 2 2 2 2 2 2 2 2 2 2 2 2 2 2 2 2 2 2 2 2 2 2 2 2 2 2 2 2 2 2 2 2 2 2 2 2 2 2 2 2 2 2 2 2 2 2 2 2 2 2 2 2 2
left_child=8 2 3 -2 5 -3 -5 -4 9 -1 30 -12 32 17 16 -16 -15 -10 19 -19 21 22 -21 -24 -23 -26 27 -27 29 -17 57 -32 33 -13 40 36 -36 38 39 -38 41 42 44 47 46 -46 -35 -44 55 50 -50 53 -53 -52 -55 56 -30 58 59 -11 61 -61
right_child=1 4 7 6 -6 -7 -8 -9 13 10 11 12 -14 14 15 28 -18 18 -20 20 -22 24 23 -25 25 26 -28 -29 48 -31 31 -33 -34 34 35 -37 37 -39 -40 -41 -42 -43 43 -45 45 -47 -48 -49 49 -51 51 52 -54 54 -56 -57 -58 -59 -60 60 -62 -63
leaf_value=-0.14084725429884556 -0.19482367672784048 -0.034545940869511703 -0.044529227322313798 -0.34659382531500849 0.010398852392408345 -0.19309844760651462 -0.88720001135808835 1.0277168053937487 0.13974469793717145 0.12964387272836453 -0.085563259170931771 6.693344722361279 -0.077978893823890089 -0.0084570002617624911 -0.045980633905947851 -0.04865940878752012 -0.076387793516963676 0.015434395205835364 0.035398789380404076 -0.10004542331503125 -0.076659208992628694 -0.11256442055996968 -0.10015827672684721 -163.16478521599291 0.15394263567352251 -91.159788650613336 -0.10426669663690778 -0.10004316479285112 -0.025239823447740097 0.064934921351773159 -0.01187335636934765 0.045759891873560783 -8.8055465450406336e-05 0.11372380706920378 -0.068012505185014532 -0.063969863203456781 -0.10002975549023596 -0.43764829799864424 -0.10162099562226684 -182.05247396257383 -0.021902292505836807 0.028722474918427207 -0.10039474674540826 10.066459649719295 8.738258363866457 -0.10063682044020383 1.6569175698805525 2.7292240278966995 -0.1098966253828593 5.5880359129601613e-05 -0.10011292221457815 -0.10000704315058642 -66.217908242576229 -54.89732153004168 -0.1000081774825925 0.21463661282786411 0.022200351344778272 0.02982729087420552 -0.025854220341434864 9.3291145818618713 -0.1027528715408276 -0.10060471983257929
leaf_weight=26.720396546396387 16.784547482838938 26.925302131804514 31.509824520737297 6.554682641002727 117.92861410995032 6.6072958890945293 0.48102372903667845 0.088187824934719994 13.820415991196453 5.4017008877013941 122.51357978660053 0.029437991708220035 43.401143376162281 95.154072513699248 120.44282360938814 19.511860048689044 98.256129597403742 296.92660195294314 270.44987023789986 0.1624320252362825 39.103727187905967 4.5233300291438354 0.022909814987515958 0.0042927731541079752 0.37466596460581064 0.0065890791238459303 0.12139288198341092 0.020814509287447436 70.940260594175243 76.767896658377509 384.86540836967288 63.633464870694297 944.28346028060946 1.8027091733007337 2.9071066660017939 49.468604562970903 0.011836569043342435 0.35818843068682327 0.04125042334012681 0.0049460433507360164 94.470211898377485 7.6692891665194534 0.069609653262304838 0.019671325251692906 0.022627872434895724 0.035610705720500846 0.11373909662506765 0.035302936968946597 52.213620209977151 53989.293540182887 0.21366811726602253 0.0048995315946740439 0.0015124496567937573 0.0018249069317812783 0.0074159204605166451 4.202198723575747 412.27029260578252 378.93302600653669 80.50253193869105 0.021210361398516286 0.1141652794321999 0.035605158315775043
leaf_count=93120 94297 28823 147566 1018 17532 326 71 2 2496 2260 116376 83 58539 81277 44335 6021 145696 136591 107235 3476 53953 5273 474 96 308 97 211 166 20702 10495 11485 1563 136443 2447 8501 295835 81 145 66 97 117249 9329 336 23 58 109 78 10 74991 3319648 3360 168 39 67 180 645 269781 180301 23136 35 13 114
internal_value=-0.000274555 -0.0399304 -0.131384 -0.250568 -0.0064683 -0.0657873 -0.383554 -0.0415367 -0.000132549 -0.00655451 -0.00490905 -0.0151128 -0.00757297 0.000122583 -8.1781e-05 6.97276e-05 -0.0429672 0.0180713 0.0153224 -0.000587929 -0.107882 -0.341046 -3.79137 -25.833 -0.211399 -1.06545 -4.13584 -21.995 0.000171263 0.0419141 0.009246 -0.00369629 -0.00479845 -0.0331185 -0.0343795 -0.0838157 -0.379227 -2.55291 -15.6086 -53.7237 -0.00934239 0.112122 0.416808 2.30673 0.297572 3.33361 0.205311 0.851768 9.75598e-05 -5.44786e-05 -0.113667 -0.972246 -15.6958 -0.548722 -10.9215 0.0169548 0.0152356 0.0217288 -0.0139235 0.158426 1.06773 3.4197
internal_weight=57979.2 206.879 55.4183 23.8203 151.461 33.5326 7.03571 31.598 57772.3 2207.49 2180.77 1267.26 1144.74 55564.8 54939.3 54745.9 193.41 625.537 611.717 341.267 44.3402 5.23643 0.189635 0.0272026 5.04679 0.523462 0.148796 0.0274036 54625.4 96.2798 913.507 448.499 1101.34 157.06 157.031 52.7919 3.32333 0.416221 0.058033 0.0167826 104.239 9.76856 2.09927 0.124584 1.97469 0.0582386 1.91645 0.104913 54529.1 54041.7 52.4429 0.229321 0.00641198 0.222909 0.00924083 487.413 483.211 465.008 86.0752 5.57268 0.170981 0.0568155
internal_count=5635248 289635 242954 95386 46681 29149 1089 147568 5345613 1057832 964712 745805 629429 4287781 3977405 3750432 226973 310376 307880 200645 64054 10101 4046 570 6055 782 474 263 3706097 16516 218907 13048 570890 434447 434364 304725 8890 389 244 178 129639 12390 3061 369 2692 167 2525 346 3689581 3398453 78805 3814 207 3607 247 291128 290483 205859 25558 2422 162 149
is_linear=0
shrinkage=0.1


Tree=119
num_leaves=63
num_cat=0
split_feature=1 6 17 9 15 23 10 7 9 9 10 10 9 9 6 9 2 10 7 4 9 7 22 15 15 15 1 2 15 21 23 7 10 9 10 7 15 7 10 10 6 14 10 7 10 7 2 3 6 10 9 9 14 17 10 10 15 2 6 15 3 9
split_gain=26.7296 53.7331 49.3316 17.1656 56.5297 37.5288 35.2078 43.4817 22.2263 22.1051 28.9154 131.665 21.0941 29.8741 21.8523 19.7901 16.9395 16.6935 16.2126 16.1111 15.8568 15.7632 13.8305 37.6755 15.1388 13.3529 13.3116 13.2551 15.611 14.3268 12.8872 16.4719 1349.03 12.8496 14.5484 12.9112 20.1226 12.6993 13.9548 13.4488 42.0597 22.6524 20.4429 13.1215 12.4425 37.3534 174.064 321.587 12.4427 61.1999 12.8637 28.0935 16.2322 11.695 11.6002 11.609 11.5792 19.0413 87.5982 66.5787 172.165 28.0948
threshold=53.500000000000007 42.94755935668946 67.806350708007827 35.948717117309577 50.114154815673835 0.31666667759418493 30.471628189086918 14.907407283782961 33.589742660522468 35.043859481811531 35.585998535156257 35.767591476440437 37.590579986572273 39.173061370849616 13.484848499298097 38.165266036987312 0.7028520703315736 15.535444736480715 33.520599365234382 1.0000000180025095e-35 34.549070358276374 14.415584564208986 11.500000000000002 34.391801834106452 47.087102890014656 65.58258438110353 21.500000000000004 0.87487441301345836 96.162029266357436 4.5000000000000009 0.21111111342906955 17.467581748962406 29.459980010986332 35.388994216918952 34.330356597900398 25.176055908203129 92.876655578613295 30.860805511474613 37.884435653686531 28.370221138000492 26.158231735229496 3.5000000000000004 28.730158805847172 26.36544227600098 36.882591247558601 26.36544227600098 0.40565112233161932 5.5000000000000009 16.807909011840824 17.712418556213382 32.495286941528327 31.662488937377933 14.500000000000002 79.557674407958999 17.712418556213382 16.108108520507816 86.876968383789077 0.39020143449306494 11.215932846069338 90.338954925537124 4.5000000000000009 65.419578552246108
decision_type=2 2 2 2 2 2 2 2 2 2 2 2 2 2 2 2 2 2 2 2 2 2 2 2 2 2 2 2 2 2 2 2 2 2 2 2 2 2 2 2 2 2 2 2 2 2 2 2 2 2 2 2 2 2 2 2 2 2 2 2 2 2
left_child=3 2 30 4 5 6 19 -8 18 22 -11 -12 21 15 16 -14 17 56 27 -1 -10 -5 24 -24 -9 -3 -21 44 29 -29 31 32 -2 34 -22 36 -36 39 -39 40 -23 42 43 -41 48 -46 47 -47 54 -50 51 52 -51 -26 55 -6 -15 58 59 60 -58 -61
right_child=1 25 -4 12 8 -7 7 9 20 10 11 -13 13 14 -16 -17 -18 -19 -20 26 33 37 23 -25 53 -27 -28 28 -30 -31 -32 -33 -34 -35 35 -37 -38 38 -40 41 -42 -43 -44 -45 45 46 -48 -49 49 50 -52 -53 -54 -55 -56 -57 57 -59 -60 61 -62 -63
leaf_value=-0.13831526387796453 -0.10031567295628491 -0.032062427620355521 -0.038980056679317629 0.12295171492162238 0.013873071448952869 -0.03019135891018428 -5.0134813276510029 -0.32492199958081114 -0.10726655642832261 -0.11431326260063149 16.006333873720788 -0.10015239700874133 -0.007645922881313408 -0.083991779214788509 0.00011914304536578731 -0.072508807907786105 -0.13666951663065935 1.7497992879382225 -0.061366390487834523 0.039902132358847958 -0.019125786226679181 0.026445941133869014 -6.1640291434920869 -0.10008180549267887 -0.64441706771687635 0.027921332743628065 -0.25452678290390368 0.22955099612944868 0.00010472725810253292 -0.043844380723293275 -0.10063735668275038 -0.26521000340584849 -68.690007489616804 -0.075476193250992543 0.14477700809655997 0.068490018228090754 1.0865161869951838 -0.019317773912178524 0.13784705555928867 -0.079377932236375612 -0.075945715777943124 0.067657256700113619 -0.051479131850559745 0.18180367085644744 -0.10239015496545865 27.368846117321006 -0.10027560203074048 -0.10005278061046048 -0.091435777511773814 -0.0013292185969410418 0.023972390185430154 -0.079511267934878005 0.061390541698332739 -1.4996786818337691 -0.044320870173156404 0.053393276677953586 10.672937730164554 0.0076954231191673356 0.01371556805413009 -0.10048982505542976 -0.10021668811975981 2.125817098216769
leaf_weight=40.646710153282008 0.17285310126795739 85.004022466880642 30.508193844760772 14.087665349750294 334.04971526121062 103.72176662004401 0.020359248483412418 1.8589398153706005 26.45427518129236 1.2778453078412892 0.0062087170349512935 0.027803944672541547 94.745785234014875 10.059102922289645 54704.177206493179 93.418075245871478 20.705975258613762 0.054012257407520248 43.203610957543788 9.9614458018950049 140.98205215052334 267.94576501260633 0.015987422303623933 0.028529631338187755 0.97970446612544015 65.869019283116941 1.815416365905224 1.9412410329733223 249.32244762691374 151.9825328234374 5.5958423274040028 17.314899865074889 0.0029158773059725354 39.344674109735166 0.7202906680840877 7.9227335130981373 0.33123317433637567 122.13664735075042 5.9235174239652215 2.6254158391097757 47.182003169337577 125.90790475571795 34.639186926529874 7.1950011368312516 0.16886841664927388 0.0072809571183825019 0.056881930458985153 0.010279037443979178 69.995656812844572 516.7047964647669 268.26314344047034 43.756461644233354 44.844909420124623 0.19106357001237484 27.506096067142607 95.600199267613903 0.027846614033476658 7.3287671704902095 1.1566716158849883 0.097978600089845713 0.031744299056299496 0.13448917507776059
leaf_count=110527 4763 40708 147568 2516 97555 56681 31 4649 35982 3550 93 373 81277 16571 3731324 145696 876 21 37563 1166 105606 68735 30 777 1552 5973 1094 97 3545 5692 36655 53910 58 54431 547 4383 34 112712 3037 1530 48241 50303 21527 1775 124 47 59 101 65735 229562 149401 41085 13383 146 9353 22878 34 1094 302 119 73 18
internal_value=-0.000335584 -0.0364281 -0.122439 -0.00020787 -0.00882312 -0.0659786 -0.131295 -0.402782 -0.00437539 -0.38138 -0.0377179 2.83995 0.000136948 -7.13308e-05 6.53904e-05 -0.0398485 -0.074196 -0.0057188 -0.000828367 -0.108475 -0.034747 0.0183657 -0.528031 -2.27783 -0.50232 -0.00587437 -0.00548441 0.000621276 -0.015355 -0.0403964 -0.232728 -0.274988 -1.23817 -0.0246125 -0.0112672 0.112188 0.441428 0.0159643 -0.012048 0.0233532 0.0111155 0.0459892 -0.0153739 0.111979 0.00521981 0.720268 2.58643 11.2895 0.0050956 -0.00146475 0.00574427 -0.00233418 0.00367953 -0.783992 0.0186361 0.0226666 -0.0107526 0.0731803 0.404452 1.95193 4.93404 1.18749
internal_weight=57987.8 204.468 53.5947 57783.3 2223.72 160.552 56.83 4.40644 2063.17 4.38608 1.31186 0.0340127 55559.6 54931.9 54743.8 188.164 39.5966 18.8906 1847.41 52.4236 215.755 627.643 3.07422 0.0445171 3.02971 150.873 11.7769 1804.21 403.246 153.924 23.0865 17.4907 0.175769 189.301 149.956 8.97426 1.05152 613.555 128.06 485.495 315.128 170.368 44.4596 9.82042 1400.96 0.24331 0.0744419 0.01756 1400.72 943.565 873.569 605.306 561.55 1.17077 457.156 429.65 18.8366 8.7775 1.44873 0.292059 0.0595909 0.232468
internal_count=5635248 289635 242954 5345613 1057832 180669 123988 11201 877163 11170 4016 466 4287781 3977405 3750432 226973 19108 18232 676180 112787 200983 310376 7154 807 6347 46681 2260 638617 9334 5789 95386 58731 4821 165001 110570 4964 581 307860 115749 192111 116976 75135 24832 3305 629283 331 207 148 628952 499166 433431 284030 242945 1698 129786 120433 18211 1640 546 244 107 137
is_linear=0
shrinkage=0.1


Tree=120
num_leaves=63
num_cat=0
split_feature=9 10 2 23 9 10 3 18 23 9 10 3 10 23 10 10 3 22 18 9 10 15 22 2 10 9 3 6 23 3 15 18 10 0 2 15 15 15 15 18 23 4 9 10 9 22 0 9 9 9 5 0 25 0 6 15 10 9 6 10 9 9
split_gain=44.5667 1695.38 10227.9 3027.55 6476.99 23390.3 50961.5 1878.71 3411.84 3267.01 12289.8 22493.7 1583.55 1895.55 1564.11 1246.46 666.924 658.318 652.66 595.193 1889.75 408.244 520.376 352.329 757.196 2435.33 5436.5 250.02 216.105 200.173 1631.31 120.493 89.7309 79.9991 58.2769 73.9629 48.295 48.2445 46.7756 38.2405 32.0712 23.1024 21.6646 21.2689 21.8925 206.795 403.547 16.5295 26.8454 18.2573 15.0948 21.9652 17.3522 15.7162 16.7013 15.3946 20.3322 83.6954 14.2371 29.1283 18.1806 22.3121
threshold=35.948717117309577 35.585998535156257 0.25169578194618231 0.15476191043853763 33.589742660522468 36.882591247558601 5.5000000000000009 0.37715516984462744 0.26136364042758947 33.589742660522468 37.089946746826179 7.5000000000000009 35.767591476440437 -1.0000000180025095e-35 36.882591247558601 35.767591476440437 3.5000000000000004 5.5000000000000009 0.18350168317556384 34.549070358276374 36.788400650024421 41.56573677062989 5.5000000000000009 0.39231956005096441 36.882591247558601 33.589742660522468 4.5000000000000009 34.525329589843757 0.26136364042758947 10.500000000000002 53.365695953369148 0.17752101272344592 11.942958831787111 0.26237630844116216 0.38809353113174444 86.876968383789077 46.388406753540046 50.114154815673835 90.338954925537124 0.54006412625312816 0.31666667759418493 1.0000000180025095e-35 33.589742660522468 30.471628189086918 30.940170288085941 8.5000000000000018 0.39230790734291082 37.590579986572273 39.173061370849616 38.165266036987312 1.0000000180025095e-35 0.88044953346252453 1.5000000000000002 0.4666274785995484 17.467581748962406 95.260559082031264 29.818989753723148 32.071428298950202 21.132376670837406 23.431372642517093 37.394067764282234 36.51515197753907
decision_type=2 2 2 2 2 2 2 2 2 2 2 2 2 2 2 2 2 2 2 2 2 2 2 2 2 2 2 2 2 2 2 2 2 2 2 2 2 2 2 2 2 2 2 2 2 2 2 2 2 2 2 2 2 2 2 2 2 2 2 2 2 2
left_child=1 37 3 4 5 -3 -7 8 9 10 14 -12 13 -6 27 17 -5 -11 -15 20 -18 -20 -23 24 29 26 -26 -4 31 -9 -31 -21 34 -19 35 -2 -24 40 39 -37 41 43 50 -1 45 -45 -47 58 49 -49 51 53 -52 54 -39 -56 -57 -58 -34 -60 61 -61
right_child=32 2 7 16 12 6 -8 23 -10 15 11 -13 -14 18 -16 -17 19 33 21 28 -22 22 36 -25 25 -27 -28 -29 -30 30 -32 -33 47 -35 -36 38 -38 42 -40 -41 -42 -43 -44 44 -46 46 -48 48 -50 -51 52 -53 -54 -55 55 56 57 -59 59 60 -62 -63
leaf_value=-0.13397318895835683 -0.11825590658366203 -0.10006871372031534 -0.10003966809254212 -0.10137476609999281 -34.699189800996393 -479.04249787596694 -0.10001350943450844 -0.2887575078766631 0.1723417892252436 -29.535132445728443 -447.79706954526932 -0.10000686904045897 -0.10008832780985547 -11.425098620328972 -74.002975171471661 -0.10028451246670507 -0.10004298742948092 -10.328229630861708 -13.704518604932137 -6.4899834403052541 -78.01344211691341 -45.627954249936735 -26.526520038961202 0.039039356684257509 -81.254278596644752 -0.10008274289755728 -0.10037171890311516 -30.484923629235595 -0.10009612400796974 -47.01125509195009 -0.10017437369154594 -15.243868746425974 0.047804904350896633 -15.783608938273748 -0.10128099936850953 -0.62091391028229093 -18.040823089580474 0.044559826849447585 0.070520052115155871 -1.3991080083433565 -0.028603656568978699 -0.0047185325322358458 -0.035167975942702025 -0.1001023234342364 -0.34292903341938374 -0.10000435711627687 -64.003450248017188 -0.0074578679639998235 -1.5664673002141268e-05 -0.070202419837769078 0.0094163237072153044 -0.087054631983378025 -0.079732036889342675 -0.017521619759696048 -0.015347932984703321 0.065158631977569395 2.8133476113772842 -0.10083249388709262 -0.059574660612751545 0.01242611327525675 0.039439164827722722 -0.067876798853567941
leaf_weight=38.085818701457349 3.0718000434945649 0.018131718288831089 0.01528638803301241 0.13527435832498291 0.057490017306008667 0.0037582800434350361 0.0054336840935320652 0.58496893375468251 0.36025022414924024 0.030388451145881845 0.0020102877536469768 0.0025405192463949788 0.056439479461005249 0.18220689491272424 0.0040593878621955062 0.069265585072571412 0.0079083568762143841 0.057599452792601369 0.028974519225812401 0.030346201438987919 0.0051339040956144286 0.013126339656992059 0.011266861348303792 8.5332414165076429 0.013554552129987796 0.080007420151559927 0.02111162218170648 0.0032911125043408864 0.025407117098438903 0.008493458717566682 0.05826344127945049 0.032632208441100374 115.85804494909928 0.050401711207086919 16.111056698423369 1.3358992823450542 0.016572103264934412 99.83367909851907 0.49897647977377335 1.1975081116743238 102.36849320669162 12.701231457419672 205.47842960796152 0.032969922552533393 4.5060052019728483 0.0026961195364343373 0.0015599746257066727 94.923361837785635 54912.605297896982 90.674164968242692 974.01039334121015 36.088454092852771 22.334389453650601 530.47750755715856 168.9029160076704 16.873674684382454 0.13723981320799694 0.34961006511002779 55.282883869288128 214.02644739762138 204.85848421181186 41.272289211599798
leaf_count=120387 7558 262 277 267 80 84 106 578 426 86 63 60 1092 48 37 1199 73 85 5 12 52 41 4 1860 35 494 79 30 186 15 348 90 25344 82 3865 34 110 68126 174 99 64799 3151 208624 362 10542 139 1 86934 3912370 157115 281879 550 76504 34434 253931 2184 55 139 40564 111243 89184 66691
internal_value=-0.000593347 -0.0144793 -1.28066 -13.6339 -19.0107 -65.977 -195.923 -0.493993 -5.94114 -15.3192 -47.9158 -197.867 -15.5052 -18.3132 -17.7703 -11.0515 -4.69767 -16.5327 -14.5772 -10.8278 -30.7696 -22.7889 -29.2143 -0.145425 -2.19928 -9.69266 -31.8317 -5.4829 -7.88512 -0.880798 -6.06866 -11.0258 -3.9743e-05 -12.8741 -0.200976 -0.464107 -21.4751 -0.00845522 -0.814453 -0.988756 -0.0617581 -0.123098 -0.00436379 -0.158369 -0.362881 -2.778 -23.5224 4.03556e-05 -0.000143991 -0.0381119 -0.00094055 -0.0107075 0.00741794 -0.00733337 0.0115575 -0.00613107 0.0835411 0.720656 0.0161297 0.00900992 0.0172496 -0.000555874
internal_weight=57974.4 2222.71 10.5248 0.630102 0.3934 0.0273237 0.00919196 9.89473 0.595093 0.234843 0.0271877 0.00455081 0.366076 0.309637 0.0226369 0.207655 0.236702 0.13839 0.252147 0.101428 0.0130423 0.0699398 0.0409653 9.29964 0.766399 0.114674 0.0346662 0.0185775 0.0883855 0.651726 0.0667569 0.0629784 55751.7 0.108001 22.2152 6.10418 0.027839 2212.19 3.03238 2.53341 157.699 55.3303 2054.49 42.629 4.54323 0.037226 0.00425609 55729.5 55098.2 185.598 1849.01 852.663 996.345 816.575 286.097 186.263 17.3605 0.48685 631.298 515.44 460.157 255.299
internal_count=5635248 1134073 8266 2512 1832 452 190 5754 2345 1919 467 123 1380 288 344 1452 680 253 208 413 125 160 155 3409 1549 608 114 307 288 941 363 102 4501175 167 11730 7865 114 1125807 307 133 199381 134582 926426 131431 11044 502 140 4489445 4156419 244049 717802 359419 358383 358869 324435 256309 2378 194 333026 307682 267118 177934
is_linear=0
shrinkage=0.1


Tree=121
num_leaves=63
num_cat=0
split_feature=1 6 17 10 9 6 16 10 18 17 18 1 0 17 17 16 0 0 16 16 0 16 1 18 0 9 17 2 0 3 0 25 4 2 9 7 16 16 9 16 17 10 16 10 1 0 9 0 16 8 1 3 24 8 17 16 1 23 9 8 26 25
split_gain=20.6007 42.2377 37.0827 17.4339 35.2332 45.6857 31.144 27.6909 20.4643 14.9346 11.7662 10.5861 14.0039 22.7616 51.241 12.3371 10.3536 9.77696 11.8271 9.23477 9.77746 9.18093 44.1169 10.0789 8.767 9.0206 35.2618 8.70501 23.8078 28.2919 25.7273 21.7102 20.187 31.242 19.8541 46.1909 53.1689 43.5912 27.5183 26.1235 54.8703 44.6202 40.1195 33.0069 22.4939 22.4923 24.7285 21.2593 19.8537 19.5987 19.1657 32.6687 21.3813 18.907 18.5636 18.319 24.2828 138.615 17.9893 17.2717 16.0386 15.9495
threshold=53.500000000000007 42.94755935668946 67.806350708007827 14.907407283782961 30.940170288085941 14.415584564208986 71.809036254882827 11.942958831787111 0.62731480598449718 83.087757110595717 0.41421568393707281 24.500000000000004 0.19393234699964526 93.563182830810561 96.56854629516603 93.295883178710952 0.88044953346252453 0.69151422381401073 97.067424774169936 92.009387969970717 0.14833624660968783 74.944934844970717 8.5000000000000018 0.70710784196853649 0.24956221133470538 17.028985023498539 96.791351318359389 0.35802452266216284 0.30231609940528875 8.5000000000000018 0.21593528985977176 3.5000000000000004 1.0000000180025095e-35 0.29049532115459448 89.512962341308608 72.821968078613295 76.609558105468764 77.563388824462905 52.277431488037116 79.180648803710952 47.440153121948249 88.493064880371108 55.193569183349616 99.206348419189467 7.5000000000000009 0.18876101821660998 83.795948028564467 0.25541883707046514 1.0000000180025095e-35 81.01672744750978 19.500000000000004 78.500000000000014 2.5000000000000004 67.068271636962905 62.532051086425788 97.833908081054702 50.500000000000007 0.88194444775581371 71.535182952880874 73.401363372802749 1.0000000180025095e-35 2.5000000000000004
decision_type=2 2 2 2 2 2 2 2 2 2 2 2 2 2 2 2 2 2 2 2 2 2 2 2 2 2 2 2 2 2 2 2 2 2 2 2 2 2 2 2 2 2 2 2 2 2 2 2 2 2 2 2 2 2 2 2 2 2 2 2 2 2
left_child=3 2 -2 4 5 6 -1 8 9 -6 19 12 13 21 15 -15 -9 -14 -19 20 -3 22 -8 -23 25 26 -4 28 29 32 -31 60 34 54 35 37 45 38 -5 40 43 -42 44 48 61 46 59 53 -36 -41 -32 52 -52 -39 -34 56 -49 -58 -38 -37 -30 -43
right_child=1 10 24 27 7 -7 11 16 -10 -11 -12 -13 17 14 -16 -17 -18 18 -20 -21 -22 23 -24 -25 -26 -27 -28 -29 31 30 50 -33 33 -35 39 36 58 47 -40 49 41 42 -44 -45 -46 -47 -48 55 -50 -51 51 -53 -54 -55 -56 -57 57 -59 -60 -61 -62 -63
leaf_value=-0.13285310319448065 -0.20697897152139602 0.056429442757736314 -0.10035604031434101 -0.07329108324149318 -0.1362280344936703 -0.090145246863782877 2.9481828510102952 -0.02178650205867769 -0.089146539600679864 -0.36159099538825579 0.025279266383372502 -0.11545021188421255 0.028897394982042079 1.7733283936314792 -0.10155911859971541 3.9700915857555921 -0.18271031189484221 -0.12783763931842598 0.00075064949406504619 -0.15444959857654897 -0.038207794750588733 0.056501879625730757 -0.10274648653051002 0.55498533903860248 -0.099210304793085208 0.0056785047139600855 4.5364518514280858 0.0004604811010716801 -0.0068056377516571599 -0.028409651401924547 -0.0048269043036807133 0.05758336062157942 0.0048621522088797189 0.013066060737149728 0.0140681308637715 0.73661683272900969 0.10704729644533975 0.041996649836353567 -0.0059135884692555624 0.072444662780808133 -0.0053624884871801178 0.27995278305405297 0.055648996298882036 -0.056113703359864681 0.13499704173305921 0.059051436766321845 0.078480241540259829 -0.031463502688992756 -0.072961950328087555 -0.027208882593048309 0.058535915914769893 1.3169430938414983 0.91452632892040331 -0.0085597093701266277 -0.018926031835592147 0.047453215310204994 -0.10035563340596593 8.1805310208764954 0.0019517037412640674 0.18844200246429313 -0.026786797427752997 0.74652473529466779
leaf_weight=14.893064281938335 22.402127821145989 13.20865819924799 0.068559824494001442 73.543342035242006 5.937766533949711 54.366507829250793 0.065510333324595105 64.218547732544636 26.28671911761603 5.8255246461178558 68.380590945336024 6.1023618534945276 191.96470606682112 0.053300448695153935 0.14337709786195774 0.049129836839711061 4.2634971709921947 7.626730976298858 115.11088137107436 5.635763418958958 62.922115570377173 4.3357764190970443 0.1714056816788343 0.44747288912185457 12.626609950408961 16.719216288259616 0.021557960564678069 48969.817074652427 922.35824258512605 577.09335901449504 1212.6559863304087 41.674152902676269 478.95579008115101 791.76422460563481 299.86137257092196 0.58534107404920988 18.106160124531016 424.61790027612051 344.86147658559361 20.900229087157641 90.150782047268876 6.9901074878289355 113.59553134455928 113.3864928571893 25.634503402296104 91.116974843756907 36.697358739995252 113.70563248153934 28.722874491970288 354.05637194449082 29.915696516850865 0.21051732519663247 0.29468248687498899 89.578237825277029 1041.1870613786937 42.030202182327741 0.12399325750629842 0.024151627105311491 162.12157928198576 31.833863588850363 711.68749512141937 0.8184578975487965
leaf_count=29826 95386 9183 413 688179 13593 40649 70 27061 2563 3710 4484 4110 36297 73 53 27 42 174 1495 115 32899 2367 605 29 76580 70572 3 2527374 93137 413990 511498 2337 19982 17882 5175 153 191 183899 166622 652 13741 780 2679 59646 8770 13009 5994 91888 92103 4077 8405 9 34 1751 23889 3185 591 7 1868 4104 215161 107
internal_value=-0.000320974 -0.0322013 -0.110027 -0.000209494 -0.0187666 -0.0050121 0.00856235 -0.0698081 -0.138205 -0.247834 -0.00533203 0.0150214 0.0175097 0.179236 1.11879 2.82699 -0.0318052 0.0148035 -0.00723963 -0.030932 -0.0217883 0.133232 0.740875 0.103135 -0.0362425 0.0110567 1.00886 -4.68505e-05 -0.0030434 -0.000346333 -0.0109608 -0.0136904 0.00368292 -0.00304145 0.00994378 0.0176239 0.0497714 0.00756864 -0.0177566 -0.000467279 0.0112298 0.0500298 0.0839913 -0.00959277 0.180261 0.0916825 0.1347 0.023382 0.00646048 -0.0216542 -0.00286024 0.0755361 0.0668855 0.0331892 -0.011431 -0.00896808 -0.0297965 1.24965 0.0125099 0.19834 -0.0155082 0.328857
internal_weight=57964.5 201.985 51.8381 57762.5 501.862 395.33 340.964 106.532 38.05 11.7633 150.147 326.071 319.968 5.26597 0.245807 0.10243 68.482 314.702 122.738 81.7665 76.1308 5.02017 0.236916 4.78325 29.4359 16.8093 0.0901178 57260.7 8290.86 6615.14 1820.17 1675.72 4794.97 2311.91 2483.06 1428.95 340.461 1088.48 418.405 1054.12 679.16 237.189 147.039 441.971 33.4431 160.234 69.1166 670.08 328.584 374.957 1243.08 30.4209 30.2104 514.196 1520.14 155.884 113.854 0.148145 180.228 32.4192 1634.05 7.80857
internal_count=5635248 289635 242954 5345613 162744 115775 75126 46969 19866 17303 46681 45300 41190 3224 153 100 27103 37966 1669 42197 42082 3071 675 2396 147568 70988 416 5182869 2655495 2344860 933936 310635 1410924 61753 1349171 1161441 25319 1136122 854801 187730 183001 26077 12336 156924 9657 23260 10251 281321 97278 4729 519946 8448 8439 185650 43871 95671 92486 598 2059 4257 308298 887
is_linear=0
shrinkage=0.1


Tree=122
num_leaves=63
num_cat=0
split_feature=10 9 16 6 18 21 2 22 21 22 17 27 22 23 17 5 16 11 18 2 16 6 22 18 18 14 9 11 3 16 16 23 9 24 11 21 9 3 23 16 11 9 16 14 18 4 16 23 25 16 16 2 21 3 0 16 3 3 3 4 9 3
split_gain=15.1887 47.1963 21.7074 18.4322 16.2119 10.8408 10.1466 91.9436 21.8874 54.6995 42.0806 25.8742 26.6199 21.2899 27.3739 29.5515 26.3679 23.3764 22.0961 22.2579 19.0765 21.3089 22.6718 32.9728 19.0331 19.0105 24.0568 29.0604 30.4571 20.0469 18.4053 18.3239 18.3064 24.6307 19.0587 17.6279 17.2761 17.2212 16.9327 16.8473 28.2621 16.383 25.3109 17.7852 20.5269 29.1303 33.6902 35.4894 46.6254 46.1528 63.2018 38.6225 37.4564 26.9188 19.1994 18.8659 19.231 17.7498 17.5273 23.771 30.9968 19.0874
threshold=11.942958831787111 31.311274528503422 79.087123870849624 12.183054924011232 0.62731480598449718 10.500000000000002 0.35638374090194708 10.500000000000002 7.5000000000000009 7.5000000000000009 88.47040176391603 1.0000000180025095e-35 3.5000000000000004 0.13392857462167743 62.875112533569343 1.0000000180025095e-35 64.01581192016603 0.27922078967094427 1.0000000180025095e-35 0.11870494857430459 95.093433380126967 53.427228927612312 6.5000000000000009 0.65942031145095836 0.23904761672019961 2.5000000000000004 91.734970092773452 0.31666667759418493 24.500000000000004 82.61890029907228 90.577136993408217 -1.0000000180025095e-35 75.93103408813478 1.5000000000000002 0.20714285969734195 9.5000000000000018 37.394067764282234 22.500000000000004 0.21111111342906955 97.68778228759767 0.31666667759418493 89.512962341308608 77.563388824462905 7.5000000000000009 0.078461539000272765 1.0000000180025095e-35 68.438713073730483 -1.0000000180025095e-35 1.5000000000000002 53.218408584594734 56.615140914916999 0.1831387281417847 17.500000000000004 7.5000000000000009 0.25541883707046514 1.0000000180025095e-35 8.5000000000000018 29.500000000000004 20.500000000000004 1.0000000180025095e-35 42.206478118896491 5.5000000000000009
decision_type=2 2 2 2 2 2 2 2 2 2 2 2 2 2 2 2 2 2 2 2 2 2 2 2 2 2 2 2 2 2 2 2 2 2 2 2 2 2 2 2 2 2 2 2 2 2 2 2 2 2 2 2 2 2 2 2 2 2 2 2 2 2
left_child=1 2 -1 -4 -3 -5 7 8 20 10 13 30 -13 41 18 17 -17 36 -15 -20 25 -22 23 31 -11 26 27 -2 -29 32 -12 -23 33 -27 -34 -14 -16 -21 -28 -25 -41 58 43 44 54 46 47 -46 49 -49 -51 -52 -50 -53 57 56 -45 -43 59 60 -10 -62
right_child=6 4 3 5 -6 -7 -8 -9 9 24 11 12 35 14 15 16 -18 -19 19 37 21 22 -24 39 -26 29 38 28 -30 -31 -32 -33 34 -35 -36 -37 -38 -39 -40 40 -42 42 -44 55 45 -47 -48 48 52 50 51 53 -54 -55 -56 -57 -58 -59 -60 -61 61 -63
leaf_value=-0.11676401414893128 -0.031938090046137436 -0.2263860557660578 0.011304331512344265 -0.10500823900784509 -0.083877863980954634 0.071816391808465149 0.00034837178082340576 -0.09698671316427393 -0.090819930818039463 -0.096571000595098544 -0.023513871012782493 -0.062238271813324558 -0.018946490678958729 -0.092371470659355845 -0.028285187838578463 0.06571443693645472 -0.010758090277217552 -0.026627454717644845 -0.14140906437673736 0.059407862905642594 0.032082247291071835 -0.1348996161747805 -0.067858303317888155 -0.030978442725028706 -0.025696456245801271 -0.057121422443178374 -0.0071679962781335971 0.018355161554479318 -0.084495584882545077 -0.0020332916810005979 -0.094812686553350248 0.065222909451089314 0.057628655223499692 0.034642696174676454 -0.020856062315899197 0.10356788778995243 0.068123169968167599 -0.067002575198169739 -0.037268108624446496 -0.066251975889173309 0.047444224841618581 -0.041068597299639534 -0.033585716386247959 0.07972028139080134 0.02677258989444985 0.0042137794065420613 0.034559808634661217 0.077469226684738768 0.1156936422713532 2.0508474890803443 -0.10127614080777646 1.1314912454497497 1.2808528172963916 0.27714758740938111 0.0075322014609703423 -0.035409714724000112 0.013827890719101408 -0.0035282652121050185 -0.041270192322678624 -0.0018774926896751168 0.08485039549594782 0.026985315381198229
leaf_weight=16.899064972579907 157.41989073445757 11.667734558476637 197.02943468412568 22.35687667923867 25.275827981252405 4.1035828330016093 49336.247935639964 103.72524487133342 15.168089166132004 43.341078559018456 71.076066212005074 30.688558532154275 19.127197668041845 11.123629535025655 21.051541034890647 50.297025573122028 435.3976337331876 41.253075744549278 5.8944503315381089 294.26865873691554 243.59893633695447 4.8219882975099599 50.392758493690053 189.45560442632996 301.27960431121994 261.24740297394459 842.50204699666938 830.95220234921271 29.82559610025055 544.35040834932852 73.798616818950947 89.458890354144387 32.195500112651189 32.938310045438868 793.56085426886239 30.426142790125596 158.78595502384053 11.186706393411894 240.168156853033 29.587028170906706 83.749016573070548 204.64907950011911 197.58218443841906 82.831651967368089 5.8678275578131407 77.280293689749669 23.982812720583752 1.1248122830438663 5.9914724458722048 0.37181260180659625 0.53196794382529367 1.2146840861532835 0.2892207285913172 0.52959472109796468 663.61800027692516 35.438576405700587 95.198277019895613 327.51901672582608 40.314163124099082 161.47445978542765 117.62385399203686 110.61192093439104
leaf_count=44506 258917 19434 20836 8328 2646 1955 2665203 290053 84325 102641 13089 1775 779 4953 6121 3839 24050 685 2425 37414 32103 92 703 2908 171774 866393 127153 70741 13594 202444 17019 1256 3627 10903 225688 1141 11127 2947 3681 871 1794 32889 2387 1026 581 547 587 835 1762 89 80 89 30 151 26384 12446 11453 32659 62214 5028 32953 49125
internal_value=-0.000308912 -0.0236552 -0.00748316 0.000780055 -0.128886 -0.0775856 -0.00019663 -0.00342523 -0.00224525 0.00336472 0.00718727 -0.0346023 0.0109516 0.0101285 0.0219727 0.0109571 -0.00283883 0.041264 0.0461164 0.0510641 -0.00698907 0.008283 -0.00467324 0.00334562 -0.03461 -0.00979214 -0.00346772 0.00756674 0.0147914 -0.0177756 -0.0598332 0.0549877 -0.0254271 -0.0468471 -0.017796 0.0562783 0.0568377 0.0547783 -0.0138451 -0.0127343 0.0177632 0.00450865 9.24604e-05 0.00445176 9.93615e-05 0.040041 0.109425 0.222198 0.336259 0.614114 0.842064 0.644616 0.169348 0.872097 -0.00381483 0.0312219 0.0444855 -0.0179647 0.0216105 0.0278716 0.0476071 0.0568067
internal_weight=57941.7 277.333 240.389 223.49 36.9436 26.4605 57664.4 8328.16 8224.43 3768.21 3423.59 225.117 80.2419 3198.47 1029.26 706.785 485.695 221.091 322.473 311.35 4456.22 691.064 447.465 397.073 344.621 3765.16 2100.87 1018.2 860.778 1664.29 144.875 94.2809 1119.94 294.186 825.756 49.5533 179.837 305.455 1082.67 302.792 113.336 2169.21 1724.02 1526.44 1312.97 117.184 39.9042 15.9214 10.0536 3.77287 2.64806 2.27625 6.28069 1.74428 1195.79 213.469 178.03 532.168 445.192 404.878 243.404 228.236
internal_count=5635248 97705 75625 31119 22080 10283 5537543 2872340 2582287 759419 485004 33803 3695 451201 93561 45822 27889 17933 47739 42786 1822868 39727 7624 6921 274415 1783141 474086 343252 84335 1309055 30108 1348 1106611 877296 229315 1920 17248 40361 130834 5573 2665 357640 123995 121608 96683 4751 4204 3617 3036 1244 409 320 1792 240 91932 24925 12479 65548 233645 171431 166403 82078
is_linear=0
shrinkage=0.1


Tree=123
num_leaves=63
num_cat=0
split_feature=1 6 17 9 16 6 9 9 16 9 15 7 2 1 2 1 8 0 22 9 2 6 0 22 7 2 9 16 16 17 17 18 15 7 6 16 9 6 17 0 2 0 0 22 4 1 2 18 0 26 8 22 21 0 2 0 2 27 24 26 9 23
split_gain=18.5672 40.8171 26.8075 10.7607 57.3999 44.375 22.5998 22.0196 17.5873 16.1606 15.5246 15.1394 25.2942 22.765 22.2849 21.5747 24.9001 18.8704 24.6605 18.333 23.7638 18.0534 15.7165 15.0895 15.1276 15.0416 14.8644 14.8574 14.8177 14.3659 14.2096 13.8087 16.9136 13.5926 17.8311 54.2914 16.0402 23.8779 308.778 14.1079 13.4208 48.6081 39.9655 38.1489 30.6422 28.4331 71.1247 118.194 52.0795 62.3734 43.1836 37.3679 36.0659 33.8587 39.398 36.4843 38.7038 28.1252 39.131 73.9764 46.9067 38.6922
threshold=46.500000000000007 42.94755935668946 67.806350708007827 35.948717117309577 63.665315628051765 11.215932846069338 65.419578552246108 33.589742660522468 94.297328948974624 34.549070358276374 95.862876892089858 30.860805511474613 0.86158844828605663 1.5000000000000002 0.94277468323707592 7.5000000000000009 30.471628189086918 0.44316086173057562 4.5000000000000009 51.925926208496101 0.84802827239036571 31.287651062011722 0.41689741611480718 4.5000000000000009 32.049383163452156 0.39020143449306494 63.245613098144538 84.458244323730483 68.438713073730483 94.03479385375978 47.440153121948249 0.79583334922790538 90.632698059082045 22.903981208801273 18.808961868286136 82.985958099365249 46.589147567749031 36.088342666625984 60.894552230834968 0.42024405300617224 0.78133010864257824 0.6228548288345338 0.55910721421241771 14.500000000000002 1.0000000180025095e-35 1.0000000180025095e-35 0.99996608495712291 0.3514705896377564 0.78429833054542553 1.0000000180025095e-35 45.53429031372071 14.500000000000002 11.500000000000002 0.93393263220787059 0.91510540246963512 0.86401242017745983 0.86158844828605663 1.0000000180025095e-35 1.5000000000000002 1.5000000000000002 43.951219558715827 0.31666667759418493
decision_type=2 2 2 2 2 2 2 2 2 2 2 2 2 2 2 2 2 2 2 2 2 2 2 2 2 2 2 2 2 2 2 2 2 2 2 2 2 2 2 2 2 2 2 2 2 2 2 2 2 2 2 2 2 2 2 2 2 2 2 2 2 2
left_child=3 2 -2 4 -1 6 25 23 -9 -10 -8 12 15 -14 -15 17 19 18 31 22 -21 -19 28 30 -25 -5 -23 33 -17 -18 -6 32 -7 36 35 -35 37 39 -39 -20 41 43 -42 57 -44 -46 48 -48 -47 50 -50 53 -52 54 55 56 -51 58 60 -60 -13 -59
right_child=1 -3 -4 5 7 11 10 8 9 -11 -12 40 13 14 -16 16 29 21 27 20 -22 26 -24 24 -26 -27 -28 -29 -30 -31 -32 -33 -34 34 -36 -37 -38 38 -40 -41 42 -43 44 -45 45 46 47 -49 49 51 52 -53 -54 -55 -56 -57 -58 61 59 -61 -62 -63
leaf_value=-0.13065675948298375 -0.1787219961399038 -0.0045602229131007218 -0.044436265644150652 -0.31371526441375636 0.77428315542057669 -0.037517081725953125 -0.11261300476300398 -0.089840372684674735 -0.10659841344403181 -0.0097408181229830769 0.22641014684241562 -0.058575914558935419 0.0046389566748197544 -0.018178487451465383 -0.093600356248418892 -0.066666551928673684 0.077711060859677827 0.022616015363624228 0.095587191415119552 -0.048155733376434265 1.1932285862223473 -0.016719079159459756 -0.031563485400608729 0.0035183867197496979 -0.046484913433034319 -0.11975196186195725 0.042878647839824577 0.07005370304252749 0.018305963005900788 -0.052117366195626361 -0.026737301177805529 0.069462809500565534 0.42307265029231733 0.45560434643905795 -0.031683812775768289 6.8321575098354819 -0.052815622465382697 16.996027613645964 -0.1003759993581514 0.437001534292772 -0.012276492823990653 -0.0096761882312357793 -0.014777018057132 -0.066449754987112142 -0.0019854869457194887 0.012791685641837157 -0.071494508899187501 0.084344358422888219 -0.016595804909777478 -0.030616067748121836 0.040189008353457456 0.014448051299193028 -0.010301511724473654 -0.083028115388255691 0.0034541881460991349 -0.062965154732766204 0.0078016483282876848 0.040637693969219763 0.032585382115002996 -0.050363244473687209 0.0013704965177970679 -0.0080981412319686592
leaf_weight=36.926707740182337 24.639991527091631 193.93689854191987 37.47722291993464 6.8699127777237612 0.22167940321383994 57.882458887168923 3.1409033388754883 45.941413614630648 19.350096794020857 156.94083890473797 2.3698156575555913 131.21556203204818 371.07578855087195 163.43244652131034 51.527005204261513 22.174131369393422 52.871804399378789 692.49624446147391 8.838162554271543 108.12488534470532 0.15442716731922601 250.00588435362079 114.9187273973543 1651.4592152764412 62.8031160157052 9.5642808507179762 50.262807038292522 191.64229566758877 275.46832843323216 10.160969559086878 223.21417869236888 17.760941060463665 0.80840975328464892 0.1795535887904397 34.254729944531391 0.014425102148379665 5.4729900775382694 0.011698609765517953 0.10894317189377034 1.4023567272961379 1703.6663546322488 5774.3586828403968 826.40467318117589 85.346539412828861 4033.7756586479954 5381.5530076461728 60.106176471395884 255.74821495257129 275.50655938780801 753.1622615340184 645.30710206346703 494.91738645063015 181.19969150799443 72.687021186575294 834.25561551831197 205.53940229385626 402.31099795864429 168.67777755742372 823.81339599651699 123.65466728330205 24961.449422592908 4757.6274911486717
leaf_count=223006 111502 56453 174074 5721 50 21577 1297 161949 4917 21594 29 558173 6315 6122 1543 214838 54023 32203 10987 40742 25 14591 46946 500904 51097 2732 701 37396 366915 3689 80603 1268 160 636 49280 28 4234 97 425 454 44141 124961 23534 35735 206211 105088 616 53207 2824 8981 83880 4854 16284 764 9078 2263 4087 9839 24815 8867 1745388 250535
internal_value=-0.000287553 -0.0271562 -0.0977033 -0.00016822 -0.0070323 0.0001037 -0.142069 -0.00491879 -0.0347331 -0.0203721 0.0331797 0.000159983 0.00779471 -0.010362 -0.0362575 0.0134097 -0.00257967 0.02053 0.0417145 -0.00976376 -0.0463853 0.0137362 -0.000152209 -0.00149942 0.00168648 -0.200834 -0.00674285 0.0573598 0.0119756 0.0567825 -0.0259426 -0.00779367 -0.0311729 0.00897964 -0.0262698 0.929793 0.0856681 0.158818 1.55746 0.142341 -0.000197738 -0.00125124 0.00220806 0.000315461 0.00391906 0.00505546 0.00802562 0.0546887 0.00643163 -0.00242424 0.0176907 -0.0104474 0.0291197 -0.0158801 -0.0136568 -0.0241453 -0.0172398 0.000499472 0.00181029 0.0217597 0.00105702 -0.00642942
internal_weight=57908.2 256.054 62.1172 57652.1 2196.86 55455.3 21.9449 2159.93 222.232 176.291 5.51072 55433.3 2481.05 586.035 214.959 1895.02 583.873 1311.14 318.377 520.84 108.279 992.765 412.561 1937.7 1714.26 16.4342 300.269 241.925 297.642 63.0328 223.436 76.4518 58.6909 50.2829 34.4487 0.193979 15.8342 10.3612 0.120642 10.2405 52952.3 36826.1 16126.1 31051.8 14422.5 13596.1 9562.29 315.854 9246.44 3864.89 1102.01 2762.87 826.507 2267.96 2195.27 1361.01 1155.47 30966.4 26040.1 947.468 25092.7 4926.31
internal_count=5635248 342029 285576 5293219 1044120 4249099 9779 821114 188460 26511 1326 4239320 915195 13980 7665 901215 727178 174037 126542 669466 40767 47495 628699 632654 552001 8453 15292 103537 581753 57712 80653 23005 21737 66141 49944 664 16197 11963 522 11441 3324125 2758313 565812 2633352 521671 498137 291926 53823 238103 133015 102988 30027 100164 25173 24409 15331 13068 2597617 2337243 33682 2303561 260374
is_linear=0
shrinkage=0.1


Tree=124
num_leaves=63
num_cat=0
split_feature=9 16 8 6 1 17 9 8 10 11 8 10 8 9 8 3 16 0 17 22 16 1 26 11 4 6 4 9 1 0 2 22 22 10 8 8 11 1 9 10 15 23 11 11 10 9 11 11 11 8 8 9 22 9 22 2 9 4 4 6 11 16
split_gain=16.088 198.051 200.667 9968.34 28436.1 36619.6 14828.2 35.6369 55.2437 34.7693 32.9894 58.8392 34.8438 57.1807 30.2266 29.5973 47.3932 31.2148 29.718 28.7364 27.9162 26.6624 25.6881 26.7452 24.1058 22.4993 21.5789 21.4026 20.959 39.2472 25.5999 26.6139 20.9432 24.8514 34.1108 27.2079 20.3328 19.5875 19.5851 35.7928 24.7266 19.5031 19.2205 30.9869 19.1225 56.1077 38.4203 35.2308 43.4116 30.451 29.5841 28.1957 24.488 22.1581 18.7047 18.59 18.5467 18.506 18.2312 30.0593 26.0604 18.499
threshold=64.747306823730483 68.438713073730483 22.903981208801273 36.088342666625984 7.5000000000000009 60.894552230834968 45.222154617309577 61.633426666259773 75.716625213623061 0.31666667759418493 63.224515914916999 47.690120697021491 48.934240341186531 50.373134613037116 41.728857040405281 5.5000000000000009 91.689685821533217 0.93393263220787059 74.099975585937514 9.5000000000000018 98.598102569580092 20.500000000000004 1.0000000180025095e-35 0.44949495792388922 1.0000000180025095e-35 67.017543792724624 1.0000000180025095e-35 58.919960021972663 2.5000000000000004 0.76043426990509044 0.87487441301345836 11.500000000000002 12.500000000000002 37.590579986572273 35.585998535156257 11.215932846069338 0.44949495792388922 52.500000000000007 72.850124359130874 58.578638076782234 83.791332244873061 0.44949495792388922 0.10555555671453477 0.31666667759418493 60.943256378173835 95.488464355468764 0.73214286565780651 0.095454547554254546 0.31666667759418493 67.068271636962905 64.075469970703139 78.629974365234389 9.5000000000000018 74.133811950683608 8.5000000000000018 0.4407906979322434 58.123168945312507 1.0000000180025095e-35 1.0000000180025095e-35 60.736890792846687 0.18333333730697635 69.399761199951186
decision_type=2 2 2 2 2 2 2 2 2 2 2 2 2 2 2 2 2 2 2 2 2 2 2 2 2 2 2 2 2 2 2 2 2 2 2 2 2 2 2 2 2 2 2 2 2 2 2 2 2 2 2 2 2 2 2 2 2 2 2 2 2 2
left_child=1 2 3 24 5 6 -5 8 32 37 11 15 14 -14 -13 18 22 28 19 20 -3 -20 -17 -24 -1 42 -21 -6 30 -30 56 -32 33 35 -35 -2 -27 -4 39 40 -36 -11 -12 -44 45 47 -47 50 52 51 -9 -46 53 -49 -50 -22 -18 -53 59 60 -40 -62
right_child=7 10 9 4 27 -7 -8 44 -10 41 25 12 13 -15 -16 16 17 -19 21 26 55 -23 23 -25 -26 36 -28 -29 29 -31 31 -33 -34 34 38 -37 -38 -39 58 -41 -42 -43 43 -45 49 46 -48 48 54 -51 -52 57 -54 -55 -56 -57 -58 -59 -60 -61 61 -63
leaf_value=-0.14175135240241638 0.11631593008812709 0.049227879609999359 -0.058872289405753821 -124.09177748413306 -0.096604917764260778 -0.10043794424459729 -38.188651444387617 -0.01338115927063498 0.087991686665694527 -0.00062214577973376697 0.11212192779696935 -0.022432023914436095 0.12849993228580625 -0.01887589964168172 -0.085761321963477022 -0.017191953582432803 0.0332655255073942 -0.092478996973265559 0.0043670645346005092 -0.1065290355355108 0.035987378709201122 -0.029315562259423236 -0.074978961055570822 2.6277074063456314 0.029654463761583462 0.045297385038506464 0.0059233322361450591 2.2644711620291864 -0.0017872304287552814 -0.045027266019453754 -0.013809907398579714 0.04269204285269218 -0.013448015707032102 0.081039354192105895 0.025201452291365618 -0.029452261157923765 -0.12537741639346686 -0.16266572649090383 0.047559859955589923 -0.041897891455977353 -0.0042225677014968432 0.1856360991564277 -0.072742479103996172 0.040587102266355396 0.0039561177557881737 0.01962228242922074 0.27625378757397107 -0.1080695845909049 -0.0059769186645483264 -0.00037895547320444806 0.10112288240702408 0.078623056744852482 -0.0073880808385918999 -0.045292257666772084 -0.035989669538130251 -0.023720377397435273 -0.043992331973965501 0.026552021368741408 0.015033833828713653 -0.0093280320993516849 -0.016525685612077703 0.16561326084652386
leaf_weight=29.929334229527782 13.66146234135857 370.74353584744426 205.44548766922316 0.055566485621965422 0.41888233553481768 0.082694260583593859 0.031477161126531428 47.306788196779053 90.327304482314503 47.195609305518701 31.210301156685091 152.31465718365905 27.380023102694395 684.348606983173 149.18528603984123 167.57281779935303 410.7402387798636 38.367320064833621 3547.4380382854597 26.040605430490714 96.138325938358321 251.68378682261982 148.46720047670604 0.036623695399611189 11.303604511144114 11.91000393801369 49.505217399217926 0.042266364856914151 1204.3320048713983 254.22151733780811 495.17447498000638 100.24043990537029 375.35588140521531 75.734520037578477 586.85910109283441 204.18327594385329 16.862757672090083 19.947262334726986 142.18938646247261 144.75643833095273 556.36122185643762 6.3819460459053508 26.826925046807446 239.66304262123595 595.70958412337677 381.13355125165481 5.9243414530610599 100.4458034614272 798.60721239811483 43155.297782480622 43.141166489731404 89.43415889026619 75.992313893577375 127.71076888142807 280.61944603740631 113.95445784383628 33.615959744143765 288.18349392697564 607.52044893665152 69.020512143655651 6.6129115514431751 35.571897809917573
leaf_count=207261 1600 180054 848948 85 3119 249 56 959 13059 19499 526 12677 896 17950 11208 268117 14408 432 392076 77162 3345 291243 828710 2 5680 182 1679 33 299603 10727 9646 1657 7027 2321 36255 18729 196 98053 2951 5367 9201 144 1147 4672 18896 39068 432 15005 61344 1734196 921 3156 2981 13881 5786 2827 518 9015 12101 1994 3549 667
internal_value=-0.000438423 -0.00433169 -0.081482 -0.285636 -12.7606 -47.7543 -93.0271 0.000275679 0.0110113 -0.0508456 -0.00146946 -0.00269281 -0.0252761 -0.0132064 -0.053768 0.000438156 -0.0075149 -0.00296516 0.00553034 0.0251786 0.0327246 0.00213566 -0.0440291 -0.0743124 -0.0947621 0.0297128 -0.0328389 0.119798 -0.00159047 -0.00932384 0.00925762 -0.00429758 0.00854362 0.0119233 0.0150798 -0.0203109 -0.0547294 -0.068058 0.0127551 0.00494996 0.0108819 0.0215642 0.0378741 0.0291785 -0.000403188 -0.0103331 0.0235503 -0.0192316 -0.023185 1.555e-05 0.0412341 0.0175071 -0.0565542 -0.0729299 -0.0137808 0.00360185 0.0274209 0.0388844 0.0244321 0.0469646 0.0680377 0.137061
internal_weight=57866.5 8968.81 320.834 41.8638 0.630887 0.169738 0.0870436 48897.7 2908.15 278.97 8647.97 8321.5 1013.23 711.729 301.5 7308.27 2852.77 2536.69 4455.5 656.382 580.836 3799.12 316.077 148.504 41.2329 326.473 75.5458 0.461149 2498.32 1458.55 1039.77 595.415 2817.83 2442.47 2224.63 217.845 28.7728 225.393 2148.89 1287.98 1143.22 53.5776 297.7 266.49 45989.5 1860.88 387.058 1473.82 1383.38 44128.6 90.448 973.327 304.149 228.157 1079.23 210.093 444.356 377.618 860.915 253.395 184.374 42.1848
internal_count=5635248 3614787 1183127 216483 3542 390 141 2020461 114821 966644 2431660 2424937 42731 18846 23885 2382206 1433820 336991 948386 265067 186226 683319 1096829 828712 212941 6723 78841 3152 336559 310330 26229 11303 101762 94735 74406 20329 378 947001 72085 50823 45456 19643 6345 5819 1905640 140377 39500 100877 98997 1765263 1880 31067 31867 28886 67130 6172 14926 12171 21262 9161 7167 4216
is_linear=0
shrinkage=0.1


Tree=125
num_leaves=63
num_cat=0
split_feature=1 6 17 3 10 6 16 11 9 16 8 9 2 1 22 1 17 1 2 22 22 25 9 2 1 24 9 6 9 1 3 24 1 1 2 1 16 16 23 9 10 1 1 7 1 2 9 27 17 16 23 9 16 17 10 9 1 17 17 9 23 6
split_gain=13.5993 32.2298 21.9636 12.2074 11.8076 99.7188 50.0551 18.0986 17.3095 18.1086 16.1166 17.1581 14.1129 18.3434 15.2362 14.1915 13.9742 21.2413 13.4712 13.0692 13.1725 13.7662 14.9661 45.7452 13.0108 12.8927 15.792 12.8727 26.9115 72.4358 70.8096 12.3075 16.6325 12.2853 11.2522 11.124 12.9023 23.6599 34.2786 10.919 17.613 29.9004 48.387 10.6236 14.3369 22.377 33.2339 25.2369 11.8316 30.1229 10.251 10.2334 12.2384 10.2297 10.2219 45.283 10.2801 18.1967 38.491 80.5413 10.3539 10.1696
threshold=46.500000000000007 42.94755935668946 67.806350708007827 2.5000000000000004 23.431372642517093 22.378716468811039 65.133895874023452 0.15476191043853763 47.722568511962898 94.602687835693374 16.807909011840824 48.834688186645515 0.49985277652740484 21.500000000000004 11.500000000000002 6.5000000000000009 60.479471206665046 11.500000000000002 0.87487441301345836 10.500000000000002 3.5000000000000004 1.0000000180025095e-35 46.049896240234382 0.4462426900863648 2.5000000000000004 1.5000000000000002 55.245780944824226 25.176055908203129 30.094339370727543 13.500000000000002 11.500000000000002 2.5000000000000004 4.5000000000000009 1.0000000180025095e-35 0.43780328333377844 13.500000000000002 93.295883178710952 84.458244323730483 0.31666667759418493 25.320512771606449 25.866189002990726 9.5000000000000018 12.500000000000002 14.415584564208986 15.500000000000002 0.279318317770958 36.882591247558601 1.0000000180025095e-35 60.479471206665046 95.093433380126967 0.76388889551162731 46.737588882446296 99.760765075683608 99.80237197875978 23.166368484497074 39.173061370849616 3.5000000000000004 64.941761016845717 61.580039978027351 26.794871330261234 0.80909091234207164 19.139194488525394
decision_type=2 2 2 2 2 2 2 2 2 2 2 2 2 2 2 2 2 2 2 2 2 2 2 2 2 2 2 2 2 2 2 2 2 2 2 2 2 2 2 2 2 2 2 2 2 2 2 2 2 2 2 2 2 2 2 2 2 2 2 2 2 2
left_child=4 2 -2 -4 5 6 31 25 12 -10 11 27 13 19 16 -16 17 50 24 20 -8 -22 54 51 -18 -7 -27 -6 29 -29 -31 -1 -33 -20 -11 36 37 -13 -39 40 -12 -42 -43 44 -30 -46 47 -47 49 -45 -14 -24 -53 -21 56 -56 57 58 -23 -60 -58 -36
right_child=1 -3 3 -5 10 7 8 -9 9 34 39 35 14 -15 15 -17 18 -19 33 53 21 22 23 -25 -26 26 -28 28 43 30 -32 32 -34 -35 61 -37 -38 38 -40 -41 41 42 -44 48 45 46 -48 -49 -50 -51 -52 52 -54 -55 55 -57 60 -59 59 -61 -62 -63
leaf_value=-0.13396761481958516 -0.16614730363234906 -0.0038641064184889058 1.2371574489213115 -0.042492102596685594 0.039594623266578824 -0.094366924325324342 -0.040574143955673582 0.087839738629667721 -0.093443197553266688 0.076694003700762195 0.048770991170673669 -0.019263846333784435 0.1305576276226694 -0.038363940826612375 0.045957724225302428 -0.065451019041755001 0.023442560635670528 -0.85851817951182208 0.0035264605043458124 -0.082103632749555053 0.058305860888516782 -0.10830980995663853 0.016377145033378806 2.119055119676216 -0.0051308927906565556 -0.04358185451979861 0.4473053215083132 -0.019609370632785578 0.033224317959999222 -2.5329913064259233 -0.21501677133108418 2.3829592644457001 0.21523005048941141 -0.039752262841762684 -0.047437249673560777 -0.058683298920130259 0.098096451841918217 0.11612692422689092 1.0023073088873804 3.139166276383955e-06 0.25802472018998662 4.5744531497714078 0.68495104195289924 0.25144476024837997 0.017060426943079427 1.2976043049300312 0.36737322342396417 4.3160221352082679 -0.079362661121075581 3.8589337532303007 -0.26520750734368709 -0.10026485623203414 2.4771221324565587 0.97083303836051149 0.10586436133582749 2.8835439783638148 0.0062770503092990041 0.070234146713832213 4.793625772661219 -0.10208887699431948 1.1420327087237185 0.018371110933547978
leaf_weight=30.093665090835604 22.521738042616413 192.65352037363502 0.074706577412142816 35.266480752334196 55.253836109977101 145.45980249214705 23.854639474713963 6.7426539144285007 35.033845717297481 12.916973590702581 9.6057943911254409 1.2211715316225302 1.0764007710695291 46.868238620023476 104.1053102697833 12.844494328071304 222.86993653439549 0.43994843447376286 108.13253035140951 12.070972336380347 155.5771801178675 0.18513729272126767 0.72854699012623214 0.13510584913456114 559.22432851797885 54.835016987076358 0.66327789713977736 1.3249315138329618 6.6834356970256632 0.27086239408758594 0.25667005689241673 0.040228758534793907 0.29459836376582871 166.71434308649668 61.962379074802811 3.9179043701361094 25.546858817659086 0.88231530646626033 0.86385801748838276 55455.022924775949 1.3642864595039998 0.042772965515268768 0.1268098536089326 0.27878635242233762 0.42997978273111515 0.071391348976055924 0.21211024698641801 0.045261200226377696 14.521427865858305 0.025242364034056664 1.6696693796548061 0.035124722189721069 0.038745868601836264 0.092980511777569386 0.47265183576928294 0.067011975563218584 167.75050591217081 19.915141621201656 0.061276701868337113 0.074408790314919315 0.080304725983181835 37.812364815559704
leaf_count=124288 111502 56453 11 174063 10239 225772 3869 629 29265 908 2350 754 226 37369 3067 3495 5278 235 1382 25565 13834 110 711 79 56293 12880 42 219 999 143 60 12 443 3863 1998 1082 599 206 27 4519252 142 73 272 889 356 133 163 16 4556 1 43 109 2 9 586 96 192555 4594 40 78 8 955
internal_value=-0.000272748 -0.0235213 -0.0889697 -0.0397871 -0.000171579 -0.00773831 -0.000100414 -0.0733143 0.00210704 -0.0306493 9.94796e-05 0.0380281 0.00512181 0.020672 -0.000532546 0.0337218 -0.00431137 -0.213426 -0.00368102 0.0279316 0.0312937 0.0362612 0.0181671 0.41672 0.00301156 -0.0787215 -0.0377151 0.0129871 -0.0479648 -0.414184 -1.40518 -0.127259 0.475678 -0.0227252 -0.0111278 0.0993129 0.121022 0.318395 0.554534 2.3025e-05 0.0990178 0.413687 1.66598 -0.0174986 0.0799897 0.491926 1.11299 2.46875 -0.0664365 0.550961 -0.110076 0.130092 1.2516 -0.074055 0.0161859 0.450779 0.0149388 0.08227 0.829396 2.10886 0.00682049 -0.0224974
internal_weight=57819.4 250.516 57.8629 35.3412 57568.9 1990.94 1783.24 207.701 1752.81 147.726 55578 111.806 1605.08 428.008 1177.08 116.95 1060.13 3.18602 1056.94 381.14 368.976 345.121 189.544 0.937523 782.094 200.958 55.4983 79.3739 24.1201 1.85246 0.527532 30.4285 0.334827 274.847 112.692 32.4321 28.5142 2.96734 1.74617 55466.2 11.1397 1.53387 0.169583 22.2676 7.44218 0.758743 0.328763 0.116653 14.8255 0.304029 2.74607 0.802418 0.0738706 12.164 188.606 0.539664 188.067 20.236 0.320823 0.135685 167.831 99.7747
internal_count=5635248 342029 285576 174074 5293219 750688 511365 239323 386622 33126 4542531 20442 353496 279614 73882 6562 67320 504 66816 242245 216671 212802 198968 901 61571 238694 12922 17774 7535 422 203 124743 455 5245 3861 2668 1586 987 233 4522089 2837 487 345 7113 1667 668 312 149 5446 890 269 822 111 25574 198067 682 197385 4822 228 118 192563 2953
is_linear=0
shrinkage=0.1


end of trees

feature_importances:
addr_token_set=620
name_jaccard=585
name_partial=568
addr_jaccard=477
name_nospace=449
n_s1_competitors=385
addr_partial=371
name_ratio=365
name_len_diff=365
addr_len_s1=350
addr_ratio=342
name_token_set=323
name_token_sort=318
score=317
addr_len_cand=314
rank=297
num_jaccard=280
num_only_cand=254
score_ratio_to_top=243
first_num_equal=164
num_only_s1=160
num_shared=116
is_best_s1_for_cand=110
cand_is_s3=37
addr_empty_cand=2

parameters:
[boosting: gbdt]
[objective: binary]
[metric: binary_logloss]
[tree_learner: serial]
[device_type: cpu]
[data_sample_strategy: bagging]
[data: ]
[valid: ]
[num_iterations: 1000]
[learning_rate: 0.1]
[num_leaves: 63]
[num_threads: 0]
[seed: 0]
[deterministic: 0]
[force_col_wise: 0]
[force_row_wise: 0]
[histogram_pool_size: -1]
[max_depth: -1]
[min_data_in_leaf: 50]
[min_sum_hessian_in_leaf: 0.001]
[bagging_fraction: 1]
[pos_bagging_fraction: 1]
[neg_bagging_fraction: 1]
[bagging_freq: 0]
[bagging_seed: 3]
[bagging_by_query: 0]
[feature_fraction: 0.8]
[feature_fraction_bynode: 1]
[feature_fraction_seed: 2]
[extra_trees: 0]
[extra_seed: 6]
[early_stopping_round: 0]
[early_stopping_min_delta: 0]
[first_metric_only: 0]
[max_delta_step: 0]
[lambda_l1: 0]
[lambda_l2: 0]
[linear_lambda: 0]
[min_gain_to_split: 0]
[drop_rate: 0.1]
[max_drop: 50]
[skip_drop: 0.5]
[xgboost_dart_mode: 0]
[uniform_drop: 0]
[drop_seed: 4]
[top_rate: 0.2]
[other_rate: 0.1]
[min_data_per_group: 100]
[max_cat_threshold: 32]
[cat_l2: 10]
[cat_smooth: 10]
[max_cat_to_onehot: 4]
[top_k: 20]
[monotone_constraints: ]
[monotone_constraints_method: basic]
[monotone_penalty: 0]
[feature_contri: ]
[forcedsplits_filename: ]
[refit_decay_rate: 0.9]
[cegb_tradeoff: 1]
[cegb_penalty_split: 0]
[cegb_penalty_feature_lazy: ]
[cegb_penalty_feature_coupled: ]
[path_smooth: 0]
[interaction_constraints: ]
[verbosity: -1]
[saved_feature_importance_type: 0]
[use_quantized_grad: 0]
[num_grad_quant_bins: 4]
[quant_train_renew_leaf: 0]
[stochastic_rounding: 1]
[linear_tree: 0]
[max_bin: 255]
[max_bin_by_feature: ]
[min_data_in_bin: 3]
[bin_construct_sample_cnt: 200000]
[data_random_seed: 1]
[is_enable_sparse: 1]
[enable_bundle: 1]
[use_missing: 1]
[zero_as_missing: 0]
[feature_pre_filter: 1]
[pre_partition: 0]
[two_round: 0]
[header: 0]
[label_column: ]
[weight_column: ]
[group_column: ]
[ignore_column: ]
[categorical_feature: ]
[forcedbins_filename: ]
[precise_float_parser: 0]
[parser_config_file: ]
[objective_seed: 5]
[num_class: 1]
[is_unbalance: 0]
[scale_pos_weight: 1]
[sigmoid: 1]
[boost_from_average: 1]
[reg_sqrt: 0]
[alpha: 0.9]
[fair_c: 1]
[poisson_max_delta_step: 0.7]
[tweedie_variance_power: 1.5]
[lambdarank_truncation_level: 30]
[lambdarank_norm: 1]
[label_gain: ]
[lambdarank_position_bias_regularization: 0]
[eval_at: ]
[multi_error_top_k: 1]
[auc_mu_weights: ]
[num_machines: 1]
[local_listen_port: 12400]
[time_out: 120]
[machine_list_filename: ]
[machines: ]
[gpu_platform_id: -1]
[gpu_device_id: -1]
[gpu_device_id_list: ]
[gpu_use_dp: 0]
[num_gpu: 1]

end of parameters

pandas_categorical:[]
