tree
version=v4
num_class=1
num_tree_per_iteration=1
label_index=0
max_feature_idx=30
objective=binary sigmoid:1
feature_names=score rank score_ratio_to_top n_s1_competitors is_best_s1_for_cand cand_is_s3 name_exact cand_n_same_name_s1 s1_n_same_name_cands name_ratio name_token_sort name_token_set name_partial name_nospace name_jaccard name_empty_s1 name_empty_cand name_len_diff addr_ratio addr_token_set addr_partial addr_jaccard addr_empty_s1 addr_empty_cand addr_len_s1 addr_len_cand num_jaccard num_shared num_only_s1 num_only_cand first_num_equal
feature_infos=[0.039358381181955338:1.0000002384185791] [0:1148] [0.039358381181955338:1] [1:786] [0:1] [0:1] [0:1] [0:226] [0:202] [0:100] [0:100] [0:100] [0:100] [0:100] [0:1] none none [0:61] [0:100] [0:100] [0:100] [-1:1] none [0:1] [2:29] [0:28] [-1:1] [0:11] [0:12] [0:10] [-1:1]
tree_sizes=6867 6896 6938 6952 6968 6977 7011 6992 6961 6974 7001 7006 7007 7039 7031 7034 7022 7046 7056 7067 7047 7041 7039 7055 7100 7064 7058 7079 7044 7069 7076 7075 7055 7112 7083 7094 7090 7069 7128 7092 7074 7080 7066 7066 7110 7082 7131 7114 7098 7091 7136 7078 7115 7128 7099 7103 7113 7152 7148 7135 7141 7102 7150 7105 7088 7083 7125 7111 7118 7122 7141 7096 7104 7119 7166 7136 7102 7093 7146 7102 7120 7171 7089 7158 7087 7150 7117 7148 7126 7129 7119 7146 6979 7093 7176 7109 7032 7109 7093 7076 7119 6979 7128 7090 6897 7009 6994 7126 7037 6965 7088 7048 7104 7061 6947 7051 7102 7084 6890 6958 7000 6996 7053 6891 7020 7022 7026

Tree=0
num_leaves=63
num_cat=0
split_feature=1 28 9 19 13 19 13 13 29 26 13 7 29 7 19 25 19 29 26 10 19 29 7 19 21 14 19 13 13 13 13 19 14 21 3 13 14 14 28 20 7 6 18 21 17 3 29 13 7 26 9 29 19 7 28 17 29 17 29 25 7 11
split_gain=2.4211e+06 731699 184256 180607 341649 156211 68376.8 59835.9 38998.9 35017.7 252110 28678.1 33448.4 19291.1 17876.3 16778.6 16772.3 14538.9 20662.2 9170.33 36242.8 14179.1 8667.63 7230.37 7069.75 6517.2 6143.83 5975.26 5644.18 5552.12 5190.72 4971.51 4875.18 4873.08 4632.01 4508.86 4457.91 4372.31 4322.46 3695.82 3635.93 10922.1 19274.8 3605.45 3374.99 3358.82 3353.5 3323.59 3402.61 3036.09 2722 3371.5 10644 2600.9 2516.49 2484.09 2161.52 2110.05 2000.85 1942.61 1902.89 1746.83
threshold=3.5000000000000004 1.0000000180025095e-35 44.033897399902351 96.56854629516603 49.018096923828132 98.092205047607436 53.427228927612312 91.734970092773452 1.0000000180025095e-35 0.44949495792388922 55.245780944824226 3.5000000000000004 1.0000000180025095e-35 1.0000000180025095e-35 98.092205047607436 8.5000000000000018 56.152366638183601 1.0000000180025095e-35 0.23611111193895343 86.319076538085952 64.624767303466811 1.0000000180025095e-35 1.5000000000000002 54.595132827758796 0.61721614003181469 0.2264957278966904 60.479471206665046 86.526824951171889 97.915760040283217 89.417694091796889 89.417694091796889 63.427747726440437 0.31666667759418493 0.1132478639483452 2.5000000000000004 82.637680053710952 0.18333333730697635 0.93750000000000011 1.0000000180025095e-35 97.905025482177749 1.5000000000000002 1.0000000180025095e-35 1.0000000180025095e-35 0.65942031145095836 4.5000000000000009 4.5000000000000009 1.0000000180025095e-35 56.33012771606446 1.0000000180025095e-35 0.15476191043853763 45.53429031372071 1.0000000180025095e-35 71.126026153564467 1.0000000180025095e-35 1.0000000180025095e-35 5.5000000000000009 1.0000000180025095e-35 8.5000000000000018 1.0000000180025095e-35 7.5000000000000009 1.0000000180025095e-35 48.52813911437989
decision_type=2 2 2 2 2 2 2 2 2 2 2 2 2 2 2 2 2 2 2 2 2 2 2 2 2 2 2 2 2 2 2 2 2 2 2 2 2 2 2 2 2 2 2 2 2 2 2 2 2 2 2 2 2 2 2 2 2 2 2 2 2 2
left_child=1 2 13 9 25 7 61 37 47 19 32 12 22 24 54 -8 -12 23 29 28 34 -22 -9 -4 -1 -5 -24 57 -2 -19 -17 -13 -11 -14 -21 38 45 50 53 43 41 -36 -43 -35 49 -26 -40 48 -6 -23 -3 52 60 -18 -10 -16 -27 -20 -33 -45 -52 -7
right_child=3 5 17 4 8 6 15 11 14 10 16 31 33 -15 55 30 35 18 27 20 21 44 26 -25 36 56 -28 -29 -30 -31 -32 58 -34 39 40 -37 -38 -39 46 -41 -42 42 -44 59 -46 -47 -48 -49 -50 -51 51 -53 -54 -55 -56 -57 -58 -59 -60 -61 -62 -63
leaf_value=-1.9274702058470032 -2.013930224792134 -2.0118413678133678 -1.811410526576855 -1.9918344505914636 -1.3008415995018543 -1.9620117748456356 -1.156410757048181 -1.1677041738177434 -1.432104872263289 -2.0088306663684294 -1.8803787719746661 -1.970498025360091 -2.0074645119298911 -2.0155048318750293 -1.2536660431250137 -1.8333508487241965 -1.2234663829082795 -1.8576558005916046 -1.3082811951785984 -1.3756616257425081 -1.1927501856095779 -1.7713211624680798 -1.7253703526839448 -1.1416583967283291 -1.4787765773310859 -1.2683244107511442 -1.1398676655777673 -1.1540320309091294 -1.1440466254131709 -1.3762742579463936 -1.31784489800074 -1.1536158863227832 -1.5196397133961863 -1.6120605774276258 -1.9853921400963515 -1.162675123916068 -1.2191919388455155 -1.5712386585064102 -1.3781065207359962 -1.3905358863038491 -2.0057301421127232 -1.1741779757509243 -1.9704970588443951 -1.8223240695541425 -1.9833240195619291 -1.7050910583758412 -1.8893406330462086 -1.1574030929828583 -1.9678135013319498 -1.5409515438517409 -1.7795422265336542 -1.9651035685024276 -1.3738234751575078 -1.8216441571326445 -1.8666436170811755 -1.5618933665294048 -1.8358825369178409 -1.5529981638634995 -1.7105210425503867 -1.5992134602844987 -2.0075613981623239 -1.6186473956241663
leaf_weight=650.29314605891705 404647.70776341856 9482.5468491017818 161.75377924740314 21259.71404671669 450.67247928678989 1573.6800242364407 5424.1207903325558 1783.2478137016296 146.60702423751354 37917.866528525949 432.9259081184864 3097.7374704927206 543.70068356394768 1989.763645067811 1000.1379725933075 517.70252197980881 1187.0986650288105 733.93940506875515 1224.0612686723471 121.06100459396839 506.85111540555954 2404.8299465328455 610.73072625696659 46074.846243292093 1158.6137227714062 162.09288570284843 253.65162867307663 3800.5921171456575 74.603420197963715 355.7226717621088 313.67347128689289 87.828571960330009 204.82029908895493 1980.7208062559366 6213.8997250646353 3297.2451017796993 333.68075215816498 275.69354827702045 292.53583556413651 375.16477520763874 44782.511541590095 492.94775073230267 792.83089283108711 2455.0177019387484 557.94315469264984 1511.0583654642105 228.5577509701252 7175.3795617371798 92.123920395970345 750.66865687072277 531.37981568276882 9517.5878494977951 418.45736601948738 77.429307326674461 1465.165958493948 354.02713948488235 114.50494645535946 494.75631849467754 243.02629306912422 464.01066653430462 1175.9081519991159 163.56234700977802
leaf_count=5753 3579829 83890 1431 188080 3987 13922 47986 15776 1297 335451 3830 27405 4810 17603 8848 4580 10502 6493 10829 1071 4484 21275 5403 407614 10250 1434 2244 33623 660 3147 2775 777 1812 17523 54973 29170 2952 2439 2588 3319 396181 4361 7014 21719 4936 13368 2022 63479 815 6641 4701 84200 3702 685 12962 3132 1013 4377 2150 4105 10403 1447
internal_value=-1.90173 -1.44936 -1.22183 -1.98575 -1.7562 -1.77166 -1.37467 -1.86696 -1.29389 -2.0004 -1.91478 -1.68715 -1.58834 -1.76497 -1.60209 -1.22053 -1.28288 -1.16383 -1.30257 -2.0085 -1.9708 -1.68889 -1.29367 -1.144 -1.62853 -1.98556 -1.55356 -1.224 -2.01377 -1.70051 -1.63885 -1.93114 -2.0062 -1.72242 -1.99351 -1.23199 -1.5638 -1.9669 -1.35997 -1.69303 -1.99494 -1.9305 -1.6652 -1.7162 -1.75661 -1.60687 -1.60234 -1.17545 -1.41404 -1.71652 -1.97207 -1.93967 -1.82581 -1.26009 -1.82712 -1.33425 -1.50328 -1.37872 -1.56269 -1.78686 -1.93659 -1.92968
internal_weight=636983 99778.2 58489.1 537205 32220.4 41289.1 7992.74 33296.4 10684.1 504984 43638.5 11894.8 8466.24 5643.41 2965.94 6255.5 5515.79 52845.7 6609.07 461346 56623.5 4220.29 2647.63 46236.6 3653.65 21536.3 864.382 5519.41 404722 1089.66 831.376 3428.59 38122.7 5818.61 52403.3 5082.87 3003.35 21401.6 1785.62 5274.91 52282.2 7499.68 1285.78 4899.75 3713.44 2669.67 521.094 7718.18 542.796 3155.5 21125.9 11643.3 2125.75 1264.53 1611.77 1354.17 276.598 1718.82 330.855 2919.03 1707.29 1737.24
internal_count=5635248 882716 517440 4752532 285047 365276 70710 294566 94520 4467485 386060 105231 74899 49926 26239 55341 48797 467514 58469 4081425 500936 37336 23423 409045 32323 190527 7647 48829 3580489 9640 7355 30332 337263 51476 463600 44967 26570 189335 15797 46666 462529 66348 11375 43347 32852 23618 4610 68281 4802 27916 186896 103006 18806 11187 14259 11980 2447 15206 2927 25824 15104 15369
is_linear=0
shrinkage=1


Tree=1
num_leaves=63
num_cat=0
split_feature=4 29 13 12 26 26 1 21 8 13 26 21 14 20 20 13 21 17 20 21 29 13 12 7 17 13 26 26 7 24 27 26 30 30 17 24 7 13 13 24 21 14 1 3 21 20 29 14 27 24 8 21 13 21 24 0 25 7 13 26 11 26
split_gain=2.05571e+06 256697 71373.8 48162.8 32510.3 22634.4 14629.5 9638.3 10946.5 6385.22 46977.9 10987 4958.27 4905.86 4733.8 4222.59 4023.96 3798.03 3729.63 3620.57 3281.03 3096.9 3058.13 2477.9 2450.83 4147.44 2349.94 2304.15 2151.03 2145.64 1838.65 3350.97 1830.33 1607.19 1474.01 1463.85 1423.11 1415.46 1383.36 1382.43 1374.15 1203.57 1186.98 1139.52 1104.21 959.784 921.66 856.815 791.936 760.275 725.19 698.327 1432.66 681.804 1482.76 680.694 972.06 702.698 643.436 613.416 604.99 588.803
threshold=1.0000000180025095e-35 1.0000000180025095e-35 90.595520019531264 51.471860885620124 0.44949495792388922 0.21111111342906955 5.5000000000000009 0.12701612710952762 6.5000000000000009 53.001201629638679 0.44949495792388922 0.56385868787765514 0.93750000000000011 98.124923706054702 57.795139312744148 70.087718963623061 0.1132478639483452 8.5000000000000018 99.80237197875978 0.8603896200656892 1.0000000180025095e-35 69.282051086425795 50.373134613037116 1.0000000180025095e-35 4.5000000000000009 56.33012771606446 0.44949495792388922 -1.0000000180025095e-35 1.5000000000000002 7.5000000000000009 1.5000000000000002 0.63068181276321422 1.0000000180025095e-35 1.0000000180025095e-35 4.5000000000000009 7.5000000000000009 1.0000000180025095e-35 81.120250701904311 84.028984069824233 7.5000000000000009 0.43874999880790716 0.13392857462167743 4.5000000000000009 4.5000000000000009 0.35857143998146063 97.68778228759767 1.0000000180025095e-35 0.18333333730697635 1.5000000000000002 8.5000000000000018 11.500000000000002 0.30217391252517706 83.047893524169936 0.82480818033218395 7.5000000000000009 0.47759336233139044 2.5000000000000004 6.5000000000000009 63.245613098144538 0.31666667759418493 26.158231735229496 0.23611111193895343
decision_type=2 2 2 2 2 2 2 2 2 2 2 2 2 2 2 2 2 2 2 2 2 2 2 2 2 2 2 2 2 2 2 2 2 2 2 2 2 2 2 2 2 2 2 2 2 2 2 2 2 2 2 2 2 2 2 2 2 2 2 2 2 2
left_child=9 3 4 6 12 13 19 8 15 -1 11 33 18 16 -12 -5 -4 22 24 40 58 23 -6 -16 25 -3 32 -20 -17 34 -24 -32 39 42 41 44 60 61 -22 45 -2 -18 55 -42 -19 -7 -35 -40 -46 -34 -10 -44 -53 -26 59 -11 57 -57 -13 -55 -21 -27
right_child=1 2 5 7 17 26 -8 -9 50 10 14 20 -14 -15 21 28 29 35 27 36 38 -23 30 -25 53 37 -28 -29 -30 -31 31 -33 49 46 -36 -37 -38 -39 47 -41 43 -43 51 -45 48 -47 -48 -49 -50 -51 -52 52 -54 54 -56 56 -58 -59 -60 -61 -62 -63
leaf_value=-0.11233211489943154 -0.069478257760602097 -0.080435075156904415 -0.099279623026198915 0.0039258623263289964 0.023059950276842045 0.16152815801353754 -0.074049682775689574 0.41267595431456883 0.092943207791122306 -0.0824928588870944 -0.033841334596494618 0.11929377845166916 0.27291931811440856 0.3648760543814496 0.25661429013930065 0.42025237656025416 0.5177976346193186 -0.047972226448300792 0.050268024086323304 0.46103280785294515 -0.012139146745021302 0.37660634978357904 0.38683233452335442 -0.1027552130628465 -0.073049012797680085 0.012226749115430407 0.39784231574088835 0.47604830531634273 0.17108464513242275 0.27617153032371322 0.088018704771235065 0.34186887565325402 0.42208808830227734 0.30947473573990619 -0.089922580793148438 0.042642391275015117 -0.10584461015002052 0.1960324272224726 0.49115009808717097 0.35101857568691835 0.31556574789735814 0.13124102718467084 -0.10671583909568666 0.071378834804331021 0.42617515824626573 0.42390784996183384 -0.026910571823186326 0.13510960956031703 0.16381918998405215 0.1148797504996325 -0.076717077646127729 -0.08579259378752728 0.12005747560579033 -0.044332013951995299 -0.036569040097821345 0.092454394670364648 -0.10595955001926614 -0.059254019025964777 0.39531716610689005 0.50149984165357997 0.3247772558182252 0.13482443580969136
leaf_weight=369600.24493974447 265.9365866407752 2760.489982843399 722.48343190550804 316.8166963160038 428.7742213755846 1343.0717933699489 2620.3886353448033 101393.63299977034 398.67513711750507 7773.8316900283098 457.69649349153042 104.03764997422695 507.740040615201 960.78632915019989 753.38196455687284 2640.5918126925826 81.602857835590839 110.67174910753965 321.31227672845125 685.88369197398424 961.38333278149366 2196.3023000732064 1589.156252078712 257.42754933238029 15787.850238345563 1488.9359573349357 7006.2602018862963 210.27370943874121 398.79178019613028 1109.9303546249866 836.57005160301924 1374.2526456043124 1081.8936110138893 143.41400643438101 301.96703077107668 1246.796376645565 58.987536460161209 886.77356671541929 82.073144316673279 808.34512086212635 385.23430387675762 6221.4992755204439 94604.727859258652 379.23973512649536 246.42691096663475 155.56428196281195 188.51944896578789 383.04918303340673 215.82222017645836 87.038124099373817 684.49050403386354 2204.2637598589063 399.35128976404667 27.409225642681122 545.1454009488225 806.38164854794741 784.98972837626934 491.35457308590412 448.62177637964487 82.74516748636961 620.82117705047131 531.61837644129992
leaf_count=3547296 2503 26126 6848 2991 3864 9931 25027 559557 3499 72054 3780 695 3711 5835 4522 16797 533 1018 2612 5101 8739 12343 9461 1830 147306 13508 39375 1430 3390 7944 6825 8442 6637 994 2625 9920 554 7364 538 5499 3071 47739 905940 3375 1731 952 1748 2958 1710 604 6416 21052 3049 223 4572 7059 7223 4614 2533 554 4503 4598
internal_value=-0.00301027 0.30771 0.117311 0.39201 0.0178044 0.263458 0.0892498 0.406361 0.262138 -0.105971 -0.085173 -0.0969733 -0.0361309 0.150771 0.267007 0.351346 0.126391 0.22424 -0.0430611 0.267835 0.136498 0.309942 0.276222 0.165092 -0.049354 0.00735312 0.364492 0.218689 0.38756 0.147524 0.304787 0.245813 0.29727 -0.101276 0.125906 0.103441 0.374608 0.0907075 0.0563569 0.245617 0.126318 0.136246 -0.101957 0.19443 0.235753 0.188764 0.118427 0.197935 0.303682 0.399213 -0.0142711 -0.10531 -0.0542186 -0.0689005 0.0310486 -0.0688906 -0.0181197 0.0350139 0.343356 0.365683 0.396297 0.0444828
internal_weight=642570 159929 49079.2 110849 29198.8 19880.4 5016.49 105833 4439.37 482641 113041 109376 23150.3 9398.27 3664.81 3356.2 8437.48 6048.47 22642.6 2396.1 1979.17 3207.11 4228.75 1010.81 22111 5667.82 10482.2 531.586 3039.38 7715 3799.98 2210.82 3475.91 107397 6605.07 1819.72 1365.69 2907.33 1426.51 2306.98 1030.41 6303.1 107065 764.474 572.921 1498.64 331.933 465.122 462.249 1168.93 1083.17 97208.3 2603.62 16443.2 655.3 9856.56 2082.73 1297.74 552.659 110.154 1306.7 2020.55
internal_count=5635248 1026281 389497 636784 254975 134522 44134 592650 33093 4608967 1061671 1039196 212004 71524 22475 23178 65689 42971 208293 19107 15463 18695 28592 6352 204251 51596 62998 4042 20187 58841 24728 15267 23623 1023733 50897 14379 10158 25470 12235 16382 8949 48272 1020991 6446 4459 10883 2742 3496 3441 7241 9915 930041 24101 152655 5349 90950 18896 11673 3228 777 9604 18106
is_linear=0
shrinkage=0.1


Tree=2
num_leaves=63
num_cat=0
split_feature=0 9 19 9 29 9 26 17 19 26 1 7 29 19 21 26 7 19 19 26 9 3 26 26 1 9 7 10 19 19 3 14 17 19 27 10 26 26 9 7 21 21 10 14 14 26 19 25 19 24 10 21 20 3 21 18 3 10 21 20 14 7
split_gain=1.15412e+06 132494 85237.7 83408.1 66654.5 32896.1 114920 27843.2 16841 11336.9 9381.03 9363.52 8530.89 8179.14 7639.36 5893.41 5790.74 5412.22 4614.33 4992.87 4013.36 3837.19 3832.72 3711.88 2979.33 2442.07 2343.98 6630.47 2053.28 2031.32 1690.62 1646.73 1646.51 1604.76 1340.94 1253.13 1246.7 1219.28 1149.07 2839.51 1122.18 1095.55 1077.68 1039.37 1013.99 1012 1179.07 1003.75 978.405 971.38 950.787 946.1 1214.49 935.354 927.667 861.648 2024.25 2806.23 858.477 792.853 790.684 782.683
threshold=0.5247059464454652 43.288288116455085 96.315685272216811 47.124916076660163 1.0000000180025095e-35 57.321428298950202 0.29285715520381933 5.5000000000000009 69.399761199951186 0.26136364042758947 3.5000000000000004 1.0000000180025095e-35 1.0000000180025095e-35 97.833908081054702 0.15075758099555972 0.44949495792388922 2.5000000000000004 49.890829086303718 97.833908081054702 0.63068181276321422 89.386734008789077 2.5000000000000004 0.44949495792388922 0.73214286565780651 5.5000000000000009 74.601570129394545 1.5000000000000002 93.40579986572267 60.479471206665046 98.092205047607436 17.500000000000004 0.31666667759418493 5.5000000000000009 99.760765075683608 1.5000000000000002 86.526824951171889 0.63068181276321422 -1.0000000180025095e-35 48.714567184448249 1.0000000180025095e-35 0.94868421554565441 0.62731480598449718 81.375640869140639 0.84523808956146251 0.2264957278966904 0.44949495792388922 97.833908081054702 3.5000000000000004 99.052112579345717 7.5000000000000009 73.499401092529311 0.64852941036224376 97.81815338134767 5.5000000000000009 0.63961037993431102 1.0000000180025095e-35 5.5000000000000009 86.319076538085952 0.57417583465576183 98.124923706054702 0.93750000000000011 1.0000000180025095e-35
decision_type=2 2 2 2 2 2 2 2 2 2 2 2 2 2 2 2 2 2 2 2 2 2 2 2 2 2 2 2 2 2 2 2 2 2 2 2 2 2 2 2 2 2 2 2 2 2 2 2 2 2 2 2 2 2 2 2 2 2 2 2 2 2
left_child=2 10 5 31 14 35 8 9 21 13 11 23 30 28 16 29 43 -8 19 41 60 -7 32 40 26 48 27 -23 -6 -9 -10 -4 58 34 -17 -1 -36 -30 39 -16 -2 -5 -39 61 -12 46 54 -29 -11 -31 -15 -44 -53 -25 -27 56 57 -26 -19 -43 -14 -3
right_child=1 4 3 18 7 6 17 15 12 25 44 -13 20 50 38 33 -18 22 -20 -21 -22 24 -24 53 55 45 -28 47 37 49 -32 -33 -34 -35 36 -37 -38 42 -40 -41 -42 59 51 -45 -46 -47 -48 -49 -50 -51 -52 52 -54 -55 -56 -57 -58 -59 -60 -61 -62 -63
leaf_value=-0.10999449925077275 -0.016250175565764396 0.20931893471498958 -0.085967274186734222 0.28753887040292525 -0.1112645651083853 0.23827313894004964 -0.047017033253443918 -0.074394807939049401 0.3277533265460979 0.089065894744923893 -0.090680328960002998 -0.11124573202923296 -0.051246207251507671 0.11895463149350337 0.27286843625156476 0.22850638883944555 0.0022723018331568027 0.24172139912181589 0.29707431918788052 0.29729933227814692 0.10027861656649678 -0.054031518596699246 0.28704618488084538 0.24112675916870829 -0.049727234674676907 0.25735052467770042 -0.081182870577040267 0.30556790524711241 0.2518989255944637 0.19934630982478108 -0.013800026886714542 0.28222467976636573 0.013262378562882763 0.25290129633676789 -0.057016705464522602 0.26755924328465513 0.13560240841752347 -0.034103770954643987 0.30402287997096272 -0.10283029377832552 0.27982984159190977 -0.005859307676065087 0.14637397828874252 0.28928837816796887 0.19662450138047596 0.29456266255877889 0.30250004947587006 0.034972128042833596 0.25945253495967802 0.00049580605615929998 0.31063318129614997 0.034978588010840861 0.2146718045941329 0.13542633160644085 0.1078622022586689 -0.11070754999129494 -0.095618835086590664 0.27113971514286284 0.079377878148618103 0.28111979673975374 0.16945284179298503 -0.093243166255032539
leaf_weight=325054.92926003784 1447.950526677072 256.97112088650465 13922.345693998039 162.06919009238482 623.81783033162355 344.88555137068033 612.14705610275269 6238.8567149117589 1120.9837223365903 1076.223868444562 10556.99433875829 2205.4531043693423 5222.4299502521753 300.64255475252867 1450.0994071960449 432.04097753018141 1468.2260763794184 1202.1360526233912 10432.877251461148 1389.0484370738268 2976.8459640815854 3487.5881635248661 9229.5634722262621 1920.5432029515505 1250.3014535605907 726.11559489369392 9168.6912403181195 709.21639284491539 382.19661239534616 397.83355636894703 166.43660341948271 122.54025261849165 684.78762090206146 704.89560990780592 775.65301334857941 87.933529794216156 592.84301753342152 888.20668475329876 104543.72132571787 233.57372646033764 140.42531536519527 1399.4078826159239 1702.6556997895241 1842.9321442246437 124.28851561993361 7877.9261086434126 1166.8089221715927 169.9269950017333 490.66218950599432 642.24470978230238 1858.6323717013001 3208.537440598011 426.06862153857946 1484.1420817524195 969.24773985147476 52693.259100079536 26686.849657483399 348.55233040452003 446.79420209676027 103.38232178241014 167.5387915968895 128.1285457611084
leaf_count=3403603 13224 1886 141185 1240 6439 2160 5530 60452 6212 7545 108137 22892 51459 2197 7612 2355 13703 7953 50437 6477 21296 33625 44663 11056 12622 4391 92137 3489 2439 2447 1367 754 6683 3974 6389 568 3658 8334 478328 1972 828 11826 11521 9568 814 37292 5689 1404 2574 5224 9686 24021 2394 10186 6427 547099 276554 2951 3226 764 1149 1161
internal_value=-0.00397598 0.228612 -0.0829083 0.0878074 0.261043 -0.093546 -0.0479984 0.132752 -0.0818702 0.195904 -0.0278733 0.0603603 0.0439583 0.113155 0.297785 -0.00729271 0.15646 0.242756 0.265428 0.157316 0.00708444 -0.0946763 0.258096 0.136159 -0.0958912 0.259046 -0.0524641 0.00783579 0.062158 -0.0528255 0.283598 -0.0827548 0.143603 0.124992 0.0749165 -0.109892 0.0264274 0.0785305 0.302703 0.220748 0.0099257 0.0405226 0.067887 0.258067 -0.0873372 0.27606 0.225134 0.253265 0.142422 0.0765568 0.283945 0.0848599 0.0560432 0.195051 0.171887 -0.10315 -0.0890709 0.0202222 0.197733 0.013883 -0.0443861 0.108652
internal_weight=628649 159286 469363 27531.7 141406 441832 116689 31482.1 104514 21697.7 17879.8 7198.51 9654.24 9390.76 109924 9784.37 3696.26 12175.4 13486.8 3053.91 8366.81 94859.3 11563.3 4993.06 94514.4 12307 13535.4 4366.73 7231.48 7278.93 1287.42 14044.9 2333.72 2505.43 1800.54 325143 1368.5 6607.67 106227 1683.67 1588.38 1664.86 6225.47 2228.03 10681.3 10740.1 2862.17 879.143 1566.89 1040.08 2159.27 5337.26 3634.61 3404.69 1695.36 80979 28285.7 1598.85 1648.93 1502.79 5389.97 385.1
internal_count=5635248 896815 4738433 212683 729678 4525750 1121579 215448 1053524 130949 167137 58186 81483 67031 514230 84499 26318 68055 70744 20307 73904 972041 62525 35294 969881 63918 130655 38518 55148 68123 7579 141939 17862 16376 12402 3404171 10047 48709 487912 9584 14052 13830 46270 12615 108951 53799 16507 4893 10119 7671 11883 37936 26415 21242 10818 839226 292127 15573 11179 12590 52608 3047
is_linear=0
shrinkage=0.1


Tree=3
num_leaves=63
num_cat=0
split_feature=0 11 19 9 29 28 13 26 19 13 1 21 26 19 28 19 18 0 20 19 28 19 26 13 26 24 19 25 9 13 13 10 9 21 20 10 18 14 13 14 28 14 24 13 19 25 13 9 26 19 29 9 11 28 1 24 30 14 13 25 1 28
split_gain=909625 105858 66406.2 59543 48878.1 28175.5 27919.7 84917.6 12662.3 10723.9 8297.02 6333.67 5813.85 5287.78 5094.56 4994.47 3196.78 3335.68 3124.17 3106.88 4185.06 2677.31 2647.24 2349.4 2220.86 1843.28 1652.65 1539.99 1470.09 1290.36 1283.4 1237.19 1141.23 1135.14 1106.29 1090.6 1026.68 1005.73 978.035 833.498 831.832 803.389 797.037 898.114 725.062 1057.45 707.214 688.923 3753.2 1873.74 680.719 662.7 660.156 642.741 949.568 642.461 781.383 611.505 603.233 578.664 573.834 681.483
threshold=0.50929623842239391 43.826219558715827 96.019802093505874 45.867485046386726 1.0000000180025095e-35 1.0000000180025095e-35 58.123168945312507 0.21111111342906955 67.806350708007827 92.718276977539077 3.5000000000000004 0.15075758099555972 -1.0000000180025095e-35 97.68778228759767 1.0000000180025095e-35 47.84466743469239 1.0000000180025095e-35 0.40096087753772741 99.80237197875978 97.833908081054702 1.0000000180025095e-35 58.937969207763679 0.44949495792388922 89.417694091796889 0.23611111193895343 7.5000000000000009 98.295398712158217 2.5000000000000004 39.369100570678718 86.526824951171889 88.493064880371108 24.068965911865238 51.66851997375489 0.64495798945426952 97.68778228759767 88.047618865966811 91.905540466308608 0.2264957278966904 87.841831207275405 0.93750000000000011 1.0000000180025095e-35 0.18333333730697635 8.5000000000000018 87.841831207275405 99.052112579345717 9.5000000000000018 69.00656890869142 46.709957122802741 0.44949495792388922 75.44385147094728 1.0000000180025095e-35 55.35188293457032 47.124916076660163 1.0000000180025095e-35 5.5000000000000009 7.5000000000000009 1.0000000180025095e-35 0.18333333730697635 90.070423126220717 9.5000000000000018 5.5000000000000009 1.0000000180025095e-35
decision_type=2 2 2 2 2 2 2 2 2 2 2 2 2 2 2 2 2 2 2 2 2 2 2 2 2 2 2 2 2 2 2 2 2 2 2 2 2 2 2 2 2 2 2 2 2 2 2 2 2 2 2 2 2 2 2 2 2 2 2 2 2 2
left_child=2 10 6 37 11 24 35 8 16 18 14 27 46 21 28 -9 17 -8 26 20 -5 -11 30 -14 29 -19 39 58 31 57 40 -2 60 -23 36 47 -35 53 -22 -7 -17 -25 -26 -44 45 -28 -10 -1 -49 -50 -42 -21 -13 54 -4 56 -32 -6 -3 -24 61 -12
right_child=1 4 3 19 5 9 7 15 12 13 32 52 23 -15 -16 22 -18 25 -20 51 38 33 59 41 42 -27 44 -29 -30 -31 55 -33 -34 34 -36 -37 -38 -39 -40 -41 50 -43 43 -45 -46 -47 -48 48 49 -51 -52 -53 -54 -55 -56 -57 -58 -59 -60 -61 -62 -63
leaf_value=-0.10970344871439325 0.13971787282602094 0.044479371547556726 0.056279608553906402 0.24370188967396858 0.2211967147395848 -0.060287311104431279 -0.083444700911767089 -0.062357590631234076 0.07560770823773913 -0.10977290252303261 -0.011465533225835706 0.16477942691669886 -0.049276006733361077 0.24181365536680161 -0.07755207764105515 0.43717735652321982 -0.10930479130728353 -0.022848743775301078 0.32721271261733226 0.15752756564266962 -0.025855585108506041 0.13975985688238232 0.23965696901940234 0.36000898435211864 0.26000562309580177 0.1388143409376793 0.18095307785624318 -0.10791894006308378 0.19026977630303205 0.20987660871522298 0.083858503197136544 0.028786686886597791 0.18749737781317913 0.099752915613796414 0.18313999032594713 0.23241341931764881 -0.002891682545886893 0.18605086465646103 0.1328981559434525 0.13451740237274465 0.3169521976945251 0.059507779363929994 0.15664667398115895 0.24198537935529948 0.28963172314747776 -0.04610298466525125 0.24740686353488153 -0.10234439715030189 -0.054926795874107849 0.18971720467244202 0.021317674496334569 0.2475002901234841 0.24974746333437448 -0.10062508153630854 -0.076175283327705068 0.27813667851267793 0.27930274603123362 -0.0073456923545735797 0.15677399978139239 0.10303574711631405 -0.10314528630995477 -0.099234912564726607
leaf_weight=281096.23728262633 1606.9131945520639 551.96002749353647 674.12027058005333 1690.8738249093294 139.50742427259684 9046.3429426476359 28656.839079625905 721.60620752722025 299.29477493464947 745.44498150795698 1791.153027869761 921.64286532998085 4329.0788492634892 2325.9617803096771 2307.4719925150275 54.853535518050194 50816.249998897314 4676.2122676670551 233.87532911449671 895.01735977828503 1225.5098156034946 2765.5715145766735 8829.7018247097731 92.132570803165436 6749.3865345269442 830.56523872166872 343.31199705600739 262.61148082464933 1340.7206753343344 729.07546947896481 696.5941212400794 2685.6947327032685 151.93541148304939 1663.2910579070449 619.97183798998594 93.850171834230423 2352.9736382588744 136.07752419263124 567.89490396529436 225.10230217128992 83.080395489931107 2590.08557318151 2060.6823388561606 3071.1485757231712 141.61995374411345 509.5413164794445 1201.5982289463282 15431.284204542637 579.95795388519764 680.3127401098609 1245.6323579400778 9593.6287335082889 116318.43071524799 9496.9507443681359 2745.7873736843467 525.61921381950378 289.60222810506821 728.11569679528475 3588.1828656196594 321.3014317303896 8031.8288285061717 1747.9547080621123
leaf_count=3216543 10638 4535 6342 7360 1115 88068 314049 7062 2459 8387 18498 5252 43825 10606 24405 410 573285 47238 1165 5238 10900 16194 38736 475 29422 6342 1901 2519 7202 3599 4200 20527 787 11147 3062 529 16692 822 3961 1452 541 17963 10427 13005 944 3838 6293 174535 5757 5052 11400 41327 489205 104615 30079 2801 1445 5835 23194 1586 89069 19388
internal_value=-0.00441483 0.187333 -0.0825771 0.0691832 0.214878 0.109728 -0.0927257 -0.0487183 -0.0817543 0.0372321 -0.0313256 0.244658 0.034526 0.108829 0.0475992 0.193184 -0.0934018 -0.0697471 -0.0341838 0.212645 0.130832 0.0708634 0.208491 -0.00371129 0.22254 0.00153425 -0.042417 0.126908 0.0988626 0.111809 0.125152 0.0703131 -0.0847875 0.0890555 0.0588097 -0.108424 0.0396174 -0.0843899 0.024415 -0.0555576 0.0555573 0.0698298 0.237421 0.207718 0.0800923 0.0452973 0.213148 -0.108531 -0.088793 0.0771357 0.0398028 0.239823 0.24908 -0.087239 -0.0500662 0.188843 0.141252 0.0294022 0.141803 0.23486 -0.0883628 -0.0548146
internal_weight=606925 175757 431168 27025.9 156094 34450.9 404142 106260 93492.1 20973 19663.7 121643 8512.19 10473.2 7940.8 12768 84979.9 34163.6 10499.8 13972.9 3484.28 8147.25 12046.4 7011.3 13477.9 5506.78 10265.9 4402.75 5633.33 1596.7 2895.38 4292.61 11722.9 7401.81 4636.24 297882 4016.26 13052.9 1793.4 9271.45 1383.57 2682.22 11881.2 5131.83 994.473 852.853 1500.89 297788 16691.6 1260.27 1328.71 10488.6 117240 12916.9 3419.91 1511.82 986.196 867.623 4140.14 9151 11570.9 3539.11
internal_count=5635248 942078 4693170 210644 751564 226859 4482526 1080110 1011929 163456 190514 524705 71015 66088 62772 68181 940914 367629 97368 68786 22221 55482 61119 62263 63403 53580 96203 30248 38367 10549 20797 31165 127742 47095 30901 3402416 27839 141858 14861 89520 12351 18438 52854 23432 6683 5739 8752 3401887 185344 10809 11941 46565 494457 141036 36421 8446 5645 6950 27729 40322 126955 37886
is_linear=0
shrinkage=0.1


Tree=4
num_leaves=63
num_cat=0
split_feature=4 29 28 17 12 21 12 26 21 10 26 21 18 7 9 7 21 9 18 12 18 9 28 29 1 1 1 14 29 9 21 12 24 29 3 14 18 7 9 24 17 9 21 7 24 21 18 17 21 7 7 21 29 21 14 29 21 9 1 11 28 10
split_gain=1.01098e+06 72851.1 34873.6 16974 9714.34 6592.99 6194.45 25541.7 5524.56 5501.42 3139.93 2849.45 2666.47 2421.58 2363.28 3153.59 2096.25 1683.63 1552.22 1460.72 1457.61 1417.62 1325.21 1316.26 1202.85 1150.31 1053.23 930.466 900.144 886.559 857.204 805.416 664.908 661.055 1385.62 1390.93 951.75 1104.99 619.911 614.884 774.966 551.438 1055.34 512.246 507.584 524.398 496.809 464.484 462.092 453.98 447.05 444.435 421.937 413.245 402.222 388.632 640.907 505.155 380.218 379.783 366.489 358.728
threshold=1.0000000180025095e-35 1.0000000180025095e-35 1.0000000180025095e-35 4.5000000000000009 48.074073791503913 0.53452381491661083 62.622549057006843 0.29285715520381933 0.56385868787765514 74.601570129394545 0.23611111193895343 0.12701612710952762 97.68778228759767 19.500000000000004 77.003208160400405 1.0000000180025095e-35 0.048809524625539787 87.007671356201186 91.905540466308608 50.373134613037116 98.048732757568374 84.561214447021499 1.0000000180025095e-35 1.0000000180025095e-35 5.5000000000000009 25.500000000000004 6.5000000000000009 0.93750000000000011 1.0000000180025095e-35 27.639257431030277 0.22401433438062671 52.277431488037116 7.5000000000000009 1.0000000180025095e-35 29.500000000000004 0.81666666269302379 1.0000000180025095e-35 4.5000000000000009 69.631092071533217 9.5000000000000018 8.5000000000000018 44.033897399902351 0.26201373338699346 1.0000000180025095e-35 7.5000000000000009 0.65942031145095836 96.162029266357436 8.5000000000000018 0.75595238804817211 1.0000000180025095e-35 1.0000000180025095e-35 0.16397849470376971 2.5000000000000004 0.44722221791744238 0.15476191043853763 1.0000000180025095e-35 0.28801843523979193 77.459678649902358 5.5000000000000009 75.181159973144545 1.0000000180025095e-35 45.867485046386726
decision_type=2 2 2 2 2 2 2 2 2 2 2 2 2 2 2 2 2 2 2 2 2 2 2 2 2 2 2 2 2 2 2 2 2 2 2 2 2 2 2 2 2 2 2 2 2 2 2 2 2 2 2 2 2 2 2 2 2 2 2 2 2 2
left_child=6 4 10 9 5 -2 59 8 24 17 21 -9 16 25 15 28 -11 31 32 26 27 47 29 -10 33 41 -12 -5 -13 49 -27 -4 52 34 35 43 37 -37 -25 -21 -41 42 -6 -8 45 46 -20 61 -22 -7 -44 -38 -18 -34 -40 56 -26 -58 -31 -1 -30 -3
right_child=1 2 3 20 13 22 7 11 23 12 19 14 -14 -15 -16 -17 18 -19 44 39 48 -23 -24 38 55 30 -28 -29 60 58 -32 -33 53 -35 -36 36 51 -39 54 40 -42 -43 50 -45 -46 -47 -48 -49 -50 -51 -52 -53 -54 -55 -56 -57 57 -59 -60 -61 -62 -63
leaf_value=-0.10885071926578434 -0.085291525470025664 -0.037434317772232169 -0.095615956660966284 -0.070249319532475638 -0.045645065267741952 0.25103547677141969 0.0036035761503981668 -0.088992665860313638 0.16890847706941284 -0.10888934203742705 0.21053959664295385 0.17088565591111204 0.21132658109661354 -0.063719549361951275 0.19617493543675227 -0.11192589997341418 0.10834445938851184 0.24782167912472228 0.080645295050352908 0.22341905980613236 0.17146274030893982 0.17349132835204606 -0.00070152248449968353 -0.057974361563527414 -0.095055999744886419 -0.060437735932756781 -0.064450689278699375 0.13440015735513652 0.12903547394966242 0.14508852425104998 0.17772414659702848 -0.0028535708722502631 0.2325906375007637 -0.10461917337035279 -0.088969925733609317 0.16772508831220001 -0.10979030178242857 -0.0017035867506088782 0.25107981128652862 0.19464361837837074 0.067080645107822828 0.2169764306147707 0.28930605904690548 -0.10051420647727226 0.12367713540007966 0.018509721871673462 0.32745686580744393 -0.055577322318516843 0.00631022347010648 -0.11214193569042341 -0.053592385494970196 0.20745378600391429 -0.048521485975481921 0.13989065627171215 0.041435126257834985 -0.10758472533705372 -0.039067050155814104 0.19171455384164818 -0.026343722325745219 0.12472099717576174 -0.02205745355040958 0.11007664281990699
leaf_weight=278261.06455896795 1736.383062876761 240.65593751519918 1560.1425937414169 14395.215164139867 102.548154912889 1386.4820762276649 692.9329935759306 641.77072877436876 769.0082710236311 515.23809718340635 235.69793621450663 1543.0204984992743 2039.1089220568538 307.60738002508879 2951.0984871909022 722.53457425534725 6700.322629660368 214.46651447564363 575.68270979821682 10757.127366282046 314.51128930598497 928.65572533011436 419.10765313357115 728.22988640516996 32063.631362587214 252.25339435786009 340.4790630787611 225.64941727370024 253.92752477526665 779.88018143922091 376.97116746008396 2339.6876986995339 662.60557190328836 3744.068311072886 5301.4133453294635 797.23118845373392 421.37033231556416 744.31770011037588 108.08601925522089 4203.5029895678163 537.10048726201057 140552.77464729548 2048.2103969678283 1485.5940846428275 774.29846327006817 3257.1783208847046 95.017506077885628 571.42098700255156 367.23620439320803 35.295252777636051 38.740255355834961 49.328787848353386 175.97441201657057 1753.5511641353369 596.96413157135248 45660.724604845047 383.93870937079191 125.96442868560553 155.10446757078171 69.631227038800716 436.49055680632591 523.44379618018866
leaf_count=3456493 20572 2388 18745 154564 1081 8272 6857 6439 3693 6103 1779 7906 8759 2729 12903 5855 41089 1054 3420 45109 1622 4584 4289 7782 384590 2530 3766 1421 1459 4548 1893 21131 3823 43724 59282 6233 4607 7268 568 17625 2992 577489 10879 16664 4050 22468 515 5149 2911 371 338 260 1115 9271 4588 562459 3915 624 1793 573 4225 4044
internal_value=-0.00464224 0.17571 0.0766252 0.0194031 0.212019 0.067543 -0.101116 -0.0797986 -0.0931467 0.0785224 0.188853 0.111129 0.10425 0.216556 0.132871 0.0696716 0.0892023 -0.0249621 0.0964955 0.204383 -0.0604264 0.0786007 0.163145 0.0633645 -0.096915 0.217157 0.0480402 -0.0670909 0.12842 0.192282 0.0822461 -0.0399635 0.120186 -0.0690358 -0.0550004 -0.0120282 0.0479159 0.0859186 0.00673618 0.210196 0.180191 0.217752 0.267551 -0.067397 0.0496776 0.0350901 0.115611 0.0126184 0.0825002 0.24202 0.282941 -0.0765434 0.10433 0.165313 0.0735742 -0.101632 -0.0932871 0.0179443 0.11665 -0.108792 0.0335127 0.0636175
internal_weight=581048 202495 54304 35965.9 148191 4512.25 378552 100222 93672.8 20663.3 18338.1 6548.84 16549 143679 5907.07 2955.97 14509.9 4114.3 13994.6 16073.9 15302.6 2264.18 2775.87 2202.29 91470.5 143371 576.177 14620.9 2233.44 2356.76 629.225 3899.83 9292.45 13236.3 9492.19 4190.78 2012.25 1541.55 1433.28 15497.7 4740.6 142742 2189.5 2178.53 4702.18 3927.88 670.7 1335.52 681.747 1421.78 2086.95 470.699 6876.3 2416.16 705.05 78234.3 32573.5 509.903 934.985 278331 690.418 764.1
internal_count=5635248 1026281 389497 302061 636784 39845 4608967 1151901 1113114 141543 87436 38787 100613 596939 32348 19445 91854 40930 85751 71271 160518 16165 19273 16631 1096483 594210 5545 155985 13590 14984 4423 39876 55298 144895 101171 41889 18368 13501 12938 65726 20617 589787 12298 23521 30453 26403 3935 11581 4533 8643 11217 4867 42204 13094 5156 951588 389129 4539 6341 3457066 5684 6432
is_linear=0
shrinkage=0.1


Tree=5
num_leaves=63
num_cat=0
split_feature=0 12 13 19 29 29 17 26 26 19 7 7 1 19 26 1 13 7 10 19 19 19 12 19 19 26 14 17 13 14 19 7 14 8 12 7 29 20 19 10 7 10 6 7 8 27 19 10 21 26 26 9 12 19 17 13 26 7 7 21 0 0
split_gain=618353 80084.9 50412.3 103835 31765.6 15817 13122.7 5940.52 5821.25 5505.44 4135.67 3938.39 4864.05 3937.92 3396.27 2914.47 2736.76 2053.56 4290.64 1865.39 1854.66 1676.09 4467.39 1497.19 1448.7 1306.94 1106.71 1058.24 1026.88 1020.33 984.715 974.754 869.515 865.511 862.162 790.995 773.813 725.644 682.014 653.99 642.427 1294.5 688.086 4806.16 618.912 607.118 599.45 679.852 595.313 585.798 573.853 560.672 757.887 549.011 535.982 526.704 517.079 513.305 505.56 490.308 464.124 456.884
threshold=0.49591204524040228 54.72370910644532 51.520736694335945 66.496597290039077 1.0000000180025095e-35 1.0000000180025095e-35 5.5000000000000009 0.23611111193895343 0.21111111342906955 56.152366638183601 2.5000000000000004 1.0000000180025095e-35 4.5000000000000009 97.833908081054702 0.44949495792388922 5.5000000000000009 86.72955703735353 1.5000000000000002 93.40579986572267 96.884704589843764 63.665315628051765 97.575668334960952 55.646631240844734 97.833908081054702 98.092205047607436 0.26136364042758947 0.18333333730697635 5.5000000000000009 69.00656890869142 0.095454547554254546 1.0000000180025095e-35 1.0000000180025095e-35 0.13392857462167743 8.5000000000000018 65.419578552246108 1.0000000180025095e-35 1.0000000180025095e-35 98.421009063720717 97.68778228759767 90.366767883300795 1.0000000180025095e-35 92.718276977539077 1.0000000180025095e-35 5.5000000000000009 5.5000000000000009 1.5000000000000002 45.246784210205085 74.322341918945327 0.75595238804817211 -1.0000000180025095e-35 0.44949495792388922 21.483516693115238 48.074073791503913 98.598102569580092 4.5000000000000009 64.747306823730483 0.63068181276321422 8.5000000000000018 1.0000000180025095e-35 0.64852941036224376 0.74851754307746898 0.80898490548133861
decision_type=2 2 2 2 2 2 2 2 2 2 2 2 2 2 2 2 2 2 2 2 2 2 2 2 2 2 2 2 2 2 2 2 2 2 2 2 2 2 2 2 2 2 2 2 2 2 2 2 2 2 2 2 2 2 2 2 2 2 2 2 2 2
left_child=2 11 21 15 9 34 7 13 16 10 33 12 19 20 24 17 23 18 35 -2 -6 -1 -23 39 -8 30 -16 55 -9 -29 40 -24 -18 -3 58 36 -4 49 54 -7 41 -17 -42 -44 -43 61 -27 -48 -15 -22 53 -21 -53 -30 -34 -10 -47 -12 -5 -51 -26 -28
right_child=1 4 3 5 6 8 14 28 27 -11 57 -13 -14 48 26 25 32 -19 -20 51 37 22 31 -25 60 46 45 29 50 -31 -32 -33 38 -35 -36 -37 -38 -39 -40 -41 42 44 43 -45 -46 56 47 -49 -50 59 -52 52 -54 -55 -56 -57 -58 -59 -60 -61 -62 -63
leaf_value=-0.10668682230302462 -0.047817495358962965 0.17460588312689074 0.042780273524564393 0.11602186871421641 -0.10678629720491351 -0.057972665738605433 -0.066596288880365825 0.08416143372218253 0.058510989248266448 0.19266699482705446 0.019060140354637958 -0.10933549609202212 -0.08712664695495563 0.20750809093058151 0.1921246550689607 -0.061242610825053646 0.25677769585064164 -0.073516739408032744 0.19525645351602897 0.14246143334487449 0.14991093353823834 -0.084216771240259183 0.21996958410057701 0.17839930446192009 0.10909181724485979 -0.081534690793286679 0.16039881071222503 0.23304993107182945 0.1149937156105853 0.015550256207444192 -0.10753716846658655 -0.089462084566573341 0.056322413096346571 -0.044076923664036954 0.18835267716063406 -0.1052693351020982 -0.092488345401381872 0.19287359286370018 0.21810322302168339 0.1322186393767823 -0.10816992830213526 0.36127948233524232 0.22456434600764227 -0.089289429559315348 -0.023410454680516928 -0.053115478763626871 -0.041894018546738458 0.15172393554384256 0.10957660841599166 0.070063325364625423 0.18325056468310683 0.029849731175264762 0.13643877715752073 0.19620525014719098 -0.07785972414809228 0.15713754617802242 0.061842519340090329 -0.0821863292420867 -0.10872908676919807 0.014724354742862766 -0.014693328551056274 -0.0070204685323225482
leaf_weight=244263.22995915264 1576.2766522243619 2957.5938793197274 1265.852460436523 387.72480600327253 854.64812207221985 5622.2935563400388 6248.8326048851013 1543.9903646782041 618.0986980125308 125371.34230776131 1327.0501185059547 7502.6496734768152 5122.3086796700954 1703.7147816047072 663.44948773831129 5453.3787508755922 226.33642642945051 7332.2798010706902 997.63011512160301 1055.9501665458083 470.7354279384017 7622.9912191554904 636.07998467236757 296.82322657108307 662.69891346246004 464.57904715836048 607.70979535579681 257.70023158192635 2877.7486259490252 1322.9444090873003 41591.216093920171 121.20250403136015 3108.7902465388179 192.78237675875425 17458.514434404671 1232.3274175524712 635.073565736413 332.87737955152988 239.20436672121286 186.80347806215286 10471.721622742712 108.9862858876586 520.50979649275541 7791.4313582926989 67.86447761207819 714.01408364623785 332.4721380546689 398.9854589253664 976.50450804084539 2501.2591200470924 9781.8026246204972 2444.9170201271772 917.38580852001905 1171.2161323577166 329.21204152703285 4367.9462755471468 865.62329607456923 804.19530851393938 134.91017624735832 4448.6343567371368 557.89411630481482 222.75011008232832
leaf_count=3335258 16693 14164 11819 2148 11337 64356 70397 8996 4524 505029 10717 95909 64813 7158 3652 67655 1022 88241 4916 6260 2350 95445 3926 1398 4114 4971 2595 1654 15115 10572 561944 1200 19908 1547 72453 15104 7703 1682 1025 1203 136342 838 3876 100008 719 6303 2610 2105 4788 15021 39883 17163 5054 4752 3348 20501 4332 7966 1336 32105 4202 1023
internal_value=-0.00479027 0.143414 -0.0803286 -0.0248791 0.16524 0.119607 0.0837205 0.121065 0.0491445 0.188454 0.0884418 -0.0533522 -0.0155695 0.0659788 -0.0107244 -0.0883521 0.00114534 -0.0417477 0.0146419 0.0455758 0.0330218 -0.105178 -0.0612043 -0.0406634 -0.0471323 -0.0963019 0.0777552 0.122309 0.161511 0.0510103 -0.0981791 0.170445 0.0665425 0.161224 0.184564 -0.0428659 -0.00241113 0.0484325 0.0548333 -0.0518567 -0.0822369 -0.0526077 -0.091118 -0.0696353 0.213659 0.0462717 0.00729722 0.063718 0.171828 0.0419531 0.170145 0.0788953 0.058932 0.138485 0.0434736 0.144911 0.0098802 -0.0191438 0.0580059 0.0346408 0.0525136 0.115493
internal_weight=552344 186479 365865 113222 167859 34557.3 37206.1 26663.1 16576.2 130653 5281.62 18619.5 11116.8 11288.4 10543 78664.3 10009.5 11463.2 4130.88 5994.53 8608.15 252644 8380.27 6105.92 7469.43 67201.1 3073.55 6566.69 15374.8 1580.64 66005.1 757.282 3903.54 3150.38 17981.1 3133.25 1900.93 7753.51 3677.21 5809.1 24413.9 5630.23 18783.7 8311.94 176.851 2410.1 1196.04 731.458 2680.22 7420.63 13830.8 4418.25 3362.3 4048.96 3438 4986.04 1579.64 2131.25 522.635 6949.89 1220.59 830.46
internal_count=5635248 985120 4650128 1214299 779228 205448 239805 143187 129511 539423 34394 205892 109983 74441 96618 1008851 92260 127783 39542 45170 62495 3435829 100571 66957 78713 881068 17905 37251 68746 12226 871382 5126 25303 15711 75937 34626 19522 51158 24281 65559 309438 69212 240226 103884 1557 14253 9686 4715 11946 49476 59750 28477 22217 19867 23256 25025 10635 18683 3484 47126 8316 3618
is_linear=0
shrinkage=0.1


Tree=6
num_leaves=63
num_cat=0
split_feature=0 9 9 19 29 28 29 17 28 1 21 7 7 19 13 28 1 21 7 10 19 9 20 19 3 17 26 13 3 8 7 14 18 3 10 14 7 20 18 21 19 7 13 7 14 9 1 7 28 20 3 19 29 3 7 14 26 17 7 1 26 19
split_gain=522543 62738 42634.7 83728.9 27883.3 15361.2 12704.5 6475.09 6272.13 6069.71 5467.79 5184.1 3594.31 3232.76 2922.41 2509.16 2481.86 2038.17 1569.45 3150.62 1406.79 1439.34 1334.06 1267.72 1253.91 1236.54 1220.69 1061.51 1005.28 919.334 862.43 851.242 829.237 1511.63 2400.53 793.641 784.026 761.475 697.692 686.771 712.225 681.793 681.122 2047.97 680.921 687.936 656.393 1061 1154.12 634.044 633.047 630.664 616.244 1645.87 610.136 596.045 582.278 575.983 532.874 570.619 515.911 494.713
threshold=0.48326757550239569 43.288288116455085 51.316701889038093 66.496597290039077 1.0000000180025095e-35 1.0000000180025095e-35 1.0000000180025095e-35 4.5000000000000009 1.0000000180025095e-35 3.5000000000000004 0.15075758099555972 1.0000000180025095e-35 1.5000000000000002 97.833908081054702 86.72955703735353 1.0000000180025095e-35 5.5000000000000009 0.15075758099555972 1.5000000000000002 92.990501403808608 97.575668334960952 42.462121963500984 99.80237197875978 97.68778228759767 20.500000000000004 8.5000000000000018 0.26136364042758947 77.849929809570327 2.5000000000000004 7.5000000000000009 4.5000000000000009 0.13392857462167743 1.0000000180025095e-35 7.5000000000000009 82.446311950683608 0.93750000000000011 1.0000000180025095e-35 99.180271148681655 92.342185974121108 0.75595238804817211 98.830371856689467 1.0000000180025095e-35 51.520736694335945 1.0000000180025095e-35 0.095454547554254546 61.633426666259773 5.5000000000000009 1.0000000180025095e-35 1.0000000180025095e-35 97.57275772094728 3.5000000000000004 97.22989654541017 1.0000000180025095e-35 7.5000000000000009 1.0000000180025095e-35 0.93750000000000011 0.23611111193895343 4.5000000000000009 1.0000000180025095e-35 5.5000000000000009 0.23611111193895343 97.575668334960952
decision_type=2 2 2 2 2 2 2 2 2 2 2 2 2 2 2 2 2 2 2 2 2 2 2 2 2 2 2 2 2 2 2 2 2 2 2 2 2 2 2 2 2 2 2 2 2 2 2 2 2 2 2 2 2 2 2 2 2 2 2 2 2 2
left_child=2 9 20 16 10 25 24 13 -8 11 12 15 29 17 23 -2 18 -7 19 41 -1 58 44 35 -5 60 28 -19 -18 -3 -14 -16 33 34 -30 54 -23 38 -29 -15 -41 52 43 -12 45 -9 47 48 50 -40 -11 -26 53 -4 -10 -46 -27 61 59 -22 -6 -33
right_child=1 4 3 6 5 7 8 22 14 46 42 -13 30 39 31 -17 26 27 -20 -21 21 36 -24 -25 51 56 -28 37 32 -31 -32 57 -34 -35 -36 -37 -38 -39 49 40 -42 -43 -44 -45 55 -47 -48 -49 -50 -51 -52 -53 -54 -55 -56 -57 -58 -59 -60 -61 -62 -63
leaf_value=-0.10586055026304975 0.10609273274664129 0.17284686053599513 0.18607482163226563 0.1715223903765716 0.1043811992430866 -0.10678188092891439 0.16616113475068003 0.012790837636033857 -0.031190228394000222 0.18599702386512071 0.15655150509381588 -0.10794442653303485 0.054136885430665187 0.18377840739172988 0.22919433830282845 -0.050570586663120587 0.1387864092686196 -0.031320308617936068 -0.072080438008378642 0.16589210328501483 0.025223130026434937 0.12204888644232947 0.2586387913160309 0.14224450537550212 -0.047103975653487951 -0.045651199741615529 0.0049502186284879138 0.077706177089930384 -0.065963225340285175 -0.046272233425224962 -0.052956021522235011 0.057885180235178649 -0.10654439783373121 -0.091188157699325922 0.16505811326555286 0.12773952263950603 -0.10375082058875743 0.25795421531427087 0.0013176194506538071 0.02571734102021039 0.17792073485625293 -0.10434561794682951 0.17577528377264029 -0.099001213354309878 -0.068713898762167921 0.36887057668612599 -0.098900852034657677 -0.10832467758613713 -0.081916114631915435 0.10469747241696528 0.020149289851885219 0.13263660251154286 -0.091043404782084031 -0.05187682971427951 -0.10384883979805944 0.10777180263688516 0.10031610312592605 -0.061510737099235747 -0.10841203776912632 -0.071779592807958287 0.16747537275716215 0.19089638036513429
leaf_weight=220594.32470976561 4936.1708194240928 2600.8712850436568 453.48207012563944 16081.889151833951 1449.167452968657 922.18675594031811 3205.5875827893615 396.3631614819169 5347.8684343323112 322.71068739891052 3102.9574500471354 2103.2593912556767 1471.4172088429332 2034.9733224660158 303.72183368355036 1289.3817909136415 180.52413795888424 1467.5435286387801 6650.3716065660119 952.87155950069427 767.09838432073593 601.57288985699415 136.59875795245171 402.32377587258816 394.80766326189041 362.6424233019352 1201.129968509078 5771.4671064764261 1750.0340598374605 206.69188859313726 1537.9450520649552 4302.4066261425614 38225.324915617704 20439.877979107201 605.37222362309694 270.5626869276166 206.58028950542212 190.41680671274662 2955.6551556885242 729.57535353302956 531.36517730355263 1127.3131098672748 120968.17476983368 348.84604032337666 7144.0348963290453 62.861624769866467 8307.6065207198262 1646.3770169690251 951.26081665605307 742.24932737648487 802.44902375340462 386.13527461141348 578.93124876916409 809.6954757347703 1474.3375810310245 196.6309590190649 1109.1204053908587 380.37033519148827 2979.7624794244766 2895.2873492985964 12259.620991885662 299.06222440302372
leaf_count=3298140 25731 11628 3382 67090 7649 13449 14890 4402 58638 2675 13605 28402 9971 8394 1326 15078 1114 13717 85318 4619 8609 4077 624 1922 3082 3215 10056 31326 23097 1748 15541 24627 565876 283748 5021 1555 2329 812 19650 3564 2270 15140 490599 2994 80326 539 117887 23035 12760 3509 8143 1625 7587 8207 18910 1198 5274 3832 41371 39097 49992 1256
internal_value=-0.00485097 0.127989 -0.080074 -0.027616 0.148001 0.0731907 0.104962 0.0221605 0.04109 -0.0378331 0.170095 0.0277893 0.0753324 0.0600866 0.00972019 0.073646 -0.0872948 0.0360817 -0.0424915 0.00767739 -0.104417 -0.0616791 -0.0511707 -0.0304359 0.165513 0.151454 -0.0948857 0.0479216 -0.0968451 0.156715 -0.000593317 0.0666627 -0.0975422 -0.0824465 -0.00658752 -0.0402308 0.0643299 0.0599603 0.0559789 0.147846 0.0898564 -0.0430929 0.174525 0.130725 -0.0565964 0.0615333 -0.0832644 -0.0483708 -0.000833928 0.0220682 0.0677166 0.0417683 -0.00560809 0.0335481 -0.0468924 -0.0639865 0.0643498 0.0567539 -0.0770106 -0.0514621 0.160806 0.0665299
internal_weight=522927 189059 333869 105824 168699 38462.5 32849.1 23281.9 15986.2 20359.2 130237 8328.81 5816.93 15345.4 12780.7 6225.55 72974.9 12049.5 10572.7 3922.29 228045 7450.3 7936.49 7495.09 16862.8 15180.6 62402.3 11127.3 61201.1 2807.56 3009.36 5285.56 61020.6 22795.3 2355.41 7092.77 808.153 9659.79 9469.37 3295.91 1260.94 2969.42 124420 3451.8 7799.89 459.225 12030.4 3722.8 2076.42 3697.9 1125.16 780.943 1842.11 1263.18 6822.21 7340.67 1471.76 4981.84 6642.15 3662.39 13708.8 4601.47
internal_count=5635248 1029707 4605541 1211918 795996 249910 198753 183780 126956 233711 546086 69211 38888 96691 112066 40809 1013165 82463 124253 38935 3393623 95483 87089 81025 71797 66130 888912 69014 878856 13376 25512 31041 877742 311866 28118 79103 6406 55297 54485 14228 5834 34316 507198 16599 86465 4941 164500 46613 23578 23159 10818 4707 19176 11589 77548 81524 8489 29715 89077 47706 57641 25883
is_linear=0
shrinkage=0.1


Tree=7
num_leaves=63
num_cat=0
split_feature=0 12 12 19 29 29 28 28 17 19 7 1 17 7 19 1 28 21 3 3 29 10 30 17 19 3 10 10 19 3 0 7 19 7 7 18 3 10 19 13 3 25 19 19 21 7 10 25 30 30 7 12 13 21 8 7 25 24 8 12 7 3
split_gain=445747 60004.7 40456.8 72576.6 24745.6 12790.8 12628.2 5906.8 5508.83 4989.68 3360.45 3719.52 3227.07 2895.28 2590.93 2513.2 1904.69 1753.2 1546.17 1481.07 2651.96 1822.47 1233.18 1226.94 971.273 889.97 885.426 872.754 789.345 786.468 784.843 746.579 745.294 736.193 732.594 716.469 1252.95 2050.88 662.264 657.444 625.527 624.92 589.242 587.066 581.178 576.644 576.157 567.83 551.18 539.448 523.758 580.305 493.633 488.11 438.429 465.073 428.708 422.6 411.745 397.892 1011.62 397.369
threshold=0.48326757550239569 54.72370910644532 60.158729553222663 68.194953918457045 1.0000000180025095e-35 1.0000000180025095e-35 1.0000000180025095e-35 1.0000000180025095e-35 4.5000000000000009 57.790622711181648 1.0000000180025095e-35 4.5000000000000009 2.5000000000000004 1.5000000000000002 97.833908081054702 5.5000000000000009 1.0000000180025095e-35 0.15075758099555972 20.500000000000004 24.500000000000004 1.0000000180025095e-35 83.414241790771499 1.0000000180025095e-35 5.5000000000000009 98.295398712158217 2.5000000000000004 94.804317474365249 68.13346099853517 97.448913574218764 5.5000000000000009 0.88044953346252453 1.0000000180025095e-35 97.969490051269545 2.5000000000000004 6.5000000000000009 1.0000000180025095e-35 7.5000000000000009 81.120250701904311 97.22989654541017 81.120250701904311 6.5000000000000009 7.5000000000000009 98.706874847412124 96.787097930908217 0.12701612710952762 1.0000000180025095e-35 82.097072601318374 6.5000000000000009 -1.0000000180025095e-35 -1.0000000180025095e-35 1.0000000180025095e-35 53.001201629638679 68.614070892333999 0.74456521868705761 5.5000000000000009 1.0000000180025095e-35 3.5000000000000004 7.5000000000000009 4.5000000000000009 60.158729553222663 1.0000000180025095e-35 4.5000000000000009
decision_type=2 2 2 2 2 2 2 2 2 2 2 2 2 2 2 2 2 2 2 2 2 2 2 2 2 2 2 2 2 2 2 2 2 2 2 2 2 2 2 2 2 2 2 2 2 2 2 2 2 2 2 2 2 2 2 2 2 2 2 2 2 2
left_child=2 10 27 15 9 18 23 48 14 13 11 16 28 26 17 19 29 -8 -5 20 21 31 25 52 -10 -17 45 43 40 -2 49 61 -14 -23 56 36 37 -27 -20 -19 -9 -16 -43 -1 -22 58 -24 -41 -7 -25 51 -45 -6 -49 55 -39 -15 -51 -3 60 -11 -4
right_child=1 4 3 5 6 7 8 12 24 59 -12 -13 32 34 41 22 -18 39 38 -21 44 33 46 30 -26 35 -28 -29 -30 -31 -32 -33 -34 -35 -36 -37 -38 54 -40 47 -42 42 -44 50 -46 -47 -48 53 -50 57 -52 -53 -54 -55 -56 -57 -58 -59 -60 -61 -62 -63
leaf_value=-0.10571343852287185 0.097816361709339245 0.16369407881524781 0.15726744206692861 0.1607101282246336 0.091470982018962657 0.041350380110472672 -0.10584172150878593 0.05345861673675259 -0.060223158761827725 0.14359694613647364 -0.10747062759152547 -0.083928813114637096 -0.053325461217413363 0.052080876058480309 0.16868633441038947 0.11556460607689933 -0.063148608455286817 -0.018932084221221297 -0.054501844995239239 -0.08271648697394568 -0.10284588635770674 0.1582613050833388 -0.045115993629241152 0.0089030953103048874 0.056307395107081229 -0.071006209000314763 0.1746631355092183 0.17804432627927602 0.16096941759195987 0.016261265908959089 -0.04194989327930683 -0.098796189541801541 0.12832043171490973 0.025648507127989318 -0.066480201423891258 -0.10397530937036543 -0.089873044054594411 0.26170519280097887 0.11891110223395017 0.035233533916718018 -0.034999675406108315 0.014152792099372017 0.14877388946485745 -0.066364893008118278 0.041799671199427089 -0.10668295321773225 0.11259134425141214 0.11256102731793541 0.16665062671236522 0.17881959137470099 -0.10759295602960971 0.060600295615268619 0.15896747769730357 0.033434821953682289 0.010564706862256721 0.06491888743283579 -0.10633960849992333 0.089313228492085034 -0.0061820574484153816 0.16307104016376478 -0.10326119615736438 -0.0070570902359065012
leaf_weight=195346.83013755828 2720.8779336512089 362.72502626478672 212.52324414998293 16131.110194988549 1204.8582691326737 399.98912507295609 841.46350771188736 5228.9764840342104 7009.9513749554753 1186.5532124713063 7012.6014224998653 5036.9576510675251 6561.5932440906763 1729.5575881898403 1991.2060604766011 200.49611865729094 1614.437009871006 1452.9853322431445 479.81536865606904 4575.4019012898207 2204.1157009974122 1292.2425419911742 564.23110559210181 506.05967680737376 796.52947419136763 1865.9776570983231 2056.4059215635061 109.27106102928519 590.36192472279072 2091.2571719139814 438.18035160750151 790.96188606321812 233.93245260417461 619.21530764549971 1081.4736664965749 37341.068749751896 19990.99986550957 290.48844149708748 407.05696881562471 6282.2671911790967 943.67820497602224 668.97982707619667 632.5893936380744 3996.7333327233791 317.8347926363349 181.38819731399417 393.00618833303452 2290.1233661696315 2870.3028727099299 849.0266393199563 3312.719666659832 395.62058321386576 10760.304858103395 1181.9842735305429 219.50760680437088 204.74435376003385 189.54005276784301 1392.911905311048 235.19561593979597 120669.88594250754 193.00741428881884 478.47669266536832
leaf_count=3203161 14168 1800 1409 69819 5425 3390 13449 33637 84485 5470 107501 73686 81847 11532 8159 1208 20587 13076 4758 61875 31596 7897 5607 4187 5412 26627 8380 745 2560 13203 2491 11461 1105 7337 11971 600970 301102 2041 1843 36829 8619 3243 2690 55971 2915 1542 2505 10997 12268 3543 49897 3133 44444 6312 1914 1659 2050 6265 1720 503367 1723 4665
internal_value=-0.00487061 0.118017 -0.0784118 -0.0281425 0.137024 0.0925114 0.066511 0.0306932 0.020055 0.158141 -0.0529435 -0.0195875 0.00159707 0.0678126 0.0548538 -0.085209 0.0308412 0.0333704 0.153643 -0.0399936 -0.00694844 0.0507736 -0.0929761 0.137486 -0.048333 -0.0947693 0.140264 -0.104494 0.0505005 0.0623742 0.0823406 -0.0324554 -0.0470724 0.115301 -0.000658317 -0.0954732 -0.0814078 -0.0158339 0.0250913 0.0438227 0.0399351 0.133465 0.0795814 -0.104646 -0.0846166 0.0494938 0.0196328 0.0531705 0.151325 0.102159 -0.0775714 -0.0549291 0.152171 0.0856247 0.128205 0.180348 0.0364344 0.123209 0.0968723 0.162461 0.10906 0.0434824
internal_weight=493231 184661 308569 105408 166185 33846.8 38299.4 16828.8 23148.1 127886 18476.1 11463.5 13558.5 5836.29 15341.6 71561.3 6426.57 12048.8 17018 10490.8 5915.37 3393.42 61070.5 15151.3 7806.48 60113.3 2835.71 203161 6763.02 4812.14 3186.18 1481.96 6795.53 1911.46 3000.57 59912.8 22571.7 2580.72 886.872 11207.4 6172.65 3292.78 1301.57 203052 2521.95 779.309 957.237 9754.37 3270.29 2748 7705.07 4392.35 11965.2 3472.11 714.74 495.233 1919.1 2241.94 597.921 122049 1379.56 691
internal_count=5635248 1029707 4605541 1292634 800562 219846 251007 143426 184652 549555 229145 121644 127768 38995 94755 1072788 47958 80663 76420 129155 67280 32769 943633 66355 89897 935521 13442 3312907 44816 27371 16486 17535 82952 15234 25553 934313 333343 32241 6601 67214 42256 14092 5933 3312162 34511 5062 8112 54138 15658 13995 109001 59104 49869 17309 5614 3700 13582 9808 3520 510560 7193 6074
is_linear=0
shrinkage=0.1


Tree=8
num_leaves=63
num_cat=0
split_feature=4 29 28 17 9 19 1 19 9 29 26 9 29 19 3 10 25 19 7 21 21 9 7 19 9 8 7 17 19 14 30 7 24 17 25 19 19 9 7 19 24 14 7 18 6 14 30 10 18 26 24 24 19 19 29 21 19 7 10 14 14 9
split_gain=543282 35743 15513.9 7682.92 5623.83 16815.7 2756.69 2481.76 1861.75 1814.14 1756.78 1630.82 1482.35 1297.35 1167.36 1832.35 1469.65 1177.62 1129.23 1023.78 1172.65 840.723 1802.9 706.89 1922.84 1378.9 655.552 638.692 628.517 615.684 606.63 590.249 589.591 577.507 574.273 690.024 571.613 564.66 568.449 542.307 569.452 523.747 1585.75 806.782 497.109 494.294 465.862 438.758 393.046 386.956 359.436 357.231 406.72 345.501 335.285 332.576 317.302 301.27 292.03 341.394 307.89 278.389
threshold=1.0000000180025095e-35 1.0000000180025095e-35 1.0000000180025095e-35 4.5000000000000009 52.851875305175788 83.124706268310561 21.500000000000004 97.833908081054702 48.714567184448249 1.0000000180025095e-35 0.23611111193895343 46.247655868530281 1.0000000180025095e-35 98.092205047607436 13.500000000000002 86.526824951171889 3.5000000000000004 54.595132827758796 27.500000000000004 0.048809524625539787 0.64495798945426952 74.322341918945327 1.0000000180025095e-35 70.627449035644545 47.124916076660163 6.5000000000000009 1.0000000180025095e-35 8.5000000000000018 52.659875869750984 0.93750000000000011 1.0000000180025095e-35 1.5000000000000002 8.5000000000000018 8.5000000000000018 7.5000000000000009 99.052112579345717 52.111026763916023 85.270011901855483 1.0000000180025095e-35 96.315685272216811 8.5000000000000018 0.84523808956146251 8.5000000000000018 1.0000000180025095e-35 1.0000000180025095e-35 0.11805555596947671 1.0000000180025095e-35 77.849929809570327 64.722881317138686 0.23611111193895343 7.5000000000000009 7.5000000000000009 98.706874847412124 49.890829086303718 2.5000000000000004 0.77097901701927196 63.427747726440437 2.5000000000000004 45.867485046386726 0.13392857462167743 0.81666666269302379 39.052425384521491
decision_type=2 2 2 2 2 2 2 2 2 2 2 2 2 2 2 2 2 2 2 2 2 2 2 2 2 2 2 2 2 2 2 2 2 2 2 2 2 2 2 2 2 2 2 2 2 2 2 2 2 2 2 2 2 2 2 2 2 2 2 2 2 2
left_child=4 6 10 7 -1 12 18 8 -4 21 27 -8 14 29 15 26 -17 -18 23 -10 39 22 -7 24 -2 31 56 58 -12 61 51 -26 -30 -34 -15 -36 -13 38 -11 40 46 -16 43 44 -43 -22 54 -47 -42 -14 -49 -9 -53 -27 -21 -52 -6 -46 -3 -60 -61 -5
right_child=1 2 3 13 5 9 11 30 19 37 28 36 49 34 41 16 17 -19 -20 20 45 -23 -24 -25 25 53 -28 -29 32 -31 -32 -33 33 -35 35 -37 -38 -39 -40 -41 48 42 -44 -45 57 47 -48 50 -50 -51 55 52 -54 -55 -56 -57 -58 -59 59 60 -62 -63
leaf_value=-0.10475484973734833 -0.08796004504478909 -0.032597709675104891 -0.084315193413882675 -0.094799887510683023 -0.049210062568570495 0.11293008635501489 -0.085834044180146229 0.15680852712111659 -0.10569488225668938 0.012543927762600821 -0.059922998366129326 -0.023644797800203985 -0.10514168146960486 0.13866554406476836 -0.099390731578666638 0.083000491707500818 -0.10192351212348172 0.1447367023015762 -0.08041976266332522 0.054110573070933657 0.16318919264563714 0.14817695619861515 -0.13515676426326745 0.15347255339721277 0.16750533995862318 -0.0011083997793400453 -0.10499511995955634 -0.049074473241905801 0.15700459773329092 0.10528399264673667 -0.051478772205309234 0.068583382726989259 0.12915891164812848 0.037535587864480156 -0.043096382118416245 0.23135715628348216 0.15729431516444545 0.068439484276909629 -0.10847527739837706 0.21951615671549926 0.18668055745884918 -0.068170903516281675 -0.08294109248509246 -0.094099504886226093 0.22709606480984182 -0.044411798732601357 0.14396481467156771 0.013997917281177745 0.076045398246657278 -0.036923279674071427 0.10649101129559474 0.033767751775831627 0.14921146478443584 0.17519142791920483 -0.072907916048408433 0.0061520909748396151 0.062096671134013043 0.081983118648006226 0.21628457273635987 0.0263355195356983 0.118139864522206 -0.054392849012233825
leaf_weight=199432.84113454819 417.0824246071279 221.10142171755433 1229.1472162157297 2099.2272281162441 2010.6213845796883 1315.20875428617 758.79075181484222 2299.9866965375841 449.89441200345755 1444.5786439627409 156.28091685846448 233.20719606429338 32056.199659775943 457.78022448718548 11814.851177055389 1692.4648516885936 1082.6064553968608 235.69518162310123 209.58535670116544 5888.0966897048056 236.43450993299484 2609.3044329062104 376.86758603528142 131413.45030363277 4485.4169460646808 816.82346489280462 3198.2378364577889 529.37655096501112 9671.1574240811169 224.48457469046116 186.48160441219807 696.90135298669338 5365.76684544608 789.0993020683527 637.58672488853335 106.97669213265181 694.71507340297103 1138.8858996629715 530.73547532036901 248.32936818897724 631.42824126780033 176.26882813125849 9693.403262000531 352.66249507293105 190.47892151027918 1031.3961971178651 572.57620536908507 5594.6575918421149 653.3960465490818 853.63377077504992 912.59079979360104 627.69415630400181 593.9555492028594 128.66929616034031 215.41976790130138 517.74125739187002 293.49747974053025 574.79957630112767 188.92138215154409 712.02782144397497 750.23790998756886 9080.4178691320121
leaf_count=3530148 6629 2390 20078 34485 28249 5652 11827 9615 7278 13546 2121 2472 559437 2183 187765 14129 16613 1135 2378 33433 1593 11037 2043 579257 20652 6163 50032 5232 42299 1353 907 3799 22869 3982 5200 685 3035 6318 6585 1192 3413 2627 150859 5489 1312 9486 2667 34576 3493 8674 4302 3083 2559 572 1382 2486 1530 5787 1043 4252 3248 116612
internal_value=-0.00486225 0.123491 0.0534571 0.0139156 -0.096122 -0.07209 0.149971 0.0497303 0.0345238 0.0704898 0.127653 0.0229028 -0.0885525 -0.0482713 -0.0729784 -0.0413797 0.0213388 -0.0578239 0.151523 0.0431405 0.0471982 0.112575 0.057675 0.151875 0.1198 0.133941 -0.0756979 0.0479081 0.139636 -0.0586877 0.124289 0.154203 0.141607 0.117412 0.0505267 -0.0036637 0.11182 0.0123607 -0.019972 0.0739908 0.0694514 -0.0847754 -0.0690598 0.0349086 0.0832295 0.0206756 0.0577184 0.0164932 0.130417 -0.103372 0.0254351 0.133597 0.0898955 0.0228837 0.0496275 0.0701711 -0.0350319 0.118102 0.0753292 0.0897811 0.0734371 -0.0619802
internal_weight=463808 192734 52879.7 34495.7 271074 71641 139855 21889.2 18181.1 7415.58 18384 1686.71 64225.4 12606.5 31315.6 8513.12 3010.77 1318.3 138168 16952 16502.1 4301.38 1692.08 137958 6544.89 6127.81 5502.36 2401.67 15982.3 11404.1 3708.12 5182.32 15826 6154.87 1202.34 744.563 927.922 3114.2 1975.31 8209.25 7960.92 22802.5 10987.6 1294.21 941.547 8292.82 6676.09 8056.39 1284.82 32909.8 7024.99 3521.64 1221.65 945.493 6103.52 1430.33 2304.12 765.278 1872.29 1651.19 1462.27 11179.6
internal_count=5635248 1026281 389497 302061 4608967 1078819 636784 141543 125379 45181 87436 17334 1033638 160518 465527 111688 31877 17748 619450 105301 98023 18732 7695 617072 37815 31186 79811 16165 71271 152450 16164 24451 69150 26851 8068 5885 5507 26449 20131 45580 44388 353839 166074 15215 9726 52443 37482 50850 6906 568111 41364 15257 5642 6735 34815 6788 29779 7099 10933 8543 7500 151097
is_linear=0
shrinkage=0.1


Tree=9
num_leaves=63
num_cat=0
split_feature=4 28 19 17 12 19 13 19 12 21 26 26 26 26 18 7 10 3 30 26 12 19 21 19 24 10 30 17 13 19 13 19 21 12 13 7 7 12 7 8 12 24 26 19 11 7 17 7 21 21 24 11 1 7 7 3 1 11 11 18 19 24
split_gain=469635 26409.7 10916.1 8674.29 5754.69 15344.2 3103.55 1830.95 1794.3 2639.32 1694.95 1961.9 1411.71 1297.02 1558.34 1254.36 1253.54 3838.84 1064.89 931.144 884.54 846.592 821.266 762.454 1254.38 689.666 617.166 587.517 582.073 639.306 566.305 545.779 493.453 692.55 488.857 1420.13 488.619 478.59 456.242 513.575 594.49 449.215 446.034 512.399 445.805 437.593 644.42 426.294 379.027 355.266 338.114 291.864 287.996 278.799 267.399 266.937 292.945 257.601 249.79 248.116 238.235 276.338
threshold=1.0000000180025095e-35 1.0000000180025095e-35 98.295398712158217 4.5000000000000009 61.651582717895515 84.870288848876967 59.317129135131843 97.448913574218764 48.074073791503913 0.43874999880790716 -1.0000000180025095e-35 0.095454547554254546 -1.0000000180025095e-35 0.31666667759418493 1.0000000180025095e-35 4.5000000000000009 87.841831207275405 32.500000000000007 1.0000000180025095e-35 0.21111111342906955 53.907203674316413 49.890829086303718 0.70710784196853649 99.052112579345717 9.5000000000000018 25.176055908203129 1.0000000180025095e-35 8.5000000000000018 82.807880401611342 46.60924148559571 77.581478118896499 97.575668334960952 0.63961037993431102 53.907203674316413 72.834224700927749 1.0000000180025095e-35 1.0000000180025095e-35 48.834688186645515 1.0000000180025095e-35 9.5000000000000018 87.226108551025405 5.5000000000000009 0.44949495792388922 96.884704589843764 68.614070892333999 4.5000000000000009 1.5000000000000002 1.5000000000000002 0.98275861144065868 0.64852941036224376 6.5000000000000009 66.323020935058608 6.5000000000000009 1.0000000180025095e-35 1.0000000180025095e-35 3.5000000000000004 3.5000000000000004 71.563343048095717 76.63120269775392 58.847248077392585 97.833908081054702 6.5000000000000009
decision_type=2 2 2 2 2 2 2 2 2 2 2 2 2 2 2 2 2 2 2 2 2 2 2 2 2 2 2 2 2 2 2 2 2 2 2 2 2 2 2 2 2 2 2 2 2 2 2 2 2 2 2 2 2 2 2 2 2 2 2 2 2 2
left_child=4 8 3 6 57 13 37 18 9 -2 15 21 38 14 16 47 36 45 30 60 -4 -12 41 24 -22 55 27 -10 53 -30 54 49 33 -21 35 -9 -6 -3 39 40 -5 42 43 -13 -35 46 -18 -8 51 -23 -33 -29 -27 -15 -7 56 -11 -1 -32 -43 -14 -62
right_child=1 2 20 12 5 7 10 34 26 25 11 22 19 28 -16 -17 17 -19 -20 32 23 31 -24 -25 -26 52 -28 48 29 -31 58 50 -34 44 -36 -37 -38 -39 -40 -41 -42 59 -44 -45 -46 -47 -48 -49 -50 -51 -52 -53 -54 -55 -56 -57 -58 -59 -60 -61 61 -63
leaf_value=-0.10457600219098878 -0.082196994936955911 -0.092914073271840869 0.013064543609684984 -0.013081440266194256 -0.063835012052245149 -0.02547123715531013 0.1487653133565566 0.11393846667849652 0.13212802009319516 0.17226477249449315 -0.096881882611424885 0.013114599114102912 -0.067326393851501506 -0.013172846323272827 -0.10315950746060037 -0.03433414860307734 0.11560356649982735 -0.079810481344344472 0.10065089252918445 -0.079555305118251235 0.13097649298474001 0.052086686200636501 0.040597503803882121 0.14738095117795344 -0.012707569471562248 0.088492686698675702 0.14549483686778739 0.11428541396218589 -0.089261385977606231 0.11903800750161204 0.20147304780078601 0.15981626525237813 -0.041556877849321508 0.16401427309258432 0.14151084775850711 -0.12942570488070362 -0.10372898252449846 -0.0012843622909069763 -0.092110170709365335 -0.065204811714387911 0.15226593895454921 0.16393824904957233 0.14093274525277061 0.20433832006147981 0.032282435726688714 0.0041421965768820186 -0.028203411981483802 0.079197529401601408 0.15489179681827048 0.015434447163423 0.019531633101263105 0.025280807733373364 -0.030785180959223897 -0.11200882519001361 -0.10863508072487156 0.1313206057553338 0.32679668154694275 0.085618020222958904 0.024026515184103217 0.11414029298778372 0.15875825459515397 -0.063161157579108659
leaf_weight=177101.3402646929 846.34376556053758 1162.482453007251 609.97243297472596 299.10152769833803 4508.9042201191187 1166.5468858145177 4313.5578137747943 1295.8178129754961 15575.137850187719 427.23042383790016 477.69109755381942 1115.7496249191463 7666.5656915269792 774.92645947262645 35730.33009769395 478.56206452473998 1383.4486027471721 8804.1368252038956 1045.6005040109158 478.6373435407877 2195.3866234049201 5059.1431845426559 2083.5809342414141 11852.076922051609 840.09918935224414 1382.7080332674086 106503.76998774335 545.10596999153495 202.25173599645495 542.74198248237371 85.661429397761822 572.39502435177565 2042.5669738836586 314.82782900333405 2225.0893924087286 294.22584977000952 9621.2650700248778 1118.4504405520856 174.88187642395496 205.34813858941197 796.48685973137617 1391.0518025010824 612.73940871655941 160.25460125505924 1396.199233584106 1151.1094097606838 402.20004066079855 1106.8500299826264 479.80400641262531 5540.9704570695758 245.49430795013905 1136.7325685434043 237.14355732873082 451.80275959149003 578.28660929948092 944.98825714364648 172.08484480157495 71.240741804242134 1073.392070941627 3563.9853445068002 102.00704378262162 124.71172115579247
leaf_count=3445684 13903 20859 6349 3361 72073 14044 19776 6034 70473 1831 7967 5661 112734 7208 673149 4541 9594 146844 5470 8238 9555 27998 10517 53491 5268 7390 483057 3260 2470 2524 397 2464 23194 2907 9757 1802 172119 11336 1386 2291 4052 6263 2737 686 13026 13836 4862 5789 2147 36029 1231 6852 3101 5181 8233 5070 1444 669 7017 16205 560 1282
internal_value=-0.00485229 0.115155 0.0592246 0.0330824 -0.0948435 -0.0708619 0.0639825 0.0618434 0.140493 0.0746596 0.0735397 0.0601349 -0.0328078 -0.0870701 -0.0896256 0.120858 -0.0709339 -0.0467857 0.0141166 -0.0440473 0.131092 0.033544 0.0955672 0.135928 0.0912106 0.116615 0.142619 0.125348 -0.00723237 0.0624887 -0.0170417 0.0390006 -0.00620285 0.0267762 0.111251 0.0689057 -0.0909989 -0.0479836 0.0595378 0.0799235 0.107125 0.112303 0.0708057 0.0371306 0.056521 0.0522196 0.0832124 0.13456 0.0764941 0.0329276 0.117709 0.0541284 0.0710306 -0.049574 -0.0530341 0.16443 0.216636 -0.1045 0.0371409 0.12812 -0.0643388 0.0366865
internal_weight=434863 186353 58101.8 42604.3 248510 71337.7 29003 7764.62 128251 4010.5 26722 20823.1 13601.3 63573.1 61601.4 5898.97 25871.1 11740.9 3949.49 12125.5 15497.5 11895.7 8927.36 14887.6 3035.49 3164.16 124241 17736.8 1971.72 744.994 2903.89 11418 4232.23 2189.66 3815.13 1590.04 14130.2 2280.93 1475.82 1300.94 1095.59 6843.78 1888.74 1276 1711.03 2936.76 1785.65 5420.41 2161.64 10600.1 817.889 1681.84 1619.85 1226.73 1744.83 1544.3 599.315 177173 1159.05 4955.04 7893.28 226.719
internal_count=5635248 1026281 427753 353090 4608967 1162614 180059 52754 598528 32739 147864 117758 173031 1109860 1092477 30106 419328 175136 35161 161941 74663 75689 42069 68314 14823 18836 565789 82732 17383 4994 29691 67722 47365 24171 17593 7836 244192 32195 11090 9704 7413 31552 9084 6347 15933 28292 14456 25565 12259 64027 3695 10112 10491 12389 22277 8345 3275 3446353 7414 22468 114576 1842
is_linear=0
shrinkage=0.1


Tree=10
num_leaves=63
num_cat=0
split_feature=4 29 28 12 19 17 12 21 19 29 26 29 19 8 12 20 10 3 18 19 20 21 21 10 13 10 13 10 14 14 19 19 24 14 30 13 26 17 18 30 29 12 14 13 17 19 24 14 20 14 30 24 19 19 19 14 8 14 8 30 28 3
split_gain=407471 29372.3 10745.6 5728.15 13513.2 5235.62 3270.77 2317.55 1839.27 1760.44 1679 1514.11 1390.16 1909.35 1348.73 1223.19 1201.8 2403.65 936.21 1419 898.321 824.969 936.78 716.819 693.945 685.661 680.625 613.782 610.345 579.027 567.765 528.484 663.944 779.072 489.249 474.476 448.127 442.928 424.849 373.943 334.837 312.79 1360.42 1068.77 676.409 305.419 368.524 302.651 294.903 283.914 280.884 277.58 301.35 256.774 242.721 241.715 240.956 239.616 239.485 232.414 223.598 215.942
threshold=1.0000000180025095e-35 1.0000000180025095e-35 1.0000000180025095e-35 60.943256378173835 84.870288848876967 4.5000000000000009 48.834688186645515 0.53452381491661083 97.833908081054702 1.0000000180025095e-35 0.23611111193895343 1.0000000180025095e-35 50.920385360717781 7.5000000000000009 56.33012771606446 99.80237197875978 86.526824951171889 34.500000000000007 1.0000000180025095e-35 56.152366638183601 98.124923706054702 0.64495798945426952 0.048809524625539787 66.287876129150405 72.834224700927749 86.319076538085952 64.051280975341811 28.718704223632816 0.93750000000000011 0.13392857462167743 98.441547393798842 60.479471206665046 7.5000000000000009 0.18333333730697635 1.0000000180025095e-35 86.526824951171889 0.23611111193895343 1.5000000000000002 92.342185974121108 1.0000000180025095e-35 2.5000000000000004 53.001201629638679 0.095454547554254546 65.545505523681655 8.5000000000000018 96.019802093505874 9.5000000000000018 0.44949495792388922 99.333301544189467 0.11805555596947671 1.0000000180025095e-35 7.5000000000000009 98.830371856689467 61.916847229003913 97.833908081054702 0.44949495792388922 4.5000000000000009 0.73214286565780651 6.5000000000000009 1.0000000180025095e-35 1.0000000180025095e-35 5.5000000000000009
decision_type=2 2 2 2 2 2 2 2 2 2 2 2 2 2 2 2 2 2 2 2 2 2 2 2 2 2 2 2 2 2 2 2 2 2 2 2 2 2 2 2 2 2 2 2 2 2 2 2 2 2 2 2 2 2 2 2 2 2 2 2 2 2
left_child=3 6 10 55 11 8 7 -2 14 24 35 16 13 23 -4 28 39 18 37 -20 21 22 -16 -8 47 31 -11 -9 30 -28 41 -12 -33 -34 51 -3 -13 58 -23 -5 45 -7 43 44 -43 46 -24 61 -22 -32 -48 -10 -53 -41 -31 -1 -25 -44 -18 -35 -29 -6
right_child=1 2 5 4 9 15 12 27 34 26 25 36 -14 -15 20 -17 17 -19 19 -21 48 38 40 56 -26 -27 29 60 -30 54 49 32 33 59 -36 -37 -38 -39 -40 53 -42 42 57 -45 -46 -47 50 -49 -50 -51 -52 52 -54 -55 -56 -57 -58 -59 -60 -61 -62 -63
leaf_value=-0.10390717939507346 -0.069399303828820411 -0.0050172122358794844 -0.084766579626059158 -0.0911293362044725 0.079003917785482117 -0.093927217433153867 -0.034800644510137993 0.12532440019160437 0.13505550914879111 -0.055057928258022006 -0.080593848714766131 -0.10350951980105448 0.13889378397618249 -0.040863403125503461 -0.10414853824183633 0.22697315713407717 0.082298157370543912 -0.079489146295716739 -0.098740048731553884 0.12480754692368329 0.097452185201957892 0.02744096186331867 0.047612084230466353 0.13557467631143519 0.1325802666034101 0.13713948412352669 0.15859039403552316 0.054092535077812226 0.1045745804953806 -0.0011160222023006284 0.16738315353922412 0.13858815223366575 0.13216489128014949 0.046886596871455272 -0.053439636546880054 0.084102437637063848 -0.036142354210076659 -0.037709938888295547 -0.019620031933928191 -0.084575611233724757 -0.063376095958527418 0.20969574661760146 -0.046201073642011196 0.48529696500877501 -0.029494375701085297 0.15851397725373326 0.13407260863883214 0.14087461763016149 0.22936480747892049 0.0056139836744030043 -0.054465964678521356 0.034451782085562078 0.13606414005174061 0.047308968458696928 0.10734573067003604 0.099470474849463586 0.07758969681470354 -0.081908380769336001 0.022431454626070321 -0.046986010708687735 -0.064770184426163058 0.003473974021884531
leaf_weight=160804.2811286971 1200.2984729819 1476.2741184048355 1023.4884676150978 15151.66206299141 634.93489791452885 1822.5998502001166 302.75686430186033 2103.0786491036415 2181.926266618073 1312.4208421707153 169.21321226656437 28659.390878073871 117836.98697404936 950.87153985351324 383.4423415325582 164.9467096850276 1503.7845169752836 8701.0823821239173 1372.5010529346764 358.01777756214142 671.53012395650148 3855.8994588255882 7107.2423925064504 3632.4338738210499 2455.6913550049067 9101.0488471463323 329.52096148207784 971.07353898137808 258.6519815698266 1486.9497132636607 140.51550167053938 2432.8446509242058 1273.0610608235002 1832.1395649835467 184.58007213845849 1003.4794382378459 1022.6604079939425 624.8864091001451 3817.4161380566657 263.18093658238649 230.05283594876528 178.62242928892374 5243.4811844676733 63.59604673832655 349.67623466998339 296.94408210366964 808.83407370001078 318.49561608955264 226.68400505185127 476.03941719979048 87.573394902050495 724.45138201117516 488.77875847369432 336.22492147609591 239.5685300976038 58.459582857787609 892.78928473964334 2929.181567274034 1202.5525193624198 308.09681715816259 189.07709564268589 937.34100553020835
leaf_count=3436265 20776 11804 19517 282911 3227 34503 3018 11762 9615 18366 2506 601260 562943 8925 7336 811 13265 156282 25142 1720 3261 22862 37950 17103 11199 42089 1788 5707 1467 11739 985 11325 6194 7851 907 4361 12252 8245 26088 3256 1496 2224 71406 527 5005 1371 4092 1394 961 3115 445 3489 2153 2061 1020 608 4514 40475 11366 1306 2036 5601
internal_value=-0.00482619 0.107897 0.0439682 -0.0936056 -0.069017 0.0109088 0.133509 0.0494112 0.0394991 0.0554665 0.107314 -0.0852407 0.136545 0.0886587 0.0268089 -0.0434052 -0.0692021 -0.0476145 0.00717772 -0.0524915 0.0333397 0.0280653 0.0487563 0.114168 0.097519 0.119825 0.00120437 0.0931128 -0.047296 0.037118 -0.0508021 0.0936281 0.0986709 0.0702196 0.105114 0.0310467 -0.101188 0.0381749 0.00402848 -0.0880647 0.0556292 -0.0562346 -0.0483964 0.0980003 0.0513779 0.0589275 0.0552327 0.0519823 0.130743 0.0424819 0.115654 0.113734 0.0753887 -0.0105976 0.0139339 -0.103833 0.124135 -0.058999 0.0556966 0.0333732 0.0347207 0.0339754
internal_weight=407165 179392 51312.3 227774 66910.9 33716.2 128079 4463.53 22088.8 7714.92 17596.2 59195.9 123616 5778.85 18509.1 11627.3 29513.9 13762.8 5061.74 1730.52 17485.6 16587.4 8914.09 4827.98 4346.46 15116.4 3368.46 3263.23 11462.4 2056.04 11203.7 6015.36 5846.14 3413.3 3579.74 2479.75 29682.1 3331.22 7673.32 15751.1 8530.65 10587.2 8764.56 591.895 528.299 8300.59 8003.65 1890.77 898.214 616.555 896.407 3395.16 1213.23 599.406 1726.52 160863 4525.22 8172.66 2706.34 2140.24 1160.15 1572.28
internal_count=5635248 1026281 389497 4608967 1172094 302061 636784 40281 141543 54334 87436 1117760 596503 33560 125379 160518 504248 216020 59738 26862 105862 101640 52690 24635 21421 71271 32913 19505 159707 14547 158240 29182 26676 15351 16164 16165 613512 32876 48950 288228 45354 154140 119637 7756 7229 43858 42487 10222 4222 4100 4537 15257 5642 5317 12759 3436873 21617 111881 24631 9157 7743 8828
is_linear=0
shrinkage=0.1


Tree=11
num_leaves=63
num_cat=0
split_feature=1 28 12 19 12 12 19 29 17 7 29 7 28 19 26 18 3 11 29 26 17 25 19 25 11 20 3 3 12 19 7 17 7 29 20 3 7 7 9 9 7 11 19 0 9 19 7 11 9 19 11 7 17 19 11 26 9 24 19 30 7 24
split_gain=250111 43458.9 18496.9 31514.9 18122.2 11808.5 10537.6 5091.11 3765.06 3412.35 2503.14 2339.98 2237.83 1951.25 1853.47 1347.43 1618.24 1337.34 1232.1 1170.62 1011.35 999.151 905.232 888.368 899.847 844.434 831.788 685.569 667.472 665.49 629.353 602.173 552.172 1416.59 561.26 558.7 545.261 508.355 500.838 499.109 2262.33 498.798 491.097 464.738 442.326 435.403 482.161 411.72 480.09 396.876 350.761 1221.66 342.479 338.227 328.322 316.484 310.108 308.506 623.297 315.572 307.368 299.261
threshold=5.5000000000000009 1.0000000180025095e-35 60.158729553222663 70.897583007812514 60.158729553222663 52.73088455200196 98.295398712158217 1.0000000180025095e-35 4.5000000000000009 7.5000000000000009 1.0000000180025095e-35 1.0000000180025095e-35 1.0000000180025095e-35 53.218408584594734 0.23611111193895343 1.0000000180025095e-35 7.5000000000000009 83.457714080810561 1.0000000180025095e-35 0.23611111193895343 4.5000000000000009 10.500000000000002 56.152366638183601 3.5000000000000004 90.366767883300795 99.333301544189467 7.5000000000000009 3.5000000000000004 87.226108551025405 49.890829086303718 1.5000000000000002 5.5000000000000009 1.0000000180025095e-35 1.0000000180025095e-35 99.80237197875978 13.500000000000002 1.0000000180025095e-35 31.500000000000004 74.601570129394545 95.180023193359389 9.5000000000000018 70.710784912109389 94.458400726318374 0.89735862612724315 80.901721954345717 97.969490051269545 1.0000000180025095e-35 76.63120269775392 78.08689117431642 99.052112579345717 98.07621002197267 1.0000000180025095e-35 8.5000000000000018 96.56854629516603 69.282051086425795 0.23611111193895343 69.631092071533217 6.5000000000000009 97.448913574218764 1.0000000180025095e-35 1.0000000180025095e-35 7.5000000000000009
decision_type=2 2 2 2 2 2 2 2 2 2 2 2 2 2 2 2 2 2 2 2 2 2 2 2 2 2 2 2 2 2 2 2 2 2 2 2 2 2 2 2 2 2 2 2 2 2 2 2 2 2 2 2 2 2 2 2 2 2 2 2 2 2
left_child=1 5 41 14 45 11 8 26 9 10 22 27 55 -12 15 16 17 -4 37 52 47 -8 23 24 -6 44 -5 -1 36 -16 -26 -21 33 35 54 -10 -28 50 -31 -18 -41 53 -29 61 -15 -3 -47 48 -14 -23 51 -7 -20 -2 56 -9 -35 58 59 -46 -49 -33
right_child=2 4 3 7 6 18 21 12 32 -11 13 -13 20 25 29 -17 39 -19 19 31 -22 49 -24 -25 30 -27 28 42 -30 38 -32 43 -34 34 -36 -37 -38 -39 -40 40 -42 -43 -44 -45 57 46 -48 60 -50 -51 -52 -53 -54 -55 -56 -57 -58 -59 -60 -61 -62 -63
leaf_value=0.078499885889195944 -0.10340272643668827 -0.097943017736923405 -0.079207360819548878 0.12649692827420472 -0.047345669473601415 0.12508210248277615 0.12921810590116634 0.0088077213720648955 0.088279932579642145 -0.065292231803424625 -0.09828681278177763 -0.10534520755243237 -0.050648057300614661 -0.014286416552916379 -0.066527105101521544 -0.1022351389121903 -0.093058286603442605 0.065366468786413681 0.052243374149939584 0.12373321136736698 -0.050077180937260372 -0.020792411050980172 0.12953828822605101 -0.090255307130233359 0.1235109276898908 0.17572516095041268 0.049459147108455871 -0.073354904346166747 0.11359053944623188 -0.015875245996279808 0.050285056680490041 0.12716392540237628 -0.085985949282333635 0.0057586743418620839 0.26971844118001259 -0.036039031274304703 -0.11747441702352734 -0.07291406680176489 0.11516896791211656 0.12401408360225977 -0.077765368343574379 0.11131808163795275 0.020459655582376744 -0.072187603977948198 0.01420352730143375 0.0015185609140400287 -0.1052666825958985 0.067069119221746257 0.16067063432592965 0.11487885802196657 0.13607580702979408 -0.048010831121646898 -0.048089416400636631 -0.081551993177063645 -0.055560254686499659 0.12327236742439647 0.42889069489995812 0.057432518383736232 0.13720294486266563 0.11548513723023278 0.010624455979084619 0.055479949663095621
leaf_weight=1824.9691186025739 127837.97424163297 11015.162011902779 1091.0729539245367 8675.5465152449906 540.922064114362 25351.067371860147 11829.986300911754 278.68427141010761 1313.5242539457977 3011.0137331038713 1208.7690096348524 1711.6297453343868 1103.6883036457002 1972.4201268814504 655.5841318666935 26472.112941820174 9663.6788479797542 1547.0317195765674 1712.2406841665506 9917.4261167012155 3362.0918425992131 654.05060935020447 3474.121819075197 347.6578915938735 2478.9704273305833 407.49487212300301 512.6714726947248 674.49183869361877 804.81463940814137 510.87288759276271 2229.1680881455541 934.81985560804605 1759.2066096737981 691.35967419669032 56.055389605462551 498.76087602972984 316.43914994224906 121.01586895063519 679.65465807914734 623.49867203831673 5106.3014904148877 109.50648139044642 3230.5138238072395 210.71040440350771 7497.1288166157901 992.62521578744054 736.61131570115685 1779.4550170972943 119.11201518028975 321.65032657980919 65330.736056864262 414.41209124028683 424.57007842510939 7499.5478721670806 6052.2878718227148 1812.8492950201035 17.76560664921999 4569.6386522911489 467.71236410737038 320.80016766488552 2107.1641486771405 1544.7198100797832
leaf_count=12327 3034054 251917 20121 43159 8120 127667 58853 2472 7373 49840 24815 35070 14872 17122 9591 611451 201342 14136 9018 47557 52543 4112 17188 5138 12652 1816 3427 11861 3963 5686 14498 4143 31395 9173 271 5828 3492 2064 3510 5151 100439 845 22353 932 42285 12550 15576 10773 566 1473 333464 3320 3965 148872 86500 8613 132 21479 2100 1353 12119 6751
internal_value=-0.00478741 0.0817517 -0.0807365 -0.0378537 0.0161913 0.11902 0.0425105 0.0641786 0.0166174 0.0353888 0.0472702 -0.00274594 0.0153873 0.0240072 -0.0838015 -0.0878743 -0.0667913 0.00557332 0.127571 0.100751 -0.00748296 0.121196 0.0894424 0.0645531 0.0748064 0.03371 0.11417 0.027902 0.0487183 0.014382 0.0888406 0.112351 -0.0349246 -0.0245156 -0.0454049 0.054066 -0.0142529 0.131907 0.058936 -0.079193 -0.0558084 -0.102019 0.00425554 0.0703896 0.0298072 -0.0906195 -0.0439693 0.0205448 -0.0300637 0.0239331 0.132179 0.122298 0.0323079 -0.102192 -0.0480175 0.108021 0.0163593 0.0365726 0.025068 0.0183595 0.0364672 0.0825058
internal_weight=380538 177868 202669 67222.3 64464.9 113403 51720.5 20872.5 38914.8 28525.8 25514.8 7441.6 10563 16444 46349.8 44503.7 18031.6 2638.1 105962 14744.5 8471.51 12805.7 9070.84 5596.72 5249.06 15235.2 10309.5 5729.97 1633.93 1846.11 4708.14 12607.7 10389 8629.75 6817.47 1812.29 829.111 91217.2 1190.53 15393.5 5729.8 135447 3905.01 2690.25 14827.7 12744.4 1729.24 5109.42 1222.8 975.701 91096.2 25765.5 2136.81 135338 6761.41 2091.53 709.125 12855.3 8285.64 7817.93 3886.62 2479.54
internal_count=5635248 1324051 4311197 1127426 703559 620492 423516 155999 359078 218406 168566 81611 101958 110970 971427 952640 341189 34257 538881 72366 90873 64438 57596 40408 35270 86155 54041 46541 10882 18787 27150 59383 140672 109277 96076 13201 6919 466515 9196 306932 105590 3183771 34214 11826 84339 280043 28126 38330 15438 5585 464451 130987 12983 3182926 95805 11085 9305 67217 45738 43638 22892 10894
is_linear=0
shrinkage=0.1


Tree=12
num_leaves=63
num_cat=0
split_feature=4 29 28 12 19 13 12 19 29 13 7 20 19 10 19 10 7 7 12 14 14 25 10 19 26 9 7 14 29 29 28 24 14 10 20 0 13 14 7 7 19 24 14 26 18 19 24 26 0 20 19 19 14 11 14 7 12 19 7 14 20 14
split_gain=313328 24507.4 7785.16 5573.75 10435.8 3034.85 2658.39 1830.74 1530.86 1476.42 1464.63 1391.82 1385.59 1338.95 1211.92 1140.35 1916.11 1077.79 921.344 1197.99 846.128 829.873 880.167 829.774 785.304 739.324 725.89 717.381 693.82 657.612 636.59 514.594 490.571 620.689 469.811 466.532 465.768 431.672 426.805 393.682 391.492 399.116 394.376 373.111 372.86 380.744 258.685 256.74 254.283 250.777 246.474 238.916 238.605 228.183 280.687 232.872 213.961 204.927 204.112 190.872 189.582 188.217
threshold=1.0000000180025095e-35 1.0000000180025095e-35 1.0000000180025095e-35 60.158729553222663 83.124706268310561 89.417694091796889 53.001201629638679 80.106952667236342 1.0000000180025095e-35 69.631092071533217 1.0000000180025095e-35 99.80237197875978 45.913782119750984 86.319076538085952 97.833908081054702 86.319076538085952 12.500000000000002 1.5000000000000002 52.277431488037116 0.095454547554254546 0.93750000000000011 3.5000000000000004 94.804317474365249 58.082538604736335 0.23611111193895343 85.053192138671889 1.0000000180025095e-35 0.13392857462167743 1.0000000180025095e-35 1.0000000180025095e-35 1.0000000180025095e-35 7.5000000000000009 0.6904762089252473 80.901721954345717 97.81815338134767 0.88044953346252453 51.925926208496101 0.18333333730697635 1.0000000180025095e-35 3.5000000000000004 60.479471206665046 8.5000000000000018 0.18333333730697635 0.23611111193895343 91.905540466308608 53.218408584594734 8.5000000000000018 0.23611111193895343 0.5168128013610841 97.309360504150405 97.969490051269545 67.615768432617202 0.38750000298023229 98.07621002197267 0.15476191043853763 1.0000000180025095e-35 90.399383544921889 98.295398712158217 5.5000000000000009 0.44949495792388922 88.664871215820327 0.44949495792388922
decision_type=2 2 2 2 2 2 2 2 2 2 2 2 2 2 2 2 2 2 2 2 2 2 2 2 2 2 2 2 2 2 2 2 2 2 2 2 2 2 2 2 2 2 2 2 2 2 2 2 2 2 2 2 2 2 2 2 2 2 2 2 2 2
left_child=3 6 13 61 8 11 7 -2 15 10 29 18 17 24 27 26 21 25 50 36 32 22 -17 -23 -3 46 51 -7 -11 -6 38 34 33 -21 44 40 -20 -30 49 48 -26 -42 -43 -10 45 -29 59 -15 -24 -9 -4 -5 -33 54 55 -14 -38 -31 -19 -8 -46 -1
right_child=1 2 5 4 9 14 12 30 43 28 -12 -13 53 47 -16 16 -18 58 19 20 -22 23 39 -25 35 -27 -28 31 37 57 -32 52 -34 -35 -36 -37 56 -39 -40 -41 41 42 -44 -45 60 -47 -48 -49 -50 -51 -52 -53 -54 -55 -56 -57 -58 -59 -60 -61 -62 -63
leaf_value=-0.10271109777764031 -0.083249330213633066 -0.0024987612590031305 -0.090230383137024917 -0.060665782653717006 0.081732833896322951 0.20446157877696397 -0.067529411867472564 0.13185260421323522 -0.10239731201979972 0.11559606193986037 -0.11163174666980547 0.18230153271899222 0.13422343464691727 0.070597999866894676 0.10160903059342048 -0.045557814982202752 -0.076192267292098576 0.022811628483726518 0.014692965725101105 -0.035479621986376199 0.087258604878126561 -0.097584755954456995 0.13390984808762485 0.10889991927340162 -0.075028708517218393 0.1298146292197494 -0.10244419881290739 -0.0944565803476132 0.14856378964135861 -0.034577804360967163 -0.0092434120631708135 -0.042252819174966566 -0.073779440182403719 0.030309065177228901 0.09987909886519003 -0.030157105130712833 0.12391675157514773 0.01359909297676952 -0.10374572873671328 0.022952357242885121 0.11655870737101855 0.11084260940764266 0.029859991967441487 -0.037700161164453884 0.25418523173153479 0.027048128251275561 0.15340822529064677 0.12523277073686742 0.038823477419482832 0.077820732083230731 0.09817899422358134 0.020301273113604048 0.068609590535185366 0.13119872360199519 0.11343804808516607 -0.13426308745793969 0.32932424795439807 0.097955214880353178 -0.065286195859414975 0.039932926519922668 -0.019238319158715021 0.08452745988381298
leaf_weight=133375.87518207729 837.58238495513797 1497.6986589431763 2290.4130840487778 4330.928415145725 1337.7192645743489 224.93355345726013 204.43282299116254 1514.6714085415006 23845.29173149541 2484.2658452242613 957.60324330255389 324.00816798210144 11119.476050883532 961.30477711558342 2575.7881229966879 1149.3008231446147 7415.265802744776 1024.7213618606329 537.23376951739192 6827.8757039234042 623.05772980302572 1158.0843832306564 800.3637873083353 233.9312404319644 146.83845408260822 2907.0657333247364 8786.6171272434294 267.62164034694433 280.0270332954824 1072.2511379420757 695.40507525578141 208.4011096060276 2283.1496544666588 1815.3564955294132 613.5993372425437 368.86611796915531 531.96894236654043 1541.6336302347481 104.64181976392865 1394.6323870792985 2789.6190780252218 990.21676948666573 1531.279010437429 926.00604922324419 25.54795678332448 7097.8135060220957 166.38470641896129 8170.9538803473115 433.60959807783365 1984.3181953877211 71.603577692061663 397.92734378948808 2836.5920125357807 73810.721249055117 18898.93132141605 32.399334989488125 56.054526969790459 130.91195146739483 353.78784088417888 863.09411430731416 3422.264281488955 53.708497054874897
leaf_count=3430716 17004 11963 52354 84400 6796 971 2236 9366 600898 12426 12699 1589 57900 4202 11924 18036 152088 5525 7437 83314 3177 25366 5341 1182 2506 14173 199779 5679 1449 14996 8310 924 35245 18179 2670 1638 4072 10928 1155 13379 13593 4875 6570 11887 127 37179 1040 42089 2125 9426 793 3280 13505 400129 100640 202 330 656 4080 5598 22592 540
internal_value=-0.00472765 0.0969716 0.0378581 -0.0913401 -0.0656541 0.00957811 0.122312 0.0520035 -0.0821723 0.0420175 -0.00623582 -0.0227597 0.125613 0.0939364 0.0383366 -0.0652727 -0.0436117 0.0767903 -0.0271783 -0.0164925 -0.0260888 0.003119 0.0274388 -0.0628846 0.0620864 0.102286 -0.0854427 0.0272473 0.0812225 0.0334856 0.0783549 0.0244929 -0.0325522 -0.0216619 0.0147587 0.0786871 0.0820022 0.034346 0.095259 0.059355 0.0860431 0.0904964 0.0616627 -0.0999788 0.00992849 0.0226333 0.0374301 0.119482 0.100497 0.10121 -0.0845188 -0.0538525 0.0610221 0.128208 0.120862 0.133443 0.143498 -0.0201574 0.00020174 0.0193537 -0.0172123 -0.102636
internal_weight=355714 163608 49090.1 192106 58676.4 32633.3 114518 5136.62 50872 7804.41 3498.49 15360.7 109381 16456.8 17272.6 26100.7 12585.2 5519.49 15036.7 12674.7 11549.4 5169.92 3777.91 1392.02 7324.52 4140.98 13515.5 14696.8 4305.93 2540.88 4299.04 14471.8 10926.4 8643.23 11426.8 5826.82 1125.26 1821.66 3603.63 2628.61 5457.95 5311.11 2521.5 24771.3 10813.2 7365.44 1233.91 9132.26 1233.97 3498.99 2362.02 4728.86 3044.99 103862 30050.8 11151.9 588.023 1203.16 1378.51 1067.53 3447.81 133430
internal_count=5635248 1026281 389497 4608967 1177711 302061 636784 45261 1117761 59950 35147 206490 591523 87436 95571 504976 217517 32652 204901 151754 139915 65429 38881 26548 41145 23047 287459 83647 24803 22448 28257 82676 136738 101493 68247 29182 11839 12377 19947 20845 27544 25038 11445 612785 65577 42858 8874 46291 7466 18792 53147 87680 14429 558871 158742 58102 4402 15652 9605 7834 22719 3431256
is_linear=0
shrinkage=0.1


Tree=13
num_leaves=63
num_cat=0
split_feature=1 28 12 19 12 12 19 30 17 7 7 13 29 19 29 29 14 3 3 20 10 14 29 7 14 14 24 25 14 14 7 28 10 14 7 9 26 30 17 19 14 10 14 19 19 7 11 7 17 19 7 17 10 20 25 8 7 19 7 19 24 26
split_gain=191818 33756.1 16576.5 24632.9 13631.2 9394.1 8291.82 4361.06 3033.32 2623.16 1851.95 1721.94 1380.18 1742.39 1364.85 1207.61 1172.64 1167.3 1071.77 996.812 989.061 974.908 936.85 704.68 702.237 695.211 647.173 625.368 602.919 567.732 552.727 546.264 543.821 480.33 843.218 454.88 453.872 452.292 447.111 554.689 446.664 445.299 476.351 428.333 395.53 384.176 393.73 963.066 383.81 381.288 380.836 363.275 420.299 344.287 342.585 325.27 322.481 348.086 322.345 306.571 306.567 306.347
threshold=5.5000000000000009 1.0000000180025095e-35 60.158729553222663 63.185165405273445 57.359306335449226 52.73088455200196 98.830371856689467 1.0000000180025095e-35 5.5000000000000009 15.500000000000002 1.0000000180025095e-35 64.747306823730483 1.0000000180025095e-35 53.218408584594734 1.0000000180025095e-35 1.0000000180025095e-35 0.84523808956146251 7.5000000000000009 7.5000000000000009 99.80237197875978 77.849929809570327 0.84523808956146251 1.0000000180025095e-35 1.0000000180025095e-35 0.11805555596947671 0.11805555596947671 7.5000000000000009 3.5000000000000004 0.93750000000000011 0.095454547554254546 1.5000000000000002 1.0000000180025095e-35 22.378716468811039 0.73214286565780651 4.5000000000000009 52.851875305175788 0.23611111193895343 1.0000000180025095e-35 1.0000000180025095e-35 1.0000000180025095e-35 0.44949495792388922 76.63120269775392 0.11805555596947671 97.969490051269545 96.56854629516603 31.500000000000004 98.07621002197267 1.0000000180025095e-35 4.5000000000000009 97.448913574218764 1.0000000180025095e-35 5.5000000000000009 69.804355621337905 99.80237197875978 8.5000000000000018 11.500000000000002 1.5000000000000002 52.111026763916023 1.0000000180025095e-35 86.377086639404311 6.5000000000000009 0.23611111193895343
decision_type=2 2 2 2 2 2 2 2 2 2 2 2 2 2 2 2 2 2 2 2 2 2 2 2 2 2 2 2 2 2 2 2 2 2 2 2 2 2 2 2 2 2 2 2 2 2 2 2 2 2 2 2 2 2 2 2 2 2 2 2 2 2
left_child=1 5 40 15 49 10 8 11 9 12 32 23 18 -14 45 17 25 20 56 41 -4 -20 -13 31 -24 -16 36 55 29 35 -23 -5 -1 -19 38 -10 -27 -29 39 -35 44 42 -15 60 -2 46 47 -7 -26 -3 -51 52 -28 -31 -9 -22 -6 -58 -46 -34 -43 -17
right_child=2 4 3 7 6 14 -8 54 28 -11 -12 22 13 19 16 61 -18 33 21 -21 27 30 24 -25 48 26 51 37 -30 53 -32 -33 59 34 -36 -37 -38 -39 -40 -41 -42 43 -44 -45 58 -47 -48 -49 -50 50 -52 -53 -54 -55 -56 -57 57 -59 -60 -61 -62 -63
leaf_value=0.072510406461246776 -0.10230541294602657 -0.097423003962443369 -0.065670858975533764 0.087451322736516415 0.11680853252396509 0.11450954725886127 0.12120436394569763 0.11165056570296979 -0.017909622898172758 -0.073127819701074834 -0.10409375989342094 0.10308766453707584 -0.096556578434459556 0.085319611461943889 0.11484887264407243 -0.10264074252597169 0.11867140126101457 -0.093145035209626414 -0.063675652727430851 0.14609631220986186 0.091079980629834134 0.11878903617726547 0.14256616036896186 -0.10434536913227482 0.027142372257338454 -0.022428250606421129 -0.016275437677304931 -0.091999451339833116 0.085614226986639952 -0.04722457154538523 0.029236978023713795 -0.032886563682819496 -0.077051478876224391 0.13314428876780568 -0.072886041570757662 0.14454923499030312 0.10717088480698166 0.12389619420400333 -0.05283255245309218 -0.094211037066007086 0.10885407728000943 0.016346335168801379 -0.036226368887913675 0.083179804908317778 -0.058745781808900645 -0.067435109967751428 0.12733449786019249 -0.044365333296838443 -0.030743190059325715 -0.0033079680662513379 -0.10427124788930925 -0.019058400291854207 0.086830533440298133 0.17171563134443568 0.044882184742384229 -0.083349101295362632 0.024986308346786508 0.12408007263217234 -0.10433986523209229 0.013316974608651267 0.048394027582639824 -0.028249399297247287
leaf_weight=1620.4682134054601 105908.37969717756 8892.1283377222717 1954.5571347251534 451.63029918819666 3787.789591755718 22571.829583629966 9329.7053406536579 7975.7635718248785 429.01555892080069 2201.0250735729933 1422.42032982409 1786.3165694102645 1116.4091879464686 392.22363489121199 1746.0015970356762 18980.629492208362 6626.4514053873718 8512.5008662939072 832.17350881546736 737.22340430319309 1169.6259222887456 1014.8196835964918 444.08998053148389 1222.9198601357639 4449.2500305250287 321.18753167241812 640.15985822305083 480.06860272586346 412.0084170550108 8337.4720517806709 2148.1625786945224 2289.6266988143325 419.47986063733697 467.89199816435575 5285.3413189537823 288.08125034347177 1703.1522564552724 121.61800226941705 423.91596968472004 139.24537832289934 101.67359557375312 8425.7982281334698 1812.231837913394 1557.6933099627495 3905.2598354965448 106.20872669294477 56987.91924886778 388.10528260841966 1542.5808942690492 932.42890826612711 623.37727200239897 1616.7538710683584 1033.8701236769557 72.44803062081337 850.40655292570591 117.66176690533757 944.43822951614857 567.47497226670384 2571.7524103149772 3572.6471452638507 4622.4672055728734 570.19573878869414
leaf_count=11274 3034089 245898 39296 3328 21603 127667 52899 44374 6976 43901 35070 9776 27345 3316 8968 534820 35943 210309 12286 3740 8193 5364 2807 26178 28963 2174 2979 11947 2575 124540 17544 36773 8971 2792 118583 2044 8452 748 9088 3531 789 47865 17074 7207 82351 2064 333464 3320 21676 13137 15969 8771 5079 364 5115 1223 6789 3192 66542 26296 21931 7906
internal_value=-0.00467131 0.0740156 -0.0781026 -0.035288 0.0142736 0.109274 0.0363732 0.051686 0.0164369 0.0319825 -0.00217611 0.0129152 0.0402571 0.0245778 0.117638 -0.0831004 0.0884569 -0.0649126 0.071741 0.0322846 -0.0158013 0.032631 0.039016 -0.0412212 0.0212326 0.0601024 0.0421184 0.0357996 -0.0327141 -0.0380557 0.0579691 -0.0130605 0.0236532 -0.0776418 -0.0567484 0.0473554 0.0866083 -0.0483608 0.0259755 0.0810009 -0.100649 0.0272934 -0.0146005 0.0336164 -0.100838 0.122628 0.12288 0.111824 0.0122399 -0.0894323 -0.0437617 0.0147502 0.0474021 -0.0453385 0.105217 0.0751367 0.101224 0.0621797 -0.0768493 0.00382135 0.0276995 -0.100471
internal_weight=331976 160253 171723 59235.8 59476.6 100777 49028.7 21012.6 39699 30159.9 7035.02 12186.4 27958.9 18664 93741.6 38223.3 13687.6 18672.4 9294.86 17547.6 3843.53 3995.16 8222.24 3964.18 6435.92 7061.13 5315.12 1888.97 9539.03 9127.02 3162.98 2741.26 5612.6 14828.9 6316.39 717.097 2024.34 601.687 1031.05 607.137 112487 16810.4 2204.46 14606 112385 80054.1 79947.9 22959.9 5991.83 10447.9 1555.81 3290.78 1674.03 8409.92 8826.17 1287.29 5299.7 1511.91 6477.01 3992.13 13048.3 19550.8
internal_count=5635248 1324051 4311197 1127426 703559 620492 428555 178990 375656 239157 81611 129501 195256 128478 538881 948436 72366 405710 66778 101133 61407 35194 63222 66279 53446 36423 27455 22111 136499 133924 22908 40101 46541 344303 133994 9020 10626 12695 15411 6323 3183771 97393 20390 77003 3182982 466515 464451 130987 50639 275004 29106 16829 8058 124904 49489 9416 31584 9981 148893 35267 69796 542726
is_linear=0
shrinkage=0.1


Tree=14
num_leaves=63
num_cat=0
split_feature=4 28 12 26 10 12 26 26 1 12 1 20 26 13 7 20 20 13 20 18 26 26 7 20 1 30 0 13 24 26 26 7 7 18 25 7 13 27 25 7 8 26 20 13 3 10 2 20 11 7 20 13 7 10 24 10 20 18 20 20 1 25
split_gain=242782 16756.6 5417.66 6648.56 3903.57 1728.43 1533.16 2447.87 1490.87 1465.99 1289.97 1283.27 968.882 962.311 1415.94 870.237 762.598 738.807 734.927 732.83 700.951 916.21 613.966 871.542 546.515 493.913 492.734 471.597 466.421 445.156 426.965 569.25 425.209 416.018 413.217 406.4 438.26 401.84 397.671 381.708 369.864 355.882 354.201 292.524 286.362 363.368 276.66 274.726 272.869 265.182 263.324 262.352 352.532 260.085 250.209 244.226 236.797 238.16 282.904 276.431 235.573 226.562
threshold=1.0000000180025095e-35 1.0000000180025095e-35 60.943256378173835 0.23611111193895343 88.047618865966811 53.001201629638679 -1.0000000180025095e-35 0.44949495792388922 6.5000000000000009 52.73088455200196 8.5000000000000018 99.80237197875978 0.88194444775581371 77.849929809570327 1.0000000180025095e-35 88.47040176391603 51.07936096191407 97.70084381103517 99.80237197875978 81.698726654052749 0.10555555671453477 -1.0000000180025095e-35 1.5000000000000002 55.289335250854499 6.5000000000000009 1.0000000180025095e-35 0.36353507637977606 89.039035797119155 8.5000000000000018 -1.0000000180025095e-35 -1.0000000180025095e-35 20.500000000000004 1.0000000180025095e-35 97.68778228759767 9.5000000000000018 1.0000000180025095e-35 97.498435974121108 1.5000000000000002 9.5000000000000018 1.0000000180025095e-35 13.500000000000002 -1.0000000180025095e-35 92.346740722656264 64.051280975341811 11.500000000000002 74.601570129394545 0.71215134859085094 62.236938476562507 98.213714599609389 1.5000000000000002 50.153373718261726 95.488464355468764 1.0000000180025095e-35 24.068965911865238 9.5000000000000018 28.718704223632816 46.827678680419929 91.905540466308608 97.68778228759767 93.364780426025405 20.500000000000004 8.5000000000000018
decision_type=2 2 2 2 2 2 2 2 2 2 2 2 2 2 2 2 2 2 2 2 2 2 2 2 2 2 2 2 2 2 2 2 2 2 2 2 2 2 2 2 2 2 2 2 2 2 2 2 2 2 2 2 2 2 2 2 2 2 2 2 2 2
left_child=2 9 -1 8 5 24 22 18 26 10 39 15 17 14 61 20 -15 38 25 29 21 32 -6 -24 53 28 -4 41 33 35 31 51 40 56 54 44 -37 -9 -11 46 60 -17 -27 -21 45 -10 55 -32 -14 -38 -23 52 -28 -3 -22 -2 -8 59 -59 -58 -7 -5
right_child=1 4 3 13 6 11 7 37 19 12 -12 -13 48 16 -16 27 -18 -19 -20 43 34 50 23 -25 -26 42 30 -29 -30 -31 47 -33 -34 -35 -36 36 49 -39 -40 -41 -42 -43 -44 -45 -46 -47 -48 -49 -50 -51 -52 -53 -54 -55 -56 -57 57 58 -60 -61 -62 -63
leaf_value=-0.10149001800732466 0.16991966627956889 0.085861529677009663 -0.06716784662546077 0.054406387545355817 0.12160532023933533 0.10340807452254999 -0.097249832118738777 0.1239249789974072 -0.053449029168384891 0.093594006344384528 -0.050346763983895405 0.12636092787907635 0.1109319143092356 -0.080488098451234655 -0.11466511392808579 0.10329273928175926 0.097314326947731455 0.11605940750524418 0.13857301744532283 -0.066470621475853323 0.071010956141675519 -0.10299121025060061 0.0034062759262606952 0.1250561464120524 -0.09134820384627601 0.12120682284696234 0.021847858636690889 0.11699356145159703 0.067599862659658227 -0.099086375389630832 -0.10334812414297097 -0.071682447841323521 -0.087226037887943086 0.087838657529960562 -0.023550916585172735 -0.10301851489370145 0.11560106483960023 0.067592187000380624 0.052791578004222545 -0.098869615821577703 -0.073887849325134661 -0.018156396474874582 -0.024433903927604653 0.048072121466397132 -0.071876114176959077 0.04117813203199782 0.071492795184039615 -0.010463872373911456 0.12420178654981257 -0.066341448994041777 -0.012423883498878489 0.028767221994662431 -0.082851516752422263 -0.03143270906102863 0.14364192307049914 0.073268438216334553 0.017295694826442911 -0.015214130676809563 0.064866216847126179 0.076191232575117257 -0.018735598353157863 -0.015353691441250339
leaf_weight=111069.54677351937 651.63864840194583 257.49280916526914 5009.5656736977398 1885.4778625369072 5315.99313878268 1534.9697971008718 194.98882913216949 4096.2754501923919 1070.1691565029323 5424.4240434244275 887.09888727962971 1059.6875335425138 22063.468027878553 267.26215122640133 813.67208619043231 249.03180326521397 2475.9690913893282 8467.0921678878367 622.7253807336092 373.67926578596234 2086.4170892089605 369.94407174736261 1257.8657391406596 1107.4288432598114 2057.3935180343688 872.02297042682767 683.83588312193751 282.93518184870481 2059.7376522086561 17719.763056717813 966.87400914728642 1159.5898526199162 170.62838261201978 769.51604319736362 382.36168754845858 6286.5073059201241 81.429327953606844 1832.8787517771125 4268.1033373400569 111.89023043960333 148.09580475091934 7749.0693926103413 206.53823227062821 552.78349643945694 2222.7852394096553 653.67147500440478 2723.4831454306841 474.80316460132599 52059.169077396393 4936.7202407792211 2428.0376891866326 2339.4387738481164 607.10779178142548 711.1489849537611 613.85431216284633 436.619244877249 7284.0541832223535 3677.0292895324528 501.29335830360651 894.83569515496492 176.00569421797991 618.20300665125251
leaf_count=3436873 4140 4119 110639 14207 30737 8317 5147 24919 23181 29803 16330 6094 132287 4205 9687 1294 13730 49384 3382 6475 16411 8444 8665 6747 53115 4160 6973 1528 9736 530964 27097 25065 1311 3848 3687 172704 718 9217 21766 1497 1788 90512 976 4075 53619 10176 12396 5923 327585 116323 34778 20127 11356 12735 3997 3340 38928 24517 2225 4615 1804 4850
internal_value=-0.00459511 0.0880002 -0.0890843 -0.0621718 0.0415695 0.00752159 0.0640629 0.0511503 -0.0753761 0.112375 0.0585568 0.0197495 0.11518 0.0361725 -6.31411e-05 0.012772 0.0799917 0.0944788 0.0319355 -0.0858418 0.0364925 0.0127055 0.102747 0.0603626 -0.0621882 0.0279011 -0.0438171 -0.00988649 0.0233141 -0.0883065 -0.0250456 -0.0106854 0.0638543 0.0164668 0.073745 -0.0757818 -0.085427 0.106511 0.0756267 0.0831789 0.0777206 -0.0143749 0.0933175 0.00187248 -0.0481545 -0.0175669 0.0885228 -0.0727575 0.120252 -0.0633891 -0.0243985 0.00879789 -0.0273904 -0.000252532 0.0875222 0.131142 0.0120913 0.0138167 -0.00560651 0.0237393 0.0908433 0.0371814
internal_weight=310332 148063 162269 51199.3 50970.3 20277.1 30693.2 23011.9 45138.7 97093 4810.73 17251 92282.3 6060.58 3317.35 16191.4 2743.23 18159.6 17082.7 33897.5 7910.31 4827.68 7681.29 2365.29 3026.04 16460 11241.2 8281.04 15381.5 32971 6231.65 4789.97 2029.7 13321.7 3082.63 15251.3 11304.7 5929.15 9692.53 3923.63 1859.07 7998.1 1078.56 926.463 3946.63 1723.84 3811.74 1441.68 74122.6 5018.15 2797.98 3630.38 1290.94 968.642 2700.27 1088.26 12552.2 12357.2 4178.32 8178.89 1710.98 2503.68
internal_count=5635248 1026281 4608967 1172094 427753 249934 177819 131670 1125415 598528 37703 179965 560825 46679 28744 173871 17935 100953 97534 918235 80537 56442 46149 15412 69969 94152 207180 93334 89016 907685 96541 63521 13220 79280 24095 376721 289745 34136 51569 21373 11909 91806 5136 10550 86976 33357 19876 33020 459872 117041 43222 38456 18329 16854 20408 7480 75432 70285 26742 43543 10121 19057
is_linear=0
shrinkage=0.1


Tree=15
num_leaves=63
num_cat=0
split_feature=4 29 12 19 28 17 12 29 21 21 27 13 7 8 10 7 20 25 14 12 7 21 29 20 19 21 21 17 29 24 7 7 14 14 25 19 29 14 17 14 19 24 30 19 27 10 20 20 18 7 14 14 17 12 14 10 12 25 9 8 14 17
split_gain=212274 20204.1 5473.45 7525.48 4919.17 2384 2245.82 1591.98 1516.87 1429.08 1270.61 1137.71 1591.51 1129.45 1050.84 1401.62 997.572 774.57 767.279 747.471 697.581 592.077 551.855 537.784 513.101 503.286 537.986 495.327 489.59 458.2 382.002 369.254 386.418 349.603 332.186 313.704 306.475 302.506 411.402 296.828 295.253 352.834 337.207 288.549 272.989 268.386 264.956 262.156 259.968 258.23 255.506 254.176 251.463 247.132 970.985 244.544 248.376 239.645 227.048 224.957 212.935 212.568
threshold=1.0000000180025095e-35 1.0000000180025095e-35 60.158729553222663 81.019149780273452 1.0000000180025095e-35 5.5000000000000009 54.72370910644532 1.0000000180025095e-35 0.12701612710952762 0.43167701363563543 1.0000000180025095e-35 77.849929809570327 1.0000000180025095e-35 5.5000000000000009 86.319076538085952 18.500000000000004 99.80237197875978 3.5000000000000004 0.84523808956146251 48.566747665405281 1.0000000180025095e-35 0.12701612710952762 1.0000000180025095e-35 99.80237197875978 97.969490051269545 0.63961037993431102 0.048809524625539787 1.5000000000000002 1.0000000180025095e-35 9.5000000000000018 1.0000000180025095e-35 1.5000000000000002 0.52777779102325451 0.93750000000000011 8.5000000000000018 57.790622711181648 1.5000000000000002 0.73214286565780651 8.5000000000000018 0.18333333730697635 96.019802093505874 8.5000000000000018 1.0000000180025095e-35 99.052112579345717 1.0000000180025095e-35 91.715686798095717 95.84293365478517 98.006622314453139 92.601715087890639 3.5000000000000004 0.64583334326744091 0.15476191043853763 8.5000000000000018 52.277431488037116 0.20714285969734195 21.483516693115238 42.740047454833991 7.5000000000000009 66.287876129150405 14.500000000000002 0.10555555671453477 5.5000000000000009
decision_type=2 2 2 2 2 2 2 2 2 2 2 2 2 2 2 2 2 2 2 2 2 2 2 2 2 2 2 2 2 2 2 2 2 2 2 2 2 2 2 2 2 2 2 2 2 2 2 2 2 2 2 2 2 2 2 2 2 2 2 2 2 2
left_child=2 6 -1 7 10 16 9 14 13 -2 52 12 22 31 20 17 19 27 29 -6 58 -19 -5 33 25 26 -21 49 -13 35 55 32 -8 37 -26 -12 40 38 53 -31 41 46 -43 -36 -9 -24 57 48 -27 -16 60 -30 -3 -7 -55 -11 -57 -28 -4 -15 -10 -41
right_child=1 4 3 11 5 23 8 44 50 30 18 28 -14 59 15 -17 -18 21 -20 24 -22 -23 45 -25 34 47 36 -29 51 39 -32 -33 -34 -35 43 -37 -38 -39 -40 61 -42 42 -44 -45 -46 -47 -48 -49 -50 -51 -52 -53 -54 54 -56 56 -58 -59 -60 -61 -62 -63
leaf_value=-0.10097109363822637 -0.064798847715193564 0.027950612371092982 -0.077662890696403447 0.070759849259007093 -0.080541546732223857 -0.077560222313964561 0.023836930113705374 -0.10123463398284727 0.12155977259784477 0.11501684015596259 -0.076774937921098338 0.11002634605436633 -0.11088118434698618 0.0095573389515348217 0.071569364166494037 -0.070756364494692012 0.1368272334067436 -0.10082789887812429 0.1174505267107884 -0.10145266022050831 -0.10044653594832467 0.078541186647583611 -0.02051985433862356 0.1627284081858944 0.096977474219471893 0.012487744321142318 0.022871151736260139 -0.044697122136713778 0.13341077820330494 0.083100881660574624 -0.097254117723856004 0.012906450036495987 0.11650501025062637 0.076410367400511187 -0.010176831329329344 0.093161821921897037 -0.0041046957849007601 -0.073747235953347562 -0.05139968095373109 0.046211476275776715 0.14112799234430126 0.11269279890534019 -0.050749427623325453 0.11142498129501568 -0.046247638020535657 0.18125078072786435 0.13879098921822525 0.056324984501754709 -0.023044631271513516 0.013751829417547413 0.12075187085748629 0.016115573039909872 -0.049963212079694175 0.18076477982513298 -0.014140718211588502 0.033175032237603048 0.090170092526108928 0.095499138114686258 -0.028964562440799493 -0.079198522815117328 0.10293314530984779 -0.022275843265867224
leaf_weight=100812.69088288024 945.30445783957839 1934.3309677280486 1567.5682894121855 1705.4408980235457 709.21319931000471 341.68496623635292 537.08975506201386 17847.819696454331 9133.5140159130096 1166.3410664610565 111.69939609616995 1818.3624799475074 1034.5662308204919 946.87201507017016 1455.744119849056 5819.5688329245895 762.15351434051991 1015.3533223085105 5566.5565280690789 283.12324308231473 6793.8113724496216 224.76510461419821 1488.0863065868616 133.54041054844856 1467.0307411067188 4455.9896324723959 5511.407635524869 864.75484190508723 215.64106502383947 875.07769507914782 131.12649343535304 548.70613538846374 2774.5595197752118 253.03966435045004 732.7292741984129 3951.6908888816833 1424.6819875724614 2317.7614160962403 3935.8470195047557 912.09664921462536 315.41602520644665 1029.3187450990081 143.87617894634604 265.96898693218827 950.97779118455946 68.979826897382736 227.54492389783263 790.96816842257977 3827.9136829487979 1645.8274300768971 56383.002468876541 1289.4838201254606 527.11310174316168 299.26520388200879 1751.8851913176477 1554.8794391416013 1504.35811618343 495.13333420455456 2459.5670935288072 408.87785449624062 18708.737979438156 900.72317805886269
leaf_count=3431256 20887 10904 35026 9150 20649 9576 3798 592131 56511 6125 2263 10612 16226 6008 9499 146225 4337 26870 34712 7920 199280 1585 20328 705 7329 26544 29929 15754 1121 4560 1773 2812 14962 1338 3652 21452 8743 39185 69380 4422 1433 5343 767 1297 15682 372 1192 3958 27331 17365 380072 8410 5216 2711 26247 10052 8291 2495 52075 5264 120229 3907
internal_value=-0.0045191 0.0834426 -0.0877128 -0.0600206 0.0292663 0.00691992 0.109892 -0.077118 0.113641 0.0466564 0.0768576 0.0311719 -0.00280885 0.0613104 -0.0587598 -0.037033 0.0243801 0.000661707 0.0899647 0.0204271 -0.0808984 -0.0683182 0.0314617 -0.0364597 0.0238417 0.018132 0.0343095 0.0222291 0.0751071 0.0673021 0.0708397 0.0888868 0.101476 -0.0394486 0.0666933 0.0884904 0.0385115 -0.0428393 -0.0315198 0.0352709 0.0463734 0.0423385 0.0926489 0.0222076 -0.098453 -0.0115812 0.0328706 0.00132053 -0.00393143 0.0408889 0.116881 0.0329206 0.0112655 0.00117958 0.0142962 0.0760559 0.0612019 0.028858 -0.0479205 -0.0172104 0.109044 0.0121827
internal_weight=290077 140998 149079 48266.3 46254.8 31475.5 94743.4 40645.8 89441.4 5302.01 14779.3 7620.56 4297.07 5216.11 21847 11026 22442.5 5206.44 12317.8 21680.3 10820.9 1240.12 3262.51 9033.02 20971.1 18505.4 9430.5 3966.33 3323.49 6751.29 4356.71 3860.36 3311.65 8899.48 2465.73 4063.39 9147.38 8646.44 6328.68 2687.9 7722.7 7407.28 1173.19 998.698 18798.8 1557.07 6234.09 9074.87 8283.9 3101.57 84225.3 1505.12 2461.44 2392.84 2051.15 4225.58 3059.24 6006.54 4027.14 1355.75 27842.3 1812.82
internal_count=5635248 1026281 4608967 1177711 389497 302061 636784 1111492 589656 47128 87436 66219 46076 32844 503679 217298 152919 71073 71316 148582 286381 28455 29850 149142 127933 115655 57822 42618 20143 36604 26241 21572 18760 148437 12278 23715 49902 147099 107914 12889 41159 39726 6110 4949 607813 20700 33616 57833 53875 26864 556812 9531 16120 38534 28958 24468 18343 32424 87101 11272 176740 8329
is_linear=0
shrinkage=0.1


Tree=16
num_leaves=63
num_cat=0
split_feature=4 26 12 19 19 26 12 17 18 26 10 13 19 14 3 12 14 24 26 11 3 1 20 30 20 19 19 3 13 3 14 1 11 20 18 20 24 19 30 18 30 13 27 26 10 20 14 27 26 14 19 14 20 18 20 26 14 24 9 17 18 27
split_gain=186033 13812.2 5455.27 6700.37 4674.12 2302.9 1854.92 1776.32 1651.59 1609.46 1307.87 1150.11 1072.63 1038.77 1710.59 736.675 723.95 809.009 706.909 598.825 578.985 571.617 491.229 440.588 535.679 433.308 400.099 355.438 379.548 354.026 344.124 341.45 331.719 330.496 322.21 320.312 312.479 335.066 298.024 287.193 279.658 265.119 259.182 292.582 252.68 339.831 248.772 246.012 245.198 240.262 228.611 415.051 211.627 257.283 271.283 205.959 205.783 195.987 195.736 186.92 180.963 172.664
threshold=1.0000000180025095e-35 0.44949495792388922 60.158729553222663 78.283874511718764 98.295398712158217 -1.0000000180025095e-35 54.72370910644532 5.5000000000000009 1.0000000180025095e-35 0.88194444775581371 86.319076538085952 74.464202880859389 78.065486907958999 0.73214286565780651 41.500000000000007 48.834688186645515 0.10555555671453477 7.5000000000000009 0.23611111193895343 89.059825897216811 21.500000000000004 23.500000000000004 99.333301544189467 1.0000000180025095e-35 92.60501861572267 97.311748504638686 97.448913574218764 7.5000000000000009 76.028167724609389 3.5000000000000004 0.93750000000000011 7.5000000000000009 98.213714599609389 98.312206268310561 58.847248077392585 46.827678680419929 8.5000000000000018 97.575668334960952 1.0000000180025095e-35 66.813507080078139 1.0000000180025095e-35 85.215545654296889 1.5000000000000002 0.63068181276321422 84.29276275634767 51.693037033081062 0.15476191043853763 1.5000000000000002 0.13392857462167743 0.18333333730697635 97.575668334960952 0.31666667759418493 97.57275772094728 91.905540466308608 93.364780426025405 0.23611111193895343 0.84523808956146251 6.5000000000000009 24.048192977905277 9.5000000000000018 59.105201721191413 2.5000000000000004
decision_type=2 2 2 2 2 2 2 2 2 2 2 2 2 2 2 2 2 2 2 2 2 2 2 2 2 2 2 2 2 2 2 2 2 2 2 2 2 2 2 2 2 2 2 2 2 2 2 2 2 2 2 2 2 2 2 2 2 2 2 2 2 2
left_child=2 4 50 8 5 20 12 15 13 10 16 19 -3 27 -15 -7 -8 61 -10 25 21 41 23 35 -25 55 38 28 -4 58 -6 -31 46 48 -19 -17 37 52 49 -38 56 -2 -12 -44 -20 -46 -11 -42 -9 -13 -1 -52 53 54 -37 -5 59 -39 -14 -36 -57 -18
right_child=1 6 3 11 30 7 9 33 18 32 42 26 29 14 -16 22 17 34 44 -21 -22 -23 -24 24 -26 -27 -28 -29 -30 31 -32 -33 -34 -35 40 36 39 57 -40 -41 47 -43 43 -45 45 -47 -48 -49 -50 -51 51 -53 -54 -55 -56 60 -58 -59 -60 -61 -62 -63
leaf_value=-0.10177988638512961 0.049605002530775079 -0.078761239526461815 -0.071344034291513203 -0.071112149344416106 0.074974901243708453 -0.084646122841195215 0.10069836326757496 -0.054045332027866461 -0.10041478426784994 0.11793176690008192 0.11450924965629841 0.12911584476993895 0.14326371614350264 0.025445336855308167 -0.065440835684821008 -0.089201332753690729 0.084362944346183411 0.091533657669796487 -0.058750963938156257 0.10414350569145128 -0.020035846588345771 -0.057517661968366163 0.14090259439587702 0.10600451161422222 -0.056549552739851461 0.022514916357435476 0.10562375447394215 -0.086299706780821536 0.034486169523317921 0.051086125036495227 0.11050986475306074 -0.063147250112522715 0.11872758278738396 0.084127220561382082 0.017413807713580264 0.0095641800459842809 0.10349839224875895 0.11847684605834813 0.099071291761926583 0.028610949389557962 0.033375936517641577 0.089010073550374783 0.042619766410858607 0.10029666644107507 -0.072345680552077352 0.09389839960415193 0.094292065593855667 -0.094880892318141674 -0.012735312204734024 0.0014792802986241449 -0.083921176228228825 0.2728285672660819 0.065103986824848858 -0.01444900132641406 0.065898369254496408 0.080529866951652929 0.19952134409780931 0.0016814173609220918 0.073105307897994784 -0.053732708203709345 -0.032313263111446194 -0.039983656957311708
leaf_weight=85372.32210909389 2572.2357215546072 618.62475899606943 914.11603726632893 1476.0770168211311 5518.3862396515906 663.00243639573455 1971.307453610003 5135.9089158829302 18603.250173904002 7041.7426121048629 6850.881406545639 165.43888990581036 588.08335383236408 3507.1039764005691 5056.7647285293788 284.31607677601278 2073.1335930041969 344.33922486007214 965.21137583814561 415.7448822259903 781.407291399315 335.92595954798162 344.61863945424557 1086.9395131338388 249.20540523156524 1372.4568572361022 1546.2187540307641 7259.6063826680183 538.52291013672948 2468.1323785595596 5384.1926408112049 292.69200605712831 44537.654164172709 212.29142176359892 1764.0206848718226 7829.4622154086828 727.27375775016844 453.99069776758552 589.38713989406824 1730.8704089783132 201.11461436748505 5078.2903375253081 1259.3153078891337 2916.2384996339679 203.62136924639344 310.41113571077585 12102.479856424034 583.32631790265441 1994.9389735870063 1358.6560995355248 6288.3845807891339 32.781767413020134 635.75122513249516 4169.0757415443659 959.59740788862109 175.3062997777015 54.314820855855942 210.19252165034413 1228.0930777750909 467.04216889292002 750.59749242290854 118.0267537869513
leaf_count=3257190 18385 14908 23849 31001 35971 20933 10838 102891 661775 47358 47117 870 3453 36862 134173 7997 12291 1962 13972 3132 7324 5356 1885 5624 1460 7700 9469 220500 7102 13148 36064 3669 327553 2663 9703 44822 3921 2247 3380 9852 1072 29994 6298 18926 3490 1790 83593 4238 31350 9921 173871 195 3118 29395 5400 1419 241 1121 8259 3152 7306 729
internal_value=-0.00444423 0.0793922 -0.0864046 -0.0579755 0.035262 0.0176539 0.102778 0.00304595 -0.0756227 0.106437 0.0805608 0.0260097 0.0448285 -0.0529533 -0.0282208 0.0189414 0.0485742 0.0302429 -0.0951243 -0.00976234 0.0621174 0.0701554 0.0226177 0.0203947 0.0756864 -0.0223088 0.0669671 -0.0772645 -0.0321106 0.0615328 0.0925237 0.0389755 0.113996 -0.0388279 -0.000192042 0.016049 0.0178392 0.0121622 0.0386859 0.0507674 -0.0104808 0.0757614 0.10254 0.0829018 -0.0285897 0.0280449 0.102987 -0.0619985 -0.0424884 0.0153341 -0.100421 -0.0820711 0.00877374 0.00601007 0.0157148 -0.0479204 0.00720224 0.0815149 0.0958228 0.00252027 -0.0109481 0.077665
internal_weight=270740 133838 136902 45208.5 46357.9 35455.3 87480.6 26687.4 37358.6 82284.9 18603.1 7849.88 5195.63 17276.1 8563.87 19344.3 7576.63 5605.32 20082.5 4190.18 8767.86 7986.45 18681.3 18336.7 1336.14 3774.44 3659.7 8712.25 1452.64 4577 10902.6 2760.82 63681.9 7343.14 3414.16 17000.5 16716.2 14258.1 2113.48 2458.14 3069.82 7650.53 11026.4 4175.55 1479.24 514.033 19144.2 784.441 7130.85 1524.09 91693.5 6321.17 13593.9 12958.1 8789.06 2401.98 2285.38 664.183 1816.18 2231.06 925.904 2191.16
internal_count=5635248 1026281 4608967 1177711 407773 335738 618508 274679 1103513 575071 116567 74198 43437 422486 171035 137775 44226 33388 681027 50558 61059 53735 116842 114957 7084 47426 23640 251451 30951 28529 72035 16817 458504 136904 20368 107873 99876 86103 14171 13773 18406 48379 72341 25224 19252 5280 130951 5310 134241 10791 3431256 174066 82735 79617 50222 39726 13096 3368 11712 12855 8725 13020
is_linear=0
shrinkage=0.1


Tree=17
num_leaves=63
num_cat=0
split_feature=4 28 9 19 19 17 19 14 26 10 13 7 0 7 19 26 11 26 7 26 19 14 13 11 27 17 19 14 30 10 7 7 19 10 1 21 19 14 9 21 14 25 14 7 21 9 14 7 21 25 26 13 8 19 13 19 14 1 2 10 30 9
split_gain=162817 13788.1 5344.66 5841.45 4676.93 2361.45 1766.94 1574.26 1323.66 1004.69 984.867 1496.16 917.046 897.002 732.612 627.706 622.347 583.183 751.163 613.056 593.766 509.032 472.15 443.926 417.18 398.557 380.663 391.599 350.579 334.649 372.012 335.531 327.366 323.183 307.801 343.37 305.216 292.579 370.494 290.048 285.044 280.135 277.788 274.521 269.104 268.665 586.729 261.874 254.493 252.69 240.178 233.734 233.596 233.491 277.679 232.184 231.188 204.514 222.865 198.776 198.395 194.533
threshold=1.0000000180025095e-35 1.0000000180025095e-35 49.65753364562989 76.885185241699233 99.052112579345717 5.5000000000000009 1.0000000180025095e-35 0.77500000596046459 0.88194444775581371 69.416099548339858 79.80582427978517 1.0000000180025095e-35 0.36353507637977606 18.500000000000004 63.665315628051765 0.15476191043853763 41.897974014282234 -1.0000000180025095e-35 1.5000000000000002 0.44949495792388922 97.575668334960952 0.93750000000000011 83.424911499023452 39.314987182617195 1.5000000000000002 9.5000000000000018 97.575668334960952 0.31666667759418493 1.0000000180025095e-35 83.75235748291017 23.500000000000004 1.0000000180025095e-35 97.833908081054702 93.40579986572267 24.500000000000004 0.63961037993431102 97.833908081054702 0.18333333730697635 41.444372177124031 0.17519181966781619 0.095454547554254546 6.5000000000000009 0.93750000000000011 1.0000000180025095e-35 0.048809524625539787 37.884435653686531 0.10555555671453477 1.0000000180025095e-35 0.4220647811889649 8.5000000000000018 0.095454547554254546 64.461452484130874 7.5000000000000009 47.233158111572273 86.72955703735353 86.217220306396499 0.18333333730697635 8.5000000000000018 0.63698199391365062 79.337715148925795 1.0000000180025095e-35 39.369100570678718
decision_type=2 2 2 2 2 2 2 2 2 2 2 2 2 2 2 2 2 2 2 2 2 2 2 2 2 2 2 2 2 2 2 2 2 2 2 2 2 2 2 2 2 2 2 2 2 2 2 2 2 2 2 2 2 2 2 2 2 2 2 2 2 2
left_child=2 7 26 6 5 9 12 8 25 22 11 32 29 42 -10 -8 -6 18 52 20 28 34 61 47 -21 37 -1 43 44 31 33 -4 59 -31 35 45 56 38 55 -20 51 -22 -14 -28 -19 -7 -47 57 50 -39 -46 -37 -11 -17 -55 -2 -12 58 -16 -5 -58 -3
right_child=1 4 3 10 16 21 15 -9 14 17 36 -13 13 -15 23 53 -18 19 39 24 41 -23 -24 -25 -26 -27 27 -29 -30 30 -32 -33 -34 -35 -36 40 -38 49 -40 -41 -42 -43 -44 -45 48 46 -48 -49 -50 -51 -52 -53 -54 54 -56 -57 60 -59 -60 -61 -62 -63
leaf_value=-0.10116213405603243 -0.071983210868624067 -0.070537808812636438 -0.050354167364020042 -0.0075112472705161264 0.0064644372498084872 -0.067881513703366286 -0.10031829485664355 0.11478687535187181 -0.061651136198644374 0.10740202960697871 0.12700763256932979 -0.10862266301846757 -0.027705227874154123 -0.068502500225627386 0.13370098878549735 -0.088180957675571353 0.11156555927750807 -0.10004425961146722 -0.0036378211012399078 0.11437938618128585 0.10233064858965518 0.085443605649545271 0.12144036136801908 0.10340673931229788 0.03955672304644281 0.01132436706013305 -0.059741975261972224 0.17018749345491102 0.079024490640875675 -0.043661647851064148 -0.066275073287202169 -0.10095759774981955 0.069481726130557878 0.051040252251998222 -0.087976498703120964 -0.0035067715829353052 0.10579092293927431 0.074640004298476753 0.11200969416859502 0.11833393208519699 -0.051002145300136595 0.030865972664770008 0.032848091061536765 -0.10315019606094221 0.02828314715863553 0.13094756147480743 -0.0048857829967001165 -0.11009376078226663 0.011677209201612056 0.03186226155829508 0.10452502424774612 0.17347651173764614 -0.014705893622386071 -0.038753761851189977 0.080244064520258118 0.061799177419089892 0.0086666945964989101 -8.7223950697616065e-05 0.067072734398780628 0.11063146971080627 0.089330637806601484 -0.012731671788077223
leaf_weight=79015.084977788851 176.98132904991508 744.86557798832655 2042.2191866151989 1682.2815732173622 611.29928577691317 542.3263858705759 16171.602019898593 39685.942270983011 287.76393002644181 2913.3024912327528 277.23916302993894 1064.7323685176671 1096.2102848812938 2084.7149455454201 606.95001557469368 438.26096583530307 7190.458481695503 199.03459783643484 1286.4244208522141 1417.8684120103717 1371.5104674175382 420.44178655743599 234.14048924669623 26070.266588844359 1570.6325079724193 1714.4039454292506 3503.5767935402691 64.364080298691988 921.50727764517069 898.61172277480364 3122.332311341539 3656.0809211581945 1209.4872253015637 601.60967978090048 761.70317504554987 642.97885314747691 1258.4254625365138 2515.503743307665 2064.4620528556406 229.7880901992321 4014.2764822747558 914.08009430766106 2452.6068642288446 2493.9931462183595 1467.3729715198278 349.09930822066963 3569.4636006746441 81.359724683687091 12495.176306009293 3061.4009036161005 575.13473324850202 84.417530797421932 165.5705636292696 584.61937785893679 295.06521773710847 485.87947411090136 1250.6623799428344 364.69728977233171 2903.9703592099249 155.58447095751762 403.21383482217789 2665.2296743746847
leaf_count=3303191 3525 23418 55043 22406 5870 14996 635249 310546 6393 18180 1582 19772 23020 57760 3638 10141 53324 6715 8766 10237 8075 2216 1306 196026 7935 11435 83829 318 4386 21122 91578 131587 6367 6638 20954 10404 8283 15348 12192 1597 62791 4507 18537 90936 8469 3941 49541 1253 69084 16358 2630 435 1175 7888 1792 3057 8501 4947 13810 1026 2401 26801
internal_value=-0.00436262 0.075336 -0.0850463 -0.0552648 0.0325692 0.0186129 -0.0729565 0.100647 0.0867336 0.0331909 0.0257696 -0.00657581 -0.0488906 -0.01644 0.0971479 -0.09491 0.10333 0.0402028 0.0724626 0.0331211 0.026137 -0.0223381 -0.0159265 0.0986697 0.0750557 0.0552213 -0.0993094 -0.0751596 0.0191871 -0.0666035 -0.0466109 -0.0828218 0.0290789 -0.00568487 -0.026886 -0.0218295 0.0674705 0.0642838 0.0911249 0.0148475 -0.0405652 0.0737497 0.0141435 -0.0777926 0.0154454 -0.00191438 0.00721542 0.0674601 0.0170266 0.0511575 0.0497515 0.0170329 0.100836 -0.0285484 0.00116068 0.0260798 0.0424987 0.0711874 0.0785911 0.00249012 0.0283325 -0.0253582
internal_weight=253200 127378 125823 40745.6 47358.1 39556.3 33443.9 80019.6 40333.6 29171.6 7301.63 4112.09 15954.4 5633.53 30315 17489.5 7801.76 25527.4 4595.09 20932.3 17943.8 10384.7 3644.24 30027.2 2988.5 10018.6 85077 6061.93 15658.2 10320.9 4622.55 5698.3 3047.35 1500.22 9964.27 9202.56 3189.54 8304.23 2727.32 1516.21 4741.67 2285.59 3548.82 5997.57 14736.7 4460.89 3918.56 3956.98 14537.7 5576.9 2042.51 727.396 3078.87 1317.95 879.685 662.861 1931.12 3875.62 3510.92 1837.87 1653.88 3410.1
internal_count=5635248 1026281 4608967 1130693 427753 368559 1060355 598528 287982 203281 70338 49571 405285 99317 226067 655070 59194 151756 29718 122038 103866 165278 51525 219674 18172 61915 3478274 175083 91284 305968 119338 186630 29799 27760 163062 142108 20767 50480 18774 10363 73630 12582 41557 174765 86898 68478 53482 23648 80183 31706 11099 10839 19355 19821 9680 6582 12484 22395 17448 23432 10902 50219
is_linear=0
shrinkage=0.1


Tree=18
num_leaves=63
num_cat=0
split_feature=4 29 12 19 28 12 21 18 17 27 20 14 3 1 8 13 7 13 27 12 14 29 29 21 0 14 19 21 14 12 7 7 19 7 14 24 30 19 14 21 20 13 20 29 20 20 19 18 3 17 3 30 27 24 7 7 18 12 14 14 19 29
split_gain=142530 16954.4 5448.73 5360.68 3007.33 2497.45 1738.65 1665.32 1522.65 1289.61 959.429 932.539 1427.12 910.667 856.768 800.128 1388.9 762.774 697.272 635.326 728.847 476.012 385.282 380.338 375.618 367.779 406.658 482.668 367.227 349.247 333.436 326.12 317.605 307.836 351.838 273.401 290.816 271.515 300.986 253.508 249.287 245.685 236.484 234.697 239.125 269.255 231.681 319.86 228.699 228.536 220.253 219.355 215.791 208.769 204.25 196.214 191.463 185.116 183.259 192.466 177.716 192.626
threshold=1.0000000180025095e-35 1.0000000180025095e-35 60.158729553222663 78.283874511718764 1.0000000180025095e-35 54.72370910644532 0.12701612710952762 1.0000000180025095e-35 8.5000000000000018 1.0000000180025095e-35 99.80237197875978 0.58571431040763866 24.500000000000004 8.5000000000000018 5.5000000000000009 81.01672744750978 1.0000000180025095e-35 88.493064880371108 1.0000000180025095e-35 48.074073791503913 0.18333333730697635 1.0000000180025095e-35 1.0000000180025095e-35 0.048809524625539787 0.89735862612724315 0.44949495792388922 97.969490051269545 0.65942031145095836 0.64583334326744091 67.099567413330092 1.0000000180025095e-35 1.0000000180025095e-35 96.56854629516603 1.5000000000000002 0.6904762089252473 7.5000000000000009 1.0000000180025095e-35 97.575668334960952 0.31666667759418493 0.24568965286016467 99.80237197875978 81.01672744750978 98.006622314453139 2.5000000000000004 95.256843566894545 84.635734558105483 53.717523574829109 48.900966644287116 3.5000000000000004 5.5000000000000009 11.500000000000002 1.0000000180025095e-35 1.0000000180025095e-35 5.5000000000000009 1.0000000180025095e-35 1.0000000180025095e-35 96.92779922485353 80.243904113769545 0.10555555671453477 0.41428571939468389 91.813587188720717 1.5000000000000002
decision_type=2 2 2 2 2 2 2 2 2 2 2 2 2 2 2 2 2 2 2 2 2 2 2 2 2 2 2 2 2 2 2 2 2 2 2 2 2 2 2 2 2 2 2 2 2 2 2 2 2 2 2 2 2 2 2 2 2 2 2 2 2 2
left_child=2 5 37 7 9 13 14 11 10 56 19 30 -13 31 33 16 21 24 -9 -6 29 -5 -17 -22 35 -25 27 32 58 -21 41 48 43 34 55 39 -37 -1 54 -11 -10 -4 49 44 45 52 -20 -48 -2 60 -43 -28 -27 -54 -39 57 -3 -7 -8 -60 61 -29
right_child=1 4 3 15 8 6 28 18 40 17 -12 12 -14 -15 -16 22 -18 -19 46 20 23 -23 -24 25 -26 26 51 42 -30 -31 -32 -33 -34 -35 -36 36 -38 38 -40 -41 -42 50 -44 -45 -46 -47 47 -49 -50 -51 -52 -53 53 -55 -56 -57 -58 -59 59 -61 -62 -63
leaf_value=-0.10105021759758832 0.089318288678220836 0.00597138659126912 -0.062564955760127605 0.063016043327340468 -0.075085897797888074 -0.043251161367153762 0.11107687112993905 -0.099482289805889371 -0.049417972367621167 -0.080478174450090423 0.12906039508548919 0.018423447810407306 -0.058007682474839221 -0.0531612531623901 -0.021004580319812543 0.10019679506836764 -0.10657543805200478 0.10305827517691268 -0.076394536886333519 0.019548816135131156 -0.10115920199270199 -0.010808980678608766 0.02706938511695341 -0.021019793502674113 -0.071071990253778722 0.02388651736997521 0.069198377541959816 0.087986001293608673 0.11385482274875994 0.13204484338558597 -0.10150952822858966 -0.095607175080529516 0.16086974994347736 0.00457231951918881 0.11200872715450294 0.049302933170627977 -0.037485236998170197 -0.063516326832620568 0.20850577360052111 0.090376298612090455 0.14322132549326158 0.12584156935928043 0.051016442032706714 -0.070120507831214124 0.096312599949625169 0.0025554921179989248 0.084941826926585626 -0.039790533204548159 0.040250769220201994 -0.054175725477511753 -0.068661071033704002 -0.066705422947331824 0.0038885905069280581 0.089091896866795778 -0.10285676788872772 -0.12087848112441553 -0.084470457851298933 0.070156786842901428 0.080908847586720067 0.10324407670866272 -0.0081132043247665979 -0.069050375096823727
leaf_weight=70412.629256827757 1499.9629217460752 2220.1077620796859 1316.5016820207238 1774.2799925766885 831.61648359522223 171.01022438332438 7525.0307954102755 15282.864797981456 4834.0396895520389 90.724055709317327 706.03993310034275 3760.9022567477077 6971.4393508750945 997.22429990209639 1345.9765341952443 1468.5488105639815 1007.8200467079878 5373.2695529535413 596.5373833142221 438.4827390126884 304.52648601680994 1720.1379282996058 1414.3648330755532 3035.3429125063121 245.41049205511808 3053.238140527159 1787.288631439209 375.78229355067015 44484.490396246314 744.58934180438519 3363.6271394174546 142.5778272356838 175.82165560871363 561.16988040134311 1868.6951135694981 2557.8290991038084 454.73916484974325 3179.380494305864 36.442074157297611 2030.4510475154966 68.121879778802395 143.86379861459136 682.8700248003006 251.29322140477598 482.53772551566362 3423.8456150591373 316.46055850014091 586.81718551181257 2590.233539942652 1032.7043990902603 97.79710303619504 127.21733548864722 375.31750698015094 1230.1254177242517 2256.2753852661699 69.729996584355831 261.6567115560174 908.97736455872655 7739.2458481229842 7693.2509350180626 6332.9810821339488 98.608213979750872
leaf_count=3257190 8837 14613 37695 10282 29119 1693 56511 657162 92225 1990 4661 46021 202883 21432 11272 10222 19919 41160 13723 5991 10135 24861 8914 26210 1116 20277 10089 1974 380072 4200 131882 2321 821 2812 12226 12525 2302 83086 195 12223 381 1248 3703 1967 2667 20673 2677 7465 14538 18817 2757 712 1995 6108 90785 440 1507 4401 59191 61038 38798 538
internal_value=-0.0042743 0.0715008 -0.0836627 -0.0537067 0.0216244 0.0995421 0.104365 -0.0712136 0.00429904 0.0614121 0.0141148 -0.0477526 -0.0312242 0.0328084 0.0470099 0.0231865 -0.00315259 0.0764092 -0.0930969 0.0108403 0.0138236 0.0266754 0.0643203 0.00984738 0.0497892 0.0113521 0.0164094 0.0116263 0.108554 0.0903504 -0.0837943 0.0530625 0.0277878 0.0725844 0.0852289 0.0555668 0.0362025 -0.0993827 -0.0779258 0.0830687 -0.046741 -0.0455522 -0.00542489 0.0251338 0.0279284 0.0238458 -0.0280309 0.00390906 0.0582449 -0.0103409 0.0471288 0.0601677 0.0394929 0.0691732 -0.0798461 0.0417021 -0.00356405 0.0521992 0.0982821 0.0920432 -0.00369102 0.055344
internal_weight=236931 121224 115707 39822 43626.6 77597.6 72367.6 32436.8 30392.4 13234.2 25490.2 15654.1 10732.3 5230 4925.56 7385.15 4502.24 10752.4 16782.7 24784.2 23952.6 3494.42 2882.91 22769.5 5379.15 22465 19429.6 17515.1 67442 1183.07 4921.79 4232.77 8992.18 3579.58 3018.41 5133.74 3012.57 75884.7 5472.1 2121.18 4902.16 1558.16 8522.95 8816.36 8565.06 8082.53 1499.82 903.278 4090.2 7840.08 241.661 1914.51 4658.68 1605.44 5435.66 1149.72 2481.76 1079.99 22957.5 15432.5 6807.37 474.391
internal_count=5635248 1026281 4608967 1177711 389497 636784 589656 1103513 302061 87436 209455 422486 248904 47128 32844 74198 55062 71316 681027 204794 175675 35143 19136 165484 30156 155349 129139 118338 556812 10191 173582 25696 54508 21572 18760 29040 14827 3431256 174066 14213 92606 41700 63830 53687 51720 49053 23865 10142 23375 60127 4005 10801 28380 8103 173871 6534 16120 6094 176740 120229 41310 2512
is_linear=0
shrinkage=0.1


Tree=19
num_leaves=63
num_cat=0
split_feature=4 29 12 19 28 12 19 18 14 10 3 12 12 19 8 14 14 26 7 26 29 7 19 11 14 10 0 12 25 14 19 19 3 26 11 7 14 14 30 14 14 24 13 7 14 3 24 30 19 19 13 7 14 14 7 1 30 8 18 10 7 7
split_gain=124865 15747.1 5435.94 4758.38 2572.43 2483.06 1734.19 1727.07 1141.27 901.695 1219.13 851.852 769.963 759.32 735.397 657.752 860.445 626.897 602.533 597.814 526.49 517.436 508.321 484.58 444.519 444.031 374.591 366.957 341.492 317.434 294.38 288.331 282.439 280.496 275.693 334.508 265.691 361.831 257.848 255.16 245.665 223.809 218.588 209.08 191.99 378.225 189.713 297.834 213.661 187.139 268.025 181.098 172.472 171.531 187.23 170.307 168.127 168.092 165.587 155.624 240.725 238.377
threshold=1.0000000180025095e-35 1.0000000180025095e-35 60.158729553222663 76.885185241699233 1.0000000180025095e-35 54.72370910644532 52.111026763916023 1.0000000180025095e-35 0.93750000000000011 82.972846984863295 39.500000000000007 52.277431488037116 78.629974365234389 77.563388824462905 5.5000000000000009 0.095454547554254546 0.93750000000000011 0.23611111193895343 1.0000000180025095e-35 0.15476191043853763 1.0000000180025095e-35 1.0000000180025095e-35 97.833908081054702 98.07621002197267 0.73214286565780651 79.337715148925795 0.82171362638473522 87.026645660400405 4.5000000000000009 0.11805555596947671 97.575668334960952 95.67297744750978 3.5000000000000004 0.23611111193895343 78.629974365234389 1.5000000000000002 0.31666667759418493 1.0000000180025095e-35 1.0000000180025095e-35 0.2264957278966904 0.10555555671453477 6.5000000000000009 38.529016494750984 1.0000000180025095e-35 0.44949495792388922 15.500000000000002 7.5000000000000009 1.0000000180025095e-35 65.133895874023452 45.913782119750984 81.302967071533217 1.0000000180025095e-35 0.44949495792388922 0.6904762089252473 1.0000000180025095e-35 7.5000000000000009 1.0000000180025095e-35 14.500000000000002 59.508163452148445 91.476997375488295 1.0000000180025095e-35 2.5000000000000004
decision_type=2 2 2 2 2 2 2 2 2 2 2 2 2 2 2 2 2 2 2 2 2 2 2 2 2 2 2 2 2 2 2 2 2 2 2 2 2 2 2 2 2 2 2 2 2 2 2 2 2 2 2 2 2 2 2 2 2 2 2 2 2 2
left_child=2 5 30 7 8 13 14 9 17 21 59 31 18 -2 34 27 24 -3 36 -9 -14 44 41 40 25 56 46 38 -15 -22 -1 -6 -30 -10 -7 53 37 42 -13 43 51 -18 -5 -32 -4 -46 48 -48 -19 -21 -51 -8 -31 54 -36 -34 -17 -16 -44 60 -11 -61
right_child=1 4 3 12 11 6 23 19 33 10 -12 15 20 28 57 16 22 26 -20 49 29 -23 -24 -25 -26 -27 -28 -29 32 52 39 -33 55 -35 35 -37 -38 -39 -40 -41 -42 -43 58 -45 45 -47 47 -49 -50 50 -52 -53 -54 -55 -56 -57 -58 -59 -60 61 -62 -63
leaf_value=-0.10070374152854994 -0.080637727549213639 -0.017444391075841646 -0.078300024433976226 -0.065468406105664748 -0.085682602324781088 -0.044884984858470249 0.10873687376733235 -0.099274092645940323 0.035363310517658057 0.020988061490569639 -0.059687541772939813 0.061734154514247609 0.07990296268913484 -0.028665410659924697 0.0030447366054075194 -0.017353534771737629 0.0043967666756376663 -0.055506371082368326 -0.10107553769037775 -0.08830518732789723 0.10586920502357522 -0.097722639586593163 0.071559796331599951 0.11193256647919761 -0.054723475431418693 0.019718225852790611 -0.007320751726400127 0.15660447771223518 0.088549861305721927 -0.042968092018174718 -0.061097295721099482 0.039931326830947668 0.04123027311852695 0.10534426183625337 0.066641579379009178 0.0046422282841044778 0.060846061490411857 -0.093130706228466392 -0.077137728061291266 0.15293633728797687 0.084278898484384454 0.032130045082150303 0.11570667172314289 -0.10257389561995696 0.049876084052090285 -0.053862406168631465 0.057373740641596727 -0.029914980306586306 0.087288245806883005 -0.045325694655622285 0.064980052786164227 -0.15818945696070191 0.018709578270187027 0.10804801968679645 -0.11884640298978111 -0.051636384739451771 -0.068662214346450465 -0.075607377656039532 0.013129230259366293 0.069023037591537287 -0.082132315992161087 0.0082048785316576403
leaf_weight=63920.151587996632 556.2068717610091 1816.9682585224509 771.4829482678324 260.84572010301054 1332.0783922225237 203.63967417925596 6984.3212681263685 13792.642866419628 663.75569731742144 550.61906777694821 4718.7248619496822 1015.5404251590371 2257.2060892954469 581.00499054417014 958.91056663915515 5063.9976024590433 8749.9061472062021 109.80399424023926 702.73762283474207 383.78509178198874 312.32561611011624 3764.6715806871653 1711.9213363081217 43156.77664013952 2345.8742900080979 3930.5515051074326 975.7015286013484 379.63585371524096 1456.4956370480359 690.94234774261713 2998.4396909214556 211.78489780426025 2374.5160938873887 4177.5412584096193 892.57126126810908 559.55250700190663 619.48866093344986 441.40670901536942 153.97269164584577 48.340910144150257 12212.292774438858 4359.7675001453608 212.10633363761008 2043.7643839474767 543.83223885856569 993.53096400387585 2250.2843593191355 473.06883878260851 2292.8506381846964 612.33077592030168 344.05202771909535 25.510230422019958 1318.6544132567942 1760.5584130957723 57.951429691165686 215.38829131610692 730.80543640255928 379.16680447012186 609.82205506972969 888.53756993450224 384.4265021905303 2346.1392694972456
leaf_count=3257190 16226 12900 24384 5090 49129 1974 56303 654238 3265 10128 149325 10164 15549 7005 6026 71265 49411 2258 17298 10377 2797 158710 10367 399874 42137 33133 4826 2045 8679 7925 83021 4177 12420 34695 4224 2788 5199 6172 1298 305 100453 21143 1891 90740 11352 29481 11991 2504 14997 9452 2230 140 10248 12219 374 2798 7792 5281 6759 5304 10206 23596
internal_value=-0.00418139 0.06802 -0.0822045 -0.051569 0.0198951 0.0964434 0.101588 -0.0692585 0.0575012 -0.0451664 -0.0248735 0.00389243 0.0201242 0.0297566 0.0437476 0.00781932 0.00416943 0.0341169 -0.0207185 -0.0930786 0.0455122 -0.0748644 0.020312 0.10605 -0.0156511 -0.00622635 0.0494708 0.0711804 0.0430258 0.0120799 -0.0988606 -0.0684511 0.0533196 0.0957497 0.0680076 0.0750367 0.00562418 -0.0168202 0.0434509 -0.0757169 0.0928439 0.0136198 0.0142887 -0.0779091 -0.0375932 -0.0171656 0.0602807 0.042211 0.0807624 -0.0293157 -0.00564397 0.107765 -0.00249652 0.0895657 0.0553328 0.0335071 -0.0238243 -0.0192427 0.0396003 0.0145242 -0.021408 0.0249111
internal_weight=221652 115121 106531 37520.3 42745.8 72374.9 67191.3 30094.8 12760 14962 8888.45 29985.8 7425.54 5183.61 4812.35 28442 26892.8 7918.68 2846.41 15132.8 4579.13 6073.52 14821.6 62378.9 12071.2 9725.35 6101.71 1549.15 4627.41 2321.92 69010.7 1543.86 4046.4 4841.3 3474.27 3270.63 2143.67 1524.18 1169.51 5090.54 19222.1 13109.7 1082.77 5042.2 2308.85 1537.36 5126.01 2723.35 2402.65 1340.17 956.383 7009.83 2009.6 2711.08 950.523 2589.9 5794.8 1338.08 821.928 4169.72 935.046 3234.68
internal_count=5635248 1026281 4608967 1177711 389497 636784 589656 1098783 87436 422486 198559 302061 78928 47128 32886 248755 235248 49476 42409 676297 36519 223927 80921 556770 154327 112190 36576 13507 30902 20970 3431256 53306 23897 37960 21579 19605 25111 19912 11462 174066 156896 70554 13740 173761 65217 40833 31750 14495 17255 22059 11682 56443 18173 16817 4598 15218 79057 11307 8650 49234 20334 28900
is_linear=0
shrinkage=0.1


Tree=20
num_leaves=63
num_cat=0
split_feature=4 29 12 19 12 27 21 18 17 17 14 3 19 21 8 27 19 14 3 20 19 13 19 20 21 19 21 29 19 21 12 20 3 13 12 14 21 14 3 21 17 13 12 25 24 19 14 19 21 8 2 21 25 14 14 13 1 8 14 12 14 17
split_gain=109308 14661.4 5405.39 4216.22 2449.92 1786.68 1732.07 1712.45 922.052 871.631 850.501 1111.88 694.275 662.472 611.677 590.006 502.034 463.853 429.679 408.858 340.157 318.616 317.849 301.057 298.925 289.745 290.569 284.278 280.38 343.844 272.844 262.851 260.199 243.814 242.496 227.8 218.137 214.954 207.956 200.177 199.789 197.295 196.141 188.607 264.112 264.174 186.611 180.545 178.96 167.608 299.567 183.804 164.462 159.995 208.234 189.179 148.029 146.661 145.516 143.305 393.884 194.876
threshold=1.0000000180025095e-35 1.0000000180025095e-35 60.158729553222663 76.885185241699233 54.72370910644532 1.0000000180025095e-35 0.12701612710952762 1.0000000180025095e-35 8.5000000000000018 4.5000000000000009 0.58571431040763866 39.500000000000007 97.311748504638686 0.43167701363563543 5.5000000000000009 1.0000000180025095e-35 99.052112579345717 0.64583334326744091 6.5000000000000009 81.848690032958999 49.890829086303718 56.33012771606446 97.575668334960952 99.80237197875978 0.90692642331123363 97.575668334960952 0.74456521868705761 1.0000000180025095e-35 97.833908081054702 0.75595238804817211 84.273937225341811 98.006622314453139 4.5000000000000009 85.215545654296889 48.834688186645515 0.81666666269302379 0.81534090638160717 0.31666667759418493 13.500000000000002 0.62731480598449718 5.5000000000000009 88.047618865966811 88.067794799804702 6.5000000000000009 7.5000000000000009 38.645912170410163 0.11805555596947671 99.052112579345717 0.89181286096572887 1.5000000000000002 0.87487441301345836 0.64852941036224376 7.5000000000000009 0.10555555671453477 0.41428571939468389 92.718276977539077 6.5000000000000009 14.500000000000002 0.93750000000000011 53.001201629638679 0.095454547554254546 10.500000000000002
decision_type=2 2 2 2 2 2 2 2 2 2 2 2 2 2 2 2 2 2 2 2 2 2 2 2 2 2 2 2 2 2 2 2 2 2 2 2 2 2 2 2 2 2 2 2 2 2 2 2 2 2 2 2 2 2 2 2 2 2 2 2 2 2
left_child=2 4 22 7 13 9 14 10 16 20 41 35 18 -2 33 -9 19 53 27 34 -3 -22 -1 36 -18 46 -27 52 31 -30 -14 59 -15 -6 -7 38 -21 -24 -12 -36 -29 -4 -20 44 -17 -46 -23 58 -49 -48 51 -51 -5 -8 55 -55 -34 -16 -10 -11 61 -61
right_child=1 5 3 12 6 8 17 15 47 28 11 -13 30 32 57 43 24 -19 42 23 21 25 37 -25 -26 26 -28 40 29 -31 -32 -33 56 -35 39 -37 -38 -39 -40 -41 -42 -43 -44 -45 45 -47 49 48 -50 50 -52 -53 -54 54 -56 -57 -58 -59 -60 60 -62 -63
leaf_value=-0.1003659122348437 -0.05687560360324502 -0.090184889515400948 -0.084988860580179959 0.092653941604786752 0.022219604727724919 -0.043409460906757881 0.10429384167958107 -0.098751519734955009 -0.023959875107399942 -0.085576149407583624 0.019112127498914545 -0.060348725354834133 0.026219808051872975 0.066726429201579854 0.0027608097627665161 -0.048867038872128288 0.096382108372449538 0.11025978180635894 -0.07122396727793627 0.031263446926407638 -0.04350289224678322 0.094597632726151806 -0.075372115779710258 0.11644752221802471 0.018455359416806937 0.086147869623312542 0.013723022572914434 0.022123668952668263 0.083873129081518269 -0.028086215902316247 0.089427889105584565 0.065751559038229143 0.027017862577108316 0.080818758652783554 0.086891980120059054 0.022477525380945936 -0.016195910735879379 0.16148475905463691 -0.048330328014479763 0.034038616505301426 -0.043016093134026268 0.021698147374889423 -0.00065880827157497289 -0.081835575272885791 -0.084048821186827008 0.11049997206423912 -0.019001669791808559 0.075975707915413374 -0.035302208254451288 0.02016892062450551 0.051673807599832512 -0.0098778663678037448 -0.023859173807882321 0.078488787128214499 0.09783187684266488 0.02248134087919005 -0.056371395859189814 -0.072576103095634767 0.12456400292080945 0.12729625129200348 -0.047604444908827204 -0.027528686354206605
leaf_weight=58022.240046871826 794.88654323108494 321.35947792045772 4039.7852669861168 623.30494893155992 1020.8099809624255 187.34238748252392 6541.18084769696 12524.485823752359 2567.8887137100101 777.20146201364696 763.22334140539169 5013.2125161122531 1344.7549174726009 2185.5817609298974 956.53162275999784 503.01545873843133 2900.9484474509954 37554.790982909501 1073.253205858171 7783.8352265618742 912.29741017892957 263.21685324981809 4705.0418373029679 378.28118417412043 592.8537058904767 1131.0559216365218 1085.6885803714395 1319.1342677548528 428.07654844224453 763.65491904690862 1387.5955430231988 219.45173422247171 1906.5987332966179 2332.2060633823276 2762.9035123642534 3169.6472584195435 1106.0911544077098 38.630055271089077 1140.247426353395 967.52125359512866 732.19016675837338 181.10873561911285 622.29569515399635 439.4115850366652 92.893277529627085 280.71404811181128 1759.1582137271762 431.83522242307663 217.22098419815302 4444.8563635181636 1779.0304791405797 3756.5565964542329 150.37585080228746 6229.2260777652264 6686.8352490589023 667.73637938499451 239.63138396851718 354.04861968755722 67.704876132309437 201.33215181529522 4078.0843820217997 136.35837628692389
leaf_count=3257190 20887 9347 170597 4203 6168 5346 56511 653259 32042 28547 12806 171224 8295 13032 6008 8228 22210 380072 23490 54918 19843 1447 173871 2546 3716 7529 5590 12386 2492 5689 10091 2999 10217 15404 17421 28725 7239 195 36149 6376 14239 2985 5225 9518 2727 2565 10763 2150 978 22194 9552 23695 999 53215 61038 5976 2992 5264 328 1999 80086 2455
internal_value=-0.00408523 0.0646124 -0.0807084 -0.0494628 0.0934911 0.0182447 0.0989556 -0.066981 0.0399184 -0.0013725 -0.0427213 -0.026949 0.0185236 0.0270408 0.0403365 -0.0920588 0.0494552 0.103695 -0.00553016 0.0405249 0.0116229 0.013785 -0.0983312 0.0290763 0.0831589 0.0174605 0.0506766 0.0183546 -0.0317807 0.0121302 0.0583194 -0.0414491 0.0424395 0.0629785 0.0676086 0.00605626 0.0253585 -0.0734433 -0.0212883 0.073184 -0.00112701 -0.0804112 -0.0453253 -0.0283648 -0.0015623 0.0621276 0.0113259 -0.00850992 0.0387341 0.00945888 0.0144754 0.00640636 0.070008 0.0914449 0.0852576 0.0730664 0.0177073 -0.0175912 -0.0201445 -0.0459794 -0.0390101 0.0647784
internal_weight=207658 109492 98166.6 35400.6 67470.1 42021.8 62343.4 28147.7 19964.4 22057.4 14307.2 10086.3 7252.9 5126.7 4663.6 13840.5 16679.8 57679.8 4520.55 13186 15453.2 15131.9 62765.9 9268.21 3493.8 14219.6 2216.74 2825.01 6604.16 1191.73 2732.35 5412.43 4331.81 3353.02 3917.77 5073.12 8889.93 4743.67 1903.47 3730.42 2051.32 4220.89 1695.55 1316.03 876.623 373.607 12002.8 3284.65 649.056 11739.6 9980.44 8201.41 773.681 20125 13583.8 6896.96 2146.23 1310.58 2635.59 5192.98 4415.77 337.691
internal_count=5635248 1026281 4608967 1177711 636784 389497 589656 1098783 155270 234227 422486 248904 78928 47128 32844 676297 119772 556812 60542 93846 109960 100613 3431256 64703 25926 80770 13119 31827 124267 8181 18386 116086 26241 21572 29143 77680 62157 174066 48955 23797 26625 173582 28715 23038 13520 5292 67651 35498 3128 66204 55441 45889 5202 176740 120229 59191 13209 11272 32370 113087 84540 4454
is_linear=0
shrinkage=0.1


Tree=21
num_leaves=63
num_cat=0
split_feature=4 29 12 19 12 28 21 29 14 20 10 3 7 12 11 19 8 14 14 0 19 19 10 14 10 12 7 14 19 12 7 25 28 19 8 14 3 9 7 3 3 9 19 14 9 10 24 21 25 21 19 14 11 2 8 21 19 21 14 12 3 14
split_gain=95508.9 13644.4 5390.7 3692.64 2416.22 2052.22 1747.5 1631.66 1048.12 1007.03 790.648 820.465 805.731 634.444 591.53 580.905 517.505 455.93 571.737 429.319 422.673 405.795 475.012 340 331.551 325.092 293.653 392.041 285.207 267.176 593.872 262.652 256.413 248.335 243.63 236.977 232.814 245.777 226.312 214.302 211.907 210.084 201.001 186.172 182.861 179.572 178.797 178.759 328.515 171.864 170.284 168.171 165.67 163.509 362.571 165.373 183.112 161.507 159.794 219.692 155.927 154.579
threshold=1.0000000180025095e-35 1.0000000180025095e-35 57.359306335449226 86.217220306396499 55.646631240844734 1.0000000180025095e-35 0.12701612710952762 1.0000000180025095e-35 0.93750000000000011 99.80237197875978 82.972846984863295 39.500000000000007 1.0000000180025095e-35 52.277431488037116 98.07621002197267 73.926216125488295 9.5000000000000018 0.095454547554254546 0.93750000000000011 0.80898490548133861 97.833908081054702 55.705244064331062 84.028984069824233 0.73214286565780651 79.337715148925795 87.226108551025405 1.5000000000000002 0.6904762089252473 97.575668334960952 87.226108551025405 1.0000000180025095e-35 4.5000000000000009 1.0000000180025095e-35 97.969490051269545 7.5000000000000009 0.10555555671453477 15.500000000000002 67.017543792724624 1.0000000180025095e-35 6.5000000000000009 5.5000000000000009 78.08689117431642 95.845661163330092 0.31666667759418493 61.143791198730476 21.680376052856449 8.5000000000000018 0.12701612710952762 3.5000000000000004 0.79583334922790538 60.479471206665046 0.44949495792388922 93.419914245605483 0.81346824765205394 1.5000000000000002 0.62731480598449718 95.67297744750978 0.069047622382640853 0.18333333730697635 52.73088455200196 5.5000000000000009 0.11805555596947671
decision_type=2 2 2 2 2 2 2 2 2 2 2 2 2 2 2 2 2 2 2 2 2 2 2 2 2 2 2 2 2 2 2 2 2 2 2 2 2 2 2 2 2 2 2 2 2 2 2 2 2 2 2 2 2 2 2 2 2 2 2 2 2 2
left_child=2 4 28 7 15 8 16 10 19 13 12 34 36 42 35 -2 26 25 23 41 32 -9 -23 24 -19 -15 27 60 -1 30 -22 -17 -5 46 47 -8 37 -4 45 -24 -33 50 -7 -21 -34 -30 53 48 -12 -48 -3 52 -37 55 -55 56 -20 -10 59 -52 -6 -46
right_child=1 5 3 20 6 9 14 21 57 -11 11 -13 -14 17 -16 31 -18 18 33 43 29 22 39 -25 -26 -27 -28 -29 38 -31 -32 40 44 -35 -36 51 -38 -39 -40 -41 -42 -43 -44 -45 61 -47 49 -49 -50 -51 58 -53 -54 54 -56 -57 -58 -59 -60 -61 -62 -63
leaf_value=-0.10024426710908237 -0.08515384768598247 -0.081160334656386501 -0.040374544910141842 0.051043276162889756 0.049798576743287193 -0.0825291563424429 0.10191880296512773 -0.10060268798726038 -0.12847617452815122 0.12281363587405446 0.022635590788271421 -0.055628102715008121 -0.097518659123376067 0.031326108264096604 0.10868972532098209 -0.026359000629093132 -0.049457283405222319 -0.024179023572785677 0.0038470930399141096 0.040356341447037092 0.055191145571148882 -0.078242355015203158 0.070134901495751689 -0.052426531932815837 0.014066192255061722 0.14231706472976974 0.0032147820494984438 0.097216130498366485 0.0050477431902997 0.091641563064589732 -0.11029496282865166 0.061916262202009777 -0.056664927559451309 0.056162903391611098 -0.026438527876046187 0.071393186098960601 -0.060655568294490585 0.035721664398825563 -0.10193105821768039 -0.064295443021650148 0.015468664628838814 0.066995189359078874 0.030595265628454316 -0.036702983521337156 0.085981437690847762 -0.066466846516688313 0.049611811743930333 0.10115494357098574 -0.090714589432120019 -0.040970214368837729 0.0068194419192468443 0.091263638032979016 0.01439199516450905 -0.041311344054073239 0.038161999245509864 -0.022011999510547525 0.10301391519460475 0.092411171013334459 0.013373628658054394 0.082201330797487537 -0.023435510325733742 -0.008380309996284899
leaf_weight=51901.505395172164 436.11457840353251 138.3545250967145 904.90545152872801 753.56234528683126 820.92809150367975 1167.9381613079458 6008.2399556562304 9378.9988736156374 33.357343688607216 679.26698323339224 2851.3211119864136 4411.2683798186481 3995.6881957966834 1179.6506437528878 36378.357407085598 601.60697039961815 599.91175935231149 5534.3971489612013 4511.8025308456272 425.07225677371025 1281.4786777663976 1969.2252789866179 371.33437355607748 2171.8371276538819 3839.065306853503 339.9420073106885 997.25021691247821 1707.1559612229466 417.72237637639046 1102.9909876063466 261.0269560161978 2592.3427401799709 753.15320179611444 1225.3365416973829 1825.2315017897636 5495.7884066477418 1317.5848871506751 799.38528422266245 1698.1743913870305 174.22359412163496 1581.460399620235 2104.6917616724968 181.47234198451042 1194.6589646339417 196.36992153711617 2202.0234495028853 1614.8729929886758 245.07332531921566 280.87581362016499 240.67783012986183 606.85182588919997 4732.3892386108637 562.03563849627972 719.42003785818815 2840.9137725066394 3030.4819631427526 194.21734933555126 4317.8639850690961 2091.0159345529974 1065.3139282763004 450.15909599885345 1497.379927078262
leaf_count=3213300 14790 3277 25913 5681 4771 49338 55947 553819 261 5042 34081 157416 194129 11289 399817 7644 7344 78491 25260 2215 7774 81132 5196 41986 32428 1848 5059 12947 12404 8621 2741 16075 21680 7472 32804 49409 44500 16311 89983 3640 9475 14547 3809 6670 1452 69987 7491 1729 11823 1014 5302 45715 5117 3774 14751 17235 833 37699 11569 5896 2674 12851
internal_value=-0.00398229 0.0612056 -0.0791162 -0.0479181 0.0905356 0.016651 0.0964202 -0.0627565 0.0515554 0.00246577 -0.042531 -0.0239027 -0.0680511 -0.000373497 0.101523 0.025324 0.0371181 0.0029182 -0.000202537 0.0292101 0.0244851 -0.0910381 -0.0553666 -0.0167754 -0.00851503 0.0561555 0.0501825 0.0659095 -0.0981899 0.0540602 0.0271871 0.0354134 3.83005e-05 0.0131055 0.00299774 0.0860019 -0.0290874 -0.00468217 -0.073496 0.0272047 0.0443172 0.0415316 -0.0673159 -0.01648 -0.0156695 -0.0550637 0.00909404 0.0189064 0.0124711 0.0378627 0.0277953 0.0771389 0.0661047 0.00436867 0.0221032 -0.00379274 0.00793971 0.0907178 0.031801 0.0548442 0.0238625 0.0025598
internal_weight=195003 104412 90590.5 34371.1 62963.7 41448.5 57752.2 28525.1 11977.2 29471.3 16631.3 9613.77 7017.56 28792 53176.8 5211.52 4575.41 27442.6 25923 7625.96 5845.96 11893.8 2514.78 11545.3 9373.46 1519.59 3975.49 2978.24 56219.4 2645.5 1542.51 4775.41 3200.47 14377.7 5202.5 16798.5 3021.88 1704.29 4317.92 545.558 4173.8 6006.23 1349.41 1619.73 2446.9 2619.75 13152.4 3377.27 3132.2 1855.55 3901.54 10790.2 6057.82 11296.8 3560.33 7736.5 4706.02 4351.22 3763.18 1672.17 1271.09 1693.75
internal_count=5635248 1026281 4608967 1223293 636784 389497 588800 1162493 87436 302061 518706 237853 280853 297019 556005 47984 32795 243872 230735 49476 60800 643787 89968 152905 110919 13137 25451 20392 3385674 19136 10515 33194 41664 77830 80437 156188 86724 42224 172374 8836 25550 40591 53147 8885 35983 82391 70358 47633 45904 8505 26044 100241 54526 61853 18525 43328 26093 37960 22767 11198 7445 14303
is_linear=0
shrinkage=0.1


Tree=22
num_leaves=63
num_cat=0
split_feature=4 29 9 19 9 18 28 19 13 20 17 14 3 13 14 21 19 26 3 14 26 26 21 10 14 9 14 21 19 24 19 24 3 29 13 14 29 14 18 28 30 29 19 20 20 26 30 25 5 2 19 19 20 21 20 25 24 19 24 3 25 13
split_gain=83465.2 12620.7 5228.88 3259.4 2012.54 1882.65 1740.17 1703.93 981.01 879.628 852.177 700.519 769.626 650.672 610.034 573.785 497.542 445.357 376.658 375.224 375.094 368.629 317.28 306.523 303.478 299.574 370.332 290.748 476.113 417.899 321.876 286.425 273.217 255.969 248.518 219.735 218.746 214.703 205.93 202.689 197.29 556.546 196.58 188.763 214.439 220.299 166.484 162.468 153.202 145.544 140.027 139.176 138.281 167.589 177.614 137.553 184.647 200.299 131.097 126.249 123.576 123.335
threshold=1.0000000180025095e-35 1.0000000180025095e-35 48.331480026245124 72.240142822265639 40.862709045410163 1.0000000180025095e-35 1.0000000180025095e-35 57.790622711181648 87.841831207275405 99.80237197875978 8.5000000000000018 0.73214286565780651 41.500000000000007 64.747306823730483 0.64583334326744091 0.38278388977050787 97.311748504638686 0.15476191043853763 8.5000000000000018 0.13392857462167743 0.23611111193895343 0.23611111193895343 0.048809524625539787 81.375640869140639 0.44949495792388922 41.206792831420906 0.18333333730697635 0.70710784196853649 97.311748504638686 5.5000000000000009 98.441547393798842 10.500000000000002 19.500000000000004 1.0000000180025095e-35 68.614070892333999 0.31666667759418493 1.5000000000000002 0.44949495792388922 55.453865051269538 1.0000000180025095e-35 1.0000000180025095e-35 1.5000000000000002 98.369518280029311 96.164356231689467 84.635734558105483 0.10555555671453477 1.0000000180025095e-35 12.500000000000002 1.0000000180025095e-35 0.6850685477256776 54.211238861083991 90.960163116455092 97.309360504150405 0.58957219123840343 94.513019561767592 6.5000000000000009 7.5000000000000009 37.54194641113282 8.5000000000000018 11.500000000000002 9.5000000000000018 98.07621002197267
decision_type=2 2 2 2 2 2 2 2 2 2 2 2 2 2 2 2 2 2 2 2 2 2 2 2 2 2 2 2 2 2 2 2 2 2 2 2 2 2 2 2 2 2 2 2 2 2 2 2 2 2 2 2 2 2 2 2 2 2 2 2 2 2
left_child=2 4 16 5 15 11 8 32 20 10 22 18 -13 24 61 -2 -1 -7 34 -15 -3 -10 -8 -21 38 42 46 28 29 52 40 50 37 -25 -4 -18 43 -6 -5 48 -29 -42 -24 44 45 -31 -27 -32 49 -17 -22 -40 53 54 -28 56 -19 -58 -39 -59 -38 -9
right_child=1 6 3 13 7 17 9 14 21 -11 -12 12 -14 19 -16 39 35 55 -20 23 31 -23 25 33 -26 26 27 30 -30 36 47 -33 -34 -35 -36 -37 60 58 51 -41 41 -43 -44 -45 -46 -47 -48 -49 -50 -51 -52 -53 -54 -55 -56 -57 57 59 -60 -61 -62 -63
leaf_value=-0.099451507325388835 -0.061801738950096358 -0.019818340063642515 -0.07202000751414174 0.031653354862687347 -0.03964430918535395 -0.099110569835104328 -0.1003351485109753 0.081270814094227317 0.019575830720244221 0.11860439328960398 -0.041506211816702637 0.016756885081943323 -0.04851055332430676 0.099847237945195566 0.10723605062203923 0.070623179723023136 -0.066953817520321701 -0.049007230751442789 -0.076454307904794849 -0.016517490601188949 -0.084510213889939303 0.092787276424381004 -0.067362279294546426 0.084284617046700039 0.091105439759981754 0.077357082254935192 0.0018568641682209755 -0.014541936256176233 0.094752994588277697 0.025220564192026923 0.061316877891565529 0.0026091964892386126 -0.022056705274718896 0.017810714550255975 0.020173586700747745 0.12582775371713437 0.0039624744586681405 0.042393659558513784 -0.077327696651765032 -0.010219461105717663 -0.1302964133524783 0.21948663646356975 0.18453208077103531 0.097053392740970301 0.0094861014460445835 0.07820975773595254 -0.050159954198162715 -0.028594503808991319 0.065424196095932599 0.0052336972616283638 0.056517030077754229 -0.023932529404458568 0.056521498072908641 -0.023675508887544716 0.10351032252723585 -0.084089502243080011 -0.084607247195829127 0.14475939555392286 0.090020530217000017 -0.052744752876011762 -0.075548181266053172 0.11062295272915412
leaf_weight=48530.58093944937 618.889913065359 1593.423384539783 466.81537822075188 390.81111711170524 274.95102717354894 9957.8900353936478 272.81089646182954 15855.411271253601 820.17370361089706 635.3208139911294 4279.2885884996504 3620.0986988581717 3606.7321630809456 819.97120572812855 31512.664914302528 491.73863787390292 4338.2249428350478 355.74261440429837 4424.4860204895958 1193.5921922270209 72.004382882267237 4259.6488947868347 677.90323196910322 994.66468486189842 208.76719105988741 1053.8532632105052 2619.5287904683501 5216.1084330398589 709.73781378939748 1901.0983128156513 827.68957001715899 1689.9188362546265 708.7780454326421 1387.0930689498782 782.49668097309768 59.941507114097476 922.8658997695893 2847.5058793835342 882.58514151815325 668.73677993379533 361.5827399790287 52.034915141761303 32.465239852666855 443.3825327269733 2853.4001543615013 1335.9048394206911 113.40203950181603 265.42171842604876 2370.4500810801983 1105.9547171276063 3170.5878887213767 1092.3148325532675 327.59969494491816 3815.673623746261 183.95299894735217 288.43001463077962 72.489149561151862 173.15330561622977 725.12487346306443 39.805025645531714 248.00035878270864 1573.6274529322982
leaf_count=3283143 18001 12001 19657 6739 3033 631269 10778 157157 4164 5042 92225 36863 134173 6419 379787 3433 179445 6745 201855 13454 2072 41663 29144 8153 1828 8843 17352 40220 4287 12700 4954 8191 7001 9221 15004 298 6422 19134 28608 6908 2716 260 308 2673 18043 6913 797 1569 13738 5924 19345 13784 1873 31976 1110 7742 2417 1713 4512 437 1856 18156
internal_value=-0.00387438 0.058026 -0.0774778 -0.0446876 0.0876867 -0.0623082 0.0152658 0.0934878 0.0480136 0.00222723 -0.000365803 -0.036464 -0.0158165 0.0154519 0.0989331 0.0286387 -0.0965328 -0.092931 -0.0627631 0.038836 0.0223627 0.0809668 0.00689873 0.0248437 -0.0244709 0.00811962 0.010074 0.00717256 0.0147633 0.0108885 -0.0101717 0.0359891 0.034997 0.0455714 -0.0142753 -0.0643264 0.026925 0.045507 -0.0346702 0.0407099 -0.0198134 -0.0862922 -0.0558502 0.0340579 0.0294718 0.0470891 0.0649685 0.0394852 0.0492929 0.0253593 0.0533854 -0.0477949 -0.00689767 -0.0100365 0.00852695 -0.0267367 -0.000937329 0.0589704 0.0520603 0.107843 -0.0128786 0.083921
internal_weight=183195 99508.6 83686.7 30757.9 58753.8 23788.1 40754.8 53498.1 11605.8 29149 28513.7 12900.6 7226.83 6969.8 48941.7 5255.77 52928.7 10887.5 5673.8 4395.32 6525.93 5079.82 24234.4 3575.35 2574.48 23961.6 23251.2 22084 15361.1 14651.4 6722.84 4932.51 4556.36 2381.76 1249.31 4398.17 7704.65 3847.58 2365.71 4636.88 5629.73 413.618 710.368 6533.79 6090.4 3237 1167.26 1093.11 3968.14 1597.69 3242.59 1974.9 6946.76 6619.16 2803.48 929.62 641.19 285.447 3572.63 212.958 1170.87 17429
internal_count=5635248 1026281 4608967 1146081 636784 1057875 389497 588780 87436 302061 297019 407552 171036 88206 555100 48004 3462886 650323 236516 37247 41609 45827 204794 30828 50959 194016 164564 154924 105205 100918 49719 29608 33680 17374 34661 179743 48607 26679 49131 30003 43196 2976 29452 40329 37656 19613 9640 6523 23095 9357 21417 42392 52311 50438 18462 19054 11312 4567 23646 2150 8278 175313
is_linear=0
shrinkage=0.1


Tree=23
num_leaves=63
num_cat=0
split_feature=4 30 12 19 19 14 18 12 14 3 17 12 14 19 13 7 12 14 14 10 19 24 10 7 30 20 0 19 8 24 21 19 1 19 21 21 18 12 12 30 7 21 21 19 10 7 19 20 19 17 20 25 13 3 24 10 10 20 10 11 18 14
split_gain=72825.5 8499.28 5344.46 2940.92 2193.51 2046.64 1620.27 921.252 758.249 792.354 683.639 664.406 614.571 590.602 509.653 509.128 1154.28 508.38 422.228 421.87 459.294 416.174 399.786 380.515 376.045 433.78 353.234 346.424 341.583 332.88 399.357 395.942 330.404 329.188 284.367 421.897 295.067 268.415 257.806 250.303 248.978 240.102 246.131 251.159 227.472 336.335 222.839 237.867 203.986 200.956 193.85 189.261 188.069 226.686 187.416 185.771 274.494 240.266 175.961 173.895 172.959 172.612
threshold=1.0000000180025095e-35 1.0000000180025095e-35 57.359306335449226 78.283874511718764 98.441547393798842 0.41428571939468389 1.0000000180025095e-35 52.277431488037116 0.58571431040763866 41.500000000000007 8.5000000000000018 48.331480026245124 0.18333333730697635 55.705244064331062 73.375530242919936 1.0000000180025095e-35 99.333332061767592 0.93750000000000011 0.10555555671453477 86.319076538085952 99.760765075683608 7.5000000000000009 28.718704223632816 1.0000000180025095e-35 -1.0000000180025095e-35 99.333301544189467 0.72551110386848461 98.295398712158217 13.500000000000002 7.5000000000000009 0.77097901701927196 97.575668334960952 6.5000000000000009 97.22989654541017 0.98275861144065868 0.84807693958282482 97.23496246337892 64.346244812011733 60.943256378173835 1.0000000180025095e-35 1.0000000180025095e-35 0.11882352828979494 0.65942031145095836 96.56854629516603 79.337715148925795 1.5000000000000002 91.813587188720717 97.68778228759767 69.104278564453139 8.5000000000000018 95.256843566894545 5.5000000000000009 68.614070892333999 14.500000000000002 6.5000000000000009 73.942821502685561 91.945945739746108 92.071350097656264 21.680376052856449 98.07621002197267 95.565387725830092 0.095454547554254546
decision_type=2 2 2 2 2 2 2 2 2 2 2 2 2 2 2 2 2 2 2 2 2 2 2 2 2 2 2 2 2 2 2 2 2 2 2 2 2 2 2 2 2 2 2 2 2 2 2 2 2 2 2 2 2 2 2 2 2 2 2 2 2 2
left_child=2 4 33 6 7 11 8 32 23 -10 12 22 -9 -8 -15 27 -17 34 37 20 21 -7 48 52 28 29 55 39 44 31 -31 41 -2 -1 35 38 -37 54 51 49 58 -26 43 50 -14 -46 -44 -48 -3 -5 -43 -6 -4 -54 -13 57 -57 -20 -35 -22 -49 -12
right_child=1 5 3 15 17 19 13 10 9 -11 61 18 24 14 -16 16 -18 -19 26 -21 59 -23 -24 -25 25 -27 -28 -29 -30 30 -32 -33 -34 40 -36 36 -38 -39 -40 -41 -42 42 46 -45 45 -47 47 60 -50 -51 -52 -53 53 -55 -56 56 -58 -59 -60 -61 -62 -63
leaf_value=-0.099677300000950791 0.0025144065231941289 -0.08812802830914962 -0.066229625189716923 0.01274735502203287 -0.037825011590512464 0.074225722813470216 -0.098788688017746443 0.081252315676966058 0.0056370737314420339 -0.053183825592851487 0.031734810263134149 -0.001083951919646117 0.0027395193258005317 -0.074441235957383681 0.029924712968582325 -0.10831682116996409 0.042896716679987956 0.093381296054665372 0.036657589788452502 0.10381212175970733 0.063284184027002283 -0.007415756494575554 -0.027827068907791977 -0.099910684524188886 -0.093635694605269659 0.10849203807627256 0.078507316351066392 0.066379893078836266 -0.053379393570297508 0.045736508162723663 -0.01094986686407648 0.070846469165992285 -0.087578270603958147 0.010318713148336305 0.099759213631436097 0.026719325517477556 -0.057146188929715104 0.09775117230247922 0.077453336810694981 0.058919934170423162 -0.1015907271574072 0.0069153214431088312 0.053309248308960416 0.14651714699923621 0.074664934700132385 0.015124857572777839 -0.023066219668974847 -0.065194519366841258 0.049046656358804633 -0.054014935627363481 0.076299880297887285 0.071934728334163103 0.062323207592322086 -0.066910582289188475 0.073454747582567412 0.071975501016632415 -0.01270925057203583 -0.037039236765926291 -0.061738799869490525 0.10688976501628585 0.073077887278544487 -0.027313695826904041
leaf_weight=42653.169220156968 618.48524294048548 114.45031418465078 693.5785612789914 1587.7834495417774 387.73912234976888 1660.2672284282744 9098.3809514716268 1648.2187145967036 5127.2030058782548 4138.6893614064902 566.22715084813535 506.21729378215969 945.13844326324761 1426.6889719897881 696.25052886176854 948.31646571308374 1079.4135041423142 3957.815477207303 1017.4173841513693 26181.793650560081 1239.4472207576036 1000.7381794061512 1331.1188109163195 2246.0229928279296 273.90489601902664 461.73186664283276 2164.9361981712282 1816.6427953410894 358.89638532698154 4513.2997999899089 1715.0833343528211 811.59086557850242 1190.8446628879756 407.0256630834192 890.13419241085649 1633.0015921220183 564.55669333040714 4141.0690035447478 2435.2263423167169 804.02767459210008 1489.8891261890531 7018.8899618946016 479.34818439371884 139.10103979706764 3144.628075234592 1358.6740781031549 6055.1296400949359 113.45146831125021 2052.6160876620561 629.64527174737304 427.16655060648918 264.10759467259049 344.21597227267921 224.09163483604789 1011.0130908545107 1422.2710433714092 523.68992750346661 782.70426432229578 2024.4160722382367 3488.7363784238696 446.45094781368971 3938.519432246685
leaf_count=3205975 13463 4864 28960 19334 3818 17300 624893 11556 82091 166817 6270 3753 6341 67248 13742 27398 7835 44599 8799 332395 13611 10806 14679 135615 9912 3901 22829 12971 5165 32392 12551 5181 50108 13007 8639 10967 3314 45869 19873 6030 93006 46135 3503 700 25056 8175 53304 691 13098 15937 2721 1614 5930 8492 7549 14324 5012 7470 73686 44498 2407 67069
internal_value=-0.0037623 0.0549125 -0.075743 -0.0434691 0.0242738 0.0841142 -0.0599819 0.0127693 -0.0356266 -0.0206358 0.0164259 0.0534951 0.0218955 -0.0877068 -0.0402128 0.014241 -0.0278219 0.0654033 0.0650419 0.0978568 0.0767555 0.0435224 0.0153069 -0.0752239 0.0184339 0.0125679 0.046351 0.0318703 0.041116 0.010554 0.030127 0.00282121 -0.0567818 -0.0971282 0.0474703 0.0386629 0.00517412 0.0845677 0.0625021 0.0111215 -0.0694009 -0.000870832 0.000860064 0.0133829 0.0473406 0.0567013 -0.0125291 -0.0172999 0.041802 -0.00620999 0.0108958 0.00664615 -0.031284 0.0113645 0.0485852 0.0277672 0.0491854 0.00461374 -0.0496763 0.095459 0.0450601 -0.0198916
internal_weight=172431 94995.8 77435.5 30861 46357.4 48638.5 23995.1 36224.8 12773.8 9265.89 34415.5 15067.5 29910.7 11221.3 2122.94 6865.83 2027.73 10132.6 11569.3 33571 7389.19 2661.01 3498.19 3507.91 28262.5 22455.1 5911.02 4838.1 5807.34 21993.4 6228.38 15765 1809.33 46574.5 6174.77 5284.63 2197.56 5658.3 3087.07 3021.46 3921.33 14953.4 14679.5 7585.16 5448.44 4503.3 7094.38 6615.03 2167.07 2217.43 7446.06 651.847 1261.89 568.308 1517.23 3746.08 1945.96 1800.12 2431.44 4728.18 559.902 4504.75
internal_count=5635248 1026281 4608967 1223293 459425 566856 1133788 366601 427905 248908 303030 148246 229691 705883 80990 89505 35233 92824 115605 418610 86215 28106 32641 178997 218135 173398 58434 54272 44737 169497 44943 124554 63571 3385674 48225 39586 14281 57171 25305 41301 179699 119373 109461 49556 39572 33231 59905 56402 17962 35271 48856 5432 43382 14422 11302 35605 19336 16269 86693 58109 3098 73339
is_linear=0
shrinkage=0.1


Tree=24
num_leaves=63
num_cat=0
split_feature=1 28 12 19 12 12 19 29 28 19 14 11 14 7 13 3 29 19 7 26 11 7 29 7 14 21 20 14 7 29 19 14 7 7 20 20 26 3 3 14 17 10 7 14 7 17 10 11 19 13 9 12 13 7 8 20 14 19 26 14 3 6
split_gain=45152.2 10650.8 9330.4 6523.29 3383.92 2801.33 2910.82 2020.82 1455.06 1248.16 807.542 701.993 693.91 660.223 628.742 570.364 567.356 557.677 547.895 504.852 495.667 448.251 630.374 467.849 442.567 408.28 397.612 392.758 375.081 348.03 347.147 333.224 330.222 312.446 310.419 296.234 294.205 292.483 278.249 277.554 272.212 380.184 266.973 263.288 256.614 243.229 231.236 225.658 225.235 211.685 208.507 349.532 205.238 216.72 195.838 188.662 184.412 285.754 179.838 200.467 177.658 172.915
threshold=5.5000000000000009 1.0000000180025095e-35 57.359306335449226 61.181842803955085 54.72370910644532 53.001201629638679 99.052112579345717 1.0000000180025095e-35 1.0000000180025095e-35 1.0000000180025095e-35 0.93750000000000011 98.07621002197267 0.93750000000000011 1.0000000180025095e-35 60.943256378173835 12.500000000000002 1.0000000180025095e-35 96.019802093505874 1.0000000180025095e-35 0.15476191043853763 82.426471710205092 5.5000000000000009 1.0000000180025095e-35 1.5000000000000002 0.11805555596947671 0.77097901701927196 98.006622314453139 0.73214286565780651 1.0000000180025095e-35 1.0000000180025095e-35 95.67297744750978 0.6904762089252473 13.500000000000002 1.0000000180025095e-35 48.672149658203132 99.80237197875978 0.23611111193895343 20.500000000000004 4.5000000000000009 0.095454547554254546 5.5000000000000009 74.601570129394545 1.0000000180025095e-35 0.11805555596947671 1.0000000180025095e-35 4.5000000000000009 20.761494636535648 24.068965911865238 97.833908081054702 99.206348419189467 26.158231735229496 43.951219558715827 81.302967071533217 1.0000000180025095e-35 10.500000000000002 57.063049316406257 0.31666667759418493 63.665315628051765 0.19090909510850909 0.31666667759418493 14.500000000000002 1.0000000180025095e-35
decision_type=2 2 2 2 2 2 2 2 2 2 2 2 2 2 2 2 2 2 2 2 2 2 2 2 2 2 2 2 2 2 2 2 2 2 2 2 2 2 2 2 2 2 2 2 2 2 2 2 2 2 2 2 2 2 2 2 2 2 2 2 2 2
left_child=1 4 17 9 13 30 12 11 38 15 24 28 18 50 42 20 60 56 25 -11 -4 22 23 -14 -9 26 29 -17 43 37 -3 48 61 46 -24 -36 -12 -7 -5 -18 41 -26 58 -6 47 -33 -19 -32 49 -31 -1 -52 53 -40 -22 -25 -2 -58 59 -10 -16 -29
right_child=2 5 3 8 7 6 -8 10 14 19 36 -13 21 -15 16 27 39 33 -20 -21 54 -23 34 55 40 -27 -28 32 -30 31 44 45 -34 -35 35 -37 -38 -39 52 -41 -42 -43 -44 -45 -46 -47 -48 -49 -50 -51 51 -53 -54 -55 -56 -57 57 -59 -60 -61 -62 -63
leaf_value=0.038201272597568975 -0.098276954307584097 -0.091320138262908468 -0.063851210049567231 0.083605223856748637 0.097943836877737625 0.047713638701653939 0.092928860387097439 0.071386148421603304 -0.068620760720009166 -0.099057589108920638 0.01513779154101009 0.10570025927673952 0.091709150435896281 -0.099890887366677172 0.083274118709434922 -0.080777899121868682 0.086618295432279155 0.041882991515139537 -0.074370187488876555 -0.016297733058481985 0.03757401341940745 -0.026168122053202222 -0.093572898544788632 0.016871778392665474 -0.016865463768237613 -0.050990590239744775 0.080509519366054119 -0.040059614817833267 -0.053706314413538285 -0.010497001894310779 0.087909377984305412 0.070789153229067911 -0.048124256105160329 -0.10156796529082197 0.010851432350908633 0.11566189636092557 0.094496674074300874 -0.056908383508798177 0.023871008400994004 -0.0015749778362279272 -0.020176938011752944 0.067076987870380952 -0.096386589518014265 0.065932169741565377 -0.10237077826676462 -0.06583085075777699 -0.04816607655432957 -0.02970669538563861 0.066680413079986608 0.14331451856437299 -0.039816181306072895 0.030498331289431163 0.084276917776104118 -0.10999636131702724 -0.058548758997965411 0.10142582753945116 -0.077131185737766478 0.24988099600634919 0.018436292050975505 0.025332419960944125 -0.0095851699870075878 0.063094116567922576
leaf_weight=1900.3794789221138 36646.94126392249 2906.8697966150939 882.9925426794216 3685.4853401584551 4088.2386922668666 1816.1907721497118 4231.2109532756731 1279.0164776016027 893.10581866558641 7782.3552330723032 559.8652891498059 23185.085971975699 1926.0803190190345 586.63260478060693 1417.6407611574978 3051.7172168474644 380.36268705874681 331.4599124956876 1301.5024796230718 814.21366029698402 1767.4281169399619 2144.8483557989821 278.44973718002439 2289.5131261870265 974.75596493203193 1733.5486778449267 599.27381961699575 244.44789183698595 221.1586054507643 5468.3762121647596 233.10548705328256 142.97135206591338 2455.1983221769333 1028.9151266803965 12042.564010177739 275.84217365086079 2821.0121593363583 313.30671046767384 703.8529116185382 5770.8971843281761 2211.7645775685087 1208.4528401009738 620.97674043942243 6915.2681000735611 307.19317617453635 1471.7749894279987 2041.7170006697997 543.35879748966545 435.73544042743742 90.965559612028301 1412.7625015322119 1415.0918249515817 451.88850737083703 146.02415162604302 240.83710203599185 298.26329887285829 87.251484314911067 38.51847783382982 722.70770987961441 304.54181782901287 241.06761360168457 484.7598842792213
leaf_count=17455 2969905 223493 41302 36278 48093 14797 52060 8476 34434 592943 3386 335494 20808 35818 13639 166990 3337 10671 51836 19041 21760 53568 17859 15104 5310 17468 5434 7282 2696 75962 4834 1023 100843 72444 64454 2868 32537 6475 6100 57682 13080 8974 36295 78028 20719 34200 80367 13992 2502 498 18548 12597 4728 2716 3790 3605 6430 629 9579 5432 2260 4320
internal_value=-0.00365023 0.0439447 -0.0618986 -0.0225533 0.0754908 0.00627597 0.0148922 0.084701 0.0251946 -0.0638749 0.0426675 0.0957621 0.00477272 0.000170238 0.00381583 -0.0381209 0.0178745 -0.0942785 -0.0127258 -0.0912191 -0.00140821 0.016926 0.0223279 0.0543923 0.0196153 -0.00607989 0.00145061 -0.0551421 0.0752342 -0.00341399 -0.0733118 -0.0134139 -0.0305745 -0.0555434 0.0108383 0.0131984 0.081355 0.0323209 0.0695672 0.00387845 0.00454907 0.0295985 -0.039389 0.0778258 -0.025005 -0.0537344 -0.035589 0.0056033 -0.00255374 -0.00798024 0.0125848 -0.00462997 0.0298236 0.000870189 0.0260467 0.0266174 -0.0978621 0.02302 -0.020958 -0.04473 0.0697785 0.0285145
internal_weight=162868 89630.4 73237.3 33062.5 48779.5 40850.9 36860.4 43464.6 15338.6 17723.9 9054.87 34409.8 32629.2 5314.87 10351.3 9127.38 7809.97 40174.8 13373.6 8596.57 2891.26 19255.6 17110.7 4513.86 5673.99 12072.1 10338.6 6236.12 11224.7 9739.32 3990.53 7609.82 3184.41 3402.09 12596.9 12318.4 3380.88 2129.5 4987.25 6151.26 4394.97 2183.21 2541.33 11003.5 1083.66 1614.75 2373.18 776.464 5995.08 5559.34 4728.23 2827.85 1301.77 849.877 2008.27 2587.78 36772.7 125.77 1920.36 1197.65 1658.71 729.208
internal_count=5635248 1324051 4311197 1170751 620492 703559 440521 536074 212480 958271 71763 464311 388461 84418 162658 346287 76918 3140446 210195 611984 66852 178266 124698 39517 35840 158359 140891 279435 128817 135457 263038 114185 112445 163482 85181 67322 35923 21272 49822 61019 27364 14284 85740 126121 39545 35223 91038 18826 78962 76460 48600 31145 13544 8816 25550 18709 2976964 7059 49445 39866 15899 11602
is_linear=0
shrinkage=0.1


Tree=25
num_leaves=63
num_cat=0
split_feature=4 26 12 19 19 11 19 26 14 28 12 14 10 7 13 1 21 7 25 14 19 7 12 12 14 10 7 26 7 20 9 19 10 19 13 30 7 19 26 27 9 20 7 10 28 12 25 13 21 21 12 13 1 1 21 14 21 9 11 19 14 8
split_gain=56049.5 8492.08 5134.9 2234.81 2227.85 1694.22 1222.01 1182.09 757.317 774.027 692.824 683.994 680.94 630.715 512.659 480.007 431.416 384.601 378.46 363.76 316.102 311.387 789.33 282.036 368.567 257.178 257.313 255.872 504.378 266.302 254.319 247.715 244.466 237.765 298.53 227.681 211.931 202.213 201.189 294.505 194.329 189.703 183.669 176.28 173.547 171.987 166.202 239.12 164.357 357.366 253.154 163.505 152.637 150.749 144.957 143.565 142.736 141.257 140.279 135.772 134.506 132.132
threshold=1.0000000180025095e-35 0.88194444775581371 55.646631240844734 87.194396972656264 99.052112579345717 98.07621002197267 1.0000000180025095e-35 0.15476191043853763 0.93750000000000011 1.0000000180025095e-35 48.331480026245124 0.58571431040763866 84.29276275634767 18.500000000000004 99.206348419189467 27.500000000000004 0.73030304908752453 1.0000000180025095e-35 8.5000000000000018 0.73214286565780651 97.575668334960952 1.0000000180025095e-35 99.333332061767592 48.834688186645515 0.095454547554254546 96.824596405029311 1.0000000180025095e-35 -1.0000000180025095e-35 1.5000000000000002 99.80237197875978 24.048192977905277 67.615768432617202 81.375640869140639 65.720993041992202 72.281322479248061 1.0000000180025095e-35 1.0000000180025095e-35 97.833908081054702 0.44949495792388922 1.5000000000000002 68.208553314208999 99.80237197875978 2.5000000000000004 26.158231735229496 1.0000000180025095e-35 60.158729553222663 6.5000000000000009 81.120250701904311 0.98275861144065868 0.8834841549396516 62.622549057006843 25.677655220031742 6.5000000000000009 1.5000000000000002 0.86811593174934398 0.11805555596947671 0.20294117927551272 28.743545532226566 24.068965911865238 97.969490051269545 0.15476191043853763 5.5000000000000009
decision_type=2 2 2 2 2 2 2 2 2 2 2 2 2 2 2 2 2 2 2 2 2 2 2 2 2 2 2 2 2 2 2 2 2 2 2 2 2 2 2 2 2 2 2 2 2 2 2 2 2 2 2 2 2 2 2 2 2 2 2 2 2 2
left_child=2 4 20 6 8 10 11 33 14 -10 30 17 48 25 15 16 19 40 31 23 -1 37 -23 52 45 26 61 28 -11 38 -3 -9 53 -8 -35 41 43 44 59 -40 -4 60 -27 -22 -5 -25 47 -12 49 50 -6 -32 58 -26 -14 -51 -30 -53 -2 -29 -18 -13
right_child=1 5 3 21 12 -7 7 18 9 27 46 13 54 -15 -16 -17 35 -19 -20 -21 36 22 -24 24 32 42 -28 29 56 -31 51 -33 -34 34 -36 -37 -38 -39 39 -41 -42 -43 -44 -45 -46 -47 -48 -49 -50 55 -52 57 -54 -55 -56 -57 -58 -59 -60 -61 -62 -63
leaf_value=-0.099244032226445789 0.092802063387407485 0.053447637737536829 -0.066444047269082859 0.060535777402735469 0.0083747415287597302 0.1056878596043638 -0.099468732149342765 -0.028774228074935793 0.080477039901008601 0.089439966518016334 0.042590136228537807 0.034227424636850086 0.09976542666054565 -0.049270614742090199 0.12227078959296017 -0.073123192421150202 0.01568005053937652 -0.099328596162848615 -0.10376456531345923 -0.028255989993145408 -0.0084283855006456986 -0.10743783128568554 0.04503806692785578 0.012277048283676137 -0.031083887011148226 0.066457017077553901 -0.070904546281351039 0.0066952822919872151 -0.0057111686608840913 0.11386126852735781 -0.098425709063849662 0.051679427452649966 0.032450557791362869 -0.085439192726548777 0.0030126251144657191 -0.077173975749665391 -0.10126246544610239 0.055951539972897341 0.10267752900376129 0.01230970428713311 0.01451087276171566 0.089294771832476388 0.0096061636862425498 -0.068852640906297433 -0.0061886339187492354 0.083851603428355806 0.085869209631302734 0.081242211391818642 0.096844898404535362 0.032531511956338209 0.068333301731387672 0.046892386663245939 -0.066285374866078731 0.0082629457850732849 0.059868926891125822 -0.04265334560678586 0.10409864060654042 -0.016448322803765091 -0.026899613364616461 0.047253904731754975 -0.030921698448611264 -0.025408567172931912
leaf_weight=34862.16289177537 141.36898854002357 1218.4810257097706 608.46356826182455 521.52478907443583 1024.9992847517133 20667.397042330354 7619.7044830899686 690.75264299474657 2417.2886238843203 1433.4003343507648 3258.689526418224 696.68516081757843 4072.5953159406781 3641.9872966259718 340.09925874695182 895.82495381403714 794.78379024006426 1930.8304852573201 319.31419434212148 2205.276263457723 730.42599161528051 612.92240253090858 761.11061441712081 467.66965994797647 1176.087086552754 758.75746613740921 704.30933714099228 12489.567358991131 1247.2010062336922 267.99160428345203 172.30813912581652 858.1452757883817 4069.5139215150848 1295.2652336573228 540.91930422093719 721.24739758484066 1168.2344297319651 1886.8283932302147 594.62672139704227 916.44236566126347 578.3708457807079 164.13470429554582 2263.6807167660445 1424.2587337177247 1543.3829740425572 1189.9053892977536 5025.7069841399789 3145.5205640345812 443.11076150089502 392.92423086240888 2249.7908306755126 520.83483391720802 614.18474939092994 5658.9096102546901 1172.9858319908381 718.1854085251689 130.78540202230215 1086.6602359991521 318.41341672837734 883.76129161566496 2805.9516495428979 796.04068607278168
leaf_count=3171689 2934 8327 28990 4047 8309 327815 647084 19725 26502 15135 35131 16604 55692 158553 3098 32476 7024 137807 9828 40556 25187 18325 5699 7242 14299 3586 28173 68543 8692 3029 1940 10544 31245 74191 7587 6477 89115 14515 8191 5379 15319 1057 19100 56360 24046 8184 59254 41003 4581 2276 20078 3710 28341 67348 13804 4090 1578 10069 8637 6100 28135 22893
internal_value=-0.0035279 0.0493184 -0.0724308 -0.0404142 0.0236731 0.08733 -0.0537709 -0.0773236 0.0135308 0.027352 0.0610336 -0.0315061 0.0658996 -0.0173326 0.000467381 -0.0014845 0.0016726 -0.0717918 -0.00463594 0.00942518 -0.096435 0.018029 -0.0229777 0.0155191 0.0197242 0.00495276 -0.0210826 0.0202033 0.0479105 0.0150625 0.0182487 0.0158 0.013046 -0.0916846 -0.0593823 -0.0257032 -0.0669648 0.0322872 0.0132836 0.0478707 -0.0269929 -0.0158428 0.0238781 -0.0483692 0.0106637 0.0636575 0.0722569 0.0615747 0.0388034 0.0329395 0.0495665 -0.00584902 -0.0336671 0.0014926 0.090844 -0.0160656 0.00471094 0.00407432 0.00990498 0.00937555 -0.0206354 0.00242475
internal_weight=153929 87114.6 66814.1 28629 52019 35095.6 23303.2 11324.1 41944.4 20381.1 14428.2 11979.1 10074.6 8861.46 21563.4 21223.3 20327.4 3117.66 1868.21 15841.3 38185.1 5325.77 1374.03 13636.1 12562.1 5219.47 2197.04 17963.8 2811.39 15152.4 2998.28 1548.9 10904.5 9455.89 1836.18 4486.12 3322.92 3951.74 14884.4 1511.07 1186.83 3764.87 3022.44 2154.68 2064.91 1657.58 11429.9 6404.21 4829.01 4385.9 3274.79 1779.8 1073.97 6835 5245.58 1111.11 1377.99 1607.5 459.782 13373.3 3600.74 1492.73
internal_count=5635248 1026281 4608967 1266616 539032 487249 1199984 768959 430202 143149 159434 431025 108830 248909 287053 283955 251479 182116 40097 208786 3342351 66632 24024 168230 128318 90356 67670 116647 25405 91242 24046 30269 112892 728862 81778 42693 170662 42608 88213 13570 44309 36216 22686 81547 28093 15426 135388 76134 39334 34753 28387 15719 39912 81647 69496 6366 10270 13779 11571 74643 35159 39497
is_linear=0
shrinkage=0.1


Tree=26
num_leaves=63
num_cat=0
split_feature=4 29 12 12 19 19 29 28 26 11 13 13 7 17 7 26 19 8 19 3 29 7 12 25 19 30 29 3 7 12 3 7 13 1 1 8 7 19 18 11 13 26 13 0 3 8 2 0 2 19 18 1 30 18 25 12 18 19 13 7 17 0
split_gain=48726.2 9436.61 5052.53 2055.85 1946.26 1715.61 1470.61 965.588 757.966 745.719 582.254 560.609 938.987 515.516 508.143 491.039 399.993 353.636 337.845 276.283 262.953 258.159 689.388 246.525 241.149 253.147 237.155 230.9 215.228 207.647 206.295 196.264 211.506 190.814 188.37 179.752 165.917 159.4 175.285 155.236 154.418 152.687 149.038 148.024 145.874 144.693 323.772 150.593 231.622 135.429 133.951 130.455 128.979 125.606 123.793 122.028 144.729 120.301 187.887 119.023 117.756 117.729
threshold=1.0000000180025095e-35 1.0000000180025095e-35 55.646631240844734 60.158729553222663 87.194396972656264 50.920385360717781 1.0000000180025095e-35 1.0000000180025095e-35 0.23611111193895343 98.07621002197267 97.915760040283217 86.72955703735353 1.0000000180025095e-35 8.5000000000000018 7.5000000000000009 0.19090909510850909 69.783050537109389 4.5000000000000009 97.575668334960952 3.5000000000000004 2.5000000000000004 1.0000000180025095e-35 99.333332061767592 8.5000000000000018 98.295398712158217 1.0000000180025095e-35 1.0000000180025095e-35 18.500000000000004 1.0000000180025095e-35 48.074073791503913 4.5000000000000009 1.5000000000000002 87.585617065429702 7.5000000000000009 23.500000000000004 5.5000000000000009 1.0000000180025095e-35 39.455150604248054 46.388406753540046 26.158231735229496 98.07621002197267 0.10555555671453477 64.051280975341811 0.89735862612724315 74.500000000000014 1.5000000000000002 0.81346824765205394 0.6228548288345338 0.62940847873687755 52.111026763916023 52.470642089843757 1.5000000000000002 1.0000000180025095e-35 96.92779922485353 10.500000000000002 78.629974365234389 71.238758087158217 64.624767303466811 78.319625854492202 1.0000000180025095e-35 10.500000000000002 0.84885936975479137
decision_type=2 2 2 2 2 2 2 2 2 2 2 2 2 2 2 2 2 2 2 2 2 2 2 2 2 2 2 2 2 2 2 2 2 2 2 2 2 2 2 2 2 2 2 2 2 2 2 2 2 2 2 2 2 2 2 2 2 2 2 2 2 2
left_child=2 3 18 16 6 17 11 8 53 40 23 12 27 20 35 57 -2 31 -1 34 24 26 -23 -10 29 54 55 42 39 -9 49 32 59 36 -18 -13 -21 -31 41 -20 61 -39 -4 60 -16 51 47 48 -47 -17 -51 -40 -24 -3 -26 56 -6 -8 -59 -5 -25 -7
right_child=1 7 4 5 21 9 15 13 10 -11 -12 14 -14 -15 44 30 19 -19 28 33 -22 22 52 43 25 -27 -28 -29 -30 37 -32 -33 -34 -35 -36 -37 -38 38 45 -41 -42 -43 -44 -45 -46 46 -48 -49 -50 50 -52 -53 -54 -55 -56 -57 -58 58 -60 -61 -62 -63
leaf_value=-0.098943128254261714 -0.086625470569709526 -0.0060858216356202395 -0.02831111686590957 0.034422615534139861 0.080030693530475497 0.064424796562650849 -0.099548551158641599 -0.062200326556701192 0.058561640460251432 0.10261601599848341 0.089951871861774155 0.033045573128758103 -0.093798196108348442 -0.033097142677570836 -0.029229570927371246 -0.070821671593466404 0.063676909547558266 -0.012362247564011435 -0.0082323034924700906 0.02251032158985096 -0.078650953060091455 -0.10511744301719217 0.014861645493656876 0.029415995316597617 0.069474713384125017 -0.078485094354381058 0.0044679427768372195 -0.05265855329032966 -0.1011078828667018 -0.081958062739647508 -0.073389001505720503 -0.016009974233894608 0.088678432308750679 -0.059356439774146424 -0.060342329699207331 -0.0097145297896041385 -0.099303055833950132 0.012645656212163531 -0.034245885155880063 -0.06576458732592258 0.10724504019789141 0.096615034971330033 0.029572211655922311 -0.059339501026099251 -0.075636306838881451 -0.0020213992115210035 0.031531163139940081 -0.018492556947238059 0.036031272384490602 0.12329255243269531 0.0066137785338514742 0.0040534644621945453 0.10653865856869188 -0.082941325587964354 0.012488702629453948 0.078209020583811906 -0.0003640396822591606 -0.087947602535317457 -0.001884747179595367 -0.11146259556397614 -0.025587734601163932 0.09669646645203224
leaf_weight=31635.739287252538 328.67638576962054 2097.326122360304 731.66839436627924 923.18030446767807 349.51246944162995 9501.7334566116333 5960.3776975395158 462.32707204576582 2118.3593674656004 23682.135722834617 2581.5789226815104 1940.1768821589649 3020.7909817779437 3961.7907561454922 3181.1326372027397 116.09526738338172 1918.0050335498527 1603.9848588313907 721.35110981576145 2711.553471814841 363.0306041855365 566.22054589912295 543.11094043403864 2497.820356676355 1227.5302636809647 162.83061624318361 1925.096994433552 1000.6137361545116 1058.5964428316802 206.21984904818237 359.16019820980728 407.67141211777925 1156.720202177763 364.8276192964986 130.82503724936396 1992.9233485730365 116.62414941936731 484.390126763843 1663.1873082071543 1340.617343377322 1121.956388477236 391.63478361442685 1134.6401901748031 249.64856322854757 860.59764723759145 7029.7946120696142 4445.1864569745958 3231.3960375860333 2070.7891237819567 159.50857243128121 256.79825027193874 1911.4917270131409 213.90166649967432 236.64048055559397 552.91041816025972 1005.0880064032972 623.18353929929435 1021.6718032881618 337.45381156448275 59.53141145221889 461.07022260129452 1283.073404237628
leaf_count=3171689 13615 14658 28389 5135 2447 116331 574838 26966 18377 399721 34830 25330 212513 92606 121608 4969 14060 13523 25089 15689 5447 18325 3444 14633 9474 987 26214 42688 89115 8999 10724 2021 11370 5509 2655 33856 1765 4884 14346 56458 17864 2168 24432 1247 40658 51055 27663 23641 13513 2043 4578 16881 2255 1507 3431 9500 4447 68382 4976 419 2184 17107
internal_value=-0.00340619 0.0463705 -0.070558 0.0772809 -0.0383622 0.0852559 -0.0513541 0.00990395 0.036197 0.092352 0.0509752 -0.031489 -0.0548933 0.0003421 -0.0142099 -0.0848918 0.0203875 0.0244185 -0.0958466 0.0270974 0.00581584 0.016512 -0.0216586 0.032086 0.0071021 0.0408629 0.0294534 -0.0139004 -0.064455 0.00410588 -0.0148232 0.0475804 0.0596976 0.00870714 0.0557578 0.0113788 0.0174872 0.00553609 0.00638606 -0.0456377 0.0719373 0.0501849 0.00687961 0.0146061 -0.0391109 0.00450078 0.00839285 5.24142e-05 0.00663728 0.0246854 0.0513194 -0.013766 0.0407659 -0.0138782 0.0517779 0.0537732 0.0285237 -0.0934266 -0.0665793 0.0255851 0.020845 0.0682642
internal_weight=145773 83717.5 62056 45310.5 27299.7 39740 22073.6 38407 10242.4 35588.9 7908.48 13862.5 5887.71 28164.5 7974.83 8211.07 5570.51 4151.09 34756.3 5241.84 24202.7 5226.11 1323.23 5326.9 23839.7 1943.27 3902.88 2866.92 3120.56 21896.4 891.562 2547.1 2139.43 3193.01 2048.83 3933.1 2828.18 21434.1 21227.9 2061.97 11906.8 876.025 1866.31 3208.54 4041.73 20351.8 16777.2 12332 9100.58 532.402 416.307 3574.68 757.013 2333.97 1780.44 1977.78 972.696 7319.5 1359.13 982.712 2958.89 10784.8
internal_count=5635248 1026281 4608967 636784 1266616 583491 1199984 389497 87436 551023 71271 529474 308022 302061 221452 670510 53293 32468 3342351 39678 209455 66632 24024 36441 204008 13892 42608 95509 170662 190116 22314 18945 16924 22963 16715 59186 17454 163150 154151 81547 151302 7052 52821 18064 162266 147099 115872 88209 64568 11590 6621 31227 5699 16165 12905 16394 6894 648196 73358 5554 16817 133438
is_linear=0
shrinkage=0.1


Tree=27
num_leaves=63
num_cat=0
split_feature=4 26 12 19 19 14 25 14 1 28 21 12 14 7 20 20 21 13 7 14 19 7 12 24 30 18 13 24 12 7 9 19 9 14 7 19 20 19 28 19 3 13 21 21 21 20 2 14 14 14 9 3 30 25 30 14 8 21 13 10 25 25
split_gain=42322 7378.11 4968.24 1778.96 1714.97 1668.62 1517.65 662.921 586.661 556.131 596.405 552.292 546.901 488.138 450.883 472.357 439.437 440.364 417.129 396.146 359.522 342.291 794.414 308.754 281.715 247.036 240.745 238.234 249.158 217.357 216.866 211.844 205.634 200.912 202.635 199.301 232.059 193.689 192.197 196.988 187.932 186.849 248.746 199.762 180.147 270.104 183.421 180.058 169.647 165.988 163.334 157.588 156.891 156.079 155.738 155.727 155.593 154.754 152.077 147.488 144.155 137.926
threshold=1.0000000180025095e-35 0.88194444775581371 55.646631240844734 99.052112579345717 78.283874511718764 0.41428571939468389 3.5000000000000004 0.81666666269302379 27.500000000000004 1.0000000180025095e-35 0.81534090638160717 48.331480026245124 0.58571431040763866 16.500000000000004 99.014755249023452 84.635734558105483 0.12701612710952762 74.133811950683608 1.0000000180025095e-35 0.93750000000000011 97.575668334960952 1.0000000180025095e-35 99.333332061767592 10.500000000000002 1.0000000180025095e-35 77.931629180908217 97.70084381103517 6.5000000000000009 84.924243927001967 1.0000000180025095e-35 21.483516693115238 97.833908081054702 40.862709045410163 0.84523808956146251 1.0000000180025095e-35 97.969490051269545 98.006622314453139 95.093433380126967 1.0000000180025095e-35 98.092205047607436 19.500000000000004 53.427228927612312 0.86811593174934398 0.95916664600372326 0.57417583465576183 94.716903686523452 0.74055027961730968 0.15476191043853763 0.15476191043853763 0.31666667759418493 72.065574645996108 14.500000000000002 1.0000000180025095e-35 9.5000000000000018 1.0000000180025095e-35 0.61250001192092907 16.500000000000004 0.62731480598449718 22.903981208801273 26.158231735229496 3.5000000000000004 7.5000000000000009
decision_type=2 2 2 2 2 2 2 2 2 2 2 2 2 2 2 2 2 2 2 2 2 2 2 2 2 2 2 2 2 2 2 2 2 2 2 2 2 2 2 2 2 2 2 2 2 2 2 2 2 2 2 2 2 2 2 2 2 2 2 2 2 2
left_child=2 3 20 8 6 11 12 41 9 19 14 30 18 33 15 23 -8 -18 50 37 -1 26 -23 24 31 -26 38 28 -13 59 -3 32 -11 34 40 36 44 -2 -6 -40 -14 -5 -43 49 45 -17 -46 -39 -30 -44 -4 -52 -12 -25 60 -7 57 -34 -32 -22 -24 -37
right_child=1 5 4 7 21 55 16 -9 -10 10 52 27 13 -15 -16 35 17 -19 -20 -21 29 22 54 53 25 -27 -28 -29 48 -31 58 -33 56 -35 -36 61 -38 47 39 -41 -42 42 43 -45 46 -47 -48 -49 -50 -51 51 -53 -54 -55 -56 -57 -58 -59 -60 -61 -62 -63
leaf_value=-0.098633130109819681 0.040913810587014703 0.055624201415011065 -0.052047162924229867 0.01253072053332753 0.044303337451211081 0.080502100812789579 -0.09931882894686174 0.094340483781020723 -0.065729577967358066 -0.066257648629658952 -0.043104031109556941 0.018892185798720349 0.033692849424563853 -0.045153987696004157 0.10179141405496497 -0.0020785542606095294 -0.075574827053182247 0.026614297134350401 -0.098655644332915265 0.074907499888653237 -0.0068260568990315823 -0.1020380825313614 -0.088871599094762568 0.082071661151431913 0.030563291665812994 0.12301796164020012 0.11394476093832862 0.080781025570179882 0.10486200856669128 -0.10096461314917747 -0.10756860321246087 0.088689972172862008 0.020261274962542233 0.018210764032757509 -0.068000916817656049 0.056274822870487212 0.040377490136868026 0.046074905665732357 -0.014046368788120626 0.048284205080789754 -0.038607331206399219 0.0705078191730827 0.06145991486610887 0.093506491281625637 -0.028589005932608814 0.066769258163813502 -0.0022305761094767256 -0.020891162154591129 0.043737141893880324 -0.024879755528874264 0.060130824459265923 -0.059535587416634062 -0.13852507749083637 -0.005002061060333584 0.098614933084574211 0.10394752024440208 -0.054727079590239369 -0.01173903922200868 0.0034301173671940155 -0.063595229401166492 0.027117489292264901 -0.014638286202272564
leaf_weight=28710.687678821385 2492.8525923378766 879.90038218442351 743.80015123728663 1829.8667848184705 1620.3201521523297 3434.2174048386514 5781.8313720114529 3464.5996158458292 970.91966703720391 341.87349227163941 1144.7217037649825 1756.998483678326 757.99714491423219 3503.1058998834342 531.40177498944104 3634.5863536233082 1413.2069783983752 601.05175757594407 1671.5918274484575 2136.6819522194564 719.10054609365761 815.30726232845336 128.26891731843352 1166.3968545682728 856.61683715507388 436.15078672859818 271.65001875907183 4252.5839586500078 834.69727826863527 959.14803619496524 131.81351713184267 353.87637823820114 8632.7043767236173 3290.4970167018473 645.82093450799584 923.27775836735964 1038.675282289274 568.25518683157861 2106.5061096856371 667.7629988193512 683.887351969257 2455.1509150564671 306.80171621218324 278.05265234410763 5334.2778961071745 675.7886336138472 5226.940403859131 1368.3923731073737 995.69387330114841 811.97325168922544 342.34504529926926 162.1796795334667 202.84229944087565 249.97758271917701 250.8552702460438 16182.520781554282 333.47572280094028 1831.9407215118408 1941.1839120369405 1258.7140865596011 650.82772481627762 390.19684453494847
leaf_count=3171689 19879 5930 38288 13430 12891 51673 577225 56440 34822 17339 9854 19493 15707 170467 5338 34493 93680 14508 144103 26355 25187 35566 1037 11797 9802 3917 2971 54950 14006 89115 1510 2342 74626 35997 30817 6445 7908 3824 41599 5113 26746 27329 2069 4085 64284 5892 51387 8274 13202 5477 5924 7179 2069 3464 2679 309893 6327 16934 16592 56360 4119 2830
internal_value=-0.00328321 0.0436278 -0.0685848 0.0200005 -0.0362941 0.0824679 -0.0510673 0.059864 0.0110733 0.0129435 0.00769967 0.0508875 -0.0284489 -0.0161054 0.0104475 0.00890298 -0.0853057 -0.0450817 -0.0659932 0.0395421 -0.0952242 0.00816822 -0.0282914 0.0224038 0.0174966 0.0617554 0.0225861 0.0647704 0.0457911 -0.0618996 0.014028 0.0125187 0.010099 0.00281545 -0.0214496 -0.00223 -0.00532074 0.0224827 0.0169388 0.00095652 -0.000599203 0.0388414 0.0513402 0.01765 -0.00851244 0.00871553 -0.0155437 -0.00124184 0.0716114 -0.00120282 -0.022256 0.021664 -0.0574673 0.0667039 0.0300863 0.099843 0.0125165 0.0146593 -0.00362784 -0.0429549 0.00802128 0.0352085
internal_weight=138155 80398.9 57756.5 49989.3 26108.8 30409.6 19597.3 9146.44 40842.8 39871.9 33305.7 10792.9 11801.2 8881.31 31958.2 31426.8 7796.09 2014.26 2919.92 6566.18 31647.7 6511.5 1845.26 14203 12786.6 1292.77 4666.24 7839.97 3587.39 2936.96 2952.9 11493.9 11140 5378.2 2087.71 17223.7 15910.3 4429.5 4394.59 2774.27 1441.88 5681.85 3851.98 1396.83 14871.6 4310.37 10561.2 1936.65 1830.39 1118.77 1248.32 504.525 1347.56 1416.37 1029.95 19616.7 10798.1 10464.6 2073 1977.81 779.097 1313.47
internal_count=5635248 1026281 4608967 539032 1266616 487249 1160641 108830 430202 395380 337048 125683 475228 279734 325125 319787 685413 108188 195494 58332 3342351 105975 43401 146548 131287 13719 62574 101651 46701 170662 24032 117568 115226 109267 73270 173239 163964 31977 59603 46712 42453 52390 38960 11631 156056 40385 115671 12098 27208 7546 51391 13103 11923 15261 7835 361566 97887 91560 18102 81547 5156 9275
is_linear=0
shrinkage=0.1


Tree=28
num_leaves=63
num_cat=0
split_feature=4 26 12 11 19 19 25 17 14 12 14 3 10 7 26 19 7 26 25 12 12 20 26 30 24 7 7 24 13 14 19 10 26 11 0 14 20 30 24 19 3 0 13 9 19 7 30 3 10 26 25 2 8 0 7 14 0 25 0 1 27 25
split_gain=36677.3 6830.94 4860.85 1909.56 1559.15 1497.84 1653.11 685.712 647.726 561.282 545.197 457.319 426.587 446.451 411.361 380.923 358.433 354.747 421.49 283.475 283.179 273.018 276.501 270.842 273.91 226.229 218.28 200.8 270.981 192.805 189.88 184.168 172.112 213.767 205.121 171.806 170.926 268.58 230.09 200.275 162.553 152.031 222.663 148.071 146.475 140.947 140.188 136.326 133.53 126.614 145.547 125.405 215.881 123.733 155.9 121.827 121.282 121.021 119.283 136.284 117.855 116.62
threshold=1.0000000180025095e-35 0.88194444775581371 55.646631240844734 98.07621002197267 98.830371856689467 72.240142822265639 2.5000000000000004 8.5000000000000018 0.81666666269302379 48.834688186645515 0.58571431040763866 53.500000000000007 62.575302124023445 1.0000000180025095e-35 0.15476191043853763 97.575668334960952 1.0000000180025095e-35 0.44949495792388922 7.5000000000000009 87.226108551025405 48.834688186645515 99.80237197875978 -1.0000000180025095e-35 1.0000000180025095e-35 7.5000000000000009 2.5000000000000004 1.0000000180025095e-35 7.5000000000000009 82.637680053710952 0.84523808956146251 98.092205047607436 30.0684928894043 0.23611111193895343 62.575302124023445 0.28262521326541906 0.93750000000000011 84.635734558105483 1.0000000180025095e-35 8.5000000000000018 49.132831573486335 8.5000000000000018 0.83491453528404247 64.051280975341811 66.287876129150405 97.833908081054702 1.5000000000000002 1.0000000180025095e-35 21.500000000000004 26.158231735229496 0.10555555671453477 8.5000000000000018 0.84802827239036571 1.5000000000000002 0.32577510178089147 3.5000000000000004 0.31666667759418493 0.5247059464454652 4.5000000000000009 0.72551110386848461 22.500000000000004 1.5000000000000002 7.5000000000000009
decision_type=2 2 2 2 2 2 2 2 2 2 2 2 2 2 2 2 2 2 2 2 2 2 2 2 2 2 2 2 2 2 2 2 2 2 2 2 2 2 2 2 2 2 2 2 2 2 2 2 2 2 2 2 2 2 2 2 2 2 2 2 2 2
left_child=2 4 15 9 7 6 10 17 41 31 16 53 13 19 -8 -1 43 20 -19 32 -2 22 25 -20 -25 29 48 28 -11 40 46 -3 -7 34 61 58 37 38 39 -24 -22 42 -6 -4 -41 -31 -14 -45 -17 -40 -51 -38 -53 -12 56 -35 -55 -16 59 -9 -26 -34
right_child=1 3 5 -5 8 12 14 35 -10 27 11 -13 30 -15 57 26 -18 18 23 -21 21 -23 36 24 60 -27 -28 -29 -30 45 -32 -33 33 55 -36 -37 51 -39 49 44 -42 -43 -44 47 -46 -47 -48 -49 -50 50 -52 52 -54 54 -56 -57 -58 -59 -60 -61 -62 -63
leaf_value=-0.098311155589287616 -0.054538216403197184 0.030317432329869855 -0.065822819531681814 0.10320723636396659 0.02040584889590652 -0.046702083170554 -0.096844321324740815 -0.012814066071933212 0.091157394611259518 0.033086466378587413 -0.020384811104386086 -0.049551039010495269 0.0011781873489728539 -0.093085973128375368 0.036213357936156917 -0.006183867787169897 -0.098168217144734407 0.064235092661918958 0.028703821786062674 0.084657593713404797 0.031268040734519671 0.096208794318466975 -0.08787048685621883 0.07325592920565456 0.016077440610057985 -0.014814943941338416 -0.10083117328055542 0.082093736649138688 0.074966099744577783 0.076448707875225355 0.06261259614418474 -0.022812844197666032 0.13119536683775257 -0.16417949488212069 0.00065659404075365906 0.068604490948751665 -0.0073515411609166789 0.076526008577809349 0.023433695541806618 0.0042148239740235072 -0.040695335841331538 0.0020465306228738341 0.064061481180077803 0.034178916361732592 0.081214738145994864 0.020832729687053016 0.054652430201022839 -0.071937669966853399 -0.060897651904476893 0.13520595459897172 0.019386291446613604 -0.026726022297011827 0.027221028292735469 0.048423442555396344 -0.0066175178264090036 -0.011934868096154728 -0.0061137416547217636 -0.046616504091494537 -0.055876145364962916 -0.073224381638347005 -0.0873084176916223 -0.042687338803895296
leaf_weight=26059.355054926127 655.76622132025659 1989.1372838718817 468.14145088754594 15725.460912894458 2214.8541139941663 977.58256928343326 6113.7454045685008 4282.0961919976398 3293.4639712050557 3425.8773361947387 1738.7333590295166 2420.5729066086933 2175.247638033703 698.61234399396926 241.56868808995932 714.64670164696872 1460.1271851342171 2953.974056658335 2635.0905075957999 323.83434677869081 1940.8596972441301 379.3151933401823 228.08184810262173 179.90815383475274 139.30192826967686 906.22155535593629 868.96345859114081 3429.9314326867461 2814.1529317833483 1613.5110001079738 1077.3681755196303 970.85855705477297 232.62616505194455 95.993795750662684 686.2743608141318 203.917654376477 9576.0488650258631 700.4871224258095 576.13622931577265 5500.260489564389 374.44296925142407 1094.8455936945975 2472.6570023857057 489.47047779150307 258.66680804640055 635.01278406009078 632.89772612135857 160.84578351676464 1186.812769186683 300.34278539940715 169.87027627043426 987.64763940870762 2979.8409745078534 1360.9958941712976 2241.5920809116215 116.1664941702038 582.19870480336249 653.81103182956576 1015.9533255938441 409.12186051905155 528.90730855241418 46.237411883659661
leaf_count=3171689 34428 14923 26573 327815 16924 37817 669235 77334 57237 42897 62105 122960 22107 44152 5323 25187 138127 36694 20976 3641 13321 4504 10563 2314 1304 8370 89115 47558 44814 18789 10553 9242 2561 847 7226 1225 74815 4902 4950 37627 2849 8691 28256 10441 1784 3552 4982 7675 56360 1789 1117 8699 18989 19008 43401 814 3423 22437 15212 17612 4205 1208
internal_value=-0.00315716 0.0408566 -0.0665819 0.0799505 0.0183287 -0.0343071 -0.0496704 0.00986346 0.0557594 0.0509938 -0.025348 -0.0129283 0.00469891 -0.0224785 -0.0875733 -0.0945632 -0.0655374 0.0152963 0.0364487 -0.00257812 0.0103953 0.011965 0.0107703 0.0128841 -0.0362675 0.030823 -0.0593094 0.0626571 0.0519735 0.0398851 0.0269228 0.0128911 -0.0156879 0.0100651 0.0300437 -0.0215877 0.00561517 0.0174759 0.0115949 0.00403349 0.0196297 0.0355977 0.0434341 -0.0229385 0.00767334 0.060742 0.0132302 0.0079326 -0.040334 0.0548596 0.0933647 -0.00115777 0.0137917 0.00203716 0.0113532 -0.0808193 0.0320836 -0.0242694 -0.0248102 -0.0180825 -0.0657555 0.102364
internal_weight=131386 77562 53824.4 28355.4 49206.6 24994.6 17931.8 40130.8 9075.82 12630 10922.7 8344.09 7062.84 3177.33 7009.13 28829.8 2578.58 34219.7 6437.18 2478.72 27782.5 27126.7 26747.4 3483.21 848.117 5470.05 2770.42 9669.96 6240.03 4563.83 3885.51 2960 2154.88 1177.3 965.138 5911.09 21277.4 7733.85 7033.36 5987.01 2315.3 5782.36 4687.51 1118.46 5758.93 2248.52 2808.15 650.316 1901.46 1046.35 470.213 13543.5 3967.49 5923.52 4184.79 212.16 1943.19 895.38 5707.17 4691.22 668.209 278.864
internal_count=5635248 1026281 4608967 487249 539032 1266616 1130708 427924 111108 159434 433713 250897 135908 98266 696995 3342351 182816 316541 65493 54114 251048 216620 212116 28799 7823 46881 170662 135269 87711 38511 37642 24165 50473 12656 10995 111383 165235 62732 57830 49974 16170 53871 45180 44689 39411 22341 27089 18116 81547 7856 2906 102503 27688 127937 65832 1661 22431 27760 110158 94946 5509 3769
is_linear=0
shrinkage=0.1


Tree=29
num_leaves=63
num_cat=0
split_feature=4 29 9 11 21 19 18 11 19 28 27 14 20 11 27 3 17 7 11 19 19 7 7 7 10 25 14 7 29 14 9 0 21 21 19 19 20 20 10 20 2 9 20 1 20 1 0 18 10 7 17 7 7 3 21 25 27 6 7 21 25 29
split_gain=31734 7280.91 4653.7 1766 1675.05 1300.93 1587.51 613.056 576.884 556.086 663.44 550.346 496.344 443.719 432.338 424.37 362.381 342.638 781.691 334.636 321.294 308.488 280.159 246.693 237.284 231.299 216.76 215.781 209.027 199.863 235.496 198.189 179.796 182.805 306.503 223.478 218.549 177.673 176.294 163.653 155.568 154.679 153.345 151.603 146.9 143.118 142.928 218.198 362.092 142.314 142.038 140.591 135.817 134.103 142.953 130.356 126.909 121.864 208.846 119.037 144.056 118.792
threshold=1.0000000180025095e-35 1.0000000180025095e-35 45.867485046386726 97.915760040283217 0.12701612710952762 70.897583007812514 1.0000000180025095e-35 41.897974014282234 96.019802093505874 1.0000000180025095e-35 1.0000000180025095e-35 0.84523808956146251 99.80237197875978 90.054946899414077 1.0000000180025095e-35 53.500000000000007 8.5000000000000018 1.0000000180025095e-35 99.275363922119155 73.926216125488295 62.534915924072273 1.0000000180025095e-35 1.0000000180025095e-35 1.5000000000000002 96.590469360351577 9.5000000000000018 0.10555555671453477 1.0000000180025095e-35 2.5000000000000004 0.44949495792388922 93.063350677490249 0.76043426990509044 0.048809524625539787 0.70710784196853649 97.22989654541017 98.706874847412124 97.067424774169936 79.557674407958999 85.270011901855483 84.870288848876967 0.61523786187171947 41.444372177124031 97.22989654541017 21.500000000000004 95.256843566894545 5.5000000000000009 0.78429833054542553 96.437637329101577 72.281322479248061 1.0000000180025095e-35 4.5000000000000009 8.5000000000000018 1.0000000180025095e-35 3.5000000000000004 0.91106721758842479 13.500000000000002 2.5000000000000004 1.0000000180025095e-35 17.500000000000004 0.054093567654490478 4.5000000000000009 1.0000000180025095e-35
decision_type=2 2 2 2 2 2 2 2 2 2 2 2 2 2 2 2 2 2 2 2 2 2 2 2 2 2 2 2 2 2 2 2 2 2 2 2 2 2 2 2 2 2 2 2 2 2 2 2 2 2 2 2 2 2 2 2 2 2 2 2 2 2
left_child=2 3 8 7 23 6 13 19 -1 10 -3 31 16 22 -8 -15 28 25 -19 -2 -9 44 50 24 52 37 49 42 32 30 46 56 -11 34 36 -35 39 -7 -31 41 -27 -34 43 53 -10 -44 47 -28 -49 -22 -4 61 -5 -21 -55 -37 -12 -17 -59 -16 -61 -20
right_child=1 9 5 4 -6 17 14 20 21 12 11 -13 -14 15 59 57 -18 18 51 27 26 -23 -24 -25 -26 40 29 -29 -30 38 -32 -33 33 35 -36 55 -38 -39 -40 -41 -42 -43 45 -45 -46 -47 -48 48 -50 -51 -52 -53 -54 54 -56 -57 -58 58 -60 60 -62 -63
leaf_value=-0.097734688113721185 -0.082347702329353914 -0.019248944040085165 0.012625091614743515 0.022368166348693232 0.099661263777695089 0.060918505406319379 -0.096751360210042103 -0.0083131818830562195 -0.006670310611882101 -0.097839417121547756 0.045745087299039026 0.084672204737466117 0.10498159901759184 0.001016689832634118 -0.099717339172010672 -0.09110269386471459 -0.031230598394012633 -0.10050831525448617 0.091388260538855903 0.076260382929725673 0.084611539775956923 -0.10069101701313027 -0.099367642751843899 -0.010071960270707012 0.081851085571474635 -0.089911256777363002 0.051841135712697356 -0.10975328094366546 -0.074982741962433916 0.045294240862612252 -0.031068544653527819 -0.0055157415699903789 -0.064895553672149761 -0.014492905579854604 0.076252618277810075 0.077531018553303563 0.060611873147083856 0.015720523911306461 0.094544939588434546 -0.0050210083478814272 0.012273026629501482 0.019214132816592983 0.015869002912328314 -0.053602138825290059 -0.056818793797928639 -0.063316149402049479 0.080849298068819242 -0.098278210030995725 0.043431671435669388 -0.1570141312058736 -0.075407708649550695 -0.055589897651924625 -0.12095803199276414 0.0011976473263833973 0.074273818686584753 -0.026768616053273464 -0.0064305146450989925 0.17438702013998197 -0.041871893407337726 0.080701029654224377 -0.027120053415980436 0.016873979878240627
leaf_weight=24035.928586007562 328.65653149597347 2293.4992120042443 482.73536537773907 991.62136225216091 18306.693736877292 1349.9494827929884 5321.3124957620166 700.65379683487117 1084.2551962034777 173.44189289864153 2958.4323586113751 2165.2294609881938 439.51259191706777 6187.5210148906335 138.1093039996922 524.94744085427374 3699.777586706914 842.20213306834921 317.92822896596044 1030.8041511643678 3276.7528783455491 970.95129320537671 1088.8422180251218 1357.8934142254293 936.7527731359005 277.53678670991212 2059.886506870389 121.11957723554224 343.58016661182046 1349.45033993572 444.68078472465277 1538.7120108865201 226.42765058483928 6446.4412460243329 674.81580345146358 439.63812704756856 734.08784294500947 2444.9074231032282 1575.1499204039574 7900.9584011910483 321.6665792982094 6360.8962799916044 1996.9449732601643 151.11132256407291 1266.3449951941147 257.70300483703613 891.26643700152636 291.906633451581 471.63929216191173 24.558676035143435 295.4566097506322 177.27709239348769 70.838539047166705 762.78564604371786 412.43788563832641 164.72888772189617 553.38637835532427 45.772370148450136 1830.5915635172278 171.97745505301282 443.396853630431 654.163330655545
leaf_count=3183473 14172 16120 18301 6359 400258 20917 644379 5644 55172 10050 24688 34712 5042 138846 7345 36360 92225 43948 3523 7605 51849 111587 110756 9602 11580 7487 25653 2187 5447 19614 5924 8609 15923 52755 4765 3008 4765 34540 25966 64815 2813 42238 11497 3098 56569 2694 12999 3598 6914 215 14618 1550 531 6458 2367 1028 3307 683 95434 2692 13667 4307
internal_value=-0.00302879 0.0382114 -0.0644905 0.0690955 0.0877537 -0.031248 -0.0460565 0.0440633 -0.0923365 0.00674662 0.0276021 0.0424935 -0.000437762 -0.0224355 -0.0867128 -0.0128308 -0.00214339 0.00708722 -0.0273201 0.0152269 0.0572293 -0.0532735 -0.0666195 0.0228202 0.045161 0.022682 0.0616512 0.0220025 0.00244285 0.0517887 0.0377041 0.0244109 0.00359338 0.00436001 0.010304 -0.00904175 0.00738049 0.0317989 0.07182 0.00468338 -0.0350563 0.016323 0.0254629 0.0432968 -0.0336869 0.00681825 0.0459367 0.034916 -0.0107446 0.0828141 -0.0207984 0.0263087 0.012812 0.0499343 0.0268433 0.0491027 0.0375233 -0.048512 -0.0365964 -0.0158173 0.00301249 0.0412443
internal_weight=125199 74924.9 50273.8 37811.3 21663.8 22916.3 16530.7 16147.5 27357.5 37113.6 9509.26 7215.76 27604.3 10455.9 6074.8 8588.83 27164.8 6385.63 1991.57 5061.56 11085.9 3321.55 1867.03 3357.11 1999.21 4394.06 10385.3 4732.91 23465 7083.98 4159.38 5050.53 23121.4 22948 15897.2 7050.81 15222.4 3794.86 2924.6 14488.3 599.203 6587.32 4611.79 2357.14 2350.6 2254.65 3714.7 2823.43 763.546 3301.31 778.192 1149.37 1062.46 2206.03 1175.22 604.367 3511.82 2401.31 1876.36 753.484 615.374 972.092
internal_count=5635248 1026281 4608967 636784 428330 1202166 1083081 208454 3406801 389497 87436 71316 302061 414998 668083 271323 297019 119085 53328 50078 158376 223328 143675 28072 18470 65757 152732 35906 204794 100668 55088 36604 199347 189297 132506 56791 127741 55457 45580 122976 10300 58161 33719 19528 111741 14191 49164 36165 10512 52064 32919 9380 6890 16430 8825 4036 27995 132477 96117 23704 16359 7830
is_linear=0
shrinkage=0.1


Tree=30
num_leaves=63
num_cat=0
split_feature=4 29 12 12 18 26 29 11 18 26 28 14 1 30 26 24 14 29 18 14 13 1 7 13 8 26 1 26 14 14 13 7 14 7 3 7 10 11 24 14 29 3 13 7 14 18 10 24 28 18 8 7 7 6 12 3 11 10 24 3 24 0
split_gain=27426.1 6541.63 4659.85 1840.11 1413.16 1116.39 1074.19 871.17 488.388 471.188 525.291 517.598 399.262 388.274 511.619 371.832 361.375 339.467 308.484 293.788 283.595 272.257 266.7 369.273 260.947 258.313 245.93 215.805 213.814 208.82 205.874 584.555 205.195 204.129 195.933 194.467 185.7 182.782 179.632 172.836 165.493 163.189 156.158 153.071 199.463 152.079 150.555 247.278 160.153 205.636 146.111 145.294 144.667 353.072 136.199 132.899 127.322 126.47 125.726 124.894 124.582 190.617
threshold=1.0000000180025095e-35 1.0000000180025095e-35 55.646631240844734 60.158729553222663 35.493415832519538 0.15476191043853763 1.0000000180025095e-35 98.07621002197267 46.683588027954109 0.10555555671453477 1.0000000180025095e-35 0.84523808956146251 8.5000000000000018 1.0000000180025095e-35 0.4083333313465119 7.5000000000000009 0.15476191043853763 1.5000000000000002 44.127788543701179 0.31666667759418493 58.578638076782234 23.500000000000004 1.0000000180025095e-35 97.498435974121108 4.5000000000000009 0.44949495792388922 8.5000000000000018 0.26136364042758947 0.2264957278966904 0.18333333730697635 86.526824951171889 1.0000000180025095e-35 0.44949495792388922 1.0000000180025095e-35 46.500000000000007 1.0000000180025095e-35 86.319076538085952 92.907444000244155 7.5000000000000009 0.27922078967094427 2.5000000000000004 11.500000000000002 99.206348419189467 1.5000000000000002 0.6904762089252473 92.601715087890639 75.716625213623061 7.5000000000000009 1.0000000180025095e-35 80.778705596923842 8.5000000000000018 21.500000000000004 1.0000000180025095e-35 1.0000000180025095e-35 86.425064086914077 5.5000000000000009 22.378716468811039 88.047618865966811 6.5000000000000009 4.5000000000000009 6.5000000000000009 0.77194768190383922
decision_type=2 2 2 2 2 2 2 2 2 2 2 2 2 2 2 2 2 2 2 2 2 2 2 2 2 2 2 2 2 2 2 2 2 2 2 2 2 2 2 2 2 2 2 2 2 2 2 2 2 2 2 2 2 2 2 2 2 2 2 2 2 2
left_child=2 3 25 19 24 6 12 16 -8 21 11 38 34 17 15 27 -6 18 58 26 -10 40 41 -24 43 -1 33 -15 35 -20 31 57 37 55 52 56 54 46 -11 -40 -3 -14 -36 44 59 -29 47 -18 -49 -50 -25 -44 -4 -54 -34 -2 -27 -7 -12 -5 -31 -62
right_child=1 9 5 4 7 30 8 -9 20 10 13 -13 22 14 -16 -17 32 -19 29 -21 -22 -23 23 50 -26 28 -28 45 -30 60 -32 -33 36 -35 42 -37 -38 -39 39 -41 -42 -43 51 -45 -46 -47 -48 48 49 -51 -52 -53 53 -55 -56 -57 -58 -59 -60 -61 61 -63
leaf_value=-0.097791728840532735 0.035125616859041725 -0.00081043692820497587 0.033602341869236101 0.051163580707271256 0.088512869381317361 0.016254957088167408 -0.095152041118725189 0.098229406792173096 -0.082122107206627923 0.047862172298226091 0.00050705121095619783 0.082245982122897104 0.013591714795208473 0.1810347354065085 -0.1043728489685716 -0.059341943367646546 -0.011626785944493666 -0.040198661668095187 0.07178441525093418 0.11159941717597105 -0.015647583403285498 -0.066899161496896689 -0.097523983225931074 -0.0045967014944242393 -0.010823037830073689 -0.012174733871088044 -0.041194485896406667 0.046527690833119612 0.32576153629823357 -0.0050984889089365978 0.049113981255226806 -0.093889740571675817 0.06512852983551623 -0.11184986136693365 -0.087375501052700658 -0.10075789664876274 0.093350707408873468 -0.026558261078534935 0.03603803690674267 -0.010981838004006747 -0.077403188245307508 -0.04378100354026003 0.11523294742580799 -0.013922196431161177 0.085087202715811716 -0.08439767513504641 0.064042865131543322 0.081653053144258608 0.049112319914153907 -0.20977773897645449 -0.063149614895580228 -0.026601372155011616 -0.069983955105680937 0.0083630075864683014 -0.0022336567039113369 -0.0018877968123948334 -0.066486824090828608 0.12301525259841171 0.16698335791254917 -0.01853693196680422 0.041034669568361264 -0.014146278233547535
leaf_weight=19964.431363896001 2483.7438249066472 19257.870056526735 1198.1736843064427 625.3253959659487 3092.5960903316736 2465.1607971214689 3987.8844730583951 16617.304433120415 1021.5851773833856 1765.7312570270151 58.631160710006952 2014.0528126135468 1003.8434311230667 103.37314484547824 702.43551432620734 582.65672713983804 1024.0480077043176 1000.2677666367963 644.75606503803283 282.35497150290757 1726.2583536063321 667.07237921096385 1506.5411278996617 987.29955363925546 1582.6566011887044 547.88731813477352 882.24281725566834 557.50974611938 13.600299106445162 2461.6773299295455 1271.1752630183473 533.8888257839717 833.83108613267541 119.65011393092573 436.23504612455145 1446.8261125860736 1398.6083119548857 467.58156710863113 1320.8487192969769 1915.413595482707 286.29528865218163 979.52885370282456 76.656340475194156 417.63637996092439 978.86975723132491 105.51085202861577 1475.4966155923903 688.35056192800403 93.299697652459145 45.713342972099781 749.84888930432498 1249.2094234516844 707.23031517677009 3081.0856851646677 468.96411580592394 1591.7554857982323 2034.1457214280963 116.18982564937323 200.49708709493279 436.55485774762928 2173.0093378257006 879.33920476958156
leaf_count=2907146 16514 200352 24936 4020 52681 33142 530219 397566 90607 17597 676 34712 29182 729 6355 5988 12794 11077 9146 2713 56448 29072 153473 39974 13970 40971 22094 4550 243 18645 15511 20212 12595 2372 28651 201100 25182 6076 8473 10534 4811 47087 1533 2285 12359 1113 22606 10278 790 333 44201 63496 49407 37632 7374 9600 192891 905 1820 2582 16706 7141
internal_value=-0.00289674 0.035786 -0.0622729 0.066322 0.0758915 -0.0302075 -0.040852 0.0843795 -0.0728001 0.00615722 0.0187038 0.0394418 -0.0228827 0.00333905 -0.0351659 0.00086944 0.0603769 0.0139875 0.0224327 0.0123182 -0.0403613 -0.00407664 -0.0436298 -0.0612928 0.0208479 -0.0931241 0.00679714 0.0466456 -0.0700719 0.0179357 0.0151992 0.00136026 0.0469818 0.0168898 -0.00681324 -0.0714082 0.068046 0.0319856 0.0222067 0.00820886 -0.00193242 -0.014743 -0.0354767 0.041237 0.0525252 0.0256927 0.0402136 0.0212228 0.0618814 -0.0360216 -0.0298714 -0.0184011 0.00331572 -0.00626337 0.0408803 0.0206694 -0.0549622 0.0210604 0.129316 0.0225087 0.0116391 0.0251378
internal_weight=119408 72303.5 47104.7 35606.6 30246.8 23097.8 18711.4 26205.8 6735.73 36696.9 16485.7 7016.05 11975.7 9469.66 2051.49 1349.05 9588.49 7418.18 6417.91 5359.75 2747.84 20211.2 5227.06 3243.69 4041.04 24006.9 5077.39 766.394 4042.46 6158.78 4386.41 3115.24 6495.89 4195.15 6748.59 4028.86 2701.4 3794.49 5001.99 3236.26 19544.2 1983.37 1762.1 2458.39 2040.75 663.021 3326.91 1851.41 827.364 139.013 1737.15 1325.87 4986.49 3788.32 1302.8 4075.5 2582.03 2581.35 259.128 1061.88 5514.03 3052.35
internal_count=5635248 1026281 4608967 636784 583491 1266616 1196846 548275 677274 389497 155262 71316 519572 83946 18735 12380 150709 65211 54134 53293 147055 234235 313917 237648 35216 3342351 50580 6392 435205 51638 69770 54259 98028 28486 205655 434962 45151 52877 36604 19007 205163 76269 93680 21246 18961 5663 46801 24195 11401 1123 84175 65029 111975 87039 19969 26114 233862 34047 2496 6602 42492 23847
is_linear=0
shrinkage=0.1


Tree=31
num_leaves=63
num_cat=0
split_feature=12 26 19 19 25 29 14 7 3 17 28 10 14 14 7 26 19 20 26 7 26 10 24 7 3 12 29 26 25 0 14 14 7 24 14 14 13 14 13 0 1 12 30 26 20 24 29 24 19 19 26 25 19 17 10 19 25 7 20 10 10 24
split_gain=17897.3 9791.92 3202.79 2813.84 2383.32 1856.69 1210.48 778.367 626.271 624.631 656.423 624.142 525.638 521.024 450.531 425.982 447.627 418.222 402.517 390.48 374.753 358.813 333.28 281.788 267.552 232.897 205.129 195.986 539.335 194.179 217.763 290.629 189.514 188.483 179.521 170.485 156.817 153.476 146.087 145.224 139.12 138.389 137.298 468.187 279.016 234.545 196.332 230.316 378.083 242.637 224.397 359.355 203.88 171.569 136.381 134.788 134.5 134.357 130.437 130.044 167.698 184.576
threshold=54.72370910644532 0.88194444775581371 95.67297744750978 57.790622711181648 2.5000000000000004 1.0000000180025095e-35 0.61250001192092907 1.0000000180025095e-35 17.500000000000004 8.5000000000000018 1.0000000180025095e-35 81.375640869140639 0.86607143282890331 0.44949495792388922 1.0000000180025095e-35 0.44949495792388922 78.065486907958999 99.80237197875978 0.23611111193895343 1.0000000180025095e-35 0.13392857462167743 24.068965911865238 7.5000000000000009 12.500000000000002 3.5000000000000004 46.049896240234382 2.5000000000000004 0.44949495792388922 7.5000000000000009 0.80898490548133861 1.0000000180025095e-35 0.41428571939468389 2.5000000000000004 8.5000000000000018 0.93750000000000011 0.38750000298023229 79.80582427978517 0.18333333730697635 37.884435653686531 0.35752075910568243 6.5000000000000009 78.830558776855483 1.0000000180025095e-35 0.4083333313465119 92.60501861572267 8.5000000000000018 1.5000000000000002 7.5000000000000009 97.575668334960952 96.315685272216811 1.0000000180025095e-35 6.5000000000000009 98.598102569580092 4.5000000000000009 85.270011901855483 95.260559082031264 4.5000000000000009 1.0000000180025095e-35 97.45212554931642 93.40579986572267 74.322341918945327 7.5000000000000009
decision_type=2 2 2 2 2 2 2 2 2 2 2 2 2 2 2 2 2 2 2 2 2 2 2 2 2 2 2 2 2 2 2 2 2 2 2 2 2 2 2 2 2 2 2 2 2 2 2 2 2 2 2 2 2 2 2 2 2 2 2 2 2 2
left_child=2 3 15 4 8 11 19 21 13 10 18 14 57 36 27 -1 -17 26 37 29 -6 58 -20 -14 -18 40 42 38 -29 30 41 59 33 39 -11 -30 -2 -7 -5 -15 -23 -3 46 44 45 56 47 48 53 50 -49 -52 -48 -12 -33 -39 -44 -10 -4 60 61 -32
right_child=1 6 7 5 20 9 -8 -9 12 34 17 -13 23 32 -16 16 24 -19 22 -21 -22 25 -24 -25 -26 -27 -28 28 35 -31 31 54 -34 -35 -36 -37 -38 55 -40 -41 -42 -43 43 -45 -46 -47 52 49 -50 -51 51 -53 -54 -55 -56 -57 -58 -59 -60 -61 -62 -63
leaf_value=-0.097123887473796522 -0.072355740259598608 0.050495306410556273 0.060622050987772805 -0.041875017755922665 -0.097696852948093049 0.061812394333220555 0.10079309291642065 -0.099887103791647086 -0.044206455625177513 -0.027575700757690093 0.0017758782612233518 0.087191739103417126 0.026299548464974926 -0.0067037805611163508 -0.080061043831635023 -0.089766417549010255 0.040400503181652725 0.10912129427351674 0.080507132415311086 -0.062369994310319976 -0.010681658211738217 -0.019826820790346145 0.029702756818638779 -0.028743617496759594 -0.050845256013437881 0.015511579636169424 -0.072399079799632934 0.039928783960454177 -0.08606391906447744 0.084353404945004706 -0.023154987817068772 0.040228820974280391 -0.004635274370662793 0.076216765112388202 0.078204556907336242 -0.29707269905200889 0.071269496001141741 0.025218693764485857 0.070546474872431 0.036712179761777548 -0.068393176590640883 0.097283968211743344 -0.11436367712094285 -0.10222000225840824 -0.066347639820111493 -0.060104967811248335 -0.028378580062894489 0.0175089865705449 0.054863692866912395 -0.0023510418667329835 0.16340969936097813 0.045607325528918663 0.12741805612899668 -0.029999340294070333 0.090993349698580805 -0.040069523400249531 0.079360408097162785 -0.091731762492451185 0.0097888199709243312 -0.045839783878114992 0.052030591908081125 0.052483017790479827
leaf_weight=18068.2046426991 844.30718864267692 1306.9567018011585 941.7708183657378 124.73324027471244 4745.3440536893904 291.48437644354999 11471.172955929302 915.70508500840515 1117.8215421265922 5714.4297290197574 12289.992662194185 3989.1453662351705 1378.2555860821158 1141.440165202599 345.48190602567047 1780.4372895588167 549.27765882946551 368.57756833033636 2278.3058762815781 284.83783512050286 552.57630056655034 1955.1404489851557 2980.3865607497282 2860.1516572418623 774.43688310077414 1396.9930779524148 366.94765775837004 927.17800476867706 137.99148008786142 1977.846880024299 993.23363793734461 1064.2532509677112 1998.2599955303594 806.18587774923071 165.07208546996117 52.995214842259884 83.542907217051834 478.8126905397512 1576.5193173997104 2370.3798900605179 844.62243884196505 1224.3383908383548 37.993106060661376 532.70528561482206 337.31717352895066 180.31536835199222 2243.7794894864783 1686.6991771305911 1244.1091019148007 1863.6201417841949 326.45185619685799 1252.335018530488 87.26280852034688 1971.912037326023 1052.672181032598 931.17483955109492 632.11999821802601 1271.4799852315336 1087.8788356776349 297.04677057266235 1179.2390118353069 477.83187821693718
leaf_count=2840415 63768 17005 20588 3264 637737 2876 313183 117426 47934 147054 88158 80407 12752 25288 16357 235169 22758 4801 33798 6519 17432 31306 27961 141028 72181 25256 8288 10541 1113 37684 12478 19104 17598 8715 973 410 1393 3586 21219 22584 54300 24935 252 3830 2685 1527 28730 22142 8978 12514 2077 9274 637 47150 20558 5120 3908 125419 14214 3755 18794 6342
internal_value=-0.00276065 0.0199628 -0.0717107 0.000561913 -0.0315656 0.0141228 0.0787087 -0.0138036 -0.00977505 0.00537977 0.0108241 0.0608826 -0.031989 0.0105487 0.0277218 -0.0912446 -0.0570232 0.00337436 0.0380345 0.053011 -0.0886211 -0.00114351 0.0517135 -0.0108445 -0.0129827 -0.0178378 0.00181866 0.0409291 0.00840804 0.0564439 0.0491764 0.0372056 0.0208275 0.0326111 -0.0246058 -0.144615 -0.0594238 -0.00424301 0.0623039 0.0226008 -0.0344781 0.0731261 0.00292185 -0.0243255 0.0106102 0.0411351 0.00496302 0.0080706 0.00199444 0.0264397 0.0428706 0.0699658 -0.0225463 -0.0026175 0.0654722 -0.0178985 0.0683769 -0.0694973 0.0333758 0.0169032 0.0239355 0.00141377
internal_weight=114229 85915 28314.5 64585.6 19169.7 45415.8 21329.4 7142.11 13871.8 38261.8 32382.3 7154.04 6627.71 7244.12 3164.9 21172.4 3104.15 25422.1 6960.16 9858.26 5297.92 6226.41 5258.69 4238.41 1323.71 4196.76 25053.6 2819.42 1118.16 9573.42 7595.57 5064.28 6316.27 4318.01 5879.5 190.987 927.85 1701.47 1701.25 3511.82 2799.76 2531.3 24686.6 1720.45 1187.75 850.428 22966.2 20635.1 15506 5129.11 3265.49 1578.79 2331.04 14261.9 2116.93 1409.99 670.113 2389.3 2029.65 2947.35 2650.3 1471.07
internal_count=5635248 2201635 3433613 1721278 1121648 599630 480357 263090 466479 466319 318292 133311 327133 139346 52904 3170523 330108 244951 73341 167174 655169 145664 61759 153780 94939 110862 240150 36547 12064 160655 122971 81031 74185 56587 148027 1523 65161 11582 24483 47872 85606 41940 231862 12202 8372 5687 219660 190293 144286 46007 33493 11351 29367 135308 39662 8706 4160 173353 34802 41369 37614 18820
is_linear=0
shrinkage=0.1


Tree=32
num_leaves=63
num_cat=0
split_feature=4 29 12 14 21 19 25 12 19 19 14 17 28 26 14 20 3 12 14 14 14 21 19 0 14 14 14 10 29 8 10 3 28 3 21 8 8 12 10 10 21 19 24 30 29 19 29 20 10 25 28 12 12 1 10 14 10 25 28 14 12 25
split_gain=20836.7 5227.19 4309.98 1691.45 1048.84 872.982 1413.29 676.533 602.635 459.607 365.6 355.159 365.184 326.54 310.844 304.012 289.192 264.439 368.749 353.88 314.575 258.997 241.221 227.179 225.285 213.157 272.226 199.38 174.803 166 163.168 158.43 157.764 152.985 151.278 143.81 140.774 139.243 137.55 155.395 133.411 240.781 253.403 226.642 333.066 204.06 163.144 165.453 131.201 126.751 486.502 161.859 152.84 124.639 124.607 122.5 127.479 118.406 116.962 115.955 112.954 112.53
threshold=1.0000000180025095e-35 1.0000000180025095e-35 55.646631240844734 0.81666666269302379 0.048809524625539787 72.240142822265639 3.5000000000000004 60.158729553222663 57.790622711181648 96.437637329101577 0.58571431040763866 8.5000000000000018 1.0000000180025095e-35 0.31666667759418493 0.93750000000000011 99.80237197875978 64.500000000000014 68.801231384277358 0.095454547554254546 0.44949495792388922 0.31666667759418493 0.12701612710952762 64.01581192016603 0.82171362638473522 0.31666667759418493 0.10555555671453477 0.41428571939468389 84.29276275634767 1.0000000180025095e-35 3.5000000000000004 86.319076538085952 7.5000000000000009 1.0000000180025095e-35 4.5000000000000009 0.048809524625539787 4.5000000000000009 5.5000000000000009 85.053192138671889 91.945945739746108 74.322341918945327 0.70710784196853649 97.22989654541017 5.5000000000000009 1.0000000180025095e-35 1.5000000000000002 98.830371856689467 1.5000000000000002 96.437637329101577 21.132376670837406 7.5000000000000009 1.0000000180025095e-35 98.332870483398452 84.680576324462905 21.500000000000004 76.63120269775392 0.93750000000000011 81.375640869140639 10.500000000000002 1.0000000180025095e-35 0.31666667759418493 86.72955703735353 5.5000000000000009
decision_type=2 2 2 2 2 2 2 2 2 2 2 2 2 2 2 2 2 2 2 2 2 2 2 2 2 2 2 2 2 2 2 2 2 2 2 2 2 2 2 2 2 2 2 2 2 2 2 2 2 2 2 2 2 2 2 2 2 2 2 2 2 2
left_child=2 3 9 7 35 6 10 22 29 -1 31 12 13 -3 -15 34 -12 20 37 -20 32 -8 -2 25 33 -10 38 -23 -21 -9 49 54 -7 53 -14 -5 -29 -19 39 -27 41 42 61 45 -45 -42 47 -44 -11 51 -51 52 -28 -24 -4 56 -13 -48 -25 -50 -40 -36
right_child=1 11 5 4 -6 17 21 8 23 48 16 55 15 14 -16 -17 -18 18 19 28 -22 27 24 58 -26 26 30 36 -30 -31 -32 -33 -34 -35 40 -37 -38 -39 60 -41 43 -43 46 44 -46 -47 57 -49 59 50 -52 -53 -54 -55 -56 -57 -58 -59 -60 -61 -62 -63
leaf_value=-0.097267351854471495 -0.093346135045173029 -0.0068962432770216103 -0.046606402194848739 0.052006554222065765 0.10153344451523504 -0.0037820130048306123 -0.098004026868372507 0.02053833075766931 0.081552956465304222 -0.003408434978106255 -0.002017273499412922 -0.014469233015222288 -0.096912137438452575 0.025125811620771595 0.077123089456403462 0.099277214797561755 -0.055413232973934558 0.03557827585837605 -0.034222745253458753 0.067229615000367893 0.083902286295910886 -0.066650221704062221 0.034166136095911029 0.090399492227159026 0.1108456176801807 0.012899116153071426 0.063461915808412594 0.11614930344865082 0.0071000347452674839 -0.045765103161685576 0.089833066800953543 -0.074546408357795066 -0.072689004240445831 -0.00792224690888081 -0.014608404962663291 3.8862965139659139e-05 -0.031599118457577451 0.10914156165824525 -0.26910546931552659 0.061183432330952858 -0.0077376338660013495 0.068011308304712942 0.01954523545593467 -0.098728871133894863 0.16210171675662113 0.068578524440866637 -0.0030242982935555929 0.083612567926451012 -0.06438903177188901 0.050257445314770804 -0.25271321447191308 0.083352782526765645 -0.017919576428029705 -0.052799524090780363 0.042982358005881176 0.066503514080386114 -0.060044413877439598 -0.090388623302973758 -0.045945586309449983 0.22242131581030469 -0.014134303408366697 0.016791037153646569
leaf_weight=17588.402157882694 211.21143929287791 1788.2129084672779 465.89253804134205 1018.9843404777348 10852.579445654526 520.11129021644592 3692.984230870381 1073.3697635196149 2168.8071800880134 460.87752472469583 6935.0644739521667 4636.9122693389654 152.33204814372584 3397.3820388875902 1737.757388073951 328.61429128237069 1188.0742167737335 588.27819646382704 1646.9931109868921 727.28232142701745 207.48260934557766 812.60680837137625 2327.7270311536267 2630.1604490317404 237.3257919549942 1574.3808040730655 506.18731036037207 115.62992323329672 1442.2069558743387 582.5364771541208 1477.2632639408112 1476.8482950148173 919.95799169316888 2248.5790952006355 5665.1605126503855 1115.390343233943 145.80284481775016 457.34486319543794 18.006395746022463 1155.9098092019558 6065.609392461367 643.75180795695633 6567.7232335461304 471.03489238955081 54.635342457331717 371.84790937229991 1099.2216982934624 429.44531099498272 2050.9042634353973 268.07827918976545 66.061829268932343 1073.0509588420391 424.14002285897732 177.3573048170656 232.84216212527826 166.87870955467224 707.36465517804027 180.62471703253686 64.458714630454779 14.193688712082801 495.39581937715411 1429.3403144031763
leaf_count=3135133 11528 11188 34091 11608 318194 8022 577187 6378 41081 26438 206655 88565 10778 27979 34289 4661 72667 8703 26073 8265 3171 70979 17564 64041 2275 20784 8414 2626 12487 5192 33099 157425 63642 17244 53128 9175 5436 5545 256 19379 49961 4773 50014 4012 288 2644 11747 2715 180696 6254 506 24817 7007 4435 3642 968 17053 2537 964 84 6589 12197
internal_value=-0.00262793 0.031637 -0.0582385 0.0611822 0.0889306 -0.0271932 -0.0404154 0.0419934 0.0537417 -0.0915388 -0.0195776 0.00548871 0.00972524 0.0299062 0.042722 0.0037694 -0.00982686 0.00340811 0.0151406 0.0007258 -0.0312158 -0.0854337 0.0113302 0.0615933 0.01576 0.0541336 0.0457086 -0.042212 0.0272574 -0.00278676 0.0638176 -0.0559846 -0.0478018 0.0110128 0.00241254 0.0248491 0.033749 0.0677541 0.0244114 0.033341 0.00307099 0.00809524 0.00558599 -0.00848483 -0.0716195 -0.00332937 0.017473 0.0234773 -0.0516512 0.0473764 -0.00964197 0.0568864 0.0263598 0.0280091 -0.0167524 -0.017867 -0.0205015 -0.015354 0.0871379 -0.0624177 -0.0230768 -0.00828231
internal_weight=109351 67660.8 41689.8 31767 12987 21575.4 15065.7 18780 13577.8 20114.4 10298.7 35893.8 30382.7 6923.35 5135.14 23459.3 8123.14 6509.66 4862.11 3816.48 1647.55 4767.02 5202.2 11921.9 4990.99 9227.28 7058.47 1074.04 2169.49 1655.91 3814.78 2175.58 1440.07 4753.66 23130.7 2134.37 261.433 1045.62 3243.69 2730.29 22978.4 16015.3 15371.5 6963.13 525.67 6437.46 8277.01 6997.17 2525.98 2337.52 334.14 2003.38 930.327 2505.08 698.735 5511.16 5344.28 1279.85 2694.62 2065.1 513.402 7094.5
internal_count=5635248 1026281 4608967 636784 338977 1266616 1130708 297807 244761 3342351 474480 389497 282911 73456 62268 209455 279322 135908 61073 46825 74835 656228 53046 233191 41518 168186 127105 79041 20752 11570 80097 195158 71664 39243 204794 20783 8062 14248 47008 40163 194016 137111 132338 56905 4300 52605 67013 52729 207218 46998 6760 40238 15421 21999 37733 106586 105618 14284 65005 180780 6845 65325
is_linear=0
shrinkage=0.1


Tree=33
num_leaves=63
num_cat=0
split_feature=12 26 19 19 14 25 19 19 7 3 14 6 17 14 26 28 19 10 9 7 21 7 19 8 7 21 12 21 7 18 19 21 25 2 3 24 19 26 0 24 14 14 25 12 21 10 7 1 9 24 10 9 9 7 7 18 14 12 25 30 8 9
split_gain=13704.5 7786.79 2825.83 2002.68 1294.25 1293.2 1093.48 1036.84 656.649 488.491 464.277 453.846 452.839 439.952 398.663 388.664 376.337 365.503 346.312 341.891 270.137 245.538 232.748 231.687 228.039 197.792 192.013 187.885 187.266 184.646 183.478 210.835 206.75 197.719 183.285 263.116 211.993 180.167 179.351 170.944 168.002 237.647 167.398 161.193 159.648 154.611 329.258 141.415 136.453 132.626 130.108 161.105 128.467 126.081 124.817 122.165 143.674 191.287 132.534 119.832 119.368 118.619
threshold=53.001201629638679 0.88194444775581371 95.67297744750978 72.42737197875978 0.61250001192092907 2.5000000000000004 48.397369384765632 99.052112579345717 1.0000000180025095e-35 19.500000000000004 0.93750000000000011 1.0000000180025095e-35 8.5000000000000018 0.44949495792388922 0.44949495792388922 1.0000000180025095e-35 78.283874511718764 63.702239990234382 26.158231735229496 1.0000000180025095e-35 0.81534090638160717 12.500000000000002 95.093433380126967 4.5000000000000009 1.0000000180025095e-35 0.84807693958282482 43.951219558715827 0.98275861144065868 1.5000000000000002 97.446762084960952 97.969490051269545 0.57417583465576183 9.5000000000000018 0.72155243158340465 13.500000000000002 9.5000000000000018 95.531894683837905 -1.0000000180025095e-35 0.80898490548133861 7.5000000000000009 1.0000000180025095e-35 0.41428571939468389 8.5000000000000018 78.830558776855483 0.17752101272344592 91.476997375488295 1.0000000180025095e-35 4.5000000000000009 81.120250701904311 6.5000000000000009 85.270011901855483 73.20508193969728 24.048192977905277 1.0000000180025095e-35 1.0000000180025095e-35 94.55163955688478 0.27922078967094427 79.118217468261733 7.5000000000000009 1.0000000180025095e-35 1.5000000000000002 34.724637985229499
decision_type=2 2 2 2 2 2 2 2 2 2 2 2 2 2 2 2 2 2 2 2 2 2 2 2 2 2 2 2 2 2 2 2 2 2 2 2 2 2 2 2 2 2 2 2 2 2 2 2 2 2 2 2 2 2 2 2 2 2 2 2 2 2
left_child=2 3 14 5 19 9 -7 12 18 13 25 53 15 48 -1 22 -16 -8 -4 38 30 -13 -5 28 42 54 -20 29 45 -27 31 32 34 -33 35 36 37 -17 40 44 43 55 52 49 -19 46 -15 -36 -2 -3 51 -43 -18 -11 -9 -42 57 58 -57 -39 -35 -14
right_child=1 4 8 7 -6 6 17 10 -10 11 -12 21 61 23 16 20 24 39 26 -21 -22 -23 -24 -25 -26 27 -28 -29 -30 -31 -32 33 -34 60 47 -37 -38 59 -40 -41 41 50 -44 -45 -46 -47 -48 -49 -50 -51 -52 -53 -54 -55 -56 56 -58 -59 -60 -61 -62 -63
leaf_value=-0.096818001174146281 -0.068911559674921519 0.002058097672552368 0.027222153690196815 0.056904450779979632 0.099361791267110963 -0.095792386455500853 -0.064386605350376297 0.052754014949277554 -0.10017208398244185 -0.042290281452976634 0.083939449884645773 0.031038374976982822 -0.078289359942715464 0.05191648979778285 -0.088360179600842803 0.084290700614283898 0.10641573583874053 -0.084001653054753378 -0.042993176989613191 -0.059455145839749958 -0.045855782085965219 -0.025292412945316142 0.0095367335310128469 -0.0013540688279400082 -0.099593872338393383 0.010442825296118395 0.0053972520011114807 0.083380771771488962 0.00039542336277642104 -0.070526522199714031 0.040685380129949933 -0.015332150942099627 -0.057556942406140427 -0.017349241442076151 0.041201228935618707 0.070767668267217088 0.10204563131591393 0.0056273966798341679 0.078947559021475822 0.056453303351108965 0.030382978361570848 0.070762025384873098 -0.049147187724553787 0.094328398910286868 0.0096873436060449809 0.087845956289469188 -0.08112259570230626 -0.068649640431029668 0.069354033899903966 0.066517431575376651 0.087509021140950174 -0.010300107521766529 0.0087760592380055416 -0.091383410927726061 -0.049925794228516264 -0.29158525439730987 0.0036938123910718276 0.0018529072946327414 -0.008554982478635972 0.045401308805831937 0.016074529423350907 -0.017829274542768721
leaf_weight=14634.667048313655 822.05382089409977 513.74152459949255 2417.4440251868218 2582.3184961662628 9550.112268765457 3928.9323830464855 903.39586688578129 2488.1438998915255 766.00702941650525 1033.1621016236022 2326.6273581665009 1086.0803062962368 347.80938221281394 1334.5947064328939 1472.3670927844942 342.53820563526824 198.27973465109244 227.25428156275302 1929.0416167401709 292.98776394315064 986.85986596019939 2691.1528169480152 1733.8318738653325 3269.4869344071485 239.51400134013966 1511.394109047018 1426.2765968213789 278.87941168155521 1024.5748395752162 346.14621995948255 1560.7008540746756 6579.7590977735817 366.86844356451184 1344.5703098759986 165.9528889125213 998.96770581835881 279.08635063935071 6681.5746051603928 1758.2917894166894 613.86549506196752 1786.9768741447479 556.0116533190012 318.6840812060982 1047.5081242304295 910.93734557880089 784.68116397922859 216.15751039329916 398.82200249191374 78.163055945653468 842.91458366299048 899.07261712290347 438.55075359530747 420.59388712933287 1059.6830771872774 124.30098754260689 56.69905585469678 912.70042415335774 93.015587583184242 23.361781002953649 854.34439561516047 5204.1451473110355 4842.0924155730754
leaf_count=2784866 72151 7750 46511 32546 313218 607703 95026 30992 115398 46581 58010 8723 31000 12626 231842 5879 6627 26357 64305 8434 7092 140144 16664 35263 39786 12845 30943 5265 11973 2067 13637 64262 11157 13218 2535 11332 1601 60359 38112 11468 25455 11019 23485 24935 15784 10427 11680 17758 1252 11816 20572 8154 21982 118659 3035 529 13905 1385 298 9424 37831 109595
internal_value=-0.00248999 0.0170973 -0.0691724 9.25592e-05 0.0735595 -0.0260001 -0.0622896 0.0124065 -0.0131771 -0.00816823 0.0473428 -0.0297927 0.00539795 0.00869 -0.090356 0.0101045 -0.0546621 -0.0127199 -0.00163347 0.0468386 0.00545204 -0.00909544 0.0378765 0.0175973 -0.0125101 0.0294129 -0.0224234 0.00684506 0.0360381 -0.00464553 0.00749558 0.00526445 0.0161355 -0.00308908 0.0189166 0.0223268 0.0163947 0.0133606 0.0503265 0.0139205 0.0433084 0.0324374 0.0097368 0.0648606 -0.00901884 0.0516749 0.0333723 -0.0363712 -0.0569064 0.0421078 0.0599399 0.0350178 0.0400586 -0.0671479 0.0478685 0.0143085 -0.0121469 -0.095681 -0.208997 0.0101366 0.00921202 -0.0218811
internal_weight=104925 81101.9 23822.9 62329.9 18771.9 19984.2 6584.39 42345.7 6538.77 13399.8 7075.49 5870.08 35270.2 7529.71 17284.1 30080.3 2649.44 2655.45 5772.76 9221.83 25764.2 3777.23 4316.15 6629.5 1177.07 4748.86 3355.32 2136.42 3360.01 1857.54 24777.3 23216.6 10088.2 13128.5 9721.29 9156.51 8157.54 7878.46 8928.84 1752.06 7170.55 4766.39 937.558 2404.16 1138.19 2335.43 1550.75 564.775 900.217 1356.66 1893.64 994.562 618.874 2092.85 2612.44 2872.75 1085.78 173.076 80.0608 7535.92 6548.72 5189.9
internal_count=5635248 2269503 3365745 1783921 485582 1225817 756338 558104 257157 469479 112214 314107 445890 155372 3108588 305295 323722 148635 141759 172364 256085 148867 49210 81969 91880 54204 95248 20177 46706 14912 248993 235356 120045 115311 108888 88595 77263 75662 163930 53609 125818 81317 52094 44501 42141 34733 24306 20293 73403 19566 39745 19173 28609 165240 34027 41572 16117 2212 827 69783 51049 140595
is_linear=0
shrinkage=0.1


Tree=34
num_leaves=63
num_cat=0
split_feature=4 29 12 13 21 29 19 12 19 19 3 13 7 11 21 7 7 12 26 19 25 30 19 25 26 7 7 6 21 19 7 8 29 12 3 3 25 18 30 21 21 19 19 0 26 17 10 9 19 3 21 12 21 30 3 19 17 19 17 26 25 11
split_gain=15655.1 4193.35 3970.29 1634.55 1014.36 665.819 1077.35 507.27 513.653 481.139 427.249 351.641 524.285 297.31 282.892 282.34 263.275 259.544 236.628 226.942 226.917 325.833 268.686 216.789 288.821 216.214 212.337 353.309 206.361 193.39 190.973 185.63 175.622 173.998 152.393 151.276 148.145 133.304 178.547 132.102 129.373 193.049 128.566 127.974 122.043 121.161 193.213 119.744 118.778 130.091 138.103 117.774 120.079 115.789 115.047 114.611 106.812 105.234 101.62 101.466 102.83 101.221
threshold=1.0000000180025095e-35 1.0000000180025095e-35 55.646631240844734 98.07621002197267 0.12701612710952762 1.0000000180025095e-35 55.705244064331062 60.158729553222663 57.790622711181648 96.437637329101577 7.5000000000000009 97.70084381103517 1.0000000180025095e-35 98.07621002197267 1.0000000180025095e-35 1.5000000000000002 3.5000000000000004 68.801231384277358 0.10555555671453477 99.760765075683608 10.500000000000002 1.0000000180025095e-35 98.514816284179702 7.5000000000000009 0.88194444775581371 1.0000000180025095e-35 1.0000000180025095e-35 1.0000000180025095e-35 0.70710784196853649 64.01581192016603 1.0000000180025095e-35 3.5000000000000004 1.5000000000000002 61.651582717895515 74.500000000000014 3.5000000000000004 9.5000000000000018 48.900966644287116 1.0000000180025095e-35 0.82480818033218395 0.77097901701927196 97.68778228759767 96.884704589843764 0.84885936975479137 0.4083333313465119 5.5000000000000009 81.375640869140639 26.158231735229496 98.092205047607436 5.5000000000000009 0.62731480598449718 48.834688186645515 0.57417583465576183 1.0000000180025095e-35 32.500000000000007 82.985958099365249 5.5000000000000009 90.017181396484389 7.5000000000000009 0.38750000298023229 6.5000000000000009 54.085849761962898
decision_type=2 2 2 2 2 2 2 2 2 2 2 2 2 2 2 2 2 2 2 2 2 2 2 2 2 2 2 2 2 2 2 2 2 2 2 2 2 2 2 2 2 2 2 2 2 2 2 2 2 2 2 2 2 2 2 2 2 2 2 2 2 2
left_child=2 3 9 7 15 10 -7 29 30 -1 26 12 -12 43 -3 -5 54 59 33 23 22 32 28 -15 56 47 -4 -28 37 -2 31 -9 39 55 -18 -31 48 38 -20 -22 41 45 -39 44 -10 -35 -47 -11 49 50 58 -49 53 -53 -13 -16 -25 -51 -19 -8 -61 -46
right_child=1 14 5 4 -6 6 17 8 13 25 11 16 -14 19 18 -17 34 36 20 -21 21 -23 -24 24 -26 -27 27 -29 -30 35 -32 -33 -34 40 -36 -37 -38 42 -40 -41 -42 -43 -44 -45 61 46 -48 51 -50 57 -52 52 -54 -55 -56 -57 -58 -59 -60 60 -62 -63
leaf_value=-0.096486016089578519 -0.090909403752802265 -0.10260083067235259 0.034328287991701067 0.072282322330517845 0.10068169496799705 -0.096488751733211642 -0.073190128847557503 0.033165172448457458 0.075859549906928198 0.0027846813360988985 -0.014043801205696906 0.02904940508427702 -0.086588885803768167 0.071349870620721359 -0.089399128218490484 -0.0062367396274944633 -0.0082882673658912758 0.050482540492594791 0.087990103414378476 0.097648251810565911 0.034138381224069175 -0.076201779969217148 0.060485076958328415 0.037827409861978079 0.044561660710114408 -0.10027371496349012 -0.08444982885985898 0.018437931884998173 -0.0081962106027833898 0.036331540045628739 -0.11231875757241648 -0.037951594447579645 -0.051594408457011888 0.0044892362845704312 -0.062826098143860865 0.00038840861016907263 -0.062370405939799783 0.016988812725138604 -0.034135468446036724 -0.0056722720138359592 -0.024743161049634383 0.040861493782769244 0.090031019141347132 0.083844424790988137 0.06975130563831948 0.0020357141239690521 -0.049682944105547064 -0.066688995970580714 0.081526687425687985 -0.06098429140980182 -0.026779637867219555 0.037331050031901902 -0.0099882046872037181 0.48367826055758495 0.13449112868806087 -0.019423047604427247 -0.20436280454590583 0.006170278467333065 -0.023457254520501486 0.19429553347977704 -0.023888355422821819 0.030097428306547963
leaf_weight=14576.261049308814 180.79371464112774 244.59452303219587 2483.9314516833983 712.87400431185961 8996.0355796739459 2841.3299671732821 875.85433382727206 1022.3013938739896 846.42418482527137 680.27131771435961 2356.5647096270695 832.52609590161592 1725.752380176913 738.63243645243347 333.95776625582948 1280.6500789169222 3520.5231193229556 923.44341182941571 615.04423874011263 2376.0610657185316 1625.1449209805578 557.42459793761373 1567.4003368392587 22.803922295570374 198.66266933083534 584.32520919665694 477.24335290631279 1110.0696823466569 2604.3338599232957 1918.830055677332 144.77651991136372 572.61799928266555 469.62767848465592 12173.811810446903 599.61923285527155 3004.2827750630677 366.33778615575284 5955.6388022936881 148.64452486298978 1711.1017679069191 1853.2661331389099 1252.5487830843776 251.14009491913021 755.9617575109005 738.56124209985137 1885.2054364234209 1171.0407455358654 872.46911460533738 190.2985427044332 506.99549717735499 512.1252543758601 13.472484693396837 175.07022132910788 10.221461205277592 118.16603026213124 782.47086681239307 90.391497652977705 432.33057575859129 232.71839061984792 27.099183753598481 106.46848305128515 5013.0046639703214
leaf_count=3135133 11528 15360 42075 11410 314944 557847 87655 5976 12265 31353 84215 7726 201059 17585 25278 8990 127798 14317 6569 77396 14033 5454 21109 400 6396 104940 34435 15791 26107 17955 1335 5036 5073 73948 39696 23810 8591 57746 2444 13788 14162 11258 2007 17107 10817 41548 28795 62278 1261 20766 4698 825 7396 426 1437 24818 713 5184 9072 538 2455 93121
internal_value=-0.00236422 0.02768 -0.0539719 0.0561125 0.0863799 -0.024089 -0.0489921 0.0372391 0.0480712 -0.089734 -0.0108789 -0.0228665 -0.0447114 0.0562079 0.00456911 0.0218413 -0.00528002 -0.0166575 0.00531896 0.0805364 0.0145341 -0.0047975 0.0221044 0.0418319 -0.0280811 -0.0475994 0.0160721 -0.0124964 0.0158215 0.0106673 -0.00234988 0.00763238 0.00566068 -0.0020265 -0.0162254 0.0143976 -0.00257283 0.0247951 0.0642196 0.0137202 0.000307237 0.00312385 0.0199443 0.044872 0.0404068 2.02301e-05 -0.017781 -0.0300265 0.00525662 -0.000309423 0.0164506 -0.0508628 0.018606 0.229883 0.0421553 -0.040355 -0.155572 -0.030076 0.0355995 -0.0608091 0.0203784 0.0351894
internal_weight=100968 63816.1 37151.5 28613.7 10989.6 20239.4 7015 17624.1 12520.2 16912.1 13224.4 9153.15 4082.32 10780.5 35202.4 1993.52 5070.83 4173.67 34957.8 3426.55 15505.5 4363.3 11142.2 1050.49 311.858 2335.83 4071.24 1587.31 9574.8 5103.91 1739.7 1594.92 3805.87 19452.3 4120.14 4923.11 3164.25 6970.47 763.689 3336.25 18335.9 16482.6 6206.78 7353.95 6597.99 15230.1 3056.25 1751.5 2797.91 2607.61 1668.29 1071.23 198.764 23.6939 950.692 1116.43 113.195 939.326 1156.16 1009.42 133.568 5751.57
internal_count=5635248 1026281 4608967 636784 335344 1266616 712384 301440 248147 3342351 554232 461931 285274 235800 389497 20400 176657 154537 374137 102490 154330 38348 115982 25094 7509 207218 92301 50226 94873 53293 12347 11012 32894 219807 167494 41765 63889 68766 9013 27821 169711 155549 59753 133310 116203 144291 70343 102278 55298 54037 28087 70925 8647 1251 9163 50096 1113 25950 23389 90648 2993 103938
is_linear=0
shrinkage=0.1


Tree=35
num_leaves=63
num_cat=0
split_feature=4 12 29 14 19 29 19 19 12 19 7 6 7 12 7 17 28 27 10 7 0 14 14 14 14 17 10 17 19 17 7 7 14 14 9 7 29 30 27 29 24 19 14 11 12 8 8 10 11 24 12 5 10 0 24 12 10 28 10 14 10 18
split_gain=13408.9 3802.68 3708.75 1550.88 1052.66 589.919 1029.81 496.194 466.983 448.673 333.073 1039.23 249.527 231.182 224.272 220.239 241.393 245.164 292.705 213.926 211.975 199.587 198.84 229.196 179.593 185.803 169.993 167.117 166.338 159.727 156.843 156.736 135.385 186.316 180.277 131.612 128.131 135.634 287.327 173.732 167.525 304.733 194.299 148.636 133.566 124.533 122.914 122.136 119.172 156.443 152.704 139.207 119.235 116.246 113.161 112.967 109.14 106.377 105.558 104.256 102.733 130.596
threshold=1.0000000180025095e-35 55.646631240844734 1.0000000180025095e-35 0.81666666269302379 50.920385360717781 1.0000000180025095e-35 53.717523574829109 96.168525695800795 61.651582717895515 57.790622711181648 1.0000000180025095e-35 1.0000000180025095e-35 3.5000000000000004 68.457099914550795 1.5000000000000002 8.5000000000000018 1.0000000180025095e-35 1.0000000180025095e-35 85.270011901855483 1.0000000180025095e-35 0.82171362638473522 0.31666667759418493 0.15476191043853763 0.41428571939468389 0.095454547554254546 4.5000000000000009 86.319076538085952 5.5000000000000009 68.013607025146499 2.5000000000000004 1.0000000180025095e-35 1.0000000180025095e-35 1.0000000180025095e-35 0.31666667759418493 38.924964904785163 61.500000000000007 2.5000000000000004 1.0000000180025095e-35 1.5000000000000002 1.5000000000000002 7.5000000000000009 97.448913574218764 0.31666667759418493 98.213714599609389 75.93103408813478 3.5000000000000004 7.5000000000000009 93.788581848144545 20.601238250732425 7.5000000000000009 42.206478118896491 1.0000000180025095e-35 30.860805511474613 0.79655864834785473 7.5000000000000009 88.067794799804702 26.158231735229496 1.0000000180025095e-35 66.287876129150405 0.18333333730697635 74.322341918945327 90.338954925537124
decision_type=2 2 2 2 2 2 2 2 2 2 2 2 2 2 2 2 2 2 2 2 2 2 2 2 2 2 2 2 2 2 2 2 2 2 2 2 2 2 2 2 2 2 2 2 2 2 2 2 2 2 2 2 2 2 2 2 2 2 2 2 2 2
left_child=1 7 3 8 14 10 -7 -1 21 30 29 -12 -13 58 46 16 17 59 -19 56 22 28 -11 47 55 -26 -25 -20 -2 -3 45 48 34 -34 -31 -14 37 40 39 54 41 -18 44 -44 -42 -10 -5 60 -30 52 51 -51 -50 -45 -39 -15 -9 -22 -8 -4 61 -24
right_child=2 5 15 4 -6 6 13 19 9 20 11 12 35 24 -16 -17 36 18 27 -21 57 -23 23 26 25 -27 -28 -29 31 32 -32 -33 33 -35 -36 -37 -38 38 -40 -41 42 -43 43 53 -46 -47 -48 -49 49 50 -52 -53 -54 -55 -56 -57 -58 -59 -60 -61 -62 -63
leaf_value=-0.096144064577623506 -0.08540988034104488 0.039708125457150668 0.040932269365433538 0.071189992690311565 0.10003109788800452 -0.096770745515018797 -0.066412693873214204 0.0012226812913029455 0.027422468276581891 0.075597397177743164 -0.084303459465794553 0.031229857404319095 -0.0069830411897902527 0.022710126986032433 -0.0056782550976323025 -0.014629092729575119 -0.0039714813518715673 0.013316150839023468 0.068154645624308188 -0.10018843736065215 0.085528675734672002 0.095510600911161217 0.033103780400557975 0.038373960104131598 0.0045741788858547159 -0.052143407936213186 0.085662881971912047 -0.08154279655166706 0.043770843414167988 -0.044483519869932819 -0.1082371816380639 -0.11096789305791477 -0.072737681756709527 -0.0002457315031521867 0.061368486450725568 -0.055525626375155658 -0.06298509303164336 0.022229202478313451 -0.086418084212989618 0.13272258713894039 0.03331220854373864 0.045866151982484601 -0.016174605890261689 0.034198401489222895 0.11096867730304825 -0.033621158516047238 -0.11037941482351005 -0.044215752630417757 0.008398908699750884 -0.060463323652996684 0.053514401446716986 0.030479370705541037 -0.039443103469480149 -0.008445577189052339 -0.048107078046122048 0.13092102875626396 -0.049628529699146252 -0.046674729694430553 0.095422338561288844 -0.020006272237373366 0.045260777456968382 -0.027399590878178944
leaf_weight=13194.086997863371 194.2348835808225 1361.602728636004 351.90900725126266 748.71312410384417 8214.9205701425672 2536.705297273118 905.20728843938559 722.00997010758147 947.02634471468627 1778.024602945894 2034.7802876373753 1665.868917140644 3767.577687736135 328.63444894831628 1278.4897629190236 5309.6079815095291 14344.31596069457 2586.0635766442865 2127.6912621818483 547.42792999045923 2062.6354617029428 258.02822793181986 799.71517515555024 2031.2501112930477 1890.1635180125013 831.74798581842333 1214.7951131761074 77.283303789794445 929.83663852605969 216.28459170414135 131.23668926488608 106.44432775862515 420.91981074819341 2248.3452240210027 628.26322113210335 655.7466179812327 293.24789743404835 533.35006219893694 510.99226257484406 96.924586756154895 613.04555136105046 1341.640622580424 1339.0989877665415 2488.478945706971 346.76473068352789 516.44926754478365 39.237287741154432 288.07504157349467 1095.7948401384056 295.56672815326601 929.36780869960785 390.94932119362056 993.00215260032564 860.20584345422685 400.50317302858457 136.56345010735095 1015.9840234071016 62.71514555811882 42.181945347227156 1388.3636246714741 1251.3256444763392 644.08204424381256
leaf_count=3125304 12730 26031 2978 11846 317873 550651 91062 32930 5478 40644 235507 19100 127830 9216 8990 106586 134443 19909 42012 109223 63664 2979 10952 46826 30433 28523 33068 631 6250 5945 1301 2573 14046 73094 8010 44669 5447 3820 3928 598 10715 12751 10271 16667 2293 4698 268 3657 8050 2681 7869 3241 8296 5244 3278 1792 74894 959 707 7926 22546 9345
internal_value=-0.00224368 -0.051615 0.0256516 0.0533512 0.0839828 -0.0224373 -0.0466112 -0.0886926 0.0347386 0.0457937 -0.0100314 -0.0224316 -0.0017564 -0.015836 0.0201846 0.00412949 0.00748306 0.0244629 0.0361397 -0.0456743 0.0535534 0.009774 0.0461017 0.0376827 -0.00294369 -0.0127573 0.0560713 0.0629078 0.00529141 0.0106313 -0.00351067 0.0090074 -0.000635992 -0.0116771 0.0342603 -0.0141794 0.00269637 0.00353837 -0.0251049 0.00529017 0.00560841 0.000291197 0.0203767 0.0119838 0.0613683 0.00588064 0.0621484 0.0176738 0.011763 0.00372931 0.0270932 -0.00867432 -0.0143449 0.0232441 -0.00793603 0.0544765 -0.0285036 0.0816276 -0.0592071 -0.00768359 0.0242891 0.00611305
internal_weight=97361.5 35150.1 62211.4 27201.9 10281.4 19670.6 6671.2 15479.5 16920.6 11727.3 12999.4 8123.97 6089.19 4134.5 2066.44 35009.5 29699.9 6531.31 4791.04 2285.42 10132.6 5193.22 8007.27 6229.24 3187.11 2721.91 3246.05 2204.97 4935.2 4875.42 1594.71 4740.96 3513.81 2669.27 844.548 4423.32 23168.6 22875.3 1541.77 1030.78 21333.6 15686 5647.59 4687.78 959.81 1463.48 787.95 2983.2 4634.52 3704.68 1615.88 686.516 2088.8 3348.68 933.853 465.198 1737.99 2125.35 947.389 1740.27 2695.12 1443.8
internal_count=5635248 4608967 1026281 636784 338977 1266616 712384 3342351 297807 243138 554232 427106 191599 161733 21104 389497 282911 73456 62552 217047 231661 54669 167038 126394 69964 58956 79894 42643 51690 127126 11477 38960 101095 87140 13955 172499 209455 204008 11624 7696 192384 147194 45190 32182 13008 10176 12114 46500 36387 30137 13791 5922 16346 21911 7098 11008 107824 64623 91769 10904 42843 20297
is_linear=0
shrinkage=0.1


Tree=36
num_leaves=63
num_cat=0
split_feature=4 12 29 13 21 29 19 19 12 21 7 9 12 21 7 0 7 7 14 28 14 20 26 0 14 14 19 30 20 18 29 19 25 14 14 17 7 13 26 27 9 18 12 14 7 18 20 28 20 18 21 19 18 19 26 8 12 14 26 9 20 7
split_gain=11471.7 3628.25 3269.22 1540.47 997.519 556.783 946.438 472.445 401.458 402.219 295.314 957.254 254.945 249.187 225.363 218.047 215.118 191.132 186.43 179.727 330.542 319.96 193.986 191.581 166.455 190.247 159.893 157.055 314.072 304.409 261.507 228.454 157.023 156.616 146.972 160.197 143.93 143.866 139.482 136 152.312 134.655 149.143 134.044 131.013 129.791 359.844 207.011 164.266 357.582 330.372 153.676 142.839 132.039 123.523 123.234 119.463 121.08 111.798 111.299 108.715 107.989
threshold=1.0000000180025095e-35 53.907203674316413 1.0000000180025095e-35 98.07621002197267 0.1695402339100838 1.0000000180025095e-35 52.659875869750984 96.168525695800795 61.651582717895515 0.17752101272344592 1.0000000180025095e-35 99.295776367187514 68.457099914550795 1.0000000180025095e-35 1.5000000000000002 0.82171362638473522 2.5000000000000004 1.0000000180025095e-35 0.31666667759418493 1.0000000180025095e-35 0.93750000000000011 99.80237197875978 0.23611111193895343 0.89735862612724315 0.41428571939468389 0.18333333730697635 60.479471206665046 1.0000000180025095e-35 90.49356842041017 81.977397918701186 1.5000000000000002 98.598102569580092 5.5000000000000009 0.44949495792388922 0.095454547554254546 4.5000000000000009 1.0000000180025095e-35 98.07621002197267 0.4083333313465119 1.5000000000000002 30.0684928894043 58.353269577026374 83.795948028564467 0.31666667759418493 60.500000000000007 92.342185974121108 93.88999176025392 1.5000000000000002 95.67297744750978 96.636753082275405 0.58578431606292736 93.563182830810561 81.16794586181642 94.297328948974624 0.38750000298023229 3.5000000000000004 48.074073791503913 0.18333333730697635 0.31666667759418493 26.158231735229496 94.76178359985353 1.0000000180025095e-35
decision_type=2 2 2 2 2 2 2 2 2 2 2 2 2 2 2 2 2 2 2 2 2 2 2 2 2 2 2 2 2 2 2 2 2 2 2 2 2 2 2 2 2 2 2 2 2 2 2 2 2 2 2 2 2 2 2 2 2 2 2 2 2 2
left_child=1 7 3 8 14 10 -7 -1 18 36 26 -12 54 -4 -5 24 -13 59 32 20 23 27 -22 37 25 -11 43 30 29 -29 45 -32 39 41 61 -36 55 58 -31 40 -2 -28 -43 -3 -18 46 52 48 49 -47 -50 -48 56 -52 -8 -10 -21 -58 -15 -9 -34 -14
right_child=2 5 13 4 -6 6 12 17 9 15 11 16 34 19 -16 -17 44 -19 -20 21 22 -23 -24 -25 -26 -27 33 28 -30 38 31 -33 60 -35 35 -37 -38 -39 -40 -41 -42 42 -44 -45 -46 47 51 -49 50 -51 53 -53 -54 -55 -56 -57 57 -59 -60 -61 -62 -63
leaf_value=-0.096048716954119706 -0.001343349236438942 -0.077497251401199035 -0.10200778292370108 0.067063884003840585 0.099736584580863208 -0.096824400538618016 -0.073049603693494891 0.0021035478101750853 0.026791474971532642 0.061451889251626417 -0.082680495652422886 0.041213214664018477 0.064299266564423599 -0.015246836191670474 -0.0052343689687734118 0.079978619901135251 -0.0037737137732721466 -0.10006382290886032 0.091977875150708877 -0.058559054365734012 0.00011555584803566522 0.096013473394968102 0.071576880749416136 -0.062901027567412213 0.059166317183973777 0.015266615375193214 0.063149303344513893 -0.029712991072907081 -0.072916958877897495 0.11635122806250059 -0.032941636579609183 0.12857306554428127 0.041860404999244705 0.087166806623098697 0.0039868955671467357 -0.049133779122182301 -0.10543299685241479 0.11010091732397112 -0.046900890701691803 0.045446883508015901 -0.061938865286656479 -0.018560322316965985 0.055881730557850368 0.0005846856273337527 -0.052014475105166907 -0.038405906030602205 0.08390554064173994 0.11430539717460951 0.15639854219414068 0.18617195742096349 0.064728089484541382 0.024403716743003141 -0.0086150375218372963 -0.0058445357220837544 0.028476515362946465 -0.031821373243411145 0.067776651829780973 0.012726980266045289 0.016344175175661346 -0.050630769267892207 0.0028040079529301435 -0.10314281022635369
leaf_weight=11787.266958185937 945.59860366256908 241.63745634490624 221.36585927382112 649.58048478700221 7432.4598780404776 2294.2687625796534 913.90774814132601 686.78037438588217 1016.8336576186121 1290.8833974003792 1919.0746661219746 982.29333913419396 422.28427704237401 1518.0135935489088 1282.1603361964226 2013.8172109909356 4415.7324789436534 484.87127390294336 258.16957482602447 220.6899560908787 513.41622786968946 345.22483577951789 1460.3151395823807 378.2538543343544 3474.7234145924449 2885.5432173963636 479.48986804718152 685.33829409489408 867.58896490279585 278.58222915790975 2672.5841829474084 90.540587589144707 1249.1250505610369 391.94218850601465 1905.7812616934534 808.57561955903657 124.86626214440912 141.56146911159158 64.442277853377163 297.19174196012318 738.99765253160149 996.34265615046024 368.73687980556861 2439.413559845183 645.23057572729886 2090.0911107501015 848.53648512251675 142.21271758712828 134.75865596905351 73.388790398836136 279.79028458241373 888.61013282742351 4776.1940706106834 5053.8392196912318 137.92210083291866 554.22737161628902 426.52686713263392 6315.2760249236599 4275.0236021811143 959.21855562366545 1659.5702471807599 42.382347902748734
leaf_count=3077468 13236 19525 15360 11775 314435 549909 121875 32912 6068 26243 243417 10678 7535 11363 9134 67094 134822 107761 3303 20680 3028 5042 34678 2380 95002 45681 6575 6461 9574 1995 38937 731 12509 4491 32305 29923 1331 2202 580 3460 11656 13345 5005 84102 46099 24559 8553 1081 816 420 3367 8676 45121 51806 4259 5028 6279 53009 32799 73418 10829 3543
internal_value=-0.00211879 -0.0492531 0.0237844 0.0506986 0.0830973 -0.0213078 -0.0451062 -0.0882152 0.032322 0.0428197 -0.00925121 -0.021151 -0.0170609 0.003752 0.0190771 0.0507015 -0.00161197 -0.0448828 0.00915807 0.00442979 0.0172694 0.000377241 0.052988 0.00610189 0.0429957 0.0295419 0.0100166 -0.000897066 -0.0286054 0.00877855 0.00129065 -0.0276492 0.00478599 0.0297593 -0.00294087 -0.0118371 -0.00209845 0.0104999 0.0856819 -0.0169223 -0.0279254 0.0175611 0.00154805 -0.00645267 -0.00992401 0.00505369 0.0109897 -0.00523589 -0.00746343 -0.0307879 0.00176451 0.0534683 0.00470346 -0.00214245 -0.0597369 0.00611446 0.0138398 0.0162098 0.00806603 -0.0286278 0.0195766 0.0490268
internal_weight=93959.1 33323.2 60635.9 25873.7 9364.2 19405 6525.12 13918.1 16509.5 11360.9 12879.9 7962.33 4230.85 34762.2 1931.74 9664.97 6043.26 2130.87 5148.65 34540.8 8286.58 26254.2 1973.73 6312.85 7651.15 4176.43 4917.56 25909 1895.95 1028.36 24013 2763.12 4890.48 2236.51 3179.02 2714.36 1695.93 5934.6 343.025 1981.79 1684.6 1844.57 1365.08 2681.05 5060.96 21249.9 13475.8 7774.08 7631.87 2163.48 5468.39 1737.15 11738.7 5333.63 1051.83 1571.06 6962.49 6741.8 5793.04 1646 2908.7 464.667
internal_count=5635248 4608967 1026281 636784 335344 1317408 749349 3291559 301440 246447 568059 435016 199440 389497 20909 234020 191599 214091 54993 374137 86450 287687 37706 48744 166926 71924 133043 282645 18610 9036 264035 39668 51690 29416 73306 62228 12427 46364 2575 28352 24892 24925 18350 103627 180921 224367 142318 82049 80968 24979 55989 17229 125089 55173 126134 11096 79968 59288 44162 106330 23338 11078
is_linear=0
shrinkage=0.1


Tree=37
num_leaves=63
num_cat=0
split_feature=4 12 29 13 21 29 19 19 12 21 11 19 19 11 13 21 25 28 11 26 14 0 28 14 25 14 10 0 18 19 0 14 11 30 26 29 19 29 21 13 14 12 17 1 17 25 30 26 10 13 25 30 12 17 14 1 12 12 11 21 26 18
split_gain=9799.43 3441.18 2863.13 1480.12 985.942 487.863 903.564 486.278 355.554 349.621 297.375 245.967 242.629 282.443 227.647 222.41 216.796 333.392 178.349 175.146 173.842 168.253 202.333 358.251 167.395 160.294 167.027 156.697 218.9 153.609 146.319 144.607 241.409 142.961 291.065 236.22 191.426 182.365 229.18 137.698 129.497 139.853 126.754 126.495 121.52 119.838 117.194 114.104 111.181 109.425 105.756 104.91 157.09 102.491 99.8548 281.465 233.726 120.929 110.599 109.093 194.415 160.739
threshold=1.0000000180025095e-35 53.907203674316413 1.0000000180025095e-35 98.07621002197267 0.1695402339100838 1.0000000180025095e-35 52.111026763916023 96.019802093505874 63.245613098144538 0.17519181966781619 98.07621002197267 99.760765075683608 68.863315582275405 90.054946899414077 56.33012771606446 1.0000000180025095e-35 7.5000000000000009 1.0000000180025095e-35 94.201679229736342 0.44949495792388922 0.31666667759418493 0.93393263220787059 1.0000000180025095e-35 0.84523808956146251 3.5000000000000004 0.18333333730697635 78.456192016601577 0.79655864834785473 99.783550262451186 64.01581192016603 0.3036793470382691 0.38750000298023229 90.645832061767592 1.0000000180025095e-35 0.4083333313465119 1.5000000000000002 98.598102569580092 1.5000000000000002 0.70710784196853649 98.07621002197267 0.095454547554254546 88.067794799804702 4.5000000000000009 1.5000000000000002 4.5000000000000009 6.5000000000000009 1.0000000180025095e-35 0.23611111193895343 26.158231735229496 79.80582427978517 8.5000000000000018 1.0000000180025095e-35 60.158729553222663 4.5000000000000009 1.0000000180025095e-35 7.5000000000000009 60.158729553222663 88.273490905761733 19.139194488525394 0.41885964572429663 0.10555555671453477 59.105201721191413
decision_type=2 2 2 2 2 2 2 2 2 2 2 2 2 2 2 2 2 2 2 2 2 2 2 2 2 2 2 2 2 2 2 2 2 2 2 2 2 2 2 2 2 2 2 2 2 2 2 2 2 2 2 2 2 2 2 2 2 2 2 2 2 2
left_child=1 7 3 8 -5 12 -7 -1 20 -10 25 16 13 -3 19 -4 -12 -18 30 -8 29 22 23 39 -15 -11 27 28 -27 -2 50 32 -28 35 37 54 -37 38 -35 43 41 53 -42 -17 -31 -21 -26 -25 -9 -32 51 -14 -53 -16 55 57 -57 58 -24 60 -56 -62
right_child=2 5 15 4 -6 6 14 48 9 10 11 -13 18 24 40 21 17 -19 -20 45 -22 -23 33 47 46 26 31 -29 -30 44 49 -33 -34 34 -36 36 -38 -39 -40 -41 42 -43 -44 -45 -46 -47 -48 -49 -50 -51 -52 52 -54 -55 59 56 -58 -59 -60 -61 61 -63
leaf_value=-0.095625842295916183 -0.092119303059911062 -0.053334244210749893 -0.10133930511273202 0.017571996674687018 0.099203456886550703 -0.096726669829218084 -0.06841309692701035 -0.014769157823075557 -0.0016256590390559906 0.065344454915416086 0.065302753631605134 0.095593410804144199 0.007178805236616465 -0.0047571314077484144 -0.032194474660737445 -0.016456023144007858 0.031654381505699915 -0.20407478173658389 0.065711658464472106 0.20436585275142322 0.080684229078432007 -0.071781670863994479 0.22260059189009312 0.015054719197538617 -0.091317626034442073 0.011197537037522918 0.061414562645347094 0.058905646752308631 -0.077028834366194981 -0.014752875784431902 -0.026848921686950761 0.069860966392503318 -0.021716631491873743 0.015894938102789646 -0.082873124093845951 -0.030159958876507149 0.12060723387198474 0.11055087306455753 -0.085836713590364933 0.10920539733218909 0.0039477094001061329 0.14578030588427454 -0.046419966537181861 0.014857197285180496 0.018817817757880835 -0.0023341706990015715 0.038604091337813479 0.073524050848638167 -0.06198166831024108 0.053108248708181698 -0.10527710160598919 0.28494917386656093 0.064393885142453616 0.097166635775594312 0.0069937101009706036 -0.075663880038896528 0.071386648374797676 0.13136050485283654 0.036484981112059389 0.0013723153757895679 0.12120683273194362 0.016326473723837855
leaf_weight=10696.751941524446 160.23581974394619 1667.1442992114462 201.55537798302248 1894.1881657186896 6759.4991713222116 2069.2258112658747 1019.4381613174919 847.07163710705936 1668.26874016691 1441.6871773470193 621.39203425869346 1905.9258589241654 317.43374932860024 7792.8181727533229 172.75401576492004 1872.6322576031089 196.55561430938542 86.356394989416003 606.52930971095338 35.915179788134992 316.07701180595905 290.38063085079193 33.044417089782655 448.5510508865118 371.49189477949403 1409.6885409280658 749.58425452932715 464.23412205092609 351.30519001558423 1633.2907993895933 1171.6422733657528 1208.5773204285651 654.18702932447195 807.32505798619241 610.79404501896352 2627.9385600206442 87.002553232014179 136.27874760236591 305.14384318608791 129.83206886798143 1923.5029385050293 114.36822322849184 674.96831654035486 4147.091167639941 3173.078154867515 128.06201551435515 85.387677291408181 1304.3071008380502 1213.1279941967223 200.44229330495 47.032661220757291 35.623533143894747 345.45086866617203 94.885479376185685 1611.9347885400057 363.66533938795328 153.79850174859166 182.84631913155317 945.99693422531709 17641.213951515965 325.08840887714177 265.44714553747326
leaf_count=3073165 11481 193283 15360 20909 314435 546810 134798 65356 12293 33830 17464 77232 9824 280446 3617 12143 6897 608 8119 827 4446 3089 985 2623 45489 21387 15263 11110 5358 14924 20565 32279 10232 7388 6349 38941 730 1103 3768 2207 33950 1112 23175 33606 26636 3312 1151 33096 153038 3460 1191 1359 3172 1748 14912 28341 1330 1294 14484 163981 2118 1649
internal_value=-0.00200448 -0.0469379 0.0220095 0.0480035 0.0813353 -0.0198212 -0.0427169 -0.0870575 0.0300212 0.0404542 0.0481775 0.0752149 -0.00853159 -0.0157928 -0.015877 0.00339938 0.0322649 -0.0402999 0.0179017 -0.0529839 0.00877514 0.00401502 0.00466237 0.0186813 -0.00820623 0.0360771 0.0273549 0.00722192 -0.00640297 0.00419882 0.004208 0.0445044 0.0226737 0.000417405 -0.0263037 0.00246745 -0.0253285 0.00136583 -0.0120095 0.00731377 -0.00114343 0.0532204 -0.00913559 0.00511619 0.00740989 0.0429384 -0.0670361 0.0585619 -0.0425698 -0.0151683 0.0398679 0.049641 0.0850118 0.0136676 0.00597367 0.0293875 -0.0319581 0.0567087 0.0427667 0.00399218 0.0249766 0.0740629
internal_weight=90817.1 31631.1 59186 24694.1 8653.69 18874.1 6233.12 12757 16040.4 10757.8 9089.49 2810.23 12641 9916.84 4163.89 34491.9 904.304 282.912 2724.15 1183.42 5282.68 34290.3 33999.9 7902.41 8249.7 6279.26 4837.58 2225.23 1760.99 4966.6 2117.63 2612.35 1403.77 26097.5 1859.54 24238 2714.94 1248.75 1112.47 6149.56 2980.48 382.008 2598.47 6019.72 4806.37 163.977 456.88 1752.86 2060.2 1372.08 745.541 698.508 381.074 267.639 21523 1679.35 517.464 1161.89 979.041 19843.7 2202.47 590.536
internal_count=5635248 4608967 1026281 636784 335344 1317408 749349 3291559 301440 243953 231660 102201 568059 520369 202539 389497 24969 7505 47690 138937 57487 374137 371048 83675 327086 129459 95629 37855 26745 53041 39571 57774 25495 287373 18608 268765 39671 12259 11156 47956 63602 6477 57125 45749 41560 4139 46640 35719 218394 24025 15546 14355 4531 5365 229094 46434 29671 16763 15469 182660 18679 3767
is_linear=0
shrinkage=0.1


Tree=38
num_leaves=63
num_cat=0
split_feature=4 12 26 11 1 26 29 26 21 10 25 29 21 28 25 13 7 11 21 13 8 1 28 18 20 13 7 13 25 10 26 7 6 12 5 20 8 20 21 21 30 29 20 18 9 20 18 25 29 10 0 21 7 9 27 21 8 11 7 10 29 30
split_gain=8343.4 3260.69 2542.97 1897.21 456.276 487.251 372.291 325.486 306.823 434.109 243.465 237.195 288.497 231.676 315.998 216.212 213.259 201.782 198.594 171.212 157.154 150.918 146.341 257.187 254.925 192.296 142.731 305.366 141.478 157.748 139.535 137.291 476.459 136.837 144.213 135.497 133.565 131.447 130.189 115.676 162.789 256.209 158.496 169.962 149.665 131.533 117.011 112.524 128.882 111.029 116.529 110.228 109.718 108.278 102.859 138.047 99.8178 99.2863 108.612 108.853 96.2662 95.4222
threshold=1.0000000180025095e-35 53.001201629638679 0.88194444775581371 98.213714599609389 8.5000000000000018 0.15476191043853763 1.0000000180025095e-35 0.44949495792388922 0.30602006614208227 86.319076538085952 8.5000000000000018 1.0000000180025095e-35 0.30901856720447546 1.0000000180025095e-35 7.5000000000000009 98.07621002197267 1.0000000180025095e-35 48.52813911437989 1.0000000180025095e-35 58.123168945312507 1.0000000180025095e-35 1.5000000000000002 1.0000000180025095e-35 97.067424774169936 99.80237197875978 86.526824951171889 1.0000000180025095e-35 97.498435974121108 7.5000000000000009 79.095325469970717 0.23611111193895343 1.0000000180025095e-35 1.0000000180025095e-35 48.074073791503913 1.0000000180025095e-35 99.180271148681655 9.5000000000000018 87.533782958984389 0.29520697891712194 0.70710784196853649 1.0000000180025095e-35 1.5000000000000002 97.22989654541017 97.23496246337892 38.924964904785163 84.870288848876967 89.591667175292983 6.5000000000000009 1.5000000000000002 25.176055908203129 0.48326757550239569 0.78019323945045482 1.5000000000000002 91.945945739746108 1.5000000000000002 0.43167701363563543 8.5000000000000018 84.889995574951186 1.5000000000000002 97.332859039306655 1.0000000180025095e-35 1.0000000180025095e-35
decision_type=2 2 2 2 2 2 2 2 2 2 2 2 2 2 2 2 2 2 2 2 2 2 2 2 2 2 2 2 2 2 2 2 2 2 2 2 2 2 2 2 2 2 2 2 2 2 2 2 2 2 2 2 2 2 2 2 2 2 2 2 2 2
left_child=1 7 6 15 31 11 8 51 36 13 -7 26 -13 -10 17 28 38 -15 -8 -14 21 -20 23 25 39 -22 -6 -28 29 35 -27 -3 -33 34 -30 54 57 -16 -9 42 -41 -42 43 44 -24 46 47 -46 -49 50 -40 -1 -34 -35 55 -4 -29 -2 59 -59 -54 -47
right_child=2 4 3 -5 5 10 18 16 9 -11 -12 12 19 14 37 -17 -18 -19 20 -21 22 -23 24 -25 -26 30 27 56 33 -31 -32 32 52 53 -36 -37 -38 -39 49 40 41 -43 -44 -45 45 61 -48 48 -50 -51 -52 -53 60 -55 -56 -57 -58 58 -60 -61 -62 -63
leaf_value=-0.096507754480505414 -0.024118650423819554 0.014477798958206004 -0.052854221480979541 0.096704471481743617 -0.009266801552465764 0.022963601981316036 -0.10065246169680196 -0.087861649916247231 0.071513455620173014 0.084444299607246115 -0.063130956451232997 -0.090739681465113867 -0.077383999080898214 -0.018338125680455546 -0.009848499953377915 0.1024241555267216 -0.10006478493706235 0.052244865301693102 -0.047470713444316248 -2.4054334522237514e-05 0.011015730315277597 0.0047310944992963871 -0.056060413130948075 -0.044331230391889097 0.092883562725387447 0.0068220851906617965 -0.093704679076241248 0.0016070528596685515 -0.038052512239440291 0.040410798315424018 0.061387818104771008 -0.074143984973312579 0.050995159830181186 0.065756762320352602 0.04247936187937678 -0.016522396742700625 -0.040016466764728163 -0.1512144410015821 0.081455345889843281 -0.0055920997788779792 -0.08391853305765952 0.14912791363846095 0.04968816257637107 0.077503701500436603 0.0030426612788960559 -0.0024556284839029243 0.17407153688721355 0.047003357944656293 -0.0013702475769493639 -0.043005038494839699 -0.017596092978934299 -0.029382089936734725 0.0013124699841489907 -0.013850306885058958 0.051690097543491353 0.019315347496732724 -0.051646054722369487 0.017656891256902327 -0.004519886819505302 0.068630073317866733 -0.051396858282470474 -0.048431260603272228
leaf_weight=8977.7626612293534 569.34069756185636 3118.7744751826394 321.57737676845863 6397.9277365189046 1791.8535516099073 1806.4461648878641 183.55723912268877 348.58345260610804 635.31257707672194 1708.0829854607582 401.45727371820249 1950.3859958450776 455.63191010872833 773.40689148334786 106.94754402898252 352.68329554982483 679.85661683045328 850.33907935302705 1139.6141426702961 768.83953844802454 4336.468756779097 1077.4125499520451 436.88453373964876 609.52365867607296 303.08745150826871 644.73499192297459 871.24116203188896 905.39040487306193 371.8071383908391 1643.2913615703583 1715.8673759959638 1006.1107802086044 408.76943132001907 1622.555716146715 553.24450183240697 1846.5175284622237 530.0914901830256 170.85329852811992 180.79374176706187 6883.6743926433846 501.08118246495724 52.077655985020101 764.05604577763006 301.05474210344255 4431.2791308956221 7981.1272986917756 45.118154993280768 1557.1663289503194 852.20967982057482 781.72144937538542 346.21373830339871 251.48434571619146 4127.7537098298781 190.96896840445697 700.53496479382738 1507.6327308434993 575.84642506204545 1139.3861744720489 1013.5118563752621 662.56302945688367 378.24793283664621 478.49866581149399
leaf_count=2800886 10844 87513 9378 327608 80217 44568 15360 99942 10019 66895 15459 505449 69158 9227 978 15430 196285 15447 13695 13598 32577 16611 37821 4768 4868 3665 159747 39974 2200 39059 39878 124964 4399 36107 3152 22043 8748 1182 23077 69068 6181 327 5959 2460 38370 73823 278 11551 7837 92954 12572 32230 103017 3904 9727 18641 44201 6925 5779 13538 58757 4353
internal_value=-0.00187742 -0.0445596 0.0203117 0.0549668 -0.018596 -0.0338661 0.00765202 -0.086237 0.0268498 0.0454719 0.00730925 -0.0462871 -0.0668548 0.0192315 0.00176396 0.0256572 -0.0529017 0.0186255 0.0030842 -0.0288101 0.00364243 -0.0221021 0.005432 0.0178579 0.00173941 0.0235179 -0.0305307 -0.0467271 0.0225658 0.0139931 0.0464847 -0.00250253 -0.0114468 0.0414092 0.0101111 0.00407324 0.00665783 -0.0967915 -0.0335546 0.000601852 -0.00978615 -0.0619782 0.00518736 0.0030733 0.0016535 0.00329662 0.0135585 0.0124999 0.0298933 -0.0190898 0.0163842 -0.0946787 0.00138807 0.0573739 0.0191065 0.00662785 -0.0190957 0.0139675 0.0216692 0.0363993 -0.00311212 -0.00505613
internal_weight=88096.2 30133.2 57963.1 15508.7 18566.7 9527.09 42454.3 11566.4 8159.84 4244.94 2207.9 7319.19 3174.86 2536.86 1901.55 9110.81 2337.17 1623.75 34294.5 1224.47 34110.9 2217.03 31893.9 7306.59 24587.3 6697.07 4144.33 2352.48 8758.13 6019.55 2360.6 9039.66 5920.88 2738.58 925.052 4376.26 3914.89 277.801 1657.31 24284.2 7436.83 553.159 16847.4 16083.3 15782.3 15345.4 6885.77 6840.66 2409.38 1308.73 527.007 9229.25 4914.77 1813.52 2529.75 1829.21 1481.24 3384.8 2815.46 1801.95 4506 8459.63
internal_count=5635248 4608967 1026281 487249 1351021 972371 539032 3257946 149582 103748 60027 912344 588205 36853 26834 159641 424830 24674 389450 82756 374090 30306 343784 80888 262896 76120 324139 243922 144211 98848 43543 378650 291137 45363 5352 59789 45834 2160 228545 258028 75576 6508 182452 176493 174033 136212 58036 57758 19388 128603 35649 2833116 166173 40011 37746 28019 84175 37086 26242 20463 161774 78176
is_linear=0
shrinkage=0.1


Tree=39
num_leaves=63
num_cat=0
split_feature=12 26 19 11 1 19 19 25 26 3 29 19 20 9 13 13 24 9 14 14 12 17 28 26 24 10 14 10 25 24 28 14 9 10 13 25 9 3 14 9 10 8 3 3 12 26 19 20 9 2 1 19 29 9 12 14 9 18 28 20 13 14
split_gain=5994.33 3677.64 2185.67 1484.66 862.333 612.593 582.819 524.8 423.751 414.792 315.551 306.985 274.955 253.238 236.294 224.63 206.197 204.846 197.25 382.136 309.266 263.695 227.883 195.235 212.156 193.856 187.661 185.748 176.638 292.263 193.668 165.212 162.633 206.521 157.183 145.449 134.432 133.5 130.138 126.005 115.982 132.208 130.275 114.118 100.133 98.3126 97.3867 98.8186 91.7404 91.1425 125.022 89.9933 85.9949 85.7833 120.335 82.4464 107.865 80.9687 107.89 143.297 80.8873 80.8852
threshold=52.73088455200196 0.88194444775581371 94.767265319824233 98.213714599609389 9.5000000000000018 52.659875869750984 98.706874847412124 2.5000000000000004 0.44949495792388922 6.5000000000000009 1.0000000180025095e-35 74.43152236938478 99.80237197875978 24.048192977905277 25.677655220031742 98.07621002197267 6.5000000000000009 28.743545532226566 1.0000000180025095e-35 0.44949495792388922 88.067794799804702 5.5000000000000009 1.0000000180025095e-35 -1.0000000180025095e-35 10.500000000000002 79.095325469970717 0.93750000000000011 83.75235748291017 9.5000000000000018 9.5000000000000018 1.0000000180025095e-35 0.44949495792388922 93.788581848144545 68.457099914550795 30.471628189086918 8.5000000000000018 43.792808532714851 3.5000000000000004 0.34848485887050634 90.595520019531264 68.13346099853517 7.5000000000000009 17.500000000000004 16.500000000000004 35.948717117309577 0.6904762089252473 97.68778228759767 98.006622314453139 69.631092071533217 0.74055027961730968 7.5000000000000009 90.017181396484389 1.0000000180025095e-35 32.049383163452156 48.074073791503913 0.38750000298023229 90.595520019531264 96.437637329101577 1.0000000180025095e-35 99.180271148681655 97.498435974121108 1.0000000180025095e-35
decision_type=2 2 2 2 2 2 2 2 2 2 2 2 2 2 2 2 2 2 2 2 2 2 2 2 2 2 2 2 2 2 2 2 2 2 2 2 2 2 2 2 2 2 2 2 2 2 2 2 2 2 2 2 2 2 2 2 2 2 2 2 2 2
left_child=2 4 8 15 6 7 12 40 -1 28 31 -10 18 49 -15 16 25 44 20 32 43 22 -21 -12 57 61 27 35 29 30 -7 -8 33 -20 -19 45 -32 -13 39 -35 -6 42 -42 -2 -16 46 47 -23 -24 50 -4 -11 -38 -36 -55 56 -27 -25 59 -59 -44 -3
right_child=1 3 13 -5 5 9 10 -9 11 51 23 37 -14 14 17 -17 -18 34 19 21 -22 26 48 24 -26 55 -28 -29 -30 -31 36 -33 -34 38 53 -37 52 -39 -40 -41 41 -43 60 -45 -46 -47 -48 -49 -50 -51 -52 -53 -54 54 -56 -57 -58 58 -60 -61 -62 -63
leaf_value=-0.094383358644511015 0.019994309011233592 0.01388998237094588 0.066836893669293337 0.09511364994843699 -0.061569531202173761 0.065868896768628768 0.032210309823436797 -0.091257343266287483 -0.086903768170839391 -0.075031549268655878 -0.021261240177894238 0.032953299895297751 0.082280836032413124 -0.093531726771565182 -0.01487843705226383 0.10267879211344562 0.042220064826820974 -0.082374737686398386 -0.041247740077667933 0.041878188757788107 0.11064623794857656 -0.0044696675367225051 0.048094425848615632 0.066181070050353161 -0.002081370732041361 0.048810950549410523 0.05035139690015919 -0.051038390533504063 -0.060395859973372691 0.075909961553711727 -0.075260234107694973 0.088409465991086969 -0.099748721052140332 0.03081722112296675 0.021862636261390195 -0.040465926796888492 0.045464903176159394 -0.039408427319735838 -0.064177825156151697 -0.040719700438617612 0.024718578621849521 -0.047334828238003661 -0.057297625755027497 -0.071054905206612645 0.053807665934345043 -0.16031367533636187 0.067924270920996607 0.12690474278748071 0.0042378034929290735 -0.0015808375169688834 -0.0059274667340495982 -0.020464932948212621 -0.0037149101545504515 -0.04540861167780947 0.0087511700622763828 0.060007748113388548 -0.029972100934794188 -0.43640877296993408 0.05826296114356877 -0.031616309559556292 0.0012000201641932965 -0.026747886831034542
leaf_weight=8325.3379709010478 1765.3546336262953 760.6554008750245 657.4780011754483 6069.326487747021 730.70269508217461 459.40863223210908 870.68349242676049 1886.1629292487632 821.59334129025228 784.68172593321651 944.33637063018978 488.66550799901597 421.36085894214921 430.68223762954585 351.6293474661652 374.75805249065161 3028.1257855256554 455.08934916811995 2501.851428022841 1825.5694871146698 389.49736379808746 3339.9376330026425 487.31591148721054 1274.700273769442 1102.7139135354664 365.52058104611933 416.92919170088135 1397.9927109458949 336.04547988157719 669.08893290651031 240.60158720659092 1310.3192304316908 295.61742691020481 1135.1169790285639 436.35387256625108 1160.012020166032 402.92519762855954 533.08420097315684 240.15395961515605 314.42436964833178 942.69157010223716 949.33966106059961 468.99249667325057 149.30011751758866 535.44659493071958 37.768219150602818 210.1889947168529 58.254123259335756 22464.86917224084 1013.1110056294128 368.45748698082753 491.59499451052397 3023.8508824659511 1235.7469183017965 614.11396537628025 696.30533566512167 331.30547547340393 9.4516683202236873 182.84816468087956 117.00834708474576 476.57322437153198 1375.4261335865594
leaf_count=2741384 39758 17874 20733 331387 92816 6830 16142 484408 212630 76266 5766 26181 6441 33562 17708 16735 64149 38157 69205 36075 4268 111968 10168 20918 8871 8102 4788 40527 18881 11440 34151 54911 1743 12929 21423 18074 6629 79293 6174 2008 19606 52938 49922 17369 20309 224 1520 1017 346272 16547 30812 13732 58233 81968 19874 20764 5056 81 1653 1026 22962 21890
internal_value=-0.00176224 0.0110632 -0.0563916 0.0589992 -9.44834e-06 -0.023962 0.00638673 -0.0485933 -0.0847777 -0.00299662 0.0359093 -0.0413946 0.00194281 -0.00905726 -0.0235006 0.0273796 0.0230762 -0.015188 0.00105642 -0.00076465 0.0294186 0.00313635 0.00787361 0.0178508 0.031598 0.00665048 -0.0145917 -0.018956 0.00969099 0.014602 0.00466189 0.0659741 -0.0280618 -0.0230059 -0.0287044 -0.009624 -0.00300545 -0.00480046 0.00400387 0.0152999 -0.0260416 -0.0168928 -0.00158785 0.0128945 0.0265811 0.000188277 0.00186822 -0.00221756 0.00516896 0.0196946 0.0407041 -0.0540136 0.00206772 -0.0180208 -0.0274287 0.0356716 0.0113536 0.055044 0.00914658 -0.0618706 -0.0278143 -0.0122768
internal_weight=85554.4 69287.7 16266.8 13001.4 56286.2 11862.7 44423.6 5454.46 10168.7 6408.2 5812.06 1843.34 38611.5 6098.11 4059.06 6932.1 6557.34 3628.38 38190.2 35886 2304.15 31398.8 24777.8 3631.06 2686.72 3529.21 6621.08 6204.15 5131.92 4795.88 4126.79 2181 4487.16 4191.55 2741.3 4806.16 3667.38 1021.75 1689.7 1449.54 3568.3 2837.6 1888.26 1914.65 887.076 3646.15 3608.38 3398.19 22952.2 2039.05 1025.94 1276.28 3426.78 2286.21 1849.86 1393.13 696.826 1584.01 309.308 126.46 945.566 2136.08
internal_count=5635248 2274667 3360581 485957 1788710 948814 839896 722652 3059488 226162 109368 318104 730528 301093 233001 154570 137835 199439 724087 662692 61395 570633 392515 38315 32549 73686 178118 173330 136164 117283 105843 71053 92059 90316 161422 132803 99013 105474 21111 14937 238244 145428 92490 57127 38017 114729 114505 112985 356440 68092 51545 89998 64862 123265 101842 33922 13158 23678 2760 1107 72884 39764
is_linear=0
shrinkage=0.1


Tree=40
num_leaves=63
num_cat=0
split_feature=4 12 26 11 29 20 26 29 3 10 20 7 9 3 0 1 13 7 1 7 24 0 20 20 26 1 26 12 5 3 18 20 2 0 2 1 2 0 13 10 17 18 18 3 2 9 18 7 30 12 20 18 30 18 30 24 0 24 1 26 20 12
split_gain=6229.98 2866.54 1972.99 1747.89 362.86 753.2 339.212 287.636 268.945 228.387 387.069 213.263 211.125 206.733 210.904 192.798 189.167 165.069 163.932 148.048 143.618 139.963 185.166 147.712 168.467 139.05 135.417 130.463 136.47 129.306 142.943 126.466 124.933 159.984 181.562 138.42 466.535 203.96 131.583 123.501 125.01 119.037 113.531 104.883 99.9744 99.1538 99.1511 99.0363 96.7547 95.1318 94.9439 91.3512 136.211 93.4208 101.103 91.2639 89.9464 86.9899 86.4847 86.0755 86.7627 85.6585
threshold=1.0000000180025095e-35 53.001201629638679 0.88194444775581371 98.213714599609389 1.0000000180025095e-35 51.07936096191407 0.44949495792388922 1.0000000180025095e-35 4.5000000000000009 90.366767883300795 54.852983474731452 1.0000000180025095e-35 46.247655868530281 80.500000000000014 0.25767858326435095 25.500000000000004 98.07621002197267 1.0000000180025095e-35 30.500000000000004 1.5000000000000002 7.5000000000000009 0.89735862612724315 99.80237197875978 85.372985839843764 0.10555555671453477 25.500000000000004 0.6904762089252473 46.049896240234382 1.0000000180025095e-35 4.5000000000000009 43.344987869262702 46.195203781127937 0.82469150424003612 0.70274078845977794 0.72155243158340465 1.0000000180025095e-35 0.99996608495712291 0.80898490548133861 98.07621002197267 81.120250701904311 5.5000000000000009 83.791332244873061 74.944934844970717 3.5000000000000004 0.9008869230747224 91.945945739746108 90.632698059082045 1.0000000180025095e-35 1.0000000180025095e-35 96.329967498779311 62.236938476562507 81.977397918701186 1.0000000180025095e-35 42.441171646118171 1.0000000180025095e-35 9.5000000000000018 0.63378906250000011 6.5000000000000009 7.5000000000000009 0.38750000298023229 91.442928314208999 85.215545654296889
decision_type=2 2 2 2 2 2 2 2 2 2 2 2 2 2 2 2 2 2 2 2 2 2 2 2 2 2 2 2 2 2 2 2 2 2 2 2 2 2 2 2 2 2 2 2 2 2 2 2 2 2 2 2 2 2 2 2 2 2 2 2 2 2
left_child=1 6 7 16 8 -6 -1 9 15 17 19 50 -7 14 48 47 20 25 21 -11 39 22 23 24 31 26 43 28 -22 30 55 -9 33 34 56 38 37 -37 -34 40 -4 -31 -28 59 -39 -29 -33 -3 -10 -24 -8 53 -53 54 57 -14 -25 -26 -45 -2 -61 -16
right_child=2 4 3 -5 5 12 11 18 13 10 -12 -13 29 -15 61 -17 -18 -19 -20 -21 27 -23 49 32 51 -27 42 45 -30 41 -32 46 35 -35 -36 36 -38 44 -40 -41 -42 -43 -44 58 -46 -47 -48 -49 -50 -51 -52 52 -54 -55 -56 -57 -58 -59 -60 60 -62 -63
leaf_value=-0.093500417718539203 0.055335312243227991 0.053893482991653002 -0.014215369129949662 0.095196263684421661 -0.096500616781374837 -0.070305452797122234 -0.08701400469463251 -0.095567676949533373 -0.045164040431021069 0.050108477670396161 0.082538159740944694 -0.099970345412810704 0.012126944263989222 -0.06330355107132575 -0.026893097436944409 -0.049870593900307784 0.10197581286261014 -0.078743274394458204 -0.058091784701508366 -0.0060888455287623272 -0.040029836750740039 -0.035580094388952453 0.022961993054002941 -0.0044571960910915641 -0.012197188185448175 -0.071845583856509312 0.038778927009128016 0.059661987836915134 0.038474285656011756 -0.043483741853471085 0.0041438249669111457 0.0031190374018082098 -0.038428226747346667 -0.031774366428046812 0.026638473002077542 0.026349713414532874 0.16970032368516855 -0.046650160804238922 0.0080854426892539664 0.036166074623216651 0.020549029883752668 0.014964568168688477 -0.17894979933682348 0.015632552773710628 0.0070133500920447709 -0.014223990788595551 0.25027236620622972 0.0049646918690835935 0.025368094194610166 0.080791784518450607 -0.018655010959237123 -0.0086198924618813948 0.09383726523926153 0.016574602024927273 -0.038731637583265366 0.16696113676296068 -0.033039790371497041 0.1249004064751069 -0.034308674219759104 0.027707015665409881 -0.068130763023458121 0.0031801054314228323
leaf_weight=7703.3464874560013 1094.6829483332112 1222.2859031315893 2249.8909313930199 5321.8777387980372 1563.1388334122021 588.3022139556706 240.2043295642361 130.83442523889244 1845.2058996015694 745.11138938367367 1450.5607290472835 585.73419295460917 64.338749350281432 774.27995189512148 1120.7936240236741 293.85102181043476 289.81833020038903 205.78051206469536 437.88203094829805 1264.0518673732877 372.65846544364467 892.16342392191291 892.05275739170611 7291.6284536258318 58.240437419619411 184.2509174849838 38.483615859411657 1791.4362107925117 545.69859306234866 1155.2463483572938 1685.7714681376237 6404.0256949942559 1010.4635466448963 2337.3659643298015 1741.4947119965218 3069.8178442488424 195.74179159477353 694.79178057704121 1527.6844777259976 1392.776463681832 1914.5738075394183 498.94180508307181 63.408643703907728 1711.8961500115693 693.85183751955628 202.12164116464555 16.272966275922954 625.31925619393587 217.40550019894727 417.63896519504488 1318.0813224159647 186.74833081942052 425.17657587211579 3776.3960962891579 68.355892133433372 93.233832125086337 1296.788332441356 225.3967016027309 434.83047512546182 440.50471184635535 120.24882382154465 6112.7500878674909
leaf_count=2833116 14258 20772 34204 327608 521399 113775 82691 10856 185285 12819 65591 196285 4887 76379 47497 14059 15430 3515 26197 9001 3046 9099 6597 84377 717 6228 476 39810 4174 72405 51467 70743 13091 23721 17502 29662 1782 6046 11453 35806 22987 8373 423 21640 6100 4184 94 18568 5488 6541 145854 1389 6563 38956 997 1818 14410 2557 6712 7372 1547 208849
internal_value=-0.00165066 -0.0403912 0.0176468 0.0499964 -0.0165085 -0.0374653 -0.0837089 0.00668248 -0.00681431 0.0240527 0.0431729 -0.0485285 -0.0148799 -0.0136577 -0.00952267 0.0253674 0.0225333 0.00864767 0.00269661 0.0147523 0.0198148 0.00349469 0.00456864 0.00302 0.0121524 0.0130464 0.0170529 0.0378045 0.00661824 -0.005557 0.0126575 0.00176207 -0.00217231 -0.00814882 -0.00280303 0.0083536 0.0185983 0.0119644 -0.0104321 0.0103884 0.00176724 -0.0258544 -0.096716 0.0201017 -0.0198366 0.0521709 0.00374548 0.0373336 -0.0377297 0.041403 -0.0291923 0.0265118 0.0625692 0.0211672 0.0704396 0.103741 -0.00877296 0.0967496 0.0055167 0.0390151 0.00715542 -0.00147955
internal_weight=83333.7 27708.2 55625.5 14080.9 17860.9 5648.97 9847.37 41544.6 12211.9 7753.81 3459.72 2144.02 4085.83 10070.4 9296.16 2141.46 8758.97 4294.09 33790.8 2009.16 8469.16 33352.9 32460.8 31151.1 11291.4 4088.31 3904.06 2911.91 918.357 3497.53 1843.34 6551.13 19859.6 12667.3 10329.9 7192.35 4654.2 4458.46 2538.15 5557.24 4164.46 1654.19 101.892 3802.16 1388.64 1993.56 6420.3 1847.61 2062.61 1309.69 1558.29 4740.31 611.925 4128.39 351.993 157.573 8588.42 283.637 2146.73 1655.44 560.754 7233.54
internal_count=5635248 4608967 1026281 487249 1351021 774124 3257946 539032 576897 149582 87411 424830 252725 523498 447119 53399 159641 62171 389450 21820 144211 363253 354154 341016 132872 58656 52428 51214 7220 138950 58172 81693 208144 140010 116289 68134 43590 41808 24544 92997 57191 80778 899 51529 12146 43994 70837 39340 190773 13138 228545 51179 7952 43227 4271 6705 98787 3274 28352 23177 8919 256346
is_linear=0
shrinkage=0.1


Tree=41
num_leaves=63
num_cat=0
split_feature=4 12 29 13 19 19 29 7 6 1 17 7 18 19 7 11 19 3 7 24 13 7 1 14 12 17 11 9 14 11 7 14 14 17 24 1 8 2 1 14 25 17 13 12 24 25 14 13 17 17 14 12 5 14 19 7 19 8 3 24 11 12
split_gain=5267.41 2686.09 1663.22 1206.23 910.592 503.614 328.477 329.331 1051.13 235.194 222.856 207.573 195.758 271.444 195.278 194.38 441.718 190.476 183.802 158.693 146.052 144.444 138.552 210.642 340.552 221.756 288.414 277.534 353.27 341.526 216.607 218.507 224.938 147.707 195.187 145.373 138.506 191.377 394.765 137.857 136.176 190.313 132.787 131.751 125.475 180.782 136.556 128.124 123.842 121.523 119.717 112.05 115.925 111.199 143.374 108.34 106.948 106.723 105.835 105.395 97.335 97.1277
threshold=1.0000000180025095e-35 53.001201629638679 1.0000000180025095e-35 98.07621002197267 53.218408584594734 96.019802093505874 1.5000000000000002 1.0000000180025095e-35 1.0000000180025095e-35 25.500000000000004 8.5000000000000018 1.5000000000000002 1.0000000180025095e-35 48.397369384765632 1.0000000180025095e-35 98.07621002197267 99.760765075683608 21.500000000000004 1.0000000180025095e-35 7.5000000000000009 84.028984069824233 1.5000000000000002 30.500000000000004 1.0000000180025095e-35 87.026645660400405 5.5000000000000009 72.821968078613295 91.945945739746108 0.38750000298023229 94.804317474365249 1.0000000180025095e-35 0.93750000000000011 0.6904762089252473 10.500000000000002 7.5000000000000009 7.5000000000000009 1.5000000000000002 0.99996608495712291 1.0000000180025095e-35 0.58571431040763866 7.5000000000000009 5.5000000000000009 97.915760040283217 57.359306335449226 6.5000000000000009 6.5000000000000009 0.31666667759418493 50.31645584106446 11.500000000000002 3.5000000000000004 1.0000000180025095e-35 42.740047454833991 1.0000000180025095e-35 0.31666667759418493 58.082538604736335 51.500000000000007 92.601715087890639 4.5000000000000009 5.5000000000000009 7.5000000000000009 92.031745910644545 82.972846984863295
decision_type=2 2 2 2 2 2 2 2 2 2 2 2 2 2 2 2 2 2 2 2 2 2 2 2 2 2 2 2 2 2 2 2 2 2 2 2 2 2 2 2 2 2 2 2 2 2 2 2 2 2 2 2 2 2 2 2 2 2 2 2 2 2
left_child=1 5 3 9 21 -1 7 10 -9 14 17 59 55 -14 15 19 40 42 -7 20 -2 -5 23 24 35 26 -25 29 -29 -28 31 32 -27 -34 48 -4 -30 -38 -39 -32 58 -42 44 -37 46 47 50 -46 -35 -48 -3 52 -21 -16 -55 -13 -8 -41 -17 -10 -53 -12
right_child=2 6 22 4 -6 18 56 8 11 -11 61 12 13 -15 53 16 -18 -19 -20 51 -22 -23 -24 25 -26 30 27 28 36 -31 39 -33 33 34 -36 43 37 38 -40 57 41 -43 -44 -45 45 -47 49 -49 -50 -51 -52 60 -54 54 -56 -57 -58 -59 -60 -61 -62 -63
leaf_value=-0.093712562163369484 0.0033310047801328665 -0.00073793787395543984 0.024899840714020426 0.057002025667906443 0.09691871085745303 -0.017784410492483145 -0.080944871963301329 -0.083390472866183868 0.026020809164833875 -0.061313459656393898 -0.048312421710454939 0.0054416217393684005 -0.092291588857155674 -0.001333727707764363 -0.13081571041229276 0.046746486881270345 0.091742113889009089 -0.031633289395323991 -0.099740191222069841 -0.036643502724819241 0.038625632839514104 -0.0049011542446357904 -0.054670518942429407 -0.032342612524293234 0.10403434652361312 -0.010470089998191833 0.01148482734288264 -0.074883489176232332 -0.022242350911817789 0.070154701676417908 -0.054213906005500814 0.064019540712097672 -0.062700472366674379 0.30239441475792084 -0.065378009866804379 -0.056367916356452698 0.0038080529408329464 0.019646632690705556 0.15117389101827797 0.30233945654925781 0.077292434834133131 -0.1126760776754364 0.11524873482265881 0.035073542928217259 0.16761979690670051 0.0050285817734244979 0.037951939600603751 0.054972757275565165 0.038561532772983319 -0.015025140708184018 -0.097782554956544754 0.05154179046634786 0.035196125813736649 -0.10149324048942177 0.048142258630853731 -0.032189017971193827 0.019840551186070934 0.014251710994466064 -0.011295493436256401 0.12174737405959668 -0.011079699730561728 -0.0045704973025573808
leaf_weight=7327.9834530942608 5488.2925231587142 312.8944044355303 2594.7685912572779 536.03974859789014 4739.1350697735325 1397.3794906814583 928.25106371962465 2267.4468252349179 416.08306508813985 329.76748665096238 890.85748179769143 4203.5818619001657 626.28577563283034 689.09215328539722 111.19364335900173 886.42202404886484 1322.334871805273 735.21514816931449 340.28585152165033 379.54192055203021 1490.9465697128326 1269.9987868499011 419.72777606663294 1878.2515909424983 480.25936854351312 5021.8788610035554 3074.4600873584859 570.34944553859532 1636.7583739915863 1464.9546069188509 25.893562443554401 316.8215517308563 1490.2155559360981 33.199676213320345 81.44640988111496 476.28800006466918 11878.149147114716 1639.3654797323979 265.09620820032433 44.937144468538463 76.097213350236416 171.77997068315744 151.82784417597577 235.46441243030131 113.34163567540236 847.62962211528793 1127.3590746365953 925.02329531684518 38.334569097030908 703.00533594656736 214.10494052618742 2662.9338650340214 550.30099232401699 106.80022796429694 159.90437976270914 935.30667352117598 118.7577088852413 18.013813534751534 486.61974961590022 158.95405733957887 273.72550311312079 1180.0473205060698
leaf_count=3041632 72955 13548 29185 11429 314920 107707 205876 429149 6153 11072 70240 88281 176113 18040 3206 18053 75793 37556 108607 3854 37814 8995 26197 17306 5131 77992 25351 3570 11740 12428 472 2046 37885 532 1478 27588 88519 14838 3038 818 3549 3894 2869 2049 6371 20750 35657 29555 889 47171 13630 51405 4886 1287 3388 68416 3202 445 4753 2017 5531 76427
internal_value=-0.00154221 -0.0380365 0.0162031 0.0382603 0.0738929 -0.0822352 -0.0151987 -0.0117517 -0.0241866 0.0221723 0.00430139 -0.00508915 -0.0102184 -0.0446411 0.0241157 0.0260593 0.0488509 0.015478 -0.0338338 0.0198742 0.0108709 0.013472 0.00242461 0.00314502 0.0253471 0.000292921 0.00516511 0.00859677 0.00240161 0.0304187 -0.0151472 -0.0171216 -0.0209786 -0.0530943 0.0404811 0.0139181 0.00526033 0.00852641 0.0379549 0.140011 0.0138605 -0.0543566 0.0233587 -0.0261169 0.0200709 0.0392958 0.00469002 0.0672686 0.161009 0.0176045 -0.0401644 0.0361258 0.00587273 -0.0468042 -0.0117784 -0.00140737 -0.0695132 0.219901 0.0261758 0.0524819 0.0457049 -0.0233873
internal_weight=81337.2 26610.7 54726.5 21041.8 6545.17 9065.65 17545.1 16498.1 9296.75 14496.7 7201.31 7029.3 6454.27 1315.38 14166.9 13789 2943.25 5130.4 1737.67 10845.7 6979.24 1806.04 33684.6 33264.9 3786.78 29478.1 22407.4 20529.1 15989.7 4539.41 7070.74 6981.9 6665.08 1643.2 152.981 3306.52 15419.4 13782.6 1904.46 88.8445 1620.92 247.877 4395.19 711.752 4243.36 1885.99 2357.36 1038.36 71.5342 1830.36 526.999 3866.5 929.843 377.898 266.705 5138.89 1047.01 62.951 1373.04 575.037 2936.66 2070.9
internal_count=5635248 4608967 1026281 636784 335344 3257946 1351021 1141943 788169 301440 353774 359020 350850 194153 290368 282487 106042 207107 216314 176445 110769 20424 389497 363300 63953 299347 176790 159484 121705 37779 122557 120822 118776 40784 2899 58822 118135 106395 17876 1735 30249 7443 169551 29637 166682 56676 110006 35926 1421 82828 27178 65676 8740 7881 4675 156697 209078 1263 22806 8170 56936 146667
is_linear=0
shrinkage=0.1


Tree=42
num_leaves=63
num_cat=0
split_feature=4 12 26 11 19 19 18 19 19 21 14 20 26 9 14 7 18 13 19 24 30 17 18 26 30 14 18 8 7 21 30 21 21 24 26 20 30 20 24 17 14 21 17 20 28 10 10 17 26 14 19 7 24 9 19 0 18 18 10 14 7 9
split_gain=4456.8 2496.7 1520.02 1620.37 508.056 292.248 313.553 812.365 263.82 272.973 265.692 232.579 226.145 202.599 197.476 174.903 170.448 167.651 147.765 159.958 370.52 158.41 146.411 146.005 133.991 122.961 133.599 122.279 122.107 120.246 117.842 111.446 113.624 108.083 106.882 106.662 104.01 224.92 116.039 100.186 208.437 177.613 150.017 98.3865 96.3631 88.1175 85.1752 86.4028 84.5475 228.358 136.431 128.795 205.355 185.422 130.86 159.789 92.1648 83.8503 82.9526 82.5554 80.7318 126.309
threshold=1.0000000180025095e-35 53.001201629638679 0.88194444775581371 98.213714599609389 96.019802093505874 94.602687835693374 1.0000000180025095e-35 47.233158111572273 98.441547393798842 0.73508772253990184 0.93750000000000011 98.421009063720717 0.15476191043853763 52.851875305175788 0.44949495792388922 1.0000000180025095e-35 49.87309646606446 98.07621002197267 97.575668334960952 6.5000000000000009 1.0000000180025095e-35 4.5000000000000009 68.665706634521499 0.15476191043853763 1.0000000180025095e-35 0.44949495792388922 95.862876892089858 1.0000000180025095e-35 61.500000000000007 0.8603896200656892 1.0000000180025095e-35 0.82085561752319347 0.98275861144065868 7.5000000000000009 0.31666667759418493 95.093433380126967 1.0000000180025095e-35 85.372985839843764 8.5000000000000018 10.500000000000002 0.64583334326744091 0.2709790319204331 11.500000000000002 95.093433380126967 1.0000000180025095e-35 78.456192016601577 81.120250701904311 5.5000000000000009 0.44949495792388922 0.31666667759418493 82.832054138183608 1.0000000180025095e-35 6.5000000000000009 22.378716468811039 88.473194122314467 0.20876325666904452 55.190372467041023 97.23496246337892 16.784037590026859 0.38750000298023229 1.0000000180025095e-35 99.295776367187514
decision_type=2 2 2 2 2 2 2 2 2 2 2 2 2 2 2 2 2 2 2 2 2 2 2 2 2 2 2 2 2 2 2 2 2 2 2 2 2 2 2 2 2 2 2 2 2 2 2 2 2 2 2 2 2 2 2 2 2 2 2 2 2 2
left_child=1 4 8 17 45 6 14 -8 9 11 31 18 13 -9 -3 43 -14 27 19 20 21 -2 23 -21 -25 -22 -27 -4 -16 -12 -11 -10 57 46 -32 -7 -24 38 -38 -23 -41 -42 44 -6 -43 48 47 -29 -1 50 -50 52 53 54 -52 -56 -54 -33 -55 -48 -15 -62
right_child=2 5 3 -5 15 35 7 12 10 30 29 -13 16 60 28 -17 -18 -19 -20 22 25 39 36 24 -26 26 -28 33 -30 -31 34 32 -34 -35 -36 -37 37 -39 -40 40 41 42 -44 -45 -46 -47 59 -49 49 -51 51 -53 56 58 55 -57 -58 -59 -60 -61 61 -63
leaf_value=-0.097260325214207952 -0.0016672708064966295 -0.059044196537399646 -0.02311081630742963 0.093610516972640501 0.012847479782141655 0.032645335110873724 -0.095003456923119067 -0.083388425342476924 0.030503526326002825 -0.014627701935012213 0.072677578544393884 0.067619840851202387 0.060012839692690736 0.0029168263859746363 0.000684532258159537 -0.099647859536251757 -0.0066315911256289092 0.10162102262664022 0.047670953042127352 0.012841334654272613 -0.0015442787984610313 -0.032193843352204425 0.0086690639924951757 0.071616378446932055 0.010085088567846352 0.06854933030564174 -0.13387241287964297 -0.0088129156423354654 -0.047347045837525831 0.010062696894454392 0.15335038469802798 0.0039274500257613027 0.064428466695926709 0.037660105590886769 -0.072375716417616129 -0.0095387436681403977 0.071218680512001212 -0.065263856860909283 -0.054693260060053366 -0.027772983221684745 -0.0021562643650687536 -0.083686336995431432 0.09340518714683814 -0.040862718623798408 0.40084697235990235 1.3907397134602018 0.010897131689845177 0.021279721221712452 -0.089166224357034612 3.2371369479184553 0.20989802643456035 -0.10025221797966066 0.26955471070629983 1.739743920102351 3.1751312356865311 0.90162795366240334 -0.03812603590888787 -0.036731687733233161 0.13480164677578471 0.06311290472952516 -0.096300756397514356 -0.012957384343773363
leaf_weight=5886.1766796782613 12553.536840698915 677.3389317614492 705.48006328195333 4453.3289117459208 628.64157978724688 1620.4754738877527 1723.5974229020067 621.75090108322911 2014.0739660654217 4224.1787855783477 1285.7732540341094 589.45488822972402 530.56413450511172 945.8932160239201 7332.1137800107244 308.1744723841548 1386.9954157425091 239.21569654997438 759.85860421787947 2668.5516707689967 416.29105124343187 3168.9089576317929 4807.282794052735 1061.5738748647273 530.88783956924453 1059.4538500420749 33.640735268592834 2108.7695466438308 570.46176412166096 402.77564831636846 21.831598925404251 2280.5088244620711 255.39415042102337 2453.3459286927246 535.79409859608859 951.24638587445952 255.20411952817813 593.67154813697562 102.62705390900373 424.36568648461252 94.684142632875592 4.6646289080381385 63.795822082087398 745.51041642669588 34.183474352583289 0.40021261014044185 651.94572324305773 1742.5677246940322 568.38316351245157 0.20969869010150333 2.8988772758748373 77.490602977806702 10.812898866366593 0.32596128573641436 0.33582040923647571 3.8910863823257387 97.720238021807745 652.28664504177868 26.775922948494554 565.37298113293946 268.09752650256269 565.18286618567072
leaf_count=2736950 105637 111896 12923 327608 52492 23449 583908 143247 25667 43184 49869 6591 11098 38440 267211 108607 39246 15430 6268 38852 6911 79072 48850 13563 9417 19074 458 31746 56071 11352 149 23613 5658 45541 6932 15210 3378 6912 1096 18562 1284 31 1406 55215 635 7 13337 21031 236160 26 634 31457 3166 62 80 807 25116 4611 7167 19633 37107 24138
internal_value=-0.00144877 -0.0358392 0.0148798 0.0447801 -0.080674 -0.0140453 -0.0195129 -0.0369631 0.00543336 0.00181772 0.0232756 0.00544206 -0.013798 -0.0342489 -0.00722426 -0.0315611 0.0118081 0.0190962 0.00416204 0.00297594 -0.0026992 -0.00707708 0.013088 0.0271409 0.0511033 0.0447059 0.0623197 0.0166968 -0.00278271 0.0577418 -0.0203314 0.0120886 0.000455321 0.0204303 -0.0635383 0.017042 0.00269009 -0.0275175 0.0351068 -0.024993 0.0117112 0.0966242 0.187745 -0.0162916 0.342667 -0.0930513 0.0120907 0.00480273 -0.0931403 -0.0623974 -0.0632747 0.00354123 0.0598803 0.273451 0.727366 1.08225 -0.00747253 -0.0051156 0.154105 0.0351483 -0.0170766 -0.0397721
internal_weight=79366.7 25551.5 53815.3 12920 8357.75 17193.7 14622 6042.08 40895.3 34004.4 6890.81 29222.6 4318.48 2400.92 8579.91 1682.33 1917.56 8466.7 28633.2 27873.3 17853.5 16344.1 10019.8 4261.01 1592.46 1509.39 1093.09 8227.48 7902.58 1688.55 4781.8 5202.26 3188.19 7522 557.626 2571.72 5758.79 951.503 357.831 3790.6 621.694 197.328 102.644 1374.15 38.8481 6675.42 5068.66 3851.34 6675.02 788.844 788.635 220.251 142.761 34.2277 7.12578 4.22691 108.533 2932.8 27.1019 1217.32 1779.17 833.28
internal_count=5635248 4608967 1026281 487249 3257946 1351021 1312362 877184 539032 418262 120770 367997 293276 242932 435178 216314 50344 159641 361406 355138 233070 206627 122068 61832 22980 26443 19532 144211 323282 61221 50265 59549 33882 131288 7081 38659 60236 11386 4474 100990 21918 3356 2072 107707 666 3041632 85747 52777 3041625 304675 304649 68489 37032 8750 1521 887 28282 28224 7229 32970 99685 61245
is_linear=0
shrinkage=0.1


Tree=43
num_leaves=63
num_cat=0
split_feature=4 12 26 11 26 29 7 6 1 29 7 13 21 13 26 25 30 7 13 18 20 10 21 17 0 21 20 20 1 28 28 18 25 9 21 10 0 25 11 13 12 18 24 24 12 9 18 7 12 11 12 18 9 7 27 29 24 13 25 26 21 24
split_gain=3766.84 2321.42 1312.48 1550.47 360.572 274.45 262.535 926.912 206.934 201.855 200.168 179.88 164.566 335.999 195.106 206.611 162.868 162.868 157.13 151.523 261.426 149.303 133.484 119.201 119.07 113.763 102.763 117.335 110.035 109.913 102.946 121.691 113.187 101.272 99.6155 98.6248 98.3823 104.307 106.931 102.742 120.538 101.611 92.3632 90.4371 115.765 90.4703 85.2411 84.1182 82.4274 113.131 106.165 82.383 82.3277 81.8706 80.8022 80.4792 80.2064 136.725 85.2054 83.135 79.0834 78.6925
threshold=1.0000000180025095e-35 52.73088455200196 0.88194444775581371 98.213714599609389 0.44949495792388922 1.5000000000000002 1.0000000180025095e-35 1.0000000180025095e-35 27.500000000000004 1.0000000180025095e-35 1.0000000180025095e-35 97.915760040283217 0.30602006614208227 97.70084381103517 0.19090909510850909 7.5000000000000009 1.0000000180025095e-35 1.5000000000000002 98.07621002197267 1.0000000180025095e-35 51.693037033081062 97.825057983398452 0.78019323945045482 8.5000000000000018 0.95763123035430919 1.0000000180025095e-35 85.372985839843764 99.80237197875978 1.5000000000000002 1.0000000180025095e-35 1.0000000180025095e-35 97.067424774169936 7.5000000000000009 39.369100570678718 0.29520697891712194 50.31645584106446 0.42732143402099615 8.5000000000000018 17.467581748962406 25.866189002990726 42.740047454833991 96.162029266357436 8.5000000000000018 7.5000000000000009 50.373134613037116 91.945945739746108 86.576263427734389 78.500000000000014 82.972846984863295 66.323020935058608 99.333332061767592 98.253242492675795 18.808961868286136 8.5000000000000018 1.5000000000000002 2.5000000000000004 6.5000000000000009 49.018096923828132 6.5000000000000009 0.19090909510850909 0.95346319675445568 10.500000000000002
decision_type=2 2 2 2 2 2 2 2 2 2 2 2 2 2 2 2 2 2 2 2 2 2 2 2 2 2 2 2 2 2 2 2 2 2 2 2 2 2 2 2 2 2 2 2 2 2 2 2 2 2 2 2 2 2 2 2 2 2 2 2 2 2
left_child=1 4 8 18 22 6 11 -8 9 12 34 21 61 14 33 -16 -7 42 43 47 -21 23 51 56 25 -11 28 55 -27 -30 31 32 -29 -14 -6 -10 37 38 39 41 -41 -36 -9 -4 60 -46 -31 -19 54 50 -50 -1 -53 -22 -25 -28 -3 59 -59 -58 -45 -2
right_child=2 5 3 -5 10 16 7 17 35 24 -12 -13 13 -15 15 -17 -18 19 -20 20 53 -23 -24 48 -26 26 27 30 29 46 -32 -33 -34 -35 36 -37 -38 -39 -40 40 -42 -43 -44 44 45 -47 -48 -49 49 -51 -52 52 -54 -55 -56 -57 57 58 -60 -61 -62 -63
leaf_value=-0.094685831420327216 0.00064806110814260263 -0.0036226691644939998 0.0077441577207275156 0.092707541441347519 -0.082216597355105059 -0.078458283006574384 -0.080806164201928488 0.026204292210258291 -0.089837363940831486 -0.098346846864296844 -0.099853144410804742 0.11300375323143215 0.0049825963338735943 0.089268899846186911 0.010435590922203038 -0.090166405454310691 0.068757979986125581 0.0023764371583578233 0.10146477305754005 -0.093245720366894658 0.02114468038734927 0.094646712470279365 -0.011474315671716317 -0.058262194038142118 -0.12139734524231216 -0.010004460715850694 -0.0023367131675990204 -0.0383365203697658 0.037659652595710406 0.0081757979752016662 0.082365082424743608 -0.028613130818010701 0.05247212643069487 0.062322655186760625 0.13899852983804892 -0.011763834676267258 -0.030755221435273095 -0.073380333695498151 0.036608727263364192 0.34486161750590627 1.8391274511101852 1.037946084734058 0.12389358980795068 -0.020384294549435147 0.056801964994200815 -0.015046898717772695 0.069685381916593278 -0.051496301118984344 0.13822922857090775 -0.0133192895680165 -0.12534515557000134 0.87312587605481429 0.070744121159003234 -0.058215866993320889 0.023881724776918158 -0.071743738766281803 0.0053157731720286129 0.029620588283606704 -0.013572010833986549 0.12906438771570453 0.032231866915802487 0.046800985606220216
leaf_weight=5640.9902338436805 3180.9595884131268 2545.9626534902491 5429.2702483898029 4066.8339988719672 234.64720942871645 855.60033293417655 2022.8748954599723 442.61667101667263 326.6375973992981 110.79125628457405 439.5305625667097 149.56288563460112 454.30911661079153 896.77046637609601 978.28892038203776 257.9793551354669 82.385359702981077 4795.4515390973538 216.76767028030008 525.76606790279038 504.016070200596 170.25308536109515 202.02202761382796 703.83816218504217 77.357653819024563 2027.3562798975036 19890.801744255237 169.33539246954024 1829.5047290669754 6899.2272116830572 263.19485110230744 447.40212111361325 724.62700891308486 956.52801519166678 28.552249558735642 320.61835178430192 806.99733537668362 76.937722625676543 274.76211940892972 1.5659522390924387 0.8238611496053635 1.3153172694146622 123.87035564868711 572.94954240415245 1375.8717750851065 200.83486032299697 232.90685869567096 308.48016282916069 90.53406968084164 1052.648655757308 18.38520472496748 1.5389062874019126 7.5640299648512155 175.17167301522568 144.29997089365497 168.47658308688551 78.225964038167149 1217.0567781685386 731.05928150098771 177.40504466206767 569.69328683335334 417.97543385019526
leaf_count=2795097 34463 128040 92997 327608 99801 207425 431089 6588 27348 10464 196025 3076 4673 55610 17695 1948 2558 127398 15430 173609 14694 2516 32188 68569 750 19750 209455 1672 23446 74863 5017 3371 6750 22412 2963 8133 54891 20900 49418 150 46 77 1582 5694 38069 4184 1758 29299 1096 74768 563 151 1337 5850 2602 2615 11024 45099 13640 4838 3267 6839
internal_value=-0.00137538 -0.0336923 0.0136266 0.0420584 -0.079142 -0.012957 -0.00987078 -0.0213043 0.00492709 0.00583509 -0.0408537 0.0045006 0.0210704 0.0363666 0.0184447 -0.0105576 -0.065528 -0.00379765 0.0174353 -0.00840964 -0.0403052 0.00215878 -0.0913449 -0.000170766 0.00252145 0.00281404 0.00315728 -0.000838206 0.011034 0.0157935 0.0251829 0.013963 0.035271 0.0438584 -0.0226635 -0.0511636 -0.0109301 0.0307382 0.0568298 0.229069 0.859993 0.178587 0.0475654 0.0151999 0.0300856 0.0476501 0.0101845 -0.000879616 -0.0205859 -0.00328054 0.0937388 -0.0942008 0.206392 0.000676526 -0.0442864 -0.00291966 0.00846732 0.0224347 0.0134119 0.0911959 0.00584881 0.0060082
internal_weight=77696 24632.7 53063.3 12432.2 7717.25 16915.5 15977.5 8898.25 40631 39983.8 1865.13 7079.23 7142.81 3543.88 2647.11 1236.27 937.986 6875.37 8365.39 6308.89 1204.95 6929.67 5852.12 6759.42 32841 32763.6 32652.8 21663.8 10989 8961.64 1604.56 1341.36 893.962 1410.84 1425.6 647.256 1190.95 383.957 307.019 32.2574 2.38981 29.8676 566.487 8148.62 2719.35 1576.71 7132.13 5103.93 2009.71 1161.57 108.919 5650.09 9.10294 679.188 848.138 20059.3 4749.71 2203.75 1948.12 255.631 1142.64 3598.94
internal_count=5635248 4608967 1026281 487249 3253044 1355923 1145940 790109 539032 503551 424271 355831 143640 102338 46728 19643 209983 359020 159641 350850 194153 352755 2828773 350239 359911 359161 348697 228880 119817 100067 16810 11793 8422 27085 228246 35481 128445 73554 52654 3236 196 3040 8170 144211 51214 42253 76621 156697 147598 76427 1659 2796585 1488 20544 71171 212070 202641 74601 58739 15862 8961 41302
is_linear=0
shrinkage=0.1


Tree=44
num_leaves=63
num_cat=0
split_feature=4 9 26 11 19 29 7 6 7 19 14 14 14 17 29 30 18 20 28 13 7 29 18 20 30 1 11 26 19 7 20 1 20 27 0 3 19 20 17 13 13 13 14 14 1 10 0 9 0 14 3 7 17 7 13 2 28 19 20 30 19 20
split_gain=3177.1 2051.41 1132.04 1472.74 660.655 228.185 212.258 770.472 198.135 195.222 244.076 163.951 327.158 221.449 159.936 320.254 158.511 179.836 170.028 146.672 133.482 133.314 130.06 242.652 128.47 125.858 125.522 123.056 161.451 114.278 106.843 104.334 99.1388 98.8717 96.3409 95.5477 92.4151 103.627 88.0186 150.018 83.464 83.2127 128.15 79.2602 99.9784 87.7738 85.1436 77.3307 80.8368 74.3461 72.2602 71.935 70.4628 80.4217 68.1737 68.0631 66.0069 113.445 77.0191 192.842 121.418 117.454
threshold=1.0000000180025095e-35 42.94755935668946 0.88194444775581371 98.213714599609389 96.019802093505874 1.5000000000000002 1.0000000180025095e-35 1.0000000180025095e-35 1.0000000180025095e-35 98.706874847412124 0.93750000000000011 1.0000000180025095e-35 0.31666667759418493 2.5000000000000004 1.5000000000000002 1.0000000180025095e-35 92.342185974121108 99.80237197875978 1.5000000000000002 98.07621002197267 1.5000000000000002 1.0000000180025095e-35 1.0000000180025095e-35 51.693037033081062 1.0000000180025095e-35 35.500000000000007 45.773809432983406 0.44949495792388922 81.270160675048842 1.0000000180025095e-35 95.256843566894545 11.500000000000002 96.437637329101577 2.5000000000000004 0.88044953346252453 49.500000000000007 64.01581192016603 94.925979614257827 4.5000000000000009 89.039035797119155 97.70084381103517 89.417694091796889 0.41428571939468389 0.44949495792388922 1.5000000000000002 86.319076538085952 0.7368028759956361 73.499401092529311 0.86401242017745983 0.095454547554254546 13.500000000000002 78.500000000000014 4.5000000000000009 1.0000000180025095e-35 92.718276977539077 0.7028520703315736 1.0000000180025095e-35 96.437637329101577 93.88999176025392 1.0000000180025095e-35 93.563182830810561 84.635734558105483
decision_type=2 2 2 2 2 2 2 2 2 2 2 2 2 2 2 2 2 2 2 2 2 2 2 2 2 2 2 2 2 2 2 2 2 2 2 2 2 2 2 2 2 2 2 2 2 2 2 2 2 2 2 2 2 2 2 2 2 2 2 2 2 2
left_child=1 4 9 19 27 6 11 -8 30 14 40 26 -13 41 16 33 25 18 49 36 -9 -12 51 -24 -7 32 -3 -1 -29 -30 -6 -15 35 -16 -23 56 -4 -38 39 -28 -11 -14 -43 44 46 47 -39 -45 -49 54 -25 55 -51 -54 -18 -22 57 -2 61 60 -60 -58
right_child=2 5 3 -5 8 24 7 20 -10 10 21 12 13 31 15 -17 17 -19 -20 -21 22 34 23 50 -26 -27 38 28 29 -31 -32 -33 -34 -35 -36 -37 37 43 -40 -41 -42 42 -44 45 -46 -47 -48 48 -50 52 -52 -53 53 -55 -56 -57 58 -59 59 -61 -62 -63
leaf_value=-0.095431047696432625 0.030797230199334232 -0.011014088406160848 -0.075970217568989501 0.091749487561329876 0.020651352207837547 -0.074928333888048135 -0.077598715864159826 0.0432052499276184 -0.099966948311562928 0.0086064622057419778 0.098515393527855155 -0.06795588688210373 0.050985346707300205 0.0067663542499812844 -0.025477422309078648 0.086168152079151974 0.0093618549667629659 0.065403763181628674 0.09569603252162058 0.1013237698951492 0.0072929130892139303 0.057263924014006366 -0.09229553620866518 0.022310991651025621 0.061237698674781731 -0.057474274407347418 -0.0072845822862640901 -0.086389381473038443 0.044872947729272764 -0.10037358707923738 -0.032348584390127021 -0.031624552042080499 0.043053019048260754 -0.11163374213932137 -0.019190711436820378 -0.076184710621735915 0.028714984357372721 -0.022126407427450707 0.084624778607903961 0.11348863953841211 0.10640593462530777 -0.057476043883762346 0.047425785499754049 0.052879596590884398 -0.012601669425240755 0.073390106783384673 0.034460202574062064 -0.060578160550767451 0.083167117512252822 -0.0095094419397769494 -0.048466629910157863 -0.048877096898906708 -0.03372374280781356 0.15078549379454237 0.12207505141846507 -0.025337693452533162 0.0098892916642388685 -0.015174025219247501 0.065351610160451754 -0.082600635772761749 0.0051459591652927884 -0.0079533294658886578
leaf_weight=5168.7961449385621 2602.2819051416591 416.96766479872167 112.92235483275726 3716.3371986122802 740.58537507522851 749.55679511895869 1765.8770221299492 561.91426992812194 266.96156846277881 4480.0961078396067 526.0923652946949 677.0338946924312 1136.8686592640588 1621.6489669926232 2711.7897743943613 260.27146818302572 657.82110093580559 325.09787486400455 148.48964606318623 196.39855712186545 4044.0842597531155 520.69915592670441 480.38778296811506 470.15558545081876 76.346534857992083 288.19483512174338 378.41634416300803 521.55534377985168 210.05515052285045 72.992275694734417 781.97828781837597 1256.3160102044931 825.03810188360512 140.07846726337448 241.14818186685443 134.83889891114086 3291.5160907646641 351.97815430723131 489.75973930314649 141.23587111569941 88.995668654330075 208.76268373127095 263.36430286522955 191.68173533119261 2443.2153295669705 334.20930092968047 1087.3436141833663 196.1897059045732 48.866506703197956 5704.543374331668 208.09100255323574 293.31523517891765 1938.8633439382538 23.914490096271038 58.428400790318847 759.24871942494065 11037.907644107239 676.31147107761353 769.99881921801716 143.79596804687753 592.9019429157488 5541.5840722564608
leaf_count=2780863 33037 46156 6345 327608 53628 201418 409467 8170 108548 52208 40477 36089 37593 65165 45578 3170 9569 5829 1094 15430 116915 13473 173609 13782 2413 18393 11625 231514 40975 34352 55076 115554 8599 1292 3908 2900 57383 5123 10318 3102 3005 1786 4305 4511 33285 13182 18343 4528 1511 44268 6762 29299 40025 433 734 10483 129701 6062 8235 1864 6090 59088
internal_value=-0.00128894 -0.0316195 0.0124627 0.0394753 -0.0738008 -0.011153 -0.00836674 -0.0187306 -0.0205022 0.00446656 0.0213496 0.00513084 -0.00315863 0.00661857 0.00160715 -0.0200183 0.00374574 -0.00759422 -0.0103757 0.0159399 -0.00348188 0.0597991 -0.00767581 -0.0379183 -0.0623411 0.00818746 0.0351417 -0.0897682 -0.0533898 0.00741677 -0.00656905 -0.0099924 0.0090351 -0.0297093 0.0330637 0.00772968 0.0138589 0.0151356 0.0542077 0.0255403 0.0105114 0.0363301 0.00104083 0.00553058 -0.000285 0.0348182 0.0206223 0.00530141 -0.031914 -0.0122544 0.000595901 -0.000800694 -0.0151326 -0.0314757 0.0185565 0.00213509 0.00825929 0.0213142 0.00589274 0.0275398 0.0391604 0.00392552
internal_weight=76172.1 23762.3 52409.8 11970.7 7762.92 15999.4 15173.4 8583.07 1789.53 40439.2 5857.03 6590.37 5163.99 4486.96 34582.2 3112.14 31470 8857.16 8532.06 8254.32 6817.2 1287.94 6255.28 1158.63 825.903 22612.9 1426.38 5973.4 804.603 283.047 1522.56 2877.96 22324.7 2851.87 761.847 21499.6 8057.92 7945 1009.41 519.652 4569.09 1609 472.127 4653.48 3882.54 770.947 1439.32 436.738 245.056 8383.57 678.247 5096.65 7667.32 1962.78 716.25 4803.33 21364.8 3278.59 18086.2 1506.7 1362.9 16579.5
internal_count=5635248 4608967 1026281 487249 3304956 1304011 1100180 768487 217252 539032 113071 331693 260492 224403 425961 50040 375921 101952 96123 159641 359020 57858 350850 194153 203831 273969 71201 3087704 306841 75327 108704 180719 255576 46870 17381 246977 144211 137866 25045 14727 55213 43684 6091 80483 56751 23732 23466 10550 6039 95029 20544 156697 84726 40458 10303 127398 244077 39099 204978 16189 14325 188789
is_linear=0
shrinkage=0.1


Tree=45
num_leaves=63
num_cat=0
split_feature=4 11 26 11 19 1 19 25 3 19 21 14 20 29 26 19 25 1 18 29 25 20 8 18 21 20 10 21 21 18 20 3 0 19 28 19 20 20 21 19 20 21 17 29 20 19 29 3 6 0 20 25 18 1 11 25 20 1 21 17 14 9
split_gain=2674.56 1873.89 972.684 1391.9 621.534 200.022 269.872 332.151 207.301 164.208 214.466 201.489 159.221 152.952 142.705 137.663 151.536 128.422 137.192 134.036 133.444 122.878 105.416 103.825 98.2777 95.5702 105.132 89.0159 90.0943 88.3536 122.705 86.3391 85.868 83.4568 81.1539 81.1253 78.1671 77.9639 71.1446 124.224 84.9197 80.4588 71.0778 70.7134 181.679 70.6132 70.4053 69.1485 117.828 90.6211 68.6308 101.944 71.7313 68.5576 75.2299 67.5191 66.3582 100.771 65.8846 65.6663 66.9153 108.689
threshold=1.0000000180025095e-35 43.826219558715827 0.88194444775581371 98.213714599609389 95.67297744750978 9.5000000000000018 59.585212707519538 3.5000000000000004 6.5000000000000009 98.441547393798842 0.77097901701927196 0.93750000000000011 98.219570159912124 1.0000000180025095e-35 0.44949495792388922 81.019149780273452 7.5000000000000009 29.500000000000004 92.342185974121108 1.5000000000000002 9.5000000000000018 91.442928314208999 1.0000000180025095e-35 49.87309646606446 0.8603896200656892 94.513019561767592 79.337715148925795 0.82085561752319347 0.98275861144065868 97.68778228759767 97.68778228759767 31.500000000000004 0.74851754307746898 97.311748504638686 1.0000000180025095e-35 64.01581192016603 95.256843566894545 64.310688018798842 0.63961037993431102 95.531894683837905 95.67297744750978 0.43874999880790716 4.5000000000000009 1.0000000180025095e-35 51.693037033081062 96.168525695800795 1.5000000000000002 39.500000000000007 1.0000000180025095e-35 0.50213778018951427 84.635734558105483 6.5000000000000009 84.101531982421889 29.500000000000004 60.943256378173835 3.5000000000000004 97.68778228759767 2.5000000000000004 0.12701612710952762 9.5000000000000018 0.31666667759418493 50.31645584106446
decision_type=2 2 2 2 2 2 2 2 2 2 2 2 2 2 2 2 2 2 2 2 2 2 2 2 2 2 2 2 2 2 2 2 2 2 2 2 2 2 2 2 2 2 2 2 2 2 2 2 2 2 2 2 2 2 2 2 2 2 2 2 2 2
left_child=1 4 9 22 14 33 7 37 23 10 12 27 17 -13 -1 -16 -17 18 19 25 -21 -20 -4 53 -15 31 -27 55 46 38 -31 34 -14 43 -2 -24 -6 -7 39 40 -23 -42 -40 47 -45 -12 59 49 -49 -3 51 -36 -53 54 -8 -11 -37 -58 -9 60 61 -29
right_child=2 5 3 -5 36 6 8 58 -10 11 45 13 32 24 15 16 -18 -19 21 20 -22 29 35 -25 -26 26 -28 28 -30 30 -32 -33 -34 -35 50 56 -38 -39 42 -41 41 -43 -44 44 -46 -47 -48 48 -50 -51 -52 52 -54 -55 -56 -57 57 -59 -60 -61 -62 -63
leaf_value=-0.094638863188088312 0.025100436641944682 0.017434610579620927 -0.022292452374465397 0.090730773961062605 -0.00078741496287063116 -0.022277426310199137 0.16547675949396501 -0.095628482327107009 -0.040720543353628902 -0.044997626720554407 0.0070602009869534634 0.097289728745951654 0.065508366416746941 0.048902041912967487 -0.081504337756944684 0.072674596233582398 -0.068231173908897033 -0.048469461202882168 0.073909778568872972 -0.0039833112611308572 -0.062558114625048566 -0.03112688384235799 -0.0720983196667873 0.0064928720726579589 -0.01946359854282639 9.8596414738113985e-05 0.05095683941939249 -0.019330366471333606 0.05822285485304271 0.060746413720749508 -0.070115812322213311 -0.045014024953409774 0.010446143712493618 0.026845173883007674 0.0053323327752181141 0.028218692749010794 -0.041642421685963001 0.2922238983064937 -0.013789719490795714 0.075919089237900708 0.20173538706318947 0.019422801750477118 -0.042313549687588256 -0.095050907321034925 -0.0059678268777310873 -0.033323706554900821 0.042945646815661931 -0.071150648035531963 -0.0037230910877859812 -0.012179799416801482 -0.0035599919668649325 0.024029037571155164 0.087492266176667749 -0.044194167898625403 0.054303562756299772 0.030507204517206777 0.023052621677552277 -0.011858615146304286 -0.025957646607432584 -0.041586511793711416 -0.0181311269146869 0.051699046211755473
leaf_weight=4711.7298518037423 2435.6982258120552 3051.4360724145081 708.74969009915367 3398.5585521068424 931.37042280379683 2735.4925982417772 78.207259011338465 968.56700183544308 861.96888776193373 126.54758910089731 537.49845473095775 480.00161977857351 617.81594657339156 712.98908047936857 496.46591075812466 156.18410137691535 149.2669325734023 491.9815344105009 169.2330006621778 2040.7035683337599 480.51674850634299 550.89640725543723 98.468481315299869 1606.9015782044735 298.22051104903221 652.58019284997135 1077.6831514043733 407.01767363399267 234.21713438536972 325.27448887936771 91.896397714503109 311.27452442166395 522.95296617411077 1021.6064844469074 8434.3217332530767 3897.1214057332836 941.9291331510758 7.9049944165162733 3474.7630525804125 214.54747022967786 27.654328320175409 194.18466316955164 1167.0187955535948 284.95742915396113 1164.5110925196204 2226.6900897091255 264.4022234287113 316.68650633457582 1426.8227198012173 1562.3380317684496 5486.6861425992101 1896.228519163793 196.56188207212836 51.85381177358795 274.54296762135345 1847.2631637714803 2080.7452159682289 1371.9902248932049 157.85290826996788 559.63627957738936 1214.8199651092291 457.67862075567245
leaf_count=2766565 30612 106097 14033 327608 112425 263571 3878 439996 65190 2445 5848 40563 6341 15957 231823 34193 41438 31740 2025 28966 7475 5172 5707 67280 4701 9101 9842 2798 5658 2774 842 5577 5143 15959 99613 74559 118545 844 29500 1501 159 1788 31375 120319 53425 22779 2636 40307 81438 14066 58376 20053 1660 2666 4169 23222 41551 23791 24773 4734 13612 4444
internal_value=-0.00120492 -0.0296146 0.0113908 0.0369623 -0.0710941 -0.00993733 -0.0229054 -0.040144 0.000310451 0.00404521 0.00121401 0.0184631 0.0036042 0.0508053 -0.0880018 -0.0490053 0.00381717 0.00219694 0.00304979 0.0066104 -0.015147 -0.0101331 0.0145603 0.017893 0.02874 0.00928744 0.0317753 0.00902785 -0.00143857 -0.0124854 0.0319195 0.00721344 0.0402667 -3.20404e-05 0.0080946 0.018067 -0.0213301 -0.0213712 -0.0157763 0.0086004 -0.0100904 0.0421498 -0.0209611 -0.00354924 -0.0234811 -0.025471 -0.0062512 0.000995236 -0.0159705 0.00740644 0.00550802 0.0102342 0.0299897 0.0631692 0.0789515 0.0256663 0.019275 0.00918018 -0.085865 -0.01118 -0.002997 0.0182651
internal_weight=74741.7 22958.6 51783.1 11555.6 7386.95 15571.7 6743.29 3869.82 2873.47 40227.5 33624.7 6602.79 30860.5 1491.21 5513.65 801.917 305.451 29719.7 29227.7 23012.3 2521.22 6215.47 8157.08 2011.51 1011.21 20491 1730.26 5111.58 3137.77 6046.24 417.171 18760.8 1140.77 8828.36 18449.5 7448.33 1873.3 2743.4 5629.06 987.283 772.735 221.839 4641.78 7806.75 1449.47 2764.19 2903.55 6357.28 1743.51 4613.77 16013.8 10527.1 2092.79 404.604 352.75 1973.81 7349.86 3452.74 1126.42 2639.15 2079.52 864.696
internal_count=5635248 4608967 1026281 487249 3304989 1303978 872367 729184 143183 539032 418262 120770 389635 61221 3074019 307454 75631 378151 346411 271275 36441 75136 159641 77993 20658 234834 18943 59549 33882 73111 3616 215891 11484 431611 210314 145608 230970 264415 69495 8620 7119 1947 60875 415652 173744 28627 28224 241908 121745 120163 179702 121326 21713 10713 8047 25667 139901 65342 464769 25588 20854 7242
is_linear=0
shrinkage=0.1


Tree=46
num_leaves=63
num_cat=0
split_feature=12 26 19 11 7 4 11 12 14 4 14 12 11 17 19 14 13 14 17 7 14 12 0 13 11 13 17 17 7 13 24 28 26 21 13 18 19 19 14 21 0 14 21 7 18 20 7 7 24 7 25 0 11 17 27 20 12 25 11 12 0 14
split_gain=2318.01 1401.34 1209.42 1147.31 403.219 362.189 325.632 253.975 275.898 234.041 230.805 273.157 239.837 277.922 298.7 197.454 189.661 234.327 174.679 185.829 174.055 162.293 184.647 161.66 157.918 157.376 153.888 179.218 151.516 268.331 141.637 141.451 126.186 119.146 116.464 111.173 159.579 110.131 104.955 102.077 99.7215 95.4076 90.4464 90.2118 186.365 212.849 89.414 89.2893 88.4085 87.6243 86.1306 85.9968 85.3372 82.1955 82.0558 80.9338 80.0837 79.2088 79.1917 94.7629 77.0419 74.4753
threshold=48.074073791503913 0.88194444775581371 91.385021209716811 99.275363922119155 1.0000000180025095e-35 1.0000000180025095e-35 25.176055908203129 68.801231384277358 0.095454547554254546 1.0000000180025095e-35 0.095454547554254546 87.026645660400405 77.032970428466811 5.5000000000000009 99.052112579345717 0.31666667759418493 91.458969116210952 0.36931818723678594 2.5000000000000004 1.0000000180025095e-35 0.93750000000000011 92.031745910644545 0.72551110386848461 81.302967071533217 94.804317474365249 99.206348419189467 10.500000000000002 4.5000000000000009 1.0000000180025095e-35 97.498435974121108 6.5000000000000009 1.0000000180025095e-35 0.19090909510850909 0.86811593174934398 17.519181251525882 1.0000000180025095e-35 49.132831573486335 61.916847229003913 0.31666667759418493 0.1132478639483452 0.67998474836349498 0.6904762089252473 0.2709790319204331 1.5000000000000002 1.0000000180025095e-35 52.206359863281257 1.0000000180025095e-35 1.0000000180025095e-35 7.5000000000000009 1.0000000180025095e-35 3.5000000000000004 0.34066767990589147 19.139194488525394 1.0000000180025095e-35 2.5000000000000004 99.80237197875978 61.651582717895515 8.5000000000000018 32.305501937866218 42.740047454833991 0.32259997725486761 0.44949495792388922
decision_type=2 2 2 2 2 2 2 2 2 2 2 2 2 2 2 2 2 2 2 2 2 2 2 2 2 2 2 2 2 2 2 2 2 2 2 2 2 2 2 2 2 2 2 2 2 2 2 2 2 2 2 2 2 2 2 2 2 2 2 2 2 2
left_child=2 5 9 25 6 7 40 15 47 -1 11 26 -12 14 16 32 24 -18 28 35 21 -15 23 54 -14 30 27 -7 -10 -30 42 -19 -2 -16 -32 60 -37 -17 58 -26 50 -41 -3 48 -45 -46 -36 57 -31 -34 -4 -21 -52 -13 -23 -33 -29 -9 59 -8 -20 -44
right_child=1 3 4 -5 -6 10 38 8 18 -11 12 53 13 20 33 37 17 31 19 51 -22 22 -24 -25 39 -27 -28 56 29 43 34 55 49 -35 46 36 -38 -39 -40 41 -42 -43 61 44 45 -47 -48 -49 -50 -51 52 -53 -54 -55 -56 -57 -58 -59 -60 -61 -62 -63
leaf_value=-0.094277021918796944 -0.078796187066200368 -0.099194001668200429 -0.06243272913114515 0.088499956245953748 -0.10013833544905315 -0.0022047011163686451 -0.028102342853022079 0.081889754138396914 0.025923208215618838 -0.038516899779460836 -0.02152842101755471 -0.18594977092479253 0.01339702959437632 -0.067804530801334237 0.067427785268321508 -0.04627573990563344 -0.06171033137427645 0.037791629648225272 -0.016873809332546733 -0.086657733015909733 0.05091650559450786 0.01873630788132585 -0.038505415751860936 -0.024287698543811419 -0.0096893319847677455 0.10157034426185894 -0.021808588481117649 0.021021089451015135 -0.09527916130678557 0.010485654354736237 -0.18363839015025338 0.0017788729567051723 -0.00031742402531484079 0.011894082910486362 0.035589422577777238 -0.095739177035540385 -0.017851997173724085 0.090239867521662007 0.14944346785081197 0.10039493155534687 -0.0020740739578660877 0.040669241706043489 -0.0065310927286291107 -0.00039597066387037251 -0.093299297459359554 -0.0073949181447137335 -0.054369387380699921 -0.10088682337465689 0.10324658904079922 -0.10093348205631214 0.078557102162975706 -0.023178875928475447 0.025143164013064542 0.10097866456470511 -0.062483718410495936 0.098777917750423272 0.073163496509638479 -0.0090821358719708305 -0.048616107269248955 0.031461107456884935 0.026417944143965789 0.025853606360607476
leaf_weight=3711.9112500599585 1130.5500097685726 89.116768683772534 75.571203978965059 3313.1597137148492 491.9334891110193 960.07018696446903 1185.4611990206176 490.78064443194307 1436.6584130884148 944.21536287409253 3766.9538753938396 10.180112678557633 2817.6415695387404 552.41246309992857 1217.0231186142191 97.985682664322667 546.57673600036651 1208.1548508722335 1047.7626057341695 675.62126637902111 414.21405534353107 2588.8499196688645 1775.8935120850801 1727.0498520741239 200.80519076972269 210.39974975306541 748.78402491379529 454.1990591106005 348.25338696211111 413.37576179276221 25.271582580986433 15886.076576190069 437.38997885584831 566.01272937934846 2753.0990049983375 355.18503735773265 1014.1119270529598 148.88447341776919 33.006899196421728 492.60643741488457 901.3007697975263 585.19097369723022 2453.8072243280476 5079.7303990582004 508.69081207423005 666.12903201172594 115.10834212286863 34.645582789089531 136.73043159407098 107.90843651001342 515.43740074895322 311.95434914180078 712.67405608517583 518.0359462024644 130.66769426688552 86.487446469254792 838.00497936923057 118.89725495956372 1249.0170815435704 344.7894795909524 676.47232964588329 999.32040027342737
leaf_count=2443753 424041 9468 2624 331004 243365 9593 88377 8642 45896 58268 41808 99 23227 10305 57149 29626 3464 27303 48856 214379 3787 48559 27756 36672 2021 16729 10306 5576 86004 7052 529 116894 47030 14044 66251 147881 29189 4086 268 4364 9368 4958 47596 156760 229847 21886 6558 4849 2220 37292 24542 49549 49575 8601 1302 3044 7237 2360 105287 20946 15259 29967
internal_value=-0.00112439 0.00599506 -0.0454498 0.0404283 -0.0137398 -0.000435341 -0.00526857 -0.0134652 -0.00855926 -0.0829694 0.00477693 0.0291363 0.00228953 0.00520297 0.0104454 -0.0474393 0.00723017 0.00274893 -0.0118053 -0.0288393 -0.0120116 -0.015859 -0.0112474 -0.000360993 0.0266236 0.0164641 0.0174647 0.0305214 -0.00371205 -0.00966428 0.0136818 0.0047996 -0.059739 0.049799 0.030096 -0.0167827 -0.0380553 0.0360552 -0.0278267 0.0557709 0.0235025 0.0679668 0.000273879 -0.00528262 -0.00869733 -0.0445911 0.0319792 0.0552747 0.0335416 -0.0202282 0.0411849 -0.0666061 0.047561 0.0954488 0.0148338 0.0023041 0.0548359 0.0641487 -0.029932 -0.0146818 0.000110926 0.0028409
internal_weight=73454.2 63288.9 10165.3 9959.28 5509.19 53329.6 5017.26 15237.7 13315 4656.13 38091.9 3529.27 34562.6 30795.7 23606.6 1922.72 21823.5 17727.3 12670.7 4081.11 7189.09 6774.87 6222.46 4446.57 4096.24 6646.12 3001.06 2252.27 8589.57 7152.91 6435.72 17180.7 1675.85 1783.04 2893.48 3093.53 1369.3 246.87 2812.27 1278.6 2204.98 1077.8 3542.24 6804.66 6254.55 1174.82 2868.21 644.323 550.106 545.298 1303.68 987.576 1228.11 528.216 2719.52 15972.6 1292.2 609.678 2779.27 1530.25 1724.23 3453.13
internal_count=5635248 2588875 3046373 508102 544352 2080773 300987 1612704 1070629 2502021 468069 41412 426657 384849 256468 542075 185275 150705 1054778 505113 128381 124594 114289 86533 34570 177098 32712 22406 549665 503769 160369 147241 508363 71193 73338 241185 177070 33712 214878 11343 86109 9322 87031 417765 408493 251733 72809 15851 9272 84322 76741 263928 74117 8700 49861 119938 12813 11002 214610 109323 64115 77563
is_linear=0
shrinkage=0.1


Tree=47
num_leaves=63
num_cat=0
split_feature=12 28 4 14 30 1 21 20 14 12 10 3 24 10 21 25 13 17 17 10 17 14 11 13 10 1 21 13 21 20 24 25 12 25 30 20 25 18 12 21 11 17 3 25 24 18 20 11 3 2 1 21 20 11 14 27 27 1 17 11 17 20
split_gain=1972.06 1136.37 1100.64 846.427 502.051 371.302 313.03 274.493 249.659 248.308 224.942 210.523 263.881 186.734 182.842 210.403 153.752 161.094 160.659 143.261 196.038 279.821 390.33 129.396 129.296 127.758 121.252 114.347 114.05 136.584 141.614 117.516 112.785 111.578 107.497 104.992 103.462 100.289 98.379 213.865 90.3684 89.1092 88.6831 91.9333 117.093 115.403 169.692 80.7263 79.6462 77.3987 105.72 76.3696 103.615 75.0745 73.0704 71.1451 69.9841 69.0528 68.3195 67.9297 76.9618 67.1661
threshold=48.074073791503913 1.0000000180025095e-35 1.0000000180025095e-35 0.84523808956146251 1.0000000180025095e-35 9.5000000000000018 0.55277779698371898 99.80237197875978 1.0000000180025095e-35 85.053192138671889 24.068965911865238 4.5000000000000009 11.500000000000002 26.158231735229496 0.13714733719825747 3.5000000000000004 17.712418556213382 4.5000000000000009 9.5000000000000018 79.337715148925795 5.5000000000000009 0.36931818723678594 90.645832061767592 64.051280975341811 57.321428298950202 7.5000000000000009 0.95553359389305126 44.25611877441407 0.70710784196853649 97.22989654541017 11.500000000000002 5.5000000000000009 86.72955703735353 8.5000000000000018 1.0000000180025095e-35 93.364780426025405 10.500000000000002 97.23496246337892 93.908470153808608 0.98275861144065868 97.726097106933608 9.5000000000000018 70.500000000000014 9.5000000000000018 5.5000000000000009 91.239036560058608 91.239036560058608 42.179391860961921 27.500000000000004 0.76095134019851696 23.500000000000004 0.58957219123840343 95.393455505371108 16.807909011840824 0.31666667759418493 1.5000000000000002 1.0000000180025095e-35 23.500000000000004 9.5000000000000018 93.788581848144545 1.0000000180025095e-35 95.531894683837905
decision_type=2 2 2 2 2 2 2 2 2 2 2 2 2 2 2 2 2 2 2 2 2 2 2 2 2 2 2 2 2 2 2 2 2 2 2 2 2 2 2 2 2 2 2 2 2 2 2 2 2 2 2 2 2 2 2 2 2 2 2 2 2 2
left_child=2 3 6 8 56 7 -1 28 9 16 49 12 14 -8 15 57 -2 -18 47 38 21 22 -21 -13 -9 54 -22 -16 29 30 37 40 -24 -14 -33 -36 48 42 41 58 -30 55 43 44 45 46 -3 -19 -32 50 -4 52 -47 -20 -12 -10 -5 -7 -40 -34 -61 -39
right_child=1 5 10 4 -6 11 13 24 19 -11 25 23 33 -15 27 -17 17 18 53 20 26 -23 32 -25 -26 -27 -28 -29 31 -31 36 34 59 -35 35 -37 -38 61 39 -41 -42 -43 -44 -45 -46 51 -48 -49 -50 -51 -52 -53 -54 -55 -56 -57 -58 -59 -60 60 -62 -63
leaf_value=-0.092598058194058044 -0.13836350152938093 -0.005449196496271143 0.050089436432235769 0.0032237132971229109 0.091812540993622016 0.0095544575469304095 -0.0052832213270128589 -0.0093324475644784802 -0.017244445574419429 0.087809667490089255 -0.014326502713669132 -0.065391090401481416 0.096336604452018373 -0.069275276504690689 -0.059471479961849864 -0.094951485430462237 -0.0060667883379689593 0.027958849275217364 0.12658330902841861 0.052131601732025225 -0.03821884624692834 0.063435185338790515 -0.23193839310547013 -0.026457499661507195 0.092357100327619568 -0.061566370136447071 0.06866241960936903 0.0038418002197137544 -0.00019725842116039805 0.044167445519014463 0.058680227138677578 -0.0084624355330332624 -0.010338250639102115 -0.04813008314488082 -0.011640202605757091 -0.083835555143098539 -0.019346051778636617 0.20644358488158931 0.018171604148590318 0.083332837651195771 0.096550064689449419 -0.058352974584960207 -0.046582531700725981 -0.036590679463589952 0.0083363195372082484 -0.0061362716145413193 0.041985348082353512 0.07987714093634804 -0.0076785952221338858 -0.0028244255043597217 -0.069444060532045146 -0.030999061135877488 0.14294729603587872 0.0055822877388713886 0.14407704795532139 0.012218275027557695 0.045719236445823375 -0.060687513787017859 -0.027422450038330229 -0.0023345288490382956 -0.1045859089429254 0.043425838042670903
leaf_weight=3343.9279659814201 57.568086475133896 6610.690608609817 894.03924107272178 928.82428501232062 2683.4643106521107 488.98635681672022 808.60345066222362 168.85533540090546 2560.9793673475506 728.08341991063207 2112.5516834603623 1152.5779732788214 323.88716646074317 1045.7572613772936 313.13021915836725 519.21352214366198 1065.7819354055682 441.32114648085553 53.974804182187654 755.15845005423762 706.29982754366938 1485.4259065068327 32.816118540707976 3291.1604842375964 481.80166270304471 691.98711755266413 124.91302162967622 3204.5542140376056 211.71335036819801 808.0042528884951 945.51543185662013 7178.7751236845506 339.01236004009843 64.030568733229302 411.56254486448597 394.54303228599019 305.79321782221086 28.034257216844708 718.69653870945331 369.82886420749128 177.48474563192576 384.5142923585372 405.59624733473174 645.94685215805657 12020.40661223256 238.56352169532329 851.29336997319479 931.83723500731867 223.65377239848021 732.41670742654242 80.66675353422761 2246.7189348610118 57.941797325969674 1025.5051808118587 29.528402279596776 1205.3422383220168 664.995437382604 196.07420503313188 605.55339095008094 106.06886218860745 240.54188484488986 256.73285162495449
leaf_count=2356800 2730 185510 13486 27587 273352 12547 184195 3941 42811 31088 22225 306357 9647 410540 92977 230348 31684 16350 990 15916 12295 54641 504 373692 22736 46072 12286 64250 5758 7277 21857 81635 6159 9242 9685 6264 10057 159 12513 28736 13602 6000 44735 17970 304395 2079 11946 19560 14673 5128 7682 31560 395 30888 245 16852 22656 11133 9893 1431 3165 2361
internal_value=-0.00105185 0.00547631 -0.0429039 0.0264958 0.065409 -0.00318207 -0.0743242 0.00162796 0.0145552 0.0345789 -0.00693713 -0.0206374 -0.0067943 -0.0413712 -0.0133077 -0.0469389 0.0237409 0.0263932 0.0404986 0.00561047 0.0207527 0.0328064 0.00193173 -0.0365558 0.0659671 -0.0242105 -0.0221569 -0.0017941 0.000397389 0.00370607 0.00238976 -0.00973515 -0.0508338 0.0724906 -0.0123505 -0.0469757 0.0324414 0.000492442 -0.00420879 0.016099 0.0439221 -0.012497 -0.000235381 0.000593773 0.00168428 -0.00630757 -3.76714e-05 0.0631911 0.0459863 0.0217392 0.0401968 -0.0247039 0.022997 0.0116324 -0.0121429 -0.00781544 0.0209543 -0.0105498 -0.00267766 -0.0421656 -0.0732952 0.0594743
internal_weight=72179.2 62439.7 9739.48 18216.5 4277.28 44223.2 5198.29 34669.6 13939.2 4304.07 4541.19 9553.61 5109.88 1854.36 4721.96 1204.27 3575.99 3518.42 2452.64 9635.15 3790.24 2959.02 1473.6 4443.74 650.657 2834.07 831.213 3517.68 34019 25644.9 24836.9 8374.08 718.439 387.918 7984.88 806.106 1474.96 23361.9 5844.91 1694.08 389.198 4150.84 23077.2 22671.6 22025.6 10005.2 7461.98 1373.16 1169.17 1707.12 974.706 2543.22 296.505 1079.48 2142.08 3766.32 1593.82 685.061 1324.25 685.623 346.611 284.767
internal_count=5635248 2588875 3046373 680087 323595 1908788 2951535 798595 356492 133290 94838 1110193 430144 594735 411255 254028 102202 99472 67788 223202 106397 81816 27175 680049 26677 68542 24581 157227 771918 654974 647697 116944 11259 18889 97584 15949 46587 601110 116805 51142 19360 65663 598590 553855 535885 231490 197456 35910 36530 26296 21168 34034 2474 31878 22470 59663 50243 23680 22406 10755 4596 2520
is_linear=0
shrinkage=0.1


Tree=48
num_leaves=63
num_cat=0
split_feature=12 19 26 11 7 9 1 3 1 19 21 4 21 24 20 13 13 10 9 29 12 9 13 24 7 29 30 28 3 13 18 20 9 13 21 18 30 19 10 29 10 18 24 20 29 24 20 24 30 28 19 27 2 1 11 26 13 27 11 24 26 2
split_gain=1678 1091.02 1022.44 1015.56 426.459 303.768 297.608 273.301 199.23 191.913 271.641 183.769 182.222 164.75 140.899 138.437 136.687 129.9 128.213 123.424 118.607 172.598 193.416 117.133 116.991 109.199 235.371 104.236 103.186 106.833 106.277 147.602 95.3956 93.1805 91.8407 220.407 88.292 87.2027 84.2032 83.2192 82.4838 81.0594 82.9793 78.7245 117.125 77.9853 107.621 150.943 103.851 101.686 97.9618 77.222 75.6464 88.5002 73.2076 72.8486 72.6421 69.8736 68.4112 68.0288 67.5987 67.1032
threshold=48.074073791503913 88.94705963134767 0.88194444775581371 99.275363922119155 1.0000000180025095e-35 27.639257431030277 9.5000000000000018 3.5000000000000004 28.500000000000004 98.706874847412124 0.85357144474983226 1.0000000180025095e-35 0.77097901701927196 8.5000000000000018 98.421009063720717 99.206348419189467 29.300813674926761 66.287876129150405 32.305501937866218 1.0000000180025095e-35 35.948717117309577 19.139194488525394 20.601238250732425 6.5000000000000009 1.0000000180025095e-35 1.5000000000000002 1.0000000180025095e-35 1.0000000180025095e-35 50.500000000000007 99.206348419189467 91.905540466308608 88.664871215820327 16.108108520507816 97.70084381103517 0.25357143580913549 1.0000000180025095e-35 1.0000000180025095e-35 76.885185241699233 79.095325469970717 1.5000000000000002 32.305501937866218 97.446762084960952 12.500000000000002 99.180271148681655 1.5000000000000002 11.500000000000002 93.364780426025405 6.5000000000000009 1.0000000180025095e-35 1.0000000180025095e-35 97.68778228759767 1.5000000000000002 0.7921138107776643 7.5000000000000009 70.710784912109389 0.4083333313465119 82.097072601318374 1.5000000000000002 25.176055908203129 8.5000000000000018 0.15476191043853763 0.571352779865265
decision_type=2 2 2 2 2 2 2 2 2 2 2 2 2 2 2 2 2 2 2 2 2 2 2 2 2 2 2 2 2 2 2 2 2 2 2 2 2 2 2 2 2 2 2 2 2 2 2 2 2 2 2 2 2 2 2 2 2 2 2 2 2 2
left_child=1 11 6 15 5 20 9 8 13 12 33 -1 14 27 25 23 -7 24 40 57 21 -3 -23 38 56 28 55 -8 30 -30 45 -32 -25 -11 35 -19 -14 -10 -4 -15 -18 43 -43 44 -21 46 49 -48 -49 -2 -51 -45 53 -22 -34 -27 -9 -12 -24 -28 -37 -47
right_child=2 4 3 -5 -6 16 7 17 37 10 19 -13 36 39 -16 -17 18 34 -20 41 52 22 58 32 -26 26 59 -29 29 -31 31 -33 54 -35 -36 60 -38 -39 -40 -41 -42 42 -44 51 -46 61 47 48 -50 50 -52 -53 -54 -55 -56 -57 -58 -59 -60 -61 -62 -63
leaf_value=-0.094546934770045526 0.027242730782756019 0.037688942681938058 -0.011910179607382082 0.085677910116176523 -0.099991275576085462 -0.081039491166680799 0.059831734274122708 -0.040274360858582457 -0.07218768000315777 0.03307920047620002 0.051292115536452625 -0.03934339277165011 -0.016141828993335692 0.064991775392439791 0.045761154414272573 0.10131557523689137 0.033875564025893513 -0.012437115602097183 -0.038364384463663553 -0.035294509959974678 0.09642431344736585 -0.1167165586651272 0.018326290174398484 -0.17938270162560865 -0.094835170792703413 -0.023392560856477406 0.10367848563666021 -0.004459689227461509 -0.080248764775798287 -0.0096364348724687493 0.15507414216632556 -0.0076451690185516093 0.040966370167559781 0.076608245449633836 0.0050721727396242184 -0.087358688096851517 -0.067582899424833504 -0.004231815591380605 0.021076455171600509 -0.037005392781189438 -0.054733176007252561 -0.10612916783766563 -0.017923385379810666 0.0017066325360685184 0.065507164453031022 0.045306214454810555 0.060611618916028821 0.016838870165739078 -0.071451156342059619 0.00068737587669169477 0.052099727880534602 0.082712725937674522 0.010302555053852438 0.012451651529256038 0.0075012341739883331 -0.10142311939139569 0.13132657155212255 -0.11337844162038091 -0.038515026542215086 -0.10753503863633461 -0.01334117631216189 0.0059667363180823316
leaf_weight=2897.5428670820547 1728.1252356981859 828.67411689925939 2325.392800525995 2820.2622953308746 512.94592515472323 443.30884503677953 278.33191257261205 1255.2368917793501 445.68414597434457 1945.2227937447606 464.00228974374477 761.51375180692412 2665.7781612760155 691.33010800438933 751.60192566819023 175.61181404162198 528.16890240332577 2158.7137175105745 1234.9925541005796 779.1383685109904 389.63639683299698 182.93718418118078 543.41238222294487 22.314571602037176 478.96991514693946 2085.714425876271 181.3962066876702 2684.0270551503636 263.90250062081032 1139.0758044187678 56.220398426172324 6606.9943894774187 1714.8511987747625 658.16761407721788 1065.6097850478254 660.86223767045885 381.3946054923581 327.65781991824042 1159.8008454442024 90.458938898169436 131.13857964193448 170.15855423780158 285.77334536029957 365.29385611461475 135.283690266544 1001.104678587988 844.17565201583784 946.98013162252028 155.03757502313238 17002.138523370028 378.87274810718372 173.60997837246396 348.03433926869184 185.14478321082424 1056.3682601465844 126.92517081450205 25.163400277262554 27.283168137422763 346.91004967677873 16.64888325415086 151.71269801771268 764.88005548331421
leaf_count=2303769 29342 30958 52751 331004 308081 55114 7535 182442 111413 34355 21087 53799 27139 19135 9809 16729 35906 148546 121756 6567 13207 16072 25924 485 225563 71042 2407 155681 44829 67474 753 83184 43240 40778 13401 261376 4854 20772 34280 12914 14635 1275 2202 3025 2604 25679 11922 9828 1956 398399 3084 1927 4167 31692 29613 1392 471 602 31293 588 4931 8490
internal_value=-0.000965609 -0.0404802 0.00501344 0.0356185 -0.0130287 -0.0043879 -0.000402029 -0.0156262 0.00281284 0.00332754 0.0217107 -0.0830581 0.000847876 0.012357 0.00294451 0.0137448 -0.0310535 -0.0299972 -0.0193556 -0.00255299 0.0176791 0.00340576 -0.0230646 0.0112955 -0.0526736 0.00197806 -0.0185204 0.00158089 0.0035779 -0.0229187 0.00483871 -0.00627224 0.0265515 0.0440839 -0.0201143 -0.029147 -0.0225804 -0.0433954 -0.000932905 0.0531899 0.016251 -0.0140551 -0.0508427 -0.00251429 -0.0203815 0.00808281 0.00638984 0.0287923 0.00441777 0.00410824 0.00180807 0.0278031 0.0470965 0.0693756 0.0282097 -0.0278687 -0.0369019 0.0421473 -0.00382167 0.0859226 -0.0735392 0.0282676
internal_weight=71023.6 9334.36 61689.3 9274.6 5675.3 5162.36 52414.7 10313.8 4517.49 42100.9 5003.93 3659.06 37097 3744.15 34049.8 6454.34 2337.61 5796.27 1894.3 2400.54 2824.75 1901.93 1073.26 6278.73 1759.37 33298.2 2410.68 2962.36 30887.5 1402.98 29484.5 6663.21 2793.53 2603.39 4036.9 2971.29 3047.17 773.342 3485.19 781.789 659.307 1909.26 455.932 1453.33 914.422 22821.3 21055.3 1946.19 1102.02 19109.1 17381 538.904 922.816 574.781 2771.22 2212.64 1280.4 491.285 890.322 198.045 812.575 1765.98
internal_count=5635248 3046373 2588875 508102 688805 380724 2080773 1164180 327450 916593 114422 2357568 802171 195265 770178 177098 227411 836730 172297 39289 153313 104247 73289 160369 408476 760369 75429 163216 684940 112303 572637 83937 73338 75133 428254 414853 31993 132185 87031 32049 50541 17600 3477 14123 9171 488700 454531 23706 11784 430825 401483 4952 49066 44899 72853 72434 182913 21689 57217 2995 266307 34169
is_linear=0
shrinkage=0.1


Tree=49
num_leaves=63
num_cat=0
split_feature=12 19 19 13 9 27 1 30 25 24 10 13 9 4 2 8 21 11 21 17 0 4 13 5 3 30 12 17 13 4 13 12 11 21 10 18 0 3 25 1 3 18 3 1 9 21 19 19 19 12 9 0 24 10 1 27 30 11 19 24 24 2
split_gain=1426.62 1013.64 739.456 650.875 283.89 257.315 304.68 230.728 228.399 264.185 204 199.143 204.703 190.056 173.984 168.413 147.033 133.826 204.45 186.677 133.845 109.281 105.04 103.038 98.3822 116.194 95.7625 87.7705 84.0727 83.7335 81.8724 77.4524 96.2439 77.1498 76.3302 73.0041 73.4104 72.8418 72.4427 69.9928 73.0391 69.6887 68.6987 68.2737 68.2383 68.2279 131.733 91.3355 68.0126 66.7522 64.2689 64.1893 62.9493 61.5914 65.643 61.0056 70.6557 88.5494 85.5243 85.1169 59.1539 59.0384
threshold=48.074073791503913 88.94705963134767 98.441547393798842 97.915760040283217 24.048192977905277 1.0000000180025095e-35 11.500000000000002 1.0000000180025095e-35 8.5000000000000018 9.5000000000000018 66.287876129150405 25.677655220031742 28.743545532226566 1.0000000180025095e-35 0.71215134859085094 7.5000000000000009 0.35857143998146063 98.213714599609389 0.98275861144065868 5.5000000000000009 0.77194768190383922 1.0000000180025095e-35 17.712418556213382 1.0000000180025095e-35 8.5000000000000018 1.0000000180025095e-35 98.629108428955092 9.5000000000000018 30.471628189086918 1.0000000180025095e-35 82.637680053710952 35.948717117309577 21.132376670837406 0.2709790319204331 28.718704223632816 91.905540466308608 0.86401242017745983 103.50000000000001 2.5000000000000004 21.500000000000004 3.5000000000000004 95.862876892089858 5.5000000000000009 32.500000000000007 32.049383163452156 0.70710784196853649 93.03940582275392 97.311748504638686 83.377899169921889 42.740047454833991 39.052425384521491 0.76043426990509044 9.5000000000000018 79.095325469970717 4.5000000000000009 2.5000000000000004 1.0000000180025095e-35 97.726097106933608 97.156337738037124 5.5000000000000009 6.5000000000000009 0.38417798280715948
decision_type=2 2 2 2 2 2 2 2 2 2 2 2 2 2 2 2 2 2 2 2 2 2 2 2 2 2 2 2 2 2 2 2 2 2 2 2 2 2 2 2 2 2 2 2 2 2 2 2 2 2 2 2 2 2 2 2 2 2 2 2 2 2
left_child=1 13 5 17 31 6 37 38 9 23 30 -6 34 -1 29 -12 -17 22 19 -19 -21 -14 -4 33 25 -11 35 -16 49 -10 48 32 42 60 -13 43 53 45 -5 40 -15 -40 -3 -24 -30 47 -47 50 -8 -23 -2 -33 61 54 -37 56 58 -58 59 -35 -7 -52
right_child=2 4 3 7 11 8 10 -9 14 24 15 12 21 39 27 16 -18 18 -20 20 -22 28 26 -25 -26 -27 -28 -29 44 -31 -32 51 -34 55 -36 36 -38 -39 41 -41 -42 -43 -44 -45 -46 46 -48 -49 -50 -51 52 -53 -54 -55 -56 -57 57 -59 -60 -61 -62 -63
leaf_value=-0.09398173140534119 -0.057417085180609978 0.05054536174824107 -0.13179362956816321 -0.35646750280421924 -0.093166056146108026 -0.070362901668925712 -0.073320605211337986 0.093976389840172356 -0.073103243697409517 0.10730836364727799 -0.0024619995512849538 0.036317723330201203 -0.067181364054126155 0.01462879593104785 0.011047287468266375 -0.063227710546547453 0.012187367760459575 0.084751916410805275 0.090033435290333752 0.033897695168348611 -0.034411243453302522 -0.10892684368610117 0.022048578515778176 0.0028493291357747901 -0.020863835611004005 0.038151999160107683 -0.14243845650774484 -0.03577262759269869 0.03117062700927091 -0.021448507704042975 0.12876648402970498 0.070800029937824693 -0.026358381235032737 -0.014275802768395086 -0.032722764463925434 -0.005433093222360328 0.033746163587592616 -0.051962178962776578 0.053646747237303331 -0.085328895993646667 -0.060700634370911714 -0.0006576827372057057 -0.0022509947918099411 -0.10649877077483856 -0.02373319487998796 0.055801012700931102 -0.016904769066944891 0.044382203708760525 -0.025720314672108065 0.0046580930611414785 -0.015546361092121486 -0.010003661851151237 0.015777257651247489 0.015743769964987626 -0.047309937059179422 -0.026613994020843482 0.02284730869935616 0.064041382203499447 0.087527823483798173 0.028530179202284206 0.032393074834271209 0.0010679074845634745
leaf_weight=2636.7933449276024 190.88150103134103 509.76508091622964 53.177505208761431 4.725383484736084 429.97381977376062 149.8662976177875 1117.0930617025588 1608.2314184103161 409.14205841027433 514.81521789275575 3056.3771795675857 677.47916966082994 773.11017380387057 305.24923223932274 3094.8412228581728 1040.9742212899728 343.93709218385629 326.24943040078506 537.79713582340628 561.95947503205389 585.91999763250351 167.87738474644721 3497.4995278790593 5289.6177655038773 121.19070997158997 460.0622109582182 41.394529237411916 459.89208354521543 307.76366022927687 1346.9581274772063 23.195156815345399 391.33425691025332 578.20965978712775 820.70739082910586 209.70342121692374 1919.7083228966221 578.02236578788143 282.97262320970185 724.51237859576941 210.55089242360555 222.56124792876653 350.70505326986313 477.13961748057045 41.810780210420489 855.97504551103339 265.52690436283592 4053.9203170365654 481.6777433087118 410.46833993983455 74.790006322786212 2464.2575860846555 131.29406187287532 2498.0523053605575 1021.9370746780187 464.98347003618255 207.00055179325864 1128.180111022084 970.86667008139193 153.66394738294184 1070.3361579987686 89.468691794201732 16194.922062864993
leaf_count=2303769 66794 23671 1012 56 83822 12549 382576 205379 38028 8746 265975 58748 336026 12344 53245 198854 3227 11896 59838 10128 8603 3066 67326 132459 5489 9807 674 7299 3180 15930 608 34197 63868 10815 32652 29522 13479 38649 37525 29347 12108 8310 35628 674 11302 4553 51871 5302 61036 1005 218057 1640 86438 27452 9286 3980 23303 42581 1433 14145 4820 329146
internal_value=-0.000897403 -0.0381593 0.00457291 0.0264615 -0.0120103 -0.000962559 -0.00611366 0.0699688 0.00929253 0.01753 -0.0264731 -0.0294323 -0.0204963 -0.0814246 -0.00773171 -0.0155702 -0.0444987 0.0143172 0.0372563 0.0180019 -0.000969705 -0.03698 0.00825938 0.0123625 0.0641089 0.0746722 0.00924382 0.00498998 -0.020378 -0.0334832 -0.0576986 0.0171691 0.00603889 0.0233255 0.0199986 0.0100783 0.000794771 -0.00149828 0.0342172 -0.0365813 -0.0171353 0.0359342 0.0250199 0.02053 -0.00921327 -0.000952188 -0.0124354 0.00131998 -0.06053 -0.07392 0.000348368 0.0505006 0.00086953 -0.00479628 -0.0135985 0.0263662 0.0290128 0.0419007 0.0157825 0.00995251 -0.0319505 -0.00112629
internal_weight=69989.1 8959.57 61029.5 12318.6 5584.42 48710.9 32424.3 2688.17 16286.6 10975.8 5992.05 3496.67 3066.7 3375.15 5310.83 4441.29 1384.91 9630.46 2011.93 1474.13 1147.88 2179.52 7618.53 9879.71 1096.07 974.877 7565.36 3554.73 1406.41 1756.1 1550.76 2087.74 1565.11 4590.09 887.183 7523.96 3984.65 26432.2 1079.94 738.361 527.81 1075.22 986.905 3539.31 1163.74 26149.2 4319.45 21829.8 1527.56 242.667 21348.1 522.628 21157.2 3406.63 2384.69 4350.75 4143.75 2099.05 2044.71 1891.04 239.335 18659.2
internal_count=5635248 3046373 2588875 491160 688805 2097715 1713086 251270 384629 270127 912276 529801 445979 2357568 114502 468056 202081 239890 90465 30627 18731 354579 149425 246085 24042 18553 148413 60544 18553 53958 444220 159004 123167 113626 91400 147739 79739 800810 45891 53799 24452 45835 59299 68000 14482 762161 56424 705737 443612 4071 700435 35837 633641 66260 38808 96257 92277 65884 26393 24960 17369 547203
is_linear=0
shrinkage=0.1


Tree=50
num_leaves=63
num_cat=0
split_feature=12 21 26 11 7 9 17 30 14 7 12 10 8 17 17 7 9 10 9 14 10 12 3 7 26 27 13 24 7 12 3 27 13 12 11 24 21 0 28 9 21 9 12 11 30 14 17 21 7 8 29 9 5 18 14 17 27 24 7 29 21 21
split_gain=1209.98 889.197 765.353 885.665 372.439 232.993 224.849 206.767 193.858 493.199 315.512 229.704 182.152 179.494 166.152 195.975 414.37 185.046 159.475 314.386 198.756 151.867 137.51 130.247 126.194 137.149 121.597 117.908 107.634 106.449 106.09 178.576 103.993 103.659 104.192 103.269 97.405 95.8559 132.85 95.8066 91.3477 90.7629 88.3987 106.362 87.7408 84.2057 83.4317 122.519 77.8665 75.6061 82.6064 74.7369 73.4159 72.4258 93.3809 97.1521 71.7126 71.122 70.7511 128.211 190.615 162.113
threshold=48.074073791503913 0.55277779698371898 0.88194444775581371 99.275363922119155 1.0000000180025095e-35 27.639257431030277 11.500000000000002 1.0000000180025095e-35 1.0000000180025095e-35 1.0000000180025095e-35 88.067794799804702 66.287876129150405 16.500000000000004 4.5000000000000009 5.5000000000000009 1.0000000180025095e-35 99.295776367187514 80.217391967773452 93.063350677490249 0.38750000298023229 79.337715148925795 68.457099914550795 15.500000000000002 1.0000000180025095e-35 0.4083333313465119 1.5000000000000002 99.206348419189467 6.5000000000000009 1.0000000180025095e-35 92.40384674072267 1.5000000000000002 1.5000000000000002 29.300813674926761 92.718276977539077 70.710784912109389 6.5000000000000009 0.35857143998146063 0.47210127115249639 1.0000000180025095e-35 89.512962341308608 0.22902098298072818 32.305501937866218 78.830558776855483 91.476997375488295 1.0000000180025095e-35 0.93750000000000011 5.5000000000000009 0.98275861144065868 1.0000000180025095e-35 1.5000000000000002 1.0000000180025095e-35 16.108108520507816 1.0000000180025095e-35 1.0000000180025095e-35 0.73214286565780651 10.500000000000002 2.5000000000000004 7.5000000000000009 4.5000000000000009 1.0000000180025095e-35 0.25357143580913549 0.048809524625539787
decision_type=2 2 2 2 2 2 2 2 2 2 2 2 2 2 2 2 2 2 2 2 2 2 2 2 2 2 2 2 2 2 2 2 2 2 2 2 2 2 2 2 2 2 2 2 2 2 2 2 2 2 2 2 2 2 2 2 2 2 2 2 2 2
left_child=1 7 6 26 5 37 8 -1 9 10 13 23 14 -2 15 18 -17 33 20 -20 42 27 39 29 49 -26 28 -15 35 -10 31 -9 -7 34 -16 -4 -14 38 -3 -22 -32 -34 -13 -44 -27 53 -5 57 -8 50 -18 -37 -39 -19 -55 -56 -46 -48 59 60 -51 -61
right_child=2 4 3 46 -6 32 48 30 11 -11 -12 12 36 21 17 16 24 45 19 -21 22 -23 -24 -25 25 44 -28 -29 -30 -31 40 -33 41 -35 -36 51 -38 52 -40 -41 -42 -43 43 -45 56 -47 47 -49 -50 58 -52 -53 -54 54 55 -57 -58 -59 -60 61 -62 -63
leaf_value=-0.088549506260459099 -0.0067526280255119156 0.1009383071938032 0.00056339697119381523 0.092798414288353032 -0.099733637072613651 -0.07467405923177535 -0.022316010039998099 0.038701854442346098 -0.021449172696900387 -0.10302909951150335 0.10516470497942981 0.028512815474576531 -0.067324099325760001 -0.040356350558707579 0.055053574139045297 -0.086865211857402091 0.040907191568259081 0.00071409036991029046 -0.069261720301025495 0.023163710987694913 0.049371583532702962 0.073257323263279384 -0.029836203394030765 -0.071011128191196815 0.06173305217080205 0.023194924951155365 0.10113522233807322 0.035946349300741622 -0.058093371289784916 0.033735233534410901 -0.090187746312390613 0.82366025358403361 0.013601736383289981 0.0097945977623599082 -0.056392366104107541 -0.16347855289636126 0.0026744386871028077 -0.01517588703090029 0.010548437189018829 0.018626407911867829 -0.0088138864599985791 -0.033831223137090624 -0.021200603195185422 0.076672721174085981 -0.010487238467299688 0.023723114381817637 0.036093707229777283 0.084975763930092485 -0.0821241433402604 0.014444551778136536 -0.031997954844226385 0.028586347360858706 0.023057617298097039 -0.018493063158042951 -0.062392816170886461 0.086225812683395187 -0.1198535723923782 -0.083845642356029024 -0.0095515766590646214 -0.097401833439908492 0.092445515861528563 0.0017949097782249336
leaf_weight=2681.1920539750718 1385.9652867855038 290.28729844524059 3341.0635290483478 1882.6470284978859 427.06274835742079 377.26848728267942 2767.6697967741638 11.896697641583158 3666.0865991770988 291.77187063766178 508.67852109530941 740.68286443583202 578.51638047746383 277.18488555517979 102.36185393168125 525.20444594963919 179.45379002275877 514.82349984534085 576.50414945499506 1017.7116398602957 3278.5805403969716 811.04907896288205 300.97818601608742 485.2298661241075 729.6570245702751 822.31109311059117 148.7706176918 751.81313206127379 225.98747502121842 386.39217849331908 195.77558466792107 3.8316656243987373 629.4706842340529 3509.5900580838788 464.84763793402817 20.419263036455959 302.86778282187879 886.86535206309054 369.66342703672126 1467.0734416184714 467.06811990577262 1123.3130230017705 1417.8718514251523 120.46782155358233 227.43499060347676 282.06844075908884 121.42247582739219 343.47189926775172 236.26908100594301 3209.1061707853805 1160.2832775299903 2597.461208195542 1158.0026817943435 1086.2542906531598 1354.4168221700238 45.461471264017746 81.418646126519889 83.39772654697299 3971.8625978211639 167.1369697334012 347.19372095214203 11533.00672561815
leaf_count=2186465 64514 8834 76341 273377 292490 48701 191334 335 113211 145210 9897 12985 67749 43608 2289 115160 5480 20608 4291 12583 47744 8652 13793 138588 38221 12545 16729 49792 17376 10392 117471 114 45244 135580 25209 370 3542 20404 85303 19579 109749 108724 32842 3143 5817 5500 10070 41217 115692 34607 8000 66282 22539 39380 67846 3328 1318 6340 230568 99621 27789 92766
internal_value=-0.000833015 -0.0358791 0.00416561 0.0314898 -0.0102175 -0.00231051 -0.000468133 -0.0760693 0.00117036 0.0221855 0.0319679 -0.000724637 0.00168762 0.0204262 0.00269761 0.00582468 0.000936675 -0.0108451 0.0184033 -0.0102594 0.0246409 0.0408979 0.0357099 -0.0220499 0.00299268 0.0279306 0.0117962 0.0153924 0.00964728 -0.0161875 -0.0267574 0.22993 -0.0270478 0.00338416 -0.0362802 0.0122163 -0.0432707 0.0171702 0.0503075 0.039867 -0.0328482 -0.0167968 0.000129797 -0.0135361 0.0061264 -0.0285148 0.0828007 0.048472 -0.0270201 0.00073651 -0.0222325 0.0270883 0.00647563 -0.0334248 -0.0404943 -0.0575664 -0.0393179 -0.0127426 0.00233688 0.00543193 0.0220596 0.000377881
internal_weight=69069.6 8621.7 60447.9 8764.64 5261.93 4834.87 51683.3 3359.76 48679.3 4026.46 3734.69 44652.9 40115.1 3226.01 39233.8 31873.9 22954.1 7359.82 8919.87 1594.22 7325.65 1840.05 5046.63 4537.71 22428.9 1860.82 6333.7 1029 6184.93 4052.48 678.572 15.7284 2130.05 4076.8 567.209 5958.94 881.384 2704.82 659.951 4745.65 662.844 1752.78 2279.02 1538.34 1131.16 3283.02 2430.94 548.292 3003.94 20568 1339.74 2617.88 2044.87 3000.96 2486.13 1399.88 308.854 204.82 19228.3 15256.4 3556.3 11700.1
internal_count=5635248 3046373 2588875 508102 632239 339749 2080773 2414134 1773747 321673 176463 1452074 1189883 166566 1118592 818852 671892 299740 146960 16874 130086 102052 81116 262191 556732 57901 177098 93400 160369 123603 227669 449 202669 163078 27498 142993 71291 137080 94137 67323 227220 153968 48970 35985 19680 136662 331004 57627 307026 498831 13480 66652 42943 131162 110554 71174 7135 16410 485351 254783 62396 192387
is_linear=0
shrinkage=0.1


Tree=51
num_leaves=63
num_cat=0
split_feature=1 12 0 29 26 3 14 19 19 25 4 14 3 12 12 19 18 0 19 0 0 14 9 13 19 12 14 25 24 19 25 0 14 28 3 1 2 26 17 17 14 8 14 3 14 13 25 5 19 13 9 13 2 8 1 0 2 0 19 2 25 0
split_gain=1073.45 1066.62 420.359 292.037 272.708 248.825 260.617 386.357 241.654 400.996 192.084 194.124 183.539 150.757 141.991 137.726 115.645 165.4 111.156 145.768 110.676 118.325 127.356 104.546 100.944 265.355 196.256 98.173 123.808 97.3417 110.729 112.679 97.0367 95.3863 90.7071 98.9155 101.565 89.7178 84.7822 125.001 80.7737 76.9779 79.886 75.7755 91.9648 74.2634 73.3347 77.2046 72.3828 71.026 69.8556 69.3169 68.5966 128.081 121.233 118.584 207.036 82.5241 100.246 80.272 67.9112 67.2926
threshold=8.5000000000000018 52.73088455200196 0.99999997019767772 1.0000000180025095e-35 0.44949495792388922 6.5000000000000009 0.84523808956146251 46.60924148559571 55.193569183349616 3.5000000000000004 1.0000000180025095e-35 0.18333333730697635 6.5000000000000009 90.399383544921889 58.919960021972663 47.233158111572273 83.448474884033217 0.80898490548133861 64.01581192016603 0.42732143402099615 0.88044953346252453 0.44949495792388922 93.40579986572267 68.614070892333999 90.960163116455092 69.309261322021499 0.44949495792388922 9.5000000000000018 11.500000000000002 97.833908081054702 7.5000000000000009 0.40405100584030157 0.38750000298023229 1.0000000180025095e-35 4.5000000000000009 23.500000000000004 0.1548750922083855 0.13392857462167743 10.500000000000002 5.5000000000000009 0.31666667759418493 13.500000000000002 0.31666667759418493 17.500000000000004 0.64583334326744091 98.07621002197267 5.5000000000000009 1.0000000180025095e-35 97.833908081054702 92.718276977539077 90.595520019531264 98.07621002197267 0.78133010864257824 1.5000000000000002 1.0000000180025095e-35 0.77194768190383922 0.88710504770278942 0.65679460763931286 97.575668334960952 0.66015532612800609 3.5000000000000004 0.49591204524040228
decision_type=2 2 2 2 2 2 2 2 2 2 2 2 2 2 2 2 2 2 2 2 2 2 2 2 2 2 2 2 2 2 2 2 2 2 2 2 2 2 2 2 2 2 2 2 2 2 2 2 2 2 2 2 2 2 2 2 2 2 2 2 2 2
left_child=2 4 3 5 48 6 16 60 9 41 14 13 27 38 29 -16 -1 45 -6 34 21 22 23 -13 26 40 -7 28 33 -5 31 46 50 -10 35 36 -20 -11 39 49 -26 42 -3 -44 -45 -18 47 -31 -2 -12 -25 -27 57 54 -54 -55 -57 58 59 61 -8 -23
right_child=1 8 -4 10 18 24 7 -9 12 37 11 20 -14 -15 15 -17 17 -19 19 -21 -22 52 -24 32 25 51 -28 -29 -30 30 -32 -33 -34 -35 -36 -37 -38 -39 -40 -41 -42 -43 43 44 -46 -47 -48 -49 -50 -51 -52 -53 53 55 -56 56 -58 -59 -60 -61 -62 -63
leaf_value=0.029499265485089222 -0.091202579191271782 -0.07822963014718258 0.095151840306714433 -0.081703821629513007 -0.093783513372316038 -0.067068291467562408 0.015508334622442714 0.088423047773352068 0.034932469213481775 -0.096172027269552762 0.0016727743463601698 -0.025742516604152711 -0.031945745776133343 0.1059409662021549 -0.093734947367650742 -0.00062491268751596802 -0.004804889916116651 0.036437131999360876 0.47198702740017301 -0.066900457465146862 -0.032366475487323625 0.0023679539945892264 -0.077967496793758362 0.029456792284641015 -0.010499433197776664 0.038391483632831847 -0.00022175755693749886 -0.04023652219423457 0.0693424155381238 2.2218852438552883 -0.028363894128215463 0.11221255341998644 -0.056559337271230019 0.002232854303260411 -0.039140675588206074 -0.035394913060581429 0.063051893152411984 -0.027955818008695378 -0.011858433576951332 0.056196523921204056 0.090203687334721061 -0.057850205372573231 0.014109175406520895 -0.073932249193777319 -0.00678847788101018 0.099559525767682289 0.44569999395037985 0.6347997086357855 -0.032313357519138754 0.11495183559189398 -0.028057361559204564 0.091454365751352185 -0.038642301203803797 0.02744018822643042 0.010164667874594802 -0.034687382961028294 0.023121743595400743 -0.019532195095318099 0.039083481074726409 0.016620011975823374 -0.12187260698250682 -0.017498781157149167
leaf_weight=3742.8889785000356 2507.3301626158063 143.46380043466343 524.10789383994415 594.6519477244583 217.93993962294189 474.2650611930876 1212.4570160815492 1362.4546362240799 1152.4274767774623 819.26209509646287 1129.9508228248451 2070.1527874032035 1244.3651966990437 213.84323104145005 182.28644300298765 1236.2875618996331 4151.6424112502136 1412.9348420595052 6.2020167419686905 347.98760870611295 1134.424061329104 4003.6149479835294 308.67930482327938 1084.5783533211797 1842.467204056331 839.33854470960796 5940.8208331366768 359.85965945618227 372.46278499509208 0.55949523486197239 52.542684404994361 12.534763002651742 198.96123074973002 3948.658761713421 215.70043423504103 121.71681396715576 293.00861485535279 252.1333438315196 681.15640755416825 928.35476969205774 83.248465356417 306.599024906056 1490.4274647156708 243.92781904304866 1245.9271002052119 69.320517950225621 3.1955568834673613 0.67786156048532575 227.67213089589495 58.200982986018062 262.24054900929332 348.35803924687207 942.25848490884528 3885.8345284420066 1106.6552281170152 1039.6102517694235 1533.1225277399644 2243.568088860251 669.67825761809945 2003.1042828289792 37.082793783163652 2969.5641313735396
leaf_count=121304 2266582 36592 89303 474830 141530 156362 10488 181262 24231 474590 13313 22586 98657 3135 95247 36751 110571 60399 1125 43099 12436 38638 2014 8938 75474 29744 179539 19879 6507 84 4769 1304 3149 103983 69419 17966 32966 18396 9479 9898 1399 25366 73567 65999 98771 8308 292 75 30020 1090 1833 43661 11198 37987 13723 11004 16145 27004 8326 19098 2762 31081
internal_value=-0.000777051 -0.0238893 0.00604218 0.00514521 -0.0688499 0.014069 0.0236559 0.0515913 -0.00860073 -0.0267146 -0.00114001 0.00100475 0.00292037 0.0250134 -0.0304554 -0.0125895 0.0158742 0.00682239 -0.0291617 -0.0148579 -0.00183553 -0.000411482 -0.0163126 -0.0110493 0.00200674 0.0167812 -0.0051637 0.0103579 0.0136842 -0.0686148 0.0433596 0.265461 0.0086282 0.00962029 0.0135891 0.04061 0.0715283 -0.0801186 0.0188276 0.0287033 -0.00614605 -0.0100349 -0.00534182 -0.00183317 -0.0177817 -0.00309092 0.698796 1.35243 -0.0863004 0.00722169 0.0182581 0.0539551 0.00264807 0.00950374 -0.0122808 0.0164147 -0.000238226 -0.00225747 0.00176049 -0.00102401 0.0114313 -0.0060924
internal_weight=68108.7 15517.1 52591.7 52067.6 3937.56 21517.3 11988.8 2611.99 11579.5 4501.74 30550.3 28467.6 7077.77 3011.51 2082.74 1418.57 9376.79 5633.9 1202.56 984.615 25456 24321.6 3924.61 3615.93 9528.5 3113.41 6415.09 5833.41 5473.55 664.162 69.5104 16.9677 1545.78 5101.09 636.628 420.927 299.211 1071.4 2797.66 2116.51 1925.72 3430.35 3123.75 2980.28 1489.85 4220.96 4.43291 1.23736 2735 1188.15 1346.82 1187.7 20397 8507.48 2048.91 6458.57 2572.73 11889.5 9645.96 8976.28 1249.54 6973.18
internal_count=5635248 3649245 1986003 1896700 2602707 981273 495094 194512 1046538 793281 915427 302075 253257 36915 613352 131998 300582 179278 306105 164575 265160 252724 38520 36506 486179 150278 335901 154600 134721 481354 6524 1755 13920 128214 121476 52057 34091 492986 33780 24301 76873 300295 274929 238337 164770 118879 451 159 2296602 14403 10771 73405 214204 90057 24921 65136 27149 124147 97143 88817 13250 69719
is_linear=0
shrinkage=0.1


Tree=52
num_leaves=63
num_cat=0
split_feature=1 11 0 30 26 11 21 20 20 3 7 12 7 14 11 20 0 20 13 11 3 12 14 1 24 17 14 17 0 21 7 17 0 10 14 10 9 14 3 26 27 14 12 11 11 27 30 8 13 30 11 17 21 17 12 14 8 1 14 24 7 14
split_gain=904.937 919.193 384.351 257.447 245.422 641.616 231.128 328.507 177.62 132.63 129.026 105.256 540.052 259.82 102.762 97.2142 124.402 96.9071 96.6695 97.3984 94.4795 85.4288 79.3815 106.221 87.4016 87.1256 93.9528 82.6572 79.3474 131.049 76.3658 75.0546 122.77 92.938 90.5013 76.1617 170.843 192.849 127.049 100.823 139.883 73.9838 92.536 73.5998 127.792 76.4442 89.1097 78.259 70.5727 70.1117 69.6885 68.7622 108.077 65.7647 63.3629 62.6181 62.617 81.7515 63.427 60.0964 60.0214 59.9307
threshold=9.5000000000000018 42.462121963500984 0.99999997019767772 1.0000000180025095e-35 0.88194444775581371 99.275363922119155 0.12701612710952762 1.0000000180025095e-35 58.191438674926765 4.5000000000000009 1.0000000180025095e-35 76.533164978027358 1.0000000180025095e-35 0.18333333730697635 24.068965911865238 99.80237197875978 0.89735862612724315 95.093433380126967 92.907444000244155 84.529914855957045 1.5000000000000002 42.206478118896491 1.0000000180025095e-35 2.5000000000000004 6.5000000000000009 4.5000000000000009 0.31666667759418493 19.500000000000004 0.50929623842239391 0.30602006614208227 1.0000000180025095e-35 5.5000000000000009 0.72551110386848461 86.526824951171889 0.93750000000000011 76.63120269775392 90.595520019531264 0.38750000298023229 21.500000000000004 0.44949495792388922 1.5000000000000002 0.31666667759418493 77.032970428466811 90.054946899414077 69.282051086425795 2.5000000000000004 1.0000000180025095e-35 2.5000000000000004 99.206348419189467 1.0000000180025095e-35 89.512962341308608 5.5000000000000009 0.98275861144065868 9.5000000000000018 58.919960021972663 0.31666667759418493 1.0000000180025095e-35 1.5000000000000002 0.44949495792388922 7.5000000000000009 8.5000000000000018 0.10555555671453477
decision_type=2 2 2 2 2 2 2 2 2 2 2 2 2 2 2 2 2 2 2 2 2 2 2 2 2 2 2 2 2 2 2 2 2 2 2 2 2 2 2 2 2 2 2 2 2 2 2 2 2 2 2 2 2 2 2 2 2 2 2 2 2 2
left_child=2 3 4 -2 11 10 7 55 -9 -8 17 12 14 18 -1 31 -17 61 19 -13 -5 -16 24 -24 -23 26 -25 -26 29 -22 -31 35 33 43 -34 50 38 -38 59 -39 -41 -12 -43 44 53 47 -47 60 56 -42 -15 -7 -53 -33 -28 -3 -19 -58 -59 -37 -45 -6
right_child=1 6 -4 20 5 51 9 8 -10 -11 41 13 -14 15 21 16 -18 48 -20 -21 28 22 23 25 27 -27 54 -29 -30 30 -32 32 34 -35 -36 36 37 39 -40 40 49 42 -44 45 -46 46 -48 -49 -50 -51 -52 52 -54 -55 -56 -57 57 58 -60 -61 -62 -63
leaf_value=0.033048024404729363 -0.081396119318082716 -0.081965314106663703 0.094438268779236639 0.18735431180592246 0.035079366586217041 0.092103275640553012 0.01374447663052447 -0.091545489356346363 0.051650866323506212 -0.019706964919731156 -0.11026917425069212 0.043883969741370293 -0.093228708240297151 -0.02293295198162058 -0.037663647492065223 0.05244817823231003 -0.018059069231681331 -0.036509820724489224 0.10982780801300779 -0.093213638445671682 -0.071141820519602439 -0.021865695552949132 -0.037852042669030528 -0.055832346295775041 0.025273822173902671 -0.034546575167564784 0.10822239960492711 -0.10658222166507986 -0.087969762097860157 0.021548861617605036 -0.10085100582012296 0.085405513898113072 -0.038203841323131031 -0.041693659843604167 0.070727551392696417 0.020961932310805419 -0.052138232078722258 0.0011635509842278149 -0.059985360873645588 0.063579855154302409 0.020758691307719717 0.096116804997208052 -0.098839624232860093 0.027363472100810513 -0.053451054805896861 0.011750921112954414 -0.13306407892890723 -0.0021505374249288496 0.10076086275421198 -0.034789048134887611 0.050391259291156967 -0.017903117755223689 0.082228313340739212 -0.037875167405795357 0.021540387921697778 -0.0066066660807209618 0.022817860597920906 -0.012866497067001124 0.029651496048652755 0.051095630329081557 -0.095929749234055228 0.0071524628008448783
leaf_weight=783.05431032757042 2753.0273062463966 114.89995687105693 477.63855638960376 20.693499112036079 1829.0109406646225 1065.7169898925349 4406.7348004698288 866.20002167311031 96.246806787967216 1621.3411248631892 143.30128888651961 896.10519833257422 701.79281706013717 1593.1758463057922 724.68976368836593 794.78529279958457 365.23974191071466 443.25970500241965 217.69186712987721 54.999857468064874 292.44374124746537 595.88801978027914 1047.6384682861972 146.91020760434913 1882.5824494614499 430.95913811423816 93.61064718128182 48.774062393407803 185.17640685709193 553.76329192041885 56.140228832722642 124.22433853673283 1512.187759970082 518.9358294607373 80.320153224281967 1860.6790456848685 648.00214169325773 19266.281895405147 159.55591410095803 637.55256057577208 791.26518161222339 50.773812725674361 46.77585207670927 1909.1004748597043 512.06787677621469 87.710454968502745 82.41856442950666 2403.4541799296858 69.506987983826548 318.76484004035592 141.09788625186775 168.64438062813133 298.74580973386765 66.401445233379491 850.50669377448503 2732.8199308785261 1395.2099773478694 2433.4961133821635 409.96349910227582 1027.1858489311999 40.318471469101496 1325.1815549439052
leaf_count=99069 2193097 33101 89303 423 51237 183363 121870 481400 9511 125289 51017 9724 460149 38731 184306 23967 8348 9047 6688 581 143025 58464 10995 3382 77539 12164 1295 3618 19259 56219 40283 2076 25282 17321 762 28172 4923 307094 12959 35723 10675 590 516 54184 18262 818 872 77305 9986 7283 2985 15238 40160 1518 10849 205131 28114 43598 14280 10659 9646 31803
internal_value=-0.000730478 -0.0236661 0.00513453 -0.0650134 0.00433117 0.0187299 -0.00743848 -0.0267175 -0.0772255 0.00474721 0.00756099 0.00112097 -0.00982507 0.00333579 -0.000962768 0.00178437 0.0302486 0.00975764 0.0497148 0.035956 -0.0243154 -0.00553754 -0.000969742 -0.0133462 0.0116143 0.00352205 0.0185593 0.021944 -0.028343 -0.0161067 0.0102822 0.000806915 -0.0081416 -0.0013309 -0.0327097 0.00328981 0.0047116 0.00159281 0.0268808 0.00324971 0.0262486 -0.0645412 0.00263362 0.00267731 -0.0274317 0.00735505 -0.0584043 0.00992521 0.000736918 0.00480717 -0.0169674 0.0780781 0.0460988 0.0424627 0.030135 -0.00964724 -0.000748018 0.00299178 -0.00673635 0.0316802 0.0248135 0.0233463
internal_weight=67272.6 13699.5 53573.2 3861.24 53095.5 9679.59 9838.24 3810.17 962.447 6028.08 8146.48 43415.9 7306.41 36109.5 6604.61 34940.7 1160.03 7905.63 1168.8 951.105 1108.22 5821.56 5096.87 2569.63 2527.24 1521.99 1091.03 1931.36 1087.52 902.347 609.904 33780.7 7337.14 5744.63 1592.51 26443.6 24709.3 21661.9 3047.42 21013.9 1747.58 240.851 97.5497 5225.7 702.694 4523 170.129 4352.87 4751.44 1110.03 1734.27 1533.11 467.39 190.626 944.117 2847.72 4681.93 4238.67 2843.46 2887.86 1949.42 3154.19
internal_count=5635248 3428608 2206640 2452306 2117337 478949 976302 729143 490911 247159 240188 1638388 921830 716558 461681 699565 32315 188065 16993 10305 259209 362612 178306 38685 139621 27690 15526 81157 258786 239527 96502 667250 208046 182002 26044 459204 417488 365698 51790 360775 53681 52123 1106 164681 21856 142825 1690 141135 105025 17958 41716 238761 55398 3594 12144 238232 95039 85992 57878 38831 63830 83040
is_linear=0
shrinkage=0.1


Tree=53
num_leaves=63
num_cat=0
split_feature=1 9 0 26 29 7 13 21 7 14 20 7 14 8 13 20 19 0 29 19 18 20 14 26 0 8 1 0 9 17 6 19 26 20 24 17 7 8 0 27 0 20 21 19 21 26 9 7 14 13 17 20 26 21 18 21 18 0 10 14 9 17
split_gain=755.205 822.666 347.839 226.383 217.795 211.642 345.508 211.378 180.284 258.085 600.974 305.228 160.747 124.905 120.395 105.242 104.846 109.717 97.6193 95.9817 140.093 106.803 93.0424 90.632 85.3771 83.1687 110.164 77.7078 144.695 74.8923 73.1329 71.8595 92.9855 79.0709 74.5881 71.7151 71.6744 81.2332 77.6382 71.0959 72.3194 68.1139 84.405 75.8928 108.817 105.39 97.4168 137.909 82.7963 80.702 83.4249 78.9093 69.2885 66.6809 89.3383 66.0443 76.2037 65.392 64.9295 69.5431 107.557 68.5491
threshold=9.5000000000000018 39.369100570678718 0.99999997019767772 0.4083333313465119 1.0000000180025095e-35 1.0000000180025095e-35 97.498435974121108 1.0000000180025095e-35 5.5000000000000009 0.84523808956146251 57.217262268066413 1.0000000180025095e-35 0.31666667759418493 7.5000000000000009 99.206348419189467 93.88999176025392 65.133895874023452 0.4615634977817536 2.5000000000000004 59.585212707519538 1.0000000180025095e-35 76.376262664794936 0.44949495792388922 0.13392857462167743 0.93393263220787059 1.0000000180025095e-35 1.5000000000000002 0.82171362638473522 35.948717117309577 13.500000000000002 1.0000000180025095e-35 81.501609802246108 0.15476191043853763 82.063377380371108 5.5000000000000009 5.5000000000000009 1.5000000000000002 5.5000000000000009 0.48954343795776373 1.5000000000000002 0.22779818624258044 99.014755249023452 0.91106721758842479 98.441547393798842 0.81534090638160717 -1.0000000180025095e-35 40.862709045410163 1.0000000180025095e-35 1.0000000180025095e-35 92.907444000244155 4.5000000000000009 98.421009063720717 -1.0000000180025095e-35 0.86811593174934398 97.446762084960952 0.57417583465576183 95.565387725830092 0.14833624660968783 79.095325469970717 0.38750000298023229 90.595520019531264 5.5000000000000009
decision_type=2 2 2 2 2 2 2 2 2 2 2 2 2 2 2 2 2 2 2 2 2 2 2 2 2 2 2 2 2 2 2 2 2 2 2 2 2 2 2 2 2 2 2 2 2 2 2 2 2 2 2 2 2 2 2 2 2 2 2 2 2 2
left_child=2 3 4 -2 8 19 -7 -6 9 11 36 14 -13 -8 15 31 -5 39 24 20 -3 57 -23 -22 25 26 -9 29 -29 58 -10 34 33 -33 -1 -24 37 -11 -38 -18 -41 42 43 44 46 -45 47 -27 49 50 -48 -47 -43 -54 -55 56 -50 -21 -17 60 -60 -61
right_child=1 5 -4 16 7 6 13 18 30 10 -12 12 -14 -15 -16 27 17 -19 -20 21 23 22 35 -25 -26 41 -28 28 -30 -31 -32 32 -34 -35 -36 -37 38 -39 -40 40 -42 52 -44 45 -46 51 48 -49 55 -51 -52 -53 53 54 -56 -57 -58 -59 59 61 -62 -63
leaf_value=-0.01690738939955309 -0.0843506925355193 0.0009361438316871283 0.093658076820241506 -0.093931374026422848 -0.099542039814873085 -0.082969850010206098 0.0065697832520444591 -0.042291846394501093 -0.082369494039621127 0.056943175842369645 0.088019625013640343 -0.10824587967600069 -0.017101500017379277 -0.037957699229221202 0.1022613856014957 -0.01788711010489406 -0.011259756342343019 -0.072552947926329658 -0.057302294776533792 0.094459206022758826 -0.088410608636468088 -0.014889479299315601 0.042499486727694546 -0.0061989028331934501 -0.055711871365302618 -0.010222605129726659 0.0047771233850508526 -0.016678560876952239 0.043359550283013359 0.027858964748582762 -0.00871047645727995 0.097923534577193702 0.021061438508278078 0.027882083687016723 0.019118524335927315 -0.01334329503899067 0.026222944380886456 -0.028711440648354347 -0.0076086003813881017 0.16259129008274567 0.019285512383070316 -0.011895685505676972 -0.058219617109960153 -0.035767106384464141 -0.034842799945427126 0.034272090703264542 -0.013274836426092671 -0.10073673009474303 0.0067943708983914386 0.11239657810734859 0.040640538241157077 -0.025745474049336432 0.056103927664374026 0.045510159216028669 -0.051677962630282362 -0.0036949632942409913 0.094448881691868283 0.024499929918930685 0.031623576459205598 0.054138905574825882 -0.052183235601005733 -0.057545489663984851
leaf_weight=908.23932640097337 2169.8389185306733 1490.4919901580433 435.60741661256179 197.31395124614937 218.17132443859009 855.11737125820946 1691.3661518859444 1024.6258823367534 142.29256982903462 579.61042036861181 1478.0765410626773 306.91223696363159 523.64705131476512 1003.8926508527948 145.25361037021503 2937.6084466156899 480.24883993482217 229.40099578298395 302.3670560400351 145.959952035686 354.80740874470212 1792.623166651465 659.58300041174516 215.56662162981229 274.56703365570866 769.0334474684787 966.08175847621169 660.16244225762784 1024.1907010222785 594.90642930747708 2556.7590931309387 316.92633800685871 3590.2479080272024 327.97556980582885 1564.9121688221348 353.0785029148683 1093.4778723155614 136.86689645540901 1786.588002985809 51.974096576916054 109.21012444904773 411.63663162547164 242.12089547317009 311.16200191457756 891.93850951112108 1755.4003716303268 474.20995870430488 215.49869723350275 7634.625385263178 101.06839165929705 726.93288888339885 250.30028238054365 651.48871306772344 219.55346185824601 166.16624777123798 13254.21054471354 100.48618731088936 1578.8921897378168 296.96020566765219 413.91475605452433 316.18954613339156 63.370003077667207
leaf_count=35891 2046174 59850 89303 133454 109774 410694 88537 16116 41795 12497 222712 177512 55513 156233 18648 58857 76087 28487 41197 7043 189718 85083 7467 17939 3089 234814 80844 6206 57450 13020 103847 10116 97705 18805 67504 6970 11530 1654 9961 9904 22547 2942 1988 2153 10669 27445 26625 225102 92442 1869 24720 2349 11735 2551 1183 138313 640 82421 8643 19794 5263 3854
internal_value=-0.000679127 -0.021915 0.0046653 -0.0657989 0.00393008 -0.00790353 -0.0275865 -0.00145853 0.0115956 0.0150199 0.0343387 0.00801305 -0.0507816 -0.0100152 0.0117235 0.0107131 -0.0281126 -0.0131994 -0.000762476 0.0026991 -0.0151925 0.0108384 -0.00120149 -0.0573396 -0.000200874 0.000304371 -0.0194495 0.00143951 0.0198283 -0.00526038 -0.0125937 0.0194323 0.0273414 0.0623028 0.00588838 0.0230291 0.0122773 0.0405808 0.00523626 0.00802769 0.0654947 0.00170004 0.000555277 0.00109259 -0.000564826 0.0183817 0.000748706 -0.0300347 0.00210829 0.026576 0.0193548 0.0267822 0.0228176 0.0365942 0.00364197 0.000590275 0.00793308 0.03042 -0.0101518 0.0106869 -0.011594 0.0393104
internal_weight=66541.7 13379.4 53162.3 3237.99 52726.7 10141.4 3550.38 30961.6 21765.1 19066 5074.62 13991.4 830.559 2695.26 13160.9 13015.6 1068.15 870.834 30743.5 6591 2060.87 4530.14 2805.28 570.374 30441.1 30166.5 1990.71 6307.3 1684.35 4622.95 2699.05 6708.3 4235.15 644.902 2473.15 1012.66 3596.54 716.477 2880.07 641.433 161.184 28175.8 26727 26484.9 24168 2316.86 23276.1 984.532 22291.5 1302.21 1201.14 2005.7 1448.85 1037.21 385.72 20989.3 7735.11 1724.85 4028.04 1090.43 613.15 477.285
internal_count=5635248 3428608 2206640 2316653 2117337 1111955 655464 1058560 1058777 913135 258354 654781 233025 244770 421756 403108 270479 137025 948786 456491 267507 188984 99520 207657 907589 904500 96960 173087 63656 109431 145642 230021 126626 28921 103395 14437 35642 14151 21491 108538 32451 807540 789129 787141 755194 31947 744525 459916 284609 53214 51345 29794 18411 15469 3734 231395 93082 89464 96411 37554 13906 23648
is_linear=0
shrinkage=0.1


Tree=54
num_leaves=63
num_cat=0
split_feature=4 9 19 29 13 19 7 26 25 24 3 19 19 25 7 7 7 7 14 8 13 8 8 25 14 19 20 3 29 14 13 26 2 19 25 7 20 25 28 25 14 19 27 17 24 8 29 19 2 14 3 14 17 14 14 9 24 27 28 14 20 26
split_gain=628.233 747.008 532.578 275.903 422.771 546.472 153.125 149.53 143.008 166.908 187.844 126.358 116.506 114.52 101.89 97.1896 93.837 93.4209 334.101 90.9743 87.9456 78.7612 78.0971 75.2739 75.0747 101.716 72.8996 72.1164 72.0665 74.9774 121.41 87.5989 94.4866 84.8018 70.8555 70.3814 72.399 69.7481 67.4305 165.044 68.6301 88.01 88.6955 93.2255 82.5035 77.1825 66.0159 159.67 63.4021 63.2328 63.1102 61.0156 63.8395 66.2838 108.246 70.7715 64.2521 60.7007 117.881 63.586 63.5064 59.968
threshold=1.0000000180025095e-35 42.462121963500984 94.602687835693374 1.0000000180025095e-35 98.07621002197267 53.218408584594734 1.0000000180025095e-35 0.44949495792388922 8.5000000000000018 9.5000000000000018 5.5000000000000009 81.270160675048842 90.960163116455092 8.5000000000000018 1.5000000000000002 1.0000000180025095e-35 1.0000000180025095e-35 1.0000000180025095e-35 0.64583334326744091 7.5000000000000009 98.213714599609389 1.0000000180025095e-35 1.0000000180025095e-35 3.5000000000000004 0.31666667759418493 58.082538604736335 95.093433380126967 1.5000000000000002 2.5000000000000004 1.0000000180025095e-35 92.907444000244155 -1.0000000180025095e-35 0.72155243158340465 69.104278564453139 8.5000000000000018 1.0000000180025095e-35 74.938423156738295 3.5000000000000004 1.0000000180025095e-35 8.5000000000000018 0.31666667759418493 50.920385360717781 1.5000000000000002 7.5000000000000009 10.500000000000002 3.5000000000000004 1.0000000180025095e-35 54.595132827758796 0.22870501875877383 0.13392857462167743 28.500000000000004 0.81666666269302379 3.5000000000000004 0.2264957278966904 0.15476191043853763 47.124916076660163 7.5000000000000009 2.5000000000000004 1.0000000180025095e-35 0.44949495792388922 97.45212554931642 0.19090909510850909
decision_type=2 2 2 2 2 2 2 2 2 2 2 2 2 2 2 2 2 2 2 2 2 2 2 2 2 2 2 2 2 2 2 2 2 2 2 2 2 2 2 2 2 2 2 2 2 2 2 2 2 2 2 2 2 2 2 2 2 2 2 2 2 2
left_child=1 2 7 4 15 14 26 -1 9 17 23 -9 -10 16 19 21 -13 20 -19 37 50 -2 -5 -11 -17 -26 34 -23 29 30 33 -31 57 -24 -4 36 -35 -6 51 40 44 45 -43 -44 -40 -42 -20 -48 -12 -41 -3 52 53 54 -29 -55 -56 58 59 -33 -60 -39
right_child=3 8 6 22 5 -7 -8 11 12 10 48 13 -14 -15 -16 24 -18 18 46 -21 -22 27 28 -25 25 -27 -28 38 -30 31 -32 32 -34 35 -36 -37 -38 61 39 49 41 42 43 -45 -46 -47 47 -49 -50 -51 -52 -53 -54 55 56 -57 -58 -59 60 -61 -62 -63
leaf_value=-0.090648555401598385 -0.016450673111938797 0.0049790036594420904 0.044514040559551556 -0.018926043728101319 0.064490610620994884 0.087582356375046841 -0.099004597698758356 -0.072945290343433278 -0.086457601969337064 0.029095889422372345 -0.034912644178133827 0.12837958548410144 -0.014048698552697121 -0.072432680192888094 -0.0071243906104854864 -0.13193021700296353 -0.10017602905284911 -0.082447217331104092 -0.0030199404195545344 -0.17736776137996924 0.11028265535134006 0.085024918578422898 -0.06048049891095271 0.097245067242646505 -0.098046280208499009 0.036700335328784459 -0.019427810160189338 -0.0098120922501543084 -0.048752818101005957 -0.023751532600452763 0.10962339717707158 -0.0034686961209684113 0.008183143786498941 0.058263931455308088 -0.02790330003580151 -0.11242478167881742 0.011728693408565846 -0.29420597075812388 -0.030494435140452199 0.0017738368276260996 0.018682045722258799 0.053377296142867237 0.012927981373248852 -0.2190332815521619 0.057649108928934906 -0.034046225087332051 -0.092958928591647894 -0.0026567722365387087 0.013957086850877305 -0.12553856072167535 -0.032285247907353709 0.097623589267219035 0.023411352229549168 0.10604826174404472 -0.25914862134807576 0.010835862639803677 0.035991970416781448 -0.045178676861707734 -0.0073525990557901768 0.050652689054783484 0.027061857727464157 0.099553359855704598
leaf_weight=2234.2895246997359 1095.6038141632453 4275.1783802706632 538.64228396397084 2014.1722268337617 425.95147993415594 1702.8455773368478 160.30696011369582 263.49481031787582 373.4402797059156 290.17663343664026 336.77849908889038 105.09237389359623 548.71525717806071 66.864728697692044 1256.0323305791244 78.792100143386051 21.667017217958346 671.1292386353598 4673.915112026385 17.254322592169046 74.81537789455615 132.45705002173781 151.80495832476299 367.14757908810861 95.374452503398061 135.77007699990645 673.98376554145943 1017.0598843640182 283.53208263160195 1447.816211072728 134.02887696586549 340.46331298816949 11520.753872883506 387.67809950769879 180.34768914524466 41.904946546070278 2429.2800128208473 10.231769613921644 778.28967045457102 53.759350438835099 695.33439969178289 677.09499292448163 58.060492343269289 24.69588749203831 122.97028829017654 462.0969049744308 294.34584272187203 584.89343516912777 1253.8873209474259 142.21629002969712 508.54146662098356 90.042325201909989 4019.7574217668734 80.733666045125574 28.06079282797873 2364.1414698869921 10.006486736238001 351.69698989670724 11453.310171448858 599.02473179250956 562.54790857061744 6.2183654652908436
leaf_count=2701635 26844 299747 53153 31218 11168 314920 135864 229842 89699 6435 43575 18889 12237 30362 8995 3408 18123 305114 198950 92 2623 1844 14682 22026 1303 3400 69728 15346 8077 10255 3329 3349 120477 8768 21618 2556 42166 62 14471 616 4204 19560 1322 366 2560 4583 242165 8893 62110 925 36179 16028 115062 1035 375 67905 283 3260 122044 13270 6046 107
internal_value=-0.000628181 -0.0162534 -0.0530776 0.00548253 0.0163796 0.0474499 -0.00645106 -0.079987 -0.00528673 -0.00265221 0.0221927 -0.0278761 -0.0433717 0.0334566 0.00761785 0.00764652 0.0893125 -0.00769164 -0.0158032 0.0479017 0.00270011 0.00909207 0.000129551 0.0671605 -0.0476335 -0.0188986 0.00420024 0.0116937 0.00142168 0.00190523 0.0164977 0.000158785 0.0015531 0.0123519 0.0263493 0.0162193 0.018133 0.0566876 0.0107794 -0.00187829 0.00429162 0.0149902 0.0414329 -0.0562931 -0.0184679 -0.00236937 -0.00774892 -0.0328875 0.0036103 -0.0906147 0.00101756 0.0157936 0.0148138 0.00493941 -0.0160087 0.0139799 -0.181567 -0.00418695 -0.00307416 0.0310395 -0.00574141 -0.14536
internal_weight=65796.5 18497.7 4244.69 47298.9 15580.9 3418.53 1553.28 2691.41 14253 13330.8 2247.99 457.119 922.156 193.624 1715.69 12162.3 126.759 11082.8 6224.28 459.656 4858.54 11852.4 31718 657.324 309.937 231.145 1392.97 10756.8 29703.8 29420.3 3144.7 26275.6 24827.8 3010.67 718.99 2858.86 2816.96 442.402 10624.3 3014.52 2818.54 1917.28 759.851 82.7564 901.26 1157.43 5553.15 879.239 1590.67 195.976 4783.72 7609.8 7519.76 3500 1055.13 2444.88 38.0673 13307 12955.3 939.488 12015.9 16.4501
internal_count=5635248 4608967 3279214 1026281 636784 335344 280363 2998851 1329753 1227817 134146 297216 101936 67374 20424 301440 37012 1093671 755122 11429 338549 293329 389497 28461 8111 4703 144499 266485 358279 350202 71501 278701 268446 68172 74771 53490 50934 11337 264641 48607 47066 30035 21248 1688 17031 8787 450008 251058 105685 1541 335926 216034 200006 84944 16004 68940 658 147969 144709 16619 128090 169
is_linear=0
shrinkage=0.1


Tree=55
num_leaves=63
num_cat=0
split_feature=12 19 28 14 26 7 9 13 14 7 12 9 4 19 21 29 13 9 10 25 4 13 8 21 9 25 10 11 14 10 12 2 14 12 11 13 19 19 18 29 9 2 18 26 11 29 14 21 19 19 25 19 29 7 12 1 13 18 14 12 26 25
split_gain=580.437 696.368 378.188 400.678 313.959 310.1 186.408 222.551 167.694 186.714 156.949 156.318 141.05 135.486 191.776 138.262 130.275 125.135 116.041 109.658 100.94 95.2128 91.1578 90.1652 85.681 84.8566 79.5288 93.21 236.81 131.11 108.122 77.9989 77.0509 74.3593 72.2956 72.0014 70.6752 69.7351 70.6467 68.7018 68.6487 66.9917 114.6 93.9087 83.8463 74.5913 73.1835 65.4275 176.055 124.778 131.755 129.103 72.1223 65.4594 488.59 94.3649 74.9029 63.878 60.6184 60.4508 59.9357 59.3631
threshold=48.074073791503913 85.786437988281264 1.0000000180025095e-35 0.84523808956146251 0.31666667759418493 1.0000000180025095e-35 21.132376670837406 21.680376052856449 1.0000000180025095e-35 1.0000000180025095e-35 85.053192138671889 26.158231735229496 1.0000000180025095e-35 98.830371856689467 0.81534090638160717 1.5000000000000002 28.370221138000492 30.0684928894043 59.611795425415046 8.5000000000000018 1.0000000180025095e-35 17.712418556213382 16.500000000000004 0.89736840128898632 30.471628189086918 10.500000000000002 79.337715148925795 91.476997375488295 0.38750000298023229 90.366767883300795 88.416816711425795 0.66838625073432933 0.31666667759418493 35.948717117309577 30.0684928894043 31.851119995117191 98.092205047607436 56.615140914916999 97.067424774169936 1.0000000180025095e-35 33.520599365234382 0.77065888047218334 86.214557647705092 0.58571431040763866 54.692083358764656 1.0000000180025095e-35 0.31666667759418493 0.70710784196853649 97.22989654541017 92.768566131591811 9.5000000000000018 98.192703247070327 1.0000000180025095e-35 1.0000000180025095e-35 99.333332061767592 1.5000000000000002 99.206348419189467 64.375686645507827 0.31666667759418493 82.972846984863295 -1.0000000180025095e-35 3.5000000000000004
decision_type=2 2 2 2 2 2 2 2 2 2 2 2 2 2 2 2 2 2 2 2 2 2 2 2 2 2 2 2 2 2 2 2 2 2 2 2 2 2 2 2 2 2 2 2 2 2 2 2 2 2 2 2 2 2 2 2 2 2 2 2 2 2
left_child=1 12 3 8 -5 6 31 -8 9 10 21 33 -1 14 15 22 -13 34 39 -6 -17 -2 24 60 36 -22 41 -28 30 -30 -29 -3 -7 -9 -18 -19 -4 -23 -39 59 -37 42 44 45 -10 -43 -44 48 53 -49 51 -51 -52 55 -55 -26 -57 -24 -14 -15 61 -20
right_child=2 5 13 4 19 32 7 11 26 -11 -12 16 58 18 -16 20 17 35 23 -21 25 37 57 -25 47 -27 27 28 29 -31 -32 -33 -34 -35 -36 40 -38 38 -40 -41 -42 43 46 -45 -46 -47 -48 49 -50 50 52 -53 -54 54 -56 56 -58 -59 -60 -61 -62 -63
leaf_value=-0.092438784249629688 -0.11960538781326016 0.057410674575068071 -0.078551995780073103 -0.00085139007032003034 0.085625167260302837 -0.10083353144405201 -0.10938750686418391 0.0026026957914319897 0.067634447890322344 -0.11027752581007562 0.079361383526315887 -0.071887014232225863 -0.03468827776871853 -0.034091009378002857 -0.046465722745105416 -0.061662587769451452 0.048926278303853543 -0.067424478787988379 -0.106363987201833 0.035805421304518963 -0.0065591447956539692 -0.076186380598686959 -0.053441018161737332 -0.14878254110025069 -0.020143515299797875 -0.059956955249858272 0.035667676935225871 -0.18598275524002797 0.001342883944290467 0.062426207227658327 -0.037369979292375913 0.0089749698734294774 1.1967474713115307 0.059527878415425096 -0.039900735650741023 0.020573116026607701 0.35773261642402443 0.033539282726853289 -0.0020653635485260993 0.054736118122046908 -0.029647553683658581 0.0674859144027838 -0.088892749443558017 0.018109897288533829 -0.0082917954382554625 -0.02814450057391444 -0.028316699517241084 0.057758074561857234 0.051985379271810378 -0.024335813854131867 -0.10037774776580802 0.02320272823278681 0.032312865070265331 -0.088971506175391818 0.00064730772395065514 0.0091933144318997444 0.11647929621172814 0.0081448807831587134 0.38829977634291146 0.072804425499950795 0.032352399708606788 0.090960711998980232
leaf_weight=1504.9230146815535 47.481254383747 584.550351933809 173.23338726378279 881.22891516197706 1442.8162068524398 349.98233203677228 227.11889189219801 516.72220144257881 162.24018932104809 98.3952353335917 536.39413080387749 407.0312202682835 513.65274894819595 507.37434436363401 1006.6567265384947 549.97165795514593 442.61936990608228 313.8071893430315 15.959560112794859 636.81725591560826 2077.0095902568428 69.272154592967127 540.58584356185747 23.684553013648838 1162.449942996609 347.37806441658176 1169.7891368570272 53.2310660793446 1040.5256979194237 530.56381198548479 609.51176676386967 770.98572740401141 0.45822312240488727 412.78231379145291 115.54572717950214 396.38693461148068 3.7943486761068916 2394.9861997147673 726.28549441578798 142.49065692408476 868.69184732623398 89.307738470379263 259.04232902615331 1774.2341052365955 1405.0223377525108 940.6029189042747 866.79225736670196 268.45232360932278 702.02375622926047 4332.4984850920737 43.256037923099939 658.04252066556364 772.64722656982485 632.68125270114979 15812.06392103096 10716.063534338842 65.472339722560719 244.63285983278183 3.4105316008208311 59.061761919874698 749.85697025619447 340.96002438908909
leaf_count=2147804 1904 55183 91915 27834 234832 380642 29020 37764 3544 27357 31031 66740 49557 12941 11332 254297 32018 51204 507 60929 27285 10842 60420 249 19179 4721 31612 670 40568 24542 9005 11387 10 23591 15665 38876 136 48530 13626 936 106842 2662 2762 54650 33167 6627 13393 5390 7849 57575 445 6809 8285 323894 514145 437069 1348 5010 70 1646 30060 25345
internal_value=-0.000581923 -0.0268916 0.00280637 0.0160273 0.0491724 -0.00816813 -0.00186322 -0.0134839 0.00834441 0.0257145 0.0292597 -0.00721327 -0.0769573 -0.0021527 -0.00336975 -0.00226027 -0.0200359 -0.0101601 0.0243857 0.0703696 -0.0229844 0.0209601 -0.000554087 0.044276 0.000194636 -0.0142102 0.00078657 0.0127995 0.000824095 0.021971 -0.0493065 0.029862 -0.0991369 0.0278825 0.0305382 -0.0245477 -0.0692008 0.023052 0.0252545 -0.00733159 -0.0139119 -0.00665123 -0.0179157 0.00416719 -0.000432048 -0.019852 -0.0422546 0.00054398 0.0025151 -0.00889508 -0.0119767 -0.0180675 0.0252781 0.00129175 -0.00280061 0.0069262 0.00984482 -0.0342541 -0.0318983 -0.0229451 0.0484073 0.0821374
internal_weight=65111.5 7428.67 57682.8 15734.5 2960.86 5406.68 5056.24 3700.71 12773.7 3872.81 3774.42 3473.59 2021.99 41948.3 40108.9 39102.3 2544.08 2137.05 1839.39 2079.63 2974.36 3238.03 36127.9 1130.46 35342.7 2424.39 8900.86 3403.62 2233.83 1571.09 662.743 1355.54 350.441 929.505 558.165 1578.89 177.028 3190.54 3121.27 708.927 1265.08 5497.24 2693.1 2804.14 1567.26 1029.91 1125.83 35165.7 29090.8 6074.9 5806.44 4990.54 815.903 28388.7 16444.7 11944 10781.5 785.219 517.063 566.436 1106.78 356.92
internal_count=5635248 3046373 2588875 680087 323595 848942 468290 401720 356492 133290 105933 372700 2197431 1908788 1837104 1825772 311345 244605 71684 295761 286303 74902 1539469 56161 1474039 32006 223202 106397 74785 65110 9675 66570 380652 61355 47683 196922 92051 72998 62156 15523 145718 116805 52866 63939 36711 9289 16155 1381988 1303484 78504 73114 64384 8730 1295635 838039 457596 438417 65430 49627 14587 55912 25852
is_linear=0
shrinkage=0.1


Tree=56
num_leaves=63
num_cat=0
split_feature=12 21 0 9 13 27 9 27 25 2 24 2 8 0 21 18 20 4 30 11 20 24 21 3 18 14 12 14 24 12 24 21 21 3 27 3 12 14 17 14 3 30 2 10 11 18 9 30 12 17 18 0 12 13 9 13 3 10 8 17 8 30
split_gain=488.694 556.008 284.911 202.727 197.223 181.162 176.895 173.536 160.269 146.222 126.928 134.058 135.668 120.819 136.417 195.287 137.598 118.02 102.326 177.668 95.9487 91.5682 90.6985 83.7541 80.5648 78.6791 132.936 123.984 76.2971 90.6978 76.1782 87.5301 86.5845 90.8082 74.3929 72.6293 71.1957 70.5592 70.1153 104.395 68.7058 65.8693 65.5123 63.9505 90.7447 92.0354 80.1194 61.1354 60.6661 59.4983 62.8025 57.7852 54.9413 57.906 57.202 54.8645 54.1468 61.5137 61.1121 52.9802 52.6224 57.9398
threshold=48.074073791503913 0.43874999880790716 0.99999997019767772 22.378716468811039 23.90476226806641 1.5000000000000002 27.639257431030277 1.0000000180025095e-35 10.500000000000002 0.72155243158340465 11.500000000000002 0.77065888047218334 1.0000000180025095e-35 0.29157511889934545 0.29520697891712194 1.0000000180025095e-35 47.440153121948249 1.0000000180025095e-35 1.0000000180025095e-35 98.07621002197267 79.557674407958999 7.5000000000000009 0.059714796021580703 111.50000000000001 36.593336105346687 1.0000000180025095e-35 88.067794799804702 0.31666667759418493 7.5000000000000009 86.72955703735353 5.5000000000000009 0.2709790319204331 0.62731480598449718 8.5000000000000018 2.5000000000000004 8.5000000000000018 70.087718963623061 0.31666667759418493 9.5000000000000018 0.31666667759418493 1.5000000000000002 1.0000000180025095e-35 0.80234554409980785 71.89255523681642 86.526824951171889 99.783550262451186 72.065574645996108 1.0000000180025095e-35 35.948717117309577 4.5000000000000009 99.783550262451186 0.71415531635284435 42.740047454833991 29.459980010986332 34.851621627807624 51.925926208496101 5.5000000000000009 81.375640869140639 5.5000000000000009 5.5000000000000009 26.500000000000004 -1.0000000180025095e-35
decision_type=2 2 2 2 2 2 2 2 2 2 2 2 2 2 2 2 2 2 2 2 2 2 2 2 2 2 2 2 2 2 2 2 2 2 2 2 2 2 2 2 2 2 2 2 2 2 2 2 2 2 2 2 2 2 2 2 2 2 2 2 2 2
left_child=1 5 7 42 -5 -1 48 13 10 41 11 20 -13 14 15 37 -17 -8 51 -20 22 -21 -9 60 -22 26 49 28 29 -27 31 -24 33 -32 36 -12 -29 -2 39 59 -7 -10 -3 44 45 -38 -47 -36 -6 50 -26 -14 53 -19 -54 -16 57 -18 -59 -11 61 -15
right_child=2 3 -4 4 6 40 17 8 9 38 35 12 18 23 55 16 56 52 19 21 24 -23 30 -25 25 27 -28 34 -30 -31 32 -33 -34 -35 47 -37 43 -39 -40 -41 -42 -43 -44 -45 -46 46 -48 -49 -50 -51 -52 -53 54 -55 -56 -57 -58 58 -60 -61 -62 -63
leaf_value=-0.082133463131697115 -0.08149362190930623 0.032940870933040441 0.094119373726794922 -0.096091430756898535 -0.0041407171249804812 0.35825160261342082 -0.061649050537587728 -0.10787216773100959 -0.024447489163593704 0.012595115883238767 0.065912648447752326 -0.02099899238163204 0.028867890635323863 0.0063954551078686181 -0.032759156960248302 -0.098807340772716357 -0.044802457178097589 -0.078529931821532228 0.018850755434279411 0.081186264421618609 -0.13088850659878001 0.02159552796421367 -0.074270274626227817 -0.050600036220247974 -0.011892879259955861 -0.11160754326007596 0.094243199520773216 0.042767403366745171 -0.0026715131513742165 0.015033137076759174 0.041612762779377956 0.0072494598771505091 -0.0038701889309047163 -0.03443552293052958 0.0014112229961221248 -0.029461661354474235 -0.03263183510937169 -0.0063602817038010424 -0.031272422597783407 -0.0039689370162508571 0.023042117382458635 -0.080138458955391623 -0.0082269883366319595 0.0028805228622427611 0.022074788320167422 -0.10969186649838494 -0.41353488780059761 -0.099199965129547513 0.046005806000893996 0.022021196586052488 -0.14476246507334653 -0.0012891785516747712 0.038823643494367947 -0.017226837629176536 -0.018435309208179696 0.015758062599795657 -0.068233144971360224 0.060756661271191219 -0.045216895242182427 0.061923659940783665 -0.058368025691972206 -0.0029059800935649681
leaf_weight=1668.3015505942749 131.92655261204345 1152.8078499838593 337.81802290584892 329.9661313079996 479.83913773694076 6.4257069660816333 777.79132341727382 57.653703247953672 671.50791766541079 450.24813285673736 632.84008828940568 636.54963411111385 1188.8216919141705 11473.839924896369 279.92256630631164 505.97003027558094 284.30145526747219 196.88241631304845 1795.3637087247916 1045.7000412419438 48.376321490679402 342.26099067600444 152.0567464302294 322.65291760547552 331.5027977367281 250.43373244145187 205.01498701889068 371.12840722687542 186.28914551687194 73.047711653634906 2149.3437717414927 984.52423319400987 709.25471360591473 169.39153067575535 106.4010020676069 91.373791805119254 526.61378566687927 2378.5421230550855 566.99576553603401 2393.0216327479575 126.24907637864817 310.62087421299657 581.55242764553986 3792.009899956407 262.36842625681311 75.300414582714438 9.80886212736368 139.67852943530306 485.18460436596069 828.25119798036758 39.849650923861191 1364.8595984749263 310.18240883154795 708.8281675374601 398.77341412357055 1392.7359674421605 273.23594636219786 156.65906268358231 83.379097154887859 421.61055900156498 150.28574179287534 16085.725443362549
leaf_count=1938958 43438 179339 89285 98523 78913 125 588271 7276 23526 9681 16046 17583 14285 311789 111481 378479 84124 4202 50653 146899 1163 33164 15671 48628 10540 3533 11814 5331 2731 1177 56711 26710 17493 13167 1087 4639 6622 192212 9367 52241 63768 9415 11488 90140 5963 936 128 3013 62928 28166 1433 20688 3767 10352 5739 23708 84752 6168 9789 7000 9640 469390
internal_value=-0.000538375 -0.0250493 0.00255468 -0.00905854 -0.02232 -0.0731894 -0.0150699 0.00201105 0.00862354 -0.00763602 0.0128395 0.0111737 0.0228011 -0.00260125 -0.0161718 -0.026614 -0.0580162 -0.0296478 0.0276609 0.0396226 0.00471165 0.0664916 0.0166942 5.4847e-05 -0.0022705 -0.00140605 0.0198268 -0.00655427 -0.0536513 -0.0830099 0.0184187 -0.0036566 0.0267049 0.0360572 -0.00201002 0.0538793 0.000612712 -0.0103086 0.00118728 0.0068244 0.039277 -0.042061 0.0191368 -0.00274015 -0.0271239 -0.0482253 -0.14471 -0.0556972 0.0210714 0.00710887 -0.026151 0.0127499 -0.0142327 -0.0305528 0.00661663 0.00763861 -0.0321389 -0.01333 0.0239459 0.0364493 0.000644671 0.000966475
internal_weight=64459.9 7222.78 57237.1 5421.81 3687.45 1800.98 3357.48 56899.3 23380.1 4814 18566.1 17841.9 6373.56 33519.2 5486.67 3814.01 1303.55 2392.46 5737.01 3183.32 11468.3 1387.96 4222.22 28032.5 7246.07 7197.7 1404.62 5793.08 509.771 323.481 4164.57 1136.58 3027.99 2318.74 5283.31 724.214 5037.23 2510.47 3831.88 3264.88 132.675 982.129 1734.36 4666.1 874.091 611.723 85.1093 246.08 965.024 1199.6 371.352 2553.68 1614.67 905.711 708.956 1672.66 797.576 524.34 240.038 871.859 27709.9 27559.6
internal_count=5635248 3046373 2588875 1043522 852695 2002851 754172 2499590 725992 111230 614762 594077 283272 1773598 934151 798962 563312 612331 265689 230716 310805 180063 137028 839447 173777 172614 51953 120661 7441 4710 129752 42381 87371 69878 113220 20685 109120 235650 78289 68922 63893 32941 190827 103789 13649 7686 1064 4100 141841 40139 11973 34973 24060 14554 9506 135189 184833 100081 15957 16681 790819 781179
is_linear=0
shrinkage=0.1


Tree=57
num_leaves=63
num_cat=0
split_feature=1 11 0 26 7 13 29 21 7 14 20 7 14 13 8 0 21 20 25 25 21 25 0 20 4 12 2 21 11 0 12 20 0 0 13 1 2 2 0 2 8 1 0 1 21 7 0 8 6 21 7 14 14 18 14 12 2 0 1 8 14 1
split_gain=441.172 569.539 236.399 209.516 133.401 235.684 132.32 173.271 124.785 164.688 475.729 184.794 142.892 94.4545 88.9844 84.0829 88.5207 83.3745 81.5563 76.3505 93.5122 183.698 73.8918 97.7581 91.3941 152.308 89.2252 86.1006 75.9596 66.7167 65.6639 63.9444 63.2637 62.9239 136.129 62.5899 352.579 95.5079 118.613 119.72 87.1747 83.2292 75.8602 75.8191 75.0389 61.3722 70.8581 65.2276 59.5916 59.547 59.4962 59.3756 58.7512 58.6592 55.7963 81.186 57.3684 117.343 65.1084 55.6979 54.8843 54.5503
threshold=9.5000000000000018 42.462121963500984 0.99999997019767772 0.4083333313465119 1.0000000180025095e-35 97.498435974121108 1.0000000180025095e-35 1.0000000180025095e-35 5.5000000000000009 0.84523808956146251 57.217262268066413 1.0000000180025095e-35 0.31666667759418493 99.206348419189467 7.5000000000000009 0.49591204524040228 0.29520697891712194 93.88999176025392 3.5000000000000004 9.5000000000000018 0.1132478639483452 3.5000000000000004 0.84885936975479137 98.219570159912124 1.0000000180025095e-35 58.434959411621101 0.92946019768714916 0.71714287996292125 19.139194488525394 0.93393263220787059 75.93103408813478 77.204086303710952 0.71415531635284435 0.86401242017745983 34.549070358276374 1.0000000180025095e-35 0.99996608495712291 0.81346824765205394 0.65679460763931286 0.69381573796272289 1.5000000000000002 1.5000000000000002 0.78429833054542553 1.5000000000000002 0.41885964572429663 1.5000000000000002 0.48954343795776373 4.5000000000000009 1.0000000180025095e-35 0.93933823704719555 1.0000000180025095e-35 1.0000000180025095e-35 0.93750000000000011 92.071350097656264 0.095454547554254546 88.273490905761733 0.50812038779258739 0.50929623842239391 2.5000000000000004 7.5000000000000009 0.44949495792388922 28.500000000000004
decision_type=2 2 2 2 2 2 2 2 2 2 2 2 2 2 2 2 2 2 2 2 2 2 2 2 2 2 2 2 2 2 2 2 2 2 2 2 2 2 2 2 2 2 2 2 2 2 2 2 2 2 2 2 2 2 2 2 2 2 2 2 2 2
left_child=2 3 6 30 19 -6 8 -8 9 11 18 13 -13 17 -7 16 -5 49 45 20 21 59 23 24 25 -9 -24 32 -26 -28 -2 51 -25 -19 -35 40 37 38 39 44 -30 -41 43 -39 -37 47 -47 -11 -10 -1 61 -22 -42 -29 55 -46 -56 58 -58 -3 -33 -18
right_child=1 4 -4 15 5 14 7 22 48 10 -12 12 -14 -15 -16 -17 50 33 -20 -21 31 -23 26 27 28 -27 29 53 35 -31 -32 60 -34 34 -36 36 -38 42 -40 41 52 -43 -44 -45 54 46 -48 -49 -50 -51 -52 -53 -54 -55 56 -57 57 -59 -60 -61 -62 -63
leaf_value=0.012140069483860195 -0.078095929199993849 0.011479206392884514 0.090557446200652772 -0.059633332907423044 -0.076014514502103669 0.0055436476460116232 -0.099073711722365648 -0.066367308192906149 -0.078833645929272403 0.06170636650968863 0.083936107011507513 -0.10794428749566252 -0.01233340926467303 0.10208629594880136 -0.032876576341258512 -0.080037933693906979 0.028138638952179003 -0.0042636922070097404 -0.081727999428941378 -0.044638350447629802 0.060613639095311471 -0.087941274831626115 -0.051799343131474086 0.073260535197255575 0.091731521061508794 -0.0037611525927162236 0.0043699118444280568 0.07251562859207504 -0.039286126505322955 -0.050226932492542058 0.10338573974685164 -0.0093062275316318759 0.014902107686738714 -0.023293674154069448 0.053402900738181915 0.015148806376660086 0.14885154931077335 0.0053176386845305377 -0.019759303927340231 -0.013076844967643117 -0.031503731380932869 0.03147237538874037 -0.0092557042006507755 0.034274235402307958 0.0058680687165790744 0.026683654334325003 -0.006030561288786423 -0.007357652902110547 -0.0077815374276282547 0.037991156713337554 -0.10061989142295946 0.018139413055962516 0.012119665605790399 0.00054059938257798145 -0.021013011670003814 0.098619950855195981 -0.012142557828103738 -0.013679413105167855 0.030167654517034244 -0.032782275289213951 0.022230914698050636 -0.055584182247730853
leaf_weight=5472.2029323122115 1832.2436032172409 1161.3887868749443 310.5569621049799 258.14599234584603 640.41857916500885 1670.104493467079 179.67204606736777 551.86083532031626 123.82885485852603 445.29295599227771 1156.4360120438505 229.32681202504318 490.95133415440796 108.7415086121764 943.32390938838944 205.58120032382431 564.88579493918223 5171.7108462955803 94.137234808178619 313.87117736320943 443.51320282067172 276.12005334621063 587.39462667005137 433.51364968379494 91.301912775961682 1313.412970604084 1207.864736178657 123.79298159619793 912.7310241330415 274.72798179660458 20.156399842642713 1352.1376511589624 325.03270867507672 379.60666333383415 592.81595121067949 1901.3139215398114 162.40050884941593 1725.3547912542708 3249.3369563270826 538.63943897280842 430.28212159126997 1893.9052128170151 1122.5813705124892 1900.0204912940972 829.09077792917378 1060.3542266162112 1762.7693492427934 197.35929504176602 2525.2044242930133 1064.3633232288994 46.360492504551075 1276.0644907500246 1092.8623436028138 1327.391278510855 2780.9157839561813 106.49164572404698 513.32265042653307 3589.701514313696 1247.8089120946825 376.46500850422308 932.3209739922313 90.257835791271646
leaf_count=198137 2162869 53844 89303 154722 347593 88537 109774 579595 41795 10537 222712 177512 55513 18648 156233 24793 55031 129521 8072 28401 35130 158540 5788 8834 1772 57795 13032 1485 11098 3089 1578 45266 3793 3390 40176 19663 1741 18291 37712 5386 5858 18921 11303 19079 14211 5999 8495 2539 103847 31884 45044 29847 8964 14229 28326 1855 5195 39881 11890 19437 13474 8269
internal_value=-0.000497477 -0.0174313 0.00357313 -0.0552227 -0.00528094 -0.021647 0.00304643 -0.00116173 0.00917725 0.0121248 0.0282129 0.00650834 -0.0427746 0.00928386 -0.00832423 -0.0219999 -0.0095667 0.00848805 0.0101113 0.0034036 0.00599537 -0.0128403 -0.000579847 0.000760449 -0.000958684 -0.0222838 -0.0188152 0.0209517 0.000692643 -0.00574701 -0.0761212 0.0145286 0.0482543 0.000124521 0.0234627 0.000346262 0.00206287 0.000948835 -0.0026187 0.00153732 -0.0148481 0.0216078 0.0134597 0.0204935 -0.00291376 0.0126058 0.00625677 0.0404967 -0.0111029 0.0163495 0.00885728 0.0290944 -0.000203767 0.00668041 -0.00670127 0.0164255 -0.00936207 -0.00330689 0.0178354 0.000644042 0.00356454 0.0166043
internal_weight=64001.7 12403.4 51598.4 3017.63 9385.73 3253.85 51287.8 30412.7 20875.1 18226.1 4716.35 13509.7 720.278 12789.4 2613.43 1165.23 959.65 12680.7 3559.91 6131.88 5818.01 1813.97 30233.1 28163.1 25953.3 1865.27 2069.99 2209.73 24088.1 1482.59 1852.4 4004.04 758.546 6144.13 972.423 23996.8 21560.9 21398.5 16650.5 13401.2 2435.88 2432.54 4747.96 3625.38 10968.6 3465.78 2823.12 642.652 2649.03 6536.57 701.504 1719.58 1523.14 1451.18 9067.33 935.582 8131.75 5350.83 1761.13 1537.85 2284.46 655.144
internal_count=5635248 3428608 2206640 2452306 976302 592363 2117337 1058560 1058777 913135 258354 654781 233025 421756 244770 287859 263066 403108 35642 383939 355538 231821 948786 926877 898536 637390 21909 28341 261146 16121 2164447 123717 12627 173087 43566 259374 233454 231713 183040 145328 25920 24307 48673 37370 121021 27570 14494 13076 145642 230021 108344 64977 14822 15714 101358 16066 85292 56966 17085 73281 58740 63300
is_linear=0
shrinkage=0.1


Tree=58
num_leaves=63
num_cat=0
split_feature=1 9 0 30 3 19 14 29 29 30 20 21 19 19 1 3 11 20 25 29 19 0 26 30 25 21 2 7 12 0 0 4 26 25 19 19 29 20 14 7 10 20 12 14 21 21 19 14 11 0 1 14 10 2 9 0 7 12 7 1 2 14
split_gain=366.782 502.051 212.394 194.237 120.661 109.894 193.021 209.789 94.7704 187.899 103.004 119.804 119.147 103.331 92.2659 85.0803 164.476 103.075 89.8563 107.964 82.8171 93.0712 79.1745 75.4303 68.3536 67.9651 65.925 65.5083 101.361 64.9498 63.8524 61.2639 60.8542 60.4524 59.1802 58.7669 92.7039 74.0966 58.3593 56.9969 56.9912 56.5286 74.3007 111.91 60.2208 72.5947 59.5863 57.1857 60.154 56.7944 55.2899 51.4062 65.8539 60.906 58.8471 50.8534 49.1336 48.9756 48.2574 51.8393 68.3665 47.8803
threshold=9.5000000000000018 39.369100570678718 0.99999997019767772 1.0000000180025095e-35 3.5000000000000004 98.441547393798842 0.84523808956146251 1.0000000180025095e-35 1.5000000000000002 1.0000000180025095e-35 98.421009063720717 0.70710784196853649 93.03940582275392 97.311748504638686 34.500000000000007 4.5000000000000009 40.967367172241218 82.621711730957045 6.5000000000000009 1.0000000180025095e-35 65.133895874023452 0.39505723118782049 0.34848485887050634 1.0000000180025095e-35 8.5000000000000018 0.35388994216918951 0.74055027961730968 1.0000000180025095e-35 97.752525329589858 0.70274078845977794 0.83491453528404247 1.0000000180025095e-35 0.44949495792388922 8.5000000000000018 84.63898086547853 89.42132949829103 1.0000000180025095e-35 52.206359863281257 1.0000000180025095e-35 1.5000000000000002 60.660173416137702 95.093433380126967 64.346244812011733 0.18333333730697635 0.95916664600372326 0.82085561752319347 99.760765075683608 0.10555555671453477 98.213714599609389 0.43914636969566351 2.5000000000000004 0.41428571939468389 88.273490905761733 0.69381573796272289 69.631092071533217 0.30092045664787298 1.0000000180025095e-35 63.733076095581062 1.0000000180025095e-35 25.500000000000004 0.1848881542682648 0.31666667759418493
decision_type=2 2 2 2 2 2 2 2 2 2 2 2 2 2 2 2 2 2 2 2 2 2 2 2 2 2 2 2 2 2 2 2 2 2 2 2 2 2 2 2 2 2 2 2 2 2 2 2 2 2 2 2 2 2 2 2 2 2 2 2 2 2
left_child=2 3 5 34 14 8 27 -8 10 31 11 13 40 15 38 17 56 18 19 39 -5 58 55 -24 35 -16 -14 41 61 -12 -9 -10 -33 -11 -2 36 -6 -38 57 -1 -13 44 46 -44 45 -7 -43 49 -49 -46 -48 53 54 -45 -53 -21 -17 -3 59 60 -22 -29
right_child=1 4 -4 20 24 6 7 30 9 33 29 12 26 -15 25 16 -18 -19 -20 22 21 -23 23 -25 -26 -27 -28 28 -30 -31 -32 32 -34 -35 -36 -37 37 -39 -40 -41 -42 42 43 51 47 -47 50 48 -50 -51 -52 52 -54 -55 -56 -57 -58 -59 -60 -61 -62 -63
leaf_value=0.03890060795236535 -0.090320479975171314 0.0064358827122812977 0.089417932183858087 -0.090936507249016127 -0.0097573707826970196 0.026397248278377507 0.090887008735497377 0.037488764002226137 -0.076285032351461599 0.10170115379234641 0.063382618156007056 -0.02197824674078773 -0.025775817910797125 0.042529209174793074 -0.072366999051165656 -0.036881061147703294 -0.0008676649468527495 -0.00011870582605427913 0.036254506271888663 0.030134581998187377 0.19935711029190478 -0.052692986403157664 0.094215954505333072 -0.014415128904892164 -0.056061782675927221 0.0055212992702352868 -0.0061788097229269574 -0.11232540917004241 0.11533121166989835 0.014256606628131573 -0.017635651871186372 -0.016176085767067024 -0.079424049454619602 -0.040235115030878101 -0.051723125815197613 0.0070863377770091834 -0.092772572669208631 -0.029043221722428837 0.006124670036641541 0.0021599439874368247 0.050494353246932223 0.047149275527627377 0.044859529962387241 -0.045079650950793401 0.1463431877294662 -0.0057005370053345196 -0.00098371111705513291 -0.001754162104098685 0.087268610288072201 0.045678975974783952 -0.029882765471169876 0.045311731952349027 0.055562827758270511 0.0007276647025956629 -0.00724894056450441 -0.013263311978242643 -0.10070383353326191 0.065621973759738703 -0.10065138204166138 -0.038516245333204836 0.035867850166285076 -0.019729677627594994
leaf_weight=1387.2448836638359 1033.5112248002843 242.46006711537484 284.40706348721869 126.54103462159401 2705.8308468135656 1285.7544012377039 593.41912544495426 482.79020666517317 219.59099506764323 161.47353369538905 391.57372464492801 143.70399813060067 2891.0823659293528 664.28027073951671 244.53786264249356 458.52676584816072 11365.13022245944 7570.4097841597104 1770.1787213790813 306.8084395689657 27.805979608034249 246.45129634806653 155.19290212815395 108.68468000256689 396.68998684210237 206.75339734152658 4225.5773653415381 116.75714100163896 34.837881953455508 860.62772738799686 372.07154322043061 2038.6888830108801 164.3905990710482 36.856452698935755 645.26781217445387 1127.2599800615571 251.73050703160698 662.7956195443403 3492.8224797328585 606.98806557047646 443.02646708558314 169.57753767655231 777.59768203343265 375.53931725490838 61.675988608039916 1558.9657776926178 1472.3484912614804 489.51964131649584 89.832848973339424 614.14201982226223 1202.9121481543407 277.19765971694142 326.9121112995781 1278.2460582437925 919.92172220395878 2251.3505675446359 163.68105752556585 330.23643854999682 29.338260380987776 84.159525310446043 319.20908433973091 107.04008051706478
leaf_count=45724 1597922 49664 89303 122287 300179 27683 145617 14080 162935 4208 7971 15783 82708 14097 73128 201430 407250 149465 58823 26622 4516 35833 2389 2396 73830 15618 71460 58699 1856 18237 6620 25049 1511 3120 475144 43316 247552 131032 171605 9467 9349 1961 26920 5534 1393 28914 14482 13303 12692 12923 24725 11713 18127 24604 36416 48960 259024 6031 33080 10022 37849 1097
internal_value=-0.000464032 -0.0160683 0.00324052 -0.0558925 -0.00571233 0.00275987 0.0108603 0.0452064 9.93783e-05 -0.0182552 0.00144451 0.000422261 -0.010569 0.00358059 0.00621427 0.00259097 -0.00360842 0.00784031 0.0169883 0.00990722 -0.0164309 -0.00309498 -0.00267887 0.0494735 -0.0161841 -0.0366835 -0.0141399 0.0064026 -0.0433381 0.0296187 0.0134963 -0.0259161 -0.0208956 0.0753246 -0.0754849 -0.0128521 -0.0190603 -0.0465852 0.0109761 0.0277178 0.0327441 0.00758283 0.00199116 0.0108559 0.0168574 0.00880699 -0.0103342 0.0351029 0.0120495 0.0548657 -0.013978 0.00253538 0.0157845 -0.0096742 0.00492169 -0.00805846 -0.0536706 0.0405646 0.0234482 0.0318923 0.0489681 -0.0680378
internal_weight=63449.9 12173.4 51276.5 2512.28 9661.12 50992.1 12607.1 1448.28 38385.1 2621 35764.1 34511.9 7703.39 26808.5 4516.81 26144.2 11987.3 14156.9 6586.45 4816.27 833.505 706.964 2822.04 263.878 5144.31 451.291 7116.66 11158.8 258.635 1252.2 854.862 2422.67 2203.08 198.33 1678.78 4747.62 3620.36 914.526 4065.52 1994.23 586.73 10900.1 6800.25 3955.41 4099.89 2844.72 2844.84 1255.17 579.352 675.818 2675.26 3177.82 1524.03 1653.79 1197.12 2558.16 622.208 572.697 460.513 431.175 347.015 223.797
internal_count=5635248 3428608 2206640 2316653 1111955 2117337 489359 166317 1627978 196823 1431155 1404947 179300 1225647 316046 1211550 867704 343846 194381 135558 243587 121300 80367 4785 795909 88746 154168 323042 61652 26208 20700 189495 26560 7328 2073066 722079 678763 378584 227300 55191 25132 261390 164482 123314 96908 56597 41168 40311 25995 14316 39207 96394 66256 30138 48129 75582 460454 55695 85467 52387 42365 59796
is_linear=0
shrinkage=0.1


Tree=59
num_leaves=63
num_cat=0
split_feature=12 7 9 26 13 13 9 29 17 11 25 19 21 20 13 24 19 21 8 19 19 17 25 3 19 25 30 12 19 8 21 12 18 24 17 11 18 17 26 21 3 30 29 21 27 19 13 9 9 11 24 20 29 7 12 13 1 3 24 21 19 17
split_gain=305.563 388.784 227.562 218.931 467.43 145.389 180.353 137.244 133.902 106.736 91.1071 89.8776 119.97 99.9262 87.5947 84.0609 179.486 107.013 84.0052 81.711 81.4193 83.0959 89.4127 75.5823 72.241 67.8315 88.1843 65.3407 65.321 65.0146 62.4675 62.1304 60.7721 67.3534 60.7293 121.809 104.233 68.9912 65.0603 60.2619 60.1458 83.2494 104.078 62.7939 59.502 57.6238 57.5862 182.394 57.2491 55.4794 54.9087 54.2992 59.6492 53.0204 390.161 123.309 98.6142 60.9476 63.3341 85.2975 52.7011 50.8245
threshold=42.740047454833991 1.0000000180025095e-35 21.132376670837406 0.88194444775581371 99.206348419189467 22.903981208801273 27.639257431030277 2.5000000000000004 11.500000000000002 99.275363922119155 8.5000000000000018 98.706874847412124 0.84807693958282482 99.80237197875978 29.459980010986332 11.500000000000002 97.448913574218764 0.77097901701927196 4.5000000000000009 87.194396972656264 99.760765075683608 8.5000000000000018 6.5000000000000009 79.500000000000014 94.767265319824233 3.5000000000000004 1.0000000180025095e-35 98.549507141113295 79.557674407958999 16.500000000000004 0.98275861144065868 82.972846984863295 97.68778228759767 12.500000000000002 10.500000000000002 94.494949340820327 91.681709289550795 8.5000000000000018 0.38750000298023229 0.29520697891712194 3.5000000000000004 1.0000000180025095e-35 1.0000000180025095e-35 0.62731480598449718 1.5000000000000002 66.496597290039077 16.53005409240723 15.535444736480715 77.003208160400405 27.639257431030277 7.5000000000000009 98.715198516845717 1.5000000000000002 1.0000000180025095e-35 99.333332061767592 99.206348419189467 1.5000000000000002 22.500000000000004 5.5000000000000009 0.70710784196853649 79.324596405029311 4.5000000000000009
decision_type=2 2 2 2 2 2 2 2 2 2 2 2 2 2 2 2 2 2 2 2 2 2 2 2 2 2 2 2 2 2 2 2 2 2 2 2 2 2 2 2 2 2 2 2 2 2 2 2 2 2 2 2 2 2 2 2 2 2 2 2 2 2
left_child=1 2 45 7 9 -4 28 8 11 18 19 13 25 15 -8 17 40 23 27 31 21 -11 -23 29 -16 26 -13 50 -7 34 32 44 51 -34 37 -36 -37 53 -38 -31 41 -17 43 -43 -10 -1 47 -47 -39 -30 -5 52 -14 55 -55 56 -2 58 61 -60 -20 -58
right_child=3 -3 5 4 -6 6 14 -9 10 20 -12 12 30 -15 24 16 -18 -19 60 -21 -22 22 -24 -25 -26 -27 -28 -29 49 39 -32 -33 33 -35 35 36 38 48 -40 -41 -42 42 -44 -45 -46 46 -48 -49 -50 -51 -52 -53 -54 54 -56 -57 57 -59 59 -61 -62 -63
leaf_value=-0.089997372997801195 -0.019065264408593834 -0.10034975817270449 -0.089166836386233392 -0.0095610881418323884 0.085135846705444884 -0.060684049404886913 -0.083129908778852332 -0.058707685868605523 -0.073958503596860709 0.048330781608769212 -0.047457413549230401 -0.10597529244761046 -0.02349616377688904 0.0584616430562259 -0.063070147561162665 0.04893939850813802 -0.031918364287527722 -0.028197022406142698 -0.037269123552000571 0.010984233665566612 0.077305443095101747 0.0081002714809834328 -0.20568805567686593 -0.040816909846920844 -0.011170005757423711 0.034376581019033202 0.050509325683222396 -0.14791683777356643 0.029412924035481916 -0.056668160029117523 0.058443427301717192 -0.010629336726182652 -0.11922893923977514 -0.019032522289672532 -0.037447848728641868 0.044319751001200544 0.28089884226313122 -0.0032938838772591985 0.039708940368818724 0.0010046224321641781 0.011554987388158413 0.11672396602168374 -0.077086153531677762 -0.18171658348234232 0.079170048377744592 0.024178951574801762 0.039378011530310154 -0.11732009614966082 -0.034039888058226775 -0.025117185981029855 0.013309216450016446 0.023809381352058883 0.052177959384223094 -0.08255252908303104 -0.00014499838272803877 0.11192004851489612 0.0069526166219596817 -0.027650345030489451 0.021258662127826875 -0.0044351121666387511 0.02748066332207812 -0.018186356388866395
leaf_weight=47.560187362716533 1534.6955499533797 586.79034115109243 358.80872989812633 2978.7617608216824 895.04386039474048 122.20424798500608 411.18858890846604 406.00438990510884 336.30359475445584 134.16397512611002 905.94236219816958 80.618247736187186 856.53717160463566 285.94945931932307 414.60819835946313 1165.6375965869811 732.54720865096897 1533.365354393376 135.64454808164737 1000.1110481393116 374.74096532491967 47.434016402345151 33.293956050649285 475.86265246864059 759.44671306543751 2203.536474695371 65.085739465197548 30.682860831497237 794.62199908049661 395.36803750388208 153.23820154700661 638.81666281080106 92.294404395157471 245.66737752698828 167.6258676686848 319.92305524268886 33.153184846974909 1385.1072054643591 16.877558323554695 334.42533146368805 1949.9823003553611 56.727961327705998 122.52633021475049 8.0507644651224819 27.446756684279535 511.48743265270605 814.688765464467 110.83751264592865 1076.1166101059061 243.82810266915476 1621.0800383708556 606.70279063266935 118.58280216041021 592.85790371344774 18581.085671445937 108.18663715594448 2502.7436597288179 460.72043265897082 5345.4022578771692 1703.9108594840509 1714.9836795441224 1185.0146789225691
leaf_count=65860 19654 1066961 133943 98405 259738 156084 203317 114678 245388 14720 62081 3975 16262 6909 382394 23552 7288 18313 14956 81738 67386 3474 2415 92882 37863 83777 2515 587 72762 64353 9450 71709 772 1998 50603 19847 547 156262 178 9317 128365 1532 1838 76 2181 54744 95106 20352 50565 38643 53929 8558 2739 416513 488396 3023 84329 51434 240512 28027 43555 75918
internal_value=-0.000427953 -0.0237045 -0.0139046 0.00165734 0.0170504 -0.0293027 -0.0214802 -0.00080434 -0.000328495 0.00843187 -0.0211433 0.000973603 0.0145349 -0.000451786 -0.0434094 -0.000854924 0.0128633 -0.0023213 0.00472603 -0.00923977 0.0491659 9.45085e-05 -0.0800706 -0.00122583 -0.0294981 0.0300071 -0.0360739 -0.0024713 0.00847111 -0.000698742 -0.0029989 -0.0294142 -0.00790325 -0.0463953 -8.30103e-05 0.0332687 0.0653103 -0.000603061 0.199535 -0.0302398 0.0227953 0.0389958 -0.0228853 0.0796335 -0.0624042 0.0182977 0.0218819 -0.00102236 -0.0167369 0.0166093 -0.00150112 0.000320699 -0.0142936 0.000637279 -0.00269304 0.00561017 0.00470687 0.00796492 0.00949315 0.0150481 0.0227347 -0.00112548
internal_weight=62952.7 5176.07 4589.28 57776.6 7965.83 3104.71 2745.9 49810.8 49404.7 7070.79 2908.62 46496.1 4422.26 42073.9 1585.24 41787.9 4035.47 37752.4 6481.15 2002.68 589.633 214.892 80.728 36219.1 1174.05 2349.24 145.704 4630.52 1160.65 35743.2 2073.02 1002.57 1919.78 337.962 35013.4 537.58 369.954 34475.8 50.0307 729.793 3302.92 1352.94 187.305 64.7787 363.75 1484.57 1437.01 622.325 2461.22 1038.45 4599.84 1581.82 975.12 32014.6 19173.9 12840.7 12732.5 11197.8 10737.1 7049.31 1850.63 3687.76
internal_count=5635248 2328029 1261068 3307219 559165 1025006 891063 2748054 2633376 299427 463097 2170279 130046 2040233 623574 2033324 162651 1870673 211432 401016 87995 20609 5889 1852360 420257 90267 6490 152921 267489 1759478 39779 319278 30329 2770 1685808 71175 20572 1614633 725 73670 155363 26998 3446 1608 247569 236062 170202 75096 206827 111405 152334 27559 19001 1407806 904909 502897 499874 480220 428786 268539 58511 160247
is_linear=0
shrinkage=0.1


Tree=60
num_leaves=63
num_cat=0
split_feature=12 7 19 0 9 13 26 14 10 7 14 13 9 19 14 18 13 17 13 8 2 26 13 29 19 19 18 25 30 0 25 12 12 8 26 25 2 8 0 2 0 2 2 0 2 19 24 10 7 2 9 12 2 14 12 18 0 7 26 24 30 29
split_gain=256.521 363.969 194.048 185.793 142.829 142.28 140.176 230.108 138.786 301.17 149.2 146.145 107.162 98.2139 116.772 85.5394 83.814 82.8278 135.196 81.0289 83.5454 80.7842 77.9431 67.8245 220.054 167.219 188.624 100.271 97.6285 89.2699 67.2819 67.1194 66.3116 63.7584 62.7202 62.1685 60.0788 113.007 98.7086 97.1172 72.3817 68.6753 61.581 74.2015 93.0609 73.8854 69.083 58.9178 58.4387 57.154 57.0965 60.4808 56.3965 55.9475 54.1139 52.2159 50.8696 55.9553 49.2276 48.7509 48.4104 116.984
threshold=42.740047454833991 1.0000000180025095e-35 79.324596405029311 0.99999997019767772 21.132376670837406 21.680376052856449 0.63068181276321422 0.84523808956146251 59.122919082641609 1.0000000180025095e-35 0.18333333730697635 76.253131866455092 27.639257431030277 76.964214324951186 0.31666667759418493 68.432746887207045 99.206348419189467 4.5000000000000009 93.40579986572267 10.500000000000002 0.44338403642177587 0.84523808956146251 29.459980010986332 1.0000000180025095e-35 43.847633361816413 49.890829086303718 1.0000000180025095e-35 6.5000000000000009 1.0000000180025095e-35 0.83491453528404247 9.5000000000000018 42.967033386230476 43.951219558715827 4.5000000000000009 0.15476191043853763 3.5000000000000004 0.82469150424003612 1.5000000000000002 0.72551110386848461 0.72155243158340465 0.60060089826583873 0.99996608495712291 0.59547635912895214 0.42732143402099615 0.46116203069686895 68.863315582275405 5.5000000000000009 85.270011901855483 15.500000000000002 0.64417582750320446 81.892700195312514 94.494949340820327 0.7028520703315736 0.31666667759418493 85.215545654296889 98.557659149169936 0.35752075910568243 2.5000000000000004 0.19090909510850909 6.5000000000000009 1.0000000180025095e-35 1.0000000180025095e-35
decision_type=2 2 2 2 2 2 2 2 2 2 2 2 2 2 2 2 2 2 2 2 2 2 2 2 2 2 2 2 2 2 2 2 2 2 2 2 2 2 2 2 2 2 2 2 2 2 2 2 2 2 2 2 2 2 2 2 2 2 2 2 2 2
left_child=1 2 -1 6 49 -6 8 16 9 11 17 13 -7 14 58 30 31 18 50 23 -21 -9 -14 25 34 26 52 48 -28 36 35 -8 -33 60 -25 -15 38 41 39 40 42 -38 43 44 45 46 -26 -48 -27 -4 -10 -52 56 -11 55 -17 -12 -58 -2 -56 -34 -62
right_child=3 -3 4 -5 5 12 7 21 10 53 19 -13 22 15 -16 54 -18 -19 -20 20 -22 -23 -24 24 29 27 28 -29 -30 -31 -32 32 33 -35 -36 -37 37 -39 -40 -41 -42 -43 -44 -45 -46 -47 47 -49 -50 -51 51 -53 -54 -55 59 -57 57 -59 -60 -61 61 -63
leaf_value=-0.069251750665874912 -0.085239245013022089 -0.10032234036252803 0.044937881450780599 0.08942635244329869 -0.10178673675610335 0.010180069570289947 0.064052310843112761 0.023941492271101525 0.0080716248327459827 -0.10192546585227069 -0.00062217827833663329 0.084589577158273671 -0.075411512571722072 -0.048699951724912011 0.0085567640519484452 -0.018478485325047277 0.10236803785074898 0.069122611156036309 0.10897422885876724 -0.036890462859895376 -0.0040533344940458195 0.079086648539651194 -0.018093065084385889 -0.088208595410402255 -0.041204178815098809 0.055085687064675072 -0.11236738602783246 -0.0080254727905495985 0.094205468707762086 -0.022378142268455335 -0.03954275797936041 -0.092587627539774453 0.016417896062124952 0.018904693433960992 0.048191531764155221 0.039550921257761579 0.0082095655204100625 0.019313464678547745 -0.027557787458471285 0.019543377441242037 -0.019429885928735804 -0.033750218235773725 0.014894617285402333 -0.014779180631108828 0.029685391627732628 -0.0069597698236240806 0.003187792776327632 0.085280678960975811 -0.069095101236956641 0.003521181488583042 -0.10692338950917837 0.11483727864497187 -0.014260978800849379 -0.034586110340635474 0.07201044702013773 0.039409004451822084 0.02739232452210677 0.0040347354114318879 -0.027498161089941256 -0.0067383301075145023 -0.00050141044534223118 -0.061614741983694737
leaf_weight=536.61157446456491 410.53395264700521 531.08762638180633 576.92856480675982 239.32653588452376 191.83923088977463 1129.2883377599646 192.55877475126181 468.00655341125093 430.86849463844555 424.84394977858756 3432.4587673168862 165.95419925445458 313.20926273369696 88.495402058702894 332.50917426703381 3185.1661339100101 90.423269126797095 466.84614995631273 121.87886398192495 1129.0747304946126 2469.3391503165185 614.39645896619186 978.11030617763754 359.00554424806614 94.707874132669531 1210.3492818998639 196.12795702571748 370.70713577867718 25.899908711493481 1700.1044462947175 159.52468763294746 69.964078717574012 1415.4964921651117 2454.0938926725648 37.205150552559644 814.61918610346038 793.68097994156415 4001.331048743159 1344.6772345167119 2324.58580324793 2145.7510352288373 767.02332389983349 2380.9752373475349 3423.4589940661099 1120.4879445033148 3989.9886902977596 140.03391318480135 232.70706420991337 39.120729506248608 788.67581809818512 86.681573368026875 14.331787865608929 1290.7915332464036 173.87439309421461 138.7319751449395 163.83897150377743 2080.0938062874484 2023.1665881162044 230.5825739010761 181.40950780571438 4851.4784708149673 334.84088697013794
leaf_count=727664 296584 1066961 83791 89292 40632 127058 9818 15636 6110 564184 217098 3689 88858 4365 42990 230718 17728 5913 4829 154185 85936 174969 179289 319493 20119 65825 41657 16119 648 17043 22316 8655 17430 78281 3941 64886 9933 38195 15927 23322 25476 9660 24999 38246 14408 42889 18118 12617 585 13776 736 225 19031 71621 2676 2027 27098 50768 59146 2997 191990 4072
internal_value=-0.000397563 -0.0220156 -0.0128039 0.00150131 -0.00518948 -0.0188892 0.00113346 0.0115789 -0.00121245 -0.0148064 0.000973091 -0.00791679 -0.0123194 -0.0106075 -0.0395316 -0.00465604 0.00655575 0.0369502 0.0139761 -5.74113e-05 -0.0143566 0.0552431 -0.0319956 0.00139102 -0.00147166 0.00806042 0.00276282 0.037647 -0.0882703 -0.00027412 0.0203278 0.00562602 0.00439321 0.00514246 -0.0754003 0.0309033 0.00137703 0.0104113 -0.00154488 0.000661624 -0.0025829 -0.012412 0.00059302 -0.00318993 0.003923 -0.00255302 0.0350615 0.0544395 0.0511976 0.0210185 -0.00779244 -0.07546 0.00505273 -0.0823694 -0.0118917 -0.0156465 0.00836097 0.0158756 -0.0644722 0.0273871 2.66226e-05 -0.00444703
internal_weight=62489.9 5045.75 4514.66 57444.1 3978.05 2612.45 57204.8 10491.3 46713.5 6470.08 40243.5 5871.37 2420.61 5705.41 973.626 4731.79 9408.86 1120.61 653.761 39122.9 3598.41 1082.4 1291.32 35524.4 24855.7 10668.7 9048.54 1620.18 222.028 24459.5 1062.64 9318.43 9125.87 9055.91 396.211 903.115 22759.4 5562.04 17197.4 15852.7 13528.1 1560.7 11382.4 9001.38 5577.93 4457.44 467.449 372.741 1249.47 1365.6 531.882 101.013 8826.51 598.718 3669.15 3349.01 7535.72 4103.26 641.117 320.141 6601.82 5186.32
internal_count=5635248 2328029 1261068 3307219 533404 435837 3217927 518579 2699348 1368199 1331149 732394 395205 728705 398720 329985 327974 17813 11900 1313336 240121 190605 268147 1073215 634386 438829 356300 82529 42305 310952 91567 310246 300428 291773 323434 69251 293909 57788 236121 220194 196872 19593 171396 146397 108151 93743 50854 30735 66410 97567 7071 961 313995 635805 238418 232745 294964 77866 355730 5673 213492 196062
is_linear=0
shrinkage=0.1


Tree=61
num_leaves=63
num_cat=0
split_feature=1 28 12 14 19 26 7 0 13 19 20 14 7 14 26 25 13 11 0 21 13 21 19 25 20 29 24 21 19 21 20 19 19 0 17 12 14 24 21 19 7 29 25 0 14 27 21 0 1 8 29 7 14 13 12 17 3 14 13 19 12 20
split_gain=253.991 193.844 283.247 251.214 250.627 221.301 135.578 144.894 126.839 159.073 116.487 139.221 114.383 112.643 101.708 99.979 99.2718 97.686 92.8069 91.0584 82.0916 81.5483 78.8715 78.0195 83.5715 74.289 72.0942 166.247 97.5399 159.011 100.909 135.003 132.693 107.776 73.9015 90.1726 153.488 126.401 78.7134 136.237 100.745 71.0817 65.5159 64.9251 64.5286 63.1022 79.8096 75.1653 62.7244 68.1234 57.723 66.009 55.868 167.067 131.077 54.7406 54.7144 54.4879 54.4553 53.7372 53.3335 51.361
threshold=28.500000000000004 1.0000000180025095e-35 48.834688186645515 0.84523808956146251 89.808139801025405 0.23611111193895343 1.0000000180025095e-35 0.49591204524040228 51.520736694335945 62.875112533569343 99.80237197875978 0.31666667759418493 1.0000000180025095e-35 0.31666667759418493 0.73214286565780651 8.5000000000000018 61.651582717895515 24.068965911865238 0.1428138613700867 0.53452381491661083 99.206348419189467 0.35857143998146063 99.760765075683608 11.500000000000002 98.857109069824233 2.5000000000000004 11.500000000000002 0.8441295623779298 98.441547393798842 0.77097901701927196 97.45212554931642 97.448913574218764 97.448913574218764 0.71415531635284435 4.5000000000000009 87.226108551025405 0.10555555671453477 7.5000000000000009 0.62731480598449718 96.315685272216811 1.5000000000000002 1.5000000000000002 6.5000000000000009 0.31791320443153387 0.31666667759418493 1.5000000000000002 0.3514705896377564 0.25894053280353552 6.5000000000000009 1.0000000180025095e-35 1.5000000000000002 3.5000000000000004 0.31666667759418493 91.458969116210952 59.317129135131843 10.500000000000002 3.5000000000000004 0.26136364042758947 81.53021621704103 99.052112579345717 82.807880401611342 98.421009063720717
decision_type=2 2 2 2 2 2 2 2 2 2 2 2 2 2 2 2 2 2 2 2 2 2 2 2 2 2 2 2 2 2 2 2 2 2 2 2 2 2 2 2 2 2 2 2 2 2 2 2 2 2 2 2 2 2 2 2 2 2 2 2 2 2
left_child=1 3 4 6 56 -5 7 8 9 -1 14 22 17 -8 25 -7 -2 -6 -11 -16 48 -18 -12 24 45 26 28 50 29 30 31 34 33 -32 52 37 -37 -36 39 43 -40 61 55 -38 -19 46 -20 -47 49 -9 51 -28 53 -4 -54 -33 -3 -39 -45 -29 -24 -30
right_child=16 2 10 5 12 15 13 20 -10 18 11 -13 -14 -15 19 -17 21 44 23 -21 -22 -23 60 -25 -26 -27 27 59 41 -31 32 42 -34 -35 35 36 38 57 40 -41 -42 -43 -44 58 -46 47 -48 -49 -50 -51 -52 -53 54 -55 -56 -57 -58 -59 -60 -61 -62 -63
leaf_value=-0.068162414260055385 -0.071263448911055349 -0.030585967954182822 -0.044078611620743287 -0.0022769625721689108 0.032840488748282763 0.079451873158039532 -0.10678742842296318 -0.020933096002748276 0.0057507414493609289 0.25037386292926178 0.11096641107840738 0.084120707527618702 -0.10039853449488456 -0.0055751045619982188 0.041197351440299596 0.026984554534977168 -0.049268115755919682 -0.027859567894915907 -0.022943528288615001 -0.13824039659709492 0.10161888567096376 0.029477350957986627 -0.082766199891619402 -0.057736145072698614 -0.058742924733100145 -0.050721733999487165 0.03437985323291811 -0.049229766140174561 0.023908985841961744 -0.04148997805275801 0.071627836848755441 0.047209503357683945 -0.039444514808683585 0.0071469717613525793 -0.052326229894303959 0.11669655698217832 -0.023536165972623091 0.022138407241182618 -0.031033213584795605 0.23187130106311207 0.42140192009456234 0.13601251296318848 -0.016680537826327824 0.017250735030119365 0.25710253376668513 0.168195859724493 0.054198285907065519 0.066852609768341995 -0.028318300202456015 0.004508429460634125 -0.021132336792359884 -0.0083830646321321652 0.14781447948863757 0.10999692517164011 -0.0013307922099673952 0.19169157229621986 -0.08897061240402461 -0.05413195640384675 -0.010785831637077498 0.022368612099643484 0.081482427948631767 -0.043408538666843209
leaf_weight=122.64577893790556 675.08682859494002 204.11868084623711 689.88291662136908 848.2417070423835 517.84117744755349 1030.7167039371561 195.18926306738285 1181.397505302506 2064.8548939428292 22.745924382878002 34.759210849646479 335.3295599964913 125.27225336016272 251.83225921582198 39.509977872017771 560.7902619773522 289.13613993645413 685.71051245249691 155.85649922525045 99.506992478331085 79.736660800641403 241.23590060998686 123.67564340430545 68.221613659436116 66.058636540838052 304.95880701436545 2171.3107919511385 495.49990594334668 1335.5497209590976 1073.9385976730264 543.35851598114823 560.96995442570187 256.5202492173994 495.69106859061867 1153.4491258137859 98.263331355701666 1159.0520766970876 435.86955646422575 1431.6694951220416 24.717061307281256 4.9386452650651327 53.07135686581023 168.97474289184902 1536.5021470965003 8.0397089566686173 92.563191248249495 961.38846348790685 349.60145819050376 742.23225027750595 9644.1028430598089 272.12281787334359 432.94186679896666 59.077732213423587 78.370389661926311 22937.029798491829 27.508871987636667 751.3125722919649 119.30590982080321 1261.5965537817101 132.95302201557206 23.530987375415862 123.84843650931725
leaf_count=73906 551528 259618 90749 26845 58082 234417 176395 22804 47369 4024 764 22439 225136 12907 980 61005 69499 202901 33458 1073 15460 3467 4003 15071 2977 53630 64910 5398 44364 13522 6310 5041 2677 3440 277982 1262 174565 57609 41776 318 102 565 1611 62353 119 3962 47652 9843 26986 208504 19491 25723 5672 1619 664728 222 1518343 8607 56129 1038 1237 1061
internal_value=-0.000373631 0.000527186 -0.00319607 0.00908657 -0.0373841 0.0389768 0.00452833 0.00608909 0.0227618 0.0418611 -0.00124149 0.045905 -0.0094307 -0.0497689 -0.00185771 0.0609643 -0.0458275 -2.51006e-05 0.0497227 -0.0872424 0.000500834 -0.0134513 -0.0245194 0.047028 0.051425 -0.00155674 -0.00117361 0.0125113 -0.00251979 -0.00362146 -0.00239067 -0.00350703 0.0249651 0.0408665 -0.00452654 -0.0133828 -0.00716568 -0.0334564 -0.00941191 -0.00217236 -0.0294779 0.0223303 0.038204 -0.00363424 -0.0245572 0.0560919 0.0434369 0.0880679 -0.000196175 0.00173197 0.0226915 0.0272708 -0.00183386 -0.0283612 -0.000947633 0.0539634 -0.0764973 0.00574808 0.00460971 -0.0340827 -0.056511 0.0181962
internal_weight=62031.2 60825.7 42387.6 18438.2 2292.29 2439.75 15998.4 15551.4 3903.94 1839.08 40095.3 517.295 1336.86 447.022 39578 1591.51 1205.46 1211.59 1716.44 139.017 11647.5 530.372 181.966 1693.69 1625.47 39438.9 39134 3504.83 35629.2 34116.7 33042.7 31747.2 1295.57 1039.05 30989.7 7225.36 5516.74 1708.62 5418.48 3981.87 1436.61 1512.47 757.454 3957.15 693.75 1559.41 1117.24 442.165 11567.7 10825.5 2876.38 2604.25 23764.4 768.253 22996.1 588.479 955.431 555.175 2798.1 628.453 147.207 1459.4
internal_count=5635248 5010754 3987169 1023585 2264199 322267 701318 512016 238262 190893 1722970 28443 486238 189302 1694527 295422 624494 261102 116987 2053 273754 72966 6004 112963 97892 1692474 1638844 116560 1522284 1476294 1462772 1450345 12427 9750 1443471 680703 336505 344198 335243 293365 41878 45990 6874 293047 203020 94915 81110 13805 258294 231308 110124 90633 762768 92368 670400 5263 1777961 66216 118482 6436 5240 45425
is_linear=0
shrinkage=0.1


Tree=62
num_leaves=63
num_cat=0
split_feature=1 3 1 12 29 21 18 19 0 0 20 13 30 27 24 21 9 17 1 2 0 13 9 19 2 4 8 21 11 12 18 18 11 7 8 13 18 21 29 0 2 0 1 2 1 7 21 2 19 12 11 11 18 1 2 0 30 29 3 17 4 13
split_gain=215.328 152.459 265.764 287.042 164.744 118.86 107.671 94.6014 92.2579 90.7579 86.1915 85.2458 74.4511 104.215 112.34 70.3051 58.6823 57.2494 55.3639 147.747 53.3742 76.2779 52.4547 80.5067 95.1146 63.9652 47.0089 52.5668 133.803 68.1519 67.5264 53.8413 46.9118 163.077 80.8336 51.8552 50.1783 130.467 46.8417 46.3126 47.3604 68.7531 92.6163 74.6135 66.0474 88.2222 49.5756 65.2629 54.839 46.2432 45.7466 45.3684 44.7567 44.2195 43.7928 81.6564 63.0926 51.7831 41.9765 41.1102 40.8298 40.6349
threshold=29.500000000000004 3.5000000000000004 7.5000000000000009 51.66851997375489 1.0000000180025095e-35 1.0000000180025095e-35 46.388406753540046 92.009387969970717 0.99999997019767772 0.86401242017745983 97.45212554931642 49.018096923828132 1.0000000180025095e-35 1.0000000180025095e-35 6.5000000000000009 0.29520697891712194 24.048192977905277 19.500000000000004 1.0000000180025095e-35 0.99996608495712291 0.7368028759956361 73.375530242919936 50.31645584106446 60.479471206665046 0.4808648973703385 1.0000000180025095e-35 1.0000000180025095e-35 0.98275861144065868 98.213714599609389 42.206478118896491 95.565387725830092 96.162029266357436 89.512962341308608 1.0000000180025095e-35 5.5000000000000009 83.047893524169936 1.0000000180025095e-35 0.26491229236125952 1.5000000000000002 0.89735862612724315 0.7028520703315736 0.70274078845977794 1.5000000000000002 0.9008869230747224 3.5000000000000004 1.0000000180025095e-35 0.62731480598449718 0.47737127542495733 95.67297744750978 42.967033386230476 94.494949340820327 62.575302124023445 41.56573677062989 22.500000000000004 0.87487441301345836 0.76043426990509044 -1.0000000180025095e-35 1.0000000180025095e-35 24.500000000000004 5.5000000000000009 1.0000000180025095e-35 75.716625213623061
decision_type=2 2 2 2 2 2 2 2 2 2 2 2 2 2 2 2 2 2 2 2 2 2 2 2 2 2 2 2 2 2 2 2 2 2 2 2 2 2 2 2 2 2 2 2 2 2 2 2 2 2 2 2 2 2 2 2 2 2 2 2 2 2
left_child=1 4 8 7 9 -6 12 -4 26 10 22 -2 13 -7 -15 -13 53 18 -18 39 21 -12 23 -1 25 -25 50 29 30 31 -29 -28 33 35 -34 58 -36 -38 -16 40 44 42 -42 -43 -20 46 48 -48 -46 -31 59 -10 -27 -8 55 -51 -56 -57 60 -3 -5 -24
right_child=11 2 3 32 5 6 16 -9 51 -11 20 15 -14 14 38 -17 17 -19 19 -21 -22 -23 61 24 -26 52 27 28 -30 49 -32 -33 34 -35 36 -37 37 -39 -40 -41 41 43 -44 -45 45 -47 47 -49 -50 54 -52 -53 -54 -55 56 57 -58 -59 -60 -61 -62 -63
leaf_value=-0.064994830761371233 -0.077074475622373975 -0.043752102807145456 -0.083472702722277581 -0.0013668517049537747 -0.097042356936157551 0.011402581507500882 0.073199389502790368 -0.032443908906424505 -0.26236174723925487 0.062216420873909384 -0.044961460579339016 -0.056942783250548162 -0.049185807816026494 -0.0033069137385989393 0.13138823511595119 0.010689328368391931 -0.01788040911010336 -0.073933342282735806 -0.013621839857737732 0.11899618409963364 0.017710661645318683 0.012471153413779607 0.0018390823977728291 0.13052422348883055 0.020389353648895752 -0.018379638973209784 -0.033556406117223006 0.034813485546109295 0.087233007089016878 0.080525768116606902 -0.0022441032335762993 0.039786304762869387 0.0096392727087953531 -0.085799239163515229 -0.0066703232121936261 0.04583937671106119 -0.084985901306443901 0.00034316904727989619 0.010952759986630685 -0.045702187596629175 -0.0063287068336393545 -0.011832641970313432 0.032466787957347962 0.022963059654225126 0.016571064067479661 -0.014258412692115335 -0.020826900996382458 0.016329240111393323 0.082172469200499171 0.00021334337337179882 0.010159520236617467 0.090717750343232526 0.066896907969497085 -0.079507873189134035 -0.013850093644673257 0.019138416654454392 0.014841562635894898 -0.038701696267610934 -0.062174425210295009 -0.0052047545248522786 -0.035161254984253092 0.02313590888735028
leaf_weight=73.30753860346158 462.26711421948858 640.62851469908492 792.16166780635831 1244.2468482645636 122.43162031203974 448.58234189735958 166.01267094758805 671.06508568883874 3.7379680369049302 449.60644553735619 529.40275130531518 283.8459393568919 94.704261874721851 110.92066521005472 244.67833476126543 335.22853632204351 1586.9429176768463 105.51492664666148 3538.7810854682757 106.66410918335896 631.78521135044866 410.60939152655192 1383.5123567692935 142.57199628496892 847.48392642763793 71.985846752068028 902.86126302258344 675.5706039928773 232.12999665224925 73.06883711295086 1806.8814711844607 112.57235884940019 2033.1931576027127 343.57462003995897 1247.9898885302828 146.99958613421768 338.62473249423783 380.56781726598274 37.20464057661593 210.33526306040585 908.75649530181545 2139.2626976934262 1905.9358904810797 865.62616944720503 2502.3327797093953 1980.1773803678225 899.04205899551744 996.89386635285337 134.26472422142979 14567.469614288158 465.41508699749829 137.7608545680996 424.37237243552227 21.407679766271031 955.72628510787035 188.00183903239667 3869.3268118906708 876.07258908869699 177.07738914014772 486.98360861264518 501.64823297818657 2542.1255685804645
leaf_count=43658 509030 45679 1590249 119876 113080 54049 48969 252536 28 79275 12360 79266 7270 4935 7613 7999 18374 14573 43869 1539 25535 16394 38151 37745 18362 1339 287141 17942 64459 18264 47543 6289 170171 231557 88715 3828 175645 4642 4643 2132 10128 24463 23435 9039 170196 99370 32385 20670 2121 487201 17833 60100 5169 22563 20771 13116 84555 9103 22039 47270 6511 132486
internal_value=-0.000351725 0.000438765 -0.00401245 -0.0201035 0.00609969 0.00117246 0.0018052 -0.0600699 0.000863711 0.0186538 0.0158784 -0.0445822 0.0348742 0.0443358 0.0819456 -0.02032 9.19158e-05 -0.000491552 -5.55918e-05 0.0016918 -0.00476691 -0.0198742 0.0217942 0.0373081 0.0423535 0.071487 0.000422967 0.00151568 0.0146297 -0.000136626 0.00784069 -0.0254255 -0.0109859 -0.0219963 -0.00434302 -0.0114062 -0.0187945 -0.0398332 0.115492 0.000913752 0.00153154 0.00871071 0.0199412 -0.00180895 -0.00262503 0.00335026 0.0110431 -0.00128999 0.0199117 0.00111421 -0.0162176 0.0813905 0.0545294 0.0557567 0.000830558 -0.00174004 0.00915844 -0.0284824 -0.0157823 -0.0271046 -0.011077 0.0156303
internal_weight=61585.9 60504.6 33871.4 7877.15 26633.2 19126.5 19004 1463.23 25994.2 7506.76 7057.16 1081.34 936.09 841.386 392.804 619.074 18068 17880.5 17775 16188.1 1571.8 940.012 5485.36 1559.72 1486.41 638.93 25852.7 24259.7 2714.58 21545.1 2482.45 1015.43 6413.92 2413.55 4000.38 2069.97 1967.18 719.193 281.883 16081.4 15871.1 5819.58 2814.69 3004.89 10051.5 6512.71 4532.53 1895.94 2636.6 20529.7 1593.03 141.499 496.358 187.42 20456.6 15631.5 4825.05 1064.07 1922.97 1127.61 1745.9 3925.64
internal_count=5635248 5038953 3893063 2665769 1145890 735416 622336 1842785 1227294 410474 331199 596295 78510 71240 17191 87265 543826 472294 457721 439347 54289 28754 276910 106273 62615 44253 1167166 1056384 129944 926440 65485 293430 822984 383811 439173 152254 269002 180287 12256 437808 435676 67065 33563 33502 368611 324742 225372 53055 172317 633010 110782 60128 6508 71532 614746 509420 105326 22219 148426 92949 126387 170637
is_linear=0
shrinkage=0.1


Tree=63
num_leaves=63
num_cat=0
split_feature=1 11 19 0 7 0 21 25 30 19 18 25 28 14 30 13 26 0 9 19 20 19 18 18 28 30 25 20 19 29 20 29 30 25 29 10 20 25 30 0 18 9 30 19 0 29 30 26 21 28 20 9 0 18 9 26 17 21 25 19 19 21
split_gain=185.788 286.598 153.467 129.363 86.0456 84.2725 83.6752 155.76 79.2898 78.7081 66.0083 65.9539 64.9749 134.421 192.958 89.4629 81.9992 69.4256 101.447 78.6929 68.9388 136.855 102.035 123 121.185 83.2482 81.8814 91.1688 100.284 69.7185 67.9118 67.7622 65.4441 63.3621 62.6182 65.4787 57.8829 56.8936 55.1988 53.4245 53.1625 52.1877 92.5066 55.9009 51.9525 60.0166 68.1123 71.0978 52.0148 50.9123 51.516 50.4688 50.365 59.1442 48.3268 48.111 48.1021 46.9051 51.9734 89.2447 70.383 72.3704
threshold=11.500000000000002 42.462121963500984 79.324596405029311 0.99999997019767772 1.0000000180025095e-35 0.31495672464370733 0.1695402339100838 3.5000000000000004 1.0000000180025095e-35 48.397369384765632 44.502014160156257 10.500000000000002 1.0000000180025095e-35 0.84523808956146251 1.0000000180025095e-35 99.206348419189467 0.73214286565780651 0.53297358751297008 50.31645584106446 78.283874511718764 97.067424774169936 97.067424774169936 97.067424774169936 92.601715087890639 1.5000000000000002 1.0000000180025095e-35 9.5000000000000018 94.513019561767592 97.68778228759767 1.5000000000000002 96.017620086669936 1.0000000180025095e-35 1.0000000180025095e-35 3.5000000000000004 1.5000000000000002 69.416099548339858 99.014755249023452 11.500000000000002 1.0000000180025095e-35 0.42732143402099615 74.944934844970717 38.924964904785163 1.0000000180025095e-35 85.786437988281264 0.74851754307746898 1.5000000000000002 1.0000000180025095e-35 0.23611111193895343 0.73030304908752453 1.0000000180025095e-35 97.81815338134767 48.331480026245124 0.74851754307746898 70.286651611328139 86.70682525634767 0.44949495792388922 5.5000000000000009 0.58957219123840343 4.5000000000000009 96.019802093505874 91.813587188720717 0.65942031145095836
decision_type=2 2 2 2 2 2 2 2 2 2 2 2 2 2 2 2 2 2 2 2 2 2 2 2 2 2 2 2 2 2 2 2 2 2 2 2 2 2 2 2 2 2 2 2 2 2 2 2 2 2 2 2 2 2 2 2 2 2 2 2 2 2
left_child=3 2 -2 12 5 8 7 -3 -4 -9 -10 49 13 15 54 17 20 18 19 -1 22 36 23 26 -25 -23 27 28 41 31 -24 -28 34 -21 35 -29 44 39 -33 -35 -18 42 43 -14 45 46 47 -22 56 50 -8 -32 53 -37 -15 -30 -49 -43 59 -59 61 -60
right_child=1 6 4 -5 -6 -7 11 9 10 -11 -12 -13 16 14 -16 -17 40 -19 -20 33 21 25 30 24 -26 -27 29 32 55 -31 51 38 -34 37 -36 52 -38 -39 -40 -41 -42 57 -44 -45 -46 -47 -48 48 -50 -51 -52 -53 -54 -55 -56 -57 -58 58 60 -61 -62 -63
leaf_value=-0.027495199093040913 -0.080591726969269001 -0.0056511854157795059 -0.024689262019344412 0.084027714729150799 -0.099532775250961117 -0.044928565925407261 0.032232297638791818 -0.088898526011880002 -0.028541453046203459 -0.0091651294646008154 0.078454690624019247 -0.054810695024439686 -0.077730675446472275 0.089034670637154104 0.071859159068846948 0.10156537439008517 0.014789062575373388 -0.0010085835020396644 0.00046417980920540917 -0.046717372429707082 0.045428199829409203 0.0027430564767970999 0.11557101252629015 -0.021446639021294817 0.068448756087386028 -0.069055119892799735 -0.094653766921861476 -0.0063719894667807128 0.041347313374784464 -0.056057339268042697 0.17036246050673706 0.0018948609619787431 -0.051306053520009769 0.076974575725740929 -0.01934295253858212 -0.079913907325566025 0.12142097848268672 -0.046435578234368308 -0.058644996282426476 0.033709798471823121 -0.11702199273004384 0.0018312474088466074 0.067805242203389612 -0.00695346994701131 0.0081545888006116698 -0.016751781599316676 -0.047259921446722801 0.1172630926490244 0.038907519863198396 0.0010330189583303028 -0.081669517048373233 0.014636204126950561 0.017861644184387418 0.080685018037308903 0.0027308210626210685 -0.00039578608596066867 0.2539073494379302 -0.072300451520215761 -0.016047736082023947 0.16432858932370634 -0.01286270576092835 0.042515545161700863
leaf_weight=174.90456348605221 799.19854482176015 2198.2129147793457 309.00737914649653 191.63113222410902 135.83538495266112 512.2137407126429 902.42608285567258 396.99876779236365 80.17217501666164 179.91095491475426 205.3222447236185 181.93566342792474 276.749253122136 68.626263738726266 737.58522328990512 92.510710257571191 44.316151491249911 10819.038287473377 1946.5587394132745 72.55680105171632 454.01196642793366 2374.9299462872441 103.89086911841878 4206.4914101451286 155.50292865835945 173.27315021050163 89.267721798241837 203.07442717402591 838.36277758301003 414.78201913335943 22.144486252916977 1328.2267294227204 96.970795887609711 548.00944380433066 184.05739697077661 23.972252699080855 75.413285046786768 58.782143123680726 169.86906641622772 595.61848326286417 98.85270169712021 16365.550212224713 79.109568210697034 186.99078319148975 568.51104789387318 124.55356120903161 56.143953667866299 110.11739109802875 60.816007949702907 3476.8379835387168 41.535941306938184 345.6815158969257 228.23274205462076 528.04387993854471 1189.3454908087151 411.69115182507085 33.629817817825824 218.96562367453589 356.58087513531791 17.189691867679358 3811.8955344170681 516.897703783412
leaf_count=67659 1418401 220908 239199 89303 310082 164403 25883 380284 4122 32229 16029 18516 476983 1444 183774 18859 1608 270871 44178 2458 15953 67810 1311 115041 3609 3430 9630 38176 29239 88680 633 77778 1927 32646 5148 236 1322 8554 6121 19653 1577 632725 25015 157871 4586 2396 892 1158 1172 156403 886 3432 2075 4873 39829 23220 1021 2602 4908 100 45110 9307
internal_value=-0.000329504 -0.013249 -0.0464067 0.00201758 -0.0244191 -0.0151999 -0.00407291 -0.0177881 0.0104139 -0.0640334 0.0484082 0.00419634 0.00171336 0.00693595 0.0312496 0.00354489 -0.00069499 0.002907 0.0153797 0.035405 -0.000387903 0.0119176 -0.00197893 -0.00268793 -0.0182419 -0.00213909 -0.000112771 0.00148598 5.36572e-05 -0.0195522 0.0441766 -0.0100133 0.0276321 0.0440339 0.0341893 0.0442094 0.0360678 0.0495101 -0.00496975 0.0544416 -0.0762215 -0.00152372 -0.0321417 -0.0491917 0.0314955 0.0473063 0.0584696 0.0674831 0.116432 0.00662475 0.0272204 0.0240115 0.0573742 0.0737107 0.00743896 0.0275997 0.149231 -0.00074292 -0.00930279 -0.0550763 -0.00699569 0.0186082
internal_weight=61269.5 9419.61 2041.75 51849.9 1242.55 1106.72 7377.86 2775.12 594.502 576.91 285.494 4602.74 51658.3 16303.5 1995.56 14308 35354.8 14215.5 3396.43 1449.87 35211.6 4031.4 31180.2 30708.5 4361.99 2548.2 26346.5 24344.3 23080 2002.15 471.717 1587.36 1264.35 1274.97 1167.38 983.323 1483.2 1202.41 1498.1 1143.63 143.169 21829.9 542.85 463.74 1407.78 839.273 714.719 658.575 204.563 4420.8 943.962 367.826 780.249 552.016 1257.97 1250.05 143.747 21287.1 4921.53 236.155 4685.37 873.479
internal_count=5635248 2987345 2152236 2647903 733835 423753 835109 633421 259350 412513 20151 201688 2558600 689925 225047 464878 1868675 446019 175148 130970 1865490 99740 1765750 1760374 118650 71240 1641724 1459515 1407080 182209 5376 93529 52435 63311 50508 45360 28500 60853 83899 52299 3185 1354621 659869 634854 27178 22592 20196 19304 3351 183172 26769 4065 7184 5109 41273 52459 2179 694752 62027 2702 59325 14215
is_linear=0
shrinkage=0.1


Tree=64
num_leaves=63
num_cat=0
split_feature=1 12 7 10 28 13 30 10 20 10 3 21 21 24 19 21 20 19 12 26 19 30 1 0 7 0 13 26 18 20 20 30 29 24 21 20 24 21 1 29 11 18 1 21 13 11 3 18 0 21 29 13 19 18 30 26 18 19 10 10 20 18
split_gain=168.346 121.905 279.49 145.562 136.252 126.369 219.086 92.9555 83.199 131.26 78.7407 74.5939 71.6289 117.33 101.602 83.8111 111.239 145.445 83.3612 75.6725 71.6529 72.6323 67.4576 64.9909 64.6495 68.4315 61.2265 61.0672 61.006 161.776 99.3918 104.903 114.492 82.4242 71.7837 144.077 74.9243 64.0655 61.8339 60.648 60.5703 59.2204 58.5372 58.0232 57.6848 57.5917 57.0348 56.3435 56.0837 55.3767 53.6167 53.6044 51.017 50.738 50.5177 64.7352 55.9124 58.2192 49.5437 49.5129 48.4331 124.485
threshold=28.500000000000004 42.740047454833991 1.0000000180025095e-35 28.718704223632816 1.0000000180025095e-35 98.07621002197267 1.0000000180025095e-35 62.115564346313484 99.80237197875978 61.143791198730476 5.5000000000000009 0.55277779698371898 0.81534090638160717 11.500000000000002 98.441547393798842 0.74456521868705761 97.309360504150405 97.311748504638686 53.001201629638679 0.23611111193895343 99.052112579345717 1.0000000180025095e-35 4.5000000000000009 0.71415531635284435 1.0000000180025095e-35 0.30231609940528875 95.945205688476577 0.44949495792388922 91.905540466308608 88.251724243164077 93.364780426025405 1.0000000180025095e-35 1.5000000000000002 6.5000000000000009 0.58957219123840343 95.84293365478517 6.5000000000000009 0.56385868787765514 2.5000000000000004 1.5000000000000002 97.726097106933608 96.636753082275405 19.500000000000004 0.29520697891712194 17.267080307006839 16.064516067504886 92.500000000000014 88.473194122314467 0.76043426990509044 0.90692642331123363 1.0000000180025095e-35 92.718276977539077 96.019802093505874 94.349296569824233 1.0000000180025095e-35 0.31666667759418493 95.565387725830092 95.531894683837905 96.051948547363295 20.126582145690922 84.237243652343764 86.214557647705092
decision_type=2 2 2 2 2 2 2 2 2 2 2 2 2 2 2 2 2 2 2 2 2 2 2 2 2 2 2 2 2 2 2 2 2 2 2 2 2 2 2 2 2 2 2 2 2 2 2 2 2 2 2 2 2 2 2 2 2 2 2 2 2 2
left_child=1 2 3 10 5 24 -7 -2 12 47 59 -12 13 14 15 16 17 18 19 -6 21 -14 -21 54 25 -3 44 -22 30 -30 46 32 33 52 35 37 38 41 51 42 -29 -31 -15 -9 -27 -46 60 -10 -13 -42 -35 -36 -32 -39 55 56 57 -18 -47 -1 61 -20
right_child=7 4 -4 -5 8 6 -8 43 9 -11 11 48 20 39 -16 -17 23 -19 28 22 27 -23 -24 -25 -26 26 -28 40 29 34 31 -33 -34 50 36 -37 -38 53 -40 -41 49 -43 -44 -45 45 58 -48 -49 -50 -51 -52 -53 -54 -55 -56 -57 -58 -59 -60 -61 -62 -63
leaf_value=0.039336150941116206 -0.065615362919861475 0.031347602425425995 -0.10032590681466058 -0.037190100685825421 -0.071863710239047793 0.0058005001086159037 0.07037144120419811 -0.044200365684002457 -0.1193808568211166 0.082473548117815265 -0.074345454525675952 0.01044033299116783 -0.028902164017422162 0.018632443756555581 0.028394766806436589 -0.023474934840513925 0.041625229089433502 0.042005678808557122 -0.0016007632141366178 0.16090321510491318 0.052079254318173396 -0.11454936717990825 -0.020198069355542605 0.001630748652665327 -0.036017088988035566 -0.10783963262214619 -0.047851662416389933 -0.04112040956056745 0.17200277657758919 -0.028933450898410415 0.059945391827950271 -0.064083794606211109 -0.028575348733477099 -0.15153594236070742 -0.040629885094468958 0.10906697271787652 0.02256133045872892 0.023763277063753516 -0.041286199718972058 -0.02570864713764795 0.063140452165111854 0.17493747969826109 0.073238038076639145 0.02481463970554619 0.11298306844617308 0.0053338516424985983 -0.042035023212094846 0.0058449244166274205 -0.037116349855597384 -0.29035642155698305 0.018899769826578858 -0.0031543471754431696 0.22264493175999492 0.17880336799643923 -0.061436492463957375 0.11772205435429135 0.063887949056636903 -0.078304391403821075 0.078283370631553661 0.0040826752112584934 -0.011646291894678484 0.064918011498468597
leaf_weight=670.05687341737212 600.54928031025338 1075.26570891132 356.6545198840322 1219.4333241569111 328.93019250422367 1291.6439626266365 885.82784946775064 225.61032082719612 43.688974670949392 295.68506421521306 179.40414886994404 766.44171031389851 946.3547033071809 2399.7955875794869 1026.8343483777717 1984.4595453127404 98.224328271986451 688.4162698588043 17864.697903756809 26.973083318182034 191.60477398883086 110.58602908166358 86.612256197433453 521.60505964563345 355.57547060772777 44.356305032444652 215.33736257144483 282.07562918355688 46.054359068977647 512.95361039353884 685.12493237000308 131.62876780610532 282.95568107831059 19.113868330809055 541.2785577547038 126.01518673071405 340.54150441678939 107.39515843015397 1558.9815892908955 282.05923689962947 101.05614925944246 14.655294556636361 213.80747586797224 264.79617420322029 50.492217095656088 11131.099417081161 379.63667248823913 202.31146024772897 366.58446315425681 4.6348007181659332 537.71719003640465 1294.5211474783719 19.830521130061243 26.271415576105937 38.941273944772547 133.10205410193885 311.98602833840414 68.849999706377275 93.883861699607223 982.64714123884914 5025.6162712569057 285.8387716099387
leaf_count=61436 553530 64646 953542 464599 551852 49987 272344 67044 2357 22964 260750 65446 10756 116598 30114 34075 3169 6896 1066037 6518 4962 2314 79354 3860 74300 831 5595 10240 607 4686 9430 1679 4097 429 14657 928 3675 1093 25735 53365 10661 81 10273 3920 692 266261 70483 9488 3892 51 5655 9849 173 270 490 1412 4054 1807 12955 178683 74806 2795
internal_value=-0.000308272 0.000401053 -0.0153495 -0.00810689 0.00169372 0.00977765 0.0320689 -0.0392376 -0.00135233 0.0375736 0.0038538 -0.014433 -0.00188416 -0.00100227 -0.00259768 -0.00353124 -0.00229847 -0.00344461 -0.00447917 -0.0475633 -0.0223702 -0.0378633 0.022808 0.0279325 0.00603413 0.00721984 0.00497074 0.00589355 -0.00383941 -0.0144724 -0.00191415 0.0216126 0.0289148 0.041807 -0.0163713 0.0110706 -0.0221552 -0.00760391 -0.0266409 0.0183452 -0.0169279 -0.0232706 0.0230995 -0.00693555 0.00597558 0.00642332 -0.00358846 -0.0163948 -0.00494637 0.0476388 0.0130494 -0.0142039 0.0645222 0.0542355 0.0490032 0.0560285 0.0388876 -0.00779681 0.00594399 0.0183755 -0.00295868 -0.00055321
internal_weight=60965.1 59874.1 4541.22 4184.57 55332.9 15143.5 2177.47 1090.96 40189.4 541.685 2965.13 1312.43 39647.7 38011.4 35115.8 34088.9 32104.5 30931.8 30243.3 442.516 1636.31 1056.94 113.585 1172.71 12966 12610.4 11535.2 579.371 29800.8 4568.67 25232.2 1676.37 1544.74 1261.79 4522.61 787.291 3735.32 661.275 3394.78 2895.66 387.767 527.609 2613.6 490.406 11319.8 11275.5 23555.8 246 1133.03 105.691 556.831 1835.8 704.955 133.667 651.104 612.162 479.06 167.074 11225 1652.7 23176.2 18150.5
internal_count=5635248 5010754 1988348 1034806 3022406 747611 322331 624494 2274795 34809 570207 330088 2239986 2201002 2020766 1990652 1956577 1941785 1934889 637724 38984 13070 85872 14792 425280 350980 286334 25914 1297165 61581 1235584 21463 19784 15687 60974 7058 53916 6130 50241 180236 20952 4767 126871 70964 280739 279908 1214121 11845 69338 10712 6084 24506 9603 1363 10932 10442 9030 4976 279216 240119 1143638 1068832
is_linear=0
shrinkage=0.1


Tree=65
num_leaves=63
num_cat=0
split_feature=29 10 7 14 14 19 20 14 27 0 17 9 18 17 10 14 10 9 14 26 7 9 17 9 3 19 0 0 10 9 7 14 9 14 2 24 19 29 9 9 30 14 9 9 26 2 3 30 9 24 7 8 19 9 18 3 3 19 19 19 8 9
split_gain=127.972 111.705 510.294 189.187 156.436 153.205 225.806 133.734 130.835 123.488 121.661 114.318 94.4722 93.2847 127.675 101.208 95.3128 262.282 279.521 260.803 229.595 95.4771 84.8601 85.752 79.886 76.6615 144.138 67.4896 67.2916 140.783 65.0547 64.6976 101.466 64.4996 61.2181 57.9855 57.476 70.5787 57.3655 55.4167 54.2935 52.6459 53.7624 52.3137 53.9436 53.9207 51.5515 50.5373 53.1562 50.2362 50.2065 48.9528 48.2558 47.9817 52.7396 47.2664 46.6688 50.3719 45.98 45.0366 44.7151 45.2639
threshold=2.5000000000000004 61.651582717895515 1.0000000180025095e-35 0.31666667759418493 0.18333333730697635 79.180648803710952 81.848690032958999 0.31666667759418493 1.5000000000000002 0.99999997019767772 5.5000000000000009 93.40579986572267 41.946762084960945 5.5000000000000009 84.660633087158217 0.84523808956146251 74.601570129394545 90.595520019531264 0.36931818723678594 0.84523808956146251 1.0000000180025095e-35 73.942821502685561 5.5000000000000009 79.277816772460952 20.500000000000004 77.286670684814467 0.22892835736274722 0.49591204524040228 79.337715148925795 78.830558776855483 1.5000000000000002 1.0000000180025095e-35 66.287876129150405 0.58571431040763866 0.77065888047218334 5.5000000000000009 99.052112579345717 1.0000000180025095e-35 55.848154067993171 13.484848499298097 1.0000000180025095e-35 0.31666667759418493 55.35188293457032 87.570224761962905 0.58571431040763866 0.82469150424003612 3.5000000000000004 1.0000000180025095e-35 81.53021621704103 7.5000000000000009 43.500000000000007 1.0000000180025095e-35 67.806350708007827 61.633426666259773 84.753833770751967 6.5000000000000009 5.5000000000000009 64.882766723632827 62.236938476562507 54.211238861083991 4.5000000000000009 93.788581848144545
decision_type=2 2 2 2 2 2 2 2 2 2 2 2 2 2 2 2 2 2 2 2 2 2 2 2 2 2 2 2 2 2 2 2 2 2 2 2 2 2 2 2 2 2 2 2 2 2 2 2 2 2 2 2 2 2 2 2 2 2 2 2 2 2
left_child=1 2 5 -4 10 7 27 8 35 13 11 34 -8 16 15 -15 21 20 52 36 24 33 23 39 28 -5 40 38 29 -18 -16 32 -24 41 53 -1 -20 50 -7 -14 -27 -6 -43 44 -23 -46 -10 -31 -49 -30 -38 -41 -19 -3 -55 -56 57 -37 -21 -17 61 -54
right_child=-2 4 3 25 9 6 12 -9 46 -11 -12 -13 22 14 30 59 17 18 19 58 -22 43 31 -25 -26 26 -28 -29 49 47 -32 -33 -34 -35 -36 56 37 -39 -40 51 -42 42 -44 -45 45 -47 -48 48 -50 -51 -52 -53 60 54 55 -57 -58 -59 -60 -61 -62 -63
leaf_value=-0.092206023948805962 -0.055994899776822683 0.091517305984105526 -0.10224878351705036 -0.071077660554884278 -0.055886448591372123 0.045300401825286628 -0.090258147582031753 0.014680430823263322 0.076933027444900937 0.08877438893426591 0.079791778197549845 0.10708225486878775 0.055613371498578604 -0.0054164873562304715 -0.040709378651566402 0.002364960875197063 0.024837146669999793 0.081507578208402709 0.00072855666861016256 -0.039675179494695907 -0.076242456871887437 -0.036924058642277907 0.0068431769504426025 0.0589194719031658 -0.029100939239147874 0.17538829272265344 0.014172313938333143 0.0029879185970725104 0.029012086182453392 -0.044063534055280691 0.074992936653892353 -0.018033905131789912 0.11276107345859164 0.072075636916803923 0.041047307441578369 -0.06263166282886691 0.082728687372470522 0.0080644305434438273 0.0055961404540046354 -0.050667620750057554 0.63618488701519482 0.077301068734728071 -0.0051679763867015262 0.032311436922223963 -0.14996426268572657 -0.034755082191630239 -0.042566912025289991 -0.065637949057256242 -0.29127446671414581 0.052177059191332954 -0.22641075177530007 -0.015490202512627206 -0.035551405414081909 0.0024689970161943676 -0.085946918495155289 0.035183743315991153 -0.080265100096620801 -8.3246130749028312e-05 0.069106685928642192 0.075725468311620803 -0.016895052610822133 -0.078323249832871797
leaf_weight=359.21802522300277 409.58917102596024 37.420744079630822 736.77383622518391 105.03740265747183 195.96200803850661 1544.7986353769666 130.55925223202212 485.1128050974803 108.02057938932558 161.94398203026503 434.01367088811821 118.74640032183379 101.54821410257136 7098.4990373101609 1287.1641406604322 131.96843484099372 801.93077840076876 30.898598625877639 22575.782613517717 41.226659582694992 217.57894284866052 535.56810209341347 4338.0204537415411 152.38956741592847 230.90435799321858 5.2048863065429014 154.2688138038211 897.02681293347268 2967.5531948976859 129.97964617030811 50.50198829951114 1101.0723577428143 92.370162916835397 109.66867081957753 266.51113207545131 225.16553686943371 222.62840198725462 489.05073790857568 476.02952208579518 441.31650623958558 5.0261966286925599 83.07237994184834 1632.189595365373 81.331696429318981 97.565007467987016 69.606383264297619 54.219857922464143 22.517989808926359 19.467063484480605 1367.600508252799 5.3805016512051216 3818.3106116734562 510.18285306263715 281.76283687082469 173.53449391783215 39.557187421247363 237.61866645159898 300.69227791545563 675.65772358665708 228.71838962368201 406.17149293422699 480.39612522162497
leaf_count=348825 246064 914 1600039 81805 6924 231393 9483 52433 14774 89241 8939 14603 3830 355527 56533 6120 16559 310 565870 807 61867 36613 338545 9032 12254 522 3897 19443 75518 3086 10447 26964 2583 3851 6697 199377 40140 16222 7400 24982 87 3528 68002 1722 1592 1743 20842 520 422 27993 37 215582 6483 5060 2666 654 310478 163887 177994 5934 4913 4676
internal_value=-0.000287734 9.14124e-05 -0.00710764 -0.0760234 0.00266977 -0.0024418 0.00129106 -0.0300546 -0.0469438 0.00161585 0.0361684 0.0155335 -0.00574117 0.00128604 -0.00789253 -0.00279079 0.00366083 0.00524849 0.000886108 0.00344227 0.024522 -0.0139961 -0.00464267 -0.0148177 0.0284794 -0.00433706 0.0382785 0.0258149 0.0309838 0.00723077 -0.0363412 0.00365997 0.00905148 -0.0025042 0.00192404 -0.059074 0.00161385 0.0294863 0.0359476 -0.0173943 0.401763 -0.00678369 -0.00117389 -0.0436157 -0.0524032 -0.101994 0.0369968 -0.0748738 -0.170258 0.0363199 0.0754337 -0.0191347 -0.0421026 -0.017665 -0.0259214 -0.0634609 -0.0434853 -0.0268657 0.0628508 0.0488843 -0.0448371 -0.0562943
internal_weight=60589.6 60180 15869.8 1006.31 44310.2 14863.5 13093.4 1770.05 1284.93 42958.7 1351.55 917.533 10175.6 42796.7 8796.85 7459.19 33999.9 31194.9 25437.4 24009.7 5757.53 2804.96 10045 4513.56 5539.95 269.537 164.5 2917.85 5309.05 973.895 1337.67 5531.46 4430.39 2020.89 798.786 1122.69 23292.8 717.06 2020.83 4361.18 10.2311 1911.22 1715.26 784.071 702.739 167.171 162.24 171.965 41.9851 4335.15 228.009 4259.63 1427.65 532.275 494.855 213.092 763.476 525.858 716.884 360.687 1396.75 990.579
internal_count=5635248 5389184 3686203 1686350 1702981 1999853 889237 1110616 1058183 1663448 39533 30594 631001 1574207 434561 367581 1139646 1015671 817452 801070 198219 123975 621518 253426 136352 86311 4506 258236 124098 20587 66980 368092 341128 82305 15991 1022567 622269 56399 238793 244394 609 78454 71530 41670 39948 3335 35616 4028 942 103511 40177 240564 16382 9294 8380 3320 673742 363264 178801 12054 16072 11159
is_linear=0
shrinkage=0.1


Tree=66
num_leaves=63
num_cat=0
split_feature=1 3 1 12 29 21 18 0 21 25 26 30 21 12 7 14 14 21 14 9 19 12 12 10 7 0 29 14 7 12 25 1 0 14 10 18 0 1 2 10 1 14 25 26 19 21 17 9 21 10 10 13 26 17 21 9 12 12 2 14 29 21
split_gain=135.576 103.911 177.362 144.195 106.001 106.537 87.213 73.8815 69.0613 74.1273 66.9632 108.969 86.176 61.9885 196.726 144.94 84.4369 109.448 102.016 105.134 75.2284 75.1219 67.0261 64.2294 64.1145 57.5216 52.5379 52.1989 50.5733 49.552 49.3498 49.2876 49.1653 63.5004 82.3363 56.8291 48.3914 52.1397 53.2078 47.0748 46.4867 81.2943 68.9785 60.4262 81.074 121.533 58.1305 52.8198 45.5876 45.4098 44.7556 44.2989 43.914 54.8368 41.8885 42.6127 41.4947 41.2109 40.4949 43.3283 51.0019 40.3615
threshold=34.500000000000007 3.5000000000000004 11.500000000000002 48.566747665405281 1.0000000180025095e-35 1.0000000180025095e-35 49.489742279052741 0.84885936975479137 0.72474747896194469 7.5000000000000009 0.10555555671453477 1.0000000180025095e-35 0.31414473056793218 63.733076095581062 1.0000000180025095e-35 0.18333333730697635 0.44949495792388922 0.95119047164917003 0.34848485887050634 91.945945739746108 84.63898086547853 98.332870483398452 85.912700653076186 60.120481491088874 1.0000000180025095e-35 0.53297358751297008 1.5000000000000002 0.31666667759418493 1.0000000180025095e-35 99.333332061767592 3.5000000000000004 19.500000000000004 0.7368028759956361 0.43650794029235845 84.889995574951186 89.591667175292983 0.95763123035430919 2.5000000000000004 0.86158844828605663 64.565757751464858 1.5000000000000002 0.93750000000000011 6.5000000000000009 0.44949495792388922 95.260559082031264 0.43874999880790716 11.500000000000002 52.851875305175788 0.29520697891712194 27.639257431030277 30.860805511474613 48.074073791503913 -1.0000000180025095e-35 10.500000000000002 0.58957219123840343 77.849929809570327 88.493064880371108 35.948717117309577 0.7506278157234193 0.31666667759418493 1.0000000180025095e-35 0.65942031145095836
decision_type=2 2 2 2 2 2 2 2 2 2 2 2 2 2 2 2 2 2 2 2 2 2 2 2 2 2 2 2 2 2 2 2 2 2 2 2 2 2 2 2 2 2 2 2 2 2 2 2 2 2 2 2 2 2 2 2 2 2 2 2 2 2
left_child=1 4 13 -4 7 -6 10 8 9 -1 -7 12 26 14 20 22 18 51 19 24 27 -19 28 25 58 30 -12 -3 -15 -24 -22 -5 33 35 -35 -10 37 -27 49 -2 41 -8 43 44 54 -46 -44 -45 -41 -39 57 -18 -47 61 55 -42 -21 -32 59 60 -17 -54
right_child=39 2 3 31 5 6 40 -9 32 -11 11 -13 -14 15 -16 16 17 21 -20 56 23 -23 29 -25 -26 36 -28 -29 -30 -31 50 -33 -34 34 -36 -37 -38 38 -40 48 42 -43 46 47 45 52 -48 -49 -50 -51 -52 -53 53 -55 -56 -57 -58 -59 -60 -61 -62 -63
leaf_value=0.024768735246684073 -0.064767687774064969 -0.061348097507312752 -0.063568731969252681 -0.020272060473423219 -0.096588500053454096 0.0044283144856542018 -0.023546365470459459 0.052835763305381672 0.0049113381461945854 -0.024672405681646869 0.12597789054463746 -0.03329497988594813 0.028045217786627483 0.023728598818312172 -0.09083582534173551 -0.087104622834823689 0.10978218454042483 0.0071875017804091451 -0.084990768670149153 -0.16064787740603748 -0.072801944339264207 0.084909989175437281 0.08281962411308344 0.080276970530260339 -0.061353450951385308 0.0014585424714850816 -0.0028105089647454768 0.093089400287340543 -0.11547630027745315 -0.096890446391582286 0.0124257984085756 0.0076908685502301635 0.021403003937848761 -0.018958551809002092 0.064023923020001705 -0.033899341970043823 -0.25926098349160026 0.0061793306956514516 -0.063151765423937176 -0.055946219286488102 0.014745990055648301 0.0042452041282394319 0.0132394616485739 0.089989982420554782 0.13557320369770243 -0.094362421358818574 -0.021903724904118339 0.012196828200959582 0.022948632058450966 -0.033871636340559425 -0.0024258249221386459 0.00042180086392529264 0.053591938496640651 0.089790030701556223 -0.026992057836076208 -0.013156550728880041 -0.049093209851975107 0.064295841045693761 0.016237985009958312 0.00016927611137838977 -0.0056937152046475717 -0.00065424052020755991
leaf_weight=3752.288033602701 423.9800935996318 320.77851900400128 704.73843679355923 2924.1525445373263 111.24875254026847 706.11628526340064 2082.358407758933 484.70719455913058 648.54923431563657 329.9130037886498 232.92083147662925 130.32078473849106 263.49600818310864 1240.9006010017474 288.78991618216969 143.01466881658416 37.113633579516318 236.25212173350155 201.47656898922287 36.891048472374678 61.134428561897948 262.56751241616439 286.29491135582794 92.297071731474716 176.51288592736819 1657.222047893767 36.660737123136641 23.487943527434254 26.65900975902332 16.212039726437069 314.79527550889179 803.55222523547127 802.49334943847498 231.00185032817535 247.86822075757664 902.02034830427147 7.8458985299803308 537.18955219091731 286.50591775175417 133.85630833229516 700.66574101985316 2128.2547270338982 5646.0048653927515 109.99493360574706 75.286280107829953 42.690899054432521 513.48197765316581 422.64333681669086 161.73371830186807 598.47604917566059 510.16312291659415 18711.672227282019 151.18908150820062 78.805849202588433 1569.8016958134394 2501.0766850177315 346.78857565909857 298.33335435224581 991.55399509338895 884.11545029218541 166.58957962217391 1478.2105504350911
leaf_count=189165 439493 299014 1240732 577054 124633 84674 28286 86733 17886 28845 12193 10505 4913 24179 600337 4021 2482 11688 17858 311 3647 113761 16956 1543 32686 18663 7187 1563 6232 503 46887 85621 44829 9580 24700 20872 55 13680 5688 46902 152301 20679 181555 4144 578 310 45670 7407 2345 22145 79322 605246 1481 4275 67120 20137 3898 48066 17410 16281 4812 23509
internal_value=-0.000264444 0.000256707 -0.00346643 -0.0220867 0.00494154 0.000983887 0.00155913 0.0150946 0.0124488 0.020773 0.0258614 0.0486745 0.0687135 -0.000596875 -0.010721 0.00153194 -0.000545194 0.00186827 -0.0163084 -0.0112682 -0.005807 0.0480989 0.0308945 -0.00225667 -0.00338088 -0.00403996 0.108464 -0.0508114 0.0208009 0.0731886 0.0146948 -0.0142443 0.00044957 -0.00783596 0.0239941 -0.0176662 -0.0112276 -0.0105956 -0.0246421 -0.0434112 -0.000342664 -0.00949911 0.00255837 -0.0041376 -0.00675323 0.0111652 0.0103098 0.0282619 -0.0127785 -0.0149268 0.0194568 0.000638282 0.00581586 0.00831949 -0.013611 -0.00705039 -0.0598193 0.0376645 0.00130178 -0.0111049 -0.0432996 0.00437917
internal_weight=60293.7 59574.1 33194.1 4432.44 26380.1 18981.2 18870 7398.84 6914.13 4082.2 1369.51 663.398 533.078 28761.6 4997.02 23764.6 22194.5 19247.6 2946.94 2745.47 4708.23 498.82 1570.07 4363.96 2361.79 4271.67 269.582 344.266 1267.56 302.507 1184.43 3727.7 2831.93 2029.44 478.87 1550.57 3087.24 3079.39 1422.17 719.57 17500.5 4210.61 13289.9 7130.37 6597.73 1826.18 6159.49 532.638 295.59 1135.67 1123.29 18748.8 1750.9 1708.21 4771.54 3201.74 383.68 613.129 2185.27 1193.72 309.604 1629.4
internal_count=5635248 5146508 3922341 1903407 1224167 801557 676924 422610 335877 218010 119472 34798 24293 2018934 1140610 878324 830454 733177 97277 79419 540273 125449 47870 239696 75210 238153 19380 300577 30411 17459 177922 662675 117867 73038 34280 38758 60231 60176 41513 488740 557452 48965 508487 281262 269711 30153 227225 11551 49247 35825 174275 607728 29575 29265 239558 172438 4209 94953 42524 25114 8833 24990
is_linear=0
shrinkage=0.1


Tree=67
num_leaves=63
num_cat=0
split_feature=1 0 3 1 12 19 29 10 20 18 24 30 26 9 0 20 10 17 17 7 9 8 3 18 27 4 9 19 0 26 1 10 7 8 5 18 18 26 10 7 8 20 9 8 19 11 29 26 7 19 20 24 11 29 11 3 8 9 12 12 8 27
split_gain=116.742 88.0042 88.7493 141.052 180.671 84.1766 83.0913 71.3178 57.7924 69.6785 67.9217 72.6113 107.919 48.2202 45.8735 73.7364 58.5733 50.7772 45.8586 42.3869 42.1343 41.6499 58.0305 46.439 41.1981 40.7363 40.0171 48.7126 52.056 50.5193 38.953 38.2716 182.865 71.072 44.6308 39.2806 64.5716 33.8218 83.573 56.3098 36.488 51.3004 34.3862 33.4588 35.5083 43.1719 151.203 49.1017 47.1821 45.1847 41.9103 37.4893 44.0751 36.9058 35.3063 33.4033 33.2712 33.2413 48.525 33.1097 32.6588 30.9892
threshold=28.500000000000004 0.99999997019767772 3.5000000000000004 7.5000000000000009 51.66851997375489 83.893524169921889 1.0000000180025095e-35 62.115564346313484 43.521308898925788 49.489742279052741 6.5000000000000009 1.0000000180025095e-35 0.10555555671453477 24.048192977905277 0.78429833054542553 97.45212554931642 71.010189056396499 4.5000000000000009 19.500000000000004 1.0000000180025095e-35 56.294013977050788 7.5000000000000009 37.500000000000007 62.087114334106452 1.5000000000000002 1.0000000180025095e-35 49.65753364562989 60.479471206665046 0.15175948292016986 0.15476191043853763 1.0000000180025095e-35 89.699382781982436 1.0000000180025095e-35 5.5000000000000009 1.0000000180025095e-35 1.0000000180025095e-35 44.95252990722657 0.38750000298023229 99.295776367187514 1.5000000000000002 3.5000000000000004 51.693037033081062 85.270011901855483 1.0000000180025095e-35 98.369518280029311 99.275363922119155 1.0000000180025095e-35 -1.0000000180025095e-35 1.0000000180025095e-35 99.760765075683608 98.421009063720717 6.5000000000000009 88.493064880371108 1.5000000000000002 94.494949340820327 1.5000000000000002 5.5000000000000009 85.270011901855483 81.120250701904311 65.419578552246108 1.5000000000000002 1.5000000000000002
decision_type=2 2 2 2 2 2 2 2 2 2 2 2 2 2 2 2 2 2 2 2 2 2 2 2 2 2 2 2 2 2 2 2 2 2 2 2 2 2 2 2 2 2 2 2 2 2 2 2 2 2 2 2 2 2 2 2 2 2 2 2 2 2
left_child=1 2 6 43 5 -5 14 24 -8 10 -10 12 -12 -11 15 26 17 57 30 20 56 -9 23 -23 -2 -14 27 -1 -29 55 60 32 34 -33 -6 -35 -37 39 42 40 -28 -42 -39 54 50 48 49 -48 51 -47 -45 -46 -53 -49 -4 -30 -7 58 -17 -3 -15 -31
right_child=7 59 3 4 31 19 8 21 9 13 11 -13 25 18 -16 16 -18 -19 -20 -21 -22 22 -24 -25 -26 -27 37 28 29 61 -32 33 -34 35 -36 36 -38 38 -40 -41 41 -43 -44 44 45 46 47 53 -50 -51 -52 52 -54 -55 -56 -57 -58 -59 -60 -61 -62 -63
leaf_value=-0.059310145905584102 -0.067138228259850025 -0.2106918685369272 -0.023699074989037519 -0.087240690404703877 0.0066607760031182064 -0.033497948292484259 -0.073226649086452822 0.019441133798953875 -0.0045870130036236474 0.050848076869232553 0.016145871892162027 -0.046329893669672065 0.15870567296912105 -0.033093191102959663 0.035054555371334825 -0.058826862136863334 0.012541791490391446 -0.0085336271705748808 -0.069422911246108068 -0.09892948124302875 1.111324015320021 -0.078943289257105864 0.73816611591002113 0.021710704387078037 0.036178330924201814 0.074914454930797944 0.044743661957387729 0.16967534472076681 0.65707019440875614 0.013494070897615673 0.0010814714929365944 0.017081570447137998 -0.073622574200875521 -0.0019830393673633804 -0.017695012943216563 -0.079752329496453001 -0.0089514997606675202 -0.01343369000614201 0.0661354964378741 -0.011289516452267577 -0.014442406118174989 0.059648383716129419 0.015566429738204527 -0.0019707702655111948 -0.0047028238476259582 -0.087502541210040086 -0.046109977440963505 0.005145933684285179 -0.059964837838688501 0.078895617750463748 0.024590022375114772 0.017504670547667113 -0.034401253935552628 0.087621236273056388 0.0092947647467441913 0.084966543161971927 0.026664606280162696 0.070634777154459663 -0.19816882066046085 0.086571628717222918 -0.0034883134785608965 0.047460462601553718
leaf_weight=58.581738739681896 492.12223267384979 3.8503062082454553 1099.8492053609079 418.1102388088766 1390.695859427331 584.88059128542955 104.29809226549696 275.58383780549048 521.85762709715345 182.60322939872276 387.95335450080165 83.866580995585537 74.865333872337942 629.95600222362555 877.82256476068869 223.61780228582211 541.25535789539572 381.31075261333899 96.86801983458281 83.473384285272914 0.32701508596073736 131.7452003021026 0.95320734338019875 70.294759703334421 41.880083063384518 257.87569590879139 785.2420714108157 27.62889016472036 1.0284727923572052 820.03851906085038 15537.655403783225 1307.8225099888223 468.90983313444303 853.10498587100301 1639.1465195737546 210.3569444300083 332.30643793410854 1301.9019459826523 184.712158124079 401.83790571207646 299.77560246529174 135.78161020594416 596.06646895373706 17371.743655629878 2124.4997607793193 16.987488953163847 182.42575474269688 636.51953954761848 114.90007392043481 414.70663138560485 615.10682573652593 2181.3793667037971 176.85384643892758 59.311574784107506 459.96647076308727 132.69533468486043 109.06155695967027 16.861167919705622 28.136632933281362 139.50962775025982 912.20810352743138 399.44007196524763
leaf_count=41622 544024 28 92949 1290784 106650 246512 104699 21794 52862 64926 38226 3766 10111 7936 90574 4092 22471 8754 13429 261422 6 47990 158 1022 9506 3381 17662 3803 20 30985 409113 60244 324847 60477 135721 119969 12961 38999 49284 4971 5139 4338 28614 782008 45153 2852 1365 9927 40716 113926 13901 39052 5162 2322 17833 14058 37940 1500 459 89275 10249 10709
internal_value=-0.000244512 0.000333296 0.000142686 -0.00331209 -0.0154662 -0.0510556 0.00450737 -0.0339114 0.00100488 0.00141922 0.0235105 0.0417352 0.0519832 -0.000268768 0.0136305 0.0106622 -0.0117574 -0.0319936 -0.000812185 -0.0316027 -0.0235079 -0.00587776 -0.0402507 -0.0439232 -0.0590354 0.0937671 0.0158532 0.0300033 0.0337924 0.0310181 -0.00042306 -0.00860435 -0.0155095 0.000331716 -0.00651572 -0.0153627 -0.0363966 0.0103562 0.00192315 0.0211802 0.0318679 0.00865483 -0.00432606 0.000220464 0.00114679 0.00787329 0.0238886 6.92205e-05 0.00331023 0.0723477 -0.00106246 0.00493208 0.013612 0.012176 -0.0139697 0.0893666 -0.0240427 -0.0652961 -0.0744 0.0785878 -0.0155816 0.0246198
internal_weight=60012.1 58999.5 58856.2 32852.4 7398.2 1195.85 26003.7 1012.58 18790 18685.7 1326.42 804.561 720.694 17359.3 7213.74 6335.91 1191.18 649.926 17176.7 777.743 694.269 478.577 202.993 202.04 534.002 332.741 5144.73 1439.41 1380.83 1353.2 17079.8 6202.34 3498.75 2703.59 3029.84 1395.77 542.663 3705.32 2082.68 1622.64 1220.8 435.557 1897.97 25454.3 23894.4 5907.58 1309.95 878.257 4597.63 431.694 17986.9 4482.73 2358.23 695.831 1559.82 133.724 693.942 268.616 251.754 143.36 1542.16 1219.48
internal_count=5635248 5010754 4921451 3824699 2657533 1836664 1096752 624494 718698 613999 108346 55484 51718 505653 378054 287480 37276 14805 440727 545880 284458 70964 49170 49012 553530 13492 250204 101197 59575 55772 427298 820869 567218 253651 242371 193407 132930 149007 116897 32110 27139 9477 67613 1167166 1056384 260475 130392 13614 130083 116778 795909 89367 44214 12249 110782 14078 284452 6051 4551 89303 18185 41694
is_linear=0
shrinkage=0.1


Tree=68
num_leaves=63
num_cat=0
split_feature=12 7 9 13 9 0 17 13 9 7 2 8 19 29 0 2 11 25 24 2 3 12 14 14 7 24 19 18 11 10 24 13 11 13 0 2 11 12 14 17 17 29 14 13 24 12 14 17 12 12 9 12 30 9 13 10 12 11 12 9 17 19
split_gain=102.992 223.432 117.678 143.934 110.635 82.7809 75.0808 74.9538 70.1993 69.9946 68.0665 100.81 90.6459 114.926 126.82 140.775 77.0226 67.8633 133.503 73.9003 71.258 65.5179 166.772 139.913 100.149 89.2132 66.782 66.4746 62.4769 65.5306 78.6122 62.052 90.0694 60.2231 59.2761 58.5647 56.7904 54.4225 54.1755 122.234 84.3334 62.9591 53.1109 224.875 197.645 131.078 102.564 95.2345 72.9057 54.8708 52.8203 52.01 51.4581 50.9033 67.1827 50.535 131.677 86.1587 105.39 83.0691 77.5712 74.8814
threshold=42.740047454833991 1.0000000180025095e-35 22.378716468811039 23.90476226806641 27.639257431030277 0.99999997019767772 8.5000000000000018 29.459980010986332 37.089946746826179 1.0000000180025095e-35 0.77065888047218334 1.5000000000000002 59.585212707519538 1.0000000180025095e-35 0.77194768190383922 0.91510540246963512 98.213714599609389 10.500000000000002 9.5000000000000018 0.46766896545886999 13.500000000000002 82.972846984863295 1.0000000180025095e-35 0.10555555671453477 1.0000000180025095e-35 7.5000000000000009 78.964126586914077 99.783550262451186 91.042778015136733 77.003208160400405 6.5000000000000009 17.712418556213382 17.712418556213382 68.614070892333999 0.95763123035430919 0.99996608495712291 58.397436141967781 99.333332061767592 0.61250001192092907 9.5000000000000018 10.500000000000002 1.0000000180025095e-35 0.31666667759418493 90.366767883300795 6.5000000000000009 70.087718963623061 1.0000000180025095e-35 4.5000000000000009 89.725547790527358 85.215545654296889 86.319076538085952 55.245780944824226 1.0000000180025095e-35 32.049383163452156 34.216028213500984 77.003208160400405 89.386734008789077 89.512962341308608 81.302967071533217 92.718276977539077 4.5000000000000009 98.369518280029311
decision_type=2 2 2 2 2 2 2 2 2 2 2 2 2 2 2 2 2 2 2 2 2 2 2 2 2 2 2 2 2 2 2 2 2 2 2 2 2 2 2 2 2 2 2 2 2 2 2 2 2 2 2 2 2 2 2 2 2 2 2 2 2 2
left_child=1 2 -1 -4 -5 6 8 -6 9 -2 17 35 -13 16 -15 -16 -14 18 42 -19 -20 22 24 25 26 37 -8 28 -25 30 -30 -28 -33 -27 -17 -12 -24 -23 39 41 -40 -31 43 44 46 51 48 -46 50 -48 -10 -44 -32 -9 -55 57 59 58 -47 60 -57 -60
right_child=5 -3 3 4 7 -7 21 53 10 -11 11 12 13 14 15 34 -18 19 20 -21 -22 23 36 27 -26 33 31 -29 29 38 52 32 -34 -35 -36 -37 -38 -39 40 -41 -42 -43 45 -45 47 55 49 -49 -50 -51 -52 -53 -54 54 -56 56 -58 -59 61 -61 -62 -63
leaf_value=0.01115015078013909 0.042585999400886664 -0.1002462350138319 -0.090259876211157067 0.013833027029340601 -0.074222420150890978 0.080454012775341657 -0.051987872278631324 0.0047583399260483911 -0.033272407661693364 -0.089095397723069986 0.0032567854690360772 -0.0166272912201736 0.02472795139725004 0.020984702091289845 -0.026897942009840706 0.016306307746181605 0.069099886711203984 -0.080736883456933861 0.02577648787583367 -0.013211633336190491 -0.0042245936210449269 0.1175460217543865 -0.01844538949470002 -0.042214250209212829 -0.10163582685234628 -0.040225555281078296 -0.085080067918485061 0.065258745933992127 0.024040582588404025 0.060589254351832871 -0.00091831206547550795 0.1041902904940258 0.001679480837611399 0.13192688318246265 -0.083293773790310097 -0.023445815391122633 -0.080665807201384915 -0.10342405578289743 -0.03599353551123962 -0.034894441595695901 0.02640160998262139 0.29791809416879061 0.13555253873133608 0.095332291483399972 -0.022640053202411928 -0.0024230646881906277 -0.10401574537352941 0.034962389793242114 0.090927449472790189 -0.01780990956994399 -0.27063752098227772 0.03149629150446942 -0.048615044135746917 -0.083000948307806993 -0.012030416228669117 0.032001453972476161 -0.003287345010945675 0.020382653492221209 -0.032805557326920816 -0.062434997990857471 -0.045898470394588373 -0.10199877048214674
leaf_weight=1724.7529384987138 637.04585763574869 286.23818083597871 280.73321621795185 859.74585267157818 320.94675134385761 130.69206328154542 247.88572619855404 484.8858589186566 843.99144519894617 43.096790984694962 2055.2338809085777 989.98196701261622 1479.8229575132718 4438.7110993662645 1557.3338659885339 1932.2902381360764 531.78298849926796 186.42514827431296 2847.4285965609452 1240.8013351400587 1096.5963326390483 186.6869828121271 208.63176678821037 457.77647884527687 107.19179852001253 96.915591014811071 77.40716655284632 130.53510680946056 1282.18407635318 23.041503843618557 1250.4527142575243 89.583513728692196 1982.9032181854127 25.711658684071153 61.659802217036486 1368.0939092671033 494.11180285019509 11.853495435789226 1209.0278965501057 71.712863491207827 263.90297570711118 21.709440195991192 51.101271961102611 171.05748998920899 550.52452466002433 1310.695972086658 373.52877012069803 599.65452941792319 47.85952126129996 92.027192743262276 9.4802118912339193 800.30595698088291 276.14256662729895 217.37495238205884 345.20316566649126 1977.215879349882 17260.441611997114 589.06230438896455 1030.2076940196566 109.30976895429194 136.66352986529819 184.39853164739907
leaf_count=298202 129338 1066961 137606 208666 196337 89292 184824 159082 208318 122808 44917 18993 51669 41543 14763 20815 174562 61929 107027 22858 84723 4678 22011 25005 234607 1399 7393 19046 94163 899 52464 3706 140648 498 539 35899 49246 627 60155 5641 13892 928 2809 15050 66780 82066 44948 44334 1455 1941 106 39387 8631 118194 142981 55946 655506 34458 92177 1423 5512 2867
internal_value=-0.000225784 -0.014739 -0.00895783 -0.0227812 -0.0142793 0.000961513 0.00077303 -0.0319418 0.00235066 0.0342421 0.00187833 0.00757024 0.0122373 0.0150944 0.00971573 -0.00436925 0.036458 -0.00072565 0.000285227 -0.0220318 0.017435 -0.00786117 -0.0191444 -0.0010421 -0.00706731 0.0629327 -0.00283966 -0.00516257 -0.0070556 -0.00339617 0.00578595 0.0028272 0.00611052 -0.00412979 0.0132263 -0.0074146 -0.0621937 0.104353 -0.0196228 0.0460342 -0.0248143 0.175721 -0.00230259 -0.0156164 -0.0231563 -0.000776364 -0.048861 0.00739142 -0.0291742 -0.0869753 -0.035909 0.0377417 -0.00954607 -0.0189868 -0.0394528 -0.00222758 -0.000336931 -0.0140556 -0.0220888 0.0225696 0.0269652 -0.0433103
internal_weight=59769.8 4519.88 4233.64 2508.89 2228.16 55249.9 55119.2 1368.41 46603.8 680.143 45923.7 14414.9 10991.6 10001.6 7990 3551.28 2011.61 31508.8 30081.6 1427.23 3944.02 8515.37 3207.71 5307.65 2504.97 321.168 2397.78 4986.49 4855.95 4398.17 2808.78 2149.89 2072.49 122.627 1993.95 3423.33 702.744 198.54 1589.39 116.464 1472.93 44.7509 26137.5 2688.12 2517.07 23449.4 1366.89 1150.18 901.331 465.556 853.472 851.407 1526.6 1047.46 562.578 22598 19483.6 3114.36 2525.3 2223.19 2113.88 1214.61
internal_count=5635248 2328029 1261068 962866 825260 3307219 3217927 616594 2287466 252146 2035320 403700 322884 303891 77660 36117 226231 1631620 1546833 84787 191750 930461 642435 288026 571178 7202 336571 280824 261778 236773 155258 151747 144354 1897 21354 80816 71257 5305 81515 7468 74047 1827 1355083 382932 367882 972151 256768 111114 209879 46889 208424 42196 61095 420257 261175 929955 718387 211568 177110 62881 61458 95044
is_linear=0
shrinkage=0.1


Tree=69
num_leaves=63
num_cat=0
split_feature=29 1 3 0 8 28 20 21 11 1 20 10 21 24 13 30 1 10 0 25 4 13 29 13 27 18 13 2 26 21 30 26 29 25 20 21 24 18 21 3 24 30 21 11 18 3 24 18 4 21 18 21 18 21 24 21 3 11 20 21 29 25
split_gain=98.5591 82.6722 75.3269 67.2763 63.5727 61.1748 67.6922 68.4522 67.6582 171.281 75.6169 98.9345 68.1234 94.1188 63.337 61.5493 58.0017 54.8229 50.8297 70.4023 63.9831 75.9109 50.7816 51.2109 49.8304 52.738 47.6838 45.1103 54.6438 44.0477 60.9251 176.078 61.6208 57.055 56.2588 50.3573 46.8154 55.1589 53.3804 39.8941 42.9214 39.8021 39.7656 41.0344 44.9258 38.1616 38.1197 37.8281 36.8073 54.9232 36.6954 34.6941 34.143 34.0692 47.0149 37.7545 35.0024 37.1652 33.9323 72.5786 33.8972 33.5378
threshold=2.5000000000000004 43.500000000000007 74.500000000000014 0.99999997019767772 1.0000000180025095e-35 1.0000000180025095e-35 94.716903686523452 0.22902098298072818 39.314987182617195 5.5000000000000009 99.80237197875978 56.294013977050788 0.8441295623779298 12.500000000000002 99.206348419189467 1.0000000180025095e-35 1.5000000000000002 63.224515914916999 0.30231609940528875 9.5000000000000018 1.0000000180025095e-35 50.31645584106446 1.0000000180025095e-35 56.33012771606446 1.5000000000000002 55.190372467041023 97.220077514648452 0.27795079350471502 0.6904762089252473 0.70710784196853649 1.0000000180025095e-35 0.31666667759418493 1.0000000180025095e-35 11.500000000000002 96.984848022460952 0.60434782505035411 4.5000000000000009 96.788921356201186 0.58957219123840343 5.5000000000000009 7.5000000000000009 1.0000000180025095e-35 0.45227272808551794 42.462121963500984 89.808139801025405 4.5000000000000009 6.5000000000000009 96.162029266357436 1.0000000180025095e-35 0.73030304908752453 98.772960662841811 0.89736840128898632 95.565387725830092 0.95553359389305126 7.5000000000000009 0.90238094329833995 8.5000000000000018 98.07621002197267 93.734905242919936 0.58957219123840343 1.0000000180025095e-35 7.5000000000000009
decision_type=2 2 2 2 2 2 2 2 2 2 2 2 2 2 2 2 2 2 2 2 2 2 2 2 2 2 2 2 2 2 2 2 2 2 2 2 2 2 2 2 2 2 2 2 2 2 2 2 2 2 2 2 2 2 2 2 2 2 2 2 2 2
left_child=1 2 3 4 16 6 7 46 9 47 12 52 13 27 18 -16 -1 45 19 20 21 24 -11 -24 42 -26 -4 39 29 33 -31 -32 -33 34 36 -36 37 38 -29 40 -10 -2 43 44 -9 -18 -6 -7 49 -8 -34 -14 -12 55 56 -20 57 -55 -44 -60 -41 -42
right_child=41 -3 26 -5 5 8 48 14 10 22 11 -13 51 -15 15 -17 17 -19 53 -21 -22 -23 23 -25 25 -27 -28 28 -30 30 31 32 50 -35 35 -37 -38 -39 -40 60 61 -43 58 -45 -46 -47 -48 -49 -50 -51 -52 -53 -54 54 -56 -57 -58 -59 59 -61 -62 -63
leaf_value=-0.027182839398909309 -0.060711722872004673 -0.043195073032338743 -0.066805220619064229 0.074863910914353446 -0.053907830488485353 0.0083609304852006374 0.042485925985812606 -0.011720446244928552 -0.015773126058764152 -0.017467951503047051 -0.066799552741873894 0.078545546955334944 -0.026945115440318863 0.022741678087681679 0.019812781747213428 0.073967314038357143 0.00074514556721729062 0.012852901482073282 0.0074079385042418386 -0.073316181176432502 0.015925002975123566 0.030066398837199193 -0.060823654032053809 0.19433797456700355 0.33807589605576899 0.12235515585751258 -0.01024526266056911 -0.0011373039301857998 -0.077279614193081533 -0.0038073375028019499 0.16086290704619283 -0.010473283991982154 -0.090650793510486244 -0.062100540505432969 0.074452244535727768 0.015437678780114112 0.0027263812409508174 0.1283623668209305 -0.054188742769874947 -0.020535556175715168 0.027993451503390266 0.058283734622525243 0.13979128528038096 0.13746934399478425 1.5757406185499097 -0.037054985635940792 -0.0021184563422814748 0.070959797114289833 0.0022716917284787974 -0.032652950481219911 0.030784240494830341 -0.13355253021986321 0.078631114888880305 -0.003360899476318774 0.056443457019952396 -0.031314230459028432 0.068591159203707661 0.094553662459224877 1.5315856310561946 0.039401648910676934 -0.068550151589488836 -0.044696281318695873
leaf_weight=1498.296142899504 347.69420104577148 437.47113052444183 261.5731664483319 122.40222669369541 198.97882373114408 754.30520320915093 114.97141013064538 56.176152721876861 1102.3501080170099 523.66961824320606 81.248868707320071 260.13577426769189 614.53612555431027 1807.0322088303947 534.95344288961496 345.36400950839743 530.1210389596672 1198.8657536683604 4314.0931761543325 57.571814360300777 480.35040565003874 224.0065801278397 737.33305805783311 7.9504119573684866 18.202166559625766 30.029598999084556 346.52234535990283 391.77766418097599 90.377368882647716 5513.4564478417742 41.263636224408401 203.91960198499146 299.11779707462119 136.08701095895958 182.14973755915707 701.24955222099379 22877.470995126147 23.617275947763119 367.64922480807581 692.62775758666976 479.55779426085064 30.58131141931517 54.373709132341901 30.39952896052273 0.17884205223526706 538.25644719580305 497.4020657807705 110.70178486833174 6915.7169680715306 632.2238496690552 27.142202807590365 32.122473794443067 20.146004911657656 610.19737430577516 328.68791621133278 267.40335463773226 92.514017663983395 41.394993449212052 0.55003664032847044 0.8001254380797036 186.65839312202297 73.155455612868536
leaf_count=35936 238945 339501 179814 89215 60819 180222 11184 59168 157434 332316 3652 22093 11745 63575 20747 102874 93468 50982 135045 26721 9217 3247 1468244 297 2774 4977 42355 21099 1303 78878 305 13292 5330 7435 2063 6749 792757 171 4418 128128 26954 7119 10482 3598 49 224130 77966 5527 240077 53545 168 311 416 18068 11773 4003 4124 9466 98 140 111136 17603
internal_value=-0.000210232 0.000115336 0.000438216 0.000804841 0.000648416 0.00152154 0.00674788 0.0130724 -0.000638654 -0.017942 0.00038123 0.0458861 -7.77509e-05 0.000513172 0.0158616 0.0410586 -0.0119157 -0.00182652 0.0125043 0.0338733 0.0407679 0.0695424 -0.041333 -0.0581017 0.115911 0.203766 -0.0345746 -0.000689825 0.000363593 0.000591683 -0.00702875 -0.0381099 -0.0535958 0.00247051 0.00282854 0.027606 0.00190344 -0.0221398 -0.0268203 -0.013515 -0.00437011 -0.0510917 0.0861697 0.0438294 -0.00668265 -0.0182988 -0.0169164 0.0163722 -6.38533e-06 -0.0210913 -0.0805484 -0.0322408 -0.0379041 0.00890406 0.0249453 0.00514788 0.0110319 0.00285951 0.152088 0.647296 -0.0307283 0.0183725
internal_weight=59497.1 59118.9 58681.4 58073.3 57950.9 54185.3 15846.5 8183.63 38338.8 2133.96 36204.8 361.531 35843.3 35196.7 7487.25 880.317 3765.54 2267.24 6606.93 952.639 895.067 414.717 1268.95 745.283 190.71 48.2318 608.096 33389.6 30855.3 30764.9 6084.9 571.443 530.18 24680 24543.9 883.399 23660.5 783.044 759.427 2534.35 1655.06 378.276 142.478 86.7545 56.355 1068.38 696.381 865.007 7662.91 747.195 326.26 646.659 101.395 5654.29 1072.79 4581.5 744.106 651.592 55.7239 1.35016 879.286 552.713
internal_count=5635248 5389184 5049683 4827514 4738299 4333783 870162 565356 3463621 1986606 1477015 26161 1450854 1438798 426571 123621 404516 368580 302950 120471 93750 84533 1800857 1468541 81286 7751 222169 1375223 933968 932665 97973 19095 18790 834692 827257 8812 818445 25688 25517 441255 201991 246064 73535 62815 59217 317598 138785 185749 304806 64729 5498 12056 4068 182479 43431 139048 31658 27534 10720 238 239264 44557
is_linear=0
shrinkage=0.1


Tree=70
num_leaves=63
num_cat=0
split_feature=29 12 7 10 28 13 30 17 12 26 19 17 24 21 17 25 2 19 9 24 26 19 19 20 24 21 21 2 24 12 12 17 17 10 10 9 17 17 18 9 10 30 19 25 12 7 12 17 21 25 21 3 19 12 10 2 12 9 13 13 9 7
split_gain=84.0509 71.6743 196.279 100.947 69.9883 62.1687 146.11 61.1778 81.4342 88.2924 59.777 59.4799 128.221 227.089 88.1851 60.2854 58.8157 58.4364 55.3828 54.1581 87.4748 57.2678 52.782 55.5991 54.0838 74.4189 72.8497 57.9437 55.9318 52.4105 66.0444 55.7521 71.1284 103.022 72.0672 72.0675 69.2451 79.7902 63.0454 57.3967 52.0399 51.9749 61.7373 51.0183 52.645 50.9235 106.602 61.723 59.3481 58.4715 87.7844 54.8314 48.4358 46.8982 44.8296 44.3505 44.1071 43.9876 123.911 51.7377 73.5607 42.9109
threshold=2.5000000000000004 42.740047454833991 1.0000000180025095e-35 28.718704223632816 1.0000000180025095e-35 98.07621002197267 1.0000000180025095e-35 8.5000000000000018 82.807880401611342 0.61250001192092907 68.863315582275405 10.500000000000002 7.5000000000000009 0.36939570307731634 11.500000000000002 2.5000000000000004 0.73100760579109203 84.870288848876967 96.590469360351577 8.5000000000000018 0.88194444775581371 60.894552230834968 98.706874847412124 99.80237197875978 11.500000000000002 0.77097901701927196 0.8441295623779298 0.47389775514602667 8.5000000000000018 42.967033386230476 43.951219558715827 9.5000000000000018 6.5000000000000009 69.00656890869142 79.337715148925795 38.327016830444343 5.5000000000000009 2.5000000000000004 97.067424774169936 78.629974365234389 78.456192016601577 1.0000000180025095e-35 97.22989654541017 6.5000000000000009 72.850124359130874 1.0000000180025095e-35 99.333332061767592 4.5000000000000009 0.62731480598449718 3.5000000000000004 0.17752101272344592 36.500000000000007 95.093433380126967 93.063350677490249 86.319076538085952 0.69381573796272289 42.967033386230476 19.139194488525394 20.601238250732425 13.873295783996584 13.484848499298097 3.5000000000000004
decision_type=2 2 2 2 2 2 2 2 2 2 2 2 2 2 2 2 2 2 2 2 2 2 2 2 2 2 2 2 2 2 2 2 2 2 2 2 2 2 2 2 2 2 2 2 2 2 2 2 2 2 2 2 2 2 2 2 2 2 2 2 2 2
left_child=1 2 3 10 5 18 -7 22 17 11 -1 15 13 -13 53 -10 57 -9 29 21 -21 -8 23 24 25 27 61 28 45 -3 -31 32 34 -34 35 -32 37 39 -37 -36 -17 42 -27 44 -33 47 -47 48 51 -48 -51 -6 -5 -15 -20 -40 -19 59 -59 60 -12 -26
right_child=-2 4 -4 52 7 6 19 8 9 -11 16 12 -14 14 -16 40 -18 56 54 20 -22 -23 -24 -25 26 41 -28 -29 -30 30 31 43 33 -35 36 38 -38 -39 55 -41 -42 -43 -44 -45 -46 46 49 -49 -50 50 -52 -53 -54 -55 -56 -57 -58 58 -60 -61 -62 -63
leaf_value=-0.075664513073268325 -0.04827887081494029 0.053886761117039529 -0.10024865536233912 -0.061575081628504794 0.01377416935694608 0.0033071181935619589 -0.063630604005679423 -0.067118790360643804 0.021179046263943194 -0.10608965712226084 0.030746869623058056 -0.010021550814239921 -0.025946450378045563 0.024098033543267918 0.057061646155309204 -0.0060723434767699716 -0.011194422062453628 0.090217339966804741 -0.3733858105088223 -0.13125113716331771 0.049198343432063744 0.083002279114644584 0.019579127230331474 0.072127802500131385 0.024611835281638395 -0.059734370799367477 -0.036138188221712421 0.0021642331787315896 0.0091056638566789239 -0.08683289329216283 0.045174092726517318 -0.012091860897468236 0.042380159609213736 0.00082055409093325391 0.070926390718988458 8.6581251527155837e-05 -0.041640107176803984 0.054919270120683844 -0.065351018515721199 0.0064908064241574375 -0.042129540116792999 -0.096123787587493417 -0.0026625282319112024 -0.020524175765298164 0.034934864544724123 -0.083374842910950833 -0.0014704455947846251 -0.022898280503531467 -0.019355822383844722 -0.091789557078139641 -0.01986732008303117 -0.080020344055760861 -0.018016269529493503 0.17785295656200306 -0.046920404190195046 -0.016933340968342616 -0.024065676988572371 -0.091334841061777763 0.017719763147778202 0.06336766229825895 -0.11467292541495851 -0.010227546635090732
leaf_weight=94.200585587910609 361.36474484151404 216.76296202745289 239.43046673569188 375.15165900651482 2383.314019732672 1259.1820719016832 28.097724283230491 360.78953761646699 422.98564163601259 82.51540212193504 172.20775815144589 523.72931047106977 532.25172189591103 23.857935999461915 317.77555788884638 957.27651836027508 1232.853239752294 35.063862562572467 4.3336328133009365 34.869834915269166 117.00892876973376 511.52011814410798 1375.6967978783068 105.3401115542074 1995.7474537923117 279.96600582415704 271.98437844967702 19841.301821396846 1724.7081988572027 79.035817541909637 284.56190284721379 527.12564053099777 1290.8806429842371 1108.8135614186176 150.11347084693261 3490.841691043126 188.32333221653244 547.53399195434758 236.84216060204199 1747.8304315034184 687.90690340232686 103.33849775484123 586.84302640575333 1459.7191791866353 434.07939967265702 244.8463028784754 1624.3419536427828 1221.6543965009332 849.54844993108418 191.65588721103268 1481.6090976014384 64.000412536261138 798.91292047925526 117.73687249107752 143.04269120888785 940.23937005823245 915.95906034774089 117.13594766135793 942.60889077359752 357.82175048474164 43.590738742146641 429.63655093197303
leaf_count=216598 246064 15896 1016708 482994 144928 49954 549 386820 20018 1036 28933 77323 25518 585 7455 48833 23103 14256 100 1147 52008 218944 72124 4564 89970 3930 2618 368239 156782 13944 20720 29315 43605 35954 13316 89591 7136 29926 4178 51331 43039 1669 4605 42886 24164 324359 100809 147129 14266 179718 11807 11655 47758 2078 3804 21577 130490 43516 272608 54750 9675 25873
internal_value=-0.000198179 9.66661e-05 -0.0122202 -0.0071224 0.00108418 0.00695426 0.0235885 -0.00110134 -0.0114701 -0.00381905 0.00271786 -0.00146413 0.0135869 0.0349903 0.0863085 -0.0124921 0.00529396 -0.0328519 0.00442913 0.06052 0.00776896 0.0753672 0.000382867 -0.000407803 -0.000637297 -0.00183397 0.012937 -0.00094154 -0.00723876 0.00513626 0.00428992 0.0048704 0.00817101 0.0231769 0.00342434 -0.00368344 0.0167895 0.0212891 -0.00666186 0.0115872 -0.0211491 -0.0290877 -0.0210959 -0.00874416 0.00914537 -0.0107358 -0.0197124 -0.00369826 0.00341632 -0.0149854 -0.0281053 0.0113213 -0.0319347 0.151946 -0.0565202 -0.0266755 -0.0198521 0.0177393 0.00566572 0.0400448 0.00137245 0.0184403
internal_weight=59289.4 58928.1 4373.91 4134.48 54554.1 14800.8 1950.68 39753.4 4977.85 3666.04 2960.42 3583.52 1515.35 983.1 459.37 2068.17 2866.22 1311.81 12850.1 691.497 151.879 539.618 34775.5 33399.8 33294.5 30597.1 2697.37 29627 9785.68 12702.7 12485.9 12406.9 9985.98 2399.69 7586.29 4952.49 2633.8 2445.48 4667.92 1897.94 1645.18 970.148 866.809 2420.92 961.205 8060.97 3542.45 4518.52 3296.86 3297.61 1673.26 2447.31 1174.06 141.595 147.376 1177.08 951.023 1633.37 1059.74 573.62 215.798 2425.38
internal_count=5635248 5389184 2196643 1179935 3192541 770045 322602 2422496 757451 225885 649183 224849 112959 87441 10118 111890 432585 531566 447443 272648 53155 219493 1665045 1592921 1588357 1469896 118461 1459692 1091453 443539 427643 413699 317334 79559 237775 136066 101709 94573 115346 64647 91872 10204 8535 96365 53479 934671 616693 317978 170849 292334 191525 156583 530752 2663 3904 25755 144746 409482 316124 93358 38608 115843
is_linear=0
shrinkage=0.1


Tree=71
num_leaves=63
num_cat=0
split_feature=1 13 29 0 12 7 10 14 7 12 17 14 14 9 10 9 11 11 12 26 10 17 12 12 17 24 10 11 7 9 17 26 11 9 9 14 11 10 0 11 19 17 17 17 20 14 12 12 25 14 24 17 9 0 25 14 13 11 17 9 12 10
split_gain=75.2048 58.9163 56.7627 52.8038 42.5958 171.518 82.6185 74.2769 298.601 214.449 119.272 114.363 171.276 183.709 230.723 124.863 110.789 102.512 169.157 132.898 103.513 99.2829 108.137 97.565 97.4633 129.46 96.9384 93.4888 86.8411 81.0845 78.5069 74.0017 73.3757 126.666 125.545 72.5345 71.8413 65.1121 64.8146 64.3299 63.1794 61.6793 61.5887 61.3973 60.7482 61.6203 58.903 57.9979 57.0933 55.7858 174.838 68.2946 54.9719 53.9766 53.7684 112.212 53.3322 85.2225 53.1485 147.955 101.167 95.0083
threshold=29.500000000000004 40.967367172241218 2.5000000000000004 0.99999997019767772 42.740047454833991 1.0000000180025095e-35 30.860805511474613 1.0000000180025095e-35 1.0000000180025095e-35 88.067794799804702 2.5000000000000004 0.44949495792388922 0.34848485887050634 91.54584121704103 73.20508193969728 63.224515914916999 73.401363372802749 88.047618865966811 88.067794799804702 0.88194444775581371 80.901721954345717 9.5000000000000018 84.273937225341811 88.416816711425795 9.5000000000000018 6.5000000000000009 88.047618865966811 88.303691864013686 1.0000000180025095e-35 42.179391860961921 1.0000000180025095e-35 0.63068181276321422 91.476997375488295 80.178569793701186 87.841831207275405 0.61250001192092907 87.226108551025405 88.273490905761733 0.82171362638473522 94.494949340820327 99.760765075683608 11.500000000000002 3.5000000000000004 5.5000000000000009 98.124923706054702 0.58571431040763866 99.333332061767592 99.333332061767592 13.500000000000002 0.2264957278966904 7.5000000000000009 4.5000000000000009 83.75235748291017 0.18876101821660998 5.5000000000000009 0.31666667759418493 17.712418556213382 16.807909011840824 5.5000000000000009 86.70682525634767 86.72955703735353 86.526824951171889
decision_type=2 2 2 2 2 2 2 2 2 2 2 2 2 2 2 2 2 2 2 2 2 2 2 2 2 2 2 2 2 2 2 2 2 2 2 2 2 2 2 2 2 2 2 2 2 2 2 2 2 2 2 2 2 2 2 2 2 2 2 2 2 2
left_child=2 -2 3 4 5 6 -1 8 9 10 -6 12 13 14 16 43 21 18 20 35 -17 22 29 -15 25 -12 32 -18 37 -9 -11 -20 33 -21 42 41 -14 53 44 47 -34 -19 52 -13 -33 -46 -32 -25 56 50 -31 -52 -35 -16 55 -51 -26 -58 59 -37 -60 -62
right_child=1 -3 -4 -5 7 -7 -8 11 -10 30 24 15 36 23 28 17 27 19 31 26 -22 -23 -24 39 48 -27 -28 -29 -30 49 46 38 40 34 -36 58 -38 -39 -40 -41 -42 -43 -44 -45 45 -47 -48 -49 -50 54 51 -53 -54 -55 -56 -57 57 -59 60 -61 61 -63
leaf_value=0.0022865158609256409 -0.071494242798493285 -0.013297479067938177 -0.041636184174016808 0.070674289760827333 -0.018861899530023391 -0.10024699095867549 -0.033753232459121082 0.059476000834126734 -0.10167346197522567 -0.18672803171453747 -0.0068503789537083309 0.060210905147705829 -0.073423555615087052 -0.1252493423045041 0.12422496073616394 -0.015392778182276343 -0.062229040637800784 0.024375716975924777 -0.049075491903930013 0.020279120732728521 0.043521173387219447 -0.050705052741118688 0.063807990825164682 -0.0072009878071987625 -0.079472476848904225 0.038845100316095817 0.060005324466218528 0.033688773062815341 -0.093905325702375392 -0.11078267452851698 0.088358836646691433 -0.13859764803046531 -0.032384958845544425 -0.37762465167687975 0.015265921346181002 0.038521830390606054 0.0057390413715459358 -0.0027721867211215538 0.0049673570647071697 -0.057496663563744978 0.053070085404969894 -0.022484509970778208 -0.23062183143908077 0.013463076107520629 -0.27077276751966756 -0.79227140136645047 -0.079157064150212175 -0.25580816151560026 -0.062532718800722017 -0.054446838701278581 -0.040275869339121154 0.081784002576274759 -0.87688434496515455 0.037276839107425824 -0.012011985824973545 0.033914691122288156 0.12145414663379395 0.0027011732715676042 -0.087346098463434732 0.00049702573951741161 -0.0019019161606138848 -0.042881831871165947
leaf_weight=3211.478332918894 240.28463080282381 630.17071496239805 321.74393552125548 106.97837080329191 1225.9896231635648 197.78480395238148 793.18600999745831 187.74916800922074 229.63255085521087 11.169890324585138 843.1364289047051 517.11001972903614 568.30164419286302 123.74176784732845 75.03602670590044 1528.0412298659503 631.55741581751499 2086.7862518644833 494.15542648755945 36.872662415727973 370.56016840841039 433.42951830108359 246.77563938047388 642.86643758695573 74.699794496409595 2342.6615684021963 681.09939577791374 121.10052164111403 56.359561237361049 193.14759009532281 493.87872507248539 60.180998614290729 150.94227842264809 4.6621331963688188 10.000796331092713 1071.9107561095734 143.60857220823527 423.18018554744776 22.858044786378741 539.80677038861904 202.69991952495184 324.57464048752445 7.9767359970137468 615.17758406032226 15.07254282012582 2.6666417606174937 21.922368802130222 9.5229329160065372 141.07763972773682 178.36647622841701 85.253358309113537 99.152673037766363 4.1851821159943938 1472.5505504067405 2224.3039153827121 739.87502148283238 62.542952545409207 1790.2699641926156 157.05742378265131 22554.903054428112 5555.2617957097536 629.89100599181256
leaf_count=652650 470216 126079 196174 89303 89567 916793 328789 16403 479821 235 102598 19255 51651 1090 1666 82193 32092 56563 32495 896 11061 36058 4611 8067 12418 136419 197810 13586 6943 18315 31960 1357 13049 117 245 31010 12164 7024 817 5178 40817 21544 228 37715 410 63 769 85 8887 23894 2370 2409 136 24876 42213 51693 3604 203121 4352 608395 232310 30619
internal_value=-0.000186491 -0.0293624 0.000250109 0.00048308 0.000353032 -0.00934142 -0.00485172 0.001114 0.0105353 0.0142124 0.00922385 -0.000358597 -0.0103419 -0.00638843 -8.32979e-05 0.00211557 -0.0113496 0.00108638 -0.0184741 0.00254326 -0.00389423 -0.00526962 -0.000289862 -0.0407322 0.015777 0.0267516 0.0367512 -0.0467961 0.0284875 -0.00455589 0.0755592 -0.0650026 -0.00119952 -0.0999984 -0.265328 0.00138283 -0.0574546 0.0319877 -0.1431 -0.0319598 0.016596 0.0180682 -0.432123 0.0348126 -0.186536 -0.349167 0.0812391 -0.0108299 -0.00112473 -0.00797112 -0.0442903 0.0253541 -0.613797 0.0414926 -0.00360764 0.0167507 0.00336981 0.00670976 4.02901e-05 0.00222215 -0.00808785 -0.00607528
internal_weight=59038.9 870.455 58168.5 57846.7 57739.8 4202.45 4004.66 53537.3 7236.98 7007.35 6480.38 46300.3 9195.69 8483.78 7167.84 37104.6 5140.71 35972.4 2493.54 33478.8 1898.6 4388.05 3954.62 1315.94 5254.39 3185.8 1098.44 752.658 2027.13 3707.85 526.971 594.934 417.34 63.6975 26.8248 32380.4 711.91 1970.77 100.778 1192.2 353.642 2411.36 16.8241 1132.29 77.9202 17.7392 515.801 652.389 2068.59 3520.1 377.554 184.406 8.84732 1547.59 3142.55 918.241 1927.51 1852.81 29969 23626.8 6342.21 6185.15
internal_count=5635248 596295 5038953 4842779 4753476 1898232 981439 2855244 1069399 589578 556614 1785845 362388 298573 284153 1423457 243644 1366487 128396 1238091 93254 197966 161908 14420 467047 239017 253298 45678 40509 157297 32964 35142 55488 1622 726 984793 63815 33566 2647 13330 53866 78107 481 56970 1830 473 32729 8152 228030 140894 23094 4779 253 26542 117800 75587 219143 206725 906686 639405 267281 262929
is_linear=0
shrinkage=0.1


Tree=72
num_leaves=63
num_cat=0
split_feature=1 3 29 21 12 4 19 13 17 14 7 12 30 27 25 21 25 8 7 3 14 21 7 19 30 14 8 7 24 19 11 30 14 19 19 30 25 21 27 20 12 17 17 24 11 24 3 12 11 30 4 3 8 4 21 25 28 29 13 27 14 21
split_gain=64.3608 59.7997 59.6246 319.8 105.03 151.761 82.8641 58.6735 58.0951 70.6432 103.777 88.9571 68.0546 102.584 137.038 64.4911 52.2805 47.2515 44.3674 43.4729 45.938 174.907 151.315 88.2737 117.883 63.683 50.8432 59.0521 43.189 46.5617 43.6546 45.9902 51.7132 45.366 40.4964 110.306 44.2384 38.7809 38.775 37.1949 37.122 39.38 38.8715 57.8057 36.89 36.6284 36.6089 40.3226 65.7368 52.1485 43.4687 42.2304 65.8585 40.5197 52.1574 36.1636 79.2468 35.6884 34.8337 33.7067 101.828 74.0424
threshold=44.500000000000007 64.500000000000014 1.0000000180025095e-35 1.0000000180025095e-35 48.074073791503913 1.0000000180025095e-35 98.092205047607436 97.220077514648452 18.500000000000004 0.18333333730697635 1.0000000180025095e-35 90.399383544921889 1.0000000180025095e-35 1.0000000180025095e-35 8.5000000000000018 0.85357144474983226 8.5000000000000018 27.500000000000004 21.500000000000004 3.5000000000000004 0.6904762089252473 0.30602006614208227 1.0000000180025095e-35 1.0000000180025095e-35 1.0000000180025095e-35 0.31666667759418493 2.5000000000000004 1.5000000000000002 4.5000000000000009 98.706874847412124 78.629974365234389 1.0000000180025095e-35 0.34848485887050634 94.925979614257827 96.437637329101577 -1.0000000180025095e-35 4.5000000000000009 0.45643940567970281 2.5000000000000004 96.791351318359389 60.943256378173835 4.5000000000000009 10.500000000000002 8.5000000000000018 26.747966766357425 6.5000000000000009 25.500000000000004 99.333332061767592 64.565757751464858 1.0000000180025095e-35 1.0000000180025095e-35 7.5000000000000009 1.5000000000000002 1.0000000180025095e-35 0.53452381491661083 8.5000000000000018 1.0000000180025095e-35 1.5000000000000002 99.206348419189467 1.0000000180025095e-35 0.84523808956146251 0.31698563694953924
decision_type=2 2 2 2 2 2 2 2 2 2 2 2 2 2 2 2 2 2 2 2 2 2 2 2 2 2 2 2 2 2 2 2 2 2 2 2 2 2 2 2 2 2 2 2 2 2 2 2 2 2 2 2 2 2 2 2 2 2 2 2 2 2
left_child=1 2 17 -4 5 6 -5 -3 9 10 11 12 13 40 37 28 -8 19 -9 59 22 23 58 26 -25 -24 27 -22 34 30 31 32 33 57 36 -36 39 -15 -33 -11 -6 -42 -43 -44 -7 -26 47 48 49 -27 51 -49 -53 54 -51 -23 -57 -30 -21 61 -61 -1
right_child=-2 7 3 4 8 44 16 18 -10 15 -12 -13 -14 14 -16 -17 -18 -19 -20 20 21 55 25 24 45 46 -28 -29 29 -31 -32 38 -34 -35 35 -37 -38 -39 -40 -41 41 42 43 -45 -46 -47 -48 50 -50 53 -52 52 -54 -55 -56 56 -58 -59 -60 60 -62 -63
leaf_value=0.0094555185336285923 -0.039692718581570863 -0.061204998090169743 -0.098449706368530995 -0.071785880119814349 -0.029299074562171235 0.027477640960174517 0.13502138232720809 0.066465409960614438 -0.050190287533041236 -0.055949249183435384 -0.10193831951054309 0.083981130886976701 -0.029251511037477907 0.12508586453971141 0.01613303437125033 -0.020431657734072753 -0.039123755404425919 -0.063713608492670215 -0.017298728005191 0.00041765657613705254 0.068955616083850355 0.074564322201034691 -0.10439663851570696 -0.10190108864095548 -0.10592744541629025 -0.048810024381435842 0.0028517701217120085 0.0060736250110273214 0.022518457925314529 0.022626111841829871 0.0012870953636498882 -0.029486050764607148 -0.03745084144537611 -0.016157284674247929 -0.097099773068778983 0.10532389566350651 0.01336590233055826 0.061855139603053923 -0.11315901646902676 0.081701780795340698 -0.01702032496324235 0.044451887402359197 0.048186754076663389 -0.07105242041077571 -0.016871853728307993 0.061050206020833622 -0.070796477801838995 -0.031457610402314082 -0.074438264196300327 0.72942167076393871 -0.050949891714440622 0.26256788139706622 0.046964092381432176 0.090090020429277495 0.13348168192576973 0.053230426915900055 -0.18369237984081946 -0.028152762818518296 0.1015880288158128 0.0036529745307352039 0.064417503471045759 0.052050282183828817
leaf_weight=1334.3792541522853 409.05597566378128 303.89818277498125 341.49807587567193 640.82254769439169 349.45397438107466 352.38010712963296 32.782058084922028 71.818511114746798 228.95250107374159 438.34247197322838 74.373411246793694 189.38666675865534 333.28566492986283 159.55546453391435 853.98174758648383 1640.1497304268996 36.359856237686472 101.45940833528584 528.98669510224136 8595.5958138188726 263.53307490679435 445.46556682063965 154.9094833987765 173.72158509530709 15.589791113859972 20.432253872902947 5503.1581248946022 344.65666840854101 876.39068855164805 929.70657305011991 22789.638641776401 323.33189653092995 447.16348146754899 901.5211111146491 42.825818390585482 72.481786533724517 146.29139352921629 247.39642950406414 66.831260389066301 20.550485634477809 345.23556348116836 366.60989226342645 77.652105522021884 85.337299264821922 400.97948016261216 83.504080181592144 164.02872095761995 36.336714204226155 156.23368961326196 2.6230908721918249 54.963232762296684 18.711309740087017 58.344583047146443 15.920703269541264 3.3368942141532898 67.092634758562781 17.8802400813438 165.1970449853834 34.167689901893027 4983.9719309740176 291.93557138589676 587.90383844415192
leaf_count=43738 360152 222551 453987 1915717 112243 15226 5035 3700 48866 4696 133231 4566 9385 7410 19048 17422 6577 5760 57938 454934 4743 154312 365123 26864 323 15695 115478 6978 33147 17697 319799 4314 14996 11264 257 1110 3481 6695 772 176 4719 6108 4152 2385 27192 3316 61783 4261 52537 102 1595 2927 11373 147 75 32300 632 12290 10462 228116 128393 34977
internal_value=-0.000164791 0.000112026 0.000513352 -0.00216628 -0.00118871 -0.0273904 -0.060564 -0.0253978 3.06972e-06 0.000362836 0.014753 0.0176383 0.0131805 0.0188709 0.0388904 -0.00117402 0.0434432 0.00438267 -0.00728581 0.00467757 0.00180885 0.00798398 -0.0027747 0.00339955 -0.0522546 -0.0479835 0.005884 0.0333209 -1.36568e-05 0.000643144 -0.000156138 -0.0119855 -0.00678942 0.000266624 -0.0241709 0.0301427 -0.0345194 0.0866463 -0.0438184 -0.0497849 -0.0017478 0.00925759 0.0263877 -0.014244 0.0038724 0.0347807 -0.0315239 -0.0139665 -0.0444934 0.0660732 0.0220346 0.0574114 0.0993187 0.173351 0.395765 0.0631605 0.00337644 0.0144819 0.000818219 0.0111458 0.0070153 0.0224825
internal_weight=58820.1 58411 57506.3 33976.5 33635 1463.32 709.964 904.703 32171.6 31942.7 3082.27 3007.89 2818.51 2485.22 1260.93 28860.4 69.1419 23529.9 600.805 23428.4 16230.2 6914.6 9315.6 6384.16 272.815 685.841 6111.35 608.19 27220.3 26499.8 25570.1 2780.44 2390.27 1943.11 720.492 115.308 605.184 406.952 390.163 458.893 1224.29 874.835 529.599 162.989 753.36 99.0939 530.931 366.902 198.547 42.3129 168.356 113.393 77.0559 21.8807 5.95999 530.438 84.9729 1041.59 8629.76 7198.19 5275.91 1922.28
internal_count=5635248 5275096 4990907 3223963 2769976 1969747 1927329 284189 800229 751363 309942 176711 172145 162760 33153 441421 11612 1766944 61638 1761184 1325960 344946 981014 157702 30503 515618 127199 11721 423999 414279 396582 76783 71697 56701 9720 1367 8353 14105 5086 4872 129607 17364 12645 6537 42418 3639 150495 88712 68556 16019 20156 18561 14300 324 177 187244 32932 45437 465396 435224 356509 78715
is_linear=0
shrinkage=0.1


Tree=73
num_leaves=63
num_cat=0
split_feature=29 3 1 9 19 3 0 0 25 21 12 7 14 19 14 14 14 9 4 25 24 7 19 29 11 12 12 20 0 9 17 29 25 14 12 17 20 2 25 1 2 14 11 11 12 1 0 14 11 9 4 0 2 21 9 24 18 3 1 2 9 14
split_gain=57.3648 50.1197 49.9128 71.2318 48.1916 45.0628 73.6861 72.4172 65.4367 66.2389 62.2426 129.568 98.9492 68.3065 54.0943 50.0724 84.0477 69.7442 49.4981 49.6675 66.5377 48.0156 46.4384 72.7091 80.4266 63.3129 42.3613 40.2298 40.166 40.2423 50.4485 38.0871 39.7568 37.6672 83.3015 66.3244 51.8203 47.5342 54.7038 47.5847 115.332 57.7287 43.0569 46.0003 37.7409 35.6126 58.4143 49.9634 49.2735 42.7797 35.4977 34.6349 42.3272 34.457 35.1647 34.1119 52.0854 34.1889 33.227 47.4082 39.4133 39.2713
threshold=2.5000000000000004 80.500000000000014 25.500000000000004 38.757823944091804 78.492839813232436 3.5000000000000004 0.25767858326435095 0.26942645013332372 7.5000000000000009 0.30602006614208227 69.309261322021499 1.0000000180025095e-35 0.18333333730697635 81.270160675048842 0.31666667759418493 0.44949495792388922 0.34848485887050634 91.945945739746108 1.0000000180025095e-35 9.5000000000000018 7.5000000000000009 1.0000000180025095e-35 99.052112579345717 1.0000000180025095e-35 91.734970092773452 86.425064086914077 85.912700653076186 99.180271148681655 0.83491453528404247 88.493064880371108 2.5000000000000004 1.5000000000000002 7.5000000000000009 0.15476191043853763 90.399383544921889 3.5000000000000004 76.220237731933608 0.47078731656074529 4.5000000000000009 1.0000000180025095e-35 0.99996608495712291 0.93750000000000011 75.181159973144545 92.907444000244155 48.834688186645515 4.5000000000000009 0.5247059464454652 0.31666667759418493 26.158231735229496 38.924964904785163 1.0000000180025095e-35 0.37240479886531835 0.38417798280715948 0.8441295623779298 59.491636276245124 6.5000000000000009 1.0000000180025095e-35 5.5000000000000009 3.5000000000000004 0.69381573796272289 96.590469360351577 0.41428571939468389
decision_type=2 2 2 2 2 2 2 2 2 2 2 2 2 2 2 2 2 2 2 2 2 2 2 2 2 2 2 2 2 2 2 2 2 2 2 2 2 2 2 2 2 2 2 2 2 2 2 2 2 2 2 2 2 2 2 2 2 2 2 2 2 2
left_child=1 2 5 -4 -5 7 8 18 9 55 11 13 26 -8 -13 16 17 21 19 20 -1 -14 53 24 25 -24 -12 -6 29 30 -27 32 -25 34 35 42 -37 38 -35 41 58 -39 -9 -44 -40 46 -15 48 -47 -49 -2 52 -46 54 -17 56 -7 -57 59 61 -60 -41
right_child=50 -3 3 4 27 6 10 33 -10 -11 12 14 15 45 -16 22 -18 -19 -20 -21 -22 -23 23 31 -26 28 -28 -29 -30 -31 -32 -33 -34 37 -36 36 -38 39 44 40 -42 -43 43 -45 51 47 -48 49 -50 -51 -52 -53 -54 -55 -56 57 -58 -59 60 -61 -62 -63
leaf_value=0.020797475580898277 -0.087362222201141093 -0.03159119120127285 -0.065912570985311961 -0.030768098944179312 0.019062008191667947 -0.023643603832873235 -0.055732047212604524 -0.0068097353786419823 -0.074164787893577 0.016651469585439057 0.019946778739607006 -0.10148642338047323 0.0039278753968950732 0.030560086327858615 0.029179179116442067 0.050066191431252717 -0.078919976675281112 -0.044739805154317185 0.0088206567505032633 -0.071977296473565364 0.074628878042321017 -0.06106603724112946 0.037679682658247809 -0.094017182977902486 0.066441700106216375 -0.22723063419769704 0.065075807224215826 -0.16493540249462812 0.05283032185206929 0.047615470562214129 -0.045541833678720944 0.064708933416888922 -0.0054098154521136548 0.014618560251731244 0.084666770961773843 0.048288923720674656 0.010227717496254354 -0.032709685094619176 0.39480694661401611 -0.030907425874451 0.099165417620265442 0.0037532947095403851 -0.098798593995031436 0.1055832254590299 -0.018427536114206316 0.0022069713498220904 -0.0037982547423911425 0.25001405965114037 -0.032850067395657837 0.027040329151609033 -0.018241082614830931 -0.029218290246956016 0.014890022518068672 -0.037431896854374112 0.0011491821637352254 0.016480057033554454 -0.091828846045637652 -0.022416890413977618 0.017973512390031355 0.0056937311767202865 -0.0015034921401247715 -0.0036909853972514877
leaf_weight=596.82925646640069 112.24268966351519 495.52537443670008 262.06945565214846 447.00144189107232 482.6184412313014 381.27404731910065 267.17562115351029 832.62481109882356 191.2008266841076 562.831053427195 844.90759401199466 203.80239770037588 1920.2335015092685 593.2197487315716 37.515349932262325 148.2041984241223 176.83520769384631 418.34165269322693 1629.0885359763051 40.161974541319069 373.18570669267501 120.81950972294726 142.51528836367652 57.356396654853597 465.89113577269018 30.753794817253947 275.92345286125783 12.182921315310521 21.772174558136612 14.644479741808025 30.378168438561261 66.794569829944521 432.26883033150807 726.18115220341133 148.90431225427892 430.61102805612609 2113.0274374632572 792.72917277144734 2.2341203715186557 679.19145966175711 128.22620384616312 960.03103829303291 93.047832668991759 12.490506616537457 1125.9236964929587 635.82492579657992 2983.4269171921769 9.1836675031809119 1085.2170054366434 136.45974913382088 219.7791268437868 1220.2761446096993 576.56607267602521 229.57908323348965 17447.973218774132 290.12648987963621 158.64529841171316 1021.913370386952 2852.2538261173322 5734.9452667217993 1634.2477014497854 2416.2873464931617
leaf_count=190196 237151 199013 492530 152281 25814 82874 278045 55789 294206 268569 17686 726563 33354 34905 4103 7681 15394 4378 31971 47821 61987 11916 4348 997 176333 894 17973 346 847 865 679 2475 6094 11893 11200 41854 104096 23188 148 10120 19386 57380 1859 1143 28673 96930 42248 101 225448 1715 8913 21658 12449 5030 535405 62306 287523 268693 56597 140182 28870 44162
internal_value=-0.000159948 7.64199e-05 0.000348258 -0.0198001 -0.00696866 0.000777401 -0.00174792 0.00393447 -0.0178505 -0.0133915 -0.000290717 -0.00939913 0.00208228 -0.00636606 -0.0811731 0.000587408 -0.0123312 -0.00754334 0.0196046 0.0369957 0.0415076 8.05806e-05 0.00237158 0.0209063 0.0422129 -0.00480795 0.0310565 0.0145317 -0.066881 -0.101277 -0.136944 -0.00612627 -0.0157896 0.0020947 0.0114215 0.00828911 0.0166711 0.000298161 -0.00994734 0.00275956 0.00477988 -0.012738 -0.0144369 -0.0746099 -0.0160462 -0.00394303 0.00190039 -0.0151393 -0.0198985 0.0411001 -0.041608 -0.0163603 -0.00714419 0.00105899 0.00156119 -0.0225219 -0.0436786 -0.0138158 0.00387106 0.000310596 0.0108788 -0.00966265
internal_weight=58553.5 58221.5 57725.9 1203.87 941.803 56522.1 31403 25119.1 2605.99 2414.79 28797 5951.83 22845.2 5710.51 241.318 21724.4 2636.23 2459.39 2639.27 1010.18 970.015 2041.05 19088.1 1262.37 705.955 240.064 1120.83 494.801 97.5486 75.7764 61.132 556.42 489.625 22479.8 3630.71 3481.8 2543.64 18849.1 3651.18 15197.9 13445.2 1752.76 938.163 105.538 2925 5443.33 3576.65 1866.69 1721.04 145.643 332.022 2922.77 1702.49 17825.8 17596.2 1851.96 539.919 1312.04 13316.9 8830.42 4486.5 3095.48
internal_count=5635248 5389184 5190171 670971 178441 4519200 3516578 1002622 1264171 969965 2252407 1410058 842349 679392 730666 806690 65042 49648 331975 300004 252183 45270 741648 193532 183966 7633 35659 26160 3285 2438 1573 9566 7091 670647 215941 204741 145950 454706 74821 379885 299317 80568 58791 3002 62928 401347 77153 324194 322378 1816 246064 62780 41122 548116 543086 701396 370397 330999 279931 194464 85467 54282
is_linear=0
shrinkage=0.1


Tree=74
num_leaves=63
num_cat=0
split_feature=8 2 19 12 29 0 1 2 2 14 0 0 29 10 12 2 0 2 29 21 12 0 21 21 2 4 3 24 30 26 29 18 9 8 2 12 7 20 7 19 1 20 21 18 30 24 20 26 0 8 24 9 14 12 19 14 20 2 18 18 9 18
split_gain=49.9377 57.4117 57.2216 67.1408 110.069 100.494 107.467 147.479 81.0136 72.269 64.2376 55.5472 54.4766 50.6995 70.6435 52.671 71.5091 88.2489 107.402 218.553 78.634 95.1107 66.4092 64.7726 61.519 51.2317 49.2441 65.4458 159.662 122.942 87.2606 54.163 48.8206 43.7184 42.4661 47.9728 55.0274 41.7712 39.4111 39.2674 39.2127 38.1712 37.9888 68.687 184.162 101.287 59.7068 58.2176 44.643 42.2699 36.8985 35.5609 84.1554 70.4199 58.429 53.3215 48.2581 36.1837 36.2555 34.8341 37.4863 34.5903
threshold=1.0000000180025095e-35 0.81346824765205394 75.06345367431642 61.651582717895515 1.0000000180025095e-35 0.80898490548133861 1.0000000180025095e-35 0.99996608495712291 0.91510540246963512 0.81666666269302379 0.91480755805969249 0.67998474836349498 1.0000000180025095e-35 19.139194488525394 35.948717117309577 0.69381573796272289 0.53297358751297008 0.52607575058937084 1.0000000180025095e-35 1.0000000180025095e-35 48.834688186645515 0.37240479886531835 0.23205128312110904 0.16397849470376971 0.38219055533409124 1.0000000180025095e-35 7.5000000000000009 8.5000000000000018 1.0000000180025095e-35 1.0000000180025095e-35 1.5000000000000002 58.353269577026374 97.332859039306655 2.5000000000000004 0.9586414396762849 99.333332061767592 1.0000000180025095e-35 99.014755249023452 1.0000000180025095e-35 86.981086730957045 1.5000000000000002 90.250156402587905 0.30217391252517706 1.0000000180025095e-35 1.0000000180025095e-35 6.5000000000000009 73.481681823730483 0.88194444775581371 0.35752075910568243 3.5000000000000004 12.500000000000002 47.690120697021491 0.31666667759418493 86.526824951171889 86.217220306396499 0.095454547554254546 98.312206268310561 0.22123819589614871 41.56573677062989 1.0000000180025095e-35 30.0684928894043 1.0000000180025095e-35
decision_type=2 2 2 2 2 2 2 2 2 2 2 2 2 2 2 2 2 2 2 2 2 2 2 2 2 2 2 2 2 2 2 2 2 2 2 2 2 2 2 2 2 2 2 2 2 2 2 2 2 2 2 2 2 2 2 2 2 2 2 2 2 2
left_child=34 11 -3 40 9 6 -6 32 -7 -5 37 13 -13 38 39 16 17 18 42 -20 25 24 61 -17 26 -21 27 -22 29 -29 31 -31 41 -34 35 36 -1 -10 -2 -15 -4 -8 43 48 50 -46 -44 -47 -16 -50 -45 54 53 55 -48 -53 57 -56 -59 -18 -61 -19
right_child=1 2 3 4 5 8 7 -9 10 -11 -12 12 -14 14 15 23 59 22 19 20 21 -23 -24 -25 -26 -27 -28 28 -30 30 -32 -33 33 -35 -36 -37 -38 -39 -40 -41 -42 -43 46 44 45 47 51 -49 49 -51 -52 52 -54 -55 56 -57 -58 58 -60 60 -62 -63
leaf_value=-0.008613103623718232 0.03055488063693082 -0.017233045219635878 0.0051313397088350718 0.022992053864278585 -0.0061960372908557611 -0.031399622573826703 0.01179308046581078 0.12702255153241082 0.0052743361188721076 0.071188420874238378 -0.029166692829343671 0.0022281423368289725 -0.020307207572852034 -0.065038488767741057 -0.0013607363826602323 -0.016795255757823296 0.0058402377679401749 -0.00048286885165967709 -0.098802431481787592 -0.071773831252994413 -0.0075054871847189718 -0.017858712541392534 0.019517453281947934 0.015991627274866277 0.021832393204434638 -0.0011311388356575938 -0.040582677344022419 0.0052227222635453938 -0.084872671895431323 0.1277621123241062 -0.029161097519921075 0.02667273162571043 -0.011380720648995155 0.019532385867730706 -0.029729547251625979 0.020572511580003793 -0.089453369143769543 0.047905270155296165 -0.091838412788406598 -0.016317602874959619 -0.022474333712600745 0.042761793366821579 0.043604800526967025 -0.087547403620286249 -0.072002071668527887 0.071837389037787719 -0.03629732257960458 -0.0028631215237802468 0.037760136021538243 0.0081491566873971768 -0.0093023728209391601 -0.030089759675698304 0.017155224399065215 0.048215850335851781 0.1453312397679781 -0.1133514138619177 -0.027849510192836154 -0.093155782428562484 0.050341349360182391 0.034423984678139223 -0.01590313411966808 -0.052401588370870548
leaf_weight=2168.6631376586738 708.89033434927114 970.24471808401722 1034.2234647565929 1620.0358760712843 1796.3053241893649 1017.7489855964668 610.72101712581934 132.49838107754476 1289.8881442383863 385.06578368396731 473.07855763006955 1736.5490962873446 2806.1003603054996 218.96486421669397 3629.1126574545706 723.13063538858114 1025.095664129185 1322.5811774985559 266.63061638917134 298.63371061886573 2682.4670827283844 3421.0871651290508 3827.8674920588455 3613.4178341389634 1363.5009660387295 156.43986851297086 317.28407649841392 476.40715277104755 119.9883891302743 230.87959272967419 58.297020392448758 68.794824170923675 684.39874987350777 1379.8508621812798 937.33259988257487 576.42566353797156 87.603638234984828 279.67500643664971 27.322983329453564 676.5489927259332 1024.0385370213116 1142.7083433666849 602.80617591911141 337.43170574447868 105.11982759697275 228.58713824081497 124.74204535456374 191.92690563922952 659.08009670340107 1795.1882149011071 73.374724737135693 225.30670929866028 723.36251634859946 75.455437182448804 38.516857201764651 116.78237111019553 89.103970327443676 18.410456991623505 403.49213073531428 152.62019910392701 4891.4183327258652 142.11196755406854
leaf_count=243652 168491 21267 16375 102804 18117 10320 7169 1547 13598 242899 5522 72560 36898 588670 315510 19141 9543 36174 419918 1105123 174351 78021 169697 88740 62207 22983 107763 40546 2911 4372 5988 2508 5370 11972 24234 29762 191663 3781 138996 194857 33691 14717 61586 170639 46406 17797 92361 22017 15569 52337 12392 6182 26976 4945 4273 2000 13423 774 48525 11083 117807 43728
internal_value=-0.000148006 0.00062043 0.00618534 0.00795078 0.0111021 0.0062878 0.0140833 0.0233052 -0.00834987 0.0322478 0.0031347 -0.00126869 -0.0116925 3.83463e-05 -0.000500438 0.000217342 -0.00125975 0.00117517 -0.00202117 -0.00955085 -0.00696245 -0.004852 0.0125884 0.0105243 0.00351587 -0.0474891 -0.00280023 0.000495978 0.0229859 0.0384966 0.0827792 0.104556 0.0197055 0.00928319 -0.0112793 -0.00517417 -0.0117519 0.0128706 0.0260125 -0.0282305 -0.0086032 0.0319754 0.00552656 0.00180302 -0.0234089 0.0157957 0.0163366 0.0377433 0.005684 0.016101 -0.0735719 0.00728108 -0.00347905 -0.0392263 0.025488 -0.0585136 0.0395133 0.0525499 0.0440796 -0.010965 -0.0143804 -0.00552029
internal_weight=58381.3 54611.3 13840.5 12870.2 10812 8806.87 5746.48 3950.18 3060.39 2005.1 2042.64 40770.8 4542.65 36228.2 35492 34596.5 30259.9 24190.8 18898.2 9460.41 9193.78 8738.71 5292.56 4336.55 5317.62 455.074 3954.12 3636.83 954.367 834.379 357.971 299.674 3817.68 2064.25 3770.03 2832.69 2256.27 1569.56 736.213 895.514 2058.26 1753.43 9437.8 7019.82 936.44 525.634 2417.98 420.514 6083.38 2454.27 410.806 1815.17 1140.91 417.545 674.265 342.089 549.523 460.419 421.903 6069.13 5044.04 1464.69
internal_count=5635248 5145937 509149 487882 437816 92113 58892 40775 33221 345703 22901 4636788 109458 4527330 4219843 3436316 3328435 3190002 2940403 2026691 1606773 478667 249599 107881 400646 1128106 338439 230676 56325 53414 12868 6880 39228 17342 489311 465077 435315 17379 307487 783527 50066 21886 913712 652667 269251 86220 261045 39814 383416 67906 183031 199459 40103 13127 159356 8182 66995 53572 49299 138433 128890 79902
is_linear=0
shrinkage=0.1


Tree=75
num_leaves=63
num_cat=0
split_feature=8 29 8 2 17 27 10 12 21 20 18 17 7 12 24 3 21 21 11 18 21 9 19 18 19 8 19 9 12 13 27 19 18 11 30 29 29 27 29 13 13 9 12 13 26 26 30 10 13 12 2 12 2 11 7 20 26 24 11 19 2 11
split_gain=48.2313 45.07 41.4671 43.6773 72.3426 61.1827 48.199 64.8521 62.1424 56.5661 84.6196 50.7209 49.0699 212.187 78.7436 65.1788 69.4352 59.5689 65.3581 56.0833 52.4787 48.081 46.0188 45.7571 43.4129 43.1858 48.5958 45.4547 60.8847 42.8253 109.832 76.2477 56.942 48.3353 41.1162 58.8482 53.9131 40.6392 40.6388 71.6236 40.6304 92.779 45.4609 39.372 38.6848 37.5665 37.2706 37.1581 74.058 57.451 36.8302 36.5309 35.2368 41.9508 45.7678 34.3944 33.8903 33.5096 33.2844 32.3154 31.9749 31.3104
threshold=29.500000000000004 2.5000000000000004 1.0000000180025095e-35 0.82469150424003612 9.5000000000000018 3.5000000000000004 24.068965911865238 35.948717117309577 0.30602006614208227 88.47040176391603 42.891986846923835 18.500000000000004 1.0000000180025095e-35 99.333332061767592 5.5000000000000009 21.500000000000004 0.67333334684371959 0.43874999880790716 69.282051086425795 92.071350097656264 0.58957219123840343 28.743545532226566 89.808139801025405 91.442928314208999 98.369518280029311 1.5000000000000002 72.773891448974624 96.824596405029311 55.646631240844734 50.31645584106446 1.5000000000000002 83.893524169921889 69.49753570556642 45.080644607543952 1.0000000180025095e-35 1.0000000180025095e-35 1.5000000000000002 1.5000000000000002 1.0000000180025095e-35 98.07621002197267 16.53005409240723 15.535444736480715 31.311274528503422 13.484848499298097 -1.0000000180025095e-35 0.34848485887050634 1.0000000180025095e-35 62.575302124023445 76.533164978027358 63.733076095581062 0.18132837116718295 89.725547790527358 0.9586414396762849 97.915760040283217 1.0000000180025095e-35 57.795139312744148 -1.0000000180025095e-35 14.500000000000002 78.629974365234389 55.193569183349616 0.42996524274349218 47.690120697021491
decision_type=2 2 2 2 2 2 2 2 2 2 2 2 2 2 2 2 2 2 2 2 2 2 2 2 2 2 2 2 2 2 2 2 2 2 2 2 2 2 2 2 2 2 2 2 2 2 2 2 2 2 2 2 2 2 2 2 2 2 2 2 2 2
left_child=1 2 52 5 25 6 8 -8 37 11 -11 12 14 22 17 16 19 18 -9 29 -19 -12 -14 24 50 27 -27 28 -5 30 31 33 59 -16 36 -36 -7 -4 39 61 41 42 -10 -6 57 -31 -3 48 51 -49 -15 -23 53 54 -1 -47 -33 -40 -50 -32 -61 -28
right_child=-2 46 3 4 43 34 7 9 40 10 21 -13 13 23 15 -17 -18 20 -20 -21 -22 47 -24 -25 -26 26 38 -29 -30 45 32 56 -34 -35 35 -37 -38 -39 44 -41 -42 -43 -44 -45 -46 55 -48 49 58 -51 -52 -53 -54 -55 -56 -57 -58 -59 -60 60 -62 -63
leaf_value=-0.0084533720005150314 -0.050282800260902205 -0.048756406986353827 -0.076532055291623047 -0.03466654210544852 -0.11821023842309018 0.013394662147851639 -0.034244944504042397 -0.060123950720792643 0.038969136802851183 -0.083100879658143612 0.035750902432180189 -0.048707448481624616 -0.083399537326918516 -0.066611932033054558 -0.036897703113999994 -0.020065333399546664 -0.0023245707313783487 0.041067920288981756 -0.009161493061358451 0.21836013130804785 -0.0020698334576185928 -0.020879025249688821 4.9464009720312499e-05 0.11322679122185508 0.055574379080512049 -0.012856983052305135 0.0036075978966286846 -0.021551885430441176 0.018829259019307196 0.019890390112607081 -0.037720585365188568 0.097271082310310619 0.016085700641047623 0.031542396804830092 -0.024690353187655424 -0.12819093958140834 -0.13532936041493046 0.090461978831027856 -0.01929052938799844 0.070347889267204422 0.030457376771116262 -0.10359967403811216 -0.041214164229257125 -0.013057145346612026 0.012250548105935748 0.051933597675949676 0.069565150559080566 0.078088051781802059 0.10515944826187539 -0.0034084199792558363 0.0004242277200091402 0.023114836785061592 -0.026760019364680226 0.017025870945659178 -0.086321364694370059 -0.0077285992476768253 0.033392525734556748 0.073631815707437487 -0.00022526473335615822 0.15883610159925129 0.066424377894501105 0.030066859599699999
leaf_weight=2037.1830501405202 191.19710612736526 285.32443201787828 104.19876969826873 268.04060698313697 36.598124118856504 184.82687804833404 577.9333738675341 297.38879853450635 253.58650321774621 139.47724955643207 286.07830683099746 192.60782992051099 374.2207574161439 82.540151180073735 263.73193997050112 573.35683850907662 1817.0308742225607 393.40898961607309 1636.2470042179921 14.210764421994098 995.95580431942653 2909.7136473547362 80.255793541640742 36.194831319095101 142.01857489038957 755.85533776169905 818.74920373872737 888.85914261336438 1031.3684734978306 3917.1735178241943 11.963552886314572 107.75541911477922 69.755838264682097 169.519923183223 133.06772159218963 93.559074329110445 28.077009772576275 16.942288449878106 611.56354203507362 306.47588462120621 1206.4353442325373 78.545139487709093 98.046924110720283 1315.6945908136986 5931.4931575005903 107.84822568457457 29.361444865557132 87.250214560917811 71.593960255617276 10070.053369280882 11598.196676560605 201.83813824527897 935.1302749879178 691.97877899042214 78.386171793856192 928.48979866714217 362.32524124151678 41.438300148234703 51.548719321377575 128.7422269177041 52.79617264434637 985.6142520597059
leaf_count=224723 45022 236742 252298 8779 835 4569 521037 204897 50420 7198 55844 94474 779929 25122 310863 94686 47445 23330 98193 288 31551 287230 56304 1329 20386 14521 17106 27311 28439 143716 6147 6455 6705 28795 6226 2404 980 7580 4204 216433 310896 30951 27943 40032 66658 1926 6979 1561 5935 181536 557790 5728 24098 31975 181723 18853 63706 268 613 10346 2114 63101
internal_value=-0.000139928 2.53801e-05 0.000231286 0.000937569 0.00598946 -0.000665325 -0.000262668 -0.000997354 0.0159333 -0.000493968 -0.00560463 0.00240566 0.00281313 -0.00160743 0.00740745 0.0124974 0.0148455 -0.0056502 -0.0169994 0.0199314 0.0101449 -0.00481439 -0.0686633 0.00096239 0.000618698 0.00853296 0.0114639 -0.00412597 0.00779421 0.0194706 0.0367079 0.0201436 0.0935458 -0.0101189 -0.0377741 -0.0674188 -0.00621853 -0.053177 0.0135781 0.0256523 0.0210488 -0.00533761 0.0166114 -0.015903 0.00970733 0.0154111 -0.0377165 -0.00568094 -0.0150151 -0.00270837 -4.94731e-05 -0.0180253 -0.00994743 -0.00434754 -0.0113385 -0.00151975 0.0480352 -0.0133938 0.0610444 0.12147 0.13196 0.0180607
internal_weight=58186.8 57995.6 57680.9 53938.3 12991.8 40946.5 40507 38749.2 1757.75 38171.3 13817.6 24353.7 24161.1 12313.4 11847.7 8524.7 7951.34 3323 1933.64 6134.31 1389.36 13678.1 454.477 11859 11822.8 11639.5 9451.19 2188.27 1299.41 6120.1 1166.59 903.333 263.258 433.252 439.531 226.627 212.904 121.141 8695.33 2110.84 1636.61 430.179 351.633 1352.29 6584.49 4953.51 314.686 13392 3234.69 10157.3 11680.7 3111.55 3742.68 2807.55 2115.57 1036.34 470.081 653.002 123.143 193.502 181.538 1804.36
internal_count=5635248 5590226 5346505 4883986 487687 4396299 4382120 3702032 680088 3180995 545645 2635350 2540876 1440860 1100016 742045 647359 357971 303090 599914 54881 538447 836233 604627 603298 446820 382291 64529 37218 599626 435131 409819 25312 339658 14179 8630 5549 259878 367770 296640 420210 109314 78363 40867 71130 164495 243721 482603 299506 183097 582912 292958 462519 438421 406446 20779 70161 4472 6548 18607 12460 80207
is_linear=0
shrinkage=0.1


Tree=76
num_leaves=63
num_cat=0
split_feature=1 9 19 25 0 21 25 24 20 24 11 5 14 11 3 20 26 25 21 0 11 19 19 21 11 24 21 18 20 18 25 0 5 1 11 14 24 18 3 11 21 21 2 10 17 0 18 1 14 9 10 10 0 0 27 2 18 20 2 2 14 3
split_gain=41.8278 97.0001 74.5568 44.0117 43.929 42.088 108.911 90.2673 45.8063 50.7141 44.7001 41.2075 38.7152 38.4872 35.3328 35.2571 33.7326 48.1274 31.9252 31.5181 46.4975 34.878 30.8199 28.3741 173.137 104.486 53.1645 74.4635 57.4901 48.4823 98.7243 39.4285 39.3879 46.5959 34.3951 33.5087 32.0286 30.9417 29.0688 40.9395 42.8927 38.8322 51.4154 38.3194 34.6561 32.4985 29.9136 29.7341 29.4013 28.8433 28.2809 46.5433 54.977 46.2923 27.7374 42.8111 34.7356 30.4077 26.971 111.61 26.9393 26.7011
threshold=11.500000000000002 37.884435653686531 82.832054138183608 10.500000000000002 0.34243170917034155 0.1695402339100838 3.5000000000000004 8.5000000000000018 63.467296600341804 6.5000000000000009 68.614070892333999 1.0000000180025095e-35 0.27922078967094427 64.565757751464858 5.5000000000000009 98.614311218261733 0.58571431040763866 4.5000000000000009 0.048809524625539787 0.26468358933925634 54.692083358764656 76.964214324951186 87.531093597412124 0.98275861144065868 99.275363922119155 7.5000000000000009 0.8834841549396516 98.048732757568374 99.80237197875978 97.067424774169936 12.500000000000002 0.38690181076526647 1.0000000180025095e-35 1.5000000000000002 51.355310440063484 0.93750000000000011 16.500000000000004 92.071350097656264 5.5000000000000009 47.124916076660163 0.60434782505035411 0.4220647811889649 0.66838625073432933 24.068965911865238 14.500000000000002 0.69151422381401073 89.808139801025405 3.5000000000000004 0.2264957278966904 44.590642929077156 30.860805511474613 80.901721954345717 0.74851754307746898 0.86401242017745983 2.5000000000000004 0.7921138107776643 69.247417449951186 99.014755249023452 0.20401290059089663 0.19741959869861606 1.0000000180025095e-35 9.5000000000000018
decision_type=2 2 2 2 2 2 2 2 2 2 2 2 2 2 2 2 2 2 2 2 2 2 2 2 2 2 2 2 2 2 2 2 2 2 2 2 2 2 2 2 2 2 2 2 2 2 2 2 2 2 2 2 2 2 2 2 2 2 2 2 2 2
left_child=23 2 -2 5 16 6 -3 -8 9 -7 -11 19 15 -14 18 60 -4 -18 -9 20 21 -10 -5 26 25 31 32 28 -28 -30 -31 34 54 35 -25 49 -29 -27 41 40 48 -35 43 -43 -42 -44 -47 -45 -40 -34 53 52 61 -33 -1 56 -56 -58 59 -50 -13 -52
right_child=1 3 4 22 -6 8 7 14 11 10 -12 12 13 -15 -16 -17 17 -19 -20 -21 -22 -23 -24 24 -26 37 27 36 29 30 -32 50 33 38 -36 -37 -38 -39 39 -41 44 42 45 47 -46 46 -48 -49 58 -51 51 -53 -54 -55 55 -57 57 -59 -60 -61 -62 -63
leaf_value=0.0046414660465563451 -0.065826755484457961 -0.0016260518246253312 -0.016394993670472806 -0.10200851963434768 -0.043180287305737364 -0.0037103355928511696 -0.091783359950729532 -0.10801737947047155 -0.010478536527637177 0.10623712463300845 0.027238607445068272 -0.0098249037882853427 0.072293131384823447 -0.0034575316782910585 -0.090215370513984719 -0.13103806929782003 -0.018094900175756219 0.085592871358467118 0.041300271928102116 0.0011798917505530136 0.014952389358174901 0.10059728297467647 -0.019588336900734356 0.14498364082152534 0.076739342673091238 0.053768149446709712 -0.025590477310356175 -0.11481210169380165 0.045918348188906312 -0.067200408738647396 0.05007686208585415 0.012684378046855141 0.011603113262236916 0.01430896022743847 -0.014981208446569753 -0.0039016415189514729 -0.021503714748534575 0.018223666614742676 -0.069259125592811957 -0.0025879181724534819 -0.024187186367529673 0.039071276339091437 0.017965237076088249 -0.018847387907195146 0.053493481774181888 0.016833438777541579 -0.011838864364936585 -0.0022254025115165331 0.35191609736748708 -0.025605290134160269 -0.0417019482077561 0.0088465934069451736 0.0014658148287778278 -0.062666714310664715 0.027769156050597252 0.0054746945765844525 -0.052632639829180886 0.074088229137705283 0.10881153242498076 4.9844030057696651 -0.058515466528661589 0.014208888917536862
leaf_weight=20814.140463762771 438.10073681679933 2064.0887834328169 276.70643112647667 70.0944007391372 310.22682323514164 216.46325029167929 273.77672732131759 16.249938535765978 36.554185331617191 122.43437878742407 172.59954902448226 382.06931946521945 70.293729784956668 1463.6085784070601 34.103755433745391 32.817406180867692 81.115362942160573 99.891764849831816 120.5004286329422 1078.4431000581535 601.12093049484247 124.72532959143427 128.62080624305236 32.105880695831729 342.67050378088607 349.52888941022684 933.84362533527019 104.54221017732925 265.41983493028965 156.1159051967843 132.86944383771333 969.58695913846896 237.29568772327184 2484.6623691871209 23.121644069207832 2741.8200717646687 56.760637315295753 818.19421297904046 222.01513588402304 5159.0485042765358 301.12916965855402 176.11581174730236 1926.3832821463729 1722.206001763152 70.967046604477218 571.87235583511938 1000.3921623830829 2868.9953465900908 0.43904179367382257 1707.038138863034 933.02889130814583 666.86375064402819 602.51317725481931 89.017698011215543 75.457063700807339 626.04944517266995 376.36181379777554 19.939147670185775 3.1541090494138189 0.058997580606956035 161.73153119334165 94.023130741421483
leaf_count=1087419 1436976 220050 320465 53553 165832 28880 365469 15020 32566 21543 4171 117502 2030 23111 21030 1619 4319 9718 10779 80789 11522 21952 8596 1118 200250 10322 31129 1136 4410 1500 1466 22626 9480 155275 716 60834 662 23624 345944 251431 58559 18513 38366 31870 10059 14082 18662 106584 388 34267 26492 26953 16162 1143 3987 15949 10169 385 594 44 9853 5333
internal_value=-0.000132521 -0.00666937 -0.0329083 -0.00225599 -0.0141287 -0.000933279 -0.0112965 -0.0561891 0.00489222 0.0330506 0.0600217 0.00124716 -0.0082902 1.38736e-05 0.000847166 -0.0303804 0.00556166 0.0391269 0.023557 0.0121817 0.0277442 0.0754218 -0.0486611 0.000969725 0.00817745 0.00304547 0.000177263 -0.0174414 -0.0104467 0.0150617 -0.0132788 -0.00579484 0.000851489 -0.00222215 0.0780125 -0.0110226 -0.0819779 0.028863 0.000276122 -0.00545844 -0.0302327 0.0033469 5.18172e-05 -0.00670454 -0.00937175 0.00925815 -0.00141002 -0.00846048 -0.0646296 -0.0210642 -0.0071744 -0.013408 -0.0225152 0.00634813 0.00382436 -0.0116677 -0.0344165 -0.0462569 0.216798 0.900679 -0.0243059 -0.0365835
internal_weight=58052.1 8376.34 1206.04 7170.3 767.94 6971.58 2508.72 444.631 4462.86 511.497 295.034 3951.36 2110.52 1533.9 170.854 576.618 457.714 181.007 136.75 1840.84 762.4 161.28 198.715 49675.7 4920.65 4577.98 44755.1 1649.55 1488.25 554.405 288.985 3410.26 43105.5 21193.6 55.2275 4686.15 161.303 1167.72 16507.4 5756.81 597.764 10750.6 8265.96 4767.32 372.096 3498.65 1572.26 4591.2 225.667 1944.33 3355.03 2296.43 1629.57 1058.6 21911.9 1097.81 471.758 396.301 3.65215 0.498039 543.801 1027.05
internal_count=5635248 2987345 1937310 1050035 500334 987886 632348 412298 355538 54594 25714 300944 154115 25141 46829 128974 334502 14037 25799 146829 66040 54518 62149 2647903 334739 134489 2313164 40303 38505 7376 2966 100543 2272861 1154952 1834 104581 1798 33946 1050371 667019 415588 383352 228077 156967 68618 71110 32744 138454 346970 43747 98709 74940 47987 23769 1117909 30490 14541 10554 1026 432 127355 31825
is_linear=0
shrinkage=0.1


Tree=77
num_leaves=63
num_cat=0
split_feature=8 28 10 7 12 26 19 12 19 9 11 26 10 18 25 18 17 13 30 24 26 19 10 9 17 10 8 18 11 3 19 25 3 26 24 12 24 19 25 13 30 9 17 5 26 19 11 18 2 30 17 24 19 2 18 25 19 7 11 30 25 24
split_gain=41.6755 38.2296 62.8718 189.043 62.9161 61.2843 59.5783 59.5452 56.5864 51.9269 48.8992 48.8028 46.6332 44.5187 43.6322 40.132 39.0281 38.4946 90.3364 61.6226 49.3609 43.2759 40.3956 39.7656 38.4814 55.4437 38.2414 36.5531 36.1346 35.2872 39.7724 40.7957 34.9686 34.9442 34.4315 33.9042 33.786 36.6275 35.1479 33.3903 31.9802 31.5165 31.2735 31.0284 48.473 37.0309 30.2071 29.0733 29.8982 27.0876 42.3055 42.64 46.1917 36.6789 41.3135 34.8151 28.7542 26.3997 26.2551 25.8041 25.5177 62.4488
threshold=44.500000000000007 1.0000000180025095e-35 59.611795425415046 1.0000000180025095e-35 85.215545654296889 0.73214286565780651 76.964214324951186 63.733076095581062 98.830371856689467 46.709957122802741 52.240802764892585 -1.0000000180025095e-35 24.068965911865238 68.432746887207045 3.5000000000000004 96.162029266357436 12.500000000000002 98.07621002197267 1.0000000180025095e-35 8.5000000000000018 0.88194444775581371 60.894552230834968 98.147510528564467 96.590469360351577 1.0000000180025095e-35 86.526824951171889 5.5000000000000009 98.557659149169936 63.224515914916999 5.5000000000000009 94.297328948974624 9.5000000000000018 2.5000000000000004 0.63068181276321422 6.5000000000000009 99.333332061767592 12.500000000000002 97.575668334960952 10.500000000000002 53.427228927612312 1.0000000180025095e-35 68.208553314208999 2.5000000000000004 1.0000000180025095e-35 0.31666667759418493 55.705244064331062 48.934240341186531 88.775268554687514 0.26976394653320318 1.0000000180025095e-35 10.500000000000002 8.5000000000000018 97.575668334960952 0.58314234018325817 92.601715087890639 3.5000000000000004 96.787097930908217 8.5000000000000018 22.378716468811039 1.0000000180025095e-35 6.5000000000000009 6.5000000000000009
decision_type=2 2 2 2 2 2 2 2 2 2 2 2 2 2 2 2 2 2 2 2 2 2 2 2 2 2 2 2 2 2 2 2 2 2 2 2 2 2 2 2 2 2 2 2 2 2 2 2 2 2 2 2 2 2 2 2 2 2 2 2 2 2
left_child=1 17 3 4 6 7 9 42 36 39 35 14 15 28 -10 -8 -12 22 33 21 -21 -20 23 26 -25 -26 47 -15 29 30 31 34 -11 -19 -14 -6 38 57 43 -3 41 -34 -4 60 -45 -46 -5 -1 58 50 51 52 55 -51 56 -47 -55 -38 -49 -40 -9 -62
right_child=-2 2 5 46 10 -7 12 8 11 32 16 -13 13 27 -16 -17 -18 18 19 20 -22 -23 -24 24 25 -27 -28 -29 -30 -31 -32 -33 40 -35 -36 -37 37 -39 59 -41 -42 -43 -44 44 45 49 -48 48 -50 53 -52 -53 -54 54 -56 -57 -58 -59 -60 -61 61 -63
leaf_value=0.0052372930587503965 -0.066808361547511214 -0.064953740182124617 0.1044234195417767 -0.098765365223749249 0.11922333175856881 -0.080886598292816442 0.0097953530148505701 0.0001731751110304398 -0.099115398229523727 0.17065605489670774 0.036628362934457002 0.01166005002397426 -0.0031626496740290132 -0.019426063016147001 0.081030854418913181 0.086866103295945282 -0.028319588151920462 -0.0055188308962649214 -0.053767833814128543 -0.10289573876734562 0.031626616583292487 0.078006825952119857 0.080372303752773877 0.10516794901746732 -0.4472386223980489 -0.054668984990469099 0.013112822806475619 0.037754732307295466 -0.045058114475888839 -0.017580177710802097 0.0022155298591512518 -0.055087703830945259 -0.040504691760398968 0.036856569107303332 0.087990995560522312 -0.08661911395354055 0.023770537634747752 -0.022879993954617484 -0.01605012040385274 3.3098679569271447 0.063210754437800776 0.043599197652289187 0.0094488478049674657 -0.0012579068469967594 0.052391348988162223 0.12043318623553632 -0.042036058042991938 0.30149196575515719 -0.0049210851194694183 -0.055607980221821056 0.06489038234734322 0.018763831878546716 0.032061907728226077 0.023384474486000062 -0.07615965210982667 -0.024891577895223171 -0.091073961431644632 -0.015683366579559842 0.052716249825577648 -0.07632701264134352 0.035844467428438588 0.0024644303770481779
leaf_weight=5879.1948560173914 93.594266018517374 341.46527670056093 82.763314694624569 251.55652456721145 75.017801654190407 93.663097355747595 648.79104661309975 12337.202190550306 14.468659448437391 10.307233329163862 258.42619768773147 595.48315278708469 52.061383150256006 2419.5950682198309 190.00894323724788 75.417200750307529 144.12095345459238 995.0498610650684 26.586256613023579 39.126701585948467 90.064522727043368 398.11271322204266 66.008708344539627 14.669698747806249 3.6967128217220298 134.2555237430206 2770.1886537669634 117.21105927031022 105.97297821816755 208.85812102686032 255.92067781166406 29.357028338010423 275.01882441094494 241.91320938809076 203.09397231979528 8.9571417604893195 1305.3304464446555 247.4606446409598 767.45946574817935 0.029319478373507901 44.779499784053769 53.170062781136949 59.665300820590346 12531.304749961986 79.689044525264762 16.627583415480331 149.73252538063389 4.9593636017380041 6560.2253216652898 369.3828822367359 69.844005033141002 340.85152339888737 161.22671299264766 209.8200364925433 69.95574165834114 1922.0472824419849 24.512721033534035 194.92321665956115 29.339279201107274 78.263642686128151 732.20625511389517 2389.5460228476441
leaf_count=423198 23488 834460 2908 1423905 1631 1444 175007 436491 503 125 9350 29668 23256 464791 25209 3118 11548 36231 561 1153 52007 218985 12782 724 55 2983 140165 1315 1817 91387 12294 22285 57521 14439 25609 668 28167 2533 21234 8 1190 4025 2869 555834 2310 131 121792 102 195160 4774 1136 2954 1707 3588 1222 15898 318 13977 962 1398 29993 38885
internal_value=-0.000133109 -2.52661e-05 -0.00170058 -0.0114096 -0.00642407 -0.00010609 -0.00986914 0.00011139 -0.000153861 -0.036307 0.0278555 0.0261336 -0.00521411 -0.0101322 0.0682839 0.0178213 0.0133755 0.00391823 0.0177977 0.0513612 -0.00911467 0.0697577 0.00231072 0.00197605 -0.0488144 -0.0651887 0.00248457 -0.0167841 0.00959805 0.0173281 0.0308189 0.0565479 -0.0110413 0.00276854 0.0693922 0.0972673 -0.000775144 0.0127649 -0.00151235 -0.064664 -0.0160626 -0.026879 0.0646373 -0.000968024 -0.00408513 -0.0149397 -0.077598 0.000124222 -0.00443422 -0.0166247 -0.011847 -0.0140429 -0.0193681 -0.0344298 -0.00872115 -0.0236452 0.0114114 0.0186444 0.0886876 -0.0216282 0.0022169 0.0102937
internal_weight=57959.6 57866 40612.6 5728.86 5327.57 34883.7 4841.05 34790 34647.6 724.77 486.522 799.961 4116.28 3392.07 204.478 724.208 402.547 17253.4 1790.85 553.89 129.191 424.699 15462.5 15396.5 152.622 137.952 15243.9 2536.81 855.264 749.291 540.433 284.512 383.276 1236.96 255.155 83.9749 33847.7 1747.71 32099.9 341.495 372.968 328.189 142.429 31254.2 15795.3 3263.96 401.289 12473.7 6594.52 3184.27 2510.6 2440.75 2099.9 673.671 304.288 1938.67 234.333 1500.25 34.2986 845.723 15459 3121.75
internal_count=5635248 5611760 4512253 3287102 1741405 1225151 1718208 1223707 1217930 897329 23197 55380 820879 642754 25712 178125 20898 1099507 323376 272706 53160 219546 776131 763349 3762 3038 759587 466106 176648 174831 83444 71150 62861 50670 48865 2299 1162550 44677 1117873 834468 62736 61546 5777 1095241 589872 34038 1545697 619422 196224 31728 21826 20690 17736 9902 5128 16029 3906 42144 1064 22632 505369 68878
is_linear=0
shrinkage=0.1


Tree=78
num_leaves=63
num_cat=0
split_feature=3 1 10 21 3 13 8 24 27 27 7 3 8 1 12 0 14 11 2 25 4 17 10 24 21 0 14 12 14 12 7 24 27 12 17 21 27 12 17 0 17 21 24 12 11 24 11 14 30 26 30 11 26 21 25 30 10 11 12 7 0 13
split_gain=37.1886 38.5741 62.811 39.8631 38.7385 33.19 32.2638 32.1798 30.5274 29.3691 27.3826 26.7112 26.6913 32.5413 41.8441 37.5789 35.7684 41.5002 31.4195 61.9408 143.491 61.5273 57.5546 64.2748 56.0759 50.6794 45.5435 171.011 147.582 133.678 119.305 78.7943 65.4679 61.661 68.2815 65.0718 53.3241 58.6653 73.4191 53.2604 52.8534 75.9196 61.7616 53.9483 49.9006 48.7503 54.3852 48.3959 42.051 64.8712 41.9048 96.2593 52.7707 41.4265 61.005 58.215 46.7373 56.8376 47.3987 40.2012 40.0338 39.8496
threshold=1.5000000000000002 25.500000000000004 48.934240341186531 0.35857143998146063 74.500000000000014 97.220077514648452 8.5000000000000018 4.5000000000000009 6.5000000000000009 1.5000000000000002 16.500000000000004 37.500000000000007 1.0000000180025095e-35 1.5000000000000002 50.373134613037116 0.72551110386848461 0.18333333730697635 99.275363922119155 0.84802827239036571 9.5000000000000018 1.0000000180025095e-35 9.5000000000000018 24.068965911865238 9.5000000000000018 0.62731480598449718 0.58960780501365673 0.31666667759418493 89.725547790527358 1.0000000180025095e-35 58.919960021972663 1.0000000180025095e-35 6.5000000000000009 1.5000000000000002 64.346244812011733 4.5000000000000009 0.43874999880790716 2.5000000000000004 77.032970428466811 4.5000000000000009 0.20254777371883395 10.500000000000002 0.36939570307731634 5.5000000000000009 97.752525329589858 32.305501937866218 6.5000000000000009 60.120481491088874 0.13392857462167743 1.0000000180025095e-35 0.88194444775581371 1.0000000180025095e-35 92.031745910644545 0.88194444775581371 0.62731480598449718 4.5000000000000009 1.0000000180025095e-35 76.63120269775392 88.493064880371108 84.273937225341811 1.0000000180025095e-35 0.84885936975479137 93.40579986572267
decision_type=2 2 2 2 2 2 2 2 2 2 2 2 2 2 2 2 2 2 2 2 2 2 2 2 2 2 2 2 2 2 2 2 2 2 2 2 2 2 2 2 2 2 2 2 2 2 2 2 2 2 2 2 2 2 2 2 2 2 2 2 2 2
left_child=9 4 -3 6 7 -6 -4 -2 12 -1 -7 -8 13 16 15 -15 -9 -18 19 22 24 25 59 26 -21 -20 27 28 30 -28 32 -30 33 35 61 -24 37 38 -31 -34 53 -42 43 -43 -37 46 -46 -29 -38 -50 -22 52 -52 55 -55 -39 57 58 -56 -14 -23 -35
right_child=1 2 3 -5 5 10 11 8 -10 -11 -12 -13 18 14 -16 -17 17 -19 21 20 50 60 23 -25 -26 -27 29 47 31 36 -32 -33 39 34 -36 44 48 40 -40 -41 41 42 -44 -45 45 -47 -48 -49 49 -51 51 -53 -54 54 56 -57 -58 -59 -60 -61 -62 -63
leaf_value=0.022567461494372235 -0.014899434867941883 -0.051402121564985352 -0.0030966338734165332 0.020285450541183702 -0.056959423861233482 0.058764764141192111 -0.069216319145608982 0.0066109176875786104 -0.10424717915672464 0.11577913022938818 -0.019231637204988813 0.29967437014947435 0.023280435503205049 -0.013847932130001923 0.0070448722607983644 -0.092298848303402806 -0.04750652009918066 -0.0077550776181454246 -0.011288006081924169 -0.094135029473885301 0.0018644662648011978 -0.0037194829295272239 -0.060931795053128859 0.012734527626650059 -0.030541721978343175 0.011079731298857963 0.093147735090238729 0.093191163751496053 -0.08074391213146298 0.028698390323970459 -0.098091053819418628 -0.018404495964963238 0.1379696523145941 -0.030782360344741078 0.03651988139402431 0.0073080140395363341 0.0017643393277866914 -0.00023699676575844502 -0.030773843069856945 0.018788223682893845 -0.0061796920674192235 -0.011297093860066422 0.024093772872851377 0.12645571993898883 -0.050047139517062571 0.0036605379669613983 0.14683290124684878 0.014840119577021516 -0.12630748137044381 0.0089073821504112773 -0.040177176774130373 -0.074799002187511773 0.023309699079770221 0.08939927513189859 -0.022495513963235368 0.024638689938994911 -0.005006098933751567 0.0024133067654828581 -0.073093779649093402 -0.078486008559037451 -0.044543048488029112 0.10325919438721627
leaf_weight=148.5250448512088 1348.779273940585 383.99886362156394 240.90312039922719 395.13964938564459 215.43137396140082 53.828402618411928 135.14317326861783 392.88571069428872 27.683836984404479 43.762357242230792 274.80861957059824 1.9918263059225854 1458.3654434670971 302.37884903984377 1707.8585415342313 76.507898001313151 556.36187263888132 497.45238882506965 1142.4875599553343 247.43039922566095 2705.4643550090841 805.74065290617 310.92071150196716 3841.6179775408018 315.42696749143943 8933.7795689783816 155.3690225961036 187.2289275405783 461.10553096242074 1318.2615056554641 136.49510974910663 361.87473280289851 40.035833282323438 316.21013209375087 507.83730600620038 782.33890806054114 114.5931514527183 13750.411259304659 246.37211049601319 591.11085812246893 495.72399258044607 35.960177332366584 341.58240609819768 135.76665923302062 550.97248770296574 323.09777443180792 14.397257964941671 136.1716985808016 99.634453193051741 55.105696583283134 210.54610890842741 255.87532750482205 346.21642210078426 64.413963790400885 463.25173142156564 1009.8659854403231 6594.7126769741881 437.15814449830214 308.38248761557043 39.879157690818829 342.25517363027029 23.852165405871347
leaf_count=2688 107137 618299 47338 8717 180870 2321 58015 10607 983 847 40014 193 236743 251419 95414 3384 8951 16108 25059 392986 31981 22293 363792 335695 39078 378627 6909 15567 54803 53106 699631 20054 5019 4552 9864 134693 1560 618848 22044 21231 62007 915 9582 5330 92488 42145 168 3294 1136 3198 2587 8774 8071 7870 6874 37092 139829 11440 4799 224959 11873 3377
internal_value=-0.000122859 -0.000269358 -0.0183429 -0.00192403 0.000101008 -0.0264538 -0.0251382 0.000359346 0.000736445 0.0437813 -0.00645638 -0.0638583 0.000789725 -0.00761538 0.000375097 -0.0296894 -0.019141 -0.0287419 0.00137188 5.38208e-05 -0.0116172 0.00604453 0.00138759 0.000547461 -0.0584971 0.00854359 -0.000994118 -0.00999485 -0.0151306 0.000671979 -0.00639079 -0.0533325 -0.00277407 -0.00926981 0.0132981 -0.0189257 0.000107896 0.000580901 0.0193337 0.0263483 -0.000660414 0.0217325 0.0486885 0.0976098 -0.0111087 -0.0273256 -0.0450335 0.0602005 -0.0441518 -0.0781551 -0.00411697 -0.0240306 -0.000698588 -0.00165896 -0.00751942 0.00146494 -0.00831943 -0.0263957 -0.042717 0.0205717 -0.0158903 -0.0213806
internal_weight=57818.7 57626.5 1157.18 773.178 56469.3 544.068 378.038 55925.2 54576.4 192.287 328.637 137.135 54548.7 3533.45 2086.75 378.887 1446.7 1053.81 51015.3 39791 4080.96 11224.3 35710.1 34211.8 562.857 10076.3 30370.2 4743.65 4420.25 25626.6 3597.27 822.98 3460.77 2829.63 847.9 1981.73 25471.2 25201.9 1564.63 631.147 23637.2 1009.03 513.309 171.727 1670.81 888.468 565.37 323.401 269.333 154.74 3518.1 812.638 556.763 22628.2 7867.92 14760.3 7803.51 1208.79 771.634 1498.24 1148 340.062
internal_count=5635248 5631713 732562 114263 4899151 223205 105546 4675946 4568809 3535 42335 58208 4567826 385883 350217 254803 35666 25059 4181943 3744091 483477 437852 3260614 2798912 432064 403686 2463217 1470678 1451817 992539 1376960 74857 677329 651079 17793 633286 985630 979736 75150 26250 904586 77834 15827 6245 269494 134801 92656 18861 5894 4334 51413 19432 10658 826752 170812 655940 162942 23113 11673 461702 34166 7929
is_linear=0
shrinkage=0.1


Tree=79
num_leaves=63
num_cat=0
split_feature=12 9 13 12 13 12 12 12 12 17 28 17 0 12 14 13 17 14 17 21 24 19 14 29 7 19 13 9 24 21 17 17 11 14 30 11 12 17 11 13 11 12 9 9 11 0 12 11 24 26 0 26 13 17 14 9 21 21 12 14 14 29
split_gain=35.7486 90.4009 109.198 65.4024 61.2502 59.1719 113.557 56.4497 92.3012 44.4859 42.7485 42.289 57.9786 53.8228 65.3365 78.9415 62.8103 75.908 72.2952 82.6537 75.5118 65.2671 44.9776 50.51 42.4118 38.3429 37.4648 51.1522 37.3932 64.0292 36.8087 46.8362 93.62 62.7665 68.064 100.094 188.761 70.0712 66.6597 82.9967 90.8032 70.0728 48.9624 54.3624 53.6831 51.6958 48.1841 57.9394 46.5519 54.8601 42.8106 42.4662 42.3622 39.6305 62.3779 44.5822 39.064 37.4173 61.6578 54.9201 35.7365 66.4649
threshold=35.948717117309577 19.139194488525394 20.601238250732425 33.589742660522468 13.484848499298097 37.590579986572273 39.173061370849616 37.394067764282234 36.51515197753907 10.500000000000002 1.0000000180025095e-35 8.5000000000000018 0.77194768190383922 91.476997375488295 1.0000000180025095e-35 70.087718963623061 10.500000000000002 0.61250001192092907 11.500000000000002 0.29520697891712194 6.5000000000000009 1.0000000180025095e-35 0.58571431040763866 1.0000000180025095e-35 1.0000000180025095e-35 97.833908081054702 10.3913631439209 10.084745883941652 6.5000000000000009 0.36939570307731634 9.5000000000000018 6.5000000000000009 72.065574645996108 0.44949495792388922 1.0000000180025095e-35 89.825496673583999 85.215545654296889 5.5000000000000009 90.645832061767592 75.716625213623061 77.849929809570327 82.097072601318374 86.319076538085952 76.028167724609389 82.972846984863295 0.84885936975479137 77.032970428466811 62.575302124023445 7.5000000000000009 0.88194444775581371 0.88044953346252453 0.63068181276321422 90.070423126220717 5.5000000000000009 0.29285715520381933 35.368577957153327 0.24568965286016467 0.95119047164917003 83.935482025146499 1.0000000180025095e-35 0.31666667759418493 1.0000000180025095e-35
decision_type=2 2 2 2 2 2 2 2 2 2 2 2 2 2 2 2 2 2 2 2 2 2 2 2 2 2 2 2 2 2 2 2 2 2 2 2 2 2 2 2 2 2 2 2 2 2 2 2 2 2 2 2 2 2 2 2 2 2 2 2 2 2
left_child=1 26 -3 9 -2 7 -7 8 -6 -4 30 -12 13 14 15 24 17 22 19 -18 -21 -19 -15 -24 -13 -23 27 -1 29 -20 31 33 46 38 37 36 -36 51 39 40 53 -42 43 44 -38 -45 47 -33 56 -50 57 -35 -41 55 -55 -8 -37 -32 59 -59 -57 -62
right_child=4 2 3 -5 5 6 10 -9 -10 -11 11 12 -14 16 -16 -17 18 21 28 20 -22 25 23 -25 -26 -27 -28 -29 -30 -31 50 32 -34 34 35 48 42 -39 -40 52 41 -43 -44 45 -46 -47 -48 -49 49 -51 -52 -53 -54 54 -56 60 -58 58 -60 -61 61 -63
leaf_value=-0.0035878506403523892 -0.10287215224134805 -0.10396665520340936 -0.01598241870575445 -0.060512074458935354 0.02943511160339405 -0.066169451022726644 0.029949272188535599 0.065523129051439477 -0.097834123897165309 0.03866462580874961 -2.019319355424027e-05 -0.007607765500803278 -0.054257228840477824 0.024550690968448516 -0.050543036616455178 0.15830852238566995 0.0055112467207288612 0.018554434677391516 -0.0094875837412868452 0.15949151826287289 0.036043398215737106 -0.036910950568402587 0.032346583264586247 0.30111258780482336 -0.10064621769728088 0.021150703962764889 0.021503954401070415 -0.13964692055816011 -0.020797360074477592 0.065371213337041809 -0.010177544964128427 0.034156470298360685 7.3089782723047107e-05 -0.0016079244434118363 0.041111653242708469 -0.062056436408408522 -0.15257107141505794 -0.065245536841501445 -0.02794457140635458 0.022396972151871294 0.028424285866873789 -0.16253946718229528 0.017147490042527379 -0.13207654356375204 0.051830270662768685 0.02861951757723738 0.075587196281249033 -0.075142165200915073 -0.051860100997879549 0.042899501443584863 -0.053804382974849088 0.035572899015955582 0.098482968838287208 0.035449230125122376 -0.0760825313419351 -0.01900321925854526 0.063147219113670314 0.01203274800918272 0.074584569045874058 -0.093830439807995353 0.02075305289800557 -0.021394832291285006
leaf_weight=148.25669075568294 57.370794823160395 167.18157421017531 796.16312677974929 280.66299436412373 302.53469481327193 256.95340568236861 321.71968148501765 269.73259312925074 70.209594743646448 183.2548042109338 34526.718987660177 986.10946349006554 278.30236678133224 222.66112910328957 537.13512335496489 27.872049460071139 182.48688000127731 345.72763434122317 282.45146116454271 100.74724828201579 97.506767118233256 1073.0510822387005 14.851738027588 13.213651153142562 51.557860724889906 127.22315852553584 765.85927995136444 33.961520930904953 397.13303830135555 191.8803244959563 1756.3125878930296 919.32753087212768 1234.0677026495832 1384.2453691649862 447.86027599300724 25.725718646077439 17.639150243485346 146.77300919273694 857.94305370093207 875.71376709606557 27.84422960144002 62.005091016311781 63.244504299131222 151.4826939702034 47.315069290692918 23.067606827244163 278.34755585713719 51.201544898809516 90.897185049951077 186.34692108765012 172.61447482828225 394.80312992702238 79.848405823286157 476.41027711443894 56.044792222543037 1709.137498453325 795.33904799300944 520.81767117698473 147.30820006597787 54.095050911506405 844.7825650213781 671.58339023729786
leaf_count=39310 19477 141905 413420 244045 147354 244046 36401 115339 69297 75128 2059168 393130 8383 13670 85631 388 22394 12582 45274 1583 2109 73015 519 890 296276 1930 201424 18841 26043 4230 90684 51337 41068 44349 11936 578 377 2385 19409 23634 476 1117 3120 3083 1049 999 7107 1007 1936 74089 7545 16713 15194 22976 834 84375 237672 14801 17909 853 17684 5750
internal_value=-0.000116033 -0.0121286 -0.0280284 -0.0179533 0.000399901 0.000507141 0.000152156 0.0306781 0.00546286 -0.00575764 0.000465717 -0.00125727 -0.00992113 -0.00726853 -0.0221051 -0.0077696 0.000530308 -0.0114519 0.017723 0.0540749 0.0987763 -0.0197294 0.0395877 0.158886 -0.0122305 -0.0307567 0.0118075 -0.0289463 0.00184098 0.0207949 0.00503083 0.00734457 0.0196071 0.00422428 0.0143216 0.0280261 -0.000118886 0.00116431 -0.00214619 0.00217248 -0.00391961 -0.10336 -0.0611117 -0.0817772 -0.00367753 -0.11084 0.0389094 0.0283903 0.0472611 0.0118316 -0.00565202 0.00664317 0.0287548 -0.00172957 0.0237097 -0.00554813 0.0592243 -0.00229851 0.0168619 0.0020718 -0.00908872 0.00208617
internal_weight=57680.6 2375.34 1427.26 1260.08 55305.3 55247.9 54605.4 642.477 372.744 979.418 54348.5 39456.6 4929.91 4651.61 1602.67 1065.54 3048.93 1796.73 1252.21 380.741 198.254 1546 250.727 28.0654 1037.67 1200.27 948.077 182.218 871.465 474.332 14891.9 12240.7 2482.94 9757.77 3774.74 1848.92 750.609 1925.82 5983.03 5125.09 4169.53 89.8493 302.749 239.505 64.9542 174.55 1248.88 970.529 1098.31 277.244 2651.15 1779.05 955.562 4079.68 532.455 3547.22 821.065 2478.53 722.221 574.913 3225.5 1516.37
internal_count=5635248 1134073 874498 732593 4501175 4481698 4149708 331990 216651 488548 3905662 3047215 988047 979664 775425 689794 204239 102606 101633 26086 3692 87527 15079 1409 689406 74945 259575 58151 75547 49504 858447 726655 100519 626136 398286 334839 20564 63447 227850 208441 169613 1593 8628 5508 1426 4082 59451 52344 314275 76025 131792 61062 38828 168020 23810 144210 238250 124247 33563 15654 107809 23434
is_linear=0
shrinkage=0.1


Tree=80
num_leaves=63
num_cat=0
split_feature=8 29 17 24 19 12 9 12 12 5 14 12 0 12 9 14 9 10 9 11 12 14 11 30 24 29 20 19 18 0 2 24 17 12 17 18 11 12 27 19 21 10 9 18 9 9 17 17 21 20 18 0 29 21 19 21 18 24 21 28 8 17
split_gain=35.0061 33.8165 33.0437 58.2143 48.0908 30.444 71.6299 45.1297 87.1025 42.0163 62.3413 81.7207 79.4163 55.6755 53.2621 53.2268 73.8023 102.008 60.7257 57.1454 133.334 52.8792 48.2966 47.5563 143.756 62.5486 59.4057 75.4379 57.1079 51.9915 54.8116 51.6597 47.0616 46.6218 45.5289 43.5232 42.9815 94.5355 51.1785 42.8605 42.5274 42.4032 41.1958 40.7112 40.2543 40.6774 39.9235 70.8757 39.4374 38.9016 37.5409 40.607 37.2625 86.8598 47.3342 44.1865 110.454 45.5695 43.6071 43.1738 37.3437 37.0691
threshold=60.500000000000007 2.5000000000000004 18.500000000000004 7.5000000000000009 88.473194122314467 35.948717117309577 19.139194488525394 37.590579986572273 39.173061370849616 1.0000000180025095e-35 0.18333333730697635 46.049896240234382 0.25767858326435095 91.476997375488295 43.557312011718757 0.44949495792388922 91.945945739746108 73.20508193969728 68.208553314208999 69.631092071533217 81.120250701904311 0.38750000298023229 85.053192138671889 1.0000000180025095e-35 7.5000000000000009 1.5000000000000002 92.876655578613295 90.960163116455092 94.76178359985353 0.86401242017745983 0.94277468323707592 9.5000000000000018 5.5000000000000009 88.416816711425795 5.5000000000000009 52.193151473999031 89.825496673583999 89.725547790527358 1.5000000000000002 63.185165405273445 0.29520697891712194 88.273490905761733 30.0684928894043 92.342185974121108 16.807909011840824 32.049383163452156 4.5000000000000009 9.5000000000000018 0.54006412625312816 96.67456436157228 1.0000000180025095e-35 0.25894053280353552 1.0000000180025095e-35 0.1132478639483452 93.764953613281264 0.21980676054954532 1.0000000180025095e-35 7.5000000000000009 0.50806450843811046 1.5000000000000002 2.5000000000000004 9.5000000000000018
decision_type=2 2 2 2 2 2 2 2 2 2 2 2 2 2 2 2 2 2 2 2 2 2 2 2 2 2 2 2 2 2 2 2 2 2 2 2 2 2 2 2 2 2 2 2 2 2 2 2 2 2 2 2 2 2 2 2 2 2 2 2 2 2
left_child=1 2 5 4 -4 6 -1 -7 -9 10 11 42 39 46 -12 16 17 19 34 20 -16 41 50 26 25 36 28 -28 52 31 -31 43 -26 -18 35 -17 37 -25 40 -13 -38 -19 -10 -29 -11 48 -14 -48 -46 -33 51 -20 55 -54 58 56 60 -57 -55 -56 -24 -22
right_child=-2 -3 3 -5 -6 7 -8 8 9 44 14 12 13 -15 15 18 33 21 22 -21 61 -23 23 24 32 -27 27 29 -30 30 -32 49 -34 -35 -36 -37 38 -39 -40 -41 -42 -43 -44 -45 45 -47 47 -49 -50 -51 -52 -53 53 54 59 57 -58 -59 -60 -61 -62 -63
leaf_value=0.011521746814143027 -0.080666228186870789 -0.03383199397451165 -0.054405399157774176 -0.058254727515069382 0.012746293134144691 0.02845258780735296 -0.025411036295380687 -0.060621057815813784 0.016489752951277314 -0.096294812268524765 0.054049812645641175 -0.015506049772906823 -0.0036084384415025783 0.088025742826220249 -0.01488183254464823 -0.014849309530334424 -0.12303973038754296 0.039632524418710735 -0.054345928839303476 -0.036683135922422609 0.099012938532695965 -0.041984117320122222 0.024453627195178348 0.037611897899543313 -0.0026108743852128777 0.11474742035000181 0.064186404667960148 0.027028150200671869 0.20434219719713353 -0.06300138645720027 0.00048372165226467196 0.01381197308254551 -0.069277359324452059 -0.031422936622550773 0.0070978106717467879 0.066243447369733852 -0.082066433611430095 -0.15446080111740693 -0.01028930784155971 0.072322704101737897 0.057868654969159009 -0.0065488810822217306 -0.032598074876505449 -9.188442130221e-05 -0.027113775913527229 -0.0023842482890986103 0.036812245845284135 -0.0027674043536715705 0.034303470591388434 0.063095335257497262 -0.033855813683382835 0.062401474228330325 -0.089736923388540238 -0.0028818149565755947 0.0015709065815045714 0.081518988248396484 -0.11490848937530798 -0.045954608480549386 -0.024406508452832848 0.050497024264646244 -0.00012061630240595859 -0.0039351692903857169
leaf_weight=859.00539411375212 53.884324394952273 294.40585018820275 137.20285214151227 265.06564592303039 478.86889249626256 588.76835837960971 1351.0981483149662 231.28004527141456 265.61659315343422 45.115653098706389 191.97193853095814 64.610608170281921 973.68573105212272 102.02746131573804 1386.2303250361074 80.877796905013383 61.423678109422326 787.29607862392731 44.150964592496166 815.88965756697871 145.11345005393378 120.41165768678184 738.65752424718812 80.296533459448256 302.08492909593042 103.3094088002108 254.34306980716065 756.88621674058959 13.323991722427307 189.12585487868637 484.11425479466561 317.74357123370282 163.03900430776412 580.2763599983009 479.33130951689964 364.30614407797111 22.482814361166675 37.635619471606333 157.73722295946209 396.77024385790719 638.25585064251209 265.99603040482907 479.76658706883609 2060.0883416995639 129.41138754649728 26024.712365394902 1154.2382797208556 744.10023718663433 544.23611221647297 322.95790085708722 593.62853306066245 91.608574414276518 128.18462427567283 2084.3864658898237 1446.4703713399358 131.02712039244943 79.649702617389266 35.680196990375407 1716.1081740285736 206.05196705833077 3797.7062194984755 46.083987176039955
leaf_count=221355 14452 245424 159914 51476 49568 295345 801563 220350 120278 13598 17265 53236 69493 9357 67456 9631 494 16621 5897 48586 3064 5492 24370 2758 42051 3045 2393 10943 81 3668 10719 3401 6250 6118 26131 8037 409 926 22051 81411 113096 4297 355773 26575 189925 1605542 71174 70222 48809 3389 25989 8077 161538 20171 14039 9169 21784 3279 15223 1308 110134 1058
internal_value=-0.000102954 -2.73935e-05 0.000146727 -0.0190686 -0.00220879 0.000447588 -0.0110563 0.00091784 0.000614692 0.000880675 0.00370248 0.0149092 0.0214215 0.015433 0.00160351 0.00114855 -0.00897152 -0.00335493 0.00352521 -0.0151974 -0.00408443 0.0207933 0.00216759 0.00329634 0.0202311 0.0409037 0.00157006 0.0113284 -0.00255367 0.00807393 -0.0173504 0.0130243 -0.0259794 -0.0401925 0.0284842 0.0515111 0.0327569 -0.0236842 0.0408893 0.0600234 0.0531071 0.02797 -0.0151057 0.00719493 -0.00191574 -0.00175625 0.0128541 0.021298 0.0225049 0.0386542 -0.0230065 0.0244335 -0.00281966 -0.00837035 -0.00645766 0.00365773 0.0018311 0.0542359 -0.0126013 0.00767147 0.00388082 0.0741995
internal_weight=57505.8 57451.9 57157.5 881.137 616.072 56276.4 2210.1 54066.3 53477.5 53246.2 26502.8 4180.82 3435.43 2974.05 22321.9 22130 4208.72 3567.02 17921.3 2393.32 1577.43 1173.7 16996.7 16267.3 1504.84 1039.72 14762.5 4385.26 10377.2 4130.92 673.24 3457.68 465.124 641.7 924.515 445.184 936.408 117.932 818.476 461.381 660.739 1053.29 745.383 2816.97 26743.5 26698.4 2872.02 1898.34 673.647 640.701 729.388 135.76 10363.9 5581.2 5453.02 4782.72 4616.01 166.707 3800.49 1652.52 4536.36 191.197
internal_count=5635248 5620796 5375372 260958 209482 5114414 1022918 4091496 3796151 3575801 1717927 830944 354893 220246 886983 869718 153186 146574 716532 120164 71578 26410 672733 632770 190586 142285 442184 61088 381096 58695 14387 44308 48301 6612 43799 17668 139240 3684 135556 134647 113505 20918 476051 37518 1857874 1844276 210889 141396 238734 6790 39963 13974 381015 212279 50741 168736 156288 12448 35394 15347 134504 4122
is_linear=0
shrinkage=0.1


Tree=81
num_leaves=63
num_cat=0
split_feature=1 18 13 9 12 10 12 9 13 12 12 12 12 12 12 0 7 13 18 21 13 13 0 18 21 20 18 2 10 8 20 18 1 8 26 14 7 2 25 4 8 20 21 18 18 1 10 12 26 0 0 21 19 9 13 27 10 14 25 21 20 21
split_gain=31.6154 29.8014 28.285 108.929 72.4286 66.5504 41.7542 53.1388 71.2151 45.4703 30.5743 80.0173 49.6281 69.7877 34.6752 29.9566 29.8236 68.5927 38.1567 56.903 29.1706 28.4335 26.378 29.1027 41.7823 119.239 42.1128 35.8932 39.9462 38.2014 35.1908 73.8347 37.7418 54.212 44.8122 57.0151 36.8381 33.6758 71.0738 62.2713 45.4558 56.8206 49.9464 67.969 44.5139 34.6095 33.5792 31.3553 31.1936 30.0411 29.1765 45.7628 28.8918 92.2172 83.4914 47.4407 42.2144 40.2126 39.6352 222.719 68.3223 67.3536
threshold=58.500000000000007 76.484142303466811 16.53005409240723 15.535444736480715 31.662488937377933 17.467581748962406 35.948717117309577 20.169491767883304 21.680376052856449 33.589742660522468 37.590579986572273 39.173061370849616 37.394067764282234 36.51515197753907 38.165266036987312 0.82171362638473522 8.5000000000000018 97.498435974121108 1.0000000180025095e-35 0.45227272808551794 1.0000000180025095e-35 22.903981208801273 0.99999997019767772 92.601715087890639 0.44722221791744238 95.531894683837905 95.862876892089858 0.84802827239036571 33.520599365234382 2.5000000000000004 96.437637329101577 73.980522155761733 1.5000000000000002 1.5000000000000002 0.86607143282890331 0.81666666269302379 1.5000000000000002 0.77065888047218334 12.500000000000002 1.0000000180025095e-35 9.5000000000000018 85.212245941162124 0.29520697891712194 1.0000000180025095e-35 36.93287658691407 3.5000000000000004 62.575302124023445 51.471860885620124 -1.0000000180025095e-35 0.55910721421241771 0.77194768190383922 0.2828571498394013 84.870288848876967 45.222154617309577 48.074073791503913 1.5000000000000002 36.882591247558601 0.44949495792388922 4.5000000000000009 0.1132478639483452 65.465366363525405 1.0000000180025095e-35
decision_type=2 2 2 2 2 2 2 2 2 2 2 2 2 2 2 2 2 2 2 2 2 2 2 2 2 2 2 2 2 2 2 2 2 2 2 2 2 2 2 2 2 2 2 2 2 2 2 2 2 2 2 2 2 2 2 2 2 2 2 2 2 2
left_child=2 -2 3 4 20 21 7 -7 -9 -10 12 14 13 -8 -12 -6 22 -18 -19 -20 -1 -4 23 30 25 26 -25 28 -26 -29 32 -32 33 49 35 -35 -37 38 40 -40 41 45 43 -42 -43 47 -33 -34 -30 -13 51 -39 53 55 56 57 -54 -47 61 -60 -61 -55
right_child=1 -3 5 -5 15 6 10 8 9 -11 11 16 -14 -15 -16 -17 17 18 19 -21 -22 -23 -24 24 27 -27 -28 29 48 -31 31 46 37 34 -36 36 -38 50 39 -41 42 44 -44 -45 -46 52 -48 -49 -50 -51 -52 -53 54 58 -56 -57 -58 -59 59 60 -62 -63
leaf_value=-0.050940944126685997 -0.057417219158580592 0.027536348253057293 0.020596971208836908 -0.10506979045083464 -0.044602852734321234 0.017629732888676277 0.020371383620611701 -0.097025624335341204 -0.0057251067086579385 -0.055075922735127451 -0.014306610684525723 -0.038600830715855773 0.056658543391025579 -0.094464056717982206 -0.092420734681150585 -0.18093766010653084 -0.084018611610219868 -0.0026790680100277613 -0.069023850614645887 0.057630807003531771 0.029381086508632026 0.072693072619569268 0.066016698154405876 -0.014809775117527887 0.018513637504232346 0.1547894889278838 0.15936328290410917 -0.0063321733688680359 -0.04615883595433723 0.010646732441324405 -0.079627481430847899 0.0012173588595583899 0.052993041814553436 -0.021480078049883319 0.034708709180334217 0.014968493836682459 -0.0084515487418460582 -0.013637841843704144 -0.098342166173693554 -0.015384368953170685 -0.012446883906815462 -0.075734514962640831 0.0024285517567506931 -0.07088080626421038 -0.0033377806119130266 -0.053081319569734942 0.030624166722190885 -0.0019547186805371299 -0.0089095090583596534 -0.011282117374556623 -0.0041717130844157162 0.021901194319477582 0.023208746295482294 0.0096443018739858603 0.010170914643628353 0.043743533829774812 0.072316046276666809 0.13158714922504269 -0.084387940956246979 0.037548741368105834 -0.0016704681555917485 0.044458946726695661
leaf_weight=51.487536797863868 173.94357608821883 54.14667959757935 324.85137030251644 123.71119039232144 131.57277180477467 345.41482486492168 271.75542879539717 129.32470785097394 742.73621388190804 249.38423784773477 100.43575550192327 567.71764630180405 252.01678643574269 65.718804673968407 130.88197653229872 18.366624871370732 118.49611079685565 2486.6306043853983 187.90569842461264 43.727397245296743 371.10114743659506 154.63706193112739 62.312761388660874 185.3109370238235 523.06885263544245 64.259156783853541 15.006143243241238 2555.8617841777086 232.19854751077219 2751.9197870106582 77.183331786807685 596.41698990962323 106.43607130878081 1100.6451388881178 359.08205016035936 1645.6008751286427 1134.7375188929727 423.88559656540019 120.83229007061891 360.27026861833292 878.65404006445169 86.181103999180777 1424.141895399327 257.36428707215236 5846.9652131293333 415.24367405533121 1112.8330891998485 4276.1549404424732 7071.7895206042085 1383.37971039681 864.88511364047008 2494.9655085951745 347.34249122025358 4419.0467661419971 3544.7115858992838 65.192632906328072 352.91172851921874 12.13635177593096 286.15926943087834 619.32537615526235 1570.721216304024 635.62503906235361
leaf_count=14489 228546 31399 75128 72164 48032 101223 131589 126518 377803 217855 81200 11738 103021 64482 146391 246 63684 144816 48832 1666 80848 29036 88943 2469 43917 598 180 77172 6496 95985 5638 26131 17483 16926 66976 23586 11811 9125 100072 5160 26994 3740 56927 168951 344271 882648 38976 78963 178937 32810 30893 61085 85110 265732 59959 25838 40791 2620 324580 35452 66722 23875
internal_value=-9.37678e-05 -0.03725 5.45291e-05 -0.0199781 -0.00159154 0.000301595 -1.61903e-05 -0.0166652 -0.0272284 -0.0181302 0.000431866 0.000184219 0.0230824 -0.00199135 -0.0585044 -0.061303 0.000437095 -0.00954175 -0.00629511 -0.0451141 0.0195948 0.0373982 0.0009938 0.000914019 -0.0030846 0.0362605 -0.00176213 -0.00387713 -0.00818191 0.00247086 0.00234712 0.016043 0.00165986 -0.00543656 0.00091112 -0.00221595 0.00541009 0.00315379 0.00185349 -0.0362198 0.00258197 0.00401352 -0.0100463 -0.0256851 -0.00438937 0.00700767 0.0203631 -0.000620252 -0.0100937 -0.0192311 0.0119601 0.0167401 0.00973256 0.00620276 0.0164043 -0.0357164 0.0479577 -0.0478373 0.00894457 -0.00142046 0.00942037 0.0140222
internal_weight=57376.7 228.09 57148.6 696.239 572.528 56452.4 55972.9 1466.86 1121.45 992.12 54506 53916.6 589.491 337.474 231.318 149.939 53685.2 2836.76 2718.26 231.633 422.589 479.488 50848.5 50786.2 13399.4 264.576 200.317 13134.8 7827.06 5307.78 37386.7 1786.43 35600.3 6191.16 4240.07 3880.98 2780.34 29409.2 25625.4 481.103 25144.3 22584.2 2560.16 1136.02 5933.15 16651 1709.25 4382.59 7303.99 1951.1 3783.74 2918.85 12268.4 8023.45 4244.97 492.573 700.254 427.38 7530.88 2476.21 2190.05 5054.67
internal_count=5635248 259945 5375303 215779 143615 5159524 5055360 823399 722176 595658 4231961 3932869 299092 196071 227591 48278 3705278 258998 195314 50498 95337 104164 3446280 3357337 405754 3247 2649 402507 229350 173157 2951583 70745 2880838 163847 119299 52323 35397 2716991 2615888 105232 2510656 2257784 252872 195945 348011 1909773 65107 96446 185433 44548 101103 70210 1813327 1627467 185860 911106 125901 885268 716361 426754 102174 289607
is_linear=0
shrinkage=0.1


Tree=82
num_leaves=63
num_cat=0
split_feature=3 24 19 19 3 10 7 13 11 12 12 19 12 11 18 27 25 10 25 2 5 0 11 12 25 11 12 13 25 10 19 0 25 9 25 26 10 11 9 10 13 13 9 9 10 11 19 18 0 4 10 0 11 13 11 26 12 19 13 26 26 18
split_gain=30.299 30.463 25.8758 74.9627 25.0455 27.9141 149.959 109.205 82.0205 126.244 102.288 91.7904 72.0596 70.605 64.1204 81.0946 81.1515 54.2215 92.3782 60.2565 58.8551 53.7537 46.1134 50.5921 42.9233 42.7638 40.5566 40.479 39.6934 39.2384 38.9053 56.0169 36.4343 36.2537 34.7426 33.6749 31.5453 84.9619 61.635 55.2627 71.2723 39.0564 38.3916 41.4697 31.9331 39.7697 42.455 31.4588 56.0314 29.2336 29.1274 29.1057 28.958 35.258 34.4463 39.8523 28.4345 45.8859 28.7358 27.261 26.2804 26.093
threshold=109.50000000000001 4.5000000000000009 96.677703857421889 97.833908081054702 1.5000000000000002 61.651582717895515 1.0000000180025095e-35 75.716625213623061 61.633426666259773 93.063350677490249 72.850124359130874 67.806350708007827 63.733076095581062 45.773809432983406 67.748519897460952 1.5000000000000002 3.5000000000000004 30.860805511474613 5.5000000000000009 0.64417582750320446 1.0000000180025095e-35 0.29959985613822943 67.068271636962905 78.629974365234389 10.500000000000002 63.224515914916999 67.099567413330092 26.158231735229496 9.5000000000000018 48.52813911437989 86.807079315185561 0.25894053280353552 7.5000000000000009 66.287876129150405 7.5000000000000009 0.4083333313465119 68.13346099853517 78.629974365234389 75.615615844726577 75.615615844726577 90.070423126220717 76.533164978027358 68.457099914550795 78.830558776855483 75.615615844726577 99.275363922119155 55.193569183349616 99.783550262451186 0.78429833054542553 1.0000000180025095e-35 90.595520019531264 0.99999997019767772 81.892700195312514 76.028167724609389 87.226108551025405 0.44949495792388922 84.924243927001967 69.586528778076186 55.646631240844734 -1.0000000180025095e-35 0.63068181276321422 42.441171646118171
decision_type=2 2 2 2 2 2 2 2 2 2 2 2 2 2 2 2 2 2 2 2 2 2 2 2 2 2 2 2 2 2 2 2 2 2 2 2 2 2 2 2 2 2 2 2 2 2 2 2 2 2 2 2 2 2 2 2 2 2 2 2 2 2
left_child=1 2 -1 -4 61 6 7 8 10 29 11 26 -7 -8 15 16 -13 19 -19 28 -21 32 23 -14 59 -9 -6 -12 -16 33 -15 -32 49 -10 -29 -31 37 -24 41 40 60 44 56 47 -38 46 -46 -44 -49 -17 -47 52 -41 54 55 -54 57 -39 -58 -18 -40 -3
right_child=-2 4 3 -5 5 12 13 25 9 -11 27 14 22 30 17 21 24 18 -20 20 -22 -23 36 -25 -26 -27 -28 34 -30 35 31 -33 -34 -35 -36 -37 38 42 39 51 -42 -43 43 -45 45 50 -48 48 -50 -51 -52 -53 53 -55 -56 -57 58 -59 -60 -61 -62 -63
leaf_value=-0.02261354117794407 -0.03029214964787872 0.0064141433346456547 0.11353882122631156 -0.011089337556883662 -0.059640685274776374 0.057855023221172558 -0.094671065898970105 0.10014094958782277 -0.029624750828016435 0.02468391220698541 -0.10481294531444051 -0.057084588313685194 0.0048137166809161039 -0.064811277441626222 0.027281361548635766 0.16189418348974854 0.045284575976547371 -0.043090727861959721 -0.0051691325599460894 -0.024337605486964686 0.0086840471844820445 0.025645279750812697 -0.055225054758102403 0.049809402887485935 -0.051542498871336863 0.021352823845831436 0.047168739671603066 0.052331264055235929 -0.033793804246176083 -0.028306761021438011 0.20089344183301414 -0.0076307954540501058 -0.019560789050980961 0.025050067915515846 0.016310586777898702 -0.062683623177956865 0.0067693422575920903 -0.052457859145860465 -0.036728512188952935 0.01717358079932987 0.071390958940146243 0.067713769847049216 -0.045730062964704651 0.010608878842627852 -0.03059131522822835 -0.03569975401542904 0.073117212343243101 -0.40857677286940586 -0.028663057476619281 0.073911001658620287 0.024107815389522867 0.07379827788660788 -0.058232304673439733 -9.0403132343835511e-05 -0.0010420357043241192 -0.24088494257948279 0.59028577161403539 0.082242909975613482 0.0027237156837603225 0.0097616099652942864 -0.09873197500422598 0.084231587934607555
leaf_weight=1031.2254322066728 330.33073902416072 106.88228430724121 57.148498173803091 310.40426612954616 364.11250493343323 226.77502294008445 247.97327195519392 138.06608086416963 360.21552273879206 480.89608897489961 21.978742952065659 190.49410052704479 657.73354040598497 118.61530733022664 1159.7129610149568 67.570706537837395 275.94914592748682 798.96611809547903 3277.843794532535 953.10540858683817 1244.5020811840368 308.56085141026415 367.63955725525011 402.98815050842677 96.988655411732907 137.49430131455301 39.396735035654274 480.6641689209282 117.16198546099622 631.06421728942951 14.12288945574255 146.6997899997732 24.096600707023754 182.8326856126514 604.55202259332873 519.55632728332421 3507.1207237794515 32.416154531863867 260.40378265596519 977.73327132692793 52.967105564734084 124.27578796516173 179.37925595376873 163.58498709739069 46.579259907863161 104.05483114271192 258.73087328654947 6.8361239086370906 8.9835873059928399 85.61212064512074 374.52628903926234 53.842462732747663 44.581868079170818 32525.520700887966 61.42895754725032 16.317611054284498 0.83354126042104226 115.03012707323069 591.31183925953519 994.99768629902246 92.693105960264802 72.194206838845275
leaf_count=121744 132286 1922 1020 17683 603547 6153 1509619 12701 14852 27834 1284 16523 20051 144246 333714 4963 68122 144612 250280 25274 27987 10843 23771 11710 77714 2317 5137 10427 57464 39199 2520 13307 8734 3471 9839 6959 155751 6271 20059 28453 3417 5537 14452 7710 5734 3747 5417 74 279 1033 12008 86296 3779 1170335 3553 261 75 2235 36343 289458 1711 1431
internal_value=-9.38145e-05 8.14517e-05 -0.0144936 0.00828832 0.000448675 0.00032785 -0.00351607 -0.00148077 -0.00277361 -0.0205338 0.000703757 -0.00248969 0.00164013 -0.0558307 -0.000524926 0.0151861 0.00406544 -0.00477818 -0.0126009 0.00440072 -0.00563749 0.0508578 0.0013294 0.0219084 0.012581 0.0608286 -0.0492123 0.0295438 0.0216773 -0.0333727 -0.0213638 0.0106811 0.094741 -0.0112169 0.0322649 -0.0438294 0.000783235 -0.0136141 0.00133145 -0.000108585 -0.036779 0.0124484 0.00031353 -0.0265289 0.0108478 0.0290946 0.0572951 -0.057652 -0.192834 0.112721 0.0111042 0.000333541 0.000215907 -0.000291939 -0.0538778 -0.107173 0.0133351 0.0526289 0.00355081 0.0174744 -0.0530053 0.037786
internal_weight=57246.3 56915.9 1398.78 367.553 55517.2 55338.1 14083.8 13556.4 13280.8 2174.56 11106.3 9999.07 41254.3 527.411 9595.56 2044.27 1558.43 7551.29 4076.81 3474.48 2197.61 485.84 41027.5 1060.72 1367.94 275.56 403.509 1107.19 1276.87 1693.67 279.438 160.823 177.279 543.048 1085.22 1150.62 39966.8 1466.02 38500.8 34085.5 406.064 4415.29 1098.38 358.784 4291.01 783.891 305.31 195.199 15.8197 153.183 478.581 33679.4 33625.6 32647.8 122.328 60.8995 739.592 147.446 592.145 1270.95 353.097 179.076
internal_count=5635248 5502962 140447 18703 5362515 5359162 3723980 2054288 2039270 92315 1946955 1925405 1635182 1669692 1316721 477390 451817 839331 394892 444439 53261 25573 1629029 31761 435294 15018 608684 21550 391178 64481 160073 15827 14730 18323 20266 46158 1597268 91210 1506058 1317864 25187 188194 67439 22515 182657 26906 11151 14805 353 5996 15755 1292677 1206381 1177928 7593 4040 44924 8506 36418 357580 21770 3353
is_linear=0
shrinkage=0.1


Tree=83
num_leaves=63
num_cat=0
split_feature=8 17 24 21 28 27 18 21 12 1 7 27 21 29 14 10 21 1 26 29 29 11 24 11 18 12 14 14 24 17 14 14 7 9 13 9 14 24 14 12 17 5 12 24 29 18 12 10 21 11 12 14 21 7 17 17 14 18 7 4 8 18
split_gain=28.8581 28.6064 48.6696 39.3736 29.1243 38.6799 66.7781 37.8959 38.2494 99.2087 51.3219 42.0998 53.4863 44.0986 39.4521 38.1874 37.3593 46.6772 57.0255 36.6043 35.7718 98.8596 38.2534 36.3441 35.1014 35.0877 92.5116 34.3628 34.3229 32.0921 32.0188 158.984 85.5378 80.689 58.5828 54.8038 71.7228 59.3116 75.8026 56.6708 69.0859 45.2354 44.5279 42.6551 40.5545 36.9853 36.8888 36.5465 33.5877 33.4916 63.4067 41.2636 117.65 53.0653 48.2634 83.8154 71.9566 61.1 54.5329 78.6501 51.0165 42.4464
threshold=60.500000000000007 18.500000000000004 7.5000000000000009 0.43874999880790716 1.0000000180025095e-35 1.5000000000000002 55.453865051269538 0.89181286096572887 48.074073791503913 4.5000000000000009 1.0000000180025095e-35 1.5000000000000002 0.38675214350223547 1.0000000180025095e-35 0.31666667759418493 31.643132209777836 0.26491229236125952 3.5000000000000004 0.88194444775581371 1.5000000000000002 1.0000000180025095e-35 99.275363922119155 7.5000000000000009 89.512962341308608 96.162029266357436 98.549507141113295 0.44949495792388922 0.18333333730697635 11.500000000000002 11.500000000000002 0.44949495792388922 0.34848485887050634 1.0000000180025095e-35 75.615615844726577 98.213714599609389 94.185260772705092 0.31666667759418493 7.5000000000000009 1.0000000180025095e-35 75.93103408813478 2.5000000000000004 1.0000000180025095e-35 53.45238113403321 7.5000000000000009 1.0000000180025095e-35 45.297760009765632 80.243904113769545 89.512962341308608 0.26201373338699346 90.054946899414077 89.512962341308608 0.73214286565780651 0.15075758099555972 1.0000000180025095e-35 10.500000000000002 4.5000000000000009 0.93750000000000011 1.0000000180025095e-35 1.0000000180025095e-35 1.0000000180025095e-35 4.5000000000000009 1.0000000180025095e-35
decision_type=2 2 2 2 2 2 2 2 2 2 2 2 2 2 2 2 2 2 2 2 2 2 2 2 2 2 2 2 2 2 2 2 2 2 2 2 2 2 2 2 2 2 2 2 2 2 2 2 2 2 2 2 2 2 2 2 2 2 2 2 2 2
left_child=1 4 3 -3 5 16 -7 8 9 24 14 28 19 27 15 -11 -1 20 -19 -13 21 22 25 -24 -6 -18 -27 -14 30 -22 31 32 34 -32 35 36 37 38 39 44 -41 -39 -38 47 -10 -43 -40 -44 -45 50 -35 52 61 -54 55 -53 57 -57 -59 -60 -61 -51
right_child=-2 2 -4 -5 7 6 -8 -9 11 10 -12 12 13 -15 -16 -17 17 18 -20 -21 29 -23 23 -25 -26 26 -28 -29 -30 -31 33 -33 -34 49 -36 -37 42 41 46 40 -42 45 43 48 -46 -47 -48 -49 -50 51 -52 54 53 -55 -56 56 -58 58 59 60 -62 -63
leaf_value=-0.021424825186461834 -0.076029605938342626 -0.062207811646880842 -0.054310041178756353 0.0081939163875309317 0.0092325252453900348 0.052526500448770747 0.0077841003675113863 -0.080051938033771142 -0.05787617561686953 -0.015212349807349283 -0.10003390735287293 0.034346774586979635 0.0058908952568662758 -0.013031790533522384 0.30922934109093975 -0.061024847938092291 -0.0074805902874839833 0.024044210972624481 -5.1055013928735144e-05 -0.0884605686452411 -0.008535445526783066 0.05359929383516613 0.024943045282131024 -0.044498324721069217 0.08743224720616069 -0.03865116680520124 -0.67871344943591738 -0.074750759887189058 0.011505322725189199 -0.046970115427141572 0.016500787369947402 -0.067760959760881798 -0.065055437132188518 -0.0015390572325280599 0.10440354570787969 -0.051507933250981741 0.17866915133989913 0.027228092731788379 -0.08411138742836638 -0.047425880960517239 0.06218907893348799 -0.094747383565385743 0.031149243647098337 0.054063333418618104 -0.0045200420843074457 -0.0053311495873660008 -0.0209554357430278 -0.0083313001503712257 -0.017859397451869458 -0.0096926736663596642 -0.050617400066189089 -0.00047200544751273602 0.020472361110513881 0.13053356714862088 0.052939181190175905 0.011455453950488512 0.01776586155730649 -0.049606464220683245 -0.073550534418378541 0.34623031207064714 -0.058903613518639299 -0.081585443845131236
leaf_weight=731.21939275154728 49.99371797281492 93.841926008644805 259.31549840583102 517.6152528198545 436.16933933746623 357.34130233130418 5015.8142027687572 60.863589796987071 237.08557982760249 633.0731376791955 108.06438758780132 305.58274220909516 69.903988101126743 1941.9607028823011 3.4748678985997676 255.33569243246166 2398.7806388203098 1738.33667647111 2258.1221147818505 26.364763273712015 2578.6473903302322 352.28874399024062 680.35377277663065 84.759607811633032 66.098862640938023 11.465470165945588 2.811967375339008 216.47837314775097 2590.2348481386143 237.23266190828144 2957.9518061101626 406.04696420612163 209.18273887148098 826.16915214360051 53.475092024891637 204.08414244186133 16.494095425732667 532.68651879613026 254.07129429579072 82.246016360470094 191.08094356628135 53.420905348051747 1139.2029371713725 74.217276913070236 356.88771538519359 345.05023629514471 145.41681451583281 295.22802199790021 518.89823675213847 1247.790415844589 386.34223730734084 18264.144106286913 2400.332404588582 44.621178425994003 158.92714183208591 230.13171628932469 322.32157729254686 1004.2165834713815 16.062869691188098 11.806020021322185 4.2189890891313544 87.909903751817183
leaf_count=203160 14452 135977 57402 79060 138325 30783 232690 757 20365 744035 1091262 7222 1848 24149 487 485205 61329 123050 139952 2173 38794 211198 21075 2953 3876 132 166 5057 112723 2256 184014 60167 277252 49491 3782 1611 892 29780 37409 837 2949 6496 34189 4702 98665 24890 4803 2554 5845 53710 26573 510866 36851 1542 9505 6335 8187 58932 19791 324 176 80215
internal_value=-8.6941e-05 -2.04605e-05 -0.0180068 -0.00261082 0.000258032 0.00379768 0.0107597 -0.00120503 -0.00108424 -0.0167365 -0.0349497 -0.000469172 -0.0128555 -0.018434 -0.0270639 -0.0283792 0.00041968 0.00196405 0.0104296 0.0245929 -0.00336696 0.00333806 -0.00223321 0.0172503 0.0195237 -0.00841089 -0.164713 -0.0550667 0.000419934 -0.0117735 -0.000448135 -0.0077228 -0.00254554 0.000882493 0.000360525 -0.000890852 0.00154436 -0.0109951 -0.025079 -0.00847711 0.0292052 0.00816514 0.015028 0.0136968 -0.0258172 -0.0173187 -0.0611221 0.0230235 -0.00885962 -0.000965064 -0.0171769 -0.000138878 0.0094424 0.022481 -0.00194898 -0.00238837 -0.0244187 -0.0351551 -0.0455059 0.0828243 0.239569 -0.0144243
internal_weight=57159.3 57109.3 870.773 611.457 56238.5 16447.2 5373.16 39791.3 39730.5 1502.22 999.948 38228.2 2560.29 2228.34 891.884 888.409 11074 10342.8 3996.46 331.948 6346.34 3530.46 3178.17 765.113 502.268 2413.06 14.2774 286.382 35668 2815.88 33077.7 5114.78 4708.73 27962.9 4499.55 4446.07 4241.99 2197.95 1266.79 867.3 273.327 931.158 2044.04 2027.55 593.973 398.471 399.488 1434.43 593.116 25005 1212.51 23792.5 3780.65 2444.95 20011.8 19852.9 1588.76 1266.44 1036.3 32.0879 16.025 1335.7
internal_count=5635248 5620796 272439 215037 5348357 1067538 263473 4280819 4280062 2463190 2320989 1816872 40449 31054 1229727 1229240 804065 600905 263002 9395 337903 296853 85655 24028 142201 61627 298 6905 1776423 41050 1663700 617188 557021 1046512 279769 275987 274376 226194 165028 122816 3786 61166 48182 47290 119030 31386 42212 36743 10547 862498 76064 786434 172318 38393 614116 604611 93745 85558 79223 20291 500 133925
is_linear=0
shrinkage=0.1


Tree=84
num_leaves=63
num_cat=0
split_feature=29 28 27 18 20 20 18 20 18 21 2 21 3 13 7 21 1 21 28 18 21 20 20 12 20 18 20 18 20 28 18 8 21 0 29 0 21 11 24 20 21 27 20 18 18 0 3 11 20 20 24 14 24 0 18 5 18 2 0 18 21 21
split_gain=27.7254 86.7469 75.2334 66.832 57.0334 29.4697 62.763 33.2911 33.7946 29.3553 28.6673 32.5648 26.9163 64.4723 41.8245 28.9094 28.6087 28.2388 39.8663 38.0623 85.9528 58.7228 60.0935 41.2049 38.2056 62.9689 48.6921 58.0411 147.836 52.6352 100.532 40.2461 38.7832 38.1001 37.7512 37.6253 35.6596 126.428 83.7153 52.9531 48.6944 40.7864 34.9846 63.185 37.5946 33.918 33.1565 66.2383 49.9199 67.084 83.1558 53.2715 71.8789 45.4057 44.8018 42.2605 33.7294 32.1469 32.1197 31.8203 63.1881 32.106
threshold=1.5000000000000002 1.5000000000000002 2.5000000000000004 98.253242492675795 57.217262268066413 93.116607666015639 83.791332244873061 89.861457824707045 89.808139801025405 0.82085561752319347 0.74055027961730968 0.82480818033218395 53.500000000000007 97.220077514648452 17.500000000000004 0.70710784196853649 40.500000000000007 0.67333334684371959 1.5000000000000002 96.162029266357436 0.54006412625312816 95.84293365478517 98.006622314453139 57.359306335449226 99.80237197875978 76.679195404052749 96.164356231689467 91.239036560058608 87.533782958984389 1.5000000000000002 93.555309295654311 14.500000000000002 0.5577777922153474 0.2242701128125191 1.0000000180025095e-35 0.43914636969566351 0.98275861144065868 99.275363922119155 7.5000000000000009 99.80237197875978 0.82480818033218395 1.5000000000000002 93.734905242919936 95.260559082031264 93.764953613281264 0.74851754307746898 4.5000000000000009 35.767591476440437 82.388591766357436 91.239036560058608 5.5000000000000009 0.34848485887050634 5.5000000000000009 0.21593528985977176 88.775268554687514 1.0000000180025095e-35 85.324008941650405 0.82469150424003612 0.49591204524040228 92.876655578613295 0.62731480598449718 0.56385868787765514
decision_type=2 2 2 2 2 2 2 2 2 2 2 2 2 2 2 2 2 2 2 2 2 2 2 2 2 2 2 2 2 2 2 2 2 2 2 2 2 2 2 2 2 2 2 2 2 2 2 2 2 2 2 2 2 2 2 2 2 2 2 2 2 2
left_child=12 2 3 4 -2 6 -6 -8 -9 -4 11 -7 17 15 -15 16 -14 19 36 24 -21 -22 23 33 26 -26 27 31 -29 34 32 46 -31 -23 -30 -20 39 38 -38 40 57 -41 43 44 -36 -28 48 -48 51 56 -51 52 -1 -49 -53 -54 -50 -19 -40 60 61 -44
right_child=1 -3 9 -5 5 10 7 8 -10 -11 -12 -13 13 14 -16 -17 -18 18 35 20 21 22 -24 -25 25 -27 45 28 29 30 -32 -33 -34 -35 42 -37 37 -39 58 41 -42 -43 59 -45 -46 -47 47 53 49 50 -52 54 55 -55 -56 -57 -58 -59 -60 -61 -62 -63
leaf_value=-0.0084691795499348931 -0.074224611248539463 -0.049010770091326893 -0.093541586979651106 0.13570707714139682 -0.00083089750794892157 -0.046567365892280971 0.070028589963627111 -0.014385731024614858 0.072411533832603001 0.022190475124822685 0.0035359185789325745 0.030597456202483671 -0.063833385432251963 0.058077420097713717 -0.0072121601656251009 0.013079739363435487 1.4042810655244382 -0.00793015488266555 -0.036758712837349723 0.12994821814645707 0.080689781947212894 0.35624908242849623 0.046916559720880838 -0.007656916529729817 -0.11368029719736811 0.022463443633473062 0.032676737308426122 0.1429339182282291 0.029818484688097904 0.14995170668478897 0.12614116826540353 -0.018887400854091616 -0.031281129980614102 0.050804005482725838 -0.056006178724553074 0.10652996014414967 -0.006606733698714182 0.070844339921400129 0.13729051307977991 0.0022605918389461974 -0.017253780443118993 0.036576148444025069 0.016592984361035824 0.24203833747859682 0.0029506605230592998 -0.0044422823740692856 -0.03534165241564443 -0.021935287168750258 -0.0026471457578026692 0.042303548233174379 -0.0027558950736015753 0.0057323508960808456 0.04741011322473429 0.0028927859705335309 0.13855073042599383 0.018490247037004307 -0.024016033368560417 0.0038556223139197821 0.021913004303975261 -0.026094604565853829 -0.020414812875539631 0.10903599865000475
leaf_weight=563.45642304702778 101.67199918752158 463.65593720273318 119.87442912015104 36.386640315526165 1452.7487313047386 321.81097447391221 218.88907533732345 137.67925254921647 66.535450425079034 26.820580670930212 455.90677175456949 65.887593734609254 290.89127860363442 106.99971308218664 1181.8743095179525 59.982279026680771 0.13279318394051998 6006.7994223843234 25.857665931471274 65.199094687479374 118.16831916864612 4.3265187866927581 306.68740905956656 1109.1073856230942 73.604224923234142 63.094705735788011 849.29974660441076 59.237256352156692 134.12159837241779 12.866528160331653 72.431058457426843 835.49231801622591 143.4997357585562 72.782470115227625 600.72203904371054 62.911238320091798 3504.9928810510901 275.29227171023376 24.651084360782988 1292.3903728810474 3419.7565219175594 473.17712656552612 81.800602339841134 7.7287338974929289 131.9069860178497 346.64738770894473 524.8954548319598 795.85125918337872 2308.2287303879893 669.40899598628312 1055.1061019779772 6625.9922223581671 941.96931605234931 9891.5213436261874 25.494546658999752 1089.977441684161 1086.2861066155892 3764.8399968464728 1137.976561593423 910.27316302469626 295.55951401024504 69.481478290334053
leaf_count=268697 160202 383526 5411 462 322899 20949 8770 6699 2653 437 7234 1916 270493 4789 102235 6063 52 234004 4604 853 3727 284 7057 22900 5626 2195 41026 1643 8922 262 1133 132465 4435 8427 16592 3258 111622 200019 759 54784 129938 10966 1681 79 2155 6187 1073005 260294 122297 31831 26255 237026 213675 656678 425 230995 27713 81275 35013 29041 17029 1606
internal_value=-8.64063e-05 -0.00875177 -0.00253838 0.00104715 -0.000689683 0.00205956 0.00904054 0.0429346 0.0138938 -0.072382 -0.0134635 -0.0334536 0.00047454 -0.0121394 -0.00179195 -0.0501345 -0.0631635 0.000872865 -0.00207496 0.00271754 0.0173855 0.0128302 0.00745884 -0.00274266 0.00190516 -0.0508418 0.00214447 0.00132715 -0.0131744 -0.0169329 0.0287462 0.00271047 -0.0163685 0.0679423 -0.0216162 0.0647911 -0.00237323 0.00499042 0.00110641 -0.00480674 -0.00698355 0.0114573 -0.0249052 -0.0423907 -0.0453912 0.0219177 0.00341595 -0.000659442 0.0065967 -0.00132601 0.0147349 0.0109827 0.0231335 0.00104393 0.00624143 0.0318969 -0.00948545 -0.0033893 0.0243593 -0.0153662 0.00648889 0.0590506
internal_weight=57038.6 3467.87 3004.21 2857.52 2821.13 2719.46 1875.85 423.104 204.215 146.695 843.605 387.699 53570.8 1639.88 1288.87 351.006 291.024 51930.9 19988.6 31942.2 1676.27 1611.07 1492.9 1186.22 30266 136.699 30129.3 28933.3 2519.63 2460.39 228.797 26413.7 156.366 77.109 2231.59 88.7689 19899.9 4942.91 4667.62 14957 13191.4 1765.57 2097.47 740.358 732.629 1195.95 25578.2 11212.3 14365.9 5119.03 1724.52 9246.89 2595.4 10687.4 6651.49 2031.95 3394.51 9771.64 1162.63 1357.11 446.842 151.282
internal_count=5635248 921158 537632 531784 531322 371120 341021 18122 9352 5848 30099 22865 4714090 383632 107024 276608 270545 4330458 866242 3464216 43248 42395 38668 31611 3420968 7821 3413147 3365934 84578 82935 5830 3281356 4697 8711 77105 7862 858380 347413 147394 510967 445217 65750 68183 18826 18747 47213 3148891 1989977 1158914 208096 58086 950818 713367 916972 237451 444670 150010 315279 35772 49357 20316 3287
is_linear=0
shrinkage=0.1


Tree=85
num_leaves=63
num_cat=0
split_feature=8 27 29 30 4 24 11 8 1 11 14 2 0 29 10 1 2 19 9 0 2 25 2 10 26 24 14 14 9 19 20 10 24 11 10 5 14 30 29 19 1 20 26 20 21 24 9 27 25 20 27 30 29 26 11 25 26 19 11 1 19 14
split_gain=25.2844 23.9402 23.4311 29.6911 24.8737 22.4391 20.0889 19.6518 22.6161 23.9882 23.5076 21.0098 53.7404 50.8326 47.8605 49.1971 202.447 90.7868 62.3499 54.919 45.0005 68.9676 79.6447 46.7702 44.2235 43.6481 40.9728 101.379 69.6041 65.7593 58.2547 56.6724 52.3747 41.7828 41.8784 38.4094 37.8932 37.4515 42.6714 36.9929 36.6414 98.2187 36.5264 35.6734 46.2554 34.4239 51.3309 33.3426 33.2137 32.6098 32.3489 35.017 50.5526 50.4712 31.7046 31.4514 32.2184 36.9491 30.6331 29.6877 29.5653 32.6895
threshold=81.000000000000014 6.5000000000000009 2.5000000000000004 1.0000000180025095e-35 1.0000000180025095e-35 4.5000000000000009 90.366767883300795 1.0000000180025095e-35 1.0000000180025095e-35 99.275363922119155 0.18333333730697635 0.84802827239036571 0.74851754307746898 1.0000000180025095e-35 37.884435653686531 1.0000000180025095e-35 0.99996608495712291 75.797962188720717 97.332859039306655 0.84885936975479137 0.7506278157234193 10.500000000000002 0.46116203069686895 24.068965911865238 0.76388889551162731 9.5000000000000018 0.31666667759418493 1.0000000180025095e-35 48.714567184448249 80.106952667236342 81.644729614257827 45.080644607543952 7.5000000000000009 40.967367172241218 62.115564346313484 1.0000000180025095e-35 0.31666667759418493 1.0000000180025095e-35 1.5000000000000002 68.863315582275405 18.500000000000004 94.716903686523452 -1.0000000180025095e-35 73.090183258056655 0.059714796021580703 19.500000000000004 21.680376052856449 1.5000000000000002 2.5000000000000004 58.554008483886726 2.5000000000000004 1.0000000180025095e-35 1.5000000000000002 0.88194444775581371 43.27110671997071 3.5000000000000004 0.23611111193895343 99.760765075683608 54.692083358764656 6.5000000000000009 68.194953918457045 0.93750000000000011
decision_type=2 2 2 2 2 2 2 2 2 2 2 2 2 2 2 2 2 2 2 2 2 2 2 2 2 2 2 2 2 2 2 2 2 2 2 2 2 2 2 2 2 2 2 2 2 2 2 2 2 2 2 2 2 2 2 2 2 2 2 2 2 2
left_child=1 2 5 4 -4 -1 -5 8 10 -10 -7 12 20 59 35 24 18 -18 60 -20 21 23 -23 36 -16 26 27 29 -28 31 -31 47 33 40 58 -13 39 38 -24 45 -29 -42 -22 44 48 -9 -47 -25 -27 -46 -30 52 -52 -53 -39 -32 -57 -58 -35 -14 -17 -62
right_child=-2 -3 3 6 -6 7 -8 11 9 -11 -12 14 13 -15 15 16 17 -19 19 -21 42 22 37 25 -26 43 28 32 50 30 55 -33 -34 34 -36 -37 -38 54 -40 -41 41 -43 -44 -45 49 46 -48 -49 -50 -51 51 53 -54 -55 -56 56 57 -59 -60 -61 61 -63
leaf_value=-0.012456108633441092 -0.097452968552792951 -0.093332461149609219 -0.090820792317205912 -0.031796344826247151 -0.020322025773747216 0.0071945406125322672 0.14057683144155339 -0.068969197516934741 -0.008053268937717472 0.013069451359562313 -0.034104266499667607 -0.03232279532959019 0.0074027658203219592 -0.026143723531827319 -0.0064778045736435131 -0.060391188289548182 -0.0096072651591313403 0.11335336976234001 0.004011801998401965 -0.032348972306046941 -0.0096441939668290635 -0.077123894442597526 0.0075359271534249997 -0.071491829118202635 0.026167051501991792 0.0082887296071030136 0.0529162335658456 0.096903986745668136 -0.00013177912140287671 0.025224214160106468 -0.075654135816607973 0.0095941610723080575 0.0005457379681713426 -0.029120177898612737 -0.025932992468388483 0.0017633703436989202 0.15720779284806075 0.0075390098843902912 -0.0465899027196712 0.020142117689919921 0.49363795717589598 4.5138469184245853 0.015485046579761325 -0.0030485157783433883 0.064733382932437411 8.5392265781713483 -0.10035755560716152 0.01954681907454554 -0.068426421813111427 0.022876911833964973 0.040972289422315317 -0.11672247055241916 -0.14262923551115411 0.021787505665492965 -0.060555444586400588 -0.02091689285497967 0.02396627230470795 -0.010065402571241559 -0.09282272786690432 -0.070347272845906028 0.017300516967033452 0.079606499598091379
leaf_weight=1377.640404453181 26.656160900485702 27.491500635551347 69.373113735360675 11.569783454331629 179.64736359826929 189.27184162843696 16.267296253732638 50.597500059182494 2158.8873828634205 715.94779650741839 507.07578862174705 577.66307389906797 923.90576253183099 1476.7608637169469 3081.2244143287026 47.563082425003813 76.883836277222144 274.19725088978157 2173.0742583250976 513.5584487679298 705.0742556612131 217.13501169453593 818.63945060310652 296.67896122716047 479.56396237219451 1632.848812450291 246.52522952217259 5.5021986039973845 22170.040760971206 852.2996443399752 62.643782917639328 184.35189326822729 234.62680929071576 100.42988848941968 266.32888445042772 772.89284868705363 19.510968092996336 96.211464862411958 177.18058640759409 1281.4693536042178 0.93324915930134 0.065003964460629504 3220.2202881226949 1530.4567907176679 238.79009737830711 0.011575070755497019 0.016942907088377979 46.540824193838489 58.456290540601913 844.07441702929282 79.103393015335314 85.29506594245322 18.504664959385991 38.040462466771714 236.32730657819047 701.59109898794122 595.57830912429927 687.08865167879412 303.95336680179025 51.867705801836564 2983.7928554480022 86.652673974109348
leaf_count=137147 8694 984 230122 6724 8494 3993 325 207003 400703 32804 13967 15685 46892 18165 48968 1553 2498 51461 45600 28788 16324 241170 27610 989467 142136 69971 22929 1606 1005451 151157 8333 40577 11242 22578 10050 16840 1426 8465 14332 393754 933 30 81400 128501 52082 67 54 18669 39878 110009 1057 982 167 2074 5441 427429 75450 48638 45926 3361 82117 4995
internal_value=-8.27718e-05 -3.71371e-05 7.97983e-06 -0.0290127 -0.0399619 0.000150005 0.0689342 0.000464654 -0.00670948 -0.00279288 -0.022879 0.000960949 -9.29055e-05 -0.0144411 0.00482284 0.00727457 0.0126865 0.086426 0.00822648 -0.00293868 0.000830626 -0.000334015 -0.0209755 0.000643581 -0.00208122 -0.000143369 -0.00163555 -0.0105377 7.06056e-05 -0.0026525 0.00325682 -0.0351264 -0.0401712 -0.054278 -0.0567233 -0.012816 0.0188563 -0.0117974 -0.00209437 0.0168299 0.198031 0.755425 0.0109713 0.00920781 0.0159694 -0.0670115 3.40634 -0.0591469 0.00563724 0.032107 -0.000511226 -0.0385859 0.00616487 -0.0740017 -0.0408541 -0.00589007 -0.00368759 0.00573646 -0.077002 0.00326993 0.0178469 0.0190589
internal_weight=56902.6 56875.9 56848.4 276.858 249.02 56571.6 27.8371 55193.9 3571.18 2874.84 696.348 51622.7 40555.7 2452.53 11067.1 9716.51 6155.72 351.081 5804.64 2686.63 38103.1 34177.8 1545.49 32632.4 3560.79 31280.7 26976.1 4338.61 22637.5 3426.77 2899.2 527.572 911.839 677.213 670.712 1350.56 1351.61 1328.36 995.82 1332.1 6.50045 0.998253 3925.29 4304.63 2774.17 50.626 0.028518 343.22 1691.31 1082.86 22391 220.944 97.6081 123.336 332.539 2046.9 1984.26 1282.67 404.383 975.773 3118.01 3070.45
internal_count=5635248 5626554 5625570 245665 238616 5379905 7049 5242758 451467 433507 17960 4791291 4350650 68418 440641 408116 217012 53959 163053 74388 4282232 4184508 297018 3887490 191104 3285186 2884745 1852085 1032660 1759720 711007 1048713 92365 81123 78554 32525 602304 55848 41942 600878 2569 963 97724 400441 271940 207124 121 1008136 109849 162091 1009731 4280 1224 3056 13906 559850 551517 124088 68504 50253 88665 87112
is_linear=0
shrinkage=0.1


Tree=86
num_leaves=63
num_cat=0
split_feature=13 9 10 17 13 17 24 21 17 13 17 28 20 19 18 18 28 18 19 21 20 20 27 21 20 19 9 1 24 21 10 0 29 29 29 21 21 18 21 24 14 24 29 24 21 19 21 29 18 26 24 18 20 14 29 1 13 0 19 29 29 19
split_gain=31.9636 94.6183 46.9575 29.4724 29.2943 28.9403 39.8316 25.1052 23.562 26.6319 37.8519 22.0267 32.7449 109.47 57.6472 69.2802 69.1594 50.1104 49.7425 46.5472 78.5704 46.0566 45.334 62.861 47.6609 49.8174 65.8142 55.3713 51.3576 51.3918 46.8413 43.4706 41.9418 41.0998 38.6921 178.484 83.2704 71.0997 150.182 60.6337 39.9808 48.8762 37.5389 59.7967 36.2763 60.1726 94.3636 76.4253 81.3472 76.3255 63.3733 35.5835 37.9311 112.09 42.9554 35.5149 36.4408 35.1089 35.0892 34.5875 34.2231 33.722
threshold=16.53005409240723 15.535444736480715 17.467581748962406 5.5000000000000009 1.0000000180025095e-35 18.500000000000004 7.5000000000000009 0.43874999880790716 7.5000000000000009 19.139194488525394 12.500000000000002 1.0000000180025095e-35 97.067424774169936 97.067424774169936 97.067424774169936 92.601715087890639 1.5000000000000002 79.940830230712905 98.092205047607436 0.43167701363563543 95.393455505371108 99.014755249023452 1.5000000000000002 0.38675214350223547 94.513019561767592 95.845661163330092 38.924964904785163 4.5000000000000009 6.5000000000000009 0.65942031145095836 69.416099548339858 0.74851754307746898 1.5000000000000002 1.5000000000000002 1.0000000180025095e-35 1.0000000180025095e-35 0.30217391252517706 1.0000000180025095e-35 0.054093567654490478 7.5000000000000009 0.44949495792388922 8.5000000000000018 1.5000000000000002 8.5000000000000018 0.58957219123840343 91.813587188720717 0.64495798945426952 1.5000000000000002 90.939495086669936 0.31666667759418493 5.5000000000000009 98.772960662841811 99.80237197875978 0.31666667759418493 1.0000000180025095e-35 3.5000000000000004 92.718276977539077 0.74851754307746898 92.009387969970717 1.0000000180025095e-35 1.5000000000000002 96.019802093505874
decision_type=2 2 2 2 2 2 2 2 2 2 2 2 2 2 2 2 2 2 2 2 2 2 2 2 2 2 2 2 2 2 2 2 2 2 2 2 2 2 2 2 2 2 2 2 2 2 2 2 2 2 2 2 2 2 2 2 2 2 2 2 2 2
left_child=1 3 8 -1 -5 11 7 -7 -2 10 -10 -4 14 21 15 22 19 -15 -16 20 61 31 24 -24 25 26 27 -13 29 60 -26 32 58 -31 36 -36 37 -28 -39 -40 -38 -42 43 -32 -37 46 -46 48 49 -48 -47 52 54 -54 -19 56 -21 -53 -14 -29 -27 -17
right_child=2 -3 5 4 -6 6 -8 -9 9 -11 -12 12 13 17 18 16 -18 51 -20 55 -22 -23 23 -25 30 28 34 59 -30 33 42 -33 -34 -35 35 44 40 38 39 -41 41 -43 -44 -45 45 50 47 -49 -50 -51 -52 57 53 -55 -56 -57 -58 -59 -60 -61 -62 -63
leaf_value=0.028897494439143686 -0.00050627318774931578 -0.1026790095674798 0.0032808086463017392 -0.11616524075019788 -0.012241335145066675 -0.057089418321261368 -0.056609367385592635 0.006731467277767262 0.06747228524969473 0.076484848558714638 -0.026713440561534053 0.03717825204120339 0.12832394368123445 -0.11399537951544614 0.088144585923098595 -0.014656150352754738 0.048286094299960676 -0.10838064891764172 0.01346263769179165 -0.028578584594775865 0.13418766190681239 0.11101774576231277 0.022121679278487572 -0.024872649368210046 -0.017395058668598102 0.094548287629017194 0.0022811255658747795 -0.0086069090527748273 -0.0033152795497209081 0.015914823538640724 0.050524831830980291 0.0034804464522834376 -0.015397027642578802 0.20235485085252894 -0.096397528571629823 -0.0002775995899436515 0.009911737500899534 -0.12169707027949633 -0.061683004672564469 0.026246885472087846 0.070905053565838524 -0.041416448509697508 -0.014757969535051738 -0.005248356460840398 -0.021633580262068464 -0.041966905580401934 0.1039199573238887 -0.048936665043030951 -0.045107453763493725 0.0082270246350709536 -0.0092310940444577608 0.06288061835126299 -0.024489115788886715 0.076631693354209371 -0.012822065360887456 -0.033381393651183193 -0.0041779841639278418 -0.0064345371512614814 0.042337075070193068 -0.069320065539573969 -0.10348451142204965 0.1742946393246475
leaf_weight=179.81148306105024 158.40333861940235 118.83524706677053 15683.819419710097 29.268032242503978 370.24275802746706 74.014696828380693 212.56400889636643 368.55561040671091 83.35151858903555 155.23365801612454 87.423358207059209 84.275341763506731 50.999592414595099 41.982735513032821 120.79649445114046 176.04164081806084 169.0083838961873 48.529616328472912 340.81604799710476 959.13531034608604 52.325806619985087 65.369460019795952 350.70125815662323 1510.9719338822724 298.74350070334549 127.61637227041501 9980.3678737805276 133.82191558593695 1422.8183896452538 1636.7421382297762 690.15030406112783 559.07984910399682 120.27113543939777 11.909967124360263 212.12691208156684 8518.8228142975495 317.73670547521397 145.97129435359238 114.71412658515328 247.8861642866068 336.4549760625232 43.782353721209802 180.26462234929204 266.44753255147953 538.3053991111592 888.06389978081279 254.1758839417962 85.466151386914134 69.587277058868494 124.02020922418887 1770.0989737568307 148.87370689002273 266.71964159349591 186.10705877339933 1533.7455702767038 1263.4950396138083 1691.3368919534259 143.51882665154699 683.39701642381988 314.00537455925951 9.367147634016872 9.9808103237592132
leaf_count=36357 42801 76120 1027998 10525 109771 104655 47103 61771 15510 28706 26006 87672 2518 4574 1354 2059 5281 729 4461 31294 413 1497 37270 52393 70998 3180 442893 336771 50607 44559 6717 4650 3288 152 443458 458499 33307 53713 31083 14101 13872 1429 2057 2697 9488 12650 6356 2035 1108 2496 25821 1732 25061 21156 23999 86707 17631 1650 23225 1536783 421 60
internal_value=-0.000131203 -0.0213963 0.000133249 -0.00472292 -0.0198548 -0.000136567 -0.0210303 -0.00394183 0.0311334 0.0465066 0.0192566 0.000112306 -0.00115163 0.00760932 -0.00210226 -0.00256521 -0.0144198 -0.00571583 0.0330057 -0.0169721 0.0259326 0.0289556 -0.000895772 -0.0160199 8.10669e-05 -0.000849918 -0.00240349 -0.0371835 0.0108582 0.0221518 0.0178422 0.0251612 0.0393436 0.0172617 -0.00162089 -0.00545357 0.00264817 0.00042259 -0.0360499 -0.00157107 0.0360936 0.0579718 0.0271018 0.03499 -0.00387855 -0.0121033 0.00790203 0.0377177 0.0542569 0.0725398 -0.0201678 -0.00376271 -0.00844945 0.0170705 -0.0157529 -0.0195848 -0.0130079 0.0288578 0.0483084 -0.0511775 0.0810065 -0.00451822
internal_weight=56838.5 698.158 56140.3 579.322 399.511 55655.9 655.134 442.57 484.412 326.009 170.775 55000.8 39316.9 3848.59 35468.4 35006.7 4321.32 2369.48 461.613 4152.32 238.348 1479.12 30685.4 1861.67 28823.7 27388.1 24179.7 532.103 3208.45 1785.64 1435.61 1413.75 854.668 1648.65 23647.6 12460.7 11186.9 10488.9 508.572 362.6 697.974 380.237 1136.86 956.598 12248.5 3729.72 1071.55 533.25 447.783 378.196 2658.16 2327.49 2035.1 452.827 1582.28 3913.97 2650.47 292.393 734.397 447.827 136.984 186.022
internal_count=5635248 232773 5402475 156653 120296 5289452 213529 166426 113023 70222 41516 5075923 4047925 114079 3933846 3928031 143445 78901 5815 138164 2532 35178 3784586 89663 3694923 3612454 3513535 1961226 98919 48312 82469 33681 29031 44711 1552309 961911 590398 541790 98897 45184 48608 15301 11471 9414 518453 59954 21483 11995 9960 8852 38471 74327 70945 46217 24728 135632 48925 3382 25743 1873554 3601 2119
is_linear=0
shrinkage=0.1


Tree=87
num_leaves=63
num_cat=0
split_feature=13 12 10 12 12 7 17 12 7 12 13 21 13 17 12 17 26 2 8 2 7 17 18 0 10 12 11 11 24 25 17 7 21 17 30 20 26 17 29 18 17 17 17 10 7 18 0 10 12 0 0 13 10 12 11 17 30 26 18 25 17 10
split_gain=26.3845 55.3208 37.9598 34.8504 42.186 27.7093 27.5362 44.5526 35.362 146.391 106.664 51.0992 39.2755 78.1352 36.556 51.0302 50.2357 36.4463 35.6225 51.6481 63.6894 50.7636 79.2895 49.5985 33.4839 46.5401 75.0799 67.1895 55.4788 57.7535 66.6223 50.6507 47.4775 78.3678 43.963 42.0124 40.9314 38.9706 37.6418 47.8076 35.2413 80.6751 43.9408 57.1953 33.8485 33.8322 32.5915 32.4264 32.3977 32.0294 31.6453 31.1349 31.0917 36.8963 30.6511 30.2145 29.7794 37.9172 40.0126 29.3943 29.2975 72.7103
threshold=16.53005409240723 28.869047164916996 17.467581748962406 35.948717117309577 33.589742660522468 1.0000000180025095e-35 8.5000000000000018 37.590579986572273 1.0000000180025095e-35 99.333332061767592 99.206348419189467 0.94868421554565441 95.945205688476577 1.0000000180025095e-35 83.795948028564467 4.5000000000000009 0.76388889551162731 0.19050184637308124 1.5000000000000002 0.99996608495712291 1.5000000000000002 5.5000000000000009 68.432746887207045 0.80898490548133861 81.375640869140639 81.53021621704103 59.491636276245124 47.124916076660163 6.5000000000000009 2.5000000000000004 11.500000000000002 1.0000000180025095e-35 0.36939570307731634 10.500000000000002 1.0000000180025095e-35 99.333301544189467 -1.0000000180025095e-35 12.500000000000002 1.0000000180025095e-35 97.23496246337892 13.500000000000002 18.500000000000004 10.500000000000002 45.867485046386726 1.0000000180025095e-35 1.0000000180025095e-35 0.21469595283269885 48.52813911437989 50.373134613037116 0.14652930945158008 0.89735862612724315 22.903981208801273 86.526824951171889 99.333332061767592 29.300813674926761 6.5000000000000009 1.0000000180025095e-35 0.13392857462167743 46.388406753540046 2.5000000000000004 6.5000000000000009 80.217391967773452
decision_type=2 2 2 2 2 2 2 2 2 2 2 2 2 2 2 2 2 2 2 2 2 2 2 2 2 2 2 2 2 2 2 2 2 2 2 2 2 2 2 2 2 2 2 2 2 2 2 2 2 2 2 2 2 2 2 2 2 2 2 2 2 2
left_child=1 -1 -2 4 5 -4 8 -8 10 14 12 17 49 -14 15 16 -10 -11 21 23 -21 -19 55 -20 25 26 31 -27 32 -30 35 40 45 34 -34 38 -35 -32 39 -31 42 46 43 -9 -38 -29 -42 51 54 -5 -37 -44 53 -15 -43 -23 57 -40 -59 -26 -51 -62
right_child=2 -3 3 6 -6 -7 7 24 9 11 -12 -13 13 52 -16 -17 -18 18 19 20 -22 22 -24 -25 59 27 -28 28 29 30 37 -33 33 36 -36 50 44 -39 56 -41 41 48 47 -45 -46 -47 -48 -49 -50 60 -52 -53 -54 -55 -56 -57 -58 58 -60 -61 61 -63
leaf_value=-0.00070387654023426681 0.027961837454412771 -0.06211361074125913 -0.0048896874596373648 0.037556129834666864 -0.051572935948768134 -0.10207052602133811 0.037001534929910963 -0.016444621395074622 -0.039917159513322274 -0.055946394380965353 0.1019637485630792 0.075761434510402584 0.060869192348015515 -0.060072912644743917 -0.089289918274251937 -0.097441699444608759 0.044631737111646405 -0.019480494946444077 0.00042040360003144583 0.029925772421149355 -0.0065490051074289365 0.088306075980607357 0.24577750768917014 -0.023017402326539125 0.019969791380385363 0.085647293942629543 -0.056340439020852395 0.0013309946541315257 0.030413401311027651 -0.039025537463128646 -0.073495049454566586 -0.10143471564045295 -0.0091550331511791559 -0.03106149813338295 0.050408064730100316 0.096515806097132298 0.057679367365438564 -0.024002508675564097 -0.01689215398698718 -0.27464614213080502 0.083584279677977935 0.015940068495965964 -0.12133416348745896 0.050127307247751621 0.25922387233030481 -0.057431425077101375 0.016600480799262365 -0.08774765096465717 -0.065603262936154802 0.0020725967473774771 -0.015076486042371134 -0.020323906403995097 -0.031672287842736867 -0.36869583218089547 -0.079626675138558298 -0.047783082551532692 -0.040764033194640295 0.15153660276710568 0.019054094309628816 -0.035709145538181018 0.019664761093997188 -0.010854005117970078
leaf_weight=477.39410898966162 485.19736844645377 211.76642091359827 1148.9314814562749 284.04350494266691 264.32689229357857 30.109211585582671 245.0989942871638 487.49763328082918 257.00384811901677 118.07513456209563 110.53772497957107 88.127921167120803 98.504506397017394 10.940817965398312 167.90316148576676 100.8363241903935 96.721500853655016 1430.1173947343559 17009.048950381613 1254.6736008253065 774.06339403870516 28.286147470549622 18.096735412022099 953.50446972902864 112.53609169757692 94.600214976970165 365.64778866642882 580.63479732019186 302.60395810184127 165.21173090691445 244.39907131160726 56.743794036508916 611.29066406749189 53.329008989443537 155.42449793050764 70.291865279781632 493.92798406543443 455.81596551397524 374.73136689652893 9.0848647963721287 79.975427907491394 149.4768098251734 32.317573538100987 175.52217816707707 8.4759277670818829 117.86802996766346 791.75678449059342 99.513689069972315 167.8969205895919 18332.548029249519 39.801113188324962 547.16509226754715 520.66971816285513 5.9970117784105232 43.27753602075245 38.54624291275104 157.50114048505202 24.069898703324725 431.10943902749568 602.15319777250261 2927.4278707951453 1064.5435054406335
leaf_count=145141 113023 87632 334057 86206 254408 285958 110539 114167 471637 33488 24331 141588 2280 232 83522 317917 28988 33957 612457 49633 21984 6897 394 32848 3140 2497 42490 38854 19183 7279 8234 345873 16825 1225 8748 1661 20935 21578 22341 252 43782 47910 8836 6522 579 68061 97486 3101 18178 906980 1956 128309 7846 45 30480 11008 2736 578 5914 41102 209985 39455
internal_value=-0.000126773 -0.019574 0.0001127 -0.000130852 -0.0154661 -0.0073714 0.000278765 -0.00500276 0.0012436 -0.00160122 0.00396416 -0.000230449 0.00349813 -0.0210077 -0.049416 -0.0346877 -0.0167984 -0.000540145 -0.000235951 0.000884445 0.0160088 -0.0150198 0.0600942 -0.000823743 -0.00627352 -0.00427385 -0.013881 0.0022841 0.000448216 -0.0102639 -0.0165058 -0.00798042 0.012505 0.0236443 0.00291929 -0.00286752 0.0522376 -0.0412771 -0.00846265 -0.0513068 -0.00592054 0.00628885 -0.0171325 0.00117906 0.0610796 -0.0085848 0.0227458 -0.0350132 -0.0334893 0.00418762 0.0561727 -0.0259572 -0.0360098 -0.169344 -0.00551674 0.00981531 -0.000899859 0.0066656 0.0260598 -0.0269419 0.00376306 0.0115263
internal_weight=56654.7 689.161 55965.5 55480.3 1443.37 1179.04 54037 8346.75 45690.2 22335 23355.2 21712.5 23244.7 636.112 622.465 454.562 353.725 21624.4 21506.3 19991.3 2028.74 1515.05 84.9291 17962.6 8101.65 7386.96 2996.79 4390.17 4295.57 2274.62 1972.02 2631.14 2020.95 1322.45 766.715 1271.8 555.733 700.215 1161.71 174.297 2574.4 1232.38 1342.02 663.02 502.404 698.503 871.732 678.996 360.651 22608.6 110.093 579.483 537.608 16.9378 192.754 66.8324 987.412 829.911 455.179 714.689 22324.5 3991.97
internal_count=5635248 232773 5402475 5289452 874423 620015 4415029 1291351 3123678 1846318 1277360 944254 1253029 10403 902064 818542 500625 802666 769178 716922 71617 52256 18299 645305 1180812 1136570 887134 249436 246939 91712 72529 844644 155227 48312 25573 42717 22739 29812 39100 7531 498771 237836 260935 120689 21514 106915 141268 140246 96568 1242626 3617 137145 8123 277 78390 17905 31569 28833 6492 44242 1156420 249440
is_linear=0
shrinkage=0.1


Tree=88
num_leaves=63
num_cat=0
split_feature=3 8 13 9 17 18 18 20 8 10 13 13 9 14 9 13 13 9 17 10 5 14 18 13 17 13 17 14 9 14 10 9 17 18 25 24 27 17 10 1 14 13 1 17 17 10 9 3 10 4 20 14 24 17 9 10 27 30 10 3 13 9
split_gain=22.5664 22.276 21.9216 45.6782 55.3759 21.7947 21.419 21.567 26.0135 20.9307 29.2382 24.6718 132.073 61.4244 34.0979 74.3505 29.0043 88.7505 27.024 31.6953 27.0047 29.5974 48.3235 44.7845 44.0827 32.2316 32.5431 31.4 58.9771 75.1606 72.4641 45.881 36.6657 33.3619 29.8189 50.5858 29.6997 29.1166 28.5622 27.2541 33.7538 81.0183 66.1129 40.7312 36.6657 45.3383 35.7434 47.4472 39.2669 43.8501 33.4272 33.0646 30.9636 44.614 34.1892 29.8419 27.4409 42.8043 27.412 27.2962 27.1991 27.1033
threshold=1.5000000000000002 29.500000000000004 11.269841194152834 11.215932846069338 9.5000000000000018 64.375686645507827 42.441171646118171 81.644729614257827 7.5000000000000009 17.467581748962406 21.680376052856449 27.072835922241214 25.176055908203129 0.2264957278966904 28.743545532226566 30.471628189086918 18.808961868286136 17.712418556213382 4.5000000000000009 25.866189002990726 1.0000000180025095e-35 0.18333333730697635 66.813507080078139 92.422504425048842 1.5000000000000002 62.115564346313484 7.5000000000000009 0.44949495792388922 91.945945739746108 0.34848485887050634 71.010189056396499 68.208553314208999 5.5000000000000009 52.193151473999031 8.5000000000000018 8.5000000000000018 1.5000000000000002 1.0000000180025095e-35 88.273490905761733 1.0000000180025095e-35 0.31666667759418493 91.945945739746108 6.5000000000000009 2.5000000000000004 4.5000000000000009 87.841831207275405 93.063350677490249 23.500000000000004 82.972846984863295 1.0000000180025095e-35 98.312206268310561 0.36931818723678594 7.5000000000000009 9.5000000000000018 32.305501937866218 48.52813911437989 2.5000000000000004 1.0000000180025095e-35 86.319076538085952 52.500000000000007 86.391696929931655 96.362434387207045
decision_type=2 2 2 2 2 2 2 2 2 2 2 2 2 2 2 2 2 2 2 2 2 2 2 2 2 2 2 2 2 2 2 2 2 2 2 2 2 2 2 2 2 2 2 2 2 2 2 2 2 2 2 2 2 2 2 2 2 2 2 2 2 2
left_child=6 2 3 4 -2 -3 7 8 -1 10 -4 12 16 -14 18 -16 17 -11 19 -13 21 22 34 24 -24 -26 -27 28 29 30 -23 32 33 -29 35 36 -17 -30 -32 -22 41 42 43 -41 46 50 47 48 49 55 56 -48 54 -54 -45 -42 59 -58 -56 -46 -31 -53
right_child=1 5 9 -5 -6 -7 -8 -9 -10 11 -12 14 13 -15 15 20 -18 -19 -20 -21 39 27 23 -25 25 26 -28 31 37 60 38 -33 -34 -35 -36 -37 -38 -39 -40 40 44 -43 -44 52 45 -47 51 -49 -50 -51 -52 61 53 -55 58 -57 57 -59 -60 -61 -62 -63
leaf_value=0.036077249696828094 0.034600633866508315 -0.064787614983120398 0.0056984685768118222 -0.12539512827769644 -0.066695403825385483 0.011119850299685331 0.075159393542727188 -0.12389029253899274 -0.16377519589266359 0.02063771810358915 0.052067138156051462 -0.093897095421573804 -0.069743885902021852 0.11946313704722139 -0.047743196041350154 0.0035444932445765683 0.0074179464238650688 -0.088732963731980433 0.033666444062072087 0.009156685062686222 -0.01300632033223807 -0.0080991441806590233 -0.029402556840441425 0.092576247202771647 0.0022854641605775639 0.016570437830621416 0.08153225562206684 -0.013972879582342813 -0.010625478236082338 -0.057564831184149193 0.031331165828090639 0.0017136075726618006 0.0062593947557734349 0.058004487302549639 -0.0069820764735940601 0.067873939315357221 0.072634142041552316 -0.053388267842479235 -0.0060607939117507123 -0.027053493413744828 0.092026340656239547 0.095127100531337772 -0.029446705642221668 0.044884268995547039 -0.0045255328617084317 -0.046335293377817367 -0.027007916861589348 -0.036610637339470418 0.022660439133729709 -0.0020474880561552142 0.024313897987685074 0.026949191597400942 0.029555814397392799 -0.016994907944749976 -0.017437549452483277 0.020789527908145186 -0.0016931293838405724 -0.1018241633511166 -0.64077808912699741 -0.068783205966679306 0.075178509865353113 -0.00029103683194613752
leaf_weight=89.000849359785207 120.29947683509818 103.75901245819114 586.25951934247132 41.417320626238507 97.876607627524209 59.524951317289378 76.778662524069659 11.424094321788287 7.027213352121179 171.41870360965549 177.05830094109842 36.349062885008607 395.26127818188615 17.936610882614332 325.43830139435158 347.28824860436725 1419.0255453478421 130.81287385561154 525.37127878879619 166.78545144388045 2094.5745548833947 2196.262089655178 376.09834888837941 56.283355092338752 2072.7783017638649 303.76273504199344 103.35385339468485 78.207213634064829 285.68343131271831 277.33601693797391 895.2382746646399 16796.243018759509 527.02056731204357 364.64719101498486 173.77184889851196 336.49285480582694 75.799375924409105 359.70242120811599 264.68257349149644 492.01404067252588 66.856032982919714 72.048252071428578 1356.2447939818703 99.100918055912189 3846.2335847488357 278.85098504014604 448.82852660122444 210.63743794379116 1977.7430767057667 2224.6678908682952 362.97702451294754 379.45617401569325 746.67421661894696 284.26207433880336 659.85295196753941 488.34512693511351 95.721995396539569 77.062394972308539 0.70624333946034212 67.263944617778179 16.345516703469912 9762.4500006402595
leaf_count=1665 23917 37206 149855 24490 36292 7815 1574 198 98 54622 36153 23315 423267 1254 315600 225004 526726 106156 218094 98108 114521 111206 57272 11475 327927 6655 2973 9912 3296 31747 20130 680307 30229 8180 107492 60706 5067 3321 4298 32105 10171 11977 703831 10261 241007 14971 4436 35270 54956 31165 18642 9789 29036 10051 50830 69138 1229 1784 25 21447 375 364629
internal_value=-0.000119242 -0.000233431 -0.000126293 -0.0291187 -0.0108421 -0.0371156 0.0348222 0.00599977 0.0214523 8.22058e-06 0.0164541 -0.000219246 -0.0107605 -0.0615306 0.00020485 -9.42857e-05 0.00142717 -0.0267005 0.0216903 -0.00928385 0.000203924 0.00249094 0.0105866 0.00424055 0.00249971 0.00733798 0.0330622 0.00107975 -0.00659299 -0.00166558 0.00257937 0.00293477 0.0240827 0.0452934 0.0303877 0.0389369 0.0159224 -0.0344591 0.0227987 -0.00206683 -0.00111202 -0.00988089 -0.01196 -0.00157006 0.000491978 -0.00722002 0.00283552 0.00983343 0.0118897 0.00422682 -0.00476852 -0.000447289 0.00543219 0.0167203 -0.00988691 0.0293677 -0.00735186 -0.0463519 -0.018104 -0.00562997 -0.0501767 0.000728148
internal_weight=56558.4 56374.2 56210.9 259.593 218.176 163.284 184.231 107.452 96.0281 55951.3 763.318 55188 2134.46 413.198 53053.5 52325 1721.26 302.232 728.506 203.135 51999.6 25907 3845.63 2912.28 2855.99 2479.89 407.117 22061.4 4295.25 3649.86 3356.18 17766.1 969.875 442.854 933.352 759.58 423.088 645.386 1159.92 26092.6 23998 3710.9 3638.86 2282.61 20287.1 4728.11 15559 4968.25 4757.61 2779.87 4449.26 10590.7 1790.6 1030.94 759.66 555.201 4086.28 172.784 660.559 3913.5 293.682 10141.9
internal_count=5635248 5631713 5586692 84699 60209 45021 3535 1961 1763 5501993 186008 5315985 1112025 424521 4203960 3864443 687504 160778 339517 121423 3548843 1707572 804571 406302 394827 337555 9628 903001 174373 167756 135634 728628 48321 18092 398269 290777 230071 6617 24428 1841271 1726750 848116 836139 132308 878634 299080 579554 200700 165430 110474 284109 378854 100203 39087 61116 79309 265467 3013 50855 262454 32122 374418
is_linear=0
shrinkage=0.1


Tree=89
num_leaves=63
num_cat=0
split_feature=3 0 25 21 1 7 14 28 0 1 12 7 14 14 13 14 25 19 13 0 12 12 1 13 13 4 26 3 14 14 13 13 30 29 13 13 21 17 17 24 19 25 21 19 19 13 19 13 5 14 18 21 19 25 0 1 0 28 24 17 14 20
split_gain=21.2217 41.5807 59.7476 47.4419 33.1353 58.3358 50.0234 54.4318 32.7814 44.5693 31.0118 66.9124 42.6009 41.9831 40.3218 38.6222 50.8986 41.9787 37.1081 36.7932 31.7976 31.5477 30.692 48.3618 38.2191 30.5127 34.6213 58.7398 30.3018 67.6483 32.9207 30.2873 29.9437 55.6603 38.9703 29.8861 28.5617 27.9171 31.6266 52.5609 27.87 42.6391 49.5772 36.2066 27.7274 27.2247 26.9282 26.8076 26.7896 26.2285 25.4634 27.6887 51.1136 27.9041 25.4309 25.3705 58.5936 29.883 25.3225 31.3105 33.4524 27.6395
threshold=3.5000000000000004 0.25767858326435095 7.5000000000000009 0.30602006614208227 3.5000000000000004 1.0000000180025095e-35 0.31666667759418493 1.0000000180025095e-35 0.58960780501365673 1.5000000000000002 64.346244812011733 1.0000000180025095e-35 0.18333333730697635 0.31666667759418493 36.254106521606452 0.31666667759418493 7.5000000000000009 80.106952667236342 47.140522003173835 0.93393263220787059 91.945945739746108 55.245780944824226 23.500000000000004 73.375530242919936 48.074073791503913 1.0000000180025095e-35 0.23611111193895343 2.5000000000000004 0.44949495792388922 0.34848485887050634 88.047618865966811 32.466217041015632 1.0000000180025095e-35 1.5000000000000002 82.097072601318374 51.520736694335945 0.69397994875907909 4.5000000000000009 9.5000000000000018 9.5000000000000018 97.833908081054702 7.5000000000000009 0.8603896200656892 61.916847229003913 81.501609802246108 95.69842910766603 53.218408584594734 42.462121963500984 1.0000000180025095e-35 0.77500000596046459 89.808139801025405 0.048809524625539787 68.863315582275405 2.5000000000000004 0.34066767990589147 1.5000000000000002 0.76043426990509044 1.5000000000000002 8.5000000000000018 4.5000000000000009 0.095454547554254546 63.188142776489265
decision_type=2 2 2 2 2 2 2 2 2 2 2 2 2 2 2 2 2 2 2 2 2 2 2 2 2 2 2 2 2 2 2 2 2 2 2 2 2 2 2 2 2 2 2 2 2 2 2 2 2 2 2 2 2 2 2 2 2 2 2 2 2 2
left_child=4 2 3 31 8 22 -7 -8 9 -1 11 15 14 -13 -12 17 21 -3 19 55 37 -17 24 -24 25 26 27 -6 29 30 44 -2 58 34 49 -30 47 45 -39 -40 41 43 -43 -28 -14 -16 -25 -11 -5 -34 51 54 53 -53 -9 -19 57 -57 59 -26 -61 -60
right_child=1 10 -4 48 5 6 7 50 -10 36 12 13 28 -15 20 16 -18 18 -20 -21 -22 -23 23 46 32 -27 40 -29 35 -31 -32 -33 33 -35 -36 -37 -38 38 39 -41 -42 42 -44 -45 -46 -47 -48 -49 -50 -51 -52 52 -54 -55 -56 56 -58 -59 61 60 -62 -63
leaf_value=-0.024635614856631814 -0.085150233613656715 -0.059030069722991178 -0.070558883336919634 0.038881329391511843 1.2688059704110672 -0.10284060618197917 0.044291312261252214 -0.083370152884424842 0.0024345368816666014 0.040935073025347934 -0.033749875921651108 -0.09996808073921859 -0.047861838904327693 0.058533429210878542 -0.0075584291505751168 0.14914078713842127 -0.01279603689818986 0.012041590931573774 -0.03613064540421123 -0.09269799844871067 0.089251418467374957 0.043335252189499192 -0.024700462922293023 -0.026786527822648634 0.015297635506307694 0.018152170480902251 -0.047512556947184696 -0.0020230024647542328 0.067307020522596975 -0.070953439184129455 -0.027329230383005922 -0.015412259484542185 -0.021784730843203655 0.071461568139247714 0.013185607121678537 0.00085646405483953258 -0.017585982089812636 0.044951247073855664 0.036665063249143086 -0.049879314832780748 0.037199802032973149 -0.0020028523329864967 1.3440887858134769 0.15995280838262069 0.0024127200256532453 0.098175999591650881 0.042278903111681254 5.2739572759647623e-05 -0.0042123300923167534 0.082485979318861591 -0.029222225810304876 0.4262490115326803 -0.005187398702775149 0.043511149763865983 -0.015356156145711272 0.0025362547075174716 -0.034677521678468548 -0.048564359329510302 0.055989203915094876 0.05294686274214503 -0.0079799725162060225 0.01734853818196443
leaf_weight=1199.8228555486821 64.567167309185606 157.68824618286089 174.28699392199633 258.7368744507512 0.36499876763991679 52.68054078613568 212.01960461546696 74.09190571061481 8239.403720232709 170.70911381890983 140.0025130092472 116.23172415888257 116.03129587470903 19.517290897398198 411.77848435499618 36.719478539060219 154.47912365966477 909.38181965945842 385.63115644703066 45.858513934537768 68.068193483311916 121.18444346674369 583.58372792275622 75.600973163280287 2301.2299371820263 1376.1670059807075 9.3514773180722823 103.20963939929425 67.922032021233463 170.81422041425685 573.33682256942848 1755.1199899207604 1004.8757988090802 94.212343906867318 576.81433247739915 19138.324590465621 941.77556147474388 517.65747133992409 186.50978785473126 112.50670262877247 122.78141565824626 34.108359979218221 0.27582327846903254 83.727648426654923 2010.9930978003249 25.882379774586298 222.8885627870186 2654.3442815187009 326.04067822553407 24.717384395538829 479.94845318805892 1.922505063630523 1780.0834425633075 207.67527228319523 213.06832387555187 2295.9234820200436 610.79978543386096 120.44180656538811 231.88531116453669 96.885698746467824 1290.0327991936283 917.77989318231994
leaf_count=20853 275464 308744 378191 146439 295 276264 19586 68185 262687 9356 8899 838549 19545 1774 8437 484 2107 11695 9635 382 7691 2643 398043 20553 34007 29571 18223 161015 4141 19209 6832 511764 20286 1516 23493 813767 21322 12648 5390 1822 6337 21136 23 21476 36209 6934 3737 40681 162511 3263 3422 43 13789 20652 11866 329467 9526 89530 6991 1630 53915 10603
internal_value=-0.000110379 -0.00186176 -0.0140219 -0.00992389 0.00203536 0.00579913 -0.00624842 -0.00453443 -0.00143368 -0.00785085 -0.000762006 -0.0079365 0.000753932 -0.0771796 0.017283 -0.00599366 0.0280144 -0.00834103 -0.00651113 -0.00364296 0.0226858 0.0679396 0.00977722 -0.00795443 0.0116688 0.0248862 0.0510779 0.00245542 -0.00034095 -0.00992284 -0.00606229 -0.0178867 0.00817169 -0.00324229 -0.00762351 0.00109146 -0.00250451 0.0190735 0.0299948 0.00410224 0.0712024 0.103956 0.00879523 0.139109 -0.000329807 -0.00130551 0.0247861 0.00252313 0.0148546 -0.0192815 -0.00828952 -0.003877 0.000312439 0.0470218 -0.0329048 -0.00260552 -0.00700562 -1.08148e-05 0.012184 0.00814467 -0.00372382 0.0251423
internal_weight=56470.5 31092.4 2578.75 2404.46 25378 12172 3021.49 2968.81 13206.1 4966.65 28513.7 4973.86 23539.8 135.749 1462.41 4838.11 312.383 4525.72 4368.04 3982.41 1322.4 157.904 9150.49 882.073 8268.42 1729.99 353.819 103.575 22077.4 2871.18 2700.36 1819.69 6538.43 1700.62 1606.41 19206.2 3766.83 1254.33 816.674 299.016 250.245 127.463 34.3842 93.0791 2127.02 437.661 298.49 2825.05 584.778 1029.59 2756.79 2276.84 1989.68 209.598 287.16 3936.55 3027.17 2416.37 4837.81 3688.15 1386.92 1149.67
internal_count=5635248 4030429 1474369 1096178 1604819 1249920 413807 137543 354899 92212 2556060 1604536 951524 840323 51821 764213 5234 758979 450235 440600 42922 3127 836113 422333 413780 258076 228505 161310 899703 81795 62586 787228 155704 48558 47042 817908 71359 35231 19860 7212 67195 60858 21159 39699 55754 15371 24290 50037 308950 23549 117957 114535 34484 20695 80051 440218 428523 418997 107146 89552 55545 17594
is_linear=0
shrinkage=0.1


Tree=90
num_leaves=63
num_cat=0
split_feature=3 24 27 29 30 24 18 12 25 20 21 27 25 20 2 17 18 25 25 19 18 21 21 19 25 20 20 21 19 27 18 19 20 2 18 20 25 20 18 8 19 25 27 24 3 18 18 9 30 29 29 21 30 21 20 18 21 25 24 20 18 20
split_gain=20.6517 20.197 18.6205 17.5779 229.217 77.967 68.2661 52.4899 40.8411 43.5007 35.7513 29.0317 28.8704 26.4002 26.1816 24.8503 23.4097 22.1794 33.7492 28.9148 27.41 26.7967 21.6568 43.4567 61.9462 60.0367 53.1992 43.2082 41.551 55.4038 40.7732 40.2001 58.5249 49.4177 48.636 35.2302 34.8232 32.3086 54.8577 47.5048 44.8311 41.3151 44.9684 46.8789 43.8563 49.9813 48.5676 46.0527 45.7124 113.031 78.1495 95.4694 34.3524 120.261 91.5793 82.6533 103.228 51.8625 57.5581 59.1536 80.6048 35.0737
threshold=111.50000000000001 4.5000000000000009 6.5000000000000009 1.5000000000000002 1.0000000180025095e-35 8.5000000000000018 98.425098419189467 62.622549057006843 4.5000000000000009 90.636241912841811 0.1132478639483452 2.5000000000000004 5.5000000000000009 75.060974121093764 0.76095134019851696 7.5000000000000009 35.14332580566407 6.5000000000000009 10.500000000000002 96.437637329101577 88.473194122314467 0.76696833968162548 0.69397994875907909 95.093433380126967 3.5000000000000004 83.087757110595717 96.313285827636733 0.44722221791744238 93.295883178710952 1.0000000180025095e-35 95.862876892089858 98.369518280029311 98.421009063720717 0.47737127542495733 94.146202087402358 97.156337738037124 13.500000000000002 82.388591766357436 88.143623352050795 9.5000000000000018 63.185165405273445 12.500000000000002 1.0000000180025095e-35 5.5000000000000009 8.5000000000000018 54.912120819091804 81.422252655029311 54.653680801391609 1.0000000180025095e-35 1.0000000180025095e-35 1.0000000180025095e-35 0.43167701363563543 -1.0000000180025095e-35 0.32738095521926885 47.440153121948249 1.0000000180025095e-35 0.16397849470376971 6.5000000000000009 6.5000000000000009 73.090183258056655 67.397308349609389 69.586528778076186
decision_type=2 2 2 2 2 2 2 2 2 2 2 2 2 2 2 2 2 2 2 2 2 2 2 2 2 2 2 2 2 2 2 2 2 2 2 2 2 2 2 2 2 2 2 2 2 2 2 2 2 2 2 2 2 2 2 2 2 2 2 2 2 2
left_child=1 -1 3 22 6 12 7 -5 9 16 13 17 -6 -10 -13 -14 -9 19 -19 20 -12 -20 23 26 25 -25 37 30 29 -24 -26 32 33 -30 35 36 -35 38 39 41 -39 42 52 -44 45 48 47 -47 50 -50 -45 -52 53 55 -54 -3 -57 -56 59 60 -59 -62
right_child=-2 2 -4 4 5 -7 -8 8 10 -11 11 14 15 -15 -16 -17 -18 18 21 -21 -22 -23 28 24 27 -27 -28 -29 31 -31 -32 -33 -34 34 -36 -37 -38 40 -40 -41 -42 -43 43 44 -46 46 -48 -49 49 -51 51 -53 54 -55 57 56 -58 58 -60 -61 61 -63
leaf_value=-0.011997844417212977 -0.026096910517432393 0.0039032018906069682 -0.081747709727383044 -0.058873879775181173 -0.064825647051588595 -0.090908965349101381 0.12309291376646532 -0.034908289975263532 -0.098105749647467322 0.31620593022751797 -0.019626690685150518 -0.11488975232282671 0.068060206419160316 2.5488616836386577 -0.02006063475093366 0.12964386099757289 0.069873653688102222 0.0015162234050998117 -0.051424987636524394 0.11657450966817727 -0.070814123366917364 0.00080307413119563116 0.052830198649672699 0.015444682579351696 0.034466456445040566 -0.071278959432875474 0.027629640639841302 0.010837306974739516 -0.036995600681891887 -7.5979720492342016e-05 0.13885532599734726 0.0012437800052061264 0.015898107636950563 -0.0080393216799317709 -0.020444598874056568 0.032113212230324477 0.021668054862488229 0.26461968234991867 0.10544436869255225 -0.010891842817046644 -0.0054878832154735564 -0.071564869526936303 -0.0097899766290646499 -0.031081915236023189 -0.025179792693807837 0.035875412961988984 0.065498753010914373 -0.0071997485962341989 0.046389845389752125 -0.054691246993854081 0.096763950911953792 -0.0015122826173582815 -0.089979168327901649 0.052929196259942572 -0.011002837408209253 -0.11086049010614007 0.0077369144448029177 0.042308474863489924 -0.004109845419457676 0.014196768025134227 0.30108542861600635 0.13142776813581511
leaf_weight=1361.0404989639283 304.05713300177013 8200.2350102858563 27.623255265141779 283.7709428224407 13.62276113116968 29.571448691778642 34.684476176684257 32.93509353385889 54.339818366013787 5.7548110453208201 419.8562466753865 52.955403954547364 260.0614876492582 0.037706102593800916 64.670191659824923 87.593766970931028 60.467578241194133 1332.8172266667534 253.37919117003185 13.34287846740335 139.32741480236291 160.44029511476401 318.01323880571726 146.551640036967 324.80566119620562 175.32197499870381 718.72808269137386 4586.4143388469784 674.28048120451058 524.22015674583963 42.288321938060108 10506.291678772875 894.84771505795288 3406.004101216291 2224.9047692084787 280.44116363616922 446.28685188198506 6.1495496796014768 51.488727559571998 2443.8769181665539 7918.5409942256265 71.843820179390605 637.8950005069637 85.01706340189412 196.88606763447024 342.09450832397488 146.45644283703587 904.28849211364286 396.33813966104572 153.45995735025645 395.94657095591538 131.7356205168835 128.24789080314622 491.15942174665906 2387.4461201990052 143.21229970211061 150.53682483935881 84.238027062343463 444.28744991906206 178.75525663176813 20.977991035037121 29.072038583159156
leaf_count=140525 128883 363911 984 666375 1713 11327 482 19040 122638 72 10344 694 14011 3 693 5409 4511 22566 8746 128 2047 1814 28041 7210 15882 12068 30915 133604 55049 25091 452 565659 23842 82220 53743 6142 9484 416 1278 312212 686813 63303 109383 18756 79240 77679 4746 19709 61858 13471 32789 3058 253208 110235 711261 74719 155644 37779 203990 24532 690 2161
internal_value=-0.000105704 3.51719e-05 0.000334375 0.000375819 -0.00669945 0.0652026 -0.0163609 -0.0180438 -0.0135708 0.0493668 -0.016076 -0.0142864 0.0779807 -0.0962703 -0.062753 0.0835766 0.0329261 -0.0118282 -0.0062293 -0.0289092 -0.0323807 -0.0311759 0.000829932 0.00241954 0.0107173 -0.031793 0.000789771 0.0134796 -0.00182015 0.0199005 0.0464918 -0.0028126 -0.008189 -0.0112542 -0.00852411 -0.00210658 -0.00459773 5.18052e-05 0.00237067 0.00207849 -0.00527828 0.00409488 0.00444225 0.0146358 0.0202971 0.023801 0.0110241 0.00462308 0.0391096 0.018176 0.057894 0.0722293 0.00162312 0.00481817 -0.00714798 0.00203618 -0.0500832 -0.00377002 0.0190311 0.0518739 0.102027 0.202538
internal_weight=56401.9 56097.9 54736.8 54709.2 3299.63 390.849 2908.78 2874.09 2590.32 99.1575 2491.17 2436.79 361.278 54.3775 117.626 347.655 93.4027 2319.16 1746.64 572.527 559.184 413.819 51409.6 32134.3 5275.38 321.874 26858.9 4953.51 19275.3 842.233 367.094 18433.1 7926.77 7031.92 6357.64 4132.73 3852.29 26140.2 18215.5 18164 7924.69 15720.1 15648.3 3390.12 2752.22 2555.34 1392.84 1246.38 1162.5 549.798 612.699 527.682 12258.2 8985.14 3273.02 8493.98 293.749 3144.78 757.331 313.043 134.288 50.05
internal_count=5635248 5506365 5365840 5364856 892613 32460 860153 859671 193296 23623 169673 47032 21133 122641 1387 19420 23551 45645 33126 12519 12391 10560 4472243 3622972 169216 19278 3453756 149938 849271 53132 16334 796139 230480 206638 151589 97846 91704 3422841 2735612 2734334 687229 2422122 2358819 420689 311306 232066 102134 97388 129932 75329 54603 35847 1938130 704509 1233621 594274 230363 980413 269152 65162 40630 2851
is_linear=0
shrinkage=0.1


Tree=91
num_leaves=63
num_cat=0
split_feature=8 12 19 12 12 12 12 12 12 17 0 7 17 11 12 12 24 10 30 24 20 7 18 11 18 21 10 12 11 20 7 24 30 8 4 19 25 12 25 19 17 18 29 27 29 0 27 11 17 17 11 21 10 20 17 18 8 1 20 12 29 24
split_gain=20.2164 17.9904 45.919 44.4521 30.4464 63.1479 32.6174 63.6735 28.9369 28.728 31.6743 28.6721 28.2057 62.6862 60.0346 50.6092 40.8464 38.3685 34.241 47.223 31.7657 34.9594 30.7312 30.4272 28.8608 24.8136 24.6413 35.9405 61.2816 53.3837 46.4347 39.2695 55.7898 47.0293 37.8117 37.0616 32.7825 34.126 67.9023 30.9102 29.8107 29.6777 55.8934 37.0416 30.5929 38.8124 29.6581 28.2354 27.1863 58.3986 39.1701 26.3027 25.6681 25.0233 24.5539 24.4583 39.2901 49.7325 34.897 57.6392 39.4529 30.6469
threshold=81.000000000000014 35.948717117309577 65.133895874023452 33.589742660522468 37.590579986572273 39.173061370849616 37.394067764282234 36.51515197753907 38.165266036987312 8.5000000000000018 0.91480755805969249 1.0000000180025095e-35 6.5000000000000009 71.148777008056655 80.982517242431655 87.026645660400405 7.5000000000000009 83.75235748291017 -1.0000000180025095e-35 6.5000000000000009 61.580039978027351 1.0000000180025095e-35 28.660714149475101 89.512962341308608 55.705244064331062 0.47913043200969702 81.375640869140639 91.945945739746108 59.491636276245124 99.333301544189467 1.0000000180025095e-35 6.5000000000000009 1.0000000180025095e-35 2.5000000000000004 1.0000000180025095e-35 60.479471206665046 13.500000000000002 79.118217468261733 6.5000000000000009 97.68778228759767 10.500000000000002 1.0000000180025095e-35 1.0000000180025095e-35 1.0000000180025095e-35 1.5000000000000002 0.72551110386848461 1.5000000000000002 99.275363922119155 19.500000000000004 14.500000000000002 23.166368484497074 0.29520697891712194 61.143791198730476 97.905025482177749 10.500000000000002 92.601715087890639 2.5000000000000004 2.5000000000000004 94.76178359985353 71.535182952880874 1.5000000000000002 7.5000000000000009
decision_type=2 2 2 2 2 2 2 2 2 2 2 2 2 2 2 2 2 2 2 2 2 2 2 2 2 2 2 2 2 2 2 2 2 2 2 2 2 2 2 2 2 2 2 2 2 2 2 2 2 2 2 2 2 2 2 2 2 2 2 2 2 2
left_child=1 2 25 11 6 8 7 -3 -6 12 26 -4 55 14 16 -15 -14 18 -17 20 -20 23 -18 -22 -24 -1 27 28 30 31 35 33 41 40 52 -11 37 48 -39 53 -29 -33 -43 -44 45 -45 -34 -36 49 -37 -50 -42 -30 -35 -28 58 -57 -58 -7 -60 -61 -62
right_child=-2 4 3 -5 5 9 -8 -9 -10 10 -12 -13 13 15 -16 17 22 -19 19 -21 21 -23 24 -25 -26 -27 54 29 34 -31 -32 32 46 39 47 36 -38 38 -40 -41 51 42 43 44 -46 -47 -48 -49 50 -51 -52 -53 -54 -55 -56 56 57 -59 59 60 61 -63
leaf_value=-0.10185873323993802 -0.092578116782991104 0.020875035533491595 -1.6626372195967341e-05 -0.046131715304606274 -0.013369381300036729 0.00082639541378658709 0.047928348639596274 -0.091593159335002894 -0.08642915617144574 -0.080674044910133164 -0.054630163837919347 -0.10056289801608853 -0.0052558643627150115 -0.045168222511493265 0.071801478750997544 -0.0083572514374362274 -0.11761292605408791 -0.020606733823431065 -0.064901724642973863 0.004182434352552401 -0.017855155165099723 0.24084006912377989 0.078872952590528733 0.055893533607539569 0.025528876068466402 2.3810812860748127 -0.029862391093782525 0.013398342973448205 -0.097721455998004039 0.056546953581649274 -0.099138503695121588 0.028135001878155763 -0.017492987115250758 -0.0095732338060756286 -0.011338079814787537 -0.0085203025487003738 -0.041180296352858685 0.095367033117270461 -0.0077104671859309793 0.050499210983711865 0.018959135465862881 -0.087678261170438837 -0.021913568938552171 0.051958096001230962 -0.042499029148695314 -0.0034523019541287964 -0.076650829163949427 -0.078739655955351442 0.0094350306285599581 0.027351018824604886 -0.059950497582620679 0.078554040377380951 -0.029716033722527603 0.1024971122315044 0.026361817770248399 -0.011580933136316935 0.010250277334635726 -0.0079679574356288918 -0.017801847038965368 0.024983300511590978 -0.049179742873515016 0.021872348949478995
leaf_weight=53.83980064595562 23.62958923279075 306.55304795740449 1932.7863088855229 251.69805269074459 98.594679346146222 28297.456759227342 275.7378401294518 60.228304115124047 120.43007587559441 57.831838744832567 127.61255080789124 28.783780171837861 503.23032716224043 228.37463944880074 235.75186559155554 630.18102676088893 13.569061947477165 496.53059872171434 25.538033231678128 743.05376741957298 64.866202366771176 9.3677181044768059 121.24561842293406 406.72716229915386 620.35320036707344 0.040279388587804443 596.48613871960697 364.11950631709624 131.83105595983579 185.58411468245322 49.486467970147714 293.13352444779593 180.39106514494051 892.31501498116268 461.60899799090112 1348.6618312473765 179.1729951751513 113.73061009900994 145.88458091104985 103.87714125955245 120.75434975439566 80.852030895053758 483.69430136367009 255.32638609505375 78.70196147444949 250.36920478288084 159.83414235175587 71.822007151786238 152.75131714795862 684.03258065736009 174.08544564398107 191.52241425088141 95.859018983064743 20.378399683861062 89.30234838839533 3959.4183631387277 3034.9080291211503 2959.6322659629368 496.12633835805536 1878.8937242196116 136.64539263315964 109.23509937513154
leaf_count=285117 8694 148064 346757 194850 86844 1904182 115942 69193 156951 86910 7444 306373 161359 15869 6046 32443 3657 29726 22703 24956 1650 579 27601 14180 52345 48 37034 17104 40767 15224 343865 17402 5830 76315 10299 214266 17549 2847 2226 4629 19451 3635 33358 3383 2270 3341 4700 2093 25579 95323 47518 5419 16254 307 5931 126632 149832 73718 31316 67191 1322 835
internal_value=-0.000101306 -6.24517e-05 -0.00878907 -0.00656856 0.000304107 4.34142e-05 0.0219425 0.0024069 -0.0535411 0.000264387 -0.00520179 -0.00149203 0.00125392 0.00916231 0.0254904 -0.00020428 0.0168143 0.00411705 0.0106478 0.0202326 0.0437787 0.0495494 0.0315215 0.0457496 0.0342502 -0.100003 -0.00441465 -0.00271821 -0.009716 0.00429086 -0.00309947 0.00150032 -0.00885986 0.0124072 -0.0349751 -0.00143547 0.000202122 0.00303305 0.0374451 -0.00118821 0.03284 -0.000266252 -0.00751235 -0.00144398 0.0154983 0.0245245 -0.0452847 -0.0204131 -0.000753249 0.00355094 -0.0275223 0.0555093 -0.0690907 -0.00707095 -0.022541 0.00046084 -0.00385046 0.00125555 0.00184883 0.012888 0.0200539 -0.0176141
internal_weight=56264.4 56240.8 2267.15 2213.27 53973.7 53331.1 642.519 366.781 219.025 53112.1 8141.01 1961.57 44971.1 4098.79 1494.15 2604.64 1258.4 2376.26 1879.73 1249.55 506.499 480.961 755.168 471.593 741.599 53.8801 8013.4 7327.61 3666.76 3660.85 2905.64 3475.27 1782.3 1692.97 761.121 2856.15 2798.32 2619.15 259.615 1016.57 676.396 1442.08 1148.94 1068.09 584.398 505.696 340.225 533.431 2359.53 2032.69 326.837 312.277 227.69 912.693 685.788 40872.3 9953.96 5994.54 30918.4 2620.9 2124.77 245.88
internal_count=5635248 5626554 1133145 847980 4493409 4160210 333199 217257 243795 3916415 1168273 653130 2748142 393114 251008 142106 244962 126237 96511 64068 39112 16409 83603 15830 79946 285165 1160829 1117864 905496 212368 836083 197144 73919 123225 69413 492218 405308 387759 5073 81251 41974 63389 45987 42352 8994 6724 10530 12392 382686 309589 73097 24870 57021 76622 42965 2355028 350182 223550 2004846 100664 69348 2157
is_linear=0
shrinkage=0.1


Tree=92
num_leaves=63
num_cat=0
split_feature=13 9 17 3 27 1 25 0 27 13 12 19 20 8 21 0 4 25 9 12 20 2 20 13 13 19 2 21 9 17 2 3 8 21 4 1 8 9 27 0 12 18 18 8 1 13 13 0 21 1 2 29 0 8 21 29 9 9 19 8 29 13
split_gain=18.3973 40.8715 45.8239 17.8992 18.6939 17.8208 43.0297 36.4777 38.9524 41.8555 29.3681 56.7485 31.1863 29.437 45.5853 28.46 34.5608 30.1689 23.6689 37.1861 34.968 31.1581 24.4044 23.6978 23.3198 52.4668 104.923 21.7175 20.6994 20.3611 20.1165 20.0375 19.8311 42.2986 19.8202 36.6979 24.9836 19.4011 23.1177 20.5471 37.0397 40.6732 62.8204 28.4452 47.4627 27.985 24.3707 26.6915 29.365 19.0229 190.539 77.9182 33.3318 32.1057 27.6612 25.0341 43.5439 23.2608 25.8387 22.9972 26.7629 28.7539
threshold=11.269841194152834 11.215932846069338 9.5000000000000018 1.5000000000000002 1.5000000000000002 11.500000000000002 8.5000000000000018 0.49591204524040228 1.5000000000000002 51.520736694335945 64.747306823730483 79.324596405029311 98.51843643188478 10.500000000000002 0.4220647811889649 0.28524547815322882 1.0000000180025095e-35 4.5000000000000009 18.350168228149418 48.074073791503913 49.166435241699226 0.69381573796272289 97.905025482177749 47.140522003173835 49.018096923828132 91.53735733032228 0.27251021564006811 0.24568965286016467 77.459678649902358 19.500000000000004 0.4462426900863648 7.5000000000000009 27.500000000000004 0.43874999880790716 1.0000000180025095e-35 19.500000000000004 6.5000000000000009 37.786842346191413 2.5000000000000004 0.184799998998642 55.646631240844734 53.365695953369148 56.172079086303718 8.5000000000000018 20.500000000000004 43.534002304077156 38.165266036987312 0.1428138613700867 0.21132376790046695 1.0000000180025095e-35 0.99996608495712291 1.0000000180025095e-35 0.89735862612724315 2.5000000000000004 0.61721614003181469 1.0000000180025095e-35 47.124916076660163 31.851119995117191 90.86270904541017 1.5000000000000002 1.0000000180025095e-35 98.213714599609389
decision_type=2 2 2 2 2 2 2 2 2 2 2 2 2 2 2 2 2 2 2 2 2 2 2 2 2 2 2 2 2 2 2 2 2 2 2 2 2 2 2 2 2 2 2 2 2 2 2 2 2 2 2 2 2 2 2 2 2 2 2 2 2 2
left_child=1 2 -1 4 -2 49 7 8 10 34 11 -7 15 -12 -15 16 18 -18 22 20 -20 23 -13 29 -22 26 -26 -8 -9 32 -16 -29 -21 -34 35 36 -10 -37 39 40 41 43 -43 46 -45 -44 47 48 -39 54 52 57 -51 -53 -5 56 -54 -52 -59 -56 -61 -62
right_child=3 -3 -4 5 -6 6 27 28 9 -11 13 12 -14 14 30 -17 17 -19 19 21 24 -23 -24 -25 25 -27 -28 31 -30 -31 -32 -33 33 -35 -36 37 -38 38 -40 -41 -42 42 45 44 -46 -47 -48 -49 -50 50 51 53 55 -55 59 -57 -58 58 -60 60 61 -63
leaf_value=0.030491839199888071 0.014658992124352269 -0.12181148096065414 -0.062040421343851626 -0.020920025458494515 0.093259807604060871 -0.050954685488228083 -0.094054378818272916 -0.063782977694956042 -0.0073653085461979663 0.00015012643953242339 0.0029367502727181086 0.15193551596348578 -0.080023303892443498 -0.039109621612522627 -0.0047548586146771172 -0.020268368530039643 -0.061145499172713481 0.022432442108505157 3.5739833893634514 0.12289680921768437 -0.01289796739445415 1.2776293193244528 1.5959501854422049 0.020944635257037946 -0.10006226526472482 -0.10704482764110322 9.1054227409169837 -0.016003149419353036 -0.0080217976523794844 -0.11049462213187267 0.052919224100255971 -0.068842149000075445 3.4199880629773127 -0.10017388006634156 0.027622821314489038 0.074724092752268698 0.20717136601121694 0.49468198460590057 -0.00054366302019390829 0.1419397116624968 0.21806071187353401 2.2356510465536958 -0.1032200295511005 3.1796214732185888 -0.10074118820908413 1.2479420154757552 0.096108128538172466 -0.10127820196977658 2.3900865645462441 0.0010248308380229221 -0.14412212134346375 0.046258827710383199 -0.033617611488433917 0.13345933864908538 -0.01177276525262602 -0.037912329904099484 0.045706361000225557 -0.011085624423527066 0.072251216196497714 0.022676244058209956 -0.020067004027217977 0.0071468085377279153
leaf_weight=122.20963024229604 140.37932630650903 38.502705090881136 95.216342401079601 923.61490253295779 38.572549298522063 354.50241874059975 50.362355938243127 147.44051284375018 41.362008787447849 280.10122539949953 4562.9287481941501 16.109241780413871 48.526215755024168 438.64901899011966 213.53176549906493 304.02578240243201 74.811967353452928 102.17611340135045 0.027217275772271843 62.286159782208415 93.52567770096357 0.21490711135265783 0.11789422482979617 50.674247215189098 0.028787814764654196 0.09816812390636187 0.02172597726166714 413.96516204404907 121.37574730320193 3.8801568864510037 84.373532072728267 86.820652979684382 0.056802903643982883 0.085538251623802353 107.3867501540517 28.807287388968689 6.2481138161674599 0.1667997975819201 5.7101229806721667 16.469451538996509 11.203934326651504 0.34166886255115958 0.31996796771272784 0.091418620577314758 0.085226861905539408 0.29426236265862826 1.692143676926207 0.17689184463233687 0.16028345802624244 42296.179146742827 8.3267896111356077 57.128678009321447 157.31330340172281 161.81977899699268 1396.6421691647629 388.44047993709682 123.55251350378967 80.137972157048353 69.444886496741674 598.98227797338768 578.28586683712638 1181.5083412751555
leaf_count=24039 2669 24656 36436 16006 845 1166771 181023 24262 15871 5426 483817 15084 10744 135304 2968 288221 2916 5681 67 26985 213946 41 66 3709 69 33 45 217500 4482 3131 1238 104387 60 127 2672 12250 2147 116 325 1033 186 36 83 15 100 22 402 120 9 2300539 386 910 2660 2663 48348 4156 28233 3618 49646 135641 7433 12874
internal_value=-9.69423e-05 -0.0268471 -0.0100304 2.54596e-05 0.0316012 -7.58905e-05 -0.00453167 -0.00246472 -0.00105901 0.025806 -0.00315693 -0.0179383 -0.00246991 -5.76559e-05 -0.0186079 0.00284454 0.020233 -0.0128955 0.0460483 0.0370939 -0.0098673 0.0746401 0.162427 0.0724301 -0.0109086 1.24047 3.85922 -0.0314588 -0.0386057 0.111776 0.0115797 -0.0251638 0.125591 1.30459 0.0583942 0.0876035 0.0207894 0.136154 0.184357 0.218413 0.305079 0.597975 1.14871 0.376105 1.59693 0.544088 0.277907 0.888316 1.4235 0.000641471 0.00129542 0.072091 0.000674457 0.110707 -0.00541611 -0.0214671 0.0012769 0.0185487 0.0276041 -0.00160305 0.00441848 -0.00179592
internal_weight=56187.5 255.929 217.426 55931.6 178.952 55752.6 7731.23 7180.09 6911.27 500.618 6410.65 1111.17 756.667 5299.48 736.554 708.14 404.115 176.988 227.127 210.899 93.7016 117.198 16.2271 116.983 93.6744 0.148682 0.0505138 551.148 268.816 66.3087 297.905 500.786 62.4285 0.142341 220.516 113.13 47.6101 65.5195 36.7122 31.002 14.5326 3.32866 0.955899 2.37276 0.176645 0.61423 2.19612 0.503975 0.327083 48021.4 43342.3 376.858 42965.5 218.948 4679.03 669.306 280.866 157.91 149.583 3755.42 2358.78 1759.79
internal_count=5635248 85131 60475 5550117 3514 5546603 2933490 2430580 2401836 40813 2361023 1737696 570925 623327 139510 560181 271960 8597 263363 248213 214160 34053 15150 34012 214093 147 114 502910 28744 30303 4206 321887 27172 187 35387 32715 18018 14697 2447 2122 1089 903 141 762 115 105 647 245 125 2613113 2392811 57223 2335588 3573 220302 35049 30893 53650 53264 204296 155948 20307
is_linear=0
shrinkage=0.1


Tree=93
num_leaves=63
num_cat=0
split_feature=3 13 18 1 18 0 1 8 13 9 12 13 10 12 21 0 12 9 12 12 14 10 13 9 0 13 13 9 19 0 2 19 21 0 12 14 12 11 13 11 9 13 11 12 13 3 14 14 9 10 11 12 11 19 10 30 9 11 12 11 13 30
split_gain=17.3028 53.1447 25.9806 18.6013 20.1595 20.9706 18.4941 16.4527 15.2039 35.5897 24.9026 23.5003 17.9355 36.0701 30.3093 29.3867 28.6578 27.3204 73.9229 71.0375 45.0729 41.5681 42.3461 99.6779 38.4687 36.9867 42.8012 36.6233 34.1269 49.0161 32.884 35.2319 27.4703 26.4518 25.4233 66.142 85.7995 56.3791 47.2847 47.0224 62.6019 44.5285 44.0664 48.7863 43.7651 37.7417 37.5574 73.7954 84.2204 131.306 72.0403 65.3751 61.5543 49.8289 51.2926 74.2874 53.9252 54.8115 64.3567 47.1323 46.3315 43.8722
threshold=53.500000000000007 97.220077514648452 87.888435363769545 58.500000000000007 74.203693389892592 0.21351031959056857 87.500000000000014 15.500000000000002 10.3913631439209 10.084745883941652 22.539682388305668 1.0000000180025095e-35 18.350168228149418 35.948717117309577 0.22902098298072818 0.31791320443153387 35.388994216918952 32.049383163452156 51.925926208496101 48.074073791503913 0.31666667759418493 32.305501937866218 27.072835922241214 25.176055908203129 0.76043426990509044 47.690120697021491 34.216028213500984 44.590642929077156 76.885185241699233 0.4666274785995484 0.7506278157234193 74.203693389892592 0.47913043200969702 0.28393946588039404 64.747306823730483 0.18333333730697635 90.399383544921889 66.323020935058608 47.690120697021491 75.181159973144545 73.942821502685561 77.849929809570327 48.934240341186531 50.373134613037116 92.422504425048842 6.5000000000000009 0.44949495792388922 0.34848485887050634 90.595520019531264 73.20508193969728 73.401363372802749 83.795948028564467 89.512962341308608 99.760765075683608 87.007671356201186 1.0000000180025095e-35 73.20508193969728 92.40384674072267 86.425064086914077 88.303691864013686 84.680576324462905 1.0000000180025095e-35
decision_type=2 2 2 2 2 2 2 2 2 2 2 2 2 2 2 2 2 2 2 2 2 2 2 2 2 2 2 2 2 2 2 2 2 2 2 2 2 2 2 2 2 2 2 2 2 2 2 2 2 2 2 2 2 2 2 2 2 2 2 2 2 2
left_child=3 2 -2 8 -5 6 -6 -3 9 10 11 -1 14 16 -10 -16 -14 18 20 25 21 22 23 24 -15 26 -19 28 -21 -30 31 -24 -20 -27 37 36 39 38 -29 41 -41 -36 -40 -44 45 -42 47 48 49 50 -37 -50 60 -48 56 -56 -55 58 -58 -52 -49 -59
right_child=1 7 -4 4 5 -7 -8 -9 12 -11 -12 -13 13 17 15 -17 -18 19 32 27 -22 -23 30 -25 -26 33 -28 34 29 -31 -32 -33 -34 -35 35 46 -38 -39 42 40 44 -43 43 -45 -46 -47 53 52 51 -51 59 -53 -54 54 55 -57 57 61 -60 -61 -62 -63
leaf_value=-0.040953515430886107 -0.058255266978899815 0.0022872866046405697 0.019753729364913371 -0.050978869363370496 -0.01326713839612631 -0.026322370587107832 0.1743217957061573 -0.038547528824697058 -0.10807633084084492 -0.13362695465874905 -0.07865711356294855 0.052682242931213166 -0.012930720239628471 0.042964847446119975 0.061543453134090466 0.0095479749066901144 -0.089186497576438498 -0.049728916471749381 -0.10437348415436808 -0.030070694025297447 0.16359088232099228 -0.021588431125079636 -0.056259189787969469 -0.059522957650722463 -0.02114019473798924 -0.30181919928706324 -0.0089695191472652144 0.0020620866026262491 0.042615435192961265 0.0063001758502626007 0.016248714112500482 0.067354909475623503 -0.021769767656816621 -0.05459282494868492 0.012414159175645112 -0.0023022771386497828 0.072906043232557269 0.034276824997490456 -0.065146979104122191 0.11458681818008587 -0.077657507691524505 0.090210459119001496 0.12735135043337634 -0.02285749432232094 0.090133474857256465 0.038231176340542794 5.6994311934009422e-05 -0.064145783724477295 -0.18495764275408455 0.024074899558716806 -0.04764733450574804 -0.021983791979198 0.033249867430037446 0.030923497651369949 0.0065917451423119292 0.061694193557473645 0.0065386588957730852 -0.011557328704031058 -0.077748678870035587 0.040329697932114432 0.043192091422166422 0.048596061064128664
leaf_weight=45.375272721597867 277.88704994499494 1168.7950047093618 50.44326212667147 140.44594903795223 8.9511970584753744 38.096424854698853 12.729512494312074 107.76544360203843 19.95681036885253 27.464824268816301 38.877176849604439 65.486758405160799 1352.2096577654575 410.8509465624411 125.35626083354146 817.93625786735174 51.147111979729743 374.05265138025788 50.499306593923393 155.36273238428839 21.549413709864893 228.07089201178132 24.518031933701423 170.39348854633317 121.23227195395884 8.0205859322268243 827.76074195654655 751.27135572682164 570.87458769895238 1065.1408963688991 295.24421095165599 386.87836249016618 198.53736416416723 9.3997596959379717 2066.3464894700519 3006.8489915301907 240.68452601085301 243.80155145503159 275.67542474962465 27.017419045725546 181.44966584793292 76.289590697560925 22.283633905666647 728.83827804702742 21.438340810302179 33.25211579259485 32282.719491679461 453.79442620661212 25.026734787446912 1801.1158574354486 597.12452188165116 1491.3077131144018 94.88389010199171 449.42642326722853 518.71246091532521 463.10035083652474 160.11735313897952 357.36846434499603 208.61111928219907 67.810104608666734 44.123422641103389 183.50565380617627
leaf_count=11790 283030 93501 7652 218380 3002 33171 5359 13687 42821 17806 14095 10444 747317 150809 91784 71339 60882 358761 28658 143350 871 181237 132463 151520 1632 2483 532074 69328 98197 29490 9825 158007 12374 1950 43395 122019 24017 6580 24907 705 3047 7819 967 36170 3048 750 1080465 52641 242 38859 32637 16693 8802 23325 43315 222137 4474 6873 4633 4800 986 31853
internal_value=-0.000154847 -0.0103887 -0.0462703 0.000146313 -0.0302777 0.0183596 0.096873 -0.00115993 0.000258422 -0.0289852 -0.00979205 0.0143576 0.000354105 0.000109226 0.0138776 0.0164578 -0.01571 0.00053786 0.0122823 8.87094e-05 0.0199095 0.0180183 0.0244288 0.00704216 0.0283589 -0.0237524 -0.0216555 0.000686012 0.0147187 0.0189721 0.041713 0.0599879 -0.03852 -0.16842 0.000149725 0.000644191 0.0159797 -0.0108192 -0.0170026 0.0102846 -0.0296078 0.0151841 -0.0309516 -0.0184012 -0.0461055 -0.0597092 -0.000317414 -0.00669205 -0.00381888 0.00195919 -0.0088892 -0.0246736 -0.0405673 0.00107854 0.0151667 0.0325824 0.00258492 -0.0114169 -0.0411476 -0.0386754 -0.0546339 0.00885128
internal_weight=56141.3 1604.89 328.33 54536.4 200.223 59.7771 21.6807 1276.56 54336.1 177.204 149.739 110.862 54158.9 53195.7 963.249 943.293 1403.36 51792.3 1907.77 49884.6 1658.74 1637.19 1409.12 702.477 532.083 1219.23 1201.81 48665.3 1791.38 1636.02 706.641 411.396 249.037 17.4203 46873.9 44852.1 2646.48 2021.87 1778.07 2405.79 263.158 2142.64 1026.8 751.122 236.14 214.702 42205.6 7582.04 6989.23 5472.9 3671.78 1516.33 592.802 34623.6 2340.84 981.813 1359.03 909.603 368.728 664.935 497.918 540.874
internal_count=5635248 397870 290682 5237378 259912 41532 8361 107188 4977466 54135 36329 22234 4923331 4717387 205944 163123 808199 3909188 827396 3081792 786364 785493 604256 303961 152441 895268 890835 2186524 271037 127687 300295 290470 41032 4433 1915487 1777535 82781 137952 131372 58764 7550 51214 62044 37137 6845 3797 1694754 277679 215250 198315 159456 16935 62429 1417075 336610 265452 71158 47833 9107 37437 53627 38726
is_linear=0
shrinkage=0.1


Tree=94
num_leaves=63
num_cat=0
split_feature=8 17 24 19 8 21 0 1 0 8 17 13 25 1 2 25 0 2 21 25 24 25 21 11 1 19 1 28 12 14 14 14 27 14 19 21 8 13 8 9 0 1 19 0 1 26 2 2 11 0 5 24 28 12 1 17 19 1 9 19 14 9
split_gain=16.8173 15.7137 31.2256 24.3266 22.6211 17.904 16.5184 19.8943 16.3731 15.8926 28.8875 22.9601 29.0623 26.1241 19.4558 47.0958 42.6053 65.5572 65.9398 52.6455 48.6271 42.4729 183.404 72.0905 54.3818 38.0795 41.3611 36.9367 45.5143 37.5516 41.4609 34.5091 32.6354 34.1619 42.9551 39.9366 36.2826 32.1455 30.1521 29.1676 28.2582 28.0276 27.3525 46.4551 56.1625 52.7628 67.379 52.4611 48.9233 41.1814 33.1398 35.5614 31.5635 29.6886 30.7014 27.675 29.3782 27.6396 27.2566 60.4298 32.9299 27.6419
threshold=81.000000000000014 18.500000000000004 7.5000000000000009 88.473194122314467 1.5000000000000002 0.98275861144065868 0.56907349824905407 7.5000000000000009 0.41374915838241583 1.0000000180025095e-35 5.5000000000000009 62.115564346313484 8.5000000000000018 1.0000000180025095e-35 0.77065888047218334 14.500000000000002 0.53297358751297008 0.52607575058937084 0.23205128312110904 10.500000000000002 9.5000000000000018 4.5000000000000009 0.13714733719825747 24.068965911865238 3.5000000000000004 99.760765075683608 2.5000000000000004 1.0000000180025095e-35 48.834688186645515 0.6904762089252473 0.44949495792388922 0.34848485887050634 1.5000000000000002 0.31666667759418493 96.315685272216811 0.58957219123840343 3.5000000000000004 49.018096923828132 11.500000000000002 68.801231384277358 0.40724894404411321 9.5000000000000018 76.016529083251967 0.77194768190383922 1.0000000180025095e-35 0.73214286565780651 0.9008869230747224 0.99996608495712291 36.882591247558601 0.89735862612724315 1.0000000180025095e-35 6.5000000000000009 1.0000000180025095e-35 48.074073791503913 1.5000000000000002 1.0000000180025095e-35 99.760765075683608 5.5000000000000009 52.223320007324226 83.654914855957045 0.44949495792388922 85.270011901855483
decision_type=2 2 2 2 2 2 2 2 2 2 2 2 2 2 2 2 2 2 2 2 2 2 2 2 2 2 2 2 2 2 2 2 2 2 2 2 2 2 2 2 2 2 2 2 2 2 2 2 2 2 2 2 2 2 2 2 2 2 2 2 2 2
left_child=1 9 3 -3 6 -4 7 -5 -6 10 11 -1 13 -13 15 16 17 19 40 20 21 32 -23 -24 -25 26 -20 58 37 30 31 -30 33 -11 35 36 -35 -29 -22 -32 -19 -18 -16 44 -44 46 -45 53 50 -48 -47 -52 57 -46 -55 -56 -57 -50 59 -26 -60 -62
right_child=-2 2 5 4 8 -7 -8 -9 -10 14 -12 12 -14 -15 42 -17 41 18 25 -21 38 22 23 24 27 -27 -28 28 29 -31 39 -33 -34 34 -36 -37 -38 -39 -40 -41 -42 -43 43 45 47 48 49 -49 52 -51 51 -53 -54 54 55 56 -58 -59 60 -61 61 -63
leaf_value=-0.030496323515165742 -0.087811195992481897 -0.042902845128813906 -0.057628577072821888 0.11474446574669117 0.031508217673210992 0.011635486026315082 0.0040819690331008063 0.0060627042233883151 -0.018242500271321464 -0.021948303833064259 0.0035104266459986821 -0.054762569743594475 0.018191067578001957 -0.0089350387081667641 -0.011013045400023841 -0.043934233508607756 -0.0048216311303934216 -0.027744521695026527 0.00316556607839893 -0.044762375860543199 0.011363328514195381 -0.092768889854707187 0.037184231541624174 -0.024684251581393261 -0.023164353405541769 -0.0059931080201757626 0.026722183178599396 -0.042743107836062742 -0.0048969207586651922 -0.015846711575259707 0.047408421476686669 -0.06218713679149257 0.041418924769252574 0.016537783342050725 0.073453260666853565 -0.062910291688616643 -0.0014560831498993617 -0.27450647772071307 -0.055690490426233565 0.0082561017195578595 0.0016479452723295674 -0.036231357989591616 -0.0058311546008109451 -0.022785005701352414 -0.0092232042225592094 -0.033449717101010731 0.0086086759367269023 0.083476677093130003 0.026230425047634943 -0.01924510653916478 -0.030764706755975466 0.025791171432249467 -0.086550924066595147 0.0060273887010429336 0.011857581901476543 0.038468277396369398 0.0094521471944256849 -0.052249985743427901 -0.014121609827749935 0.054307715627676813 -0.00058371995929829912 0.059767883458456898
leaf_weight=621.89453196764953 21.871272340635187 113.37417338006708 193.07844221817504 46.765360114324722 90.253368414279976 46.261102534590464 57.856381882833375 26.323360110760404 247.69986338307717 540.06071343423355 1596.0784931930466 147.16041828636662 335.89129135317489 803.93174891929812 1208.9360686526325 250.82293130612379 10576.122288011624 448.20328084970606 1003.0153562668638 272.50759163563635 3457.5881078437178 245.15157197909866 386.10071127026822 1436.0843459836033 144.36521199285926 620.74434793716864 2901.5935096051489 246.41791395825203 1543.2031633268562 1918.7015177611611 226.01232699090906 112.82834594417363 217.95609211308329 1667.3472630319411 88.722480596567038 89.581910648266785 3417.3202920535186 6.1335046586609669 68.387464787734643 1203.4076723643375 1210.5062378634848 291.93294790101754 1737.0268100654976 1766.3299842230081 531.08953115262375 323.25957577922964 2222.9172376400675 108.57126706813506 1427.6953209562489 697.30947645827837 164.30127868596173 343.86492208391428 26.401537530327914 2065.0080293668289 1538.9935551015587 1239.9003692246843 485.59304073860403 46.331747651252954 531.49427114462014 332.7597494384172 165.62329316625255 140.07586810304201
leaf_count=176075 8694 164751 55544 3700 21974 1863 2244 6998 15510 332830 240872 3722 6264 33868 28589 74343 236695 49080 18758 259284 453247 471978 332945 35819 86465 31847 194238 990543 192594 19354 4080 5107 9667 131468 4251 896 234817 1074 7760 16406 44645 25533 36971 29967 31282 6942 35374 4220 266545 18285 2636 5438 325 42314 28664 21996 14537 1704 11859 25664 4855 9278
internal_value=-0.000140003 -0.000105775 -0.0138335 -0.00133476 0.00871593 -0.0442408 0.0440018 0.075602 -0.00495614 9.85548e-05 -0.00641788 -0.0147193 -0.00709552 -0.0160258 0.00054038 -0.00075458 -0.000449582 0.00185078 0.0107618 -0.00113474 -0.000480979 -0.00301705 -0.00751088 -0.00502064 -0.00705574 0.0170134 0.020671 -0.00320307 -0.00695199 -0.0048616 0.00196954 -0.0088002 0.00343029 0.00200348 0.00446129 0.00327829 0.00444441 -0.0483718 0.0100628 0.0144467 -0.00629425 -0.00566535 0.00344675 0.00463395 0.00999432 -0.00125172 -0.00736772 0.0145995 0.0110402 0.00195758 -0.008418 0.00750542 0.0218225 0.0133235 0.0155703 0.0216069 0.0303025 0.0237636 0.011791 0.0308667 0.000919508 0.0270703
internal_weight=56042.7 56020.9 821.612 582.273 468.898 239.34 130.945 73.0887 337.953 55199.3 3504.96 1908.88 1286.98 951.092 51694.3 35760.8 35509.9 24641.9 6184.06 18457.8 18185.3 14659.3 8638.36 8393.21 8007.11 4525.35 3904.61 6571.02 5256.7 5004.15 3085.45 1656.03 6020.99 5803.03 5262.97 5174.25 5084.67 252.551 3525.98 1429.42 1658.71 10868.1 15933.5 14724.6 7706.18 7018.41 4686.56 5969.16 2331.85 2920.23 831.426 508.166 1500.43 5860.58 5329.49 3264.49 1725.49 1474.03 1314.32 477.125 837.193 305.699
internal_count=5635248 5626554 272584 215177 50426 57407 12942 10698 37484 5353970 460801 219929 43854 37590 4893169 4317380 4243037 3980809 338568 3642241 3382957 2921950 2208021 1736043 1403098 244843 212996 1367279 1229158 237541 218187 197701 713929 704262 371432 367181 366285 991617 461007 20486 93725 262228 575789 547200 179984 367216 83626 143013 283590 53659 15016 8074 268574 138793 107511 65197 36533 268249 138121 112129 25992 14133
is_linear=0
shrinkage=0.1


Tree=95
num_leaves=63
num_cat=0
split_feature=7 13 18 21 13 12 10 10 17 13 17 0 13 25 21 18 8 8 13 12 7 14 7 14 14 17 14 26 24 17 17 3 1 2 0 2 25 14 12 0 2 0 2 20 8 14 27 12 24 21 2 27 14 24 13 21 21 0 18 1 20 21
split_gain=15.6822 56.0743 28.8873 43.4724 16.2834 45.1563 25.3922 23.5672 18.3514 17.8888 20.8861 17.8097 15.6636 15.2478 234.91 41.9738 41.7494 36.2469 44.9515 74.6558 186.331 86.2626 57.6186 56.3996 47.965 45.6427 41.1721 39.7108 39.212 49.7682 53.5313 42.8865 35.7005 34.5378 39.0589 34.5803 33.8474 32.8106 46.4851 32.4292 66.1588 40.4525 52.6471 32.3375 31.6361 52.2726 42.7339 37.6465 35.3646 31.9318 31.0692 30.93 28.54 28.0326 26.9384 26.3178 26.304 26.1341 24.7539 23.8069 24.3932 23.6983
threshold=8.5000000000000018 91.945945739746108 1.0000000180025095e-35 0.45643940567970281 16.53005409240723 28.869047164916996 15.535444736480715 16.064516067504886 9.5000000000000018 1.0000000180025095e-35 7.5000000000000009 0.88044953346252453 11.942958831787111 4.5000000000000009 0.1132478639483452 44.502014160156257 29.500000000000004 2.5000000000000004 95.488464355468764 93.908470153808608 1.0000000180025095e-35 0.6904762089252473 1.0000000180025095e-35 0.93750000000000011 0.31666667759418493 4.5000000000000009 0.58571431040763866 0.44949495792388922 6.5000000000000009 5.5000000000000009 1.5000000000000002 6.5000000000000009 4.5000000000000009 0.77065888047218334 0.65679460763931286 0.62940847873687755 9.5000000000000018 0.31666667759418493 76.253131866455092 0.49591204524040228 0.49600537121295935 0.34066767990589147 0.33325044810771948 67.507961273193374 3.5000000000000004 0.31666667759418493 1.5000000000000002 81.892700195312514 5.5000000000000009 0.47913043200969702 0.35310040414333349 1.5000000000000002 0.36931818723678594 14.500000000000002 76.253131866455092 0.2828571498394013 0.79583334922790538 0.27895370125770574 29.805897712707523 19.500000000000004 97.81815338134767 0.092329546809196486
decision_type=2 2 2 2 2 2 2 2 2 2 2 2 2 2 2 2 2 2 2 2 2 2 2 2 2 2 2 2 2 2 2 2 2 2 2 2 2 2 2 2 2 2 2 2 2 2 2 2 2 2 2 2 2 2 2 2 2 2 2 2 2 2
left_child=4 -2 -3 -4 5 7 8 9 -6 10 -1 12 -7 16 43 -16 44 18 19 22 21 28 -17 25 -20 -23 -22 32 31 30 -30 -21 -28 34 35 36 39 -24 -39 40 41 42 -19 53 45 46 47 58 56 -48 -38 57 -26 -15 -27 -50 -47 -46 -8 -60 -61 -55
right_child=1 2 3 -5 6 11 13 -9 -10 -11 -12 -13 -14 14 15 17 -18 33 24 20 26 23 37 -25 52 54 27 -29 29 -31 -32 -33 -34 -35 -36 -37 50 38 -40 -41 -42 -43 -44 -45 51 48 49 -49 55 -51 -52 -53 -54 61 -56 -57 -58 -59 59 60 -62 -63
leaf_value=0.012935584484111685 -0.085387568189385935 -0.0017967636798529253 -0.061987932881656771 0.050863914509404175 -0.0044284209858543883 -0.099259541340843763 -0.089275242551423772 -0.03633334884181013 0.059904485027203351 0.024206818190460264 -0.12113805649840881 -0.18045400568983161 -0.031817294348051632 -0.092322090938066759 0.023341739447516191 -0.0045909278798295745 -0.093285508291298364 -0.0036531243835702591 0.098493686942338399 0.027622279439700494 0.00015298003540673637 0.037403004020565837 -0.1057270405382273 0.042090051434662254 -0.058789498359879712 0.035823952603382482 0.36239168287928075 0.10906930734729883 -0.0113902180988675 -0.0025662630229791555 0.064373901385233481 0.099916635359530201 0.12681420051645653 0.007267691665680644 -0.012727991719838572 0.010678990104786163 -0.077137627649896179 0.053361476237530549 -0.076854174273359846 -0.0099610725491758242 0.021738955835737955 -0.010887836263900587 0.025927296909067206 0.20512990767819811 -0.015295109582583514 -0.0010656979175572843 0.072867713033833395 0.059872418600717126 0.018972478238917269 -0.024679589951255444 -0.014646606359330969 0.036391665786971984 -0.012768120204522688 -0.092911873922631297 -0.039537737842108282 0.057560857891410425 0.05451560696795274 0.0012590725369847717 -0.037864364532815289 0.02992131839320436 -0.13860608585652232 0.21000925693655775
leaf_weight=28.632297885200387 89.3573685806914 2472.1723758538719 174.2181785397479 42.452461894397857 69.331095631729113 45.220635430243419 69.901977727540725 120.31555697414842 123.01533664773888 297.52536688782675 19.554139569256222 10.708403885597361 144.41475057888238 322.3000071249262 763.47312013019109 8959.4863473459627 44.295140766877012 1696.1374962815771 37.976878612011205 833.16747175151249 9.8921335831109882 100.05902574665379 85.596794528864848 141.4813052091049 139.84478319529444 50.85313437494915 21.876476385572463 18.856284284847789 142.49986028845888 1095.2899331232766 269.86742526810849 91.02073300423217 9.1124583157652506 8539.9469851074628 2287.2170810731368 3086.670551707768 94.569015424185636 46.307983947102912 67.19566977766226 2390.43930466036 1547.356018703802 2522.2040174345202 932.45532053557145 3.8303100606717626 1181.2220340712411 1376.5936669567091 86.348034867813112 46.659641374342755 2322.8466296697225 54.889681246771943 501.29194858854316 218.10693442636693 3700.0795071738539 4.6824805973301391 705.03875775868073 191.29637156064564 90.759701690869406 4950.1816963881884 361.37120900493574 99.798714200291215 9.3974443840634176 5.7589103236387018
leaf_count=7087 75723 147314 49397 1653 19422 23463 57154 59333 24700 69299 8229 125 63328 588370 165720 814025 5838 600958 10136 24688 480 3025 592019 3485 1167 1881 334 1348 2082 24148 6991 3788 454 338248 55457 84559 152799 3567 4273 66014 94513 219419 196003 1493 186212 64976 5623 4867 110937 1964 56698 11475 99030 4664 26116 7410 10752 153159 184796 29834 1186 2040
internal_value=-0.000130918 -0.0074552 -0.0048653 -0.0398768 0.000251668 -0.0152821 0.00044876 0.00178595 0.0367157 0.0150523 -0.0414717 -0.0549847 -0.0478996 0.000315449 -0.000570477 0.000114414 0.00360457 -0.000327554 -0.00391923 -0.00103129 0.0114165 0.00836636 -0.00577332 -0.0163985 -0.0133381 -0.0260662 0.18651 0.223494 0.0185238 0.00858187 0.0381924 0.0347424 0.293119 0.00218764 -0.00069338 0.00146193 -0.00147577 -0.0589808 -0.0237279 3.79668e-05 0.00360643 -0.00184078 0.0068401 -0.0837721 0.00399263 0.0102026 -0.0144283 -0.0263084 0.0147086 0.0349576 -0.0245645 -0.000613749 -0.0144442 -0.0870978 -0.0344677 0.0219086 0.00237215 -0.00193011 -0.0337485 -0.0255001 0.0154178 0.0741631
internal_weight=55964.4 2778.2 2688.84 216.671 53186.2 666.371 52519.9 466.027 192.346 345.712 48.1864 200.344 189.635 52327.5 41223.8 40887.3 11103.7 40123.8 16525.5 12647.6 3489.01 3429.28 9158.59 997.432 3877.9 855.951 59.7374 49.8452 2431.85 1507.66 412.367 924.188 30.9889 23598.3 15058.3 12771.1 9684.45 199.1 113.504 9088.59 6698.15 5150.8 2628.59 336.572 11059.4 4709.86 728.367 587.129 3981.5 141.238 595.861 6349.51 3839.92 332.741 755.892 2514.14 1467.35 6131.4 540.469 470.567 109.196 10.4414
internal_count=5635248 274087 198364 51050 5361161 230864 5130297 143948 44122 84615 15316 86916 86791 5086175 4249992 3653425 836183 3487705 1623037 1512704 98820 96204 1413884 34507 110333 31022 2616 2136 61697 33221 9073 28476 788 1864668 1526420 1470963 1386404 599859 7840 1176907 1110893 1016380 796961 596567 830345 479499 285424 277837 194075 7587 209497 350846 100197 595074 27997 118347 75728 339371 272970 215816 31020 6704
is_linear=0
shrinkage=0.1


Tree=96
num_leaves=63
num_cat=0
split_feature=24 27 3 19 19 21 13 19 18 2 1 13 26 21 13 14 30 13 9 12 9 13 10 14 19 2 12 9 13 14 12 2 12 12 21 1 27 25 24 2 18 7 9 13 10 12 14 12 13 9 12 18 9 9 13 4 21 1 1 26 13 18
split_gain=15.0271 14.5183 14.297 13.5323 54.8329 28.8087 22.7425 17.3303 14.459 13.8649 13.6903 32.2727 13.6362 28.8379 20.181 13.2116 13.1615 12.5559 68.6813 41.8528 24.5145 148.207 37.6612 30.7157 29.7106 24.7328 33.4663 24.0755 64.2523 31.093 26.4606 26.3575 29.0939 20.9917 18.0785 17.9558 17.9177 63.4028 17.8504 17.3142 23.0816 16.9067 16.3887 60.533 34.965 33.4232 27.5654 17.6067 36.8311 33.7443 25.8447 65.8325 24.2657 48.9794 53.2434 24.6008 24.3139 49.9552 38.1588 86.6497 119.967 33.994
threshold=4.5000000000000009 6.5000000000000009 152.50000000000003 96.677703857421889 97.833908081054702 0.58957219123840343 71.834934234619155 86.576263427734389 68.665706634521499 0.30334444344043737 31.500000000000004 46.265329360961921 -1.0000000180025095e-35 0.98275861144065868 26.36544227600098 0.77500000596046459 1.0000000180025095e-35 16.53005409240723 15.535444736480715 37.884435653686531 22.378716468811039 23.90476226806641 16.784037590026859 0.15476191043853763 66.496597290039077 0.51704710721969616 53.45238113403321 27.639257431030277 29.21747970581055 0.15476191043853763 55.646631240844734 0.7921138107776643 35.948717117309577 27.681992530822757 0.89181286096572887 7.5000000000000009 2.5000000000000004 5.5000000000000009 7.5000000000000009 0.87487441301345836 96.162029266357436 1.0000000180025095e-35 32.049383163452156 32.757078170776374 32.049383163452156 43.951219558715827 0.31666667759418493 48.074073791503913 47.690120697021491 41.060766220092781 30.940170288085941 59.951690673828132 33.520599365234382 33.161510467529304 35.388994216918952 1.0000000180025095e-35 0.55277779698371898 1.5000000000000002 10.500000000000002 0.63068181276321422 34.549070358276374 53.365695953369148
decision_type=2 2 2 2 2 2 2 2 2 2 2 2 2 2 2 2 2 2 2 2 2 2 2 2 2 2 2 2 2 2 2 2 2 2 2 2 2 2 2 2 2 2 2 2 2 2 2 2 2 2 2 2 2 2 2 2 2 2 2 2 2 2
left_child=3 2 17 5 16 9 8 -8 10 -1 -7 -12 13 -6 -14 -4 -5 18 19 -2 24 23 -23 -22 36 26 33 30 29 38 31 32 -24 -26 -32 39 -19 -38 -29 -27 -41 -34 44 45 -30 -44 -46 48 50 -49 51 -45 53 -52 55 56 57 -55 61 -60 -61 -58
right_child=1 -3 15 4 12 6 7 -9 -10 -11 11 -13 14 -15 -16 -17 -18 20 -20 -21 21 22 27 -25 25 35 -28 28 42 -31 34 -33 41 -35 -36 -37 37 -39 -40 40 -42 -43 43 47 46 -47 -48 49 -50 -51 52 -53 -54 54 -56 -57 58 -59 59 60 -62 -63
leaf_value=-0.035546149012912004 0.011425567118554428 -0.072454993736084161 -0.065833317849284992 0.12127766481502333 -0.068086170381653599 0.085604530852907271 0.042668550996515689 -0.054384913806117575 -0.0079029174302626942 0.0045468707080458725 -0.11343741076193806 1.3894810844658587 -0.061027666580329376 0.10281432787572881 0.017198393291165941 -0.0098640643999459224 -0.016723106867746473 -0.10131319195641642 -0.08993562984933938 -0.068896444268612064 -0.08044477641838868 0.065031159982054554 0.007663353855450257 0.11729137998067628 0.003321403763272847 0.022255780489829478 -0.068316385767844962 -0.072062335595334731 0.025198140605504456 0.072584486704779225 -0.089837538240217896 -0.0036625759312483644 0.053686966071291059 0.061034747947972437 0.020168652292054279 -0.034375373692019567 3.9732524712255328 -0.10057094071026272 -0.025328831646859302 -0.048629905730595842 0.013157142347419088 -0.10015672212236824 -0.076944345186559682 4.6587712342571201 -0.04072436522114993 -0.013503584998099056 0.15997790079211369 0.020057352136910102 -0.1530693481389539 0.00032923435344255785 -0.046668964084836673 -0.1020727910833482 -0.017519677081559607 5.1474147150283009 -0.017955871155609492 0.11164279403686024 2.2914434375166515 0.0023883298279441527 0.28021607642900809 -0.10045977497782176 3.8557709973310277 0.24291732151116741
leaf_weight=104.76748211334052 470.30461880850999 27.540294507132785 59.703007109856117 44.840026397665497 71.990241014962521 12.751014771391052 19.56992510787677 307.39781127194874 60.77643703130525 488.11082605748743 0.30758944097397112 0.26681553912931122 40.398052859469317 11.443099060474195 179.57993797705421 143.65436412654526 8.1702698871085868 25.015253345187379 99.654948846389743 75.251499572950706 257.48465164217123 90.226075184851652 286.31986059989504 8.1029763848309795 83.780820209725789 544.08549807657437 27.325890576023085 175.5954457610078 616.28756816791065 21.963713323555567 38.608797515778861 322.95264564294121 347.20311659026265 254.35622352625251 24.368288649566239 92.791924940178433 0.049077680465415052 0.17242307564083603 152.89930308652583 94.262885742271465 168.60125633095595 7.2933784304077554 151.70658210097099 0.042016049292214031 131.87620511203568 183.48448652271691 7.2177509069988437 883.07751583093341 18.411602147418307 47680.246343678125 57.570014626344346 0.094083783733367454 787.70381820475268 0.01905609304594591 39.72304477023863 49.523461863631383 0.08359614404980753 1.9478265608049694 0.52567631651254476 0.12343985241750488 0.20220037896797294 2.6147693723360135
leaf_count=55880 120750 984 56984 517 2664 1281 466 3400 15022 48554 167 5 1308 569 13176 23346 503 106549 73920 29667 280492 16844 215955 783 51403 21896 7384 257424 286079 2385 10629 9552 110027 170301 503 26115 14 353 136649 2605 2125 84567 205211 62 117074 80219 354 163665 4864 2116600 45581 107 595642 34 40173 728 44 12304 1182 62 85 1460
internal_value=-0.000125212 0.000132929 0.00016962 -0.0105459 0.00617113 -0.0165405 -0.0372397 -0.048576 0.0127807 -0.00253796 0.107118 0.58468 -0.0102235 -0.0446467 0.0028325 -0.0262959 0.100008 0.00026877 -0.013598 0.000346319 0.00043558 9.99092e-05 0.000479891 -0.0744119 0.0140517 0.0161947 0.0381325 0.000367865 6.24196e-05 -0.0426081 0.0155288 0.0196324 0.0313724 0.046735 -0.0472719 0.00728388 -0.0933844 0.802062 -0.05031 0.0120743 -0.00899965 0.0505218 0.000357885 0.000136391 0.0149771 -0.0422167 -0.0303097 0.000423059 -0.0129978 0.000687971 -0.0102547 1.36767 -0.0104542 0.0260807 0.0702772 0.133956 0.334268 0.0522358 0.490542 1.07427 2.35609 0.306381
internal_weight=55862.4 54512 54484.5 1350.37 356.422 993.948 401.07 326.968 74.1019 592.878 13.3254 0.574405 303.411 83.4333 219.978 203.357 53.0103 54281.2 645.211 545.556 53635.9 52345.5 52079.9 265.588 1290.44 1265.2 365.463 51989.7 50962.9 350.458 1026.75 963.769 640.816 338.137 62.9771 899.742 25.2368 0.221501 328.495 806.95 262.864 354.496 50612.5 49857.1 755.382 335.191 139.094 49521.9 958.585 48563.3 940.173 0.1361 940.037 152.333 94.7631 55.04 5.51656 1.96688 3.54968 0.851317 0.32564 2.69837
internal_count=5635248 5491736 5490752 143512 18737 124775 20341 3866 16475 104434 1453 172 17717 3233 14484 80330 1020 5410422 224337 150417 5186085 4797340 4516065 281275 388745 281829 229088 4499221 4067988 396458 431233 420101 410549 221704 11132 52741 106916 367 394073 26626 4730 194594 3671530 3268023 403507 285430 117428 2982593 702328 2280265 697464 169 697295 101653 56072 15899 15171 12338 2833 1329 147 1504
is_linear=0
shrinkage=0.1


Tree=97
num_leaves=63
num_cat=0
split_feature=3 0 19 12 1 7 14 28 2 9 14 14 21 2 1 10 9 30 10 27 19 19 18 1 2 20 19 19 27 2 9 2 18 2 21 19 11 12 7 14 11 1 10 9 0 19 2 12 12 7 0 10 14 14 14 9 14 11 11 9 18 3
split_gain=13.8346 29.3979 34.4857 36.4153 25.7667 42.0226 42.4336 41.4425 39.4097 37.3491 29.1309 32.7528 28.174 38.4594 26.0613 57.706 33.3065 39.0826 38.0632 31.6158 25.3849 25.7769 24.9133 24.5387 53.6925 24.2627 24.1093 23.7922 23.7092 22.3959 20.8979 20.2872 20.075 25.0681 25.5346 57.0731 19.7214 19.1405 55.1907 47.4386 34.8867 33.3242 35.7069 27.8803 27.569 26.4928 27.9515 26.0151 22.5928 39.2798 22.958 21.7807 24.4897 27.3632 21.6278 24.5778 41.0209 39.7008 21.5033 20.4838 20.1187 19.4074
threshold=3.5000000000000004 0.25767858326435095 92.344322204589858 48.834688186645515 3.5000000000000004 1.0000000180025095e-35 0.31666667759418493 1.0000000180025095e-35 0.65182989835739147 37.248718261718757 0.93750000000000011 0.73214286565780651 0.4220647811889649 0.4325492531061173 21.500000000000004 64.051280975341811 50.31645584106446 1.0000000180025095e-35 81.120250701904311 1.5000000000000002 99.760765075683608 60.479471206665046 41.191251754760749 1.0000000180025095e-35 0.99996608495712291 73.926216125488295 85.631710052490249 49.890829086303718 2.5000000000000004 0.34300781786441809 36.461387634277351 0.27251021564006811 89.808139801025405 0.571352779865265 0.048809524625539787 68.863315582275405 64.075469970703139 69.309261322021499 1.0000000180025095e-35 0.31666667759418493 66.323020935058608 4.5000000000000009 66.287876129150405 24.807692527771 0.5247059464454652 82.380176544189467 0.66838625073432933 78.629974365234389 92.718276977539077 1.0000000180025095e-35 0.91480755805969249 32.049383163452156 0.2264957278966904 1.0000000180025095e-35 0.18333333730697635 64.89996719360353 0.44949495792388922 73.401363372802749 74.621467590332045 53.427228927612312 85.117294311523452 6.5000000000000009
decision_type=2 2 2 2 2 2 2 2 2 2 2 2 2 2 2 2 2 2 2 2 2 2 2 2 2 2 2 2 2 2 2 2 2 2 2 2 2 2 2 2 2 2 2 2 2 2 2 2 2 2 2 2 2 2 2 2 2 2 2 2 2 2
left_child=4 2 3 -2 8 10 -7 -8 9 -1 11 14 -11 -14 16 19 20 -18 28 -16 21 -6 -4 -10 -25 -23 -27 -17 -19 -20 -21 -28 33 34 -9 -36 -37 38 41 -40 43 44 45 -39 -3 -43 51 -45 49 54 -51 -47 53 -53 -42 56 -56 61 -50 -60 -48 -57
right_child=1 37 22 -5 5 6 7 32 23 12 -12 -13 13 -15 15 27 17 18 29 30 -22 25 -24 24 -26 26 31 -29 -30 -31 -32 -33 -34 -35 35 36 -38 40 39 -41 48 42 -44 47 -46 46 60 -49 58 50 -52 52 -54 -55 55 57 -58 -59 59 -61 -62 -63
leaf_value=0.03323246114717749 -0.066643365103351074 0.020382481150595644 -0.034222374039015346 -0.013335771721683022 -0.038688498580889109 -0.104125213786638 0.039810976676306009 -0.042332106948426339 -0.0081502630386825238 0.0044695695989206211 0.037409142455449372 -0.019238754693133395 -0.049606334348190916 -0.013119914777989246 -0.035720047613437028 -0.019914111333573854 0.012297007003751895 -0.014055836546426066 -0.03194594430801459 -0.032889438894516614 0.0063416532295264144 0.060463408419425727 0.030608334202400111 0.0034288742853773578 0.074211679242381687 -0.0097853032294625501 0.092654215440392262 0.030726901285025039 -0.07178910354374983 0.023193296118561326 0.061698960577282795 0.029217615906819646 -0.025949584391802422 0.012642375296573007 0.047472309802461587 0.16548619596791306 -0.014132212142599819 -0.11952013485403477 -0.10209943055279885 0.03165326883688762 0.02051791332935279 -0.054115472850221981 0.060960330237692123 0.0089334891756342218 -0.0026277482052223054 0.0075945727464061105 0.00014231099162123246 0.041320709677771537 0.089059314800376488 -0.053388040815599926 -0.574303071957185 -0.021837921042924643 0.030472015733063507 -0.11431692823911868 -0.051074700152200905 0.0078474982142384252 0.01312505267127914 -0.0096928398544120081 0.045090609640221893 0.00078038472931040261 -0.043739936531048844 0.051877830139722914
leaf_weight=185.3992937238927 136.88186470426808 634.76477237700965 75.177239584503695 2007.9971438686935 49.375489960195409 42.89327258152116 201.62436941554188 214.11597435264048 1943.4796068296564 732.94703203398967 331.75552516899916 444.09060740585846 330.34626918088179 2302.3471303466431 524.00134231367883 120.4343408779423 3928.1243578190479 875.60402655199869 87.735299433174077 37.620136760688183 592.86803607974434 280.55298467667672 280.2167666705227 7488.8537038006398 108.72201213766675 150.47875762571857 55.211216125549981 403.95358954257244 77.421566273027565 459.24404183274601 61.609881506956299 580.08061834490945 470.99683144385926 689.10903154387051 178.74799123577031 6.144950410234741 1165.7364340365748 14.630799088059574 103.92856071452843 35.600510597916582 295.57622908605845 176.26777867881538 60.314905842125881 766.61865013735223 2897.3368349731463 645.00556706968928 141.63224150388851 366.62421354038815 27.798294216103386 158.18728842722339 0.85060780122876067 410.85531367141448 81.851050925586605 34.696920912836504 296.13235283193353 285.18988962637377 149.90883241404663 2142.6715398057058 104.94240059837466 17827.010777049079 398.26457099769323 154.25212900812039
leaf_count=9296 872874 59258 7042 547033 45046 276264 19586 77036 86364 12039 8779 22436 5112 42040 430237 30585 73537 19497 2574 9029 10684 61255 47420 180322 19726 33960 8029 7590 1641 17100 2659 51475 3422 8164 19950 270 9115 982 845818 4512 10630 337117 950 20492 43643 180014 14004 14341 1028 50576 11 119416 1506 1951 7970 4368 4872 48572 10220 747625 23119 3065
internal_value=-0.000140884 -0.00156457 -0.0119572 -0.0167378 0.00159957 0.00494065 -0.00538348 -0.00393622 -0.00147033 -0.0104636 0.00832426 0.00721878 -0.0128706 -0.0176982 0.00863707 -0.00534976 0.0108862 0.00705352 -0.00667783 -0.0259188 0.0230628 0.0319482 0.0168946 0.00187683 0.00444178 0.035219 0.0262057 0.0190964 -0.018746 0.014349 0.0258386 0.0347307 -0.00717328 -0.00324952 -0.0102483 -0.005162 -0.0131904 -0.000643496 -0.00586555 -0.0679727 0.000655757 -0.00428449 -0.0147817 0.0176405 0.00150749 -0.0172006 -0.0134006 0.0194113 -0.00025348 -0.00762462 -0.0561741 -0.0047304 -0.0198036 -0.0290396 -0.00530157 -0.00782179 -0.029498 -0.00407739 0.00117594 0.0010397 -0.0322282 0.0233029
internal_weight=55832.8 30711.2 2500.27 2144.88 25121.6 12029.5 2969.37 2926.48 13092.1 3551.04 9060.16 8728.41 3365.64 2632.69 8284.32 1147.62 7136.7 5428.13 1500 623.231 1708.57 1115.7 355.394 9541.06 7597.58 1066.32 785.771 524.388 953.026 546.979 99.23 635.292 2724.85 2253.85 1564.75 1350.63 1171.88 28210.9 5620.52 139.529 22590.4 5480.99 1948.89 1147.87 3532.1 1888.57 1712.31 1133.24 21442.5 3482.77 159.038 1172.41 527.403 445.552 3323.73 3028.15 446.041 2582.11 17959.8 17932 539.897 439.442
internal_count=5635248 4030429 1474369 1419907 1604819 1249920 413807 137543 354899 68487 836113 827334 59191 47152 804898 480100 324798 114349 40812 441925 210449 199765 54462 286412 200048 154719 93464 38175 21138 19674 11688 59504 117957 114535 106371 29335 9385 2556060 1631308 850330 924752 780978 678077 35815 102901 677127 340010 34833 888937 130064 50587 302887 122873 121367 79477 68847 12842 56005 758873 757845 37123 7433
is_linear=0
shrinkage=0.1


Tree=98
num_leaves=63
num_cat=0
split_feature=17 13 12 14 0 24 24 17 14 19 26 17 26 17 14 11 11 25 17 17 19 14 13 2 17 29 12 25 11 9 20 14 12 11 12 13 9 13 17 14 14 11 29 24 25 12 11 12 26 29 29 30 24 30 12 9 12 19 3 12 9 13
split_gain=14.5295 35.8112 60.8495 31.5564 32.2157 26.8079 24.9079 51.091 73.1139 74.6461 46.1179 54.006 69.1043 42.5095 50.1703 58.7691 37.3236 43.1862 38.1103 52.4912 37.2383 34.5961 36.4389 31.3883 31.3067 32.1502 30.5139 30.2113 29.8869 44.7789 29.7099 29.1806 31.1989 46.8531 42.4322 31.9172 37.4199 58.7626 26.146 39.4326 36.662 34.5027 34.0802 34.926 27.561 25.5221 40.0033 25.2386 28.3337 42.0002 25.1634 24.3965 25.7411 24.2534 22.7596 45.5535 37.2357 32.5747 32.5546 29.7127 36.9408 33.8046
threshold=8.5000000000000018 12.59920644760132 28.869047164916996 0.93750000000000011 0.91480755805969249 9.5000000000000018 6.5000000000000009 10.500000000000002 0.64583334326744091 80.60858535766603 -1.0000000180025095e-35 15.500000000000002 0.38750000298023229 9.5000000000000018 0.61250001192092907 91.734970092773452 52.704679489135749 2.5000000000000004 19.500000000000004 13.500000000000002 61.181842803955085 0.73214286565780651 84.889995574951186 0.62222149968147289 11.500000000000002 1.0000000180025095e-35 90.399383544921889 4.5000000000000009 69.282051086425795 41.206792831420906 99.80237197875978 1.0000000180025095e-35 65.419578552246108 32.466217041015632 50.373134613037116 21.164613723754886 24.28337383270264 26.36544227600098 12.500000000000002 0.64583334326744091 0.52777779102325451 81.725418090820327 1.0000000180025095e-35 11.500000000000002 13.500000000000002 81.53021621704103 32.049383163452156 42.020372390747077 0.23611111193895343 1.0000000180025095e-35 1.0000000180025095e-35 1.0000000180025095e-35 5.5000000000000009 1.0000000180025095e-35 39.173061370849616 33.520599365234382 38.165266036987312 61.916847229003913 5.5000000000000009 43.951219558715827 38.507879257202156 36.254106521606452
decision_type=2 2 2 2 2 2 2 2 2 2 2 2 2 2 2 2 2 2 2 2 2 2 2 2 2 2 2 2 2 2 2 2 2 2 2 2 2 2 2 2 2 2 2 2 2 2 2 2 2 2 2 2 2 2 2 2 2 2 2 2 2 2
left_child=54 -2 -3 4 6 -5 7 21 9 -9 -10 12 20 14 15 28 18 -18 19 -15 -12 22 -4 31 25 -19 -16 -22 29 -8 53 32 33 34 35 -11 -37 -38 40 -40 41 -26 43 -42 -45 46 -25 -21 49 -49 -23 52 -29 -28 56 -56 57 -1 -59 61 -61 -57
right_child=1 2 3 5 -6 -7 13 8 10 23 11 -13 -14 16 26 -17 17 24 -20 47 27 50 -24 45 38 -27 30 51 -30 -31 -32 -33 -34 -35 -36 36 37 -39 39 -41 42 -43 -44 44 -46 -47 -48 48 -50 -51 -52 -53 -54 -55 55 59 -58 58 -60 60 -62 -63
leaf_value=-0.10963406267948604 -0.05187817453492527 0.04658171637084034 -0.006174724434166042 0.016340715558826574 -0.054620061693708269 0.10565526484249282 -0.014923558383727196 -0.044329934354159349 0.015951412727474547 0.0013501024780223944 -0.092994845162168174 -0.049829725976905236 0.0061737577753658741 -0.019170470707209473 -0.12227897749814692 0.10356724548938055 0.015312197758692284 -0.063517762936728894 -0.048486651805206969 -0.018251449687671107 0.0045203957489299744 0.012228988075467314 0.12265484108535646 0.0019690342569539396 -0.083818163719081448 -0.0064420702542220577 -0.0027362619734973854 0.2294064238198176 -0.044237825223350263 0.056664985344368715 0.091044825937408952 -0.0098738066519398118 0.078652226222295438 -0.039455359456817871 -0.074471196806806347 0.11907327722327031 -0.091778423939638365 0.068808570910212113 -0.042755611185105749 0.048355969328541401 -0.18261463580261453 0.029238965901266092 -0.090026436019330053 -0.96657235974963673 -0.27402520345511605 0.03086143845974065 -0.05824701278139658 0.086676358905517725 0.041793112341305554 -0.044217998187151553 -0.0501636199667084 0.05579953687895909 0.12997269892248739 -0.052677478524046972 0.028062278007627207 -0.068291127920753231 -0.084255105441241693 0.0054889107515634326 -0.021647636172968717 0.032665615954962264 0.00061848780062757859 -0.0015710129486788734
leaf_weight=30.688750754846296 152.15629303020978 241.31980599120834 1307.6761571926818 185.71524889027205 130.39028659529868 41.030819109437289 151.95201878747685 294.92051516056199 256.33279823309567 97.237811338030951 6.918401812643423 29.206288328721712 60.802062264701817 661.94971488106785 23.868365839305625 89.218090664944611 216.68777597469307 120.4763478474124 175.47066531439486 137.89499133815298 13.802760286955161 81.039309035419137 22.329971940795076 401.75926148004146 54.37139303139702 545.80180757851485 545.41190439204365 51.859736370446626 72.341203033112834 205.59592504679131 29.425557177979499 186.41945369930545 130.55545203276415 94.619640250562952 29.99962758352558 92.561452238323909 28.230914565841886 118.1581211116245 449.73337158491267 53.111343729957298 9.7166050172672822 53.607521916699625 139.51383437149343 1.1353596729459234 1.163548204116523 159.22635992450523 152.08848798647705 32.724257586180101 432.81543407705431 97.703118658231688 319.43286236625863 18.830050114542246 52.282447319710627 118.34151296073105 615.38787615061301 132.95325376393157 65.372051863638262 1068.0582405203086 754.29394342492196 362.69682671363262 43385.134870734888 177.08165572011785
leaf_count=208709 62127 62035 248472 6120 6655 1041 67031 414809 12406 29437 11433 2320 4784 207833 699 3277 18087 4868 63635 68732 220 4636 1372 19242 2057 19947 21221 723 3251 9515 844 6376 4717 52659 8203 19793 20213 54939 23591 2954 549 2337 4591 67 40 10286 8575 7122 21358 44398 29258 214 741 3374 306422 149876 104807 338244 524682 142179 2019451 135694
internal_value=-0.000131402 -0.00376834 -0.00295722 -0.00431827 -0.00529399 0.0325026 -0.00453071 0.00118002 0.0110273 0.00163803 0.0452435 0.0773722 0.0955393 -0.00970688 0.00603193 0.0297092 -0.0158175 -0.0262875 -0.00462106 0.00102577 0.133353 -0.0117705 -0.00401176 0.0107314 -0.0325972 -0.0167625 -0.0111093 0.144802 0.0143809 0.026241 -0.00728135 0.0246247 0.0354998 0.023274 0.0394827 0.0496513 0.0693068 0.0378396 -0.0464363 -0.0331322 -0.0722153 -0.0276895 -0.103944 -0.265544 -0.616053 -0.00442264 -0.0145665 0.0200932 0.0294809 -0.0113766 -0.0375379 0.160548 0.179488 -0.0116404 0.000584948 0.00104296 -0.0100806 -0.00746381 -0.00574324 0.00066556 0.000884178 -0.0301828
internal_weight=55768.6 9176.93 9024.78 8783.46 8556.71 226.746 8426.32 4006.29 2275.81 1785.78 490.035 233.702 204.495 4420.03 1236.15 519.107 3183.88 1645.32 1538.56 1363.09 143.693 1730.48 1330.01 1490.86 1428.63 666.278 717.047 136.775 429.889 357.548 693.179 777.782 591.363 460.808 366.188 336.188 238.95 146.389 762.353 502.845 259.508 107.979 151.529 12.0155 2.29891 713.074 553.848 701.138 563.243 130.427 400.472 122.972 104.142 663.753 46591.7 44673.3 1918.41 1853.04 1822.35 44057.9 43747.8 310.035
internal_count=5635248 1705184 1643057 1581022 1573861 7161 1567206 965828 682090 649249 32841 20435 18115 601378 109212 83074 492166 79088 413078 349443 13331 283738 249844 234440 61001 24815 26138 1898 79797 76546 25439 196337 189961 185244 132585 124382 94945 75152 36186 26545 9641 4394 5247 656 107 38103 27817 141610 72878 51520 33894 1678 1464 24595 3930064 2753622 1176442 1071635 862926 2447200 2161630 285570
is_linear=0
shrinkage=0.1


Tree=99
num_leaves=63
num_cat=0
split_feature=8 29 21 26 19 24 2 0 2 0 2 0 2 0 20 2 28 12 30 20 18 19 24 26 29 21 13 0 8 20 19 0 2 19 19 10 8 24 26 21 18 8 21 20 18 0 30 29 2 21 19 26 18 20 0 19 18 18 20 20 11 0
split_gain=13.3802 13.4041 159.582 49.2884 59.7658 62.9161 42.532 60.191 56.2372 91.863 60.9796 53.5192 57.2644 51.9942 51.5674 48.2697 44.6432 55.0112 59.246 37.4185 53.7751 42.0534 36.8286 81.4777 42.755 40.4403 38.2079 65.9803 36.5998 36.0025 35.2384 34.6509 45.116 33.7821 33.745 35.7751 36.7643 32.8642 36.661 32.4176 32.1019 31.6405 30.9332 40.0805 27.9736 27.9407 27.9397 27.6555 26.5724 26.1215 47.4291 26.1013 25.3701 54.4476 25.3123 33.1461 24.4018 23.7857 23.2284 23.0553 22.8241 22.8045
threshold=81.000000000000014 1.0000000180025095e-35 1.0000000180025095e-35 -1.0000000180025095e-35 93.563182830810561 7.5000000000000009 0.52607575058937084 0.5247059464454652 0.72155243158340465 0.72551110386848461 0.86158844828605663 0.41689741611480718 0.42217083275318151 0.32902812957763677 95.093433380126967 0.88710504770278942 1.0000000180025095e-35 53.907203674316413 1.0000000180025095e-35 99.80237197875978 96.92779922485353 98.295398712158217 6.5000000000000009 1.0000000180025095e-35 1.5000000000000002 0.38675214350223547 55.245780944824226 0.32259997725486761 1.0000000180025095e-35 94.716903686523452 92.009387969970717 0.86401242017745983 0.92946019768714916 97.575668334960952 60.894552230834968 81.375640869140639 5.5000000000000009 7.5000000000000009 0.26136364042758947 0.91987180709838878 98.048732757568374 35.500000000000007 0.91106721758842479 99.333301544189467 96.636753082275405 0.95763123035430919 1.0000000180025095e-35 1.5000000000000002 0.99996608495712291 0.57417583465576183 96.168525695800795 0.31666667759418493 93.764953613281264 96.56854629516603 0.63378906250000011 97.448913574218764 95.862876892089858 60.326326370239265 98.219570159912124 46.827678680419929 97.01425933837892 0.86401242017745983
decision_type=2 2 2 2 2 2 2 2 2 2 2 2 2 2 2 2 2 2 2 2 2 2 2 2 2 2 2 2 2 2 2 2 2 2 2 2 2 2 2 2 2 2 2 2 2 2 2 2 2 2 2 2 2 2 2 2 2 2 2 2 2 2
left_child=1 61 -3 4 -4 56 11 15 54 14 -11 12 13 16 44 28 -5 30 22 49 21 -21 33 34 25 -25 27 -27 -8 -30 -18 42 -33 57 35 -24 59 38 -20 -22 -41 -32 43 52 48 -34 51 -43 -10 -7 -51 -16 53 -12 55 -9 -6 -19 -14 -37 -57 -1
right_child=-2 2 3 6 5 19 7 8 9 10 31 -13 58 -15 46 -17 17 18 37 20 39 -23 23 24 -26 26 -28 -29 29 -31 41 32 45 -35 -36 36 -38 -39 -40 40 -42 47 -44 -45 -46 -47 -48 -49 -50 50 -52 -53 -54 -55 -56 60 -58 -59 -60 -61 -62 -63
leaf_value=0.0010866493738624773 -0.081967713579429197 -0.096296347205133914 0.013213174688780156 0.031914763116840654 -0.047639587216760676 -0.091232159014469155 -0.013546177032799185 -0.0081145227176547471 0.010600637453524476 -0.017885109640232485 0.0073747072774548424 -0.01945458690477999 0.014175114471654014 -0.0220762986989987 0.021838627150949017 -0.022282238532164128 -0.063665374174027664 -0.02976084296911859 0.12967914980138198 -0.086335776195862676 -0.06913277253376636 0.069685874031144041 -0.032507799792853738 0.091179564262695578 -0.016102880698856691 0.10383677028436591 6.3717988454222674e-05 0.95975230272901768 0.015356231379693219 0.043713855601499069 0.014725488971751632 -0.046496967165012684 0.0030809213423328981 0.069921849761264643 -0.0079635608846629329 -0.05748610883121287 -0.011130357739922127 -0.078655594609870247 -0.028345872907630784 0.082191153761776659 -0.066584783059890434 -0.10014942372385061 -0.041431317903975251 0.055786577336663527 0.19141312120426668 -0.087232098619465667 -0.0090360204227848458 3.0925841731657515 -0.010114726396734908 0.034214790006049392 -0.032906967227564386 0.049034318374776384 -0.0044534652796747046 0.057823363729675864 -0.019454055502970635 0.0030120059059924216 -0.11185133423292393 -0.0012499781917721677 0.11528106054032546 0.20015403993924219 0.046710641404889987 0.016710668140592085
leaf_weight=22146.376348802496 19.96865761828667 176.2586260076132 519.35829598519194 391.37854427848379 369.98914894212794 55.736783496337011 367.50233064767144 3073.3795957529856 3047.1334342630362 2208.3825968395759 1452.6399185940863 2138.3412888548264 1510.07009622439 1492.3837770117307 910.35454408323858 350.4698937301946 229.21547335845935 390.85839271836448 16.53156186639535 19.406079206273716 85.50296912263002 157.35461322309129 26.566392165601428 230.59313879132606 78.181841578414605 24.240944984601814 119.24742229521507 0.93539574269379855 2972.3808343730243 527.0987932419448 69.890300944405681 289.30477549293573 809.11487852694336 57.068030179623747 755.19856910637463 3.927041801660379 16.61138023694366 137.01661414713453 131.14065926910189 38.384136696549831 23.31132920703385 0.047894255778372918 121.83308441466943 179.53987897771003 8.1889745077933167 35.770457548089325 182.91593374410149 0.062579406381701119 777.15046292969419 130.2946329145343 548.19671323023795 576.32644333276039 1143.1125925635679 250.88186448251145 1561.3763479416248 318.32835844291549 70.451582551053434 1164.1489214693102 23.070180405200517 30.0620620927657 191.38501193805132 975.33274226611684
leaf_count=1805290 8694 488402 94781 58164 4851 1652 58250 68311 41687 29329 17120 131993 267547 275262 15167 8688 1424995 69403 412 161 881 1198 19424 4806 5705 1529 1050 65 173677 27275 110536 3224 10547 529 39931 2841 9088 2564 1769 298 250 129 1027 3492 79 473 3413 97 8984 1293 4795 7849 12877 2777 24734 6197 549 45340 1006 2623 2985 217183
internal_value=-0.000125101 -9.57641e-05 -0.00140242 -0.000886334 -0.0160203 -0.0261514 0.000118563 0.00255214 -8.16257e-05 0.00367031 -0.00438781 -0.00563214 -0.00134754 -0.00621789 0.0131762 0.0132541 -0.000107049 -0.00370679 0.00014764 -0.0129324 0.0153771 0.0525567 0.00442445 0.017049 0.0511671 0.0651913 0.0236973 0.135637 0.0164748 0.0196275 -0.0447007 0.00257291 -0.0124135 -0.00564312 -0.00152731 0.0614614 0.110797 -0.0433829 -0.0106553 -0.0292693 0.0259769 0.0173984 0.00797235 0.00996133 0.00678632 -0.000742719 0.0278437 1.70842 0.00639097 -0.0254233 -0.0200172 0.0323813 0.00707109 0.0148044 -0.00882804 -0.00419763 -0.0579107 -0.00841632 0.0156965 0.170387 0.0194198 0.00174571
internal_weight=55727.3 55707.3 32585.6 32409.3 2017.99 1498.63 30391.4 21354.6 17137.1 11992.6 6490.58 9036.79 6898.45 5365.31 5502.07 4217.45 3872.92 3481.54 3182.33 1058.19 323.959 176.761 2897.64 1285.56 453.199 375.017 144.424 25.1763 3866.98 3499.48 299.216 4282.2 1134.19 1612.08 832.365 77.1669 50.6005 284.689 147.672 147.198 61.6955 70.0008 3148.01 3026.17 3832.47 844.885 1669.6 0.110474 3824.28 734.228 678.491 1486.68 2846.63 1703.52 5144.47 3583.09 440.441 1555.01 1533.14 33.9891 509.713 23121.7
internal_count=5635248 5626554 3604081 3115679 110709 15928 3004970 528162 260272 158045 80866 2476808 2344815 2076262 77179 267890 1801000 1742836 207079 10528 2788 1359 202334 87062 13155 7450 2644 1594 259202 200952 1535757 51537 14244 115272 73907 33976 14552 4745 2181 1429 548 110762 37293 36266 50750 11020 26429 226 50671 7740 6088 23016 32774 19897 102227 77493 5400 114743 268553 5464 9182 2022473
is_linear=0
shrinkage=0.1


Tree=100
num_leaves=63
num_cat=0
split_feature=7 13 18 21 29 21 26 25 19 14 21 25 3 7 8 7 14 19 0 13 26 30 21 3 17 4 0 26 21 21 21 18 1 19 21 19 0 0 21 14 17 19 14 18 18 24 0 4 8 25 8 19 19 30 24 25 29 26 19 21 29 26
split_gain=12.6274 49.0905 22.937 35.5468 16.5258 128.268 40.1132 56.7049 107.19 37.2213 139.968 60.4839 57.0861 58.474 66.9438 40.53 76.4731 61.5464 50.246 51.763 50.1861 76.1014 63.8598 54.029 47.6481 52.1618 57.4123 44.0923 41.3596 39.2398 38.0458 59.5121 38.6713 37.9969 35.3015 72.8861 34.6104 34.5715 34.2972 33.8441 33.2826 32.8864 64.5712 32.4503 31.0848 30.6529 37.8406 30.6789 30.2129 29.542 29.1559 28.1092 30.7236 27.4807 264.312 141.328 155.181 105.518 95.4665 80.1378 69.7724 50.1222
threshold=8.5000000000000018 91.945945739746108 1.0000000180025095e-35 0.35388994216918951 1.0000000180025095e-35 1.0000000180025095e-35 -1.0000000180025095e-35 8.5000000000000018 93.563182830810561 0.81666666269302379 0.25357143580913549 8.5000000000000018 30.500000000000004 1.5000000000000002 9.5000000000000018 1.0000000180025095e-35 0.31666667759418493 73.086681365966811 0.25197035074234014 70.396453857421889 0.15476191043853763 1.0000000180025095e-35 0.47913043200969702 24.500000000000004 5.5000000000000009 1.0000000180025095e-35 0.34066767990589147 0.4083333313465119 0.77097901701927196 0.94590643048286449 0.32738095521926885 69.247417449951186 3.5000000000000004 99.760765075683608 0.91106721758842479 98.598102569580092 0.83491453528404247 0.72551110386848461 0.82480818033218395 0.58571431040763866 6.5000000000000009 88.251724243164077 0.64583334326744091 98.253242492675795 91.442928314208999 5.5000000000000009 0.44316086173057562 1.0000000180025095e-35 2.5000000000000004 8.5000000000000018 5.5000000000000009 96.677703857421889 99.052112579345717 1.0000000180025095e-35 7.5000000000000009 7.5000000000000009 1.5000000000000002 0.58571431040763866 95.093433380126967 0.56385868787765514 1.5000000000000002 0.34848485887050634
decision_type=2 2 2 2 2 2 2 2 2 2 2 2 2 2 2 2 2 2 2 2 2 2 2 2 2 2 2 2 2 2 2 2 2 2 2 2 2 2 2 2 2 2 2 2 2 2 2 2 2 2 2 2 2 2 2 2 2 2 2 2 2 2
left_child=4 -2 -3 -4 9 -6 7 8 -7 15 12 -12 13 14 48 20 -17 24 19 -19 23 22 41 30 -18 26 -26 -23 39 37 32 -32 -1 -13 35 38 -37 -24 53 -25 50 -22 -43 44 -36 46 47 -34 -11 -20 -28 -9 -53 57 55 56 58 -8 59 -55 -59 -57
right_child=1 2 3 -5 5 6 34 51 -10 10 11 33 -14 -15 -16 16 17 18 49 -21 21 27 29 28 25 -27 40 -29 -30 -31 31 -33 45 -35 43 36 -38 -39 -40 -41 -42 42 -44 -45 -46 -47 -48 -49 -50 -51 -52 52 -54 54 -56 61 -58 60 -60 -61 -62 -63
leaf_value=-0.016924872892673436 -0.083324979037464039 -0.0016950455403773946 -0.063021652277467463 0.026854636889307226 -0.095142716840615343 0.011467172259201413 -0.00069464671286169528 0.022864656711338392 -0.063831662879415482 0.067631401293031856 0.073119827728522602 -0.067692846805135695 0.042141457400382415 -0.0044186180173567706 -0.088106615940137203 -0.10500748791800821 -0.075138087265930062 0.27669792425802864 0.038577551924577562 -0.018768930643640727 -0.048392372065316602 0.061618544365992622 -0.016032264855545025 -0.056373218247424944 -0.046157376927008553 -0.083507146847652106 0.23396158159119571 -0.0011094610666379928 0.048728791397728226 0.039393281347810186 0.064782134853441711 0.015360919804173043 0.0055549950053345142 0.069022644313433398 -0.056348189835254484 0.024718887804730999 -0.0083374961919562961 -0.085782708235049909 -0.022652358070197245 -0.0072898061089171967 0.040823347140125817 -0.116907464026743 -0.63019585315737603 -0.11089288983783985 0.0034347768377184632 0.022651700653590179 0.046161670027795698 -0.037944063761207014 0.021047926354006097 -0.061456131071917476 -0.075049181623583164 -0.041452552616154673 0.0011068753623732651 -0.02816815444287056 -0.049032917601321273 0.11886657080413926 0.10298690454647241 0.034750131015100785 -0.069127487122735254 0.032487229359121496 -0.091700619707183309 0.029868746231749167
leaf_weight=516.64173860667142 81.179175389588636 2469.6034551613266 147.07640838810039 62.79398476346978 144.63539750928612 305.84140173265587 23331.716465756843 355.46301134268469 495.07178909333743 204.69034540595021 447.61993540087133 55.613280100456905 364.08381738595199 3476.2405632258451 46.673381649176008 98.846128598965151 158.51482537557604 15.981630342474093 132.91808820303413 9.4266117672668752 108.07738717351094 113.43533334044332 384.75304382559261 221.42146950883398 74.13749625118362 62.962940804776736 17.532641579527994 9224.2552141368105 86.391640505054966 102.33526688604616 335.95453734042167 886.88829795791389 414.26318795436964 32.041092771221884 140.39670882175778 1700.2115548151778 389.24886206457086 87.156720378436148 700.51821561389443 384.29000828569406 89.141684233829437 75.629388536064653 2.532928778557106 43.224531804662547 228.57613264528118 1367.9744219841523 136.83316586113506 266.40196301529068 435.35135734512005 37.951368831214495 3.6972643511544439 234.18984311558597 615.21668267940549 401.85811216063303 1034.3391430843967 157.84494497407104 136.6475386434322 1138.7610984985513 218.76504498774739 475.62522222955522 45.374274076013535 105.62718827715435
leaf_count=5223 75723 147314 49028 2022 455903 49197 2784220 46995 5893 6051 264183 19714 6175 37237 1081 467683 93182 314 3814 138 31225 7537 15550 87292 41963 928 1564 401783 3680 3797 34460 51012 39393 33124 1311 34578 6466 1660 10704 24063 11245 4999 94 357 2355 81234 1308 3972 10369 653 521 2236 6114 29198 53926 7413 7145 24721 6694 18127 1103 8284
internal_value=-0.000120027 -0.00671328 -0.0043922 -0.0361303 0.000224194 -0.0011813 -0.000759955 -0.0144549 -0.0350776 0.00244781 0.00988761 0.0582446 0.00416991 0.000848994 0.0275143 4.78176e-06 -0.0234855 -0.0101057 0.0358699 0.167078 0.00112398 -0.00282486 -0.0332442 0.00976066 -0.0323331 -0.00491489 0.0219044 -0.000347434 -0.0160003 -0.0167414 0.0143032 0.0289385 0.00767997 -0.017718 0.000148152 0.000549685 0.0185608 -0.0289144 -0.000806618 -0.0252325 0.067622 -0.0841282 -0.133541 -0.0289165 -0.0193131 0.0134965 -0.00182348 -0.0114699 0.0359457 0.0163593 0.180146 -0.000746354 -0.0106272 -0.000240803 -0.0101619 0.016707 0.00250011 0.000783328 -0.0100256 0.00470909 0.0299047 0.0831869
internal_weight=55638.5 2760.65 2679.47 209.87 52877.8 32399.2 32254.5 2005.78 800.913 20478.7 5062.31 535.274 4527.04 4162.96 686.715 15416.3 701.111 602.265 196.278 25.4082 14715.2 10098.2 760.485 4617.06 405.987 247.472 184.509 9337.69 692.103 574.245 3924.96 1222.84 2702.11 87.6544 30248.7 29836.5 2089.46 471.91 27747.1 605.711 110.372 186.24 78.1623 412.197 368.973 2185.47 817.498 680.665 640.042 170.869 21.2299 1204.87 849.407 27046.6 2530.71 1496.37 1232.9 24515.9 1096.25 877.483 1184.14 263.472
internal_count=5635248 274087 198364 51050 5361161 3562940 3107037 110435 55090 1798221 377934 317021 60913 54738 17501 1420287 622005 154322 4919 452 798282 466645 57325 331637 149403 56221 55293 409320 115035 21007 216602 85472 131130 52838 2996602 2992579 41044 17210 2951535 111355 13330 36318 5093 4023 3666 125907 44673 43365 16420 4467 2085 55345 8350 2940831 130787 76861 61164 2810044 54019 47325 25824 15697
is_linear=0
shrinkage=0.1


Tree=101
num_leaves=63
num_cat=0
split_feature=29 30 24 4 12 14 25 17 26 2 10 11 0 3 4 9 25 17 19 24 9 25 0 2 2 19 25 25 26 1 2 0 25 21 24 21 19 19 21 19 24 8 19 26 3 24 1 24 1 14 12 12 19 0 11 17 12 12 10 10 26 13
split_gain=12.3796 158.881 57.328 39.9611 33.9567 28.5005 23.6912 23.5004 22.5676 21.3732 24.9149 19.6421 19.4304 31.7139 32.5481 18.0475 17.9933 17.5788 16.2942 16.6508 22.6552 16.127 20.3871 22.1466 38.2098 16.3651 16.1164 21.9344 20.5883 15.9165 22.089 20.1941 18.8305 26.2384 19.43 15.9631 20.2138 15.411 18.1052 20.6701 14.3531 14.1361 13.7027 13.164 12.9469 19.5355 18.9631 14.6312 14.4918 29.8624 45.5524 27.8794 26.2652 35.3543 25.5955 20.8066 26.1713 22.321 20.8208 19.9503 19.1475 19.0181
threshold=1.5000000000000002 1.0000000180025095e-35 9.5000000000000018 1.0000000180025095e-35 53.907203674316413 0.44949495792388922 4.5000000000000009 8.5000000000000018 0.31666667759418493 0.7028520703315736 28.718704223632816 17.712418556213382 0.14652930945158008 5.5000000000000009 1.0000000180025095e-35 27.334994316101078 6.5000000000000009 8.5000000000000018 70.897583007812514 19.500000000000004 89.699382781982436 3.5000000000000004 0.31957960128784185 0.40789571404457098 0.38219055533409124 98.514816284179702 4.5000000000000009 5.5000000000000009 -1.0000000180025095e-35 1.5000000000000002 0.55444663763046276 0.70274078845977794 9.5000000000000018 0.65942031145095836 8.5000000000000018 0.69397994875907909 96.437637329101577 88.019138336181655 0.79583334922790538 93.764953613281264 5.5000000000000009 11.500000000000002 98.441547393798842 0.38750000298023229 1.5000000000000002 16.500000000000004 19.500000000000004 9.5000000000000018 13.500000000000002 0.31666667759418493 59.317129135131843 75.93103408813478 76.964214324951186 0.27771946787834173 68.614070892333999 2.5000000000000004 84.273937225341811 93.908470153808608 80.217391967773452 68.801231384277358 0.19090909510850909 81.120250701904311
decision_type=2 2 2 2 2 2 2 2 2 2 2 2 2 2 2 2 2 2 2 2 2 2 2 2 2 2 2 2 2 2 2 2 2 2 2 2 2 2 2 2 2 2 2 2 2 2 2 2 2 2 2 2 2 2 2 2 2 2 2 2 2 2
left_child=12 3 5 4 -2 7 -7 -3 17 10 -10 -9 13 14 16 -13 -1 26 19 -18 -21 22 -6 24 -24 -23 28 -28 -5 31 -31 42 34 -34 35 41 -37 -36 39 -39 -11 -32 -29 -8 45 46 47 -14 -46 51 -51 52 60 -54 -53 56 -52 -57 -59 -56 -50 -58
right_child=1 2 -4 8 21 6 43 11 9 40 -12 15 44 -15 -16 -17 18 -19 -20 20 -22 25 23 -25 -26 -27 27 29 -30 30 32 -33 33 -35 37 36 -38 38 -40 -41 -42 -43 -44 -45 48 -47 -48 -49 49 50 55 54 53 -55 59 57 61 58 -60 -61 -62 -63
leaf_value=0.070597447946364786 -0.09778261870484134 0.0017705319073426659 -0.12317449262792608 -0.1651128981529989 0.060734028998138692 -0.20352621918803498 0.1008140440072002 -0.082778884491623073 0.11203630039317057 -0.18902136064297212 -0.068215318764974997 0.23984915898408909 0.029990027879286885 -0.030687633843978008 -0.011401727335252696 0.073996037402443968 -0.077433133008238147 -0.030310682701255393 0.059293128765572072 -0.10057033186873945 3.883287355422226 -0.037558385423823101 -0.10017721513090412 0.21862640639525763 2.9061330268302474 0.093412132243959778 -0.033731933061190218 -0.044704639792572921 0.059826490492455066 -0.0090411726310215147 0.027013389362232222 0.010942771848240766 -0.062097069495625039 0.016665428787915219 -0.026396669455038282 -0.047442974566999654 0.06031239047657995 0.082304001307949626 -0.020879780587629224 0.24582425198134455 -0.01047316455089929 0.12310076090362443 0.086554600312421584 0.035834638115806249 0.00057922489620721557 -0.2314999077987302 0.092042694729533622 -0.057334439230820704 -0.081083290400626312 0.11854975445470627 0.025665414335357153 0.038520553079004594 0.0035141007275418649 -0.032637698079414357 -0.073361847160299712 -0.028976285893936794 -0.039912790035134323 0.011944803052167736 -0.019164511063001169 0.005258891677194788 -0.02826547323223097 0.0018992921992091829
leaf_weight=184.98691922946 91.685498149410705 96.271966707403408 17.11761673619003 4.3434536560089319 11.019998640604168 2.7907217255560672 181.99483339465223 5.135364996845964 8.0730222703277814 4.5775624969974151 152.96982086428034 9.8249795211868349 98.361492259682564 89.521627396277836 97.987921805011865 19.749344489808209 18.46100718759681 246.83374876178277 19.242249672683101 0.033117188286268084 0.025088245049118996 244.25572318676677 0.07343456850503649 0.3101393584656762 0.099643127861781977 9.9282837472564989 214.2893528623099 190.55184560036287 64.401760433800519 557.20899306577485 321.00536901249143 134.5030264928937 61.719988881217432 134.39541949456907 9.4975628200045303 61.179199530277401 24.33295989211183 19.053252539422829 7.840267685474827 13.008032961050047 273.81147457996849 16.077616756170755 8.2996948892250639 37.621962148463354 46155.268041762851 2.8504315647296599 40.322468975908123 23.836743012769148 112.7533069983956 32.165499751445168 471.92918699159418 162.42097567245582 529.35561270935978 553.20690215089417 46.217031788746681 455.63635035003972 115.52557746996899 491.33410874413312 382.71417015902261 106.99769036178986 175.41750443795263 1864.0912426677787
leaf_count=89476 639291 12005 8345 213 6604 76 6029 609 320 83 1999 1917 1875 84181 7013 3214 46663 14796 5294 119 1 192711 90 134 36 158 4792 1846 2470 11512 2917 1112 710 1381 96 661 225 159 96 80 3047 194 83 1147 2695435 60 710 518 641296 3487 34820 5842 245138 323436 5270 69883 14402 67999 49869 2598 183568 135137
internal_value=-0.000110841 -0.00609344 0.0555526 -0.0140094 -0.0453095 0.0642098 0.0860035 0.0272041 -0.00958459 -0.0301829 -0.0591794 0.0977475 0.000262091 0.0219391 0.0366279 0.129095 0.0577564 -0.00525067 -0.00514986 -0.0721089 1.61659 -0.0272016 0.0886112 0.724363 1.6306 -0.0324428 -0.00189202 -0.00373404 0.0456144 0.000390122 0.0056609 -0.0189838 0.0179226 -0.00812212 0.0287442 0.0218073 -0.0167806 0.0880874 0.115338 0.148648 -0.013409 0.0315964 -0.0392261 0.0896826 9.04757e-05 0.0280261 0.0325779 0.012956 1.04106e-06 -0.00485121 4.89553e-05 -0.015932 -0.0221019 -0.0149601 0.0108627 -0.000959086 0.004504 -0.0110314 -0.00167684 -0.018457 -0.0489316 -0.000540758
internal_weight=55486.5 3255.85 370.507 2885.35 357.373 353.389 222.408 130.982 2527.97 439.432 161.043 34.7097 52230.7 410.258 320.736 29.5743 222.748 2088.54 37.7615 18.5192 0.0582054 265.687 11.5032 0.483217 0.173078 254.184 1841.71 1772.96 68.7452 1558.67 1225.32 333.355 668.11 196.115 471.994 422.595 85.5122 49.3991 39.9016 32.0613 278.389 337.083 198.852 219.617 51820.4 165.371 162.521 122.198 51655 5499.77 3813.4 1686.37 1370.73 1082.56 315.636 3781.23 2451.55 1329.68 874.048 153.215 288.171 1979.62
internal_count=5635248 921158 33342 887816 839024 24997 7252 17745 48792 5449 2319 5740 4714090 232747 148566 5131 141553 43343 52077 46783 120 199733 6864 260 126 192869 28547 25864 2683 21072 18031 3041 6519 2091 4428 3997 886 431 335 239 3130 3111 1929 7176 4481343 3163 3103 2393 4478180 1782745 375597 1407148 1393438 568574 13710 372110 184359 187751 117868 7868 824864 149539
is_linear=0
shrinkage=0.1


Tree=102
num_leaves=63
num_cat=0
split_feature=5 13 2 21 11 24 11 1 14 7 13 21 1 30 10 13 0 0 3 21 0 14 11 10 0 13 25 14 20 18 18 0 2 4 20 11 2 0 13 14 2 0 7 14 1 10 24 25 18 4 30 0 0 0 29 2 1 2 21 21 14 11
split_gain=12.252 26.7704 27.7199 26.441 65.3948 62.8112 28.0396 27.8617 34.5129 79.8401 44.4139 41.4803 28.4933 30.336 24.4011 36.6096 28.1225 26.3843 27.1432 22.6525 22.6262 21.2708 25.5743 21.1499 23.8805 20.7795 35.9531 20.374 23.7692 28.2078 22.8487 19.7981 18.8529 21.3307 18.7322 18.5453 18.1992 51.3665 29.9835 30.9236 29.2823 42.4547 29.0998 59.4229 39.7656 28.0527 26.5104 29.7961 36.3456 33.9172 29.3709 26.4422 25.9531 26.7678 38.6203 37.0454 32.9033 37.2069 28.7569 25.2054 32.4192 28.4634
threshold=1.0000000180025095e-35 27.072835922241214 0.87487441301345836 0.98275861144065868 99.275363922119155 7.5000000000000009 40.967367172241218 1.5000000000000002 0.31666667759418493 1.0000000180025095e-35 93.788581848144545 0.23205128312110904 6.5000000000000009 1.0000000180025095e-35 33.520599365234382 84.028984069824233 0.91480755805969249 0.39505723118782049 14.500000000000002 0.22902098298072818 0.44748187065124517 0.2264957278966904 25.677655220031742 20.126582145690922 0.66862231492996227 44.636014938354499 7.5000000000000009 0.93750000000000011 98.006622314453139 97.446762084960952 98.425098419189467 0.4615634977817536 0.84802827239036571 1.0000000180025095e-35 99.80237197875978 87.226108551025405 0.84802827239036571 0.74851754307746898 37.248718261718757 0.27922078967094427 0.7506278157234193 0.60060089826583873 1.0000000180025095e-35 0.31666667759418493 2.5000000000000004 53.410852432250984 9.5000000000000018 6.5000000000000009 31.267457962036136 1.0000000180025095e-35 1.0000000180025095e-35 0.20631533861160281 0.47759336233139044 0.86401242017745983 1.0000000180025095e-35 0.94277468323707592 1.0000000180025095e-35 0.99996608495712291 0.43874999880790716 0.81534090638160717 0.38750000298023229 52.704679489135749
decision_type=2 2 2 2 2 2 2 2 2 2 2 2 2 2 2 2 2 2 2 2 2 2 2 2 2 2 2 2 2 2 2 2 2 2 2 2 2 2 2 2 2 2 2 2 2 2 2 2 2 2 2 2 2 2 2 2 2 2 2 2 2 2
left_child=1 2 19 7 5 14 20 27 9 10 11 -9 13 -13 16 -16 17 18 -5 -1 -7 22 31 24 -3 26 -10 28 30 -30 -2 -21 -14 -34 -27 -17 37 40 -38 45 41 42 44 -44 -25 -40 59 48 -48 -49 -51 -45 -41 56 -55 -56 -54 -58 -59 -46 61 -61
right_child=3 23 -4 4 -6 6 -8 8 25 -11 -12 12 32 -15 15 35 -18 -19 -20 21 -22 -23 -24 36 -26 34 -28 -29 29 -31 -32 -33 33 -35 -36 -37 38 -39 39 52 -42 -43 43 51 46 -47 47 49 -50 50 -52 -53 53 54 55 -57 57 58 -60 60 -62 -63
leaf_value=-0.092776035981374544 -0.024989468173632422 0.10437276949281218 -0.043854842512755475 0.087830046661769912 0.071285797088870048 0.24670874643838803 2.657073358704421e-05 -0.051294920822796908 0.070662858379336266 -0.10294015617106395 0.10401682588588759 0.012125640666623676 -0.01738145093332797 -0.0135684716756981 -0.025210787691383782 0.076003348141515381 -0.11628395459873904 0.0080217324673483963 0.54689126442811764 0.019670972935931133 0.040964264793072788 0.13630239336467706 -0.034583857789862907 -0.01184874613077189 -0.019370071767583291 0.00020197687399312045 -0.023073497547912266 -0.0037547543301257864 0.01619064823603587 -0.031875198029901006 0.062644360753052714 -0.010708266261666745 0.20133427472584342 -0.016278400362811269 0.027534689097814449 0.0050870758673743563 -0.023133279959261698 -0.019635142289122897 0.0091784088157864565 -0.0357855634712161 0.012775829821447864 -0.010985057712600971 -0.10183491730402959 -0.051403535770707068 0.0083804882758188107 0.044289130854599061 0.014360720161847119 -0.027107533240269849 0.07029923730051478 0.039902638935138922 -0.026355342456502312 -0.00093670869204106808 -0.0016455906341467869 0.032199283777065879 -0.049817567767099259 -0.0034676052968714444 0.014122731579158946 -0.0010125033273833595 0.094954136965100078 -0.0009218079804519428 0.03847976618867275 -0.056702004751343793
leaf_weight=29.197268829966561 1507.5648117062665 41.910003671273444 230.65670940812197 23.28716041641383 152.71389914583415 5.4062379328679517 218.16888563567409 212.51786345767232 108.59661143772246 89.477052277153234 35.472776137641631 1192.7110237351226 1477.9987781294931 747.48255477207567 850.27802540063931 42.626819381606765 17.633657267462695 725.81004193850822 1.3634245899593214 389.65986594252263 472.58558970321246 10.771037871621955 229.67307031721884 1041.6932572766218 24.838649571393034 16095.944545259124 65.658137331756734 2753.915491253385 381.08352026530338 179.65349866429096 30.351105995607213 477.28147955795794 8.4481926272928831 9.6491152100206818 254.70829006738495 273.32879785221303 321.21009812966804 1194.187261778854 501.26706489297794 150.11836452003627 2135.9076125733991 2759.1758541468589 60.187305421599376 105.88859867334395 5633.0840254403465 416.75111394928535 229.57234813739342 181.74182510944047 235.10473509380608 302.2628593169793 85.919663309585303 5317.0329244672794 1478.1828855380008 191.54809140032739 249.12198286619969 560.20577601890545 2304.782374586488 44.801128199658706 103.04121246468276 180.40688129427144 87.722198073519394 185.5873840379063
leaf_count=139676 37061 17188 7386 1067 116406 173 10460 246966 12389 820274 6129 91350 640053 19231 23777 4746 213 20107 48 277172 8935 180 221567 22072 431 742557 1241 64706 7349 2363 364 30415 1188 192 8557 11034 11104 32172 11136 3960 50502 61028 495925 70655 599847 12978 9431 112615 21606 4384 1608 300072 35561 102969 2615 7073 47641 1103 6004 8881 4911 4444
internal_value=-0.000105616 0.00139313 -0.0122473 -0.00158055 0.00766806 0.00397471 0.0297326 -0.00260398 -0.000976652 -0.00960524 -0.00733849 -0.00842106 -0.00576952 0.00222668 -0.00529551 -0.0144105 0.00854413 0.0114772 0.113221 -0.00583287 0.0432913 -0.00354053 -0.00491408 0.00210704 0.0583253 0.00099384 0.0353436 -0.00941124 -0.0168339 0.00079092 -0.02326 0.00294614 -0.0161393 0.0853076 0.000627762 0.0146547 0.00196303 0.000467351 0.00663283 0.00822641 0.00176209 0.00032815 0.00261561 -0.00301886 0.00640025 0.0251176 0.00906965 0.0238687 0.042663 0.00854512 0.0252372 -0.00192213 0.00517505 0.00642187 -0.00817835 -0.0177347 0.0101394 0.0172422 0.0658731 0.00655419 -0.0161201 -0.0292067
internal_weight=55424.9 27490.5 1367.24 27934.4 2783.2 2630.49 696.161 25151.2 20298.7 3773.76 3684.28 3648.81 3436.29 1940.19 1934.33 1166.23 768.094 750.461 24.6506 1136.58 477.992 1107.39 1096.61 26123.3 66.7487 16524.9 174.255 4852.57 2098.65 560.737 1537.92 866.941 1496.1 18.0973 16350.7 315.956 26056.5 19735.5 6321.03 5999.82 18541.3 16405.4 13646.2 5483.11 8163.1 918.018 7121.4 1034.6 464.677 569.924 388.183 5422.92 5081.8 4931.68 1000.88 809.328 3930.81 2452.62 147.842 6086.8 453.716 365.994
internal_count=5635248 2736312 676396 2898936 196966 80560 19568 2701970 2590127 1825383 1005109 998980 752014 110581 60992 39557 21435 21222 1115 669010 9108 529334 529154 2059916 17619 764744 13630 111843 47137 9712 37425 307587 641433 1380 751114 15780 2042297 1800153 242144 231040 1767981 1717479 1656451 866652 789799 24114 767727 149644 31037 118607 5992 370727 206926 202966 112657 9688 90309 54748 7107 618083 18236 13325
is_linear=0
shrinkage=0.1


Tree=103
num_leaves=63
num_cat=0
split_feature=29 24 18 2 27 21 27 21 2 2 8 1 2 29 8 18 9 19 7 14 13 14 26 14 18 8 30 29 29 24 27 26 18 25 26 20 26 3 18 12 1 26 24 24 21 25 26 19 2 2 21 2 1 12 30 2 9 21 1 12 12 19
split_gain=11.5726 23.2092 16.143 14.4934 11.3543 30.6339 13.2598 12.6463 16.7539 11.6811 11.1852 10.9498 130.678 55.2057 30.5642 19.259 17.4853 18.7545 17.313 177.98 65.7324 59.334 62.3567 44.8262 45.8314 38.761 32.6808 64.2684 60.5527 76.7735 51.6081 44.0249 40.155 39.8641 73.1878 36.8374 35.6585 32.5163 40.2516 46.2334 30.895 30.1188 29.6458 28.5101 27.4544 26.5048 27.812 38.3753 24.9404 23.9113 22.6671 21.772 21.587 36.2864 23.8 21.5158 33.4018 31.4708 25.2144 21.1617 63.8132 49.0056
threshold=2.5000000000000004 7.5000000000000009 89.591667175292983 0.40789571404457098 4.5000000000000009 0.85357144474983226 6.5000000000000009 0.33854167163372045 0.66838625073432933 0.92946019768714916 64.500000000000014 1.0000000180025095e-35 0.99996608495712291 1.0000000180025095e-35 2.5000000000000004 80.094341278076186 31.851119995117191 92.545253753662124 1.0000000180025095e-35 0.31666667759418493 99.206348419189467 0.93750000000000011 0.44949495792388922 0.73214286565780651 1.0000000180025095e-35 2.5000000000000004 1.0000000180025095e-35 1.5000000000000002 1.0000000180025095e-35 6.5000000000000009 2.5000000000000004 0.58571431040763866 77.460720062255874 7.5000000000000009 0.38750000298023229 81.644729614257827 0.4083333313465119 28.500000000000004 88.143623352050795 97.617694854736342 1.5000000000000002 0.34848485887050634 8.5000000000000018 10.500000000000002 0.74456521868705761 9.5000000000000018 0.26136364042758947 93.03940582275392 0.7921138107776643 0.92946019768714916 0.37715516984462744 0.19050184637308124 13.500000000000002 53.907203674316413 -1.0000000180025095e-35 0.22123819589614871 52.223320007324226 0.13714733719825747 20.500000000000004 99.333332061767592 83.795948028564467 76.885185241699233
decision_type=2 2 2 2 2 2 2 2 2 2 2 2 2 2 2 2 2 2 2 2 2 2 2 2 2 2 2 2 2 2 2 2 2 2 2 2 2 2 2 2 2 2 2 2 2 2 2 2 2 2 2 2 2 2 2 2 2 2 2 2 2 2
left_child=4 2 3 -2 10 7 9 -6 -9 -7 11 15 18 16 -15 -1 -14 -18 20 -20 21 23 42 26 25 -25 31 28 36 30 33 37 -31 -30 -35 41 -28 40 39 44 49 -34 -23 50 -39 46 47 -29 -37 -13 -33 -21 -42 54 -54 56 57 -38 -59 60 61 -53
right_child=1 -3 -4 -5 5 6 -8 8 -10 -11 -12 12 13 14 -16 -17 17 -19 19 51 -22 22 -24 24 -26 -27 27 45 29 32 -32 43 35 34 -36 48 55 38 -40 -41 52 -43 -44 -45 -46 -47 -48 -49 -50 -51 -52 59 53 -55 -56 -57 -58 58 -60 -61 -62 -63
leaf_value=-0.016941238827619946 -0.038196072122332246 -0.080137104361900774 -0.059676232664648846 0.031079009101082633 0.068942904231041144 0.0046552731387546273 -0.068306922628875097 -0.1058253007183757 -0.033275910554632547 0.071974586250790659 -0.064542342214819567 -0.016499922239978506 -0.12759489066564042 0.031559605307587522 0.11884393443849502 -0.0011459011026168271 -0.0085298089400569124 0.067265290901512634 -0.10240695842188136 -0.041405031574707776 0.097884420977781994 0.0096040235775967167 0.094770138544050295 0.064602990124059387 -0.02204370387069202 -0.0045032239025266964 0.056015886885615256 0.035925228049817653 -0.0022861308032657251 -0.067597706456117221 -0.13510032716590331 0.097584963928629531 0.12320996696420439 0.22095340587699389 0.024557137877271384 -0.044539375761846488 -0.10478645989053199 -0.073780576353641242 0.04145479949395281 -0.0044966574578177735 0.0072049872352236387 -0.021164634399155297 0.064456481044399938 0.0072110514382486869 0.040530494520902946 -0.085378226382413297 0.041102503453358787 0.22751439263127848 0.0025652408353127824 0.011388020435382479 0.029375495717837936 -0.076435674792682734 0.014722833782301699 0.0014929693952364638 -0.048647731700567631 -0.0023663662328558574 -0.015018104161481924 0.10128006580135962 0.020730948019198014 -0.00052382099534617574 -0.081197061965502457 0.0295408748086066
leaf_weight=983.84068552040117 42.953839594554665 53.39515441579897 42.365622606006582 101.71859664560725 9.4920739873141411 61.209968661736639 14.717221722581597 40.943334569090439 143.02036349620903 44.524648946120578 26.74791576583084 1215.0941200496145 8.2039014016409038 54.979222730580659 148.41835733507469 3583.7653982370539 79.034394851016259 55.619416640820418 175.62372925073578 134.27879245927397 70.778019240970025 805.389690935197 113.87796708056703 117.15574499871582 1520.8131408663139 264.1896647263784 109.70948539816345 20.717523086173969 506.70201371253825 333.78816726494551 25.390523730959103 52.311601715678989 29.012422194842657 23.189548049740552 104.39283802085629 435.0588966487885 11.622652318743347 215.8456177677017 93.598185489470779 319.12515728152357 10681.919264008959 28.786859832085611 112.26513967183564 822.56532276440703 23.276190092394245 13.378866767428915 161.41851172079259 21.104726346136886 151.55992568720831 411.58803983155667 709.5925318061054 56.546366070433578 77.439826764597456 2517.0825394002004 252.52832208524524 7839.2987030884105 119.6458717045316 88.039350751299935 69.573119758850225 18703.717493966607 129.9139262223398 191.085969741398
leaf_count=36265 80966 142314 2319 20465 529 1763 502 2224 3517 2549 11570 19075 404 904 2643 181610 3947 48881 1600138 73067 22127 13559 17851 1159 82092 4914 7418 3102 22890 19129 509 3279 730 978 4134 12606 20860 180583 7233 22960 682114 913 1971 13627 1154 4006 5956 267 2324 5878 11382 71868 100802 205598 709582 285014 2348 11687 11052 745420 72748 5772
internal_value=-9.60717e-05 -0.0219874 -0.00538701 0.010511 -6.06773e-07 -0.018965 0.0206249 -0.0436149 -0.0494227 0.0330033 0.000107985 0.000139544 0.000565846 0.061787 0.0952506 -0.00454814 0.0141423 0.0227777 0.000140863 -0.00219524 0.00162664 0.00140267 0.0249759 0.000575195 -0.0142709 0.0167274 0.00160267 -0.00292402 -0.00410587 -0.0216668 0.00469738 0.00422947 -0.0394461 0.0102935 0.0602544 -0.0248645 -0.000614354 0.00263658 -0.0192327 -0.0294078 0.00357718 0.0513044 0.0163146 0.0201209 -0.0626535 0.0509573 0.059932 0.132607 -0.0323693 -0.00944363 0.0340587 -0.00127934 0.00514276 -0.00259457 -0.0337754 -0.00137872 0.0254229 0.0540139 0.0657242 -0.000996964 -0.0244366 0.00534133
internal_weight=55374.9 240.433 187.038 144.672 55134.5 313.908 120.452 193.456 183.964 105.735 54820.6 54793.9 50226.2 346.255 203.398 4567.61 142.858 134.654 49880 19391.2 30488.8 30418 1031.53 29386.5 1902.16 381.345 27484.4 10092.4 9875.77 1637.88 659.675 17392 978.206 634.284 127.582 644.418 8237.89 15807.5 651.845 558.247 15155.7 57.7993 917.655 1584.47 239.122 216.62 203.241 41.8222 586.619 1626.68 761.904 19215.5 13529 2847.05 329.968 8128.18 288.881 169.235 157.612 19081.3 377.546 247.632
internal_count=5635248 246064 103750 101431 5389184 11084 4814 6270 5741 4312 5378100 5366530 5148655 56779 3547 217875 53232 52828 5091876 2569013 2522863 2500736 33381 2467355 88165 6073 2379190 415923 402592 64213 28511 1963267 35702 28002 5112 16573 338379 1934979 211930 204697 1723049 1643 15530 28288 181737 13331 9325 3369 14930 24953 14661 968875 1698096 1015982 810384 330961 45947 43599 22739 895808 150388 77640
is_linear=0
shrinkage=0.1


Tree=104
num_leaves=63
num_cat=0
split_feature=0 30 9 3 17 14 18 8 2 27 29 30 18 24 9 13 27 27 28 14 25 18 19 20 18 2 19 21 14 21 13 9 19 2 9 13 8 20 18 21 19 17 24 25 18 21 20 19 0 0 3 24 25 18 8 25 20 18 2 2 20 19
split_gain=10.9709 29.1649 46.9073 24.1698 22.1025 32.9726 71.6917 32.0962 21.1106 15.8739 11.1355 121.972 54.9502 45.082 30.829 74.2688 29.7839 25.4783 24.2497 24.2493 22.1917 26.7341 23.6038 26.1927 53.2241 27.1665 22.5388 21.6335 20.4699 19.4944 19.4486 20.2563 67.3301 38.3915 18.7839 24.1452 19.9567 86.6163 18.6969 16.7574 29.0972 16.4868 20.2897 64.9646 22.904 19.0673 17.3693 16.2904 16.2559 16.0635 23.9105 15.9432 55.5467 17.9581 15.8433 15.0374 18.4287 16.3115 14.9459 14.7937 14.3918 13.6584
threshold=0.93393263220787059 1.0000000180025095e-35 38.924964904785163 5.5000000000000009 9.5000000000000018 0.64583334326744091 93.555309295654311 8.5000000000000018 0.97793668508529674 2.5000000000000004 1.5000000000000002 1.0000000180025095e-35 98.253242492675795 9.5000000000000018 38.924964904785163 45.867485046386726 1.5000000000000002 2.5000000000000004 1.5000000000000002 0.58571431040763866 3.5000000000000004 35.493415832519538 78.283874511718764 84.237243652343764 81.977397918701186 0.69381573796272289 93.946441650390639 0.82085561752319347 0.44949495792388922 0.41885964572429663 69.00656890869142 50.31645584106446 91.239036560058608 0.33486531674861914 27.334994316101078 16.53005409240723 14.500000000000002 84.011833190917983 87.194396972656264 0.1132478639483452 56.152366638183601 11.500000000000002 7.5000000000000009 8.5000000000000018 88.473194122314467 0.54006412625312816 95.84293365478517 85.786437988281264 0.39505723118782049 0.14652930945158008 5.5000000000000009 9.5000000000000018 10.500000000000002 78.958660125732436 1.0000000180025095e-35 10.500000000000002 76.609558105468764 62.303319931030281 0.61523786187171947 0.41026575863361364 96.164356231689467 88.473194122314467
decision_type=2 2 2 2 2 2 2 2 2 2 2 2 2 2 2 2 2 2 2 2 2 2 2 2 2 2 2 2 2 2 2 2 2 2 2 2 2 2 2 2 2 2 2 2 2 2 2 2 2 2 2 2 2 2 2 2 2 2 2 2 2 2
left_child=10 8 3 -3 -4 -6 -7 9 -2 -8 49 12 14 16 15 19 28 18 20 -12 21 -16 -22 24 55 -25 30 -19 34 47 31 32 33 -26 35 -13 54 -38 -28 40 -23 42 44 46 -27 -46 -44 48 60 50 -1 53 -53 -45 -37 56 57 -24 -18 -33 -20 -58
right_child=1 2 4 -5 5 6 7 -9 -10 -11 11 13 -14 -15 17 -17 58 27 29 -21 22 39 23 25 26 41 38 -29 -30 -31 -32 59 -34 -35 -36 36 37 -39 -40 -41 -42 -43 43 51 45 -47 -48 -49 -50 -51 -52 52 -54 -55 -56 -57 61 -59 -60 -61 -62 -63
leaf_value=0.032664039210676295 -0.074153701644354184 0.016873367018579787 0.063430900488627665 -0.12162370290022058 0.088458076845051817 -1.6176100357475591 -0.0048202238370953932 -1.944510581935077 -0.01631192926431075 -0.97155901537281297 -0.061729709578171588 -0.10662840735515713 0.11261588614309506 -0.11615359002548167 -0.042063426203523421 7.4067156874604834 -0.045353698109365514 -0.075082413945934012 -0.041642524526696048 2.4056826608268 -0.037661904664118007 0.15970466673618833 0.011406195237960199 -0.032612392449982014 2.1857018535420134 0.010698902680549002 -0.066505378810686563 0.033441373763773159 0.092973171429525062 -0.058416787815352395 0.067795200841835698 0.037773629981821683 0.014696770085395997 0.39964606802545899 0.015905450338550901 0.51398609654635929 -0.10385566425384817 3.9278670576939172 0.14349170257487665 0.14731455082080169 1.0568246069477174 -0.069732499268365028 0.072603518622336272 0.13928755199751944 0.09999937948892236 -0.063254833112915534 0.19538191235664648 0.06303301684504807 0.040056804799187003 0.0002358519084228874 -0.026743538491356314 0.12995900076093758 -0.0038056103945896453 -0.044899616552917188 0.13380267680203237 -0.049786127651524591 -0.0072113619996490037 -0.026622847550386294 0.050781925732155675 0.28316586153147594 0.74683384419878074 0.049459786567066372
leaf_weight=321.95284463064127 91.920769577569445 22.271240280089842 109.17585343932296 29.018896655295976 2.9267626145156092 0.40825994370970908 1.9023388494388207 0.097814250621013232 201.23344091158651 0.18650161777622987 137.57050734026234 3.7132157880914773 34.623732505628141 15.702540162712465 8.1599535567202128 0.013318976387380554 36.981260144322732 103.11841337696751 120.77692946522438 0.03984201500133977 220.96386373118912 0.95117670102626906 218.32858559413398 440.25381941821615 0.30567542012431548 116.0988050866581 20.373856641763272 22.34989204028534 170.40428459629766 169.43507156750093 119.309483675519 5.083642643876372 0.82209065822462435 0.19850419730937574 83.965473523651781 1.183059903602049 0.18755858628173783 0.074433788606256712 5.3539259455137644 10.698084290592304 0.58320882590487599 32.767251491848583 25.706636539838655 5.637107877082598 7.6674020979553452 106.88144388348155 20.882064330391586 25.44589924740103 31.95730037165049 51220.84988354797 85.805521299242173 36.01225866934692 225.01344551963484 86.835278925642342 14.915840573367857 59.818224378605009 66.160398233678279 233.32116355068138 28.738877075362325 4.7542631016112864 0.23193791508674522 119.06035035547393
leaf_count=148566 1773 331 133221 411 437 76 968 61 7697 66 598716 742 514 8345 3875 1 4570 1881 80944 3 135177 222 4132 14555 70 1413 245 283 6081 16736 904 76 135 70 8974 408 292 43 39 358 9 799 254 83 60 1414 145 1736 4028 4336330 84181 379 2583 949 2772 5393 3552 4043 1115 79 2 1931
internal_value=-9.04438e-05 -0.0154839 0.0180101 -0.0614854 0.0535587 -0.141638 -0.401159 -0.174041 -0.0344487 -0.0911353 3.84646e-05 -0.00568637 -0.0125936 0.0495062 -0.014137 -0.0602926 0.0571534 -0.0117591 -0.00959101 -0.0610153 -0.00570847 0.0981249 -0.00668083 -0.00318213 0.00997993 -0.0133527 0.0627375 -0.0557509 0.0716334 -0.0341243 0.0796054 0.205819 0.57268 1.4825 0.0366814 0.123582 0.17583 1.04158 -0.0228052 0.191641 0.500693 -0.000573266 0.00301962 0.0166376 -0.0206024 -0.0523273 0.127635 -0.0110542 -0.0233786 0.000393233 0.0201628 0.00200881 0.0146491 -0.0336716 0.161741 -0.0018486 0.00265394 -0.00823952 -0.00331438 0.156362 -0.0401313 0.029217
internal_weight=55287.2 459.142 165.988 51.2901 114.698 5.52168 2.59491 2.18665 293.154 2.08884 54828 3199.43 2843.56 355.867 2808.94 137.624 340.164 2671.32 2545.85 137.61 2198 20.3924 2177.61 1956.65 852.89 1103.76 156.201 125.468 274.444 347.847 130.474 11.1642 1.32627 0.50418 104.04 20.0741 16.3609 0.261992 25.7278 12.2325 1.53439 663.502 630.734 400.087 230.648 114.549 46.5887 178.412 152.966 51628.6 407.758 353.498 261.026 92.4724 16.0989 696.689 636.87 451.65 65.7201 9.83791 121.009 185.221
internal_count=5635248 145041 135571 742 134829 1608 1171 1095 9470 1034 5490207 921130 887788 33342 887274 598720 24997 288554 286390 598719 182944 4464 178480 43303 20669 22634 1618 2164 19312 103446 1334 430 275 140 13231 4257 3515 335 284 589 231 8079 7280 4393 2887 1474 399 86710 84974 4569077 232747 3994 2962 1032 3180 19051 13658 8175 5685 155 80946 5483
is_linear=0
shrinkage=0.1


Tree=105
num_leaves=63
num_cat=0
split_feature=17 9 12 1 11 14 29 12 12 9 11 25 12 0 8 18 28 20 18 29 20 19 18 29 2 25 0 20 18 9 3 0 10 3 8 18 20 0 20 29 14 10 0 0 30 14 26 14 20 18 19 18 25 20 25 1 10 9 0 9 14 0
split_gain=11.0734 23.6207 41.2136 23.6816 20.1336 18.7738 14.6165 13.5782 14.9546 23.1752 14.8086 12.8592 19.034 12.8201 12.5531 12.068 31.1275 55.9507 47.6758 51.0651 47.0608 94.7195 84.1077 53.4084 37.4341 30.9612 28.2057 27.0025 40.2024 24.5611 24.2482 24.3082 22.1979 39.6045 21.4256 20.1106 20.0317 19.9967 19.7644 21.1704 21.6911 20.6255 18.9957 18.7407 18.2912 33.202 27.5276 26.5707 18.035 68.8725 47.2335 41.8929 38.9241 35.7072 33.6656 32.0139 31.9153 30.893 28.5539 27.9971 26.1608 33.1163
threshold=18.500000000000004 24.440019607543949 81.53021621704103 20.500000000000004 43.557312011718757 1.0000000180025095e-35 1.0000000180025095e-35 51.66851997375489 42.740047454833991 16.807909011840824 16.496598243713382 8.5000000000000018 64.747306823730483 0.60060089826583873 2.5000000000000004 91.239036560058608 1.5000000000000002 87.19876861572267 93.112571716308608 1.5000000000000002 95.67297744750978 94.458400726318374 96.636753082275405 1.0000000180025095e-35 0.48440276086330419 7.5000000000000009 0.24055476486682895 89.48822402954103 93.94956207275392 45.53429031372071 15.500000000000002 0.89735862612724315 21.132376670837406 3.5000000000000004 18.500000000000004 70.617500305175795 95.531894683837905 0.54977959394454967 98.614311218261733 1.0000000180025095e-35 0.58571431040763866 60.660173416137702 0.55910721421241771 0.38444003462791448 1.0000000180025095e-35 0.31666667759418493 0.38750000298023229 0.11805555596947671 98.312206268310561 98.557659149169936 97.833908081054702 96.788921356201186 8.5000000000000018 99.014755249023452 7.5000000000000009 5.5000000000000009 86.319076538085952 97.01425933837892 0.7368028759956361 93.788581848144545 0.38750000298023229 0.72551110386848461
decision_type=2 2 2 2 2 2 2 2 2 2 2 2 2 2 2 2 2 2 2 2 2 2 2 2 2 2 2 2 2 2 2 2 2 2 2 2 2 2 2 2 2 2 2 2 2 2 2 2 2 2 2 2 2 2 2 2 2 2 2 2 2 2
left_child=15 3 5 7 -4 11 -6 8 14 -10 -11 12 -3 -12 -2 34 20 -18 32 27 22 38 24 -24 -17 44 29 -20 -29 -23 48 43 33 -19 -1 37 -25 -36 39 40 -22 -41 -42 -32 46 47 -26 -46 49 58 51 59 -51 -52 56 -56 57 -55 -28 -50 61 -58
right_child=1 2 4 -5 6 -7 -8 -9 9 10 13 -13 -14 -15 -16 16 17 18 19 -21 21 26 23 36 25 -27 30 28 -30 -31 31 -33 -34 -35 35 -37 -38 -39 -40 41 42 -43 -44 -45 45 -47 -48 -49 50 52 53 -53 -54 54 55 -57 60 -59 -60 -61 -62 -63
leaf_value=0.0013024951810676614 0.031717020545346621 -0.047709928844961363 0.11331345888018995 -0.08493899311728087 0.036954477133833645 -0.13457011107762165 -0.027699539617969584 -0.029926652947456805 -0.042848352230099952 0.17239392133229769 0.097731816964635648 -0.085344291236439454 0.030095596621820264 0.0058470093884948624 -0.020168899697794458 -0.037643116666037535 0.16097236622122904 1.5479362344826981 0.20460387482587761 -0.095587250728392928 0.005110623838517638 0.19704651077746169 0.0069082003724791723 0.14238279140122254 -0.019966028613855016 0.0091838317783484568 -0.0046020434505706772 -0.012690041534860931 0.11002228838358877 0.034049811849225488 0.12554744529277398 -0.055265090899307895 -0.028206057733054093 0.1121452392650225 -0.048895971982782255 0.014228235577889624 0.020382539013704883 0.01361855120906936 0.11636014199090131 -0.0017524482398406224 0.080698432061813319 0.042047031536436658 -0.19389722117510375 0.021213150239973156 -0.020520721055103518 0.023066767348583719 -0.12625893984148023 -0.15861686376401696 0.01829689310361127 0.018680191631027285 -0.027715124634949108 0.047515892665927262 0.10699656956788801 -0.012946646464443724 0.012693185269138568 -0.047840436562906902 -0.031674176959051788 -0.41834456655178703 -0.020480417241832027 -0.032067894065192393 0.041927902758660041 0.040278408691385104
leaf_weight=37764.483814223815 95.683243931255674 143.75287044481593 17.518503347448132 26.153112658848841 60.74593228600861 24.978999381970425 82.394583431714636 58.77432912515178 19.293144720099008 14.090988724368797 35.894835586600493 56.203529731365961 40.244298721030646 26.317936816056317 90.951029071525227 668.88500423414916 29.036367455169966 0.24212093707319471 15.059172276552998 19.327126740174208 58.67904441544124 11.855221476113 107.5305798538393 61.032956608372842 1689.7910928259062 583.34113357346359 2988.2618649995875 43.872417117801888 68.199130401382718 41.982103261500015 17.90183193357916 40.81244748365134 146.05422081171128 0.93020143951252976 233.64764512939564 113.52493380874239 17.265776991866005 65.515322233506595 27.058402164268045 129.92442224793194 3.254720755328889 623.32173239905387 11.148143190279368 449.38865151749087 166.66256156689269 273.5075949938182 24.721100615930482 15.203878718712074 373.81705335589868 177.09221131019149 547.84713485703651 362.99281901480026 69.484674301489576 2108.0237664694196 1751.9449372949639 91.952046443526342 173.05138495622668 1.8814157503365994 1823.727940429857 156.61299424848403 208.1868197703734 101.47475911842776
leaf_count=4589597 26351 100399 354 39530 9457 6907 9772 8973 8048 1679 15845 18942 2071 625 23882 55490 421 97 151 2078 1801 2193 7794 611 39747 15526 91585 1208 1106 718 2740 7705 6885 649 88153 13323 223 2714 575 24141 262 8484 1643 18282 11944 20488 398 265 9823 4526 14475 6680 1052 85794 57674 4568 3772 271 43115 5498 103071 3097
internal_value=-8.81392e-05 -0.0118199 -0.0278456 0.00676693 0.0121227 -0.0520603 -0.000261686 0.0138002 0.0229063 0.0550695 0.0798276 -0.0434799 -0.0306921 0.0588617 0.00643186 8.26902e-05 -0.00219673 0.0285509 0.0154585 0.0558551 -0.00281848 0.00011637 -0.0128658 0.0526548 -0.0164238 -0.0112686 -0.00226931 0.0788782 0.0619843 0.0699424 -0.00260901 0.0187462 -0.0247273 0.408681 0.00105485 -0.021607 0.11548 -0.0352056 0.0322604 0.0295065 -0.0218803 0.0344922 -0.131845 0.0252102 -0.0167669 0.00104817 -0.0214986 -0.0320654 -0.00360118 -0.00797856 0.000166109 0.0213397 0.0435675 -0.00362915 -0.000654875 0.00967448 -0.00800122 -0.0133081 -0.0106199 0.00342636 0.015195 -0.00507791
internal_weight=55252.5 792.997 425.839 367.159 160.659 265.18 143.141 341.006 282.231 95.5969 76.3038 240.201 183.997 62.2128 186.634 54459.5 16282.3 322.721 293.684 146.458 15959.6 12351.7 3607.94 185.829 3422.11 2753.23 11498.3 127.131 112.072 53.8373 11444.5 508.103 147.227 1.17232 38177.2 412.688 78.2987 299.163 853.386 826.328 73.0819 753.246 14.4029 467.29 2169.89 455.374 1714.51 181.866 10936.4 5058.57 5877.79 893.423 246.577 4984.36 4436.52 1843.9 2592.62 2109.91 4811.99 530.43 482.713 274.526
internal_count=5635248 272835 147902 124933 19583 128319 19229 85403 76430 26197 18149 121412 102470 16470 50233 5362413 668626 12595 12174 4543 656031 503545 152486 8628 143858 88368 466639 2465 2314 2911 463728 28727 7631 746 4693787 104190 834 90867 36906 36331 3706 32625 1905 21022 72842 32697 40145 12209 435001 140278 294723 22001 5578 272722 258247 62242 196005 86065 134700 15321 109940 6869
is_linear=0
shrinkage=0.1


Tree=106
num_leaves=63
num_cat=0
split_feature=24 8 3 19 19 21 13 19 19 13 26 21 21 19 19 18 21 0 28 2 8 18 2 2 30 7 0 14 8 8 18 11 28 2 19 1 1 27 30 26 14 1 24 11 3 0 19 8 27 19 21 10 13 7 14 11 14 11 14 25 14 10
split_gain=10.7878 12.646 10.4723 10.3901 39.983 27.1111 19.2848 13.9869 11.7398 11.3377 12.7737 13.1081 10.997 14.1807 13.2105 13.5309 13.0038 11.3001 13.8409 10.8672 14.2015 11.8668 10.679 12.0602 10.3546 10.1381 36.3327 10.098 13.9913 9.98722 10.9435 10.8801 15.5672 14.5267 10.7223 11.0696 46.4571 9.77098 33.72 72.0547 17.6863 17.1799 14.2459 14.4144 43.2802 35.5048 16.1841 13.4902 12.676 11.7769 11.0673 9.7012 65.5605 42.3346 116.276 47.0388 99.1978 38.4286 37.1093 34.1678 32.7092 56.5968
threshold=4.5000000000000009 32.500000000000007 152.50000000000003 96.677703857421889 97.833908081054702 0.58957219123840343 71.834934234619155 86.576263427734389 93.563182830810561 26.36544227600098 -1.0000000180025095e-35 0.98275861144065868 0.36939570307731634 77.563388824462905 93.295883178710952 1.0000000180025095e-35 0.16397849470376971 0.13146205991506579 1.0000000180025095e-35 0.46766896545886999 15.500000000000002 76.21183013916017 0.34786775708198553 0.36342030763626104 1.0000000180025095e-35 1.0000000180025095e-35 0.21124088764190677 0.77500000596046459 1.5000000000000002 2.5000000000000004 83.189559936523452 95.69842910766603 1.0000000180025095e-35 0.66838625073432933 87.194396972656264 42.500000000000007 45.500000000000007 3.5000000000000004 1.0000000180025095e-35 0.88194444775581371 0.44949495792388922 2.5000000000000004 15.500000000000002 79.118217468261733 6.5000000000000009 0.91480755805969249 95.845661163330092 4.5000000000000009 6.5000000000000009 92.344322204589858 0.2828571498394013 63.702239990234382 77.032970428466811 1.0000000180025095e-35 0.31666667759418493 63.224515914916999 0.31666667759418493 69.631092071533217 0.31666667759418493 7.5000000000000009 0.44949495792388922 52.240802764892585
decision_type=2 2 2 2 2 2 2 2 2 2 2 2 2 2 2 2 2 2 2 2 2 2 2 2 2 2 2 2 2 2 2 2 2 2 2 2 2 2 2 2 2 2 2 2 2 2 2 2 2 2 2 2 2 2 2 2 2 2 2 2 2 2
left_child=1 3 37 5 24 12 19 -8 -9 -6 11 -11 14 17 15 -1 -17 18 -14 20 -7 -21 -18 -24 -5 -12 -27 -4 -29 31 -31 34 33 -33 -15 -36 -37 51 -39 40 49 42 -41 -44 46 -46 -45 48 -43 -40 -49 52 53 55 -55 -2 59 -53 -54 -57 61 -58
right_child=2 -3 27 4 9 6 7 8 -10 10 25 -13 13 29 -16 16 22 -19 -20 21 -22 -23 23 -25 -26 26 -28 28 -30 30 -32 32 -34 -35 35 36 -38 38 39 41 -42 47 43 44 45 -47 -48 50 -50 -51 -52 57 58 54 -56 56 60 -59 -60 -61 -62 -63
leaf_value=0.0022545926965035793 0.00091317247508998847 -0.11505621174540087 -0.060404969492502118 0.10989386926083991 -0.051442567962510156 -0.039622714458427598 0.037333407565330018 -0.070191580720364632 -0.030488793118201116 -0.050052253165309958 0.0097572479851651683 0.082201994818555335 -0.10258467138787238 -0.051688728555611754 0.13762315676119036 -0.111014559831389 -0.063207455865008338 0.1006764423925908 1.1013177397066769 0.14739270190570172 0.50874545559675066 0.017939730618555302 0.15381544317108164 -0.010813882898356671 -0.014244427169672206 2.1056041104963841 0.092313251755810372 0.42114044082753899 -0.011435677599666981 0.010291516606248345 0.083407746081104142 -0.47465075989592176 -0.031940455464148282 -0.10770601977038421 0.071338002335032832 3.1010742841626069 0.20293517674675404 0.0074830198861996549 -0.10798203078092997 0.035501881787370113 -0.11559723691805324 -0.034953703642946192 -0.0066831262448007111 -0.59249237766021035 -1.5494639085557782 -0.37467170398901806 0.067589121724672407 0.32729359154599214 -0.20907165689498269 -0.025882764327098181 0.022860885354531631 0.020375986905657222 0.093663132996129481 -0.1036109575416955 0.010944409789809886 -0.088126880171335853 0.0051129387066896556 0.00069408387501189613 0.014563444325371811 -0.02737136735421223 0.0070439113552989629 -0.043493219270796052
leaf_weight=271.3162309928739 10774.030385126329 11.14961954794853 52.667715424722701 41.60843418127115 48.357508044871793 31.523547727512778 19.640155815985054 144.94561909540789 153.18672635126859 62.680416578821678 164.9895477538812 8.5117742749062 0.15536880664148967 9.2459869260510477 6.1085017668028732 20.003388120888303 42.334977967743725 14.550287231815672 0.2478034897649195 9.0503686706178978 0.47945279451778233 32.546445478114038 4.7737011412045822 65.579476720135062 8.0133511590465769 0.090377551969139769 10.929365992567908 0.75168053843662974 141.52345943258842 75.863758660982057 28.03536194757362 1.6353782549267659 19.800603217910975 3.1703313150792383 10.502946717559094 0.062381243345954185 0.48802951606194256 519.57120810881497 24.802210013845979 130.9764462830899 81.259051994304173 96.340600675139285 12.197899107544801 0.42945856234291513 0.36299566662637495 0.88313142233528197 2.7496961653232574 1.2518118820953557 4.3708229370549807 59.122415274063314 25.924376534676412 1018.6137977767212 107.27240946015809 150.9702668201171 214.48941749519508 213.12818864032306 485.64897982934781 37998.840010303684 132.65566231391858 163.63328621586879 991.52872247074629 472.75389681227898
leaf_count=15983 1961904 1644 56984 517 2093 10972 466 1616 1777 1907 6123 529 91 3927 239 33281 25773 2229 38 650 191 4569 1388 8494 503 23 7019 82 23264 7655 929 57 228 94 2081 35 391 11474 2108 11059 1125 4930 362 83 36 143 766 54 179 1291 1398 31775 13595 1613488 89110 15895 17311 1559687 4420 5037 39453 24723
internal_value=-8.108e-05 -0.00900709 0.000137864 -0.00810478 0.0067854 -0.0134296 -0.0337236 -0.0444066 -0.0497914 -0.00715991 0.00150265 -0.0342399 0.000410514 0.0223174 -0.00833684 -0.0105437 -0.0367126 0.115147 0.637375 0.0124009 -0.0314073 0.0461053 -0.0235232 0.000356774 0.089847 0.0159598 0.108825 -0.0229977 -0.00915025 0.0129889 0.0300207 -0.0264177 -0.0711256 -0.232577 0.0277759 0.0942471 0.531398 0.000221876 -0.00977489 -0.0301228 -0.0823433 0.00118896 0.024434 -0.062771 -0.217372 -0.716888 -0.0215785 -0.025639 -0.0425103 -0.0501455 0.0368839 0.000403945 -0.00188472 -0.00280789 -0.0363781 -0.00187142 -0.0147658 0.00120791 0.0499291 -0.0617398 -0.00568956 -0.0188631
internal_weight=55200.3 1321.58 53878.8 1310.43 345.181 965.247 391.372 317.773 298.132 295.559 247.201 71.1922 573.875 163.758 410.116 404.008 132.692 14.9535 0.403172 73.5998 32.003 41.5968 112.688 70.3532 49.6218 176.009 11.0197 194.943 142.275 148.805 103.899 44.9057 24.6063 4.80571 20.2993 11.0534 0.550411 53683.8 960.242 440.671 165.184 275.487 147.6 16.6232 4.42528 1.24613 3.17915 127.888 100.711 83.9246 27.1762 52723.6 13706.1 13466.2 365.46 13100.7 2326.69 39017.5 239.928 376.761 1949.93 958.403
internal_count=5635248 143512 5491736 141868 18714 123154 20241 3859 3393 17694 15601 2436 102913 17755 85158 84919 68936 2358 129 16382 11163 5219 35655 9882 1020 13165 7042 80330 23346 15397 8584 6813 379 151 6434 2507 426 5411406 35008 23534 4524 19010 12449 1390 1028 179 849 6561 5109 3399 1452 5376398 3784936 3766921 1702598 2064323 102419 1591462 18015 20932 81487 42034
is_linear=0
shrinkage=0.1


Tree=107
num_leaves=63
num_cat=0
split_feature=7 13 19 21 29 21 26 25 19 21 20 19 0 21 28 25 30 26 20 24 25 29 21 24 20 25 4 19 21 21 20 26 21 20 11 20 25 20 5 19 19 11 12 4 27 21 20 25 21 19 21 29 21 24 19 20 19 19 25 20 26 25
split_gain=10.1108 45.0103 26.3292 20.9695 12.4424 115.041 33.8292 46.4243 87.9991 29.5789 50.9826 34.5179 45.529 39.3169 35.4211 73.2978 65.7859 120.083 79.3371 86.9107 115.177 81.6953 75.7049 71.7027 70.7243 63.232 49.2689 42.4183 80.2796 60.8679 57.0276 71.8699 50.0275 40.6661 40.3579 39.8679 47.0173 42.1503 37.5817 35.0749 33.1379 32.586 32.5454 53.3254 34.2283 33.1403 65.7241 71.0467 70.3033 60.6169 85.5455 63.2727 46.3578 40.0541 44.5351 54.9766 44.6961 38.5775 72.5245 37.4779 33.2665 32.0721
threshold=10.500000000000002 91.945945739746108 1.0000000180025095e-35 0.17519181966781619 1.0000000180025095e-35 1.0000000180025095e-35 -1.0000000180025095e-35 9.5000000000000018 93.563182830810561 0.91106721758842479 99.80237197875978 98.441547393798842 0.83491453528404247 0.82480818033218395 1.0000000180025095e-35 6.5000000000000009 1.0000000180025095e-35 0.34848485887050634 92.60501861572267 8.5000000000000018 7.5000000000000009 1.5000000000000002 0.65942031145095836 9.5000000000000018 85.777496337890639 4.5000000000000009 1.0000000180025095e-35 96.787097930908217 0.60434782505035411 0.74456521868705761 96.881942749023452 0.31666667759418493 0.54006412625312816 96.791351318359389 38.507879257202156 96.67456436157228 9.5000000000000018 65.129570007324233 1.0000000180025095e-35 91.239036560058608 94.925979614257827 43.27110671997071 48.834688186645515 1.0000000180025095e-35 1.5000000000000002 0.57417583465576183 94.349296569824233 4.5000000000000009 0.56385868787765514 91.813587188720717 0.65942031145095836 1.5000000000000002 0.15075758099555972 6.5000000000000009 95.67297744750978 93.734905242919936 93.764953613281264 94.925979614257827 5.5000000000000009 95.393455505371108 0.31666667759418493 6.5000000000000009
decision_type=2 2 2 2 2 2 2 2 2 2 2 2 2 2 2 2 2 2 2 2 2 2 2 2 2 2 2 2 2 2 2 2 2 2 2 2 2 2 2 2 2 2 2 2 2 2 2 2 2 2 2 2 2 2 2 2 2 2 2 2 2 2
left_child=4 -2 -3 -4 -1 -6 7 8 -7 10 11 13 -13 14 15 26 23 18 19 20 21 22 25 27 -22 -18 -8 29 -29 30 42 32 -32 34 -30 37 -37 41 -27 -23 -31 -25 43 -16 -45 46 47 -44 59 50 -47 60 -49 54 55 -51 -57 61 -59 -48 -52 -54
right_child=1 2 3 -5 5 6 9 -9 -10 -11 -12 12 -14 -15 16 -17 17 -19 -20 -21 24 39 -24 35 -26 38 -28 28 33 40 31 -33 -34 -35 -36 36 -38 -39 -40 -41 -42 -43 45 44 -46 49 48 52 -50 53 51 -53 57 -55 -56 56 -58 58 -60 -61 -62 -63
leaf_value=0.0021441472207704006 -0.087338259632108978 -0.0013533010503610577 -0.09022732689252301 -0.014987535937489874 -0.094470761642634571 0.010859585086890181 0.096357031425571227 0.0026834045119411114 -0.049738515909506315 -0.026431388935846446 0.029246934019712165 0.017971280429597027 -0.026466479128825895 -0.027327033315903727 -0.06772548916537062 0.00083992692953004696 -0.10071533167033926 -0.064503266200874598 -0.053111646974888176 -0.050272219175909266 0.12029373076445876 0.00028095438801288 -0.11712961757367819 -0.051900329629795162 -0.067313701103703105 0.053441568860217552 0.026364124360910724 0.098947854705246308 0.12103284669491357 -0.010611061175386509 0.12613579668924377 0.081546869155591784 0.0013131159135661419 -0.006512741083695559 0.014983579259101883 0.14240494424666914 0.029795548996060656 0.0032664943054920626 -0.02394172240579991 0.15429175924024252 -0.056732359033484371 0.054087142946014077 0.035110130032319414 0.0077368868524991738 0.29905546083995843 -0.017326553894209284 -0.016036449181507654 -0.079577233311490983 0.10750093337006233 -0.03852098033946693 0.071916584290240823 -0.036001753787490313 -0.0096133167043658211 0.0042863662461061196 -0.0036282704085437165 0.0045572312397819548 -0.029399491221581232 0.08391719610221389 -0.015353606130011733 0.047488164315779069 0.013845829234723868 0.0055965878021242282
leaf_weight=20528.076665646426 66.660036920118728 2299.2691870969138 59.872549992585846 97.140454916123417 131.15906446702866 374.98648227263038 124.24328758093088 954.35398802351483 663.94204718201581 410.91394693773691 607.80466482555858 1826.2879030501681 263.87272088829195 554.69864289397447 198.83697961847247 1898.6646806063263 48.809770877228402 459.06068319096448 243.15937873263283 174.36389422750653 158.87020698127617 22.02554403443537 62.006895060845636 32.424014881891708 23.003609191169744 160.562230011049 527.79524672412663 95.45633962881584 36.876142221755799 294.12720794255802 33.830838503075029 164.21026282537787 630.72907185130407 1372.1643851580448 1335.1559097040481 39.721486367545367 556.9924137904145 2075.3603741389816 103.03290335377551 44.998515057284749 331.20608706065832 275.3652698751921 484.9505721253754 107.20875012671604 4.1908543717290732 500.68300838445793 186.04142610484996 81.208257908698215 107.50631923483525 1447.243548233062 327.82342316884387 92.628889175339282 4720.7264613999378 1049.3967834440991 1551.6598034612143 822.69515698242321 732.99782109499938 140.17430374083779 154.93997545421917 185.45301459000621 141.11268398911125 1962.7717941405481
leaf_count=1811451 63956 145256 37942 2386 463234 60090 21666 42759 7674 4023 15023 34727 3801 8967 1561419 74209 1427 18727 10477 17698 7495 3491 4359 151140 1125 5277 15049 1727 4930 20136 3306 2583 20453 26587 13837 2216 7989 333903 7020 655 13163 21875 21570 36692 379 9091 2615 87563 1495 21584 8092 2130 206446 13859 20440 17987 14148 1187 1721 2254 2761 88006
internal_value=-7.5135e-05 -0.0062592 -0.00405883 -0.0436781 0.000221253 -0.00100797 -0.000624665 -0.0132397 -0.0278665 0.000213844 0.000584025 -1.73507e-05 0.0123612 -0.000979926 -0.00042475 0.010774 -0.00162627 -0.0218977 -0.00310651 0.0121368 0.0295951 0.00200315 -0.0161983 -0.000261219 0.0965649 0.00383483 0.039701 -0.00249097 0.00879589 -0.00443883 -0.00322996 0.0223057 0.00766748 0.00565998 0.0178339 0.014176 0.0372916 0.00838808 0.0231943 0.103681 -0.0350391 0.0429219 -0.00464081 -0.0366932 0.0186963 -0.0039639 0.000365401 -0.00191504 0.0362847 -0.00917484 0.0127276 0.0395234 -0.00445836 -0.0133265 -0.0173846 -0.0244926 -0.0114422 -0.00358422 0.0317984 0.0156755 0.0544419 -0.00514656
internal_weight=55163.5 2522.94 2456.28 157.013 52640.6 32112.5 31981.3 1993.28 1038.93 29988 29577.1 28969.3 2090.16 26879.2 26324.5 2550.7 23773.8 1499.89 1040.83 797.674 623.31 441.436 374.412 22273.9 181.874 312.405 652.039 19294 2839.65 16454.4 15829 828.77 664.56 2744.2 1372.03 2979.86 596.714 2383.15 263.595 67.0241 625.333 307.789 15000.2 310.237 111.4 14690 8023.77 7544.77 479.001 6666.24 1062.25 561.565 7059.82 5603.99 4554.6 3002.94 1555.69 6978.61 295.114 371.494 468.936 6683.5
internal_count=5635248 249540 185584 40328 5385708 3574257 3111023 110523 67764 3000500 2996477 2981454 38528 2942926 2933959 110924 2823035 77751 59024 48547 30849 22229 18083 2745284 8620 13724 36715 2228161 47081 2181080 2147781 26342 23759 45354 18767 517123 10205 506918 12297 4146 33299 173015 2121439 1598490 37071 522949 412857 406493 6364 110092 22074 12983 384923 88018 74159 53719 32135 297360 2908 4869 10853 294452
is_linear=0
shrinkage=0.1


Tree=108
num_leaves=63
num_cat=0
split_feature=29 30 24 12 14 4 17 20 26 21 8 17 2 20 20 9 12 2 21 13 0 20 7 12 27 26 21 1 2 2 21 20 20 9 2 13 14 21 27 21 28 0 21 24 30 28 29 27 29 20 9 0 12 14 28 0 20 12 17 26 29 24
split_gain=11.2809 92.0502 35.6057 28.0453 26.4426 23.304 21.1019 18.3832 19.0256 17.8648 18.7834 17.8447 17.2655 19.4777 17.1626 14.5676 18.8474 15.2606 13.9587 13.7652 13.3185 13.8612 13.5579 15.7744 11.9257 11.6939 11.5682 11.4196 15.5682 13.5821 15.5671 15.6748 14.0403 27.1636 15.6938 13.3241 11.4052 20.6601 21.2203 11.0352 28.2119 29.5098 19.4131 56.7949 41.2536 95.2449 45.0256 36.5199 43.4497 43.3645 36.1657 38.6339 34.1752 33.7758 108.769 90.5754 183.634 48.5677 45.5756 32.6663 34.4506 39.9333
threshold=1.5000000000000002 1.0000000180025095e-35 9.5000000000000018 62.622549057006843 0.44949495792388922 1.0000000180025095e-35 8.5000000000000018 55.747640609741218 0.26136364042758947 0.1132478639483452 4.5000000000000009 8.5000000000000018 0.71215134859085094 76.95526504516603 73.481681823730483 55.848154067993171 68.457099914550795 0.39438934624195104 0.5313725769519807 16.53005409240723 0.12865163385868075 90.250156402587905 1.0000000180025095e-35 58.434959411621101 1.5000000000000002 0.52272728085517894 0.24568965286016467 1.5000000000000002 0.71215134859085094 0.571352779865265 0.56385868787765514 74.475421905517592 85.372985839843764 89.512962341308608 0.73100760579109203 68.614070892333999 0.2264957278966904 0.74456521868705761 2.5000000000000004 0.67333334684371959 1.5000000000000002 0.55910721421241771 0.98275861144065868 7.5000000000000009 1.0000000180025095e-35 1.0000000180025095e-35 1.0000000180025095e-35 1.5000000000000002 1.0000000180025095e-35 93.364780426025405 35.948717117309577 0.53297358751297008 93.908470153808608 0.44949495792388922 1.0000000180025095e-35 0.86401242017745983 95.84293365478517 86.425064086914077 8.5000000000000018 0.44949495792388922 1.0000000180025095e-35 5.5000000000000009
decision_type=2 2 2 2 2 2 2 2 2 2 2 2 2 2 2 2 2 2 2 2 2 2 2 2 2 2 2 2 2 2 2 2 2 2 2 2 2 2 2 2 2 2 2 2 2 2 2 2 2 2 2 2 2 2 2 2 2 2 2 2 2 2
left_child=20 3 4 5 11 36 7 -5 9 10 -9 -3 13 -10 -12 16 -11 -18 -14 -13 21 22 23 -1 26 -7 -6 28 -17 30 31 -29 -31 34 -34 -36 -2 38 -38 -22 42 -42 44 52 47 50 -47 59 49 -49 51 -46 -44 -51 55 57 -57 -55 -59 60 -41 -62
right_child=1 2 -4 6 24 25 -8 8 12 15 14 19 18 -15 -16 27 17 -19 -20 -21 39 -23 -24 -25 -26 -27 -28 29 -30 32 -32 -33 33 -35 35 -37 37 -39 -40 40 41 -43 43 -45 45 46 -48 48 -50 53 -52 -53 -54 54 -56 56 -58 58 -60 -61 61 -63
leaf_value=-0.018882923942421637 -0.091164340043742756 -0.0074297907302428275 -0.10992566825834232 -0.059148146504538326 -0.12057788576222894 -0.012612657319553265 -0.032396721775692118 0.28774584436306633 0.0021243764834842933 -0.0097986508935230966 -0.11546502635978217 -0.15460990366953981 -0.12445523759266219 -0.084223373076796032 0.41870986688612244 -0.062946837074868478 -0.019460328278696995 0.15867402976188427 -0.0021641079473930999 0.091970376527398631 0.0013203147123268958 -0.095916623188768008 -0.058346734123693879 0.063833013223290921 0.02315648542111361 -0.1289842105503729 0.088901649700084004 -0.015394876694216814 -0.0083513163135609698 0.028429057658856061 -0.033964095398131937 0.016799627554805265 0.0030283385076504601 -0.019987511275517799 -0.0059419567151858897 0.10081633281264057 -0.010716185985726837 0.87038581106570112 2.2270487529290461 0.01999473548070008 0.00032098471853600962 0.11428607197458024 -0.0058055899314163675 0.022787921897573993 0.0151379640888479 -0.020441481104637577 -0.063071624679204408 0.00081019747575422076 0.014240812343648285 -0.047896859427538491 0.0041915983204239733 -0.039563521632545132 0.02725944084550791 -1.704168942618276 -0.131273343174517 0.1007719538929332 -4.744763727258106 0.0046346147047379585 -1.1890561432549136 -0.019699812235536823 -0.070226174754920864 -0.0026405041278910971
leaf_weight=29.444769894011188 88.731824411595881 95.394409442122196 14.555895007539219 61.678856335649471 2.6818489264696828 138.57199325522379 330.03417121413986 4.409968760195623 38.537216286422336 24.479039224963344 3.1534339841018668 2.4282235266146008 9.823109516175462 81.100676420377567 0.74323205731343467 63.600562447099946 6.4548556656372993 18.864005901021301 187.36398498981725 33.464274832565934 32304.137742626735 8.3736697250278649 13.743479562304854 106.25133151941009 38.34209808090236 9.2089485747273994 155.00268223549938 309.19976029240934 292.1668947385042 299.05013016791781 169.14442605694057 296.00958677702147 65.807921182218706 246.70932971930597 15.735251562175106 45.479413912631571 3.5052524217153405 0.30782201146939758 0.042894773545412934 685.60409985879232 48.436097752552087 42.795587786580654 3252.563000710561 1163.5244126384314 182.33014510646717 562.39078815019275 442.85283267604609 103.85121634912684 2140.7660699400767 39.210912685566655 1870.8922963759869 442.36202929626234 345.82467284881568 0.33174851979129294 21.19816420879215 0.14861987315816794 0.16508948052069172 1.0287095378153024 0.46417640894651424 1117.1595279654794 88.554484381133079 6842.0686480683034
leaf_count=52722 664840 12005 8345 118122 244 16529 50801 948 525 2136 1552 514 87 924 25 595 701 473 1993 5226 3738644 1120 36176 11695 1171 94 5837 7477 2551 2355 2244 5013 1144 1618 192 590 4265 18 4 60984 6969 1566 111049 74335 9580 37842 19467 6067 30009 896 125714 15356 162742 19 363 61 54 229 20 27636 695 182080
internal_value=-7.62299e-05 -0.00588495 0.0431099 -0.0118459 0.0499155 -0.0445102 -0.00879034 -0.0053115 -0.00378678 6.97176e-05 0.146394 0.0151846 -0.0264396 -0.0564094 -0.013579 -0.000586329 0.0527683 0.11326 -0.00825619 0.0752886 0.000276818 0.0292832 0.0362986 0.0458844 0.0731762 -0.0198643 0.0853389 -0.00206004 -0.0181114 0.00188606 -0.00714412 0.000351546 0.0122796 -0.000642833 0.0369293 0.0733741 -0.0838479 0.0845156 0.0163369 0.000188274 -0.00169729 0.0537805 -0.00195949 0.00358223 -0.00377425 -0.0132331 -0.0392219 -0.000774962 0.0104148 -0.0388077 -0.00276459 -0.0235977 -0.00262786 -0.104588 -0.199842 -0.879584 -2.44919 -0.609722 -0.366514 -0.00373105 -0.00138873 -0.00350406
internal_weight=55008.3 3151.78 341.869 2809.91 327.314 240.369 2569.55 2239.51 2177.83 1861.01 8.30663 131.287 316.825 119.638 3.89667 1852.7 49.7979 25.3189 197.187 35.8925 51856.5 157.813 149.44 135.696 196.027 147.781 157.685 1802.9 355.767 1447.14 774.354 605.209 672.782 373.732 127.023 61.2147 92.5878 3.85597 3.54815 51698.7 19394.5 91.2317 19303.3 4761.91 14541.4 3500.83 1005.24 11040.6 2307.16 166.399 2495.58 624.692 3598.39 62.5474 23.3365 2.13834 0.313709 1.82463 1.49289 8733.39 7616.23 6930.62
internal_count=5635248 921158 33342 887816 24997 685750 202066 151265 33143 29614 2525 17745 3529 1449 1577 27089 3310 1174 2080 5740 4714090 101713 100593 64417 7252 16623 6081 23779 3146 20633 14734 12490 5899 3544 1926 782 669127 4287 4269 4612377 873733 8535 865198 348126 517072 207959 57309 309113 37718 7709 150650 24936 273791 1642 746 383 115 268 249 271395 243759 182775
is_linear=0
shrinkage=0.1


Tree=109
num_leaves=63
num_cat=0
split_feature=17 12 29 30 18 24 12 14 17 4 20 27 19 0 17 11 1 19 20 0 4 1 7 17 10 24 18 19 19 10 10 0 21 19 20 20 18 14 12 0 21 18 1 18 19 0 10 28 11 19 19 18 27 10 21 24 18 10 18 18 28 20
split_gain=9.74078 9.95939 9.55501 76.2895 46.5433 30.0013 28.1779 23.7779 19.2004 18.517 15.4588 14.6945 25.3611 17.021 14.2615 13.613 13.4477 12.7939 11.9383 11.583 13.3835 18.9237 12.3246 12.6819 13.5776 11.5263 16.6175 14.1554 15.0563 14.4421 16.3938 12.0639 12.6169 21.3583 19.6289 14.8748 19.294 16.6754 14.073 17.4969 12.3261 13.0796 12.0961 11.4858 11.3089 10.9967 10.3917 10.1438 10.0725 25.8089 18.6019 12.5293 11.5527 11.1296 12.4323 10.425 10.0007 9.95516 12.2923 9.83472 44.4695 27.9691
threshold=27.500000000000004 82.972846984863295 1.5000000000000002 1.0000000180025095e-35 98.253242492675795 9.5000000000000018 62.622549057006843 0.44949495792388922 8.5000000000000018 1.0000000180025095e-35 45.738498687744148 1.5000000000000002 98.830371856689467 0.77194768190383922 8.5000000000000018 17.712418556213382 1.5000000000000002 91.239036560058608 88.251724243164077 0.14652930945158008 1.0000000180025095e-35 19.500000000000004 1.0000000180025095e-35 1.5000000000000002 84.660633087158217 5.5000000000000009 88.473194122314467 94.458400726318374 83.654914855957045 56.294013977050788 52.704679489135749 0.1144516095519066 0.43167701363563543 90.86270904541017 86.284465789794936 92.876655578613295 89.808139801025405 0.6904762089252473 95.040985107421889 0.6449837088584901 0.56385868787765514 86.576263427734389 3.5000000000000004 88.473194122314467 93.563182830810561 0.58960780501365673 32.049383163452156 1.0000000180025095e-35 54.692083358764656 51.567413330078132 98.369518280029311 96.162029266357436 2.5000000000000004 54.653680801391609 0.45643940567970281 19.500000000000004 68.096607208251967 28.718704223632816 97.446762084960952 92.601715087890639 1.5000000000000002 95.67297744750978
decision_type=2 2 2 2 2 2 2 2 2 2 2 2 2 2 2 2 2 2 2 2 2 2 2 2 2 2 2 2 2 2 2 2 2 2 2 2 2 2 2 2 2 2 2 2 2 2 2 2 2 2 2 2 2 2 2 2 2 2 2 2 2 2
left_child=2 -2 19 4 6 7 9 14 10 -4 -8 16 13 -13 -5 -16 45 18 -9 20 21 22 23 24 -1 26 27 28 -18 30 -30 -27 34 43 -33 36 40 38 -37 -40 41 56 -36 47 -42 -12 -17 -34 49 -23 53 52 55 -50 -55 -51 -35 58 -11 -21 61 -61
right_child=1 -3 3 5 -6 -7 8 17 -10 57 11 12 -14 -15 15 46 25 -19 -20 59 -22 48 -24 -25 -26 31 -28 -29 29 -31 -32 32 33 35 42 37 -38 -39 39 -41 44 -43 -44 -45 -46 -47 -48 -49 50 51 -52 -53 -54 54 -56 -57 -58 -59 -60 60 -62 -63
leaf_value=0.02434378141849489 -0.045438556412432989 0.055674333213862198 -0.083056434838652063 -0.0066780493194993368 0.10778131408311915 -0.10425561185333421 -0.086007956702881153 0.04810048946396922 -0.03219734667332335 0.013978988015701563 -0.04471290531228217 -0.05304552762222256 0.064459798991342673 0.013729803391789298 -0.093073429417030173 0.14730104985706727 -0.032323379580106414 0.086625388689593602 -0.083916982332460976 0.0010340104338391206 -0.015243398224828892 -0.069777702979020334 -0.057541443199523257 -0.0036755493314018501 0.18099669268136509 -0.21216484896617077 -0.065142552818955243 -0.084558248901621627 0.061047755850160638 0.0079821904288661285 0.4283411672238242 0.0180159772037994 0.045163644173730269 0.088310657818207516 0.24151117869847263 -0.0021289434448289054 0.18487325426096701 -0.034800185984715945 -0.022621818391975627 0.12376229946813094 -0.027305344347812333 0.14821892097120742 0.073843739777578785 0.053376251360834293 0.025490614590661004 -0.007659372694607822 0.031805081106700675 -0.036726889734550808 -0.052986129111478701 0.11585910191627612 -0.16593866253968903 0.90204939122070871 -0.050197797736309384 0.063748190958827625 -0.049379295245092568 0.62524525105708273 0.020295499478012683 -0.039001260275126945 0.42693240705310176 -0.012613777282578493 0.049285563343669965 -0.00064350458468154237
leaf_weight=16.037885294097581 78.795480176562705 11.115565347758091 84.530221658782921 95.512991976418562 32.727697838414315 13.839802661992961 23.810015867411494 50.948859972253558 316.5180077800751 33.807331892832735 115.30412895606423 176.71245288275531 26.694489725283347 48.690502162789926 4.6092632494437558 15.993782912582903 108.52898810431361 128.80835277220467 7.9137728724163017 37534.484711742967 97.216683613143687 9.5435356106072486 29.774055263789705 81.573794496829578 8.4468443882651609 2.4873557700084339 50.369506209448446 20.988120303489268 4.3062398212496182 296.89174088317668 1.6929740657797081 266.78523836973909 16.393870319443522 28.192271226012963 5.4721951741375987 95.316366343409754 7.534700792602961 110.86563084321097 12.690500067546962 22.898856521816924 65.939715712986072 11.397094294661654 20.13461882055708 17.73612502256583 105.45697879575891 262.28985650307732 15.188009096356835 195.6342089922473 11.574434327256311 47.459492257993588 4.5890713083499568 0.19847279244277061 4.3411696271286919 84.996321094227824 10.967941600618358 0.40520353387728292 92.707587365541258 106.41443111639092 0.73653197940438886 2360.0258711683437 166.47153545165565 11289.004343330666
leaf_count=6166 39339 2433 662855 12005 514 8313 100770 1412 50093 6804 1174 1924 450 391 587 3208 11515 5708 132 3875209 6951 46677 66473 43729 114 475 694 171 195 2526 64 18858 158 247 52 1192 87 812 188 276 756 69 421 228 1043 2330 1843 3046 5300 41520 89 11 320 13596 145 57 757 9610 12 104011 3716 465427
internal_value=-5.03273e-05 -0.0329381 3.55489e-06 -0.00536948 -0.0107703 0.0398837 -0.0121781 0.0461376 -0.00915965 -0.0460513 -0.00586602 -0.00499475 -0.0277058 -0.038621 0.0134963 0.0673341 -0.00204048 0.0689752 0.0303514 0.000327602 0.0171285 0.0272834 -0.000690533 0.0152694 0.0783866 0.00205719 -0.0107835 -0.00445144 -0.000364884 0.0110862 0.164698 0.00780974 0.00831865 0.00169787 0.0260431 0.0123454 0.0268006 -0.00626267 0.0179061 0.0715645 0.0228788 0.0458097 0.109674 -0.0239286 0.00517896 -0.0189742 0.0910453 -0.0303952 0.0491116 0.0814742 0.0312321 0.109019 0.106004 0.0396461 0.0508186 0.120171 0.0361557 -0.0238599 0.0227838 0.000194398 -0.00208669 -0.00271326
internal_weight=54968.5 89.911 54878.6 3121.47 2788.66 332.815 2755.93 318.975 2530.44 225.489 2213.92 2190.11 252.097 225.403 131.304 35.7911 1938.01 187.671 58.8626 51757.1 407.125 309.908 135.833 106.059 24.4847 1560.42 482.778 432.408 411.42 302.891 5.99921 1077.64 1075.16 782.764 292.392 553 311.228 241.771 130.906 35.5894 303.694 132.297 25.6068 229.764 171.397 377.594 31.1818 212.028 174.076 61.9479 112.128 52.4043 52.2059 107.539 95.9643 47.8647 120.9 140.958 34.5439 51350 13815.5 13649
internal_count=5635248 41772 5593476 913965 880757 33208 880243 24895 200962 679281 150869 50099 2765 2315 17643 5638 47334 7252 1544 4679511 231148 224197 116482 50009 6280 43830 15165 14471 14300 2785 259 28665 28190 8859 19331 5427 2959 2468 1656 464 2872 1073 473 3432 1799 3504 5051 3204 107715 88585 19130 41908 41897 19041 13741 41577 1004 16426 6816 4448363 573154 569438
is_linear=0
shrinkage=0.1


Tree=110
num_leaves=63
num_cat=0
split_feature=8 17 10 1 17 12 28 14 19 7 19 0 10 13 0 26 24 12 0 17 26 7 28 25 14 26 0 7 14 21 19 30 29 26 29 21 14 21 25 28 20 21 7 8 20 19 26 25 9 20 0 21 12 26 19 28 21 30 25 26 24 25
split_gain=9.67191 26.564 28.6558 19.0047 19.1867 18.3998 15.2072 14.2908 28.2837 20.809 16.92 14.9353 12.7292 11.9662 12.8645 11.7371 11.4894 14.8164 11.1857 10.8442 10.8247 10.5919 10.7694 10.5507 10.2563 10.2511 14.4105 10.0757 27.4153 14.0572 40.8894 22.3793 14.2855 19.1602 12.306 83.3466 34.4018 100.819 46.3341 41.6707 41.7927 28.6894 25.8426 56.0942 25.4973 25.35 27.6906 42.2108 24.6669 23.9363 34.3815 23.6058 43.5652 39.9041 35.5738 29.0073 33.303 28.285 58.4678 55.2956 86.4764 61.1886
threshold=1.0000000180025095e-35 5.5000000000000009 81.661396026611342 1.5000000000000002 1.5000000000000002 90.070423126220717 1.0000000180025095e-35 0.73214286565780651 1.0000000180025095e-35 1.0000000180025095e-35 86.576263427734389 0.6449837088584901 84.660633087158217 18.350168228149418 0.91480755805969249 0.23611111193895343 6.5000000000000009 97.498435974121108 0.22546969354152682 27.500000000000004 0.23611111193895343 8.5000000000000018 3.5000000000000004 11.500000000000002 0.41428571939468389 0.5634920895099641 0.48326757550239569 4.5000000000000009 0.73214286565780651 0.3514705896377564 1.0000000180025095e-35 1.0000000180025095e-35 1.0000000180025095e-35 0.19090909510850909 1.0000000180025095e-35 1.0000000180025095e-35 0.81666666269302379 0.25357143580913549 6.5000000000000009 1.0000000180025095e-35 90.948104858398452 0.8834841549396516 1.5000000000000002 9.5000000000000018 82.200183868408217 98.441547393798842 -1.0000000180025095e-35 8.5000000000000018 89.512962341308608 98.51843643188478 0.70274078845977794 0.41885964572429663 56.070175170898445 0.23611111193895343 76.609558105468764 2.5000000000000004 0.65942031145095836 1.0000000180025095e-35 7.5000000000000009 1.0000000180025095e-35 6.5000000000000009 6.5000000000000009
decision_type=2 2 2 2 2 2 2 2 2 2 2 2 2 2 2 2 2 2 2 2 2 2 2 2 2 2 2 2 2 2 2 2 2 2 2 2 2 2 2 2 2 2 2 2 2 2 2 2 2 2 2 2 2 2 2 2 2 2 2 2 2 2
left_child=1 2 -1 4 16 18 -7 13 -9 12 11 -11 -10 14 -3 -6 17 24 20 27 -5 22 -15 -20 -4 -14 -27 34 -29 30 -30 32 -32 -34 36 -36 -2 42 -39 -40 -41 45 43 -38 -43 49 47 -47 -42 51 -51 52 53 -37 -53 -56 -57 59 -59 -54 -61 -62
right_child=19 7 3 5 15 6 -8 8 9 10 -12 -13 25 21 -16 -17 -18 -19 23 -21 -22 -23 -24 -25 -26 26 -28 28 29 -31 31 -33 33 -35 35 41 37 38 39 40 48 44 -44 -45 -46 46 -48 -49 -50 50 -52 54 57 -55 55 56 -58 58 -60 60 61 -63
leaf_value=-0.022959854171466093 0.00048302111325221401 -0.022253220417345246 -0.11505589912780323 0.13937186211478092 -0.023306244404471696 0.045778950723903845 -0.015325742802556976 0.078095015558233782 -0.012515897754151049 -0.11374609501968719 0.26338461926691398 1.4012330180164441 -0.049458723377244773 0.010162406752156666 -0.21243352389701636 0.039449412340832955 -0.015326718633855835 -0.27812929240719381 0.022308573129914824 -0.037336704653163653 -0.00040803906462876058 -0.10069814530411746 0.11788185505970331 0.12400756611290414 -0.03340827655510429 -0.48173362260887409 -0.11195639144489029 -0.058882916448386662 -0.0020799721903132437 0.016660787994400017 -0.096205648308630126 0.01439737656167687 -0.053658358240994776 0.064757615935657514 -0.093924416978662717 -0.069518910266291103 0.029600034776258156 0.077124901786468456 0.043355247656946393 0.0080355430831168789 0.1177633316171447 -0.061497546038183026 0.00080504981172292234 -0.075709563394474474 -0.010993226073605835 -0.040471566209819829 0.015587003236775324 0.021621039627340775 -0.23315039420638095 0.047575667909200946 0.001370668559141226 -0.038220302069686116 0.0036154148065361577 0.011892762864094171 -0.0020076254776523008 0.038761571855308201 0.26065260423123504 -0.039964168895374907 0.058848349480454212 -0.0047634023501140479 0.080216513196346984 0.0095938273189820639
leaf_weight=1159.4432063782833 13765.960675563452 64.421471060557451 23.129511835169978 19.154887738353867 53.558609006970073 51.684214104228886 192.13994190990707 27.168020406737924 112.06169200621662 2.2872578070637242 4.2614058035542257 0.066978468152228632 86.378262995749537 1302.2058142807027 3.7646706490486386 67.190652558580041 78.225195180668379 3.2844408210366955 148.61112708181463 76.451010524731828 7.7946823451202354 8.5555656353862997 9.347837801462445 10.952964379219337 45.950677481974708 1.1612366973422457 11.40173609292833 90.314952296143019 3437.2642936151242 328.20303883339511 68.024504188360879 52.47776142632938 116.97803147565355 15.471220029743561 95.152159120130818 139.75262764169383 686.11302011423686 309.98442445845285 109.67335286256275 26.913908951217309 2.2945559726795191 111.63238563254345 2765.6873001178028 54.605969980693772 956.23226140967017 240.47879284120427 1909.3777534933597 200.98396720900746 15.773020109976642 249.09929878630282 455.583485673018 271.68575629327097 2268.03044884882 105.77559871193807 21171.715394226423 56.384379639471263 7.6860457637203572 269.68506678038466 76.972668644741134 373.25005635540219 379.119574612203 181.37506992268027
leaf_count=201114 1242592 24386 379 556 787 1941 6193 534 4537 2032 166 5 3144 224191 34 2420 1466 50 3166 37072 142 5998 3698 165 1550 33 624 120621 155152 11057 17765 1370 84694 564 386407 1090122 17792 207177 95899 2850 78 1121 26481 1723 10016 2171 39557 2366 1386 6865 6125 124323 163487 169849 1071581 22617 940 4170 2116 5608 5144 7079
internal_value=-4.82279e-05 -0.00513933 -0.0133068 0.00264369 -0.0180821 0.0157118 -0.00237318 0.00416867 -0.0181091 -0.0301194 0.144517 -0.0706447 -0.0355948 0.00809671 -0.0327534 0.011614 -0.0418936 -0.0706121 0.0393538 0.000297585 0.098943 0.0102067 0.0109302 0.0292895 -0.0607456 -0.0617342 -0.146136 0.000353598 -0.00439626 -0.00317166 -0.00493553 -0.0437387 -0.0589569 -0.0398263 0.000766572 -0.000484285 0.00284839 0.0110482 0.0548198 0.0101123 -0.0709404 -0.000182124 0.00524791 0.0218366 -0.0162728 0.000423819 0.0103684 -0.0122028 -0.188585 -0.000475126 0.0177037 -0.000981435 0.00629109 -0.0344461 -0.00226432 -0.00180431 0.0653802 0.00910983 -0.0180236 0.0120476 0.032529 0.0573631
internal_weight=54936.4 3494.2 1861.12 701.677 271.339 430.338 243.824 1633.08 244.787 217.619 6.61564 2.35424 211.003 1388.3 68.1861 120.749 150.59 72.3646 186.514 51442.2 26.9496 1320.11 1311.55 159.564 69.0802 98.9412 12.563 51365.7 4108.73 4018.42 3690.22 252.952 200.474 132.449 47257 29520 17737 3971.05 464.639 154.655 44.9815 29424.8 3506.41 740.719 1067.86 28357 2350.84 441.463 18.0676 26006.1 704.683 25301.4 3793.96 245.528 21507.5 21235.8 64.0704 3548.43 346.658 3201.78 933.745 560.495
internal_count=5635248 489311 219929 18815 6652 12163 8134 269382 11075 10541 2203 2037 8338 258307 24420 3207 3445 1979 4029 5145937 698 233887 227889 3331 1929 3801 657 5108865 391223 270602 259545 104393 103023 85258 4717642 3121664 1595978 353386 307390 100213 4314 2735257 45996 19515 11137 2724120 44094 4537 1464 2680026 12990 2667036 1447575 1259971 1219461 1095138 23557 187604 6286 181318 17831 12223
is_linear=0
shrinkage=0.1


Tree=111
num_leaves=63
num_cat=0
split_feature=3 0 25 30 29 26 25 21 18 24 9 19 12 21 2 9 0 2 24 13 11 25 19 4 25 8 2 19 19 21 17 25 17 4 0 13 12 24 13 0 8 0 2 0 26 17 12 12 25 0 4 18 2 12 13 9 25 13 19 12 0 9
split_gain=9.62138 16.6862 36.9955 26.143 29.8045 24.0645 18.2817 17.9015 17.6448 19.942 16.0351 24.1339 23.5576 22.5658 39.1389 32.6382 27.6322 27.2101 24.3972 26.132 23.1734 26.01 25.9127 24.7159 27.6756 22.5239 23.662 22.2366 22.0619 43.1291 31.9933 29.2583 27.701 23.025 20.7633 20.4241 19.9345 19.3406 18.8484 20.282 18.718 19.1558 26.4397 18.2196 19.0805 26.2843 26.141 17.9988 17.9041 17.7541 17.6271 17.4013 17.1089 19.8492 17.8417 43.249 17.4282 17.6872 18.7428 19.9274 51.2574 18.109
threshold=3.5000000000000004 0.25767858326435095 8.5000000000000018 1.0000000180025095e-35 1.0000000180025095e-35 0.76388889551162731 2.5000000000000004 0.82480818033218395 44.127788543701179 6.5000000000000009 32.305501937866218 59.585212707519538 43.951219558715827 0.41885964572429663 0.47078731656074529 51.316701889038093 0.3499187976121903 0.34141945838928228 5.5000000000000009 64.461452484130874 95.040985107421889 7.5000000000000009 95.393455505371108 1.0000000180025095e-35 9.5000000000000018 5.5000000000000009 0.38609203696250921 76.486660003662124 64.01581192016603 1.0000000180025095e-35 4.5000000000000009 2.5000000000000004 7.5000000000000009 1.0000000180025095e-35 0.18346001952886584 34.330356597900398 42.967033386230476 13.500000000000002 43.534002304077156 0.23588572442531588 1.5000000000000002 0.42024405300617224 0.58314234018325817 0.53297358751297008 0.86607143282890331 11.500000000000002 69.631092071533217 58.434959411621101 3.5000000000000004 0.37702368199825292 1.0000000180025095e-35 42.891986846923835 0.44904597103595739 53.45238113403321 23.431372642517093 21.680376052856449 9.5000000000000018 30.471628189086918 84.458244323730483 30.094339370727543 0.21243216842412951 28.743545532226566
decision_type=2 2 2 2 2 2 2 2 2 2 2 2 2 2 2 2 2 2 2 2 2 2 2 2 2 2 2 2 2 2 2 2 2 2 2 2 2 2 2 2 2 2 2 2 2 2 2 2 2 2 2 2 2 2 2 2 2 2 2 2 2 2
left_child=10 2 3 7 5 -5 -6 -2 -7 -10 11 -1 35 18 15 -15 17 -17 19 -14 22 25 23 24 -20 28 -27 -16 29 31 33 32 -22 37 -25 -12 -37 -31 -24 -40 -29 -42 -43 -44 45 46 -45 -41 -13 51 -30 -28 53 56 55 -54 57 61 59 60 -59 -50
right_child=1 -3 -4 4 6 8 -8 -9 9 -11 12 48 13 14 27 16 -18 -19 20 -21 21 -23 38 34 -26 26 49 40 50 30 -32 -33 -34 -35 -36 36 -38 -39 39 47 41 42 43 44 -46 -47 -48 -49 52 -51 -52 -53 54 -55 -56 -57 -58 58 -60 -61 -62 -63
leaf_value=-0.081686088495755857 -0.012122016396382506 -0.00054911808586232238 -0.075592826584494385 0.062063363536365629 0.91782882761136764 -0.032033857370874122 -0.051109835163855477 0.15980424853707623 -0.012935448173364592 0.071967136862768274 -0.065638561411813609 -0.034074830416903346 -0.048297146843332063 0.019259981410551769 -0.038576794448598323 -0.014585746231863168 -0.024039565190428158 0.010007095277457674 0.055827834383857459 0.00020397704350246738 -0.0046392873053630714 0.039313740005815792 0.031057031559156602 -0.01777036431062037 -0.067304083160700481 -0.047257921964143898 -0.020481329475229803 -0.0044171985778074449 0.039769893766391597 0.14582877660123569 0.0025949891915443149 -0.12546048482463384 0.052987022087085715 0.071140181658347776 0.02508536044660023 0.0071901763112262908 -0.098787442467897335 0.41626809933896597 -0.10456856048848413 -0.16642109558755477 0.020312853061872173 -0.0083453299525874502 0.018244121649088021 -0.019059088470161488 0.014525248458280991 -0.026799502234226731 0.0047900971893996384 0.041599451493068013 0.041520352162510647 -0.014670163070170461 -0.0074340380922696368 0.090526991644924934 0.006236321317561435 -0.047249101587786883 0.019252367416843753 -0.083600637070420328 -0.049063202317693934 7.2253534990714758 0.13826538355309581 0.0030484084838673102 -0.10052924366347418 -0.037249298875144103
leaf_weight=27.403925899128808 1936.3671709234354 27780.034894171458 81.190816730043025 131.84340778120168 0.19537220465554028 73.143830398417776 58.924632426361313 6.075263584527419 53.164001159558211 57.679112547699333 97.072094072007985 76.665299836362465 123.4262699866531 348.1038598758787 135.05867321764345 1186.8919175468036 1328.6715132594691 724.5337488803998 336.08553459646828 1111.3414666325825 331.7107427893352 206.33650337463223 39.018478759273421 138.98536310189229 19.302295359147138 171.3356082290411 22.703600665074191 3314.2002436160165 87.793348984443583 18.524371893101492 61.617953918437706 16.577587605261215 111.44144929514732 105.59648238151567 605.89284224766016 132.55741286179227 20.493087423315046 3.0847814980079411 37.963394878628606 5.0155780940549475 687.11553095822819 1699.0884932806675 964.93157534878446 499.65959831853615 1347.110416281379 313.44688763282466 5731.6583226224175 24.36659762414638 309.04605136071041 170.31874836868883 799.70372433849843 37.355634068517247 334.72462901797007 29.631666964312899 588.85839154837595 63.802249231373025 22.038725305455955 0.013651002987901673 35.05710193586674 16.391370899406866 0.031797178480701405 32.229929296174305
leaf_count=142284 1092680 2556060 291670 23134 18 19092 17976 726 21222 7851 87623 5430 67185 46360 4029 17545 21938 10619 92981 89613 3492 15672 854 4191 25229 23723 3012 82476 1240 1613 3595 18284 940 1255 8970 68815 14267 79 876 60 13323 32602 16694 5393 157177 5130 83830 833 183308 4450 12973 722 20038 7905 48365 9714 51607 63 10864 30250 81 45247
internal_value=-4.28112e-05 -0.00124006 -0.00924242 -0.0069178 0.0172571 0.0294553 -0.0479078 -0.0115843 0.00608859 0.0312451 0.00142284 0.0113172 0.000765436 0.00109932 -0.00047405 -0.00983708 -0.0129632 -0.00526373 0.00737167 -0.00464415 0.0117996 0.00556095 0.0228852 0.0274416 0.0491401 0.0019669 -0.0191153 0.00181263 0.00748039 0.0214998 0.0617377 0.00497296 0.00985226 0.0903862 0.017089 -0.0297575 -0.00699997 0.184435 -0.0242473 -0.0562894 0.00218735 0.00413423 0.00308111 0.00527316 0.00368721 0.00145642 0.00287774 0.00609006 0.0130067 0.0018148 -0.00276451 0.0485636 0.0155276 0.0318207 0.00819382 -0.00814615 0.037469 0.0423244 0.0969549 0.00884626 2.0999 0.0340814
internal_weight=54830.6 30178.6 2398.58 2317.39 374.95 315.83 59.12 1942.44 183.987 110.843 24652 1535.89 23116.1 22866 18280.5 3588.2 3240.1 1911.43 4585.5 1234.77 3350.73 2144.1 1206.63 1100.27 355.388 1937.76 401.714 14692.3 1536.05 648.553 188.824 459.73 443.152 127.206 744.878 250.123 153.051 21.6092 106.364 67.3456 14557.2 11243 10555.9 8856.81 7891.88 6544.76 6231.32 29.3822 1508.49 230.378 887.497 60.0592 1431.83 444.44 987.385 398.527 414.809 392.77 51.4939 16.4368 0.0454482 341.276
internal_count=5635248 4030429 1474369 1182699 89293 71299 17994 1093406 48165 29073 1604819 555156 1049663 878958 497116 96462 50102 28164 381842 156798 225044 91050 133994 131371 118210 75378 31907 400654 43471 29258 6542 22716 4432 2947 13161 170705 83082 1692 2623 1769 396625 314149 300826 268224 251530 94353 89223 893 412872 8184 14213 3734 407442 329325 78117 29752 321420 269813 41258 30394 144 228555
is_linear=0
shrinkage=0.1


Tree=112
num_leaves=63
num_cat=0
split_feature=5 12 2 14 7 17 17 24 12 25 13 12 13 13 25 25 13 9 17 17 9 17 19 19 2 0 26 12 26 12 19 2 0 12 0 20 0 14 12 1 12 9 12 0 1 30 2 2 12 9 20 20 13 14 30 20 14 3 30 19 14 17
split_gain=9.49636 40.5961 32.7395 28.191 46.2463 33.0645 64.2285 36.3005 35.4548 34.2873 33.6703 27.078 26.971 25.9451 28.6738 25.0084 24.8776 23.3524 21.833 23.7904 21.7977 21.262 21.0909 20.2319 19.4152 39.8118 33.0881 30.5006 28.3522 24.9874 24.4809 24.3527 34.9109 37.3115 20.9662 19.2403 23.7937 18.6671 18.2598 33.9674 30.6769 22.9851 22.3715 18.1357 30.1773 26.5681 25.4888 24.8587 18.0754 24.1608 21.5038 17.8873 17.7153 23.5364 29.5644 27.9459 22.5269 20.5458 29.5391 22.5547 20.8283 19.9912
threshold=1.0000000180025095e-35 42.740047454833991 0.87487441301345836 0.18333333730697635 1.0000000180025095e-35 10.500000000000002 4.5000000000000009 7.5000000000000009 68.801231384277358 8.5000000000000018 95.69842910766603 40.289855957031257 42.967033386230476 35.388994216918952 7.5000000000000009 7.5000000000000009 69.631092071533217 91.331184387207045 18.500000000000004 14.500000000000002 18.350168228149418 13.500000000000002 68.438713073730483 98.598102569580092 0.88710504770278942 0.77194768190383922 0.6904762089252473 98.275348663330092 0.76388889551162731 82.426471710205092 90.418243408203139 0.7506278157234193 0.63378906250000011 96.329967498779311 0.55910721421241771 96.313285827636733 0.71415531635284435 0.2264957278966904 42.967033386230476 7.5000000000000009 43.951219558715827 18.808961868286136 42.740047454833991 0.88044953346252453 1.0000000180025095e-35 1.0000000180025095e-35 0.99996608495712291 0.94277468323707592 92.907444000244155 75.147060394287124 64.941761016845717 97.57275772094728 91.010101318359389 0.36931818723678594 1.0000000180025095e-35 94.925979614257827 0.2264957278966904 11.500000000000002 1.0000000180025095e-35 96.019802093505874 0.77500000596046459 5.5000000000000009
decision_type=2 2 2 2 2 2 2 2 2 2 2 2 2 2 2 2 2 2 2 2 2 2 2 2 2 2 2 2 2 2 2 2 2 2 2 2 2 2 2 2 2 2 2 2 2 2 2 2 2 2 2 2 2 2 2 2 2 2 2 2 2 2
left_child=1 2 11 4 5 6 10 8 -8 16 17 22 18 14 -5 -9 21 48 19 -11 -13 -7 -1 -17 25 26 31 -28 -27 -30 -29 32 52 -34 -26 -33 -37 -24 39 42 -40 -42 -2 44 -36 47 -46 -45 49 -3 -51 -32 56 54 -54 57 61 58 59 -55 -59 -15
right_child=38 3 -4 13 -6 9 7 15 -10 12 -12 20 -14 24 -16 23 -18 -19 -20 -21 -22 -23 37 -25 34 28 27 30 29 -31 51 35 33 -35 43 36 -38 -39 40 -41 41 -43 -44 45 46 -47 -48 -49 -50 50 -52 -53 53 55 -56 -57 -58 60 -60 -61 -62 -63
leaf_value=-0.07612982964593884 0.011096756828482194 0.0013905330147533171 -0.042308569771277699 0.12149292046897078 -0.09764907831673092 -0.021555062786234036 -0.0069846747020762285 0.070998278568360509 0.045289067377013541 -0.026856052610292527 0.097322003501491963 2.1707645579620394 -0.059814612152783664 -0.08342840263389327 -0.0048982847491304271 0.020107879343609567 0.13020298607600717 -0.23946490202020521 -0.086928043854917925 0.054442622532225607 -0.055640158701706743 0.01830331378832304 -0.0017445573837678264 0.054214381434902495 -0.017045367756011471 -0.028855357676383073 -0.0091382934294301794 -0.11492562997648033 0.054756694894415259 -0.015736835974881232 -0.010649306695888195 0.0067000014849581515 -0.0506612521156714 -0.0073148918369636594 0.0017300918763985273 0.051638394467579597 0.0057870469101989914 0.18598591861278374 -0.080371229109689343 -0.01552234835271156 -0.05815767234443521 -0.0018031863123664138 0.056395370591719875 -0.047714092463403676 0.017625357611266199 0.037532403075850908 0.063285589620152252 -0.0019347533075242504 0.097449327265833538 0.13797135362774574 -0.052710490239969425 -0.12158856156068661 -0.015718780896059971 -0.010614530708603034 -0.10610657064793834 0.028724551797180378 0.0072626974166261366 -0.051549935453885122 0.030461799653928662 0.020272923555982564 0.0080475446015640887 0.0064505699764180573
leaf_weight=38.442313155489956 1551.0570293350365 1009.9249472813167 319.66426596212932 37.42034336414963 39.27976891991284 194.38841805424818 382.67886325585823 232.34659906566776 196.31068456578214 74.383392174699111 34.312886656727642 0.043992311275359408 161.35726193842311 52.250042621358261 34.496496584600209 448.14978467240871 16.523547202465124 4.1679281221004194 26.090877895730955 69.743726375665574 109.76404704720653 429.62149957825386 1311.6934766044178 284.23661257710773 341.5405481472626 788.99152240261901 1238.7838044689051 48.765136663918383 83.971234198164893 125.33682732511079 87.207310873956885 1862.0260698979837 244.88244322288665 1050.2677622196352 1501.149803279608 236.2111434614344 217.28696055180626 5.3181916265748432 49.998798568121856 496.14490294888492 72.582800021908042 25293.329831074254 117.26755942619366 158.76049784233328 1565.8332305469958 121.74629242817173 132.61084425859008 469.07759097524104 17.873658485012129 6.2021024239365934 127.40846005943604 17.44010583270574 197.67405737512308 3350.0179413423139 44.29553341679275 311.26485649938695 4860.6693495640829 60.487658889127488 206.42403819860192 254.36450202937704 1920.316368354117 47.014072132632464
leaf_count=324402 213483 97229 12052 6382 285070 32496 67944 15916 5387 12898 12298 40 3295 6483 977 34936 718 114 6793 8096 138316 65130 684616 6787 7061 13171 32154 6765 2657 12770 16609 27698 3313 16341 38507 3037 3045 57 53320 1004835 23209 1592793 11296 2843 33022 88747 7484 10992 1212 101 2393 1008 1617 117386 526 3275 341791 5619 6286 2708 90451 7291
internal_value=-6.0176e-05 0.00126532 -0.0133127 0.00228881 0.010288 0.0114291 0.0170441 0.0305334 0.0107391 -0.00441855 -0.00031054 -0.00698688 -0.0305215 0.000902607 0.0608666 0.042413 0.00909376 -0.0031847 -0.00275319 0.0124847 -0.0547482 0.00588683 -0.00311764 0.0333445 0.000702927 -0.000790021 0.000396684 -0.0143471 -0.0201754 0.0125441 -0.0564072 0.00177286 4.06624e-05 -0.0155107 0.0067245 0.0111986 0.0296694 -0.000986488 -0.0013678 0.00744927 -0.00211868 -0.00196444 0.0142808 0.00878021 0.0120602 -0.00522054 0.0211904 -0.0135109 -0.00233676 -0.00389644 -0.0438592 -0.029138 0.00182233 -0.00167769 -0.0322654 -0.00046494 0.00629962 -0.0020337 -0.00632782 -0.00843478 0.00622762 -0.0408594
internal_weight=54788.9 27208.5 1784.93 25423.6 3755 3715.72 2743.61 1543.72 578.99 972.109 1199.89 1465.26 331.575 21668.6 71.9168 964.733 640.533 1165.58 170.218 144.127 109.808 624.01 1355.45 732.386 21596.7 17305.9 16307.6 1392.2 998.3 209.308 153.413 14915.5 12599.9 1295.15 4290.72 2315.52 453.498 1317.01 27580.4 2164.47 25415.9 25365.9 1668.32 3949.18 3199.59 749.584 1698.44 627.838 1161.41 1143.54 133.611 104.647 11304.8 6344.84 241.97 6102.88 4959.93 5791.61 3810.81 3604.38 1980.8 99.2641
internal_count=5635248 2736312 1159483 1576829 658813 373743 244317 130970 73331 129426 113347 1147431 31082 918016 7359 57639 98344 101049 27787 20994 138356 97626 1009075 41723 910657 722001 693403 56536 28598 15427 24382 636867 603087 19654 188656 33780 6082 684673 2898936 1229614 1669322 1616002 224779 181595 79013 102582 40506 13835 100935 99723 2494 17617 583433 227868 2143 225725 355565 222450 126380 120094 96070 13774
is_linear=0
shrinkage=0.1


Tree=113
num_leaves=63
num_cat=0
split_feature=0 30 9 3 2 21 8 14 14 7 14 13 9 13 24 11 20 11 13 30 0 9 11 14 10 11 10 9 21 11 19 20 19 25 25 24 10 19 11 18 14 0 1 4 9 13 19 0 2 1 20 19 0 18 0 4 8 9 30 4 9 9
split_gain=9.32436 18.749 36.1087 18.784 16.0235 10.2465 9.35975 9.02085 78.4184 72.5233 82.533 61.5713 85.1664 86.652 60.0897 54.5848 52.3212 41.782 40.0321 36.087 38.6239 35.5934 35.2703 67.3149 41.2954 72.1955 49.332 40.7879 39.9236 36.9432 35.0835 60.969 45.4146 40.4736 39.1214 35.3027 34.2952 33.6702 34.1099 31.2823 31.0182 30.5816 45.5154 55.7945 37.3814 30.0145 28.9374 28.1832 27.7937 29.3333 27.5731 27.2386 26.7133 29.603 25.6396 25.3047 25.1064 24.695 38.2308 31.3396 28.5079 24.679
threshold=0.93393263220787059 1.0000000180025095e-35 38.924964904785163 5.5000000000000009 0.97793668508529674 0.92582416534423839 81.000000000000014 0.44949495792388922 0.34848485887050634 1.0000000180025095e-35 0.31666667759418493 98.213714599609389 90.595520019531264 72.281322479248061 7.5000000000000009 78.830558776855483 99.333301544189467 90.645832061767592 55.646631240844734 1.0000000180025095e-35 0.25894053280353552 72.834224700927749 74.133811950683608 0.095454547554254546 66.287876129150405 66.323020935058608 52.240802764892585 64.89996719360353 0.93933823704719555 88.303691864013686 60.046947479248054 71.079357147216811 81.019149780273452 9.5000000000000018 3.5000000000000004 6.5000000000000009 86.319076538085952 75.568477630615249 60.943256378173835 38.972045898437507 0.31666667759418493 0.41374915838241583 7.5000000000000009 1.0000000180025095e-35 51.66851997375489 85.215545654296889 67.806350708007827 0.88044953346252453 0.35126793384552008 21.500000000000004 88.251724243164077 94.458400726318374 0.83491453528404247 95.862876892089858 0.66862231492996227 1.0000000180025095e-35 4.5000000000000009 69.631092071533217 1.0000000180025095e-35 1.0000000180025095e-35 74.601570129394545 50.31645584106446
decision_type=2 2 2 2 2 2 2 2 2 2 2 2 2 2 2 2 2 2 2 2 2 2 2 2 2 2 2 2 2 2 2 2 2 2 2 2 2 2 2 2 2 2 2 2 2 2 2 2 2 2 2 2 2 2 2 2 2 2 2 2 2 2
left_child=6 4 3 -3 5 -2 7 8 9 11 -11 12 13 22 45 19 18 21 55 -12 -21 -18 24 -24 25 30 27 -27 -28 57 40 33 -33 35 39 -32 52 -15 -39 -34 50 44 -43 -44 -36 -10 -14 -19 49 -48 -1 -37 53 -23 -55 -9 -50 59 -59 -25 -60 -26
right_child=1 2 -4 -5 -6 -7 -8 16 14 10 15 -13 46 37 -16 -17 17 47 -20 20 -22 36 23 29 61 26 28 -29 -30 -31 31 32 34 -35 41 51 -38 38 -40 -41 -42 42 43 -45 -46 -47 48 -49 56 -51 -52 -53 -54 54 -56 -57 -58 58 60 -61 -62 -63
leaf_value=-0.059274696331058335 -0.081109849294426065 0.014998745172902167 0.047987683582751461 -0.10802433063471269 -0.013278232208472669 -0.0019129286386730011 -0.072407512444997116 0.080275683436571946 -0.066989473838991676 -0.10167207603439515 -0.024047189772243641 0.099052940873361736 0.074897670917943512 0.065995053855579841 0.010475315574389311 -0.10583035113519301 0.035402213506265039 0.054920440348557836 2.3909403606310066e-05 0.18363719947008036 0.025102024444606925 0.0567566961923619 0.11375743901385207 -0.08206912146705142 0.10786125754820569 -0.037569003501941763 -0.041418354091108327 0.025762052869598387 -0.12722061554097489 0.025900707072708907 0.0039920772597570866 -0.03304356843297946 -0.091011524530193774 -0.026950070010195067 0.020832991863638052 0.056257252028767357 0.054131528526711263 0.076733495484279712 0.014344371942875226 -0.013822470051668763 0.017442322764282172 0.0007908232023889144 0.001878908142862099 -0.056577314851722141 -0.010329641016397641 0.027203471065912872 -0.077472902887596951 0.010953451958706088 -0.027892269627858179 0.032218736087052849 2.741996396661404 0.011748590932845714 0.011645952058264115 -0.0047278199029266383 -0.11863984679212845 0.018572275555981285 0.0030796822593498262 -0.039067377934953386 -0.18438092143175291 -0.0091680914887614096 0.080296159262208136 0.015919485064388852
leaf_weight=179.72510408951348 72.594822047482012 21.764381997116288 102.91044560178125 28.880375714390539 202.72301364955638 21.0802644268515 17.814963853619702 87.18241536935966 375.63694420506545 146.98021143874757 144.29791839056816 63.139608733617933 29.902507454280567 149.8212405368613 181.93055267893396 49.914288607982598 141.91614069486968 405.75957467060653 33877.96773238579 18.573930981441663 89.021066229164717 15.355096986051647 31.60259611066067 88.896468607787028 29.971667297642853 202.88163094316042 336.48936762888297 203.89935530918592 64.647737255319953 76.860395536323267 341.90882778634295 426.13670700094008 79.631328263691103 141.4765243463944 1429.6277780693908 478.49179002382789 40.434907139046118 91.493770040164236 2076.1213859666605 154.11867506158887 76.095147060015734 6982.8049071113601 332.68719228179543 320.64957216108451 526.7703809292143 37.177588466940506 157.91980384429917 227.55581288636313 942.63107204809785 28.829435588791966 0.035144752309860361 192.94057974669704 52.821468379814178 25.924869471695274 83.084322098176926 279.66804399302055 362.32813379552681 62.326667543165968 42.106054625241086 175.16418076833361 4.5048025408759704 1125.9787965835203
leaf_count=355154 1174 331 134829 411 7697 599 8678 14628 60408 1683128 61838 24210 283 3728 8661 14350 3843 42850 1362645 557 1247 512 683 8900 763 9151 13137 3624 896 7560 177925 496033 6049 122507 452281 143432 2763 4585 39633 9162 11202 153086 84714 8082 8820 998 1501 18737 10738 284 6 6472 1645 623 1435 6253 4638 1580 526 2774 90 20199
internal_value=-5.46094e-05 -0.0143908 0.0139695 -0.0551557 -0.0290835 -0.0632877 6.41655e-05 8.79459e-05 -0.00166499 -0.000513469 -0.0402211 0.000475963 0.000129167 0.00222579 -0.0374052 -0.0102944 0.00103581 0.0236661 0.000379698 0.00863666 0.0524697 -0.00356033 -0.000717885 -0.0273181 0.000221938 -0.00145405 -0.0303627 -0.00582425 -0.0552463 -0.0372286 0.000548492 0.00136989 -0.00108373 0.023153 0.000302267 0.0301481 -0.0289688 0.0201467 0.0169778 -0.0401184 -0.0360731 0.00128723 -0.00157072 -0.0268107 0.0124423 -0.0585066 -0.022504 0.0391227 -0.0244565 -0.0605392 -0.058727 0.0434674 -0.0479329 -0.0732379 -0.091549 0.0332362 -0.0192928 -0.0502371 -0.0902974 -0.0337103 -0.158801 0.0183034
internal_weight=54759.6 449.953 153.555 50.6448 296.398 93.6751 54309.6 54291.8 19054.1 18459.4 448.787 18010.6 17947.5 16425.9 594.745 301.807 35237.7 992.852 34244.8 251.893 107.595 359.537 14108.4 481.461 13627 12471 807.918 406.781 401.137 449.859 11663.1 11407.2 10252.4 1154.82 9826.29 1013.34 217.621 2317.44 2167.62 233.75 255.855 9592.54 7636.14 653.337 1956.4 412.815 1521.61 633.315 1491.71 186.749 179.76 671.432 177.186 124.364 109.009 366.85 1304.96 372.998 108.938 264.061 46.6109 1155.95
internal_count=5635248 145041 135571 742 9470 1773 5490207 5481529 4025595 3955528 1761120 2194408 2170198 2152754 70067 77992 1455934 72408 1383526 63642 1804 10821 2104808 22113 2082695 2061733 26808 12775 14033 21430 2034925 1668563 1218227 450336 722194 327829 6978 47946 44218 15211 366362 706983 245882 92796 461101 61406 17444 61587 17161 1785 355160 149904 4215 2570 2058 20881 15376 13870 2196 11674 616 20962
is_linear=0
shrinkage=0.1


Tree=114
num_leaves=63
num_cat=0
split_feature=0 29 17 21 18 3 27 21 18 21 3 27 10 0 1 1 11 14 19 0 18 27 21 8 21 19 24 9 9 8 21 0 8 18 11 19 3 10 24 21 17 18 26 24 14 1 8 13 3 0 21 27 17 1 28 0 8 24 1 24 21 0
split_gain=8.87868 18.2568 23.9959 9.96391 9.37211 9.07117 18.5987 8.84032 13.0241 10.0692 8.67585 14.501 14.9547 10.0498 10.224 9.75875 23.4498 24.8514 22.8791 22.4825 25.424 29.0347 25.0304 22.8716 18.2658 20.0425 15.6419 15.6147 19.2395 89.7799 15.045 13.7454 13.7259 33.2882 19.8898 31.8003 19.3988 18.0643 17.5206 16.6554 24.6028 18.811 16.3905 16.2362 15.2917 14.5773 14.3714 13.7042 19.3929 15.445 14.2549 13.6545 13.507 13.4697 12.9359 22.1809 30.8456 32.8498 26.9409 21.6882 13.5335 12.8878
threshold=0.95763123035430919 1.0000000180025095e-35 4.5000000000000009 0.78759399056434642 98.048732757568374 10.500000000000002 4.5000000000000009 0.91987180709838878 97.067424774169936 0.89181286096572887 1.5000000000000002 1.5000000000000002 72.281322479248061 0.47210127115249639 24.500000000000004 13.500000000000002 42.462121963500984 0.18333333730697635 61.181842803955085 0.27295754849910742 81.422252655029311 1.5000000000000002 0.79583334922790538 6.5000000000000009 0.50806450843811046 95.67297744750978 5.5000000000000009 34.330356597900398 34.178434371948249 7.5000000000000009 0.98275861144065868 0.1428138613700867 3.5000000000000004 59.951690673828132 97.726097106933608 69.104278564453139 15.500000000000002 20.761494636535648 7.5000000000000009 0.063508063554763808 5.5000000000000009 1.0000000180025095e-35 0.23611111193895343 15.500000000000002 0.93750000000000011 20.500000000000004 8.5000000000000018 75.716625213623061 30.500000000000004 0.13391820341348651 0.29520697891712194 1.5000000000000002 10.500000000000002 91.500000000000014 1.5000000000000002 0.24168760329484942 2.5000000000000004 5.5000000000000009 23.500000000000004 9.5000000000000018 0.17752101272344592 0.28262521326541906
decision_type=2 2 2 2 2 2 2 2 2 2 2 2 2 2 2 2 2 2 2 2 2 2 2 2 2 2 2 2 2 2 2 2 2 2 2 2 2 2 2 2 2 2 2 2 2 2 2 2 2 2 2 2 2 2 2 2 2 2 2 2 2 2
left_child=10 2 5 -3 7 -2 -7 8 9 -5 11 13 -13 14 -1 -12 17 18 -17 20 21 22 31 -21 25 27 -27 28 -22 -30 -26 -20 34 46 36 39 37 -18 -35 41 42 43 54 -36 -42 -44 -34 49 50 -48 -49 -25 -39 -37 55 56 57 -41 59 -59 -58 -53
right_child=1 3 -4 4 -6 6 -8 -9 -10 -11 15 12 -14 -15 -16 16 32 -19 19 23 24 -23 -24 51 30 26 -28 -29 29 -31 -32 -33 33 38 35 53 -38 52 -40 40 44 -43 45 -45 -46 -47 47 48 -50 -51 -52 61 -54 -55 -56 -57 60 58 -60 -61 -62 -63
leaf_value=-0.011880286467920803 0.062635070912856541 -0.16592717329745688 -0.081203612431063346 -0.049641966643476712 -0.10391026601908092 -0.035101914284824696 -2.0309703262116261 0.036282421653389553 -0.13219678871029161 0.094159909293022245 0.00042699726407308017 0.10269884379143662 -0.098580003825877713 0.072826768325862934 0.10450778032042359 -0.078810125869776607 0.42870423096361771 0.18149671127007375 0.032926710553918132 -0.041447832048600634 0.17468748759157171 0.040303454571759018 0.16907715340077745 0.0061473944079834739 0.022997338946708214 0.13519163467528678 1.0369602183049127 -0.041940204406506622 -0.10011728347812776 11.327667552641673 0.63297171371556493 -0.036351177098997892 -0.0087190350433225712 0.011866291801451578 0.027095246255286476 -0.0014581429125686124 -0.050275286953825042 0.002401821312756092 -0.026748401122415014 0.015805855290951298 0.0020578375972558679 -0.074426489828538514 0.0030620902612782572 0.14406374101405631 0.4077149181541051 0.14074812635399495 0.14972052198008071 -0.066004491308045796 -0.0021269391425999245 -0.0085558775370035683 -0.016292742551901572 0.73706309537013481 -0.034391945831795494 0.13551858868327948 0.091937188476562792 0.14403219689001023 -0.044883310599320707 0.40151202359368671 1.6794608093687107 1.2002301890272307 0.37705062154021529 0.12061463855919313
leaf_weight=107.92474966029113 47.118124467640882 7.6064745793119064 20.650374094992003 16.374410305172209 20.043082682415843 9.3231406524355371 0.046924441892770896 16.813111182302237 12.87503019440919 6.9300938546657553 48203.80379778779 31.549733929015929 4.1804380451794705 20.113615185313392 8.1150411662310926 60.493435980268714 0.98260074654717655 6.2059173644574903 32.011694965508468 369.76029759975972 11.254076697891829 87.566636808295698 6.5128624945318725 59.922948587344308 61.856184400272468 0.34347035499377021 0.4371944650192745 4.2697852832388898 0.032070088768706095 0.0087505353039887268 0.40702233812771638 271.89136128188238 1068.8443372327511 976.7405614047575 241.12921830889536 521.70685960049741 80.579119316010292 1409.803967448076 133.57012024466349 0.59544341834407832 37.6468721918136 17.471168404734271 17.130468277900949 12.481408072766497 0.95277906903356679 13.952474509365855 6.4974019862574997 203.89147426479212 107.77789731072698 120.63431685535488 80.44015939917881 0.35639788175012554 107.37123089069519 7.279147731314878 11.955130864647797 10.41641213880939 1.4143407055307764 0.94793930664309278 0.33642921062710218 0.53006944502703846 1.6435917154885826 7.006096347530729
leaf_count=1861 104749 75 3857 163 191 13687 86 164 108 52 2963754 611 234 578 240 424854 107 2922 51105 524451 16780 20290 792 90944 38625 23 88 5784 198 40 43 667130 174220 36837 14579 7784 43379 169896 7159 219 6299 39144 282 463 77 182 3382 112246 20199 32746 1088 150 26795 100 760 695 307 186 52 56 45 1335
internal_value=-5.00846e-05 -0.0237376 0.0110425 -0.0570066 -0.0456629 0.0447648 -0.045097 -0.0236323 -0.0514755 -0.0068794 1.84285e-05 0.0224497 0.0791492 0.00757027 -0.00374089 -5.24734e-05 -0.00379532 -0.0179808 -0.0192516 -0.0153081 -0.000286168 -0.010551 -0.0248968 -0.0316893 0.0516831 0.145764 0.640208 0.120965 0.182548 2.34961 0.0269848 -0.0290538 -0.00111828 -0.00606238 0.00422604 0.0161389 -0.00246226 7.55104e-05 0.00722095 0.0386874 0.0741277 0.0259378 0.114781 0.0328518 0.0120709 0.0648664 -0.0153494 -0.0289979 -0.0382484 -0.000466744 -0.0519406 0.0219378 -0.000202092 0.000426735 0.17051 0.229648 0.39275 0.6603 0.871804 0.687962 0.1819 0.150455
internal_weight=54708.5 157.781 77.1386 80.6422 73.0357 56.4882 9.37007 52.9926 36.1795 23.3045 54550.7 171.884 35.7302 136.153 116.04 54378.9 6175.06 980.336 974.13 913.637 476.591 397.983 310.416 437.046 78.6086 16.3453 0.780665 15.5647 11.2949 0.0408206 62.2632 303.903 5194.72 2698.4 2496.33 897.59 1598.74 1518.16 1110.31 368.604 97.522 271.082 58.9223 253.611 38.5997 31.0829 1588.09 519.241 392.11 127.132 284.332 67.2854 1517.18 528.986 27.8394 15.8842 5.46781 2.40988 1.81444 1.47801 3.05793 7.36249
internal_count=5635248 123132 122379 753 678 118522 13773 487 323 215 5512116 3524 845 2679 2101 5508592 2544838 1845554 1842632 1417778 800898 739317 719027 616880 61581 22913 111 22802 17018 238 38668 718235 699284 387877 311407 71230 240177 196798 43996 63346 9160 54186 2784 15042 6376 464 343881 169661 133533 36128 113334 92429 196691 7884 2320 1560 865 513 294 242 352 1485
is_linear=0
shrinkage=0.1


Tree=115
num_leaves=63
num_cat=0
split_feature=1 3 18 12 21 18 20 9 9 18 20 29 3 13 7 18 2 18 12 21 18 21 20 21 28 18 21 17 21 25 12 20 9 3 3 21 11 13 19 10 19 18 14 25 19 20 25 18 2 29 18 30 20 18 19 1 20 18 14 28 18 21
split_gain=13.0188 16.5083 15.8392 12.3648 21.2487 12.6554 26.4065 10.3742 14.1352 9.86576 9.04536 8.95586 8.37246 30.9824 27.0716 15.7535 15.1759 15.7629 12.307 10.4428 10.3004 30.967 79.8245 73.0879 36.3824 32.7986 28.902 20.8064 20.6441 40.8938 29.6777 45.011 34.5256 37.1784 26.9164 25.7307 25.487 25.4815 23.4577 22.5461 22.158 29.7046 24.6609 22.6159 21.8854 21.1132 96.8524 42.4868 41.507 35.6826 52.4916 45.6517 44.1948 38.7116 33.7593 29.0597 27.712 26.8673 23.6606 29.5838 33.3438 27.5416
threshold=57.500000000000007 54.500000000000007 89.808139801025405 53.907203674316413 0.79583334922790538 82.27399063110353 97.68778228759767 34.178434371948249 34.330356597900398 42.891986846923835 66.04639053344728 3.5000000000000004 53.500000000000007 97.220077514648452 21.500000000000004 87.888435363769545 0.71215134859085094 1.0000000180025095e-35 55.245780944824226 0.35388994216918951 91.239036560058608 0.58578431606292736 95.393455505371108 0.5577777922153474 1.5000000000000002 96.636753082275405 0.45643940567970281 9.5000000000000018 0.95916664600372326 6.5000000000000009 42.206478118896491 93.764953613281264 27.639257431030277 6.5000000000000009 8.5000000000000018 0.90238094329833995 98.213714599609389 28.370221138000492 87.531093597412124 30.860805511474613 98.441547393798842 36.198686599731452 0.84523808956146251 3.5000000000000004 63.665315628051765 91.908679962158217 6.5000000000000009 60.326326370239265 0.86158844828605663 1.5000000000000002 86.214557647705092 1.0000000180025095e-35 92.876655578613295 88.143623352050795 90.418243408203139 1.5000000000000002 96.164356231689467 87.528800964355483 0.2264957278966904 1.0000000180025095e-35 88.922054290771499 0.65942031145095836
decision_type=2 2 2 2 2 2 2 2 2 2 2 2 2 2 2 2 2 2 2 2 2 2 2 2 2 2 2 2 2 2 2 2 2 2 2 2 2 2 2 2 2 2 2 2 2 2 2 2 2 2 2 2 2 2 2 2 2 2 2 2 2 2
left_child=11 2 3 4 5 -2 7 -7 -9 10 -5 12 20 15 -15 -14 17 -16 -17 -19 28 22 23 24 25 -22 -24 -25 30 34 31 32 33 44 36 40 39 -34 -33 -30 45 43 -43 -42 -1 55 47 -47 56 51 -51 52 54 -53 -49 -32 -48 -56 -54 -60 61 -61
right_child=1 -3 -4 9 -6 6 -8 8 -10 -11 -12 -13 13 14 16 18 -18 19 -20 -21 21 -23 26 27 -26 -27 -28 -29 29 -31 35 38 37 -35 -36 -37 -38 -39 -40 -41 41 42 -44 -45 -46 46 48 49 -50 50 -52 53 58 -55 57 -57 -58 -59 59 60 -62 -63
leaf_value=-0.089512515180425231 -0.072006555155633978 0.8709327092704392 0.063750325494846424 -0.045940439421384122 0.62527860122170109 -0.10300511387071423 2.2329945439283634 -0.57085109938276024 -0.12276481475274176 -0.0072420339078145242 -0.18506471042280964 -0.078286706676311407 -0.048406776374731862 0.046360784495061889 -0.00025567034417191178 -0.036872957548623991 -0.045265675456493855 -0.12982772820742031 0.062657399708438519 0.061319252146908011 -0.027233018945977322 -0.003029050567726615 0.11415751059398793 0.041759979175341182 0.11696806666036219 0.13230277473329763 0.041206591956457886 0.17923542202591874 0.020067074711480375 0.037312227759319798 -0.0085163532605802526 0.24428526160890163 -0.081610587556438685 -0.029364732876586554 0.049743805743647451 -0.026827679720637217 0.077532446026131324 -0.017380427042514243 -0.053671389166419496 -0.021366941559703399 -0.071928238170648154 0.0086591404700153071 0.038120935400490087 0.0359615931433808 0.02052036042752832 -0.043891631005533088 -0.022852177280969513 0.059036031607970357 0.011148988914534632 0.086410898685261556 -0.045589412387941869 -0.055417352500144804 -0.0015506321192772644 0.034683065994315733 0.046031236310483087 0.0011089683646904331 0.0095947726543635856 -0.022269494854196298 -0.035669037095676426 0.069589442042917157 0.045569682026389224 0.13454360011156799
leaf_weight=18.585902003812407 31.301278184583225 0.20464064621592015 17.151770892236527 24.409782483905932 0.41282871545990829 2.3464670613766421 0.042856420961470465 1.7041477179946016 1.1995650792359809 98.60119797340667 5.7798102289361841 14.617003560641022 230.02024248584712 111.90683729447483 1046.7167378991144 24.461906818414718 87.195954638365947 14.977283388521757 25.244231135337031 3.532191098900511 563.06267058462799 15281.54058975001 75.865545235904392 200.01347313412043 19.025546554146786 13.18844491288837 191.12439557652124 11.650222421314536 176.89335353975002 464.25754794123895 3633.2345871697435 2.6695732642592693 75.34136019339212 225.57809243928295 96.519714906849913 321.69703508807288 34.382476775717805 342.78540932276019 258.51415412450478 509.83806613586967 73.187000052217627 2265.0044359540952 324.86120147787733 26.451146848772623 659.25705125389322 82.722090318899063 1164.4175248286938 122.31701177172909 953.70998510169011 39.512917157313495 126.80923422798423 96.364708610723028 67.785622054221676 94.398019829364785 79.248358785585879 22946.921980255582 340.10170992456278 210.76855128499301 30.933335792040452 220.84511543193366 414.5283576411166 92.672043165483046
leaf_count=135176 207912 34 3040 27357 99 6427 47 80 2262 17941 280 56453 282679 5541 89828 6714 7156 4599 938 55 10649 664088 961 4609 2116 195 4434 1215 4982 30142 64187 2643 226550 442199 8142 7069 36344 641292 66928 17536 3444 65505 52593 1374 293384 3496 28998 5723 18254 1915 4155 4221 24258 4261 2090 2012481 6734 3983 566 2345 3727 842
internal_value=-0.000111383 -0.0267277 -0.0277318 -0.0371956 -0.0881409 -0.0961892 -0.239197 -0.259377 -0.38574 -0.0225568 -0.0725758 -2.19475e-05 -9.5393e-07 -0.00725956 -0.000596668 -0.037375 -0.00515651 -0.0018733 0.0136755 -0.0933509 0.000210717 -0.00187554 0.0145384 -0.00114377 -0.0190897 -0.0235818 0.0619357 0.0493268 0.00114318 0.0136092 0.000690629 -0.0126924 -0.00519537 0.00580071 0.000150517 0.00131863 -0.00648745 -0.0289539 -0.050626 -0.0106941 0.00158967 0.0102934 0.0123547 -0.0432865 0.0175033 0.000827609 0.00747291 0.025987 -0.00517176 0.0296085 -0.0142303 0.0347079 0.0417188 -0.0108316 0.0149765 -0.000206714 -0.0155174 -0.00360603 0.055056 0.0601117 0.0641812 0.0887891
internal_weight=54690.4 183.154 182.95 165.798 37.0071 36.5943 5.29304 5.25018 2.90371 128.791 30.1896 54507.3 54492.6 1544.06 1264.33 279.726 1152.42 1065.23 49.7061 18.5095 52948.6 16355.5 1073.93 806.94 595.277 576.251 266.99 211.664 36593.1 1281.89 35311.2 1582.73 1321.55 903.421 817.634 33728.5 721.114 418.127 261.184 686.731 33406.8 2689.5 2589.87 99.6381 677.843 30717.3 4137.13 1678.91 2458.23 1596.18 166.322 1429.86 1239.1 190.763 412.334 26580.2 1504.52 290.017 826.764 758.979 728.046 313.517
internal_count=5635248 265479 265445 262405 216827 216728 8816 8769 2342 45578 27637 5369769 5313316 397510 107179 290331 101638 94482 7652 4654 4915806 688267 24179 18784 12960 10844 5395 5824 4227539 97146 4130393 1808172 1738601 870759 67004 2322221 58862 867842 69571 22518 2315152 122916 118098 4818 428560 2192236 115568 61582 53986 58086 6070 52016 43534 8482 11796 2076668 35732 6073 31738 7480 6914 3187
is_linear=0
shrinkage=0.1


Tree=116
num_leaves=63
num_cat=0
split_feature=1 9 18 18 19 19 29 7 14 21 18 21 7 9 30 18 2 19 25 1 2 21 20 20 18 25 2 1 24 25 21 25 21 30 21 24 26 27 20 25 2 18 17 11 10 20 5 13 20 24 11 30 20 19 19 2 10 14 21 14 30 18
split_gain=11.0354 13.7611 12.7798 12.265 10.1726 11.5721 7.88089 7.52832 27.4571 11.1583 31.7506 20.5207 22.3663 16.2858 13.4743 16.1714 13.7322 13.6923 12.9992 13.0997 20.7925 21.0132 11.9363 10.527 43.7812 32.5331 45.0465 28.6204 27.3211 36.3933 25.8297 24.7235 125.058 25.1014 23.5388 23.531 19.8869 21.5956 19.4442 19.2501 26.7261 21.3203 37.5123 25.0606 24.9067 23.0492 24.4797 25.5387 24.4153 21.6749 20.4815 27.8344 18.7142 20.7449 18.6857 17.9176 17.9114 17.7771 17.657 16.8646 48.9984 47.4966
threshold=63.500000000000007 43.792808532714851 98.253242492675795 42.891986846923835 99.760765075683608 96.168525695800795 3.5000000000000004 4.5000000000000009 0.73214286565780651 0.3514705896377564 1.0000000180025095e-35 0.063508063554763808 32.500000000000007 90.999099731445327 1.0000000180025095e-35 69.056186676025405 0.43780328333377844 74.589721679687514 3.5000000000000004 7.5000000000000009 0.32688896358013159 0.096006143838167204 81.266712188720717 85.372985839843764 42.441171646118171 10.500000000000002 0.34465624392032629 3.5000000000000004 8.5000000000000018 7.5000000000000009 0.24568965286016467 4.5000000000000009 0.17752101272344592 -1.0000000180025095e-35 0.2709790319204331 7.5000000000000009 0.88194444775581371 1.5000000000000002 82.621711730957045 6.5000000000000009 0.21209635585546496 29.345565795898441 9.5000000000000018 45.222154617309577 51.649148941040046 63.188142776489265 1.0000000180025095e-35 47.690120697021491 76.376262664794936 18.500000000000004 71.148777008056655 1.0000000180025095e-35 72.773891448974624 84.243625640869155 75.797962188720717 0.42217083275318151 51.649148941040046 0.41428571939468389 0.048809524625539787 0.93750000000000011 1.0000000180025095e-35 77.677928924560561
decision_type=2 2 2 2 2 2 2 2 2 2 2 2 2 2 2 2 2 2 2 2 2 2 2 2 2 2 2 2 2 2 2 2 2 2 2 2 2 2 2 2 2 2 2 2 2 2 2 2 2 2 2 2 2 2 2 2 2 2 2 2 2 2
left_child=6 2 -2 -3 5 -5 7 23 -9 10 -10 -12 14 -11 15 16 17 18 19 20 21 -13 -15 25 54 27 -27 59 29 31 -31 -29 -33 -34 36 -32 37 56 57 41 -41 43 45 -30 55 58 47 48 -47 -50 52 -52 -42 -54 -25 -44 -35 -28 -43 -1 -61 -62
right_child=1 3 -4 4 -6 -7 -8 8 9 13 11 12 -14 22 -16 -17 -18 -19 -20 -21 -22 -23 -24 24 -26 26 38 28 39 30 35 32 33 34 -36 -37 -38 -39 -40 40 50 42 44 -45 -46 46 -48 -49 49 -51 51 -53 53 -55 -56 -57 -58 -59 -60 60 61 -63
leaf_value=-0.0071445251352345029 -0.07913858198834979 -0.07461668466353856 1.2297643066255048 0.0044424099301633149 -0.12853806364081957 0.13738746762444973 -0.075834915983850046 -0.055819061986009305 -0.0019464143063419683 0.33444123854611818 -0.09951330230824941 0.28014595459524311 -0.11635071037723264 0.042894832635894733 0.036807752482053785 0.15473543956887492 -0.090003448652791057 -0.043959086915402942 0.0018223089214117827 0.091835804913619604 0.0091697745280051833 1.3799412931430013 0.00093219089820825935 0.14711208973202927 -0.00065454968964937443 -0.092424494842237859 -0.0054554034255096771 0.0067162693017167961 -0.085712213246813357 -0.069515893740287479 0.034939167721051621 -0.090107233053072389 0.030464690156293769 -0.091314268301508919 -0.00073598126395301475 -0.0029853062001355749 -0.10535359674924849 0.11736752723933841 0.013345604074406124 -0.050523350519258194 0.045348860593659279 -0.093490517948395871 0.031813567396302644 0.011306289236211922 -0.05933860908696488 0.05303600222591362 0.014881593714060219 0.026802486177861747 0.1574103853507666 0.90796692425085768 0.0028079934221032559 -0.066456534522412181 -0.057774508004862071 0.017319900324624358 -0.056341834232489424 -0.088553007017973737 -0.014003961449626821 -0.037966070521841026 0.065655829229551863 -0.00053679156135194573 0.0095460310887572723 0.094955082434068028
leaf_weight=3504.301441130985 40.53971394252676 22.853890191239771 0.074732577893881991 79.957845456431642 5.20879832884384 7.1313104768851181 13.710139340531894 100.24851889763886 3432.5042364596738 1.5866953539079975 46.068347496537172 0.35864907957147696 23.705528324833722 96.079171889999998 41.602415751025546 4.6396393061149857 33.656215639413858 59.063491361681372 24.801356654505071 6.3251948001270648 0.59914865170139819 0.33693986217258498 230.19850596292235 4.6375415499314832 27764.630978551533 70.676282463367897 420.94747118441546 4292.0275849962345 27.247102139029721 29.653361196180867 650.03787407103437 161.88224826305304 244.69753074130131 37.377614684733089 4267.0060767563555 218.63409137567578 32.985117618363802 10.599155514150878 265.15571426888209 89.603432347489615 191.02966664234737 7.1663475693289902 96.437113316318573 1165.2747954477118 71.54062774106751 44.973188628237494 498.9436124169647 114.54798160289465 32.650126644226475 0.38934871623223344 325.58341620724968 70.597811489453306 44.943570657299006 202.70527316183961 169.66907750512837 14.186379615673102 151.16770677826207 280.11740024123719 256.3293234798025 4266.3650800265677 165.32963179374929 107.41293007229979
leaf_count=123250 199459 22869 2 12381 84 128 57179 136575 155446 82 84270 57 1342 2422 949 33 6291 890 9181 1089 42 58 8565 247 1449205 241128 83411 467842 21780 81322 84615 411882 114898 310935 776166 45786 31098 1602 15827 110648 119033 9346 28838 59190 3157 15861 41658 2743 9287 28 12020 2012 56599 34651 13330 1678 10755 6663 32988 46353 44040 13982
internal_value=-0.000103412 -0.0266823 -0.0767301 -0.00903027 0.00720958 0.0153286 -2.74256e-05 -8.34522e-06 -0.00412802 -0.00283303 -0.00441058 -0.0394843 -0.025309 0.0148432 -0.0127162 -0.0285916 -0.0353885 -0.0152963 0.0369202 0.151157 0.440958 0.812881 0.013289 0.000327136 -0.000968203 0.00194058 -0.0153583 0.00277901 0.00561805 0.00304974 0.0222611 0.00117341 -0.00367606 -0.00072662 -0.00242304 0.025394 -0.0334346 -0.0215224 -0.00972111 0.0135863 0.0013767 0.0184313 0.0282278 0.00908958 -0.0133581 0.0361602 0.0265702 0.0568567 0.100986 0.166255 0.006947 -0.00953465 0.021832 0.00369169 -0.0509288 0.0163777 -0.0293301 -0.0184454 0.0613275 -0.00193314 0.00209017 0.0431823
internal_weight=54640.7 155.766 40.6144 115.152 92.298 87.0892 54484.9 54471.2 4101.77 4001.53 3673.66 241.157 195.089 327.864 171.383 129.781 125.141 91.4848 32.4213 7.61993 1.29474 0.695589 326.278 50369.5 27938.9 22430.5 1036.9 21393.6 13350.2 10096.1 898.325 9197.74 4905.72 4743.83 4499.14 868.672 232.13 199.144 966.221 3254.15 924.463 2329.69 1137.16 1192.52 182.164 955 691.504 192.561 78.0127 33.0395 834.86 396.181 438.679 247.649 174.307 110.623 188.545 701.065 263.496 8043.41 4539.11 272.743
internal_count=5635248 234923 199461 35462 12593 12509 5400325 5343146 407292 270717 259648 104202 19932 11069 18590 17641 17608 11317 10427 1246 157 115 10987 4935854 1462782 3473072 347029 3126043 2898418 2336901 211723 2125178 1657336 1245454 1130556 130401 354390 323292 105901 561517 334963 226554 145584 80970 33673 111911 69577 27919 25176 9315 224315 14032 210283 91250 13577 30516 321690 90074 42334 227625 104375 58022
is_linear=0
shrinkage=0.1


Tree=117
num_leaves=63
num_cat=0
split_feature=1 21 0 2 8 18 12 18 18 3 0 2 12 24 10 0 10 8 8 13 12 10 13 0 19 0 12 12 12 12 12 14 18 2 21 12 12 12 12 12 12 10 5 14 7 18 12 19 20 21 2 14 12 7 24 14 12 12 10 12 4 18
split_gain=9.2311 11.655 13.9612 12.6965 8.41782 11.3998 7.77798 8.67248 7.96541 7.65091 7.89483 14.355 14.3301 10.6926 14.2124 18.5121 9.9424 7.60834 7.59823 7.58842 24.1025 11.6539 18.9353 18.5032 15.1146 17.3865 14.0823 28.3826 22.3523 41.7357 25.8421 21.0814 21.5532 29.0169 24.5939 20.6678 47.5747 14.5466 52.1714 38.396 58.2741 17.2934 17.1315 23.4018 31.209 32.4405 29.8022 28.014 27.6331 21.9055 21.7931 21.225 51.0579 35.9539 32.3878 45.3029 33.1701 37.3375 30.1349 27.5538 27.4937 26.7828
threshold=63.500000000000007 0.43874999880790716 0.25426794588565832 0.29049532115459448 6.5000000000000009 46.388406753540046 62.361110687255866 85.77951812744142 66.220691680908217 37.500000000000007 0.13391820341348651 0.20573210716247561 63.245613098144538 7.5000000000000009 51.649148941040046 0.13146205991506579 64.051280975341811 92.000000000000014 2.5000000000000004 10.3913631439209 22.539682388305668 15.535444736480715 24.440019607543949 0.88044953346252453 66.496597290039077 0.21469595283269885 35.948717117309577 35.388994216918952 37.590579986572273 39.173061370849616 38.165266036987312 0.2264957278966904 95.862876892089858 0.87487441301345836 0.93933823704719555 37.394067764282234 36.51515197753907 40.289855957031257 42.206478118896491 42.967033386230476 43.951219558715827 23.45301723480225 1.0000000180025095e-35 0.18333333730697635 1.0000000180025095e-35 68.432746887207045 91.945945739746108 89.42132949829103 92.346740722656264 0.98275861144065868 0.99996608495712291 0.31666667759418493 88.067794799804702 1.0000000180025095e-35 6.5000000000000009 1.0000000180025095e-35 64.747306823730483 50.373134613037116 61.143791198730476 60.158729553222663 1.0000000180025095e-35 35.829523086547859
decision_type=2 2 2 2 2 2 2 2 2 2 2 2 2 2 2 2 2 2 2 2 2 2 2 2 2 2 2 2 2 2 2 2 2 2 2 2 2 2 2 2 2 2 2 2 2 2 2 2 2 2 2 2 2 2 2 2 2 2 2 2 2 2
left_child=17 6 3 18 5 -5 7 -2 9 10 11 12 -8 -13 -15 16 -16 19 -3 20 -1 22 23 24 -21 -26 27 31 35 30 -30 32 33 34 -23 36 -28 41 -39 -40 -41 -31 43 44 45 -42 47 -47 49 -49 -50 52 53 54 55 56 57 -44 -59 60 -53 -56
right_child=1 2 -4 4 -6 -7 8 -9 -10 -11 -12 13 -14 14 15 -17 -18 -19 -20 21 -22 26 -24 -25 25 -27 28 -29 29 37 -32 -33 -34 -35 -36 -37 -38 38 39 40 42 -43 51 -45 -46 46 -48 48 50 -51 -52 59 -54 -55 61 -57 -58 58 -60 -61 -62 -63
leaf_value=0.0023971245695212436 -0.078936235785151007 -0.10847384825005452 -0.045521415736621072 1.0086988431261383 0.061938203541191478 0.19753083275117483 1.4173244244707683 -0.38832257306365481 0.022922009617126596 0.37642612215218918 -0.067311846645867424 0.088753109146590584 -0.073084457174975456 0.13688675813848525 2.8098373234072214 0.4249570286538375 1.163869083670672 -0.094786796812176305 0.040733409620589543 -0.12764211099048828 -0.081604487246194346 -0.016136267802555861 0.080056200550935375 -0.070035432026204478 0.12006214890356066 0.013026361063946926 0.019185647423592245 -0.08671969405371488 -0.0084675017009613485 -0.013913409206514182 -0.082631612904445123 0.25145358650308486 0.0089881107577258514 -0.060175296314381788 0.030311925344888892 0.040577501991664273 -0.085342602312533739 -0.046543754030310386 0.036993667077104178 -0.07578317958546997 0.026805502088913497 0.028372870878026941 -0.0055141624124409967 0.00077131936427946534 -0.094392987897527272 -0.028393385146929809 0.076190319640250831 0.017197927233907184 -0.0061630486708092848 0.080595967381486167 0.028969092899886979 0.11598649419583179 0.02817321832063643 -0.10287036986787357 -0.059292705530574863 -0.06168277763701098 0.012077834403530727 -0.065199005631425958 0.11268383363882412 -0.00085143919706026031 0.019222714334973592 -0.0018557938342579638
leaf_weight=121.83783846365441 27.726663100579575 4.6519160134157636 23.447678325253946 0.17891170978691473 7.5722885333852901 5.4749661770401872 0.065818951507935153 0.93663350745100515 21.812529143946449 0.41705500651732919 42.65654080981858 0.75895362508344966 3.2481896449617125 0.28950220556725981 0.068674766400363296 0.18314001288672443 0.078816674953486654 8.4722195873036963 12.81479392503479 7.3443098732041099 47.464399630194748 805.28683036471057 41.425844919864176 27.525650424635387 15.772064442051485 401.49372108427451 280.49610583558069 45.90756148083392 90.369114096654812 131.53923436328796 97.861172492266633 3.1504775830817371 530.70181062891243 128.8219843700308 132.794421720424 260.73853422422962 51.543138544162957 239.87651699487469 282.08281784984138 101.27325527427456 898.7886772648294 365.27562742231794 305.46351149906695 21604.438291590643 28.620483748334209 253.92695192280189 57.043567218759563 704.8089535871004 1278.3037348203652 59.068143485608744 204.86449729415472 35.513744338270044 339.43102198018278 43.498882807521113 84.529702530407121 260.20193274370922 310.31005275147436 234.264048480979 9.9271777557587466 21298.622396338778 169.55504930717871 2051.6243031919894
leaf_count=33452 173471 2278 18784 97 2144 2820 52 1019 1394 36 24584 894 2466 19 6 16 101 1088 4742 29110 26698 838318 7526 325 11954 67875 137147 65753 82036 44925 147567 93 22163 6166 4852 108002 65037 238325 134454 101130 144379 260077 91728 905305 219544 61057 7236 25050 43052 2056 4958 5752 21540 242213 12236 21199 8770 27272 157 978846 2561 141341
internal_value=-9.83149e-05 -0.0246766 0.0125777 0.0569623 0.130874 0.223199 -0.0452071 -0.0890461 -0.0271476 -0.0500117 -0.0537678 0.0693374 -0.0434837 0.340452 0.648494 1.09646 1.93026 -2.95328e-05 0.00099498 -1.47871e-05 -0.021153 5.11513e-05 0.0153472 0.00941845 0.0145691 0.0170722 -8.9226e-05 -0.00919426 0.000198359 -2.37007e-05 -0.0470255 -0.00697094 -0.00748055 -0.0156724 -0.00956108 0.0195061 0.00295951 0.000148581 -1.77696e-05 0.000202723 -3.46122e-06 0.0171769 0.000149317 0.001998 0.00960159 0.0104626 0.00472035 0.00309022 0.00664802 0.0221003 -0.00131038 -0.00169546 -0.00875809 -0.012557 -0.0113505 -0.0251227 -0.0140606 -0.0288172 -0.0579675 -0.000500196 0.0359802 -0.00412863
internal_weight=54604.2 152.383 54.1406 30.6929 13.2262 5.65388 98.2425 28.6633 69.5792 47.7667 47.3496 4.6931 3.31401 1.37909 0.620134 0.330631 0.147491 54451.9 17.4667 54443.4 169.302 54274.1 493.562 452.136 424.61 417.266 53780.5 1646.66 52133.9 51541.1 188.23 1600.76 1597.61 1066.9 938.081 592.778 332.039 51352.9 50856 50616.2 50334.1 496.815 50232.8 25089.9 3485.43 3456.8 2558.02 2500.97 2247.05 763.877 1483.17 25142.9 3639.25 3299.82 3256.32 1120.17 859.965 549.655 244.191 21503.7 205.069 2136.15
internal_count=5635248 234923 30865 12081 5061 2917 204058 174490 29568 28174 28138 3554 2518 1036 142 123 107 5400325 7020 5399237 60150 5339087 116790 109264 108939 79829 5222297 937345 4284952 3974766 229603 871592 871499 849336 843170 310186 202184 3745163 3440161 3201836 3067382 305002 2966252 1412637 507332 287788 143409 136173 75116 27106 48010 1553615 566456 544916 302703 149126 127927 119157 27429 987159 8313 153577
is_linear=0
shrinkage=0.1


Tree=118
num_leaves=63
num_cat=0
split_feature=29 30 18 28 27 10 27 2 21 25 19 25 21 18 18 28 21 18 25 29 21 19 21 19 21 25 2 12 21 21 25 25 21 13 2 17 21 2 21 21 25 21 21 19 18 19 1 25 3 17 25 25 2 19 13 18 2 10 13 1 8 25
split_gain=8.38444 62.5198 38.8672 26.6521 26.333 22.1689 22.0307 18.8223 16.8059 15.6811 21.3838 18.2385 22.8738 16.0104 15.3406 31.5631 30.7457 40.2495 25.8057 22.4029 21.9777 20.4413 19.5231 19.8487 18.5962 25.1174 15.6634 13.6118 13.5634 13.5602 15.5239 12.2694 11.9815 11.6341 44.7288 11.1317 11.4492 11.588 11.0378 10.755 20.4111 14.1599 16.1666 23.332 14.0013 12.2288 11.2047 10.6808 10.3979 10.8846 9.99595 9.91191 9.07921 9.07824 9.80368 9.62927 9.06539 8.88115 8.84326 9.3417 14.7385 8.75964
threshold=1.5000000000000002 1.0000000180025095e-35 98.425098419189467 1.5000000000000002 1.5000000000000002 58.64367866516114 2.5000000000000004 0.7921138107776643 0.29520697891712194 3.5000000000000004 78.283874511718764 9.5000000000000018 0.63961037993431102 35.493415832519538 88.473194122314467 1.0000000180025095e-35 0.65942031145095836 94.349296569824233 6.5000000000000009 2.5000000000000004 0.62731480598449718 96.984848022460952 0.74456521868705761 96.677703857421889 0.72474747896194469 8.5000000000000018 0.54937973618507396 97.402160644531264 0.50806450843811046 0.69397994875907909 7.5000000000000009 15.500000000000002 0.65942031145095836 95.945205688476577 0.7028520703315736 11.500000000000002 0.89736840128898632 0.78133010864257824 0.79583334922790538 0.75595238804817211 10.500000000000002 0.74456521868705761 0.72474747896194469 93.764953613281264 95.862876892089858 95.67297744750978 2.5000000000000004 2.5000000000000004 4.5000000000000009 5.5000000000000009 16.500000000000004 8.5000000000000018 0.61523786187171947 98.830371856689467 89.699382781982436 75.690944671630874 0.53044369816780101 69.00656890869142 71.834934234619155 15.500000000000002 4.5000000000000009 4.5000000000000009
decision_type=2 2 2 2 2 2 2 2 2 2 2 2 2 2 2 2 2 2 2 2 2 2 2 2 2 2 2 2 2 2 2 2 2 2 2 2 2 2 2 2 2 2 2 2 2 2 2 2 2 2 2 2 2 2 2 2 2 2 2 2 2 2
left_child=-1 2 3 6 8 -5 9 -8 -3 13 56 14 -13 -2 26 20 17 19 21 -17 -16 -18 24 -24 25 29 61 33 47 30 -20 35 -9 -10 -35 36 39 -38 -33 40 41 42 43 -14 -42 46 -41 -7 49 -28 -34 -50 -6 55 -55 -47 -11 -48 -15 -60 -61 -12
right_child=1 4 -4 5 52 28 7 32 27 10 11 12 31 58 15 16 18 -19 22 -21 -22 -23 23 -25 -26 -27 48 -29 -30 -31 -32 38 50 34 -36 -37 37 -39 -40 45 44 -43 -44 -45 -46 53 57 -49 51 -51 -52 -53 -54 54 -56 -57 -58 -59 59 60 -62 -63
leaf_value=0.000209201861690174 -0.037874864861367707 -0.10456229222077909 0.10632224911813004 -0.085692655911466603 -0.049914043072451349 0.34498962927298021 -0.088565325552952948 -0.10381544181966743 0.040229126030437545 -0.046871360576558795 0.064772658659642809 -0.050743822175526532 0.0024980788733132905 -0.078450023613609685 -0.28417634124157631 0.055837436205310335 -0.085954909914407629 0.21069072792446769 0.19261499050199271 -0.043330835929343441 -0.071167378391042105 0.14149790986044536 -0.090873758482427069 0.080075367330843 0.23382052959994062 -0.085979342131463327 0.020750944373085081 0.083287168014547691 -0.061322748745503232 0.19486758040280072 -0.025983218278702536 -0.097156581729240452 0.032139444270420731 0.011163143789553421 -0.96072937157443195 -0.060954921932846663 0.068181091961499088 -0.075831336855806397 -0.006102987535244327 0.04778771077910416 -0.028681125366148603 0.19092074518047006 -0.023383777205055935 0.24677297460625308 0.13687359788884046 -0.12009521842566258 0.051944153151688981 -0.013081265874247509 0.064254268204329557 -0.016172255319023283 -0.085867372466944258 -0.012972705991265971 0.023067754876024697 0.10003382502365264 -0.047604485184763658 0.012635734365461164 0.00083008182736167091 0.26856858195804684 0.11597387666100155 0.50440575219984085 0.10332528674507978 -0.0066002123691872132
leaf_weight=51491.54716588006 7.3692692061608822 6.7157970730459047 28.400850469151919 72.895448063472941 39.070547299258124 0.83620119774059176 60.186813533589884 11.039277665520784 138.43893902029458 167.49383982654899 17.806017662207978 154.01676568549283 8.9535410622584077 1.5667660125195624 5.9596128332559628 54.352943564053021 74.788686399714607 11.742133207739242 4.5247800449578799 39.21652349561009 25.870941315995879 4.1715553955436908 26.463970357526705 9.1370132739612 5.0464764360931431 12.497453674746792 413.19686064657071 103.85913094237912 73.466763871085277 8.0271616499339888 11.519095780246971 25.853069998957835 40.824555477025569 2.9796235892572436 0.56300861126510415 26.668906551122745 6.9545220106738261 28.422721972965519 27.448095309429846 13.794993632720436 128.805732854491 6.629150443694015 21.841863052442022 6.9417336100141247 5.3193879427581114 6.0178420918527982 2.8802268524923402 220.22264003058262 81.561233044891196 98.959812525019515 8.7094805838842131 20.872737943452194 30.23840816437405 21.515429177843547 5.6864265536423764 59.576002959862308 52.274469472059991 5.5192402247339487 8.404421505998469 1.8641473502793826 1.8017274237063245 501.69494095670552
leaf_count=4714090 4610 8375 483 319425 7826 148 3935 162 10687 319158 4153 56130 318 1085 84 2759 2953 194 48 2475 315 41 1068 191 62 366 4018 4832 1316 77 815 877 485 295 44 1592 73 263 370 140 3913 104 453 125 52 121 162 52968 5118 4192 123 1427 1283 209 148 953 12976 57 125 51 150 74200
internal_value=-9.34616e-05 -0.00517075 -0.0100554 -0.0112709 0.0365274 -0.0363183 -0.00735778 -0.048959 0.0515115 -0.00510601 -0.00592336 -0.00265469 -0.0178994 0.0808861 0.0033565 -0.0170281 -0.00558305 0.0361746 -0.0337407 0.0142744 -0.111049 -0.0739383 0.00736489 -0.0469996 0.0538729 0.02904 0.00862871 0.055775 -0.0240981 0.0887569 0.035667 -0.00552606 -0.00960537 0.03565 -0.143294 0.00118162 0.0062206 -0.0475211 -0.0502674 0.0126988 -0.00266631 0.0561304 0.0324522 0.109177 -0.0221152 0.036549 0.10323 -0.0117268 0.0194336 0.0136166 0.0113905 0.0485179 -0.0180732 0.0206006 0.0691707 0.000458465 -0.035525 0.194287 0.145063 0.174076 0.30728 -0.00415389
internal_weight=54561 3069.48 2747.61 2719.21 321.865 367.421 2351.79 120.76 252.556 2231.03 2210.02 1990.26 562.846 21.0063 1427.41 293.318 261.488 105.312 156.176 93.5695 31.8306 78.9602 77.216 35.601 41.615 36.5685 1134.09 245.841 294.526 24.071 16.0439 408.829 60.5733 141.982 3.54263 355.528 328.859 35.3772 53.3012 293.482 178.491 44.3663 37.7371 15.8953 134.125 114.99 22.1945 221.059 614.591 512.157 49.534 102.434 69.309 92.7957 27.2019 65.5938 219.768 8.39947 13.6371 12.0703 3.66587 519.501
internal_count=5635248 921158 887816 887333 33342 373857 513476 4705 24233 508771 502750 170616 66060 6021 104556 11448 11049 5428 5621 5234 399 2994 2627 1259 1368 1306 93108 15858 54432 940 863 9930 770 11026 339 8683 7091 336 1247 6755 4965 1000 896 443 3965 1790 359 53116 14755 8210 608 6545 9109 1431 357 1074 332134 219 1411 326 201 78353
is_linear=0
shrinkage=0.1


Tree=119
num_leaves=63
num_cat=0
split_feature=1 11 7 1 1 1 8 26 14 13 0 27 11 12 12 11 13 10 8 18 25 1 11 2 13 10 11 9 29 8 10 2 2 0 2 0 21 0 2 2 9 14 8 1 21 9 1 0 18 13 26 28 21 2 2 9 9 2 14 28 4 13
split_gain=7.84591 20.6229 27.9175 20.1452 30.7102 19.7879 18.3489 16.3699 14.3963 14.2981 20.4118 16.0828 15.2574 25.0716 14.2476 14.431 21.4039 15.5935 22.2343 42.7736 22.2258 28.2865 17.3675 19.1074 15.4738 13.9481 23.6172 21.7102 13.8494 14.1862 30.8255 61.461 70.1772 16.0517 13.5636 21.8871 13.1349 14.7107 21.4837 31.2654 43.9724 13.1 13.0121 13.2352 12.5225 15.8058 15.2309 12.2915 32.5539 16.3954 11.9329 14.7874 11.8704 13.9789 13.8619 16.0614 11.8419 11.8222 11.7966 12.0283 20.6565 17.5761
threshold=13.500000000000002 42.462121963500984 1.0000000180025095e-35 22.500000000000004 19.500000000000004 20.500000000000004 6.5000000000000009 0.31666667759418493 0.18333333730697635 46.737588882446296 0.84885936975479137 1.5000000000000002 48.52813911437989 79.118217468261733 57.359306335449226 51.66851997375489 51.925926208496101 66.287876129150405 4.5000000000000009 59.508163452148445 4.5000000000000009 20.500000000000004 87.585617065429702 0.30334444344043737 81.53021621704103 89.699382781982436 92.907444000244155 89.699382781982436 1.0000000180025095e-35 1.5000000000000002 39.369100570678718 0.25591188669204717 0.22718688100576404 0.6228548288345338 0.5037723481655122 0.35565750300884252 0.61721614003181469 0.16982226073741916 0.18683049082756045 0.19573089480400088 27.518593788146976 0.18333333730697635 1.0000000180025095e-35 194.50000000000003 0.4220647811889649 51.316701889038093 19.500000000000004 0.34611898660659796 50.114154815673835 28.370221138000492 0.23611111193895343 1.5000000000000002 0.16397849470376971 0.29190297424793249 0.29049532115459448 25.176055908203129 67.017543792724624 0.25729367136955267 0.44949495792388922 1.0000000180025095e-35 1.0000000180025095e-35 18.350168228149418
decision_type=2 2 2 2 2 2 2 2 2 2 2 2 2 2 2 2 2 2 2 2 2 2 2 2 2 2 2 2 2 2 2 2 2 2 2 2 2 2 2 2 2 2 2 2 2 2 2 2 2 2 2 2 2 2 2 2 2 2 2 2 2 2
left_child=-1 2 3 4 6 52 8 28 -2 10 11 58 13 -11 44 16 -16 24 20 22 25 57 -20 -24 -17 27 -27 34 29 30 33 32 -32 -5 35 -19 37 38 -8 40 -40 -9 -23 -44 45 -14 -46 -39 49 -49 -47 -52 -6 54 -54 -56 -18 -22 59 60 -3 -61
right_child=1 9 -4 7 5 -7 36 41 -10 12 -12 -13 14 -15 15 17 56 18 19 -21 21 42 23 -25 -26 26 -28 -29 -30 -31 31 -33 -34 -35 -36 -37 -38 47 39 -41 -42 -43 43 -45 46 50 -48 48 -50 -51 51 -53 53 -55 55 -57 -58 -59 -60 61 -62 -63
leaf_value=0.00034292913797305947 -0.033702768814168026 0.090630584842228468 -0.11258922783302108 0.0086772899192314613 -0.085755186970770628 -0.0053860318294872457 0.061822331434492075 -0.019633172407464358 0.21103515558403113 -0.066074777649671582 1.1599900114508688 0.072628659163225709 -0.12115889090378473 0.10621638776687917 0.089939498475954671 -0.016697732890665201 -0.066704628424187049 0.0047845239876675117 0.0169784755467603 0.011019013856186987 -0.036448470743910298 -0.029379770249062544 -0.042272281946496265 -0.013201429173749481 0.072086901864498773 0.11032460923000945 0.02538685661059923 0.23825823712352434 -0.090283207053302839 -0.048341701898905541 -0.10059795015080973 0.29939940087843525 4.1990141343449841 1.7339742546529107 -0.058328629473124449 0.091996235273768823 0.080764762945160717 -0.072602901787623589 4.5026646787015556 0.15806565171168693 0.96876524346239101 0.715408073094987 0.021535215317752612 0.24951536395243468 0.0129625135340988 -0.064576368500603692 0.21040016988211382 0.41794623160860778 0.030157392716796641 1.8008464185056052 0.10469689037525372 0.54993264943768749 0.082780123490521287 0.021162460693226581 1.226344096443609 -0.10107528585062267 0.14408375995142511 -0.0067786303264266426 0.093683624591492556 1.8181752088398206 -0.018041657033387667 -0.018833972383913558
leaf_weight=48351.05816831877 318.02477792554328 33.96017514082132 29.485632742757389 5.2465838494063091 6.3387936115213952 139.84933274205468 2.844243695426488 194.9823616088388 2.4218273518854394 70.44428797778437 0.15763983016949978 49.674810987527962 6.2503467361302709 9.5967081328253681 39.581006065174734 841.74976364929535 17.784801629135476 444.55346379938419 106.99218661453233 688.51739813984022 170.64977156974419 53.433530805061309 393.71170017848635 531.05940619020112 20.098808946378995 36.097522124953684 351.54276656655566 4.0667401429309384 74.168383299463585 18.484909658592187 0.064176327708991954 0.90179457527119666 0.092930156188231194 0.054485244560055324 30.532231501707429 30.768278834912053 26.801672958394192 21.417305653352745 0.043441624107799615 0.37779547820537118 0.18583136994948291 0.24276564023602887 442.22437814328623 2.5612048699586003 6.732979294050895 3.3151356775433651 9.3096864373655972 0.18841379566583727 3.5101076398041187 0.15731110436900053 4.7623657938311226 0.88449663887877239 67.114802740014056 64.82032388355583 0.22545907092535244 0.15301526912298868 3.1349776437727987 630.4361545450156 15.205513807150053 0.052107154016083679 36.068061178855714 113.98565571385234
leaf_count=3089128 426882 11154 770226 5874 9242 81181 3898 95406 450 11432 10 3504 2552 333 2655 139477 1183 43275 18336 9679 27312 4610 111663 108870 1297 717 12590 199 345671 17732 127 228 35 7 2320 1518 5951 28016 94 762 158 26 34970 104 1005 2152 668 66 4358 61 299 56 27188 22267 71 175 123 32339 2315 84 722 110445
internal_value=-8.5848e-05 -0.00344155 -0.0167624 -0.0137841 -0.0040135 0.0211551 -0.0226572 -0.0355169 -0.0318531 -0.000935646 0.0224413 0.021721 -0.00211188 -0.0454175 -0.00140024 -0.00183488 0.046698 -0.0024493 0.000230084 -0.00828382 0.00689699 -0.00146295 -0.021165 -0.025578 -0.0146272 0.0189988 0.0332964 0.00812984 -0.0686372 -0.0040183 0.124805 0.617391 2.44267 0.0264102 0.00627976 0.0104299 0.0304137 -0.016567 0.177088 0.717129 1.63835 -0.0187191 0.0172466 0.022848 0.0658995 0.000897558 0.127537 -0.0430126 0.121348 1.04719 0.0860231 0.174436 0.0479254 0.0543297 0.0861833 0.689675 -0.0351165 -0.013099 0.00903063 0.00203753 0.0346589 -0.0179946
internal_weight=54529.2 6178.09 978.198 948.713 654.474 278.502 375.973 294.238 320.447 5199.9 249.104 248.946 4950.79 80.041 4870.75 4839.5 60.5008 4779 3917.15 1720.28 2196.87 1299.31 1031.76 924.771 861.849 897.561 387.64 509.921 99.0133 24.8449 6.35997 1.0589 0.157106 5.30107 505.854 475.322 55.5261 28.7245 3.45131 0.607068 0.229273 195.225 498.219 444.786 31.255 15.2123 16.0427 25.2731 3.85583 0.345725 8.962 5.64686 138.652 132.314 67.4933 0.378474 20.9198 801.086 199.272 184.066 70.0282 114.038
internal_count=5635248 2546120 1846152 1075926 610820 140124 470696 465106 427332 699968 128234 128224 571734 11765 559969 553237 3961 549276 408502 248548 159954 99335 238869 220533 140774 60619 13307 47312 369674 24003 6271 390 162 5881 47113 44793 43364 37413 4912 1014 252 95432 39684 35074 6732 5059 1673 32501 4485 127 2507 355 58943 49701 27434 246 1306 59651 124720 122405 11876 110529
is_linear=0
shrinkage=0.1


Tree=120
num_leaves=63
num_cat=0
split_feature=8 24 17 14 21 19 19 21 21 18 20 2 26 19 21 11 14 7 18 21 21 19 9 20 2 25 28 13 4 19 20 20 11 21 1 19 20 18 0 8 13 19 18 21 9 11 26 19 21 26 20 18 8 18 4 17 7 8 14 27 2 11
split_gain=7.64491 7.41335 39.5049 27.6404 18.4011 23.5695 24.9272 32.7 30.4213 25.2824 31.9215 22.4558 17.9991 17.8462 17.7547 16.0806 19.8891 15.2066 14.9048 29.3867 14.7474 14.3248 13.6721 12.7213 12.5544 32.6284 23.4598 25.8925 38.9704 22.9134 31.617 21.3353 18.2213 17.6865 16.9192 18.2432 16.7958 21.6228 15.9532 15.8547 20.4635 20.6003 47.1239 59.8666 77.6684 97.9294 35.1946 32.0979 14.9098 14.5292 14.3413 15.4985 13.9007 12.9371 15.6891 23.1965 42.2555 21.3975 24.1813 25.8306 24.5238 23.6481
threshold=81.000000000000014 12.500000000000002 9.5000000000000018 0.93750000000000011 0.98275861144065868 97.575668334960952 99.052112579345717 0.91987180709838878 0.70294117927551281 98.253242492675795 99.80237197875978 0.88710504770278942 0.5634920895099641 97.067424774169936 0.71714287996292125 81.302967071533217 0.38750000298023229 2.5000000000000004 98.048732757568374 0.93541666865348827 0.21583850681781772 92.601715087890639 31.139970779418949 99.333301544189467 0.35638374090194708 9.5000000000000018 1.0000000180025095e-35 55.646631240844734 1.0000000180025095e-35 60.046947479248054 79.557674407958999 57.217262268066413 39.314987182617195 0.54006412625312816 7.5000000000000009 86.807079315185561 81.644729614257827 38.122762680053718 0.20504322648048404 6.5000000000000009 36.882591247558601 98.598102569580092 66.813507080078139 0.3964285701513291 21.680376052856449 23.845060348510746 0.44949495792388922 95.260559082031264 0.72474747896194469 0.61250001192092907 97.905025482177749 95.013813018798842 8.5000000000000018 83.791332244873061 1.0000000180025095e-35 2.5000000000000004 1.0000000180025095e-35 2.5000000000000004 0.31666667759418493 3.5000000000000004 0.25451400876045233 41.223155975341804
decision_type=2 2 2 2 2 2 2 2 2 2 2 2 2 2 2 2 2 2 2 2 2 2 2 2 2 2 2 2 2 2 2 2 2 2 2 2 2 2 2 2 2 2 2 2 2 2 2 2 2 2 2 2 2 2 2 2 2 2 2 2 2 2
left_child=1 24 4 23 5 11 8 20 -7 10 -9 12 13 17 -13 -6 -17 22 -12 -20 -8 -16 -3 -4 25 26 27 28 29 30 -1 32 -31 -27 35 -33 49 -38 -35 40 41 42 43 -37 -45 -46 -47 -44 -29 53 51 -30 -50 54 55 57 -57 58 59 -28 61 -60
right_child=-2 2 3 -5 15 6 7 9 -10 -11 18 14 -14 -15 21 16 -18 -19 19 -21 -22 -23 -24 -25 -26 33 36 48 50 31 -32 34 -34 38 -36 39 37 -39 -40 -41 -42 -43 47 44 45 46 -48 -49 52 -51 -52 -53 -54 -55 -56 56 -58 -59 60 -61 -62 -63
leaf_value=-0.043062863049808012 -0.068538708778375243 -0.052084628916845725 -0.030523214877584831 0.16062545618798194 0.052851237465812273 -0.2054724578626651 -0.061013706828207406 -0.028676481098438983 -0.015461192028771451 -0.088186227087412805 0.059884900044541639 -0.0071943372627984795 -0.014572662944102586 -0.044036103029398421 -0.058053217029848884 -0.083484175151913156 0.082716517056049002 -0.002919913281483737 -0.12378598260270596 0.10278462375675629 0.034196272209028808 0.049337889845419834 0.022380721799440242 0.010474072011169079 0.00022971851534898157 -0.079696655637323269 -0.050636402252591653 -0.0023145276890246991 -0.0018316499571259819 0.032556237692186664 3.1787765375442993 0.014336947374090348 0.26603486597860687 0.19174098527489902 0.041096481818084118 0.076152173962935388 -0.073931226005719858 -0.012985564449840004 -0.019758011492064187 0.54102253168912673 0.049501446223184059 0.13240739086871764 -0.053383208482217975 0.19238919394502674 4.5500846740584775 -0.10042394634320087 1.9716570695305735 0.58548628853949558 -0.10937220781377661 0.044215716135892265 -0.13837197964946737 0.089004940261712628 0.088516173357330308 0.048999493037229586 -0.012918417368363515 -0.0035712561949359451 -0.063352151006872012 0.0020865257088745932 1.0061094185199257 -2.7269708651987292 0.014308724102279872 0.070250246435623678
leaf_weight=26.456122973696441 16.311983172607142 25.264698671420774 455.7262271769855 8.2569328624886094 147.14043511172167 8.5334452406295878 17.067048807633 183.9490812208096 668.94491481680052 40.023224873850268 83.365800248962842 82.622522055295121 300.57530061600119 54.215459985660345 12.955518429003858 20.687498005427191 11.044228936239959 373.04752670939206 13.847995997326509 9.7587244790665846 347.74906934991122 300.97706062181715 1023.7650772121642 90.760472529002982 43153.979908626658 86.866549622661751 30.421465695280634 628.90301217415254 330.67113008584784 5.3866522457947204 0.030493885656141084 12.054562746078771 8.8087541203913116 4.0815310955936175 220.57666502976281 0.55765122433331782 60.783680075895973 1376.8994800386899 28.258552258470445 1.0712614737458341 11.085809907632209 7.2898533941352071 2.0308848481017781 0.32657484160517924 0.12895954853593139 0.11436202113327454 0.28941912233494804 1.2833742597231319 22.66324988016277 64.081073883248791 7.2909798866894553 19.914272608817555 4.208998112648259 45.942810451703735 1405.0511783917827 1059.9156535041996 133.08470055738712 1151.5304050743914 0.27056741200249135 0.036105165221669178 166.5464798055109 130.33999832225891
leaf_count=106099 8694 79170 73425 219 5069 303 1163 7468 12231 414 1143 1892 17430 1318 258 951 7330 24920 112 73 11053 5774 105002 2253 2568632 288535 102822 32433 12267 5004 69 8997 727 1075 78914 604 5226 390244 8306 95 469 543 457 55 33 124 70 107 665 5763 200 163 124 2512 43121 626627 585277 336719 171 14 23486 30834
internal_value=-8.95821e-05 -6.90912e-05 0.00392581 -0.0209706 0.00763297 0.00605467 -0.004201 0.00909378 -0.0178546 -0.0136678 -0.00341604 0.0125345 0.0077326 0.012274 0.0340509 0.0389273 -0.025638 0.0144208 0.0400216 -0.0301245 0.0297421 0.044906 0.0205873 -0.0237144 -0.000409652 -0.00432041 -0.00342888 0.00861701 0.0226742 0.0494199 -0.0393536 0.0580961 0.177438 -0.0561941 0.0514994 0.11483 -0.00623673 -0.0155623 0.00693455 0.164933 0.147497 0.237869 0.400363 0.883029 1.40665 2.151 1.38479 0.194005 -0.0054314 -0.0030348 0.000441291 0.00332813 -0.078377 -0.00376916 -0.00436377 0.000134379 -0.0102401 0.00850188 0.0310512 -0.053809 0.039749 0.0721889
internal_weight=54505.8 54489.5 4280.28 554.744 3725.53 3546.66 1373.24 695.761 677.478 330.945 290.922 2173.42 1776.87 1476.29 396.555 178.872 31.7317 1422.08 106.973 23.6067 364.816 313.933 1049.03 546.487 50209.2 7055.25 6936.05 1311.14 655.368 297.491 26.4866 271.005 14.1954 119.207 256.809 36.2327 5624.9 1437.68 32.3401 24.1782 23.1069 12.0211 4.73123 1.41697 0.859316 0.532741 0.403781 3.31426 655.775 4187.22 357.876 350.585 26.8722 4123.14 4077.2 2672.15 1193 1479.15 327.615 30.4576 297.157 130.611
internal_count=5635248 5626554 358971 75897 283074 269724 33960 21426 12534 9210 8796 235764 227840 210410 7924 13350 8281 209092 1328 185 12216 6032 184172 75678 5267583 2698951 2401035 248219 214997 202367 106168 96199 5731 297916 90468 11554 2152816 395470 9381 2557 2462 1993 1450 886 282 227 194 564 33222 1757346 12630 12430 789 1751583 1749071 1705950 1211904 494046 157327 102836 54491 31005
is_linear=0
shrinkage=0.1


Tree=121
num_leaves=63
num_cat=0
split_feature=3 24 27 10 0 2 0 24 0 8 6 20 14 0 18 24 2 11 14 8 8 21 19 28 20 19 30 28 24 28 20 20 19 0 11 10 9 10 9 9 9 10 7 14 14 19 20 14 19 25 3 30 9 9 20 8 14 10 19 27 0 18
split_gain=7.06913 13.6433 11.4974 10.3405 7.63422 11.9108 9.27346 8.9489 10.4756 8.80216 13.5774 8.01244 16.4581 11.6596 8.12829 7.60058 9.83461 10.3811 15.6557 14.848 12.7016 12.4685 21.8354 28.4616 27.3283 24.1544 8.95562 10.543 14.3793 9.45535 10.9266 16.8321 9.13886 8.85951 22.0147 8.06452 37.6236 29.7191 58.4688 24.8033 34.3335 48.6642 32.8656 76.9554 28.7767 41.8642 39.3112 27.9329 25.5838 34.2586 23.7265 22.989 34.6034 73.7781 69.6352 45.1192 22.85 72.4482 22.0383 48.4453 25.9709 38.5071
threshold=1.5000000000000002 16.500000000000004 1.5000000000000002 73.499401092529311 0.13855129480361941 0.18871957808732989 0.16982226073741916 8.5000000000000018 0.31072302162647253 6.5000000000000009 1.0000000180025095e-35 74.475421905517592 0.38750000298023229 0.35565750300884252 54.246303558349616 4.5000000000000009 0.33801612257957464 75.181159973144545 0.31666667759418493 1.0000000180025095e-35 8.5000000000000018 0.58957219123840343 96.677703857421889 1.0000000180025095e-35 96.791351318359389 86.576263427734389 1.0000000180025095e-35 1.0000000180025095e-35 3.5000000000000004 1.0000000180025095e-35 91.239036560058608 93.764953613281264 94.146202087402358 0.40405100584030157 51.66851997375489 59.122919082641609 68.208553314208999 68.457099914550795 78.830558776855483 73.20508193969728 58.102025985717781 48.52813911437989 1.0000000180025095e-35 0.31666667759418493 0.44949495792388922 65.133895874023452 73.090183258056655 0.27922078967094427 95.845661163330092 11.500000000000002 11.500000000000002 -1.0000000180025095e-35 18.808961868286136 17.712418556213382 61.920122146606452 5.5000000000000009 0.18333333730697635 68.13346099853517 85.631710052490249 1.0000000180025095e-35 0.41374915838241583 50.114154815673835
decision_type=2 2 2 2 2 2 2 2 2 2 2 2 2 2 2 2 2 2 2 2 2 2 2 2 2 2 2 2 2 2 2 2 2 2 2 2 2 2 2 2 2 2 2 2 2 2 2 2 2 2 2 2 2 2 2 2 2 2 2 2 2 2
left_child=1 2 4 -4 -1 6 -6 9 -9 11 -11 12 -7 -14 -13 16 -2 18 20 -20 -18 26 24 -24 25 -23 29 28 -28 -19 32 -32 -31 34 -21 39 56 38 -38 40 42 -42 44 -44 45 -17 48 -41 49 50 51 52 53 -47 -55 -56 57 -37 59 -48 61 -60
right_child=15 -3 3 -5 5 7 -8 8 -10 10 -12 14 13 -15 -16 35 17 21 19 33 -22 22 23 -25 -26 -27 27 -29 -30 30 31 -33 -34 -35 -36 36 37 -39 -40 47 41 -43 43 -45 -46 46 58 -49 -50 -51 -52 -53 -54 54 55 -57 -58 -59 60 -61 -62 -63
leaf_value=-0.1427233372760533 -0.029887704281974875 -0.16578218053179461 0.096231810501569467 -0.07287146903880351 0.064122448036264934 0.18151186970804956 0.30030584340748034 -0.066959647002676731 0.07035713769880185 0.0041961551564786287 -0.23466246841484334 -0.12339964103822257 -0.027864660129294113 0.074765055887492743 0.022161405257459119 -0.039881879437672609 -0.012856765812268179 -0.034948017641669861 -0.10384236990155354 0.54061509143683961 0.051271211721715518 0.06390308777562019 -0.017967322832072172 0.082168149808331037 0.079243327090095725 -0.051116210677316934 -0.42635863930015439 -0.14700559985570563 0.02793383525139416 0.0062400838842730285 0.14983353035882352 -0.019010848259227098 0.27361005953879963 0.052138042608705006 0.10292899584723983 0.01683706472920269 -0.037725344994543282 0.00017631405516877098 0.021731892225200524 0.075605891316302645 0.0035121804566713394 -0.034924358222118611 -0.1039013504985449 0.021423438372056156 0.029251667413005784 0.20474631977703589 -0.063224734746102032 0.0067409563736759133 -0.0016009936327924857 -0.079743668289358721 -0.041876225511097237 0.030178734583066143 0.072070542721396444 4.628908408886387 0.50886603412950204 2.9569565029503049 0.0066065022584565402 0.13149524997173553 -0.029013121013140963 -0.00079702352471001296 -0.0038615032566397516 0.016921511151804135
leaf_weight=3.147852832255011 173.7396811141848 3.8510341412911648 30.313886100891978 4.105872590080252 5.7577015593997185 8.8689739223336783 2.3372727983514778 25.836238390184008 7.0775117558659977 10.379229083948301 3.0877225191798052 5.3208677064976682 18.767402437864803 26.988482560147531 13.749308878337613 272.08731013699253 156.59037267180292 48.455312138634326 5.1388386314101799 1.2845647697322409 38.474978336537788 19.573882267257432 93.044550796868862 40.845038549334276 19.383214589644922 271.60047527268762 0.74362205536453885 8.4600311161484569 11.049690824496793 315.37130814488773 13.723533480515473 10.362490138388237 1.2836036197841156 41.697633783871424 10.903295903410251 627.09112796023419 541.27218607326176 36535.441532534154 238.16672561766791 83.422252450749511 587.81780298368903 749.27051913708419 98.537890355612035 97.454131465190585 320.40517157586874 2.7944757690274851 186.60398540683627 200.37937844796579 444.52823068333964 27.840270500817496 39.424062832827076 548.03422271560248 91.541341959173224 0.063431295535337884 0.32505399467117968 0.097976643588481238 2856.2285780479424 60.417820421051147 211.66294072744222 372.35126685472233 6516.4981600820302 1324.5206337303971
leaf_count=192 73308 88 612 221 125 145 48 465 230 230 18 88 147 617 309 532365 29687 1519 267 49 4964 457 9705 1188 289 3250 39 98 925 16148 122 89 7 630 589 14298 36234 1517517 15664 10675 23728 46870 1628066 39762 14610 1634 457708 7365 12976 61044 74395 217774 23249 80 240 60 150062 1430 19616 74852 210349 295760
internal_value=-9.41531e-05 0.0202907 0.0246142 0.0760598 0.0111298 0.0149084 0.132316 0.00699335 -0.0374321 0.0237691 -0.0505697 0.0373537 0.0568363 0.0326701 -0.0184523 -0.0001578 -0.00776702 -0.00429835 0.0134462 0.0585712 -0.000208069 -0.0095785 -0.0211768 0.0125805 -0.0357305 -0.0433842 0.00301116 -0.06182 -0.000711373 0.0063849 0.0122627 0.0771919 0.0073239 0.0740599 0.14906 2.60986e-05 0.000699254 -0.000235889 -0.0195575 -0.00223285 -0.00293011 -0.0180267 -0.00101766 -0.0415855 -0.000250098 -0.00119174 -0.000113835 0.0269835 0.0172127 0.0289898 0.0334267 0.0380447 0.0835071 0.402598 1.53915 1.07586 0.0105461 0.0269131 -0.00243698 -0.0216382 -0.00110418 0.0105924
internal_weight=54485.6 169.589 165.738 34.4198 131.319 128.171 8.09497 120.076 32.9138 87.162 13.467 73.695 54.6249 45.7559 19.0702 54316 1281.73 1107.99 254.09 59.0243 195.065 853.897 444.447 133.89 310.558 291.174 409.45 20.2533 11.7933 389.196 340.741 24.086 316.655 53.8855 12.1879 53034.3 40858.6 37314.9 779.439 12175.7 11891.9 1337.09 10554.8 195.992 10358.8 10038.4 9766.29 283.802 1154.65 710.121 682.281 642.857 94.8223 3.28094 0.486462 0.423031 3543.74 687.509 8611.64 558.955 8052.68 1536.18
internal_count=5635248 3535 3447 833 2614 2422 173 2249 695 1554 248 1306 909 764 397 5631713 143330 70022 36186 1535 34651 33836 14889 10893 3996 3707 18947 1062 964 17885 16366 211 16155 1268 638 5488383 1735205 1569415 51898 3753178 3735138 70598 3664540 1667828 1996712 1982102 1449737 18040 391452 378476 317432 243037 25263 2014 380 300 165790 15728 1058285 532560 525725 315376
is_linear=0
shrinkage=0.1


Tree=122
num_leaves=63
num_cat=0
split_feature=1 0 29 14 27 0 12 13 11 14 14 13 13 8 7 0 21 20 25 18 18 14 13 28 18 14 27 21 8 0 20 0 3 3 25 21 21 25 28 19 26 29 18 11 19 0 11 21 26 19 14 21 19 21 20 18 18 20 20 25 29 20
split_gain=7.28831 17.1229 18.133 23.2792 19.5428 17.9365 14.2967 14.0483 13.9955 24.884 13.9026 15.5338 13.6747 12.4322 19.3514 12.4234 18.201 13.0749 22.6786 13.8741 13.45 12.1896 12.0615 11.5981 11.2654 11.2427 10.9301 18.3589 11.1728 10.5134 10.3249 10.1511 10.9035 9.34221 15.7709 22.4865 27.1203 21.156 16.4385 27.6407 47.7136 34.897 37.1188 36.347 26.3004 26.0841 22.3791 21.3895 57.3397 40.8478 29.3354 25.6917 25.6039 65.0863 46.8524 29.9167 29.2545 51.1283 45.69 31.8307 35.1989 30.3038
threshold=1.0000000180025095e-35 0.6228548288345338 1.0000000180025095e-35 0.81666666269302379 1.5000000000000002 0.76043426990509044 71.148777008056655 30.368906021118168 80.298507690429702 0.84523808956146251 0.2264957278966904 83.75235748291017 41.101057052612312 1.5000000000000002 1.5000000000000002 0.95763123035430919 0.87749999761581432 80.788658142089858 9.5000000000000018 61.298427581787116 83.448474884033217 0.27922078967094427 90.366767883300795 2.5000000000000004 91.905540466308608 0.6904762089252473 4.5000000000000009 0.85357144474983226 1.5000000000000002 0.77194768190383922 80.604629516601577 0.91480755805969249 5.5000000000000009 3.5000000000000004 7.5000000000000009 0.21980676054954532 0.44722221791744238 11.500000000000002 1.0000000180025095e-35 94.602687835693374 0.73214286565780651 1.0000000180025095e-35 95.862876892089858 98.07621002197267 97.311748504638686 0.72551110386848461 97.332859039306655 0.4220647811889649 -1.0000000180025095e-35 76.609558105468764 0.31666667759418493 0.79583334922790538 95.67297744750978 0.43874999880790716 94.513019561767592 92.876655578613295 89.296943664550795 91.442928314208999 83.384460449218764 6.5000000000000009 1.0000000180025095e-35 84.237243652343764
decision_type=2 2 2 2 2 2 2 2 2 2 2 2 2 2 2 2 2 2 2 2 2 2 2 2 2 2 2 2 2 2 2 2 2 2 2 2 2 2 2 2 2 2 2 2 2 2 2 2 2 2 2 2 2 2 2 2 2 2 2 2 2 2
left_child=1 23 5 4 21 10 12 31 -9 -10 -3 -12 -6 22 15 17 -17 18 19 -15 -21 -4 -5 -1 -19 -8 33 28 -28 30 -23 -7 -33 34 38 -36 37 -37 39 40 -2 43 -43 45 -44 -41 -47 -40 50 -50 -49 52 54 -54 56 -56 57 59 -58 60 -51 -61
right_child=26 2 3 13 6 7 25 8 9 -11 11 -13 -14 14 -16 16 -18 24 -20 20 -22 29 -24 -25 -26 -27 27 -29 -30 -31 -32 32 -34 -35 35 36 -38 -39 47 41 -42 42 44 -45 -46 46 -48 48 49 51 -52 -53 53 -55 55 -57 58 -59 -60 61 -62 -63
leaf_value=-0.019868184886304485 0.035081026011540437 0.018970422770869647 -0.0033439477009563285 0.066292186437370143 0.032577560065283867 0.006108888995894006 0.021211161496397374 0.042729804681160027 -0.014369509343763931 0.046392512171828826 -0.052575050648217693 -0.0017581278035054696 -0.061893697801238018 0.042433726815742534 -0.012952392525401514 -0.18117126976965497 -0.0019752528604524105 0.034140130401116145 -0.14923003856816203 -0.095962652186317179 0.058113006820878346 -0.072372300607913123 -0.016186690125824191 0.078426502012517746 0.010185446363233057 -0.046685252875353855 0.004259828503137498 0.014596218748877544 -0.055591598767274979 -0.049292577259570897 -0.011647522662720455 0.0105693301041195 -0.10169942330206086 -0.00088584029686357164 -0.070408689841427424 0.030433930165660972 0.0044710806571551798 -0.078704857327347513 0.0047819077413913634 -0.0042268577863427961 -0.0004611264597546674 -0.019572735255749173 0.0041740454676174217 0.062520757179228767 -0.18726289941555391 0.025656123015008671 -0.2254976178214963 0.0072142252504806409 -0.054942405050253364 0.0379335092785162 0.081066599535205314 -0.050704564521146134 0.11019775622387942 0.0020618827391881323 0.03276084532825576 -0.0036205030844438124 0.14287202963200027 0.03040734637791986 -0.027446493420416346 0.019738917189240823 -0.019398563388525653 -0.025248643087924551
leaf_weight=698.88743317851186 719.45920290179538 125.11157766968245 152.45673436975812 18.468274388462305 21.17945458462782 151.74517191546693 219.86867071967572 271.88393957142762 162.62635919664172 115.10310216362996 99.373356678741402 152.41523038205924 55.402134357063915 34.729655147762969 374.76851099876512 7.8004549443721798 20.734754342585802 326.09062096790876 12.112426735227926 19.981172748841349 7.9080269366968414 32.558863005135208 443.66202784492634 12.213770918066073 493.32412069581915 27.430555991479196 41.784660381526919 96.004427223186212 123.01021629026582 264.73928230721503 199.96539303078316 15.174938151558306 20.120775104533095 27192.108131157656 38.140152715998738 570.1910112733749 5617.4355967113097 18.3323453244966 3631.4489558632467 1759.1878401910162 795.15053418854541 295.24813202302357 10.260970328934489 100.86557004856877 23.873378633754328 416.21759002854014 3.5783344390802077 101.19997426000737 165.27666596267318 112.39380001490872 114.79690587645746 119.7034565793565 57.027726011323466 2322.2847575894848 416.15460011886807 494.72005156955674 15.961623151950333 328.66336594613358 1191.3663349010649 531.21933355354713 2267.6345435071639 208.49945891922016
leaf_count=13847 48761 3404 1641 226 217 1735 2276 9387 21903 121226 3801 11733 425 320 3543 77 160 3673 202 288 189 594 4291 295 5319 428 1497 3202 4023 4341 4728 183 229 3891282 113634 86051 142686 37901 536186 47697 87734 7324 187 63403 254 11182 165 9879 34165 5159 8393 6060 646 40689 18550 20629 306 15921 33400 16632 111211 9758
internal_value=-9.63296e-05 -0.00392417 -0.00128888 -0.00567127 -0.0180782 0.00946753 0.00198838 0.0185456 0.0266016 0.0108129 -0.00827568 -0.021814 -0.0357667 0.00119366 0.00621023 0.0139936 -0.0509607 0.0160665 -0.0239755 0.000252665 -0.0522743 -0.0280812 -0.0128906 -0.0181799 0.0197183 0.0136801 0.000253309 -0.0201651 -0.0404159 -0.0356655 -0.0201504 -0.00512662 -0.0534309 0.000360587 0.00187055 0.00614034 0.00661079 0.0270343 0.000225025 0.00567628 0.0164219 -0.000561316 -0.030987 0.00383445 -0.129716 0.00111785 0.0235153 -0.00163617 -0.00439539 -0.00573008 0.0464649 -0.00472165 -0.00402892 0.0046537 -0.0077401 0.0130012 -0.011798 -0.00710768 -0.0251948 -0.0110599 -0.0166911 0.00705858
internal_weight=54457 4557.84 3846.74 2733.18 973.601 1113.55 323.881 736.654 549.613 277.729 376.9 251.789 76.5816 1759.58 1297.45 922.681 28.5352 894.146 74.7313 62.6189 27.8892 649.72 462.13 711.101 819.415 247.299 49899.2 260.799 164.795 497.264 232.524 187.041 35.2957 49638.4 22446.3 6244.1 6205.96 588.523 16202.2 4123.84 1514.61 2609.23 329.382 2279.85 34.1343 2178.98 419.796 12078.4 8446.9 8230.91 215.997 8065.63 7945.93 2379.31 5566.61 910.875 4655.74 3448.41 1207.33 3119.75 2380.03 739.719
internal_count=5635248 220681 206539 32938 14650 173601 3346 154663 152516 143129 18938 15534 642 18288 13771 10228 237 9991 999 797 477 11304 4517 14142 8992 2704 5414567 8722 5520 9663 5322 2147 412 5405845 1514563 380272 266638 123952 1134291 266707 136495 130212 7765 122447 441 59044 11347 867584 331398 313126 18272 278961 272901 41335 231566 39179 192387 158681 33706 142760 116370 26390
is_linear=0
shrinkage=0.1


Tree=123
num_leaves=63
num_cat=0
split_feature=29 28 18 25 21 14 20 25 21 26 24 20 21 20 21 26 9 21 18 25 18 24 2 18 20 25 17 24 20 21 24 25 5 10 24 25 8 21 13 26 4 17 2 9 12 17 18 24 18 20 18 2 21 26 21 21 20 2 18 11 17 9
split_gain=7.62368 34.8247 33.3588 32.5883 23.3771 23.0496 17.2914 16.3179 18.8762 16.0035 17.2838 51.2401 40.2597 20.6175 29.5769 21.4715 20.3206 18.7462 17.7957 24.7775 18.5928 16.1312 20.8634 15.8936 28.2168 18.0982 14.0598 13.8609 13.6894 14.4131 13.6363 12.5958 12.4764 12.2646 11.599 26.6494 11.3125 10.9797 10.9411 10.9252 10.7762 10.2727 11.6885 10.6274 29.3928 53.2131 14.4355 13.424 12.2159 10.0211 10.0174 10.004 14.5964 12.6147 9.54793 9.42571 14.8699 9.39055 10.1803 9.11146 24.6544 165.079
threshold=1.5000000000000002 1.5000000000000002 98.253242492675795 9.5000000000000018 0.63961037993431102 0.31666667759418493 57.217262268066413 16.500000000000004 0.79583334922790538 0.52272728085517894 8.5000000000000018 95.84293365478517 0.79583334922790538 93.116607666015639 0.70710784196853649 0.23611111193895343 88.493064880371108 0.77097901701927196 86.214557647705092 6.5000000000000009 92.876655578613295 5.5000000000000009 0.54411232471466076 81.422252655029311 84.635734558105483 3.5000000000000004 6.5000000000000009 7.5000000000000009 78.291275024414077 0.54006412625312816 15.500000000000002 15.500000000000002 1.0000000180025095e-35 48.934240341186531 7.5000000000000009 7.5000000000000009 11.500000000000002 0.13714733719825747 78.979854583740249 0.21111111342906955 1.0000000180025095e-35 1.0000000180025095e-35 0.58314234018325817 42.94755935668946 30.940170288085941 8.5000000000000018 84.753833770751967 5.5000000000000009 85.77951812744142 93.563182830810561 92.071350097656264 0.74055027961730968 0.65942031145095836 0.44949495792388922 0.85357144474983226 0.61721614003181469 94.55533599853517 0.64417582750320446 85.117294311523452 14.907407283782961 28.500000000000004 16.807909011840824
decision_type=2 2 2 2 2 2 2 2 2 2 2 2 2 2 2 2 2 2 2 2 2 2 2 2 2 2 2 2 2 2 2 2 2 2 2 2 2 2 2 2 2 2 2 2 2 2 2 2 2 2 2 2 2 2 2 2 2 2 2 2 2 2
left_child=-1 2 3 6 27 -3 -2 30 -9 10 13 -12 16 14 23 -16 38 26 19 21 34 22 -15 25 28 37 -17 33 36 -30 -6 -32 -28 -5 51 -36 41 -8 -13 50 54 42 -25 44 45 -43 -46 -48 -45 -23 -7 53 -53 -20 -22 -21 -57 -24 -59 60 -27 -62
right_child=1 5 -4 4 7 39 9 8 -10 -11 11 12 -14 18 15 17 -18 -19 20 55 40 49 57 24 -26 59 32 -29 29 -31 31 -33 -34 -35 35 -37 -38 -39 -40 -41 -42 43 -44 48 46 -47 47 -49 -50 -51 -52 52 -54 -55 -56 56 -58 58 -60 -61 61 -63
leaf_value=0.0002016333835033551 -0.05122048364845129 -0.083770540314251463 0.10784358788169075 -0.10784622022270809 -0.0063493570940476272 -0.011986238191802171 0.34639709950677222 -0.13494060490626389 -0.0060933008490725643 -0.090025285875777267 0.014709388491048145 0.51248857879164456 -0.076740644169980693 -0.13542425736021785 -0.010997285050905062 0.080433500256351875 0.16415783267968864 0.031819528500977419 -0.06203417866751626 -0.054340476609568401 0.1758841213402472 -0.042684937739266536 0.2783526987764029 -0.035724212771153584 -0.01045887185060926 0.16649307599714777 0.26669014272076952 -0.065103263702564293 0.13939657374248052 0.036029550998121614 0.24606477277122921 0.026853550530768988 0.092169539966182129 0.025220126100930586 0.17852413402389733 -0.040102668750950317 0.14684060945604363 0.076129871265398941 0.24792778317564085 -0.097108666696620008 -0.0021815944034913452 -0.10069830971498561 0.038929011336581311 0.030086457128087104 0.068271361574203437 4.6791161062800457 1.2554236212924232 -0.1036699764453025 0.18720754083515506 0.26355028599961672 -0.10094415363234727 0.025835646346061364 -0.056771905484249929 -0.25929687046091277 -0.00536662848504887 -0.077428545755130168 0.22177754199834979 0.17885499060915022 -0.014752829435095347 -0.006342144496358156 -0.10005717607906067 19.427762119974524
leaf_weight=51354.537235279087 54.33816862615231 73.959914711942474 27.867831113871944 8.6300218602016212 430.29974029423829 260.1805844118544 1.7168851419778537 21.330883374231234 24.348802612083091 17.203018368722951 161.60098891756434 3.1264731943883861 5.4110531098776837 4.4443299891136183 44.155774556193137 45.196455917833191 14.329696901608258 63.143930820815513 115.24481817691321 24.100422483157676 6.7663784486221612 1.2501325806479124 2.7698354232043121 39.912695438690207 147.08295680539459 1.8191785881517706 9.1037887302863982 148.54901217207384 28.508652152754166 25.604797365271224 4.0455638382736634 7.4448950396345026 7.4473873230735981 35.091125414021008 7.6906467601211288 20.271810696721332 7.9030381264010421 12.074436952010272 3.1262823436409235 17.827566691106767 112.57086092083773 0.052534926429870121 44.197807048922186 33.106802159592917 1.4174185547808518 0.041842250873742159 0.21908816599352565 0.10874789433000842 5.8178706329999832 7.3580103343965675 13.305933294235727 36.053552863757432 52.590416280263526 3.3356338908943135 5.0946740929066436 3.1560009161958069 3.506376675399224 4.9345601515115032 6.0404871696628106 764.64008854047188 0.027992677487873041 0.0051208850127295582
leaf_count=4714090 125499 325365 494 30240 10440 57516 109 709 361 472 39020 78 138 1484 1653 916 70 3040 8443 1927 954 129 197 268 12429 5878 227 121516 861 1011 95 142 175 6244 89 634 95 964 22 366 3463 94 252 558 665 40 42 109 64 457 279 572 1006 58 300 247 303 105 97 151858 286 33
internal_value=-8.60705e-05 -0.00495825 -0.000992526 -0.00214168 -0.0210084 -0.033916 0.00440268 -0.00936161 -0.0662607 0.00598904 0.00686386 0.0356701 0.165982 0.00368601 0.0099641 0.0489404 0.229793 0.0701315 -0.0156263 0.0359982 -0.0238893 0.106295 0.0529202 0.0040509 0.0223062 -0.00376266 0.10931 -0.0505369 0.0480922 0.0904865 -0.00347843 0.104033 0.188163 -0.00104555 -0.0404283 0.0200273 0.0308144 0.109776 0.380212 -0.0212587 0.00737089 0.0234714 0.00350405 0.0646706 0.299537 2.01844 0.206585 0.804593 0.0535705 0.219077 -0.0163143 -0.0485861 -0.0231735 -0.0675831 0.0980315 -0.0252369 0.0800422 0.11382 0.0722964 -0.00580553 0.215715 2.91984
internal_weight=54387 3032.5 2667.23 2639.36 679.74 365.274 1959.62 487.47 45.6797 1905.28 1888.08 187.594 25.9935 1700.48 1283.31 169.047 20.5825 124.892 417.179 57.5602 359.619 26.7974 18.1892 1114.26 333.974 780.284 61.7476 192.27 186.891 54.1134 441.79 11.4905 16.5512 43.7211 235.187 27.9625 132.778 13.7913 6.25276 291.314 124.432 124.875 84.1105 40.7643 1.83963 0.0943772 1.74525 0.327836 38.9247 8.60814 273.487 207.224 88.644 118.58 11.8611 30.7628 6.66238 13.7449 10.975 766.492 1.85229 0.0331136
internal_count=5635248 921158 537632 537138 169747 383526 367391 11747 1070 241892 241420 39328 308 202092 181627 6011 170 4358 20465 4946 15519 2469 1883 175616 16488 159128 1318 158000 4059 1872 10677 237 402 36484 10802 723 2187 1073 100 58161 4717 2092 520 1572 950 134 816 151 622 586 57795 10079 1578 8501 1254 2477 550 399 202 158055 6197 319
is_linear=0
shrinkage=0.1


Tree=124
num_leaves=63
num_cat=0
split_feature=17 29 7 11 9 11 9 12 9 13 20 0 25 13 11 13 17 2 9 13 12 9 13 9 13 24 14 10 14 2 17 12 14 11 12 17 17 17 17 9 12 13 19 13 9 17 11 17 12 13 20 30 11 17 10 24 19 10 10 0 13 12
split_gain=38.2391 583.162 3977.41 15472.8 26761.3 1166.72 18358.2 8.57002 9.59458 9.00064 9.50216 21.472 8.54935 14.2362 9.49736 6.79022 18.993 8.99525 8.05067 118.487 28.6398 24.1425 64.6746 31.5813 61.3358 55.1003 41.2158 36.7462 30.5143 24.4943 25.6294 29.3995 22.2563 20.5041 20.7887 18.1066 26.3519 24.1224 19.0779 22.3616 17.9177 37.9737 17.6908 16.5778 40.5422 25.6413 36.2579 24.1311 18.8677 18.5196 37.7525 24.9755 44.5683 17.7242 16.1891 15.4256 105.021 15.2769 18.1471 16.6429 16.4729 17.5723
threshold=27.500000000000004 1.5000000000000002 1.0000000180025095e-35 14.907407283782961 16.807909011840824 14.907407283782961 16.807909011840824 82.972846984863295 23.45301723480225 23.166368484497074 71.195312500000014 0.35171858966350561 6.5000000000000009 24.440019607543949 22.048610687255863 1.0000000180025095e-35 3.5000000000000004 0.87487441301345836 20.169491767883304 21.680376052856449 46.737588882446296 26.158231735229496 28.370221138000492 30.860805511474613 32.757078170776374 6.5000000000000009 0.2264957278966904 30.860805511474613 0.15476191043853763 0.73100760579109203 10.500000000000002 55.646631240844734 0.31666667759418493 26.158231735229496 46.049896240234382 18.500000000000004 14.500000000000002 7.5000000000000009 2.5000000000000004 35.368577957153327 55.245780944824226 24.316333770751957 94.146202087402358 28.730158805847172 27.072835922241214 3.5000000000000004 29.459980010986332 1.5000000000000002 26.201373100280765 31.662488937377933 74.298820495605483 1.0000000180025095e-35 29.679679870605472 1.0000000180025095e-35 27.842377662658695 5.5000000000000009 92.545253753662124 22.378716468811039 28.097587585449222 0.88044953346252453 29.679679870605472 28.869047164916996
decision_type=2 2 2 2 2 2 2 2 2 2 2 2 2 2 2 2 2 2 2 2 2 2 2 2 2 2 2 2 2 2 2 2 2 2 2 2 2 2 2 2 2 2 2 2 2 2 2 2 2 2 2 2 2 2 2 2 2 2 2 2 2 2
left_child=15 7 5 4 -4 6 -3 8 9 -2 11 -11 -12 14 -14 16 -1 -18 20 -20 -17 29 28 27 25 26 -25 43 33 30 -21 40 -29 34 -23 36 37 38 -27 -40 -32 -42 -31 47 -45 46 -46 -24 -47 50 51 55 -53 -52 -26 56 -48 -50 60 -60 -59 -62
right_child=1 2 3 -5 -6 -7 -8 -9 -10 10 12 -13 13 -15 -16 18 17 -19 19 21 -22 22 23 24 54 35 -28 32 -30 42 31 -33 -34 -35 -36 -37 -38 -39 39 -41 41 -43 -44 44 45 48 49 -49 57 -51 53 52 -54 -55 -56 -57 -58 58 59 -61 61 -63
leaf_value=0.051501027795561219 -0.031018677983196109 0.0096240405259887009 -0.10002334419542797 -0.10000906211737869 -358.47181115293716 -0.078274722117901818 -103.89188902916997 0.055935583156269432 -0.090458250497612538 -0.074430619364442882 -0.027795684008889238 0.98362596097384258 0.21238877156160121 -0.16107574154904114 0.84551817094119519 0.012106195031247444 -0.051805679470799927 -0.17501333428037094 -0.07391223536604262 0.0090339961694971896 -0.040577176964571519 -0.10445059623451509 0.17470176796446521 -0.099331506878132039 0.021068461544142807 -0.0518862974229835 0.091846757060175713 -0.033458791838523065 0.077745191974353742 -0.076967610652253757 0.057594159041184673 -0.034343857673517816 0.16542353658856584 -0.033218821318500576 0.027372514105515944 -0.14040375729543675 0.069431201015105901 -0.061632839598470039 0.054307425416812376 -0.055582332256154235 1.6021698583834523 0.048734023517411185 0.0020700629855136665 -0.096687601765728173 -0.064116020079283367 1.1113293232526018 -0.10008000710930665 0.044811659059093775 0.083207521555312317 -0.010276134091985852 0.50763928825679738 2.5111205612784744 0.61962184376513108 0.063623032724314396 -7.1017087934007313e-05 -0.068216857522172852 12.179399510768398 0.065357855487748903 0.053143259018778144 -0.04719981287942434 0.92046255376412067 -0.031643327312340395
leaf_weight=15.652671397663196 41.941024683829482 0.23980210864192386 0.0048990318296090463 0.030433800569880987 0.0036259555226934026 1.4961503018080291 0.018303347499340816 10.458907754249593 25.447647660699204 0.40426824135556572 3.826284864488116 0.36495162534720293 0.55609309397004814 0.53359811156224168 0.41281094497662707 1222.7877252202584 22.870863765836933 7.9978675289294179 217.18009479403554 390.1360497942037 112.6967356019245 87.562044875166293 16.087608877758839 146.35000567608017 364.94553102266218 40.965618463324972 12.218281788869261 142.92788086339624 20.255419083733159 30.068938316475396 274.30032341824472 38.558864312253718 5.8573696795683636 252.8894779095474 13.856234558487811 10.367841523051082 39.73806376840389 83.429933054782168 79.527737324334794 24.13827746031734 0.23445474608160921 0.47855644479113835 486.62132227384427 27.70521797743686 63.901286522484497 0.1641420640544301 0.048126871697152351 128.93147345392731 65.272269212488482 24.456194693587349 0.93846744669872606 0.15290548052325903 0.67221816136589041 21.386849556015932 49455.890317621292 0.50667802125462913 0.0081434058702143375 24.545251205995328 216.07337807273279 17.898442733323463 0.19435515456143448 73.997463871756054
leaf_count=3554 16792 733 186 1496 38 4650 90 2096 13859 554 894 71 84 155 74 360075 11973 183 226319 288612 36211 92386 5231 226597 110648 40743 1754 133048 2173 6572 149600 10112 320 347068 5602 6321 11244 52285 54598 15152 62 120 10582 17797 42322 38 496 46776 16165 20850 236 76 249 2258 3090101 1352 10 12098 95388 238 230 37651
internal_value=-0.000145733 -0.0668759 -1.85126 -33.4542 -152.527 -1.14942 -7.35847 -0.0287585 -0.0408125 -0.0145137 0.0990043 0.427558 0.0515771 0.253708 0.48214 -4.03346e-05 -0.0382285 -0.0837279 -7.57885e-06 -0.000201156 0.00766043 0.000102703 -0.000226945 7.65932e-05 -0.000243252 -0.0375556 -0.0846005 0.0194034 -0.0416286 0.0140039 0.0261433 0.0474302 -0.0256292 -0.0484531 -0.0864403 -0.0107378 -0.00571783 -0.018812 0.00588897 0.02872 0.0588955 0.55954 -0.00252956 0.0292142 0.0211247 0.027522 -0.014732 0.0592209 0.0394157 0.0507804 0.113749 0.619771 0.97014 0.0822877 8.38329e-05 0.106229 1.677 0.0389737 0.0302957 0.0454672 -0.00565547 -0.0291492
internal_weight=54369.2 85.7388 1.79321 0.0389588 0.00852499 1.75426 0.258105 83.9456 73.4867 48.039 6.09801 0.76922 5.32879 1.5025 0.968904 54283.4 46.5214 30.8687 54236.9 52901.4 1335.48 52684.3 51463.9 51089.3 50257.6 436.736 158.568 831.726 374.563 1220.4 703.708 313.572 148.785 354.308 101.418 278.167 267.8 228.062 144.632 103.666 275.013 0.713011 516.69 682.94 537.921 510.216 112.071 145.019 398.145 48.1696 23.7134 1.38807 0.825124 22.3253 49820.8 0.562948 0.0562703 397.981 332.709 233.972 98.7371 74.1918
internal_count=5635248 41772 7193 1720 224 5473 823 34579 32483 18624 1832 625 1207 313 158 5593476 15710 12156 5577766 5181480 396286 4955161 4489501 4042272 3609443 408694 228351 432829 447229 465660 448506 159894 133368 445056 97988 180343 174022 162778 110493 69750 149782 182 17154 299461 247454 229657 67849 52007 161808 25527 4677 2183 325 2494 3200749 1858 506 161770 145605 95626 49979 37881
is_linear=0
shrinkage=0.1


Tree=125
num_leaves=63
num_cat=0
split_feature=1 9 18 19 19 27 19 24 20 19 13 9 30 18 29 3 2 26 14 12 20 20 25 19 24 12 3 12 11 18 28 3 12 2 25 24 20 25 18 20 13 26 19 20 5 11 20 25 19 2 18 28 26 18 1 7 8 3 3 9 2 12
split_gain=7.17461 10.1502 9.50651 7.62899 8.57928 6.69978 7.66442 6.94211 12.6357 26.8356 26.8466 23.7435 20.2089 29.531 21.1753 20.2692 19.5189 17.8348 16.6189 16.491 14.8543 14.5417 14.2427 14.0261 13.6546 13.0069 16.7919 12.0569 19.9014 18.0533 11.1952 11.1441 11.2972 11.1321 31.0043 24.3023 37.8755 30.6219 35.6554 26.8567 27.9966 26.5735 31.3753 24.1423 22.3362 22.0811 20.8612 20.6574 19.3627 17.4235 23.6343 15.6193 15.0792 14.1069 15.5469 13.6973 13.5089 23.1846 20.5505 27.0949 121.793 17.2618
threshold=63.500000000000007 43.792808532714851 42.891986846923835 99.760765075683608 96.168525695800795 7.5000000000000009 99.760765075683608 12.500000000000002 99.80237197875978 97.575668334960952 43.534002304077156 30.471628189086918 1.0000000180025095e-35 50.714429855346687 1.0000000180025095e-35 13.500000000000002 0.59547635912895214 0.76388889551162731 0.58571431040763866 99.333332061767592 99.333301544189467 96.017620086669936 13.500000000000002 99.052112579345717 16.500000000000004 58.434959411621101 11.500000000000002 94.494949340820327 92.718276977539077 98.048732757568374 1.5000000000000002 3.5000000000000004 22.539682388305668 0.38417798280715948 9.5000000000000018 7.5000000000000009 88.47040176391603 6.5000000000000009 36.198686599731452 57.063049316406257 55.245780944824226 0.4083333313465119 60.894552230834968 74.475421905517592 1.0000000180025095e-35 24.316333770751957 99.80237197875978 4.5000000000000009 63.665315628051765 0.21209635585546496 53.365695953369148 1.0000000180025095e-35 -1.0000000180025095e-35 86.876968383789077 22.500000000000004 46.500000000000007 1.5000000000000002 25.500000000000004 200.50000000000003 41.728857040405281 0.21209635585546496 42.967033386230476
decision_type=2 2 2 2 2 2 2 2 2 2 2 2 2 2 2 2 2 2 2 2 2 2 2 2 2 2 2 2 2 2 2 2 2 2 2 2 2 2 2 2 2 2 2 2 2 2 2 2 2 2 2 2 2 2 2 2 2 2 2 2 2 2
left_child=5 -2 -3 4 -4 7 -7 33 9 11 21 31 15 14 17 -13 22 -14 -18 20 -17 -11 -15 30 -20 26 -25 28 -10 -29 -12 32 -9 34 35 45 37 38 43 -40 44 42 47 56 -41 53 52 -42 -45 -39 51 -51 -38 -1 -55 -35 57 61 -59 60 -60 -37
right_child=1 2 3 -5 -6 6 -8 8 27 10 23 12 13 16 -16 19 18 -19 24 -21 -22 -23 -24 25 -26 -27 -28 29 -30 -31 -32 -33 -34 55 -36 36 46 49 39 40 41 -43 -44 48 -46 -47 -48 -49 -50 50 -52 -53 -54 54 -56 -57 -58 58 59 -61 -62 -63
leaf_value=0.0060246521785786902 -0.069733198702172899 -0.068443709026397098 0.0040867776795869204 -0.11028946821571278 0.11978788016832748 -0.14930249414902255 0.032044224999876601 0.224250416077409 0.015438699681771759 0.0334267366533893 -0.024526705667858813 0.018775394923402813 0.096586240575890769 -0.059791542475074004 -0.042416380967972102 -0.078910043643928951 0.0076903465349845886 -0.01071127952576845 -0.07664412956672223 -0.00063223606827468831 1.4375459482615547 -0.012433015399913913 -0.1908359813555387 -0.099638524692563915 0.054479434653936426 0.00092103012199018096 0.15788155029920731 0.077452823914042845 -0.1092872567993656 -0.0049631691806306111 -0.17053430482909349 -0.0774528721942562 -0.015833122856928842 0.0005275014755967318 -0.050845961040900139 0.31549764307329964 -0.1223535504288001 -0.064573887840576605 0.080290118583620715 0.07229095442706561 0.17478689121614355 -0.030054859908530008 0.011497389414201099 0.14756868995045461 0.019947124970380595 -0.0083454252510867053 -0.12833578726383979 0.021916939524722266 -0.071166786041454086 0.10107204089722165 -0.024176891081419502 0.0066234225226130504 -0.017555989098007346 0.074385469886317765 -0.061262600223366964 -0.015501123639391807 0.0011912620543327508 -0.049529512520667812 16.401307812684546 0.55110776163643838 -0.10012965107774104 0.044042277428913867
leaf_weight=167.29844664108714 34.379748649026624 20.913660042963784 79.038756649333664 5.2872550191623295 6.9742937136652463 6.275573724673448 3.7073619998009235 2.1137193611343745 284.38759683801982 198.53616297177541 632.678684468141 1641.6193060008329 48.026427851758854 47.748073458203862 26.767094418333727 31.833992821163068 111.23927007048769 22.867457138734608 52.726437294768402 339.76424355446215 0.064725559524957954 106.09198668066074 10.037287530809406 23.293374415319708 9.3500782347109617 450.20984359880094 2.8408896536711827 74.088118682571803 13.395497732504735 41.448012805587496 5.2954079727351191 46.0694627193418 26.940996063631019 40928.572766794416 136.99085120734526 2.3826530509536488 14.734817392578405 67.767449335438982 86.496496354291821 153.80746654662835 20.738444553990121 139.91310833866009 330.58742222869114 4.3300097045475914 173.46398072191369 5090.2980281259061 21.342057481668235 15.406428518077517 61.906588294199537 26.808914922386521 240.63126494640585 50.476253684308858 201.36742050304065 68.146947744561203 9.6450352208980785 540.1777833179367 1218.7985464794931 33.381394637685844 0.0060600965698530676 0.15351336981257191 0.017076406403248257 139.16895096114831
leaf_count=296680 199461 22869 12381 84 128 225 137 632 6552 8002 9979 114623 2700 4309 1099 27752 3851 1818 3292 20086 2 3392 1959 402 579 19018 78 1705 420 5174 65 103650 17035 2149034 302066 5368 5165 83514 25614 51348 643 3725 5308 303 63231 1613486 2763 796 4308 6946 118732 32612 32630 19130 2913 58129 129871 9241 56 170 135 17872
internal_value=-0.000100958 -0.022194 -0.00762906 0.00630142 0.0134683 -4.12082e-05 -0.0819558 -2.6119e-05 0.00385403 0.00206413 -0.0088523 0.00847238 0.0102474 -0.0127397 0.0333643 0.0140011 -0.0322228 0.0619765 -0.0154419 -0.00708649 -0.075833 0.0174553 -0.0825539 -0.0160442 -0.0568941 -0.00306026 -0.0716452 0.0204666 0.00982802 0.0478865 -0.0257386 -0.046866 0.00163286 -0.000356252 -0.00365848 -0.0028833 0.00431153 0.00760146 0.0118364 0.0272509 0.0217495 0.00702324 0.021169 0.00211976 0.0445471 -0.0069338 -0.0340164 0.109627 -0.0568676 -0.0185379 -0.0087248 0.039386 -0.0247016 0.0223843 0.0575672 0.00031871 0.00492276 0.0308947 -0.0438368 1.03191 4.22206 0.0486115
internal_weight=54350.8 146.594 112.214 91.3003 86.0131 54204.2 9.98294 54194.3 4249.43 3836.11 1418.95 2417.17 2342.04 328.762 97.661 2013.28 231.101 70.8939 173.316 371.663 31.8987 304.628 57.7854 1114.32 62.0765 476.344 26.1343 413.319 297.783 115.536 637.974 75.1242 29.0547 49944.8 8476.07 8339.07 3003.69 2766.24 2380.56 920.413 833.917 506.645 366.732 1460.14 327.271 5335.39 237.444 36.1449 66.2366 385.684 317.916 77.2852 216.102 245.09 77.792 41468.8 1393.91 175.11 33.558 0.17665 0.0231365 141.552
internal_count=5635248 234923 35462 12593 12509 5400325 362 5399963 358174 344323 40936 303387 182070 19607 5617 162463 13990 4518 7722 47840 27754 11394 6268 29542 3871 19498 480 13851 6972 6879 10044 121317 17667 5041789 2834626 2532560 600351 559793 317989 150665 125051 10472 6747 167324 114579 1932209 40558 1439 4611 241804 158290 39558 37795 318723 22043 2207163 162713 32842 9602 361 191 23240
is_linear=0
shrinkage=0.1


Tree=126
num_leaves=63
num_cat=0
split_feature=3 2 9 8 9 24 1 2 8 8 3 2 24 0 30 12 3 3 2 14 14 13 9 13 12 24 9 11 12 11 19 20 0 14 12 11 10 12 7 10 10 12 28 1 2 12 11 21 14 13 9 13 9 10 12 11 14 11 10 11 12 21
split_gain=58.4573 2802.88 7893.68 4887.05 1227.02 596.902 165.91 77.783 34.1935 46.2819 14.5827 15.6945 7.37374 7.28523 13.3978 29.2191 18.2888 13.9098 13.4807 7.45604 61.3268 53.0526 61.9685 63.1603 50.317 49.747 43.8376 76.3181 74.9013 78.8799 66.8062 56.0846 38.3132 37.8204 61.2834 81.2672 37.5556 36.6411 35.2404 34.8929 31.5748 31.549 39.6258 31.5173 31.1874 29.9963 29.7976 39.8775 73.9237 45.5259 103.635 28.757 31.9998 28.6065 36.1881 27.8947 56.611 39.8006 29.8751 50.6555 45.6826 42.7159
threshold=197.50000000000003 0.21053344011306765 38.757823944091804 1.5000000000000002 27.639257431030277 9.5000000000000018 8.5000000000000018 0.21209635585546496 3.5000000000000004 6.5000000000000009 234.50000000000003 0.19236099720001223 13.500000000000002 0.93393263220787059 1.0000000180025095e-35 58.123168945312507 2.5000000000000004 6.5000000000000009 0.97793668508529674 0.44949495792388922 0.34848485887050634 98.213714599609389 90.595520019531264 73.375530242919936 87.609649658203139 7.5000000000000009 69.631092071533217 88.047618865966811 88.067794799804702 85.053192138671889 78.065486907958999 99.333301544189467 0.39505723118782049 0.61250001192092907 90.521114349365249 91.476997375488295 80.901721954345717 81.892700195312514 1.0000000180025095e-35 92.718276977539077 88.493064880371108 88.067794799804702 1.0000000180025095e-35 22.500000000000004 0.7921138107776643 84.273937225341811 94.201679229736342 0.26201373338699346 0.58571431040763866 67.05426406860353 66.287876129150405 61.651582717895515 61.633426666259773 85.89511871337892 90.070423126220717 75.181159973144545 0.10555555671453477 84.529914855957045 69.804355621337905 69.631092071533217 78.629974365234389 0.93933823704719555
decision_type=2 2 2 2 2 2 2 2 2 2 2 2 2 2 2 2 2 2 2 2 2 2 2 2 2 2 2 2 2 2 2 2 2 2 2 2 2 2 2 2 2 2 2 2 2 2 2 2 2 2 2 2 2 2 2 2 2 2 2 2 2 2
left_child=13 2 3 4 6 -6 -2 -3 10 -10 11 -4 -12 19 18 17 -17 -16 -15 20 21 22 23 43 -24 41 46 28 29 30 32 33 -28 34 -29 40 44 39 53 -35 -36 -22 -43 55 -32 -38 47 48 -21 50 51 52 -49 -25 -55 58 -57 -58 59 60 -1 -61
right_child=1 7 8 -5 5 -7 -8 -9 9 -11 12 -13 -14 14 15 16 -18 -19 -20 26 25 -23 24 38 -26 -27 27 31 -30 -31 36 -33 -34 37 35 -37 45 -39 -40 -41 -42 42 -44 -45 -46 -47 -48 49 -50 -51 -52 -53 -54 54 -56 56 57 -59 -60 61 -62 -63
leaf_value=-0.0011370202124773657 -28.005030820657328 -2.5449670975727106 -0.10026153454529595 -0.10012715181733928 -31.799380018103911 -51.93233796722965 -20.091633282079393 -0.023842640855544051 -0.10020052400808961 4.2390956269306557 -0.10588497794546509 -2.9192281081022862 0.85818875466400757 -0.056315716990213462 -0.0016142548887535118 -1.8379026252296378 0.04598652524516194 -0.10653829140449678 -0.010489376253378181 -0.034782201485972102 -0.078764159621118754 0.097482363531985472 -0.074084122796477817 0.025736511367360396 -0.013994250685214408 0.0098339247395446191 0.0017015632687996188 0.043741413399695686 -0.049343155521810372 0.040049053870574912 -0.056167919602052786 0.031510945838102392 0.085424281596349849 -0.090069442806335553 -0.070647544192508557 0.013710971095824873 0.063788094028976741 -0.00020492820367825791 -0.07000661038772471 0.053518030048233994 -0.001677804712034859 0.050404717156662796 -0.052663907477034859 -0.022610669553447069 -0.011419917436338332 -0.035612782328356525 0.0060102887073497265 0.048219732118245803 0.25470540160655442 0.10162457467642219 -0.057157931339110138 0.086909927132974754 -0.037091774365465124 -0.014475767505492008 0.045822974585412304 0.12853294621263808 -0.053564222637941854 0.017443919238930582 0.022488812465814686 -0.018163225054718277 0.021273442029182101 -0.094226101432058243
leaf_weight=11305.47455019382 0.056943651537038842 0.12253026915368437 0.044694202151731588 0.075993114146513108 0.028236042227945291 0.030777843044234032 0.049545791035598086 97.154755461270724 0.052667347292299382 0.046088727920505335 0.33724409942624334 0.035387540279771201 0.10373995475856645 94.128713750031238 27.996434822776791 0.05155995384848111 94.3489191087574 23.027140299453094 201.83914080364775 141.49950180579799 219.32948180491803 55.049853301679832 155.0092491627729 1555.5767390962428 1379.5792065186652 181.44286741825636 217.84022208549231 504.9300832474355 577.95621623062743 288.36681277490243 482.74331818387145 598.0495635138941 72.967554193501201 81.104981516604312 177.29203923683599 1454.1398177550336 66.270340506918728 27635.399516066504 45.69744432240077 21.386809975309006 106.10249083929011 52.951859775106641 126.20593558742075 670.81261837871898 229.93766365060583 56.023969871923327 1583.2277509781052 242.4642358624842 9.4075969115783646 102.13314289890695 111.58532199822366 146.54217367315141 53.706512759963516 432.30957863960793 129.29634547870228 22.529729654905168 292.2017247563881 108.15202950600633 584.67993651930556 429.78620254959424 989.18364399808706 89.146162296296097
leaf_count=2969756 52 72 66 912 66 57 64 43737 74 43 175 44 34 1773 345 38 134867 319 7697 28054 44529 24212 1706 33810 15838 8610 49299 11464 35825 9193 6607 54666 1887 2573 12555 51506 1308 1061497 7241 592 3013 2225 14283 779771 3999 891 88506 4398 1074 2025 1977 2819 922 8112 2850 592 17782 11833 13856 26331 23573 1253
internal_value=-0.000196204 -0.0773055 -5.75675 -21.0936 -30.733 -42.2994 -24.3232 -0.0270182 0.218823 1.92492 -0.104528 -1.34594 0.12091 -5.66534e-05 -0.0128515 0.0120032 0.0449576 -0.0489669 -0.0250638 4.83477e-05 -0.0015562 -0.00053858 -0.000835238 0.000936508 -0.0200639 -0.0335704 0.0009123 -4.70325e-05 -0.019012 -0.00661583 -0.0185689 0.00118849 0.0227087 0.000583615 0.0130752 0.0041636 -0.0329452 -0.000426268 0.0168769 -0.0601073 -0.0448254 -0.0533336 -0.022201 -0.00144255 -0.0417305 0.0182518 0.0139828 0.0296173 -0.0167355 0.0402734 0.028969 0.0506772 0.0327497 0.0187522 -0.000593423 -0.000415147 -0.0257025 -0.034382 0.000382986 -0.000625696 0.000666044 -0.0312299
internal_weight=54325 98.1386 0.861318 0.241496 0.165503 0.0590139 0.106489 97.2773 0.619822 0.0987561 0.521066 0.0800817 0.440984 54226.9 441.392 145.424 94.4005 51.0236 295.968 53785.5 18824.4 18244.5 18189.4 16654.8 1534.59 579.93 34961.1 32570.5 1992.11 1414.15 1125.78 30578.4 290.808 29980.4 2242.46 1737.53 834.975 27737.9 2162.88 102.492 283.395 398.487 179.158 14492 712.681 122.294 2390.57 807.338 150.907 656.431 554.298 442.713 296.171 2117.18 561.606 13821.2 422.883 400.354 13398.3 12813.6 12294.7 518.932
internal_count=5635248 45396 1587 1151 239 123 116 43809 436 117 319 110 209 5589852 145039 135569 134905 664 9470 5444813 4008163 3938516 3914304 3896760 17544 69647 1436650 1306875 109009 73184 63991 1197866 51186 1143200 78538 67074 12805 1064662 52013 3165 15568 61037 16508 3844747 10606 2199 129775 41269 29128 12141 10116 8139 5320 44772 10962 3064976 30207 29615 3034769 3020913 2993329 27584
is_linear=0
shrinkage=0.1


end of trees

feature_importances:
addr_token_set=640
name_jaccard=547
addr_jaccard=500
name_partial=484
cand_n_same_name_s1=401
name_nospace=389
addr_partial=364
addr_ratio=361
name_ratio=339
score=336
name_len_diff=307
num_jaccard=302
name_token_sort=298
addr_len_s1=294
addr_len_cand=291
name_token_set=276
num_only_cand=274
rank=241
score_ratio_to_top=229
n_s1_competitors=228
s1_n_same_name_cands=194
first_num_equal=189
num_only_s1=134
num_shared=120
is_best_s1_for_cand=92
cand_is_s3=27
name_exact=17

parameters:
[boosting: gbdt]
[objective: binary]
[metric: binary_logloss]
[tree_learner: serial]
[device_type: cpu]
[data_sample_strategy: bagging]
[data: ]
[valid: ]
[num_iterations: 1000]
[learning_rate: 0.1]
[num_leaves: 63]
[num_threads: 0]
[seed: 0]
[deterministic: 0]
[force_col_wise: 0]
[force_row_wise: 0]
[histogram_pool_size: -1]
[max_depth: -1]
[min_data_in_leaf: 50]
[min_sum_hessian_in_leaf: 0.001]
[bagging_fraction: 1]
[pos_bagging_fraction: 1]
[neg_bagging_fraction: 1]
[bagging_freq: 0]
[bagging_seed: 3]
[bagging_by_query: 0]
[feature_fraction: 0.8]
[feature_fraction_bynode: 1]
[feature_fraction_seed: 2]
[extra_trees: 0]
[extra_seed: 6]
[early_stopping_round: 0]
[early_stopping_min_delta: 0]
[first_metric_only: 0]
[max_delta_step: 0]
[lambda_l1: 0]
[lambda_l2: 0]
[linear_lambda: 0]
[min_gain_to_split: 0]
[drop_rate: 0.1]
[max_drop: 50]
[skip_drop: 0.5]
[xgboost_dart_mode: 0]
[uniform_drop: 0]
[drop_seed: 4]
[top_rate: 0.2]
[other_rate: 0.1]
[min_data_per_group: 100]
[max_cat_threshold: 32]
[cat_l2: 10]
[cat_smooth: 10]
[max_cat_to_onehot: 4]
[top_k: 20]
[monotone_constraints: ]
[monotone_constraints_method: basic]
[monotone_penalty: 0]
[feature_contri: ]
[forcedsplits_filename: ]
[refit_decay_rate: 0.9]
[cegb_tradeoff: 1]
[cegb_penalty_split: 0]
[cegb_penalty_feature_lazy: ]
[cegb_penalty_feature_coupled: ]
[path_smooth: 0]
[interaction_constraints: ]
[verbosity: -1]
[saved_feature_importance_type: 0]
[use_quantized_grad: 0]
[num_grad_quant_bins: 4]
[quant_train_renew_leaf: 0]
[stochastic_rounding: 1]
[linear_tree: 0]
[max_bin: 255]
[max_bin_by_feature: ]
[min_data_in_bin: 3]
[bin_construct_sample_cnt: 200000]
[data_random_seed: 1]
[is_enable_sparse: 1]
[enable_bundle: 1]
[use_missing: 1]
[zero_as_missing: 0]
[feature_pre_filter: 1]
[pre_partition: 0]
[two_round: 0]
[header: 0]
[label_column: ]
[weight_column: ]
[group_column: ]
[ignore_column: ]
[categorical_feature: ]
[forcedbins_filename: ]
[precise_float_parser: 0]
[parser_config_file: ]
[objective_seed: 5]
[num_class: 1]
[is_unbalance: 0]
[scale_pos_weight: 1]
[sigmoid: 1]
[boost_from_average: 1]
[reg_sqrt: 0]
[alpha: 0.9]
[fair_c: 1]
[poisson_max_delta_step: 0.7]
[tweedie_variance_power: 1.5]
[lambdarank_truncation_level: 30]
[lambdarank_norm: 1]
[label_gain: ]
[lambdarank_position_bias_regularization: 0]
[eval_at: ]
[multi_error_top_k: 1]
[auc_mu_weights: ]
[num_machines: 1]
[local_listen_port: 12400]
[time_out: 120]
[machine_list_filename: ]
[machines: ]
[gpu_platform_id: -1]
[gpu_device_id: -1]
[gpu_device_id_list: ]
[gpu_use_dp: 0]
[num_gpu: 1]

end of parameters

pandas_categorical:[]
