tree
version=v4
num_class=1
num_tree_per_iteration=1
label_index=0
max_feature_idx=27
objective=binary sigmoid:1
feature_names=score rank score_ratio_to_top n_s1_competitors is_best_s1_for_cand cand_is_s3 name_ratio name_token_sort name_token_set name_partial name_nospace name_jaccard name_empty_s1 name_empty_cand name_len_diff addr_ratio addr_token_set addr_partial addr_jaccard addr_empty_s1 addr_empty_cand addr_len_s1 addr_len_cand num_jaccard num_shared num_only_s1 num_only_cand first_num_equal
feature_infos=[0.12534467875957489:1.0000001192092896] [0:19] [0.1277385950088501:1] [1:444] [0:1] [0:1] [0:100] [0:100] [0:100] [0:100] [0:100] [0:1] none none [0:63] [0:100] [0:100] [0:100] [-1:1] none [0:1] [3:30] [0:28] [-1:1] [0:10] [0:11] [0:11] [-1:1]
tree_sizes=6796 6848 6888 6923 6900 6908 6927 6914 6883 6975 6934 6926 6944 6930 6943 6914 6959 6990 6971 6988 6981 6951 6966 6943 6995 6993 6970 6995 6983 6993 7059 7012 7013 6976 6986 7052 7004 7011 7022 7026 7042 7029 7032 7051 7038 7018 7056 7064 7030 7051 7071 7073 7026 6982 7043 7025 7056 7041 7055 7061 7031 7011 7090 7082 7036 7019 7073 7048 7023 7057 6986 7062 7045 7035 7085 7064 7052 7074 7005 7041 6963 7068 7073 7067 7059 7034 7065 7006 7091 7026 7054 7017 7037 7053 7070 6941 7038 6983 7057 7058 7039 6949 6976 6997 7030 7000

Tree=0
num_leaves=63
num_cat=0
split_feature=0 4 10 16 16 4 16 22 8 26 14 4 10 16 25 4 9 9 23 10 16 23 23 16 10 9 25 16 9 26 9 26 9 8 26 25 18 14 14 8 23 4 16 21 26 23 16 9 1 23 18 23 21 25 8 6 23 16 14 16 1 8
split_gain=2.54637e+06 191396 180083 107191 50875.5 34179.3 30021.1 17800.7 17645.7 12707.8 14149.9 11235.2 26624.8 15754.7 10183.1 9807.63 6051.44 5572.13 3442.6 3207.07 2796.1 7689.88 2735.22 2260.57 2233.7 2087.64 2054.67 1951.96 1786.92 1674.98 1526.68 1512.1 1427.61 1335.42 1333.62 1311.37 1277.22 1267.22 1254.35 1182.89 1013.16 925.739 783.575 780.447 716.394 646.669 643.544 640.02 566.934 469.352 440.435 409.795 400.001 392.207 376.958 348.289 347.944 346.51 342.815 334.119 331.995 307.301
threshold=0.61824589967727672 1.0000000180025095e-35 84.29276275634767 59.390470504760749 96.884704589843764 1.0000000180025095e-35 65.68253326416017 2.5000000000000004 87.026645660400405 1.0000000180025095e-35 5.5000000000000009 1.0000000180025095e-35 57.979627609252937 66.122367858886733 1.0000000180025095e-35 1.0000000180025095e-35 52.704679489135749 60.158729553222663 0.44949495792388922 92.718276977539077 78.283874511718764 0.44949495792388922 0.30384616553783422 98.048732757568374 85.912700653076186 53.907203674316413 1.0000000180025095e-35 70.025379180908217 58.434959411621101 1.0000000180025095e-35 48.834688186645515 1.0000000180025095e-35 48.050632476806648 89.512962341308608 1.0000000180025095e-35 1.0000000180025095e-35 0.62202382087707531 4.5000000000000009 4.5000000000000009 84.680576324462905 0.23611111193895343 1.0000000180025095e-35 97.68778228759767 7.5000000000000009 1.0000000180025095e-35 0.087121214717626586 66.122367858886733 55.646631240844734 6.5000000000000009 0.44949495792388922 0.65108695626258861 0.17424242943525317 8.5000000000000018 1.0000000180025095e-35 23.132664680480961 76.50690078735353 0.30384616553783422 98.999900817871108 2.5000000000000004 98.048732757568374 4.5000000000000009 94.804317474365249
decision_type=2 2 2 2 2 2 2 2 2 2 2 2 2 2 2 2 2 2 2 2 2 2 2 2 2 2 2 2 2 2 2 2 2 2 2 2 2 2 2 2 2 2 2 2 2 2 2 2 2 2 2 2 2 2 2 2 2 2 2 2 2 2
left_child=2 24 4 7 11 17 8 15 -3 32 16 61 20 29 40 19 49 -6 34 -4 -13 28 -9 47 -2 54 -18 -26 -22 33 35 -5 36 55 -15 -7 -8 45 -10 59 -12 -24 50 60 -30 46 -33 -16 -45 -11 -41 -39 -25 -38 -23 -14 -31 -54 -36 -28 -21 -1
right_child=1 6 3 31 5 30 9 22 38 10 14 12 13 18 23 -17 26 -19 -20 43 21 25 41 52 27 -27 39 -29 44 56 -32 37 -34 -35 58 -37 53 51 -40 42 -42 -43 -44 48 -46 -47 -48 -49 -50 -51 -52 -53 57 -55 -56 -57 -58 -59 -60 -61 -62 -63
leaf_value=-1.7357796407046799 -1.7220280072876157 -1.7132569407859908 -1.6646305732549347 -1.0153150184162878 -1.7206616223176623 -1.1122618037790089 -1.5590903995217098 -1.7325010881301317 -1.0933212912779584 -1.6787583597162106 -1.3371145472871526 -1.7289359691984534 -1.6327538301894229 -1.0346837134175013 -1.7209443385207728 -1.0705527946944078 -1.019792369798642 -1.1614754049110998 -1.0332175762451405 -1.4083080390353182 -1.7190363123733958 -1.2801325162081425 -1.5534709641954638 -1.0797746406853557 -1.586393866150599 -1.0727890416206849 -1.3207770455216801 -1.026783284819405 -1.0293231651198484 -1.7305972862752945 -1.0420637899355254 -1.5173863917872852 -1.0140139758982578 -1.2214896917495928 -1.2763378913386971 -1.4581082772356873 -1.0935638283736617 -1.5058149956026337 -1.382181211759792 -1.0819079002589964 -1.0633120126838151 -1.0594482140104549 -1.0254229949552247 -1.2270918245356954 -1.5085221240564424 -1.0423275236934453 -1.1367813762247463 -1.5288179528904624 -1.4444654683570246 -1.3397557241902949 -1.1660479453986712 -1.1831541781489046 -1.4653880612638213 -1.4428285778377634 -1.5252043804951212 -1.3769536863081537 -1.4678605765282842 -1.0811330070152696 -1.4302515901507051 -1.1214531690085967 -1.5090277701176107 -1.7135583826814598
leaf_weight=366547.62912818789 4382.2766301333904 1031.2540191411972 867.44222119450569 3923.1888824701309 1843.8158320784569 276.89032176136971 69.395377695560455 4928.8689078390598 938.08173912763596 163.25884672999382 158.55876138806343 12946.523312151432 297.34951677918434 133.39948102831841 207.90965747833252 638.79689309000969 5315.5200461149216 197.26534655690193 838.55052012205124 531.6625948548317 2578.135047852993 85.707438588142395 74.371938645839691 110.728481143713 288.7787729203701 247.30743166804314 325.82650443911552 79.48673740029335 36.633018106222153 836.47695305943489 1590.0112236142159 46.586140006780624 56850.158728927374 138.09956637024879 212.60974282026291 181.50623688101768 687.18012455105782 103.67835313081741 179.01795640587807 1173.0860062241554 915.27250143885612 77.413170337677002 1105.9024333953857 271.77552300691605 210.25970014929771 1055.030921459198 957.71150732040405 1044.248372733593 214.82154768705368 54.465694844722748 1324.5946395993233 63.451152116060257 77.136694729328156 33.730024218559265 234.45131587982178 64.833530157804489 53.636268019676208 33.730024218559265 453.14352208375931 113.35499942302704 851.26839810609818 6330.8767177760601
leaf_count=2651573 31701 7460 6275 28380 13338 2003 502 35655 6786 1181 1147 93654 2151 965 1504 4621 38452 1427 6066 3846 18650 620 538 801 2089 1789 2357 575 265 6051 11502 337 411249 999 1538 1313 4971 750 1295 8486 6621 560 8000 1966 1521 7632 6928 7554 1554 394 9582 459 558 244 1696 469 388 244 3278 820 6158 45797
internal_value=-1.61648 -1.08739 -1.71518 -1.37034 -1.72789 -1.377 -1.04678 -1.60136 -1.41497 -1.03544 -1.1285 -1.73155 -1.65728 -1.38493 -1.33796 -1.42337 -1.07278 -1.66662 -1.17476 -1.50572 -1.70776 -1.62695 -1.71963 -1.50862 -1.70215 -1.29102 -1.06066 -1.46561 -1.69442 -1.63248 -1.08842 -1.05267 -1.01587 -1.48608 -1.32327 -1.2492 -1.14935 -1.11849 -1.13961 -1.11438 -1.10374 -1.30151 -1.0955 -1.43198 -1.43742 -1.097 -1.15444 -1.56072 -1.32306 -1.59395 -1.12653 -1.38332 -1.21421 -1.10991 -1.4596 -1.58696 -1.71477 -1.34848 -1.3811 -1.26933 -1.47031 -1.7354
internal_weight=487604 76663 410941 14606.1 396335 4089.49 71912.4 8456.42 2148.35 69764.1 12123.6 392246 19367.1 3028.1 2547.58 3375.77 9576.01 2041.08 1637.7 2736.97 16339 3392.49 5080.65 1473.75 4750.54 567.466 9358.28 368.266 2825.03 1390.4 2048.41 6149.65 57640.5 500.283 799.153 458.397 790.306 2226.46 1117.1 4042.76 1073.83 151.785 3603.58 1869.53 246.893 2059.33 1004.3 1252.16 486.597 217.725 2497.68 167.13 221.595 720.91 320.159 362.183 890.113 110.867 665.753 439.182 1382.93 372879
internal_count=3527285 554573 2972712 105659 2867053 29583 520208 61173 15541 504667 87701 2837470 140100 21905 18429 24420 69272 14765 11847 19799 118195 24541 36753 10661 34365 4105 67697 2664 20436 10058 14818 44486 416966 3619 5781 3316 5717 16106 8081 29245 7768 1098 26068 13524 1786 14897 7265 9058 3520 1575 18068 1209 1603 5215 2316 2620 6439 802 4816 3177 10004 2697370
is_linear=0
shrinkage=1


Tree=1
num_leaves=63
num_cat=0
split_feature=4 9 16 16 7 10 16 22 23 14 16 22 23 23 10 16 23 16 9 22 23 23 16 7 3 16 17 8 16 7 3 23 15 7 10 3 7 21 23 1 14 23 23 23 3 23 16 3 3 17 10 23 23 3 1 3 1 17 15 23 3 16
split_gain=1.64334e+06 213735 45132 35929.5 19439.1 14132.7 9601.85 9007.88 3965.53 4949.48 5190.8 3203.39 2365.65 1806.77 1603.54 1496.55 3761.28 1382.02 5971.2 1253.19 993.919 976.783 929.572 898.238 819.584 642.357 546.679 503.215 880.404 488.269 463.982 463.866 433.999 616.26 420.446 388.394 365.481 362.358 359.363 358.672 300.391 299.527 297.804 296.858 296.421 294.357 287.227 279.219 269.513 264.88 252.442 250.429 245.352 242.024 322.749 232.546 240.287 213.322 290.224 210.948 199.879 198.142
threshold=1.0000000180025095e-35 57.979627609252937 62.871870040893562 96.726669311523452 84.29276275634767 89.512962341308608 66.122367858886733 2.5000000000000004 0.43650794029235845 4.5000000000000009 97.896198272705092 4.5000000000000009 -1.0000000180025095e-35 0.13392857462167743 71.535182952880874 83.893524169921889 0.44949495792388922 97.68778228759767 60.158729553222663 4.5000000000000009 0.17424242943525317 0.64583334326744091 97.68778228759767 77.459678649902358 6.5000000000000009 98.048732757568374 98.048732757568374 94.804317474365249 72.240142822265639 97.915760040283217 36.500000000000007 0.30384616553783422 1.0000000180025095e-35 72.871574401855483 88.067794799804702 60.500000000000007 96.076923370361342 7.5000000000000009 -1.0000000180025095e-35 5.5000000000000009 8.5000000000000018 -1.0000000180025095e-35 0.13392857462167743 -1.0000000180025095e-35 60.500000000000007 0.23611111193895343 84.650035858154311 5.5000000000000009 33.500000000000007 55.081142425537116 47.690120697021491 0.77500000596046459 0.10555555671453477 1.5000000000000002 5.5000000000000009 1.5000000000000002 5.5000000000000009 97.624691009521499 92.479335784912124 0.13392857462167743 2.5000000000000004 53.365695953369148
decision_type=2 2 2 2 2 2 2 2 2 2 2 2 2 2 2 2 2 2 2 2 2 2 2 2 2 2 2 2 2 2 2 2 2 2 2 2 2 2 2 2 2 2 2 2 2 2 2 2 2 2 2 2 2 2 2 2 2 2 2 2 2 2
left_child=5 3 4 15 14 17 7 24 9 22 12 44 -11 61 -3 -2 41 27 -19 30 26 25 23 34 -7 -5 -14 -1 32 -26 60 -9 33 -29 38 37 47 48 -4 51 -22 -17 -30 -25 -6 46 -40 -35 -31 -33 -20 -18 57 -23 -55 -27 -57 58 -45 -21 -16 -13
right_child=1 2 8 21 11 6 -8 31 -10 10 -12 13 20 -15 19 16 39 18 50 59 40 53 -24 43 29 55 -28 28 42 35 -32 49 -34 36 -36 -37 -38 -39 45 -41 -42 -43 -44 52 -46 -47 -48 -49 -50 -51 -52 -53 -54 54 -56 56 -58 -59 -60 -61 -62 -63
leaf_value=-0.11693714169985137 -0.11234212206572117 -0.093137646402809138 0.32407126775770223 0.023180465856809645 0.35085834067960597 0.30309526635387529 0.35456227668105184 -0.11565959250547948 0.37444717249678633 0.33830821027097535 0.35745115851245179 -0.11101860685931836 0.030619299044473382 0.36374182471410998 0.35565548336445402 0.066707008236207621 0.16959601001924421 -0.10202063112501208 0.13222417832653208 -0.11336875421762399 0.26178174357360273 0.38348129862615687 0.37397021503715738 0.37470326789807618 -0.011734524524620215 0.34365038265666509 0.32984693404529214 -0.09621215336497721 0.091393823156536644 0.087334707042945131 -0.039631164618530133 -0.0032962646214213516 -0.11613627013634853 0.27914450278027031 0.39047135233377944 0.085231840341361886 0.29293206938447502 0.27273300894879654 -0.023470334669619213 0.068584264686662219 0.12291750055533773 -0.09959968013806822 0.47545827605406682 0.31943052621468782 0.092288213772156652 0.26889713910207658 0.16848786576426544 -0.021917093440952676 0.20972928445280647 0.39077299309740315 0.379207747644702 0.33158613637996504 0.35469976457433194 0.32846650455010362 0.11675783431652396 0.24717564565153871 0.024931960001338786 0.38853054840436485 0.24564057005161877 0.13358135422332493 0.1879511796762032 0.18202801498792082
leaf_weight=341861.0217923224 11532.89310438931 2936.1526872366667 192.36814077198505 150.47792373597622 2145.4297432005405 259.58752761781216 794.63659252226353 3732.2362254261971 87403.916929483414 475.45243425667286 1870.9375779032707 276.49800795316696 1349.2218763381243 126.45056843757629 103.45333431661129 115.02470725774765 168.82613947987556 2294.1978678107262 48.108817994594574 257.90078097581863 327.08828809857368 897.21612657606602 8478.7499052733183 1700.2244730740786 266.30322155356407 196.34239353239536 63.949984863400459 1980.9488211870193 60.051585629582405 429.15178468823433 72.041053906083107 48.185986638069153 3732.8427077531815 31.949721693992615 144.98934869468212 908.57061164081097 41.360868066549301 277.12378379702568 105.33812384307384 128.77590221166611 297.43251669406891 1851.5369111001492 30.414878666400909 2012.6337744891644 45.271088093519211 192.00864800810814 299.79599940776825 860.4917388856411 309.77409660816193 26.403409942984581 296.02465718984604 219.53413492441177 1872.0873213410378 933.86937506496906 78.025474160909653 257.64173239469528 59.973068624734879 301.37835590541363 725.0273355692625 39.948492765426636 227.03193786740303 25.17367035150528
leaf_count=2682913 89730 22560 1013 992 11494 1648 4125 29127 448482 2587 9842 2122 9073 678 637 817 1034 17825 295 2001 2041 4749 43585 8726 1875 1133 420 15312 442 2826 489 332 28873 244 772 6012 319 1638 709 824 1948 14309 213 10936 244 1143 1803 6594 2037 161 1718 1241 9927 4920 419 1487 368 1658 3979 261 1433 170
internal_value=-0.00233449 0.301252 0.350028 -0.0341197 0.0888908 -0.113044 0.0271217 -0.0144609 0.36518 0.32549 0.231339 0.296622 0.137454 0.0464383 -0.0607058 -0.0971784 -0.0267669 -0.115858 -0.0437547 0.0752569 0.0905884 0.309324 0.351249 0.325718 0.135083 0.204895 0.0441602 -0.116404 -0.0893411 0.115177 0.190322 -0.110725 -0.0935579 -0.0646423 0.233949 0.132737 0.00232923 0.175217 0.205205 0.21321 0.195647 -0.0898724 0.220517 0.33869 0.345515 0.166912 0.118577 -0.011139 0.138645 0.136198 0.34468 0.261167 0.326222 0.345669 0.312142 0.258098 0.205211 0.308679 0.299888 -0.080247 0.240448 -0.0865647
internal_weight=488947 130658 114068 16590.1 6255.35 358289 7051.97 6257.34 107813 20408.7 4384.08 2618.82 2513.15 428.122 3636.53 14016.6 2483.7 351237 2638.33 700.376 2037.69 2573.55 16024.6 7545.85 2450.51 664.435 1413.17 348599 6738.06 2190.92 402.526 3806.83 6647.59 2914.75 934.5 1924.62 933.802 1016.05 789.511 517.136 624.521 1966.56 90.4665 6611.35 2190.7 597.143 405.134 892.441 738.926 74.5894 344.133 388.36 4911.13 1909.11 1011.89 513.957 317.615 3039.04 2737.66 297.849 330.485 301.672
internal_count=3527285 722756 600733 122023 42089 2804529 49781 45656 558644 110162 25911 14708 16069 2970 27381 107955 18225 2754748 19838 4821 13482 14068 84251 40666 16036 3980 9493 2734910 51997 14388 2559 29620 51342 22469 5440 12513 7157 6501 4668 3099 3989 15126 655 35226 11738 3655 2512 6838 4863 493 2013 2275 26500 10088 5339 2988 1855 16573 14915 2262 2070 2292
is_linear=0
shrinkage=0.1


Tree=2
num_leaves=63
num_cat=0
split_feature=4 9 16 16 7 10 26 26 26 14 16 16 16 25 25 14 16 9 18 25 18 11 25 11 26 7 16 16 11 11 3 21 16 11 16 10 11 16 27 26 3 17 16 11 3 16 17 3 21 16 26 3 3 9 27 3 6 11 9 18 17 21
split_gain=1.24218e+06 132536 27588.9 25082.8 14030.5 13055.8 6791.4 3782.97 3272.81 4000.34 2797.03 2581.22 2084.7 2027.04 1475.59 1465.11 1331.16 4401.82 1318.5 2544.42 992.467 958.6 945.842 772.639 828.029 747.142 738.206 815.145 664.79 534.427 525.448 498.189 493.474 472.34 439.474 377.491 359.419 350.644 313.5 304.869 285.682 268.164 264.782 248.036 220.621 219.386 205.718 196.344 194.067 185.86 647.653 223.224 185.834 176.893 176.661 173.784 189.682 172.399 199.616 170.118 214.416 165.188
threshold=1.0000000180025095e-35 56.966489791870124 61.441844940185554 96.726669311523452 77.459678649902358 89.512962341308608 1.0000000180025095e-35 1.0000000180025095e-35 1.0000000180025095e-35 8.5000000000000018 66.122367858886733 56.765474319458015 1.0000000180025095e-35 1.0000000180025095e-35 1.0000000180025095e-35 4.5000000000000009 97.68778228759767 60.158729553222663 0.53589746356010448 1.0000000180025095e-35 0.11651583760976793 0.64583334326744091 1.0000000180025095e-35 0.47222222387790685 1.0000000180025095e-35 73.401363372802749 1.0000000180025095e-35 68.863315582275405 0.11805555596947671 0.86607143282890331 91.500000000000014 7.5000000000000009 98.048732757568374 0.86607143282890331 97.896198272705092 81.661396026611342 0.84523808956146251 98.048732757568374 -1.0000000180025095e-35 1.0000000180025095e-35 60.500000000000007 58.859617233276374 79.890708923339858 0.53571429848670971 1.5000000000000002 97.896198272705092 99.839229583740249 5.5000000000000009 8.5000000000000018 77.811046600341811 1.0000000180025095e-35 1.5000000000000002 1.5000000000000002 46.027742385864265 1.0000000180025095e-35 5.5000000000000009 96.824596405029311 0.73214286565780651 79.118217468261733 0.65108695626258861 97.624691009521499 7.5000000000000009
decision_type=2 2 2 2 2 2 2 2 2 2 2 2 2 2 2 2 2 2 2 2 2 2 2 2 2 2 2 2 2 2 2 2 2 2 2 2 2 2 2 2 2 2 2 2 2 2 2 2 2 2 2 2 2 2 2 2 2 2 2 2 2 2
left_child=5 3 4 18 23 16 11 40 -4 14 -8 12 30 38 -10 25 21 -18 49 44 41 -1 -5 -3 43 35 36 -28 -17 32 31 55 46 34 57 42 47 -24 -11 -21 -6 -9 -16 -25 -20 59 -15 -23 -34 -2 51 -51 -39 -46 -14 -7 -57 58 -30 -27 61 -61
right_child=1 2 8 22 7 6 10 20 9 13 -12 -13 54 29 15 28 17 -19 19 39 -22 26 37 24 -26 45 27 -29 33 -31 -32 -33 48 -35 -36 -37 -38 52 -40 -41 -42 -43 -44 -45 53 -47 -48 -49 -50 50 -52 -53 -54 -55 -56 56 -58 -59 -60 60 -62 -63
leaf_value=-0.1148623047746203 -0.11347274623759702 -0.099888338976444169 0.28933413291821924 0.26364821163078322 0.268892466391769 0.21727077171360232 -0.11228782814466071 -0.10572898037290822 0.28730859586655666 0.095483837713356445 0.22883737770606852 0.28929753550492532 -0.11287462437007488 0.011775293661748662 -0.011757009104512745 0.30067061875771145 -0.099095022765431418 0.26016868042822855 0.29596353757767541 0.13786855152425684 0.26232208291360054 0.21663259829263329 -0.043189503844400179 0.069436791901360012 -0.10192422817400922 0.26487992667972582 -0.11284620343331223 0.21423869776107438 -0.011091973840929061 0.39885092686000695 0.047640763871298786 0.22624202310937541 0.26996832171319701 0.3720018403048781 0.23002617007281423 0.2960579932164874 0.18547279403842795 0.25321117603018839 0.26720336657509436 -0.096047600081750686 0.052540699801388036 0.21626276079328011 0.15879907292886133 0.26107357086510691 0.057802319494816068 0.28767687393776242 0.38768044467248075 -0.018067821269494116 0.065780651881181929 0.2250398668326748 -0.10053015937466431 0.0090215426122821334 0.098696411461293293 0.25024587916211638 0.15493389864487561 -0.015787612431617356 0.11150091301779062 -0.0022914106885597216 0.12260590757553887 0.20093314352509611 0.28877617732167804 0.26762723194237936
leaf_weight=318106.42898540199 9617.8933385834098 2696.0288224220276 101633.97416011989 2279.9836167991161 2664.923919826746 133.58454382419586 2940.0748863220215 424.64524737000465 10844.659664958715 123.68638268858194 261.7646906375885 679.82544406503439 534.10004585236311 1195.9179334565997 105.29397973418236 215.17716139554977 2134.0323292091489 405.90887077152729 182.10680682957172 58.806238785386086 99.784071758389473 37.114894784986973 118.06006248295307 156.58638246357441 240.33049481362104 3251.9298736825585 1549.4153562486172 80.133370026946068 143.37685135006905 42.782249376177788 859.45322194695473 510.87572428584099 116.22768515348434 64.783952474594116 196.29480186104774 180.95504643023014 106.04708005487919 125.83197501301765 757.01963719725609 1060.8586718812585 62.463264152407646 27.542523622512817 671.61982730031013 118.76580528914928 108.31904158741236 2047.180775359273 14.737866237759588 899.57161771506071 77.640994504094124 75.990569040179253 1483.3874887824059 129.11552382260561 204.07014358043671 85.44013474136591 25.822451427578926 132.45401512086391 1008.0070842951536 268.13189751654863 505.02142808586359 1604.5689870715141 508.60274960100651 483.20207937061787
leaf_count=2713243 81282 22168 450021 10506 12405 745 24864 3405 48329 645 1202 3050 4498 7677 734 1180 17825 2013 992 363 527 249 800 1042 1969 15086 13034 510 924 248 5492 2699 527 360 922 836 752 645 3434 8703 344 156 3509 675 621 9131 79 7122 392 492 12170 875 1135 428 170 940 6121 1672 3013 7700 2358 2276
internal_value=-0.00323549 0.238517 0.271135 -0.0377632 0.0701235 -0.110847 0.0234275 0.21562 0.281569 0.247867 -0.0843993 0.112314 0.0747645 0.123467 0.261598 0.234386 -0.11379 -0.041681 -0.0964289 -0.00818859 -0.0231268 -0.114361 0.237548 -0.0784373 0.0337106 0.249384 -0.0547181 -0.0967617 0.139048 0.0506767 0.11188 0.142812 0.0400712 0.109516 0.0942348 0.165981 0.0109864 0.104705 0.243087 -0.083762 0.263938 -0.0861166 0.135684 0.152094 0.216937 0.259503 0.0163514 -0.00876814 0.188195 -0.108101 -0.0775007 0.089055 0.157632 0.142662 -0.100524 0.109358 0.0967175 0.0651521 0.093042 0.24964 0.230553 0.216369
internal_weight=477478 147074 131544 15529.9 6491.07 330405 7085.96 3279.36 125053 23418.8 3201.84 3884.12 3204.3 2328.01 21090.8 10246.1 323319 2539.94 12801.9 1495.53 551.972 320779 2727.95 3211.71 515.683 8853.35 2672.28 1629.55 1392.79 1447.31 2644.37 1784.92 1404.52 1177.61 1112.82 957.869 1042.73 447.962 880.706 1119.66 2727.39 452.188 776.914 275.352 375.866 7895.48 1210.66 936.687 193.869 11306.4 1688.49 205.106 329.902 193.759 559.922 1274.05 1140.46 916.53 648.398 5848.3 2596.37 2087.77
internal_count=3527285 722756 603744 119012 42691 2804529 49781 16837 561053 111032 26066 23715 20665 13002 98030 49701 2754748 19838 105926 11107 4088 2734910 13086 25854 3686 41630 21667 13544 8071 8923 15997 10505 8675 6891 6531 5079 8123 2580 4079 9066 12749 3561 4243 1717 2041 36551 7756 7371 919 94819 13537 1367 1780 1049 4668 7806 7061 5609 3937 27420 12334 9976
is_linear=0
shrinkage=0.1


Tree=3
num_leaves=63
num_cat=0
split_feature=0 10 9 16 16 16 16 11 22 9 3 10 10 16 3 3 26 14 25 3 11 3 24 26 16 26 16 3 1 15 22 16 11 24 3 3 25 7 25 25 11 3 25 26 3 24 16 14 24 16 3 16 9 24 3 26 27 3 25 27 11 0
split_gain=922340 74704.6 45541.5 25124.3 18677.8 16076.8 7684.8 7274.76 6864.69 6294.22 4696.59 5151.44 2812.2 2494.61 2230.31 1984.75 1743.66 2196.71 2139.95 1398.05 1388.48 1127.45 1031.53 1024.04 974.941 1168.91 970.75 874.492 707.747 690.961 688.252 617.813 546.964 544.216 502.401 485.572 475.886 656.962 459.314 427.673 383.272 318.902 284.405 281.529 269.803 260.44 259.654 231.59 230.653 265.953 229.143 225.884 2609.11 1465.62 384.865 270.685 220.931 210.76 195.177 193.373 186.836 174.18
threshold=0.57832014560699474 81.302967071533217 54.433221817016609 57.637088775634773 96.318878173828139 65.68253326416017 97.15900039672853 0.64583334326744091 2.5000000000000004 53.907203674316413 1.5000000000000002 51.471860885620124 89.699382781982436 59.848266601562507 1.5000000000000002 1.5000000000000002 1.0000000180025095e-35 5.5000000000000009 1.0000000180025095e-35 6.5000000000000009 0.64583334326744091 1.5000000000000002 1.0000000180025095e-35 1.0000000180025095e-35 78.283874511718764 1.0000000180025095e-35 60.054645538330085 61.500000000000007 3.5000000000000004 1.0000000180025095e-35 2.5000000000000004 97.896198272705092 0.86607143282890331 1.0000000180025095e-35 7.5000000000000009 4.5000000000000009 1.0000000180025095e-35 67.017543792724624 1.0000000180025095e-35 1.0000000180025095e-35 0.64583334326744091 5.5000000000000009 1.0000000180025095e-35 1.0000000180025095e-35 60.500000000000007 1.0000000180025095e-35 44.081142425537116 1.0000000180025095e-35 1.0000000180025095e-35 70.986831665039077 12.500000000000002 80.717849731445327 63.702239990234382 1.0000000180025095e-35 6.5000000000000009 1.5000000000000002 -1.0000000180025095e-35 7.5000000000000009 1.0000000180025095e-35 -1.0000000180025095e-35 0.31666667759418493 0.94227582216262828
decision_type=2 2 2 2 2 2 2 2 2 2 2 2 2 2 2 2 2 2 2 2 2 2 2 2 2 2 2 2 2 2 2 2 2 2 2 2 2 2 2 2 2 2 2 2 2 2 2 2 2 2 2 2 2 2 2 2 2 2 2 2 2 2
left_child=1 4 6 8 10 7 21 35 12 14 11 24 19 29 -6 -8 -7 36 61 -3 51 42 -10 34 -1 -26 30 41 39 -13 47 32 -20 -25 -9 -4 -18 50 -27 -17 -21 -14 -2 -5 -36 59 -24 -22 49 -45 -38 -12 -53 54 56 -55 -54 -49 -16 -15 -23 -19
right_child=2 3 5 43 9 16 15 23 22 -11 20 13 27 45 58 28 17 18 31 40 26 60 46 33 25 38 -28 -29 -30 -31 -32 -33 -34 -35 44 -37 37 -39 -40 -41 -42 -43 -44 48 -46 -47 -48 57 -50 -51 -52 52 53 55 -56 -57 -58 -59 -60 -61 -62 -63
leaf_value=-0.10465850133088489 0.21797058635568464 0.2348763210849775 0.073789701210747488 0.24201431911274193 0.20693811174412607 0.24142538507368375 0.24095832970591313 0.22119468544398191 -0.11142981007507613 0.22137889896288782 -0.11311295942054 0.32040969038341066 0.231943793216702 0.24520701729408489 -0.017325887134109891 0.12829855174310631 0.23948188140665999 0.22892475989621597 0.023991287325907235 -0.10896759310467877 0.25900935203009917 -0.10572947807586529 -0.0082185791942547392 -0.098282542845967713 0.20919589900730373 0.16163012535594556 0.18557746400301978 0.053038460795900633 -0.024200141895419591 -0.088643013235398804 -0.10956119306290063 0.17628987475783162 0.3127742725546499 0.23504364059505325 0.15162532280882268 -0.10033312369111638 0.12870567477747258 0.21455228708853147 -0.079505622990952485 -0.039005818631856939 0.017070969170398249 0.14297349558301761 -0.026529149880092015 0.046772151112635135 0.02276166716412896 0.23239997575771543 0.21053539981516842 0.16911554683423585 0.23131531866127009 0.19006888752343831 -0.056146427715472028 -0.11099130595442813 0.21211337961749743 0.2161598555149786 -0.092693811770109227 -0.059988214693872811 0.0041391604886126705 -0.0096077382104041067 -0.089232471671230149 0.080946371669199935 0.14997407951440558 0.12680615614031099
leaf_weight=3583.0001825466752 136.5177018865943 162.91265551000834 174.40146996080875 5437.2069649249315 356.56577862799168 102336.507928662 849.96956425905228 1271.2395699694753 4194.0551597848535 2145.5598327890038 272345.90660595149 44.989571124315262 550.86819994449615 101.61854815483093 544.80532912909985 1019.0235943943262 9685.5096622481942 1612.7943154200912 1442.9928741157055 934.63374426960945 40.593823954463005 4776.6861437782645 99.361304886639118 220.3181059807539 222.73737744987011 89.496506787836552 199.99904223531485 1005.8435211479664 685.1242974922061 502.81859418004751 829.68198313564062 404.26933678239584 68.70970319211483 62.984304219484329 1190.4491445496678 1960.6758895665407 508.96380413323641 7008.9174082279205 673.04785412549973 179.7408833950758 325.2212770730257 1499.5698698237538 73.023063935339451 142.76740522682667 188.15464962273836 850.02867311239243 119.54096320271492 75.229988627135754 1562.8698020130396 1395.697621524334 77.235213197767735 20285.518495462835 66.437767595052719 382.50889503955841 505.89059096574783 39.126954674720764 220.94352705776691 536.7610909640789 1229.0454054027796 243.16929389536381 28.747075386345387 186.32460258901119
leaf_count=32674 681 900 1305 22532 1658 422724 3623 5680 38574 9378 2527592 262 2445 446 4185 5645 40073 6881 9262 8419 229 43119 708 1821 1132 514 1060 6146 5044 4389 7523 1814 353 283 5855 17394 2610 30158 5809 1357 2424 7777 597 900 1197 3741 622 466 6614 6326 603 187278 364 2196 4580 314 1666 4261 10654 1443 206 799
internal_value=-0.00370015 -0.0955863 0.214659 0.105783 -0.107052 0.228867 -0.0207709 0.054314 -0.0118649 0.100482 -0.109992 -0.0246319 0.0753484 0.121651 -0.0212742 0.114108 0.23604 0.209789 0.140027 -0.0407857 -0.111815 -0.0942987 -0.100384 0.156531 -0.0804332 0.00766277 -0.0212249 0.129411 0.0568761 -0.0550489 -0.0491283 0.0664824 0.037117 -0.0241769 0.175851 -0.0861101 0.224787 0.206047 -0.0512046 0.103213 -0.0764318 0.166876 0.132765 0.228301 0.134038 0.202665 0.111241 0.0277047 0.204258 0.176771 0.10435 -0.112334 -0.102466 0.0398794 -0.0401956 0.190534 0.0522193 0.0123621 -0.0671477 0.129359 -0.1042 0.218349
internal_weight=459695 323546 136149 17430.5 306115 128400 7748.83 5068.22 8892.01 4275.98 301840 6310.91 4479.05 1742.62 2130.42 2733.86 123332 20995.7 3715.09 1422.77 295529 5014.97 4412.96 2933.15 4568.28 985.282 1682.27 3056.28 1883.89 547.808 1482.27 1915.97 1511.7 283.302 2649.84 2135.08 17280.6 7595.12 762.544 1198.76 1259.86 2050.44 209.541 8538.54 1378.6 1194.82 218.902 652.585 3101.33 1538.47 586.199 293846 21500.4 1214.91 793.272 421.636 287.381 611.991 1773.85 344.788 4805.43 1799.12
internal_count=3527285 2918201 609084 104387 2813814 548812 60272 33535 68015 25875 2787939 50410 28111 10281 16497 15669 515277 92553 19109 11743 2737529 44603 39904 14836 40129 7455 13539 16368 12046 4651 12479 11429 9615 2104 12732 18699 73444 33371 6323 7002 10843 10222 1278 36372 7052 5630 1330 4956 13840 7226 3213 2723990 196398 9120 6610 2510 2030 4727 14839 1889 43325 7680
is_linear=0
shrinkage=0.1


Tree=4
num_leaves=63
num_cat=0
split_feature=4 6 16 16 10 7 26 26 16 26 14 25 16 18 25 22 11 25 16 23 16 6 22 16 11 25 10 11 16 3 26 11 11 26 6 16 11 17 11 8 1 11 23 3 18 17 3 24 16 22 3 1 18 0 0 0 3 11 16 8 18 17
split_gain=824896 64686.7 22635.8 11726.7 11103 8209.35 4400.18 2137 2054.16 1973.72 1876.87 1908.22 1800.4 1329.71 2029.11 1220.67 1040.27 961.781 806.308 796.281 782.261 2145.54 641.001 545.863 545.137 530.349 537.451 525.365 497.374 496.711 467.067 458.307 453.043 357.006 286.75 261.552 256.706 235.31 212.245 216.967 209.558 203.981 198.758 193.348 174.527 172.147 165.496 165.343 255.326 177.477 163.362 157.428 150.554 147.985 147.941 139.368 202.883 136.492 129.024 120.957 111.91 111.492
threshold=1.0000000180025095e-35 45.199691772460945 95.678848266601577 61.441844940185554 86.526824951171889 75.716625213623061 1.0000000180025095e-35 1.0000000180025095e-35 66.122367858886733 1.0000000180025095e-35 4.5000000000000009 1.0000000180025095e-35 63.427747726440437 0.44222222268581396 1.0000000180025095e-35 3.5000000000000004 0.64583334326744091 1.0000000180025095e-35 70.986831665039077 0.13392857462167743 97.68778228759767 48.934240341186531 2.5000000000000004 97.896198272705092 0.73214286565780651 1.0000000180025095e-35 60.943256378173835 0.47222222387790685 98.048732757568374 8.5000000000000018 1.0000000180025095e-35 0.087121214717626586 0.86607143282890331 1.0000000180025095e-35 52.47950744628907 97.68778228759767 0.47222222387790685 98.048732757568374 0.73214286565780651 89.512962341308608 6.5000000000000009 0.84523808956146251 0.23611111193895343 75.500000000000014 0.63961037993431102 59.65881538391114 4.5000000000000009 1.5000000000000002 77.811046600341811 6.5000000000000009 39.500000000000007 3.5000000000000004 0.13188406080007556 0.87816327810287487 0.94227582216262828 0.56259194016456615 171.50000000000003 0.31666667759418493 98.192703247070327 97.825057983398452 0.63961037993431102 97.624691009521499
decision_type=2 2 2 2 2 2 2 2 2 2 2 2 2 2 2 2 2 2 2 2 2 2 2 2 2 2 2 2 2 2 2 2 2 2 2 2 2 2 2 2 2 2 2 2 2 2 2 2 2 2 2 2 2 2 2 2 2 2 2 2 2 2
left_child=4 2 13 5 16 27 12 43 -8 -5 25 42 15 47 40 24 20 -4 22 45 -1 -22 41 31 29 -11 36 -3 -19 -6 50 34 37 -16 -13 51 58 38 39 -33 -15 -18 54 -7 -41 -9 -26 -2 -49 -50 -29 60 -17 -25 -12 56 -48 -35 -27 -31 -28 -62
right_child=1 3 17 9 6 7 8 19 -10 10 11 23 -14 14 33 52 18 28 -20 -21 21 -23 -24 53 46 26 35 30 -30 59 -32 32 -34 57 -36 -37 -38 -39 -40 44 -42 -43 -44 -45 -46 -47 55 48 49 -51 -52 -53 -54 -55 -56 -57 -58 -59 -60 -61 61 -63
leaf_value=-0.1115684019452709 -0.1078008561125883 -0.094180870928186916 0.19865875595221583 0.21134875890138446 0.18909061055450826 0.19561934127828684 -0.10881456685889519 -0.10427593201550767 0.16260248119049195 0.20997172193511626 0.14682987693504082 0.044550504024002568 0.21201199185996647 0.17760412509773651 0.090185393348913387 -0.10784851594885421 -0.014737201345573166 -0.044747400480785265 0.19373070797189809 0.20736127093903414 -0.093009211873780404 0.17861157734027011 -0.10918551943066775 0.18218316404890927 0.18257474009642782 0.018145359911964105 0.19597845164953753 0.15417655120791654 0.1335316023484063 -0.10807996601239478 -0.095849576184317775 -0.016654129346700131 0.24391183752534171 -0.09580067135714021 0.25319261803399734 0.21062016614663182 0.2272426061358965 0.17223273917135862 -0.034883243775871549 0.11273061980285955 0.02042774819681736 0.12766789668991677 0.20486532662378401 0.0021633604587037837 0.022597108447615945 0.15143400935196688 0.10770632643360234 -0.085115671408529089 0.21164476098489293 -0.080737504156834894 -0.064649757343457834 0.14732790751233912 0.11704727224062922 0.029482642620798805 -0.051504808037005911 0.033159807901252995 0.029627381744988635 0.18760687946476168 0.1784371585934649 -0.0044895416610763062 0.15629867844344592 0.20977170399304149
leaf_weight=267787.45235495269 8918.399844057858 2106.5599478036165 3702.8090198785067 110894.46551400423 92.680773265659809 3065.2746939733624 2749.7051477059722 394.11450431495905 310.31166477501392 10522.126677110791 237.74995463341475 107.32011072337627 779.15084546804428 448.20072238147259 116.85091242939234 505.11340493708849 847.92569654434919 245.00680160522461 135.89366407692432 117.2581934556365 1998.3506671115756 340.33793732523918 1117.8899197354913 483.72662733495235 168.22121818363667 342.97508655488491 2699.6575750783086 203.82898249477148 433.14009957015514 268.20118351280689 176.51541113108397 457.06906351447105 99.613251999020576 1311.7582190409303 170.55826819688082 2531.6168787330389 91.455402344465256 103.32328950613737 551.3896712064743 438.91216277331114 104.62809908390045 114.12470360845327 2077.9419432654977 52.548154503107071 420.78289179503918 28.211662858724594 1631.2075222581625 310.4659376963973 57.544423811137676 32.477809816598892 40.973388627171516 1769.5724496841431 31.63063932955265 73.049556404352188 44.676114320755005 505.71145114302635 418.09381592273712 17.216635756194592 58.830512717366219 194.43260277807713 2019.4035934954882 483.2237246632576
leaf_count=2710513 87899 20109 15220 445226 527 12775 27390 3688 1292 42316 1049 754 3138 2188 678 4866 6642 1858 657 521 17941 1519 11010 2029 749 2095 11129 1154 2077 2241 1672 2844 448 12360 858 10219 415 540 3374 2501 655 681 8426 301 2467 171 8551 3053 310 263 282 7470 183 323 199 2778 2482 105 248 1369 8502 1985
internal_value=-0.00396002 0.178287 -0.0143943 0.199459 -0.107167 0.0647814 0.011613 0.160559 -0.0812906 0.205554 0.180633 0.127378 0.0734891 -0.0891041 -0.0150899 0.0452002 -0.110506 0.178607 -0.042267 -0.0231839 -0.111065 -0.0534816 -0.057686 0.0731239 0.0680867 0.194301 0.177807 -0.0737931 0.0691214 -0.0222127 0.0281446 0.0520223 0.0358427 -0.0773946 0.172612 0.18309 0.0760318 0.0253295 0.0172047 0.0390163 0.147857 0.00215582 0.194167 0.192359 0.0686142 -0.0871943 0.0865003 -0.104978 -0.0421204 0.10616 0.117551 0.173093 -0.0945953 0.162149 0.115456 0.0801748 0.0917768 -0.0921292 0.0416145 -0.0645437 0.181857 0.166624
internal_weight=438560 158563 15698.5 142865 279996 6185.28 7654.46 3657.41 3060.02 136679 25785 5266.11 4594.44 11317.5 1998.65 3815.29 272342 4380.96 2215.83 539.584 270126 2338.69 2079.94 2905.74 3278.55 20518.9 9996.74 2527.88 678.147 555.315 421.318 2348.97 2071.09 1445.83 277.878 9503.47 493.261 1971.48 1868.15 1316.76 552.829 962.05 2360.37 3117.82 859.695 422.326 2723.23 9318.89 400.488 90.0222 244.802 6971.86 536.744 556.776 282.426 2555.01 2049.3 1328.97 401.806 462.634 5202.28 2502.63
internal_count=3527285 722756 126666 596090 2804529 40673 55566 17456 28682 555417 110191 25812 26884 107511 15986 23746 2748963 19155 18990 4380 2729973 19460 18333 16138 18697 84379 42063 23217 3935 4137 3108 13786 12174 13143 1612 39305 2758 11726 11186 7812 2843 7323 9674 13076 4968 3859 14560 91525 3626 573 1436 29086 5049 2352 1248 13811 11033 12465 2343 3610 21616 10487
is_linear=0
shrinkage=0.1


Tree=5
num_leaves=63
num_cat=0
split_feature=4 9 16 16 6 7 26 26 16 25 7 16 26 11 22 18 16 9 18 25 16 15 25 16 11 11 3 26 11 9 16 11 11 11 21 17 3 16 26 7 3 27 9 3 17 18 18 22 3 6 18 17 15 21 16 21 1 18 9 16 26 26
split_gain=694578 54854.1 13384 11009.9 10081 7818.88 3513.65 1830.39 1719.98 1559.56 1579.13 1467.24 1305.25 1143.46 973.329 925.923 801.191 1959.53 761.996 1234.91 698.922 652.323 649.523 601.087 528.132 507.211 463.184 388.465 380.8 506.777 275.603 257.278 300.516 301.346 225.329 208.559 195.518 189.462 180.562 175.725 165.138 163.047 154.557 149.589 148.491 149.444 146.785 231.923 139.85 139.303 135.668 136.001 179.131 135.587 175.836 132.545 129.839 119.283 104.196 102.872 240.518 102.236
threshold=1.0000000180025095e-35 54.72370910644532 96.022598266601577 66.122367858886733 86.526824951171889 75.716625213623061 1.0000000180025095e-35 1.0000000180025095e-35 62.466930389404304 1.0000000180025095e-35 89.512962341308608 63.427747726440437 1.0000000180025095e-35 0.64583334326744091 3.5000000000000004 0.11651583760976793 97.68778228759767 57.979627609252937 0.48050974309444433 1.0000000180025095e-35 72.240142822265639 1.0000000180025095e-35 1.0000000180025095e-35 98.048732757568374 0.73214286565780651 0.47222222387790685 7.5000000000000009 1.0000000180025095e-35 0.087121214717626586 63.702239990234382 97.68778228759767 0.86607143282890331 0.73214286565780651 0.31666667759418493 8.5000000000000018 58.859617233276374 150.50000000000003 97.68778228759767 1.0000000180025095e-35 81.302967071533217 57.500000000000007 -1.0000000180025095e-35 77.058032989501967 75.500000000000014 99.22778701782228 0.76696833968162548 0.13188406080007556 4.5000000000000009 4.5000000000000009 87.20676422119142 0.65108695626258861 97.624691009521499 92.479335784912124 8.5000000000000018 98.999900817871108 8.5000000000000018 5.5000000000000009 0.62202382087707531 68.660713195800795 80.717849731445327 1.0000000180025095e-35 1.0000000180025095e-35
decision_type=2 2 2 2 2 2 2 2 2 2 2 2 2 2 2 2 2 2 2 2 2 2 2 2 2 2 2 2 2 2 2 2 2 2 2 2 2 2 2 2 2 2 2 2 2 2 2 2 2 2 2 2 2 2 2 2 2 2 2 2 2 2
left_child=4 2 18 5 13 25 11 -5 -8 41 23 14 43 16 24 35 -1 -18 59 56 21 40 57 28 26 46 -6 48 29 -11 -24 32 33 42 -26 -14 -36 50 -21 44 -15 49 -30 -7 45 -35 -3 -48 -27 -9 -12 52 -52 -25 -55 -16 -20 -4 -19 -2 -61 -22
right_child=1 3 22 7 6 12 8 9 -10 10 37 -13 15 20 55 -17 17 58 19 38 61 -23 30 53 34 27 -28 -29 31 -31 -32 -33 -34 39 36 -37 -38 -39 -40 -41 -42 -43 -44 -45 -46 -47 47 -49 -50 -51 51 -53 -54 54 -56 -57 -58 -59 -60 60 -62 -63
leaf_value=-0.11015914642895644 -0.10827427504654868 -0.098832605355379716 0.063656665079928135 0.19002213189109354 0.18428141806558859 0.17318160869226315 -0.10805590057039371 0.10932998256301484 0.13460969189507951 -0.0076065497744533563 0.16803744159917475 0.19024752737517822 -0.099765459925642258 0.048861882751457551 -0.10834211558053004 0.17378894515800733 -0.09547088713250422 0.068067319081601477 0.15399389026009841 0.054257907484626645 0.23129052316873386 -0.10694802389662068 -0.059807348905000945 0.19156114621604134 0.060611270269974794 0.19101672160837782 -0.071681690411286539 -0.086654867494083299 -0.064198266083642708 0.19516859352382646 0.096359070019225432 0.21173677249206554 -0.012770765745644331 0.070595549474076993 0.15768550810321375 0.14791119943157038 -0.0015808955896750945 0.18926149671831644 -0.093919458769094855 0.12694921721844424 -0.032084202667237251 0.18855289378414589 0.064240255066820337 0.0039932257526109315 0.26941519585458312 -0.042562162355181475 0.22539345699324276 -0.054898054199958718 0.044251672741543908 0.18117887657526588 0.15103057857450744 0.18555668976443013 0.092448479130729386 0.059215791959738466 0.19635835170307436 0.084040171761298021 0.026081520977204321 0.17502730712031336 0.175826701128277 0.064865401968796838 -0.093094042484192827 0.069792205676572613
leaf_weight=245164.01644740999 7596.9720998555422 2085.6243843957782 100.27013045549393 112226.78180906177 83.41285939514637 3292.6100754365325 2456.0622446238995 500.31045042723417 331.50663501769304 163.94092663377523 3309.7620879560709 757.37026858329773 367.73719944804907 453.59198736399412 454.35868799686432 231.61208309233189 1801.8092632219195 128.68085030466318 302.53232665359974 89.306434519588947 92.270183265209198 1106.8505663871765 162.76638919115067 608.15203143656254 2256.8369944393635 106.89115913957357 463.73979166150093 182.59765792638063 229.53076943010092 496.56802152097225 369.66292700916529 110.7810376137495 522.23988089710474 1547.5080830380321 468.0948336943984 37.461948312819004 92.273515582084656 2138.311910957098 1038.7670986056328 664.30225412547588 567.17638981342316 11930.281957432628 158.31154079735279 53.101588867604733 35.264071136713028 126.23052476346493 32.634923361241817 309.32998799532652 165.37327262759209 585.8188010007143 1265.9765479564667 483.65405857563019 888.15382209420204 226.69927603006363 159.10234114527702 38.876648366451263 107.57324576377869 2351.4651253223419 296.44661998748779 112.97864378988743 656.7344424277544 68.149817600846291
leaf_count=2709653 82159 21471 422 450186 435 13404 26696 2114 1421 1177 13339 3041 3677 3299 4707 1046 17628 648 1426 518 389 11860 1301 2444 11925 544 3955 1817 1528 2273 1795 466 3201 7989 2059 186 520 8562 10583 2949 4444 47841 861 303 154 639 241 2848 980 2349 5171 1940 3681 960 642 292 639 9534 1226 713 6683 331
internal_value=-0.0041187 0.160793 -0.0369189 0.178338 -0.105556 0.0547265 0.00944896 0.18447 -0.0791973 0.160645 0.136334 0.0629938 0.14552 -0.108966 0.0380098 0.0142981 -0.109617 -0.0499063 -0.0928521 -0.0281639 -0.0385972 -0.0537735 0.148731 0.0924529 0.0572429 -0.0707178 -0.0326604 0.0261905 0.075369 0.144839 0.0486182 0.06185 0.0567929 0.06995 0.0747037 -0.076867 0.13146 0.163733 -0.0821887 0.0833049 0.00388527 0.185176 -0.0117715 0.170496 0.06634 0.0620614 -0.0888757 -0.0281488 0.101872 0.148083 0.154554 0.137636 0.126877 0.162144 0.115773 -0.0931786 0.120442 0.170473 0.143209 -0.104745 -0.0699087 0.162683
internal_weight=415213 158132 12889 145243 257082 6864.97 7402.53 138378 2787.57 26150.9 13134.5 4614.96 3982.52 249679 3857.59 636.811 247391 2226.94 9904.86 1538.18 2288.04 2127.62 2984.16 5048.63 3364.36 2882.45 547.153 454.862 4054.68 660.509 532.429 3394.17 3283.39 2761.15 2817.21 405.199 560.368 8085.86 1128.07 2373.3 1020.77 13016.4 387.842 3345.71 1709 1673.74 2427.59 341.965 272.264 1086.13 5947.55 2637.78 2154.13 993.954 385.802 493.235 410.106 2451.74 425.127 8366.69 769.713 160.42
internal_count=3527285 722756 115773 606983 2804529 46517 55051 560466 28117 110280 57976 26934 18616 2749478 23893 4909 2729155 19502 102721 13166 20323 19603 13052 25283 18894 27901 4390 3341 21237 3450 3096 17787 17321 14120 14504 3863 2579 32693 11101 11731 7743 52304 2389 13707 8782 8628 24560 3089 1524 4463 24131 10792 8852 4046 1602 4999 2065 9956 1874 89555 7396 720
is_linear=0
shrinkage=0.1


Tree=6
num_leaves=63
num_cat=0
split_feature=0 10 6 18 18 3 18 18 22 11 10 18 3 3 11 23 22 23 14 23 3 22 11 1 18 10 3 3 8 22 6 18 10 7 18 18 27 17 11 3 3 23 11 23 23 18 18 23 0 8 1 6 18 23 21 23 1 23 3 18 11 3
split_gain=536774 45933.8 24178.8 12209.7 9841.8 8830.17 7353.08 4739.12 4454.88 4065.16 1644.12 1556.43 1487.67 1464.63 1327.64 1207.6 1180.01 1114.24 1048.08 1071.32 832.697 823.538 725.534 673.277 669.469 499.266 493.182 476.113 659.314 472.869 455.763 449.557 2266.25 401.795 454.575 337.909 317.48 316.035 285.041 248.675 246.229 237.243 235.431 215.447 202.123 199.614 186.666 183.207 183.038 178.293 174.174 357.181 1547.89 532.925 154.196 148.122 146.878 146.845 136.389 134.35 131.85 182.347
threshold=0.56259194016456615 80.982517242431655 43.288288116455085 0.12973351776599887 0.15192308276891711 1.5000000000000002 0.72474747896194469 0.2709790319204331 3.5000000000000004 0.53571429848670971 43.288288116455085 0.76696833968162548 77.500000000000014 1.5000000000000002 0.64583334326744091 0.43650794029235845 3.5000000000000004 0.44949495792388922 4.5000000000000009 -1.0000000180025095e-35 1.5000000000000002 4.5000000000000009 0.73214286565780651 4.5000000000000009 0.12973351776599887 46.737588882446296 60.500000000000007 4.5000000000000009 93.813774108886733 2.5000000000000004 42.94755935668946 0.53589746356010448 51.649148941040046 65.142410278320327 0.41277891397476202 0.93933823704719555 1.0000000180025095e-35 99.839229583740249 0.31666667759418493 5.5000000000000009 1.5000000000000002 0.087121214717626586 0.86607143282890331 -1.0000000180025095e-35 -1.0000000180025095e-35 0.2709790319204331 0.26201373338699346 0.44949495792388922 0.36285570263862615 38.507879257202156 4.5000000000000009 56.949806213378913 0.1490740776062012 0.17424242943525317 6.5000000000000009 0.73214286565780651 8.5000000000000018 0.17424242943525317 8.5000000000000018 0.38278388977050787 0.73214286565780651 12.500000000000002
decision_type=2 2 2 2 2 2 2 2 2 2 2 2 2 2 2 2 2 2 2 2 2 2 2 2 2 2 2 2 2 2 2 2 2 2 2 2 2 2 2 2 2 2 2 2 2 2 2 2 2 2 2 2 2 2 2 2 2 2 2 2 2 2
left_child=1 5 6 8 9 7 13 21 12 40 17 14 27 -2 31 18 26 43 33 59 -8 30 -14 35 29 55 39 -3 58 -16 -1 50 -33 34 -6 49 37 42 -15 -11 -4 46 60 -9 -35 -40 -5 -12 -19 -22 51 -7 -53 -54 -30 -13 -32 -10 -29 -20 61 -21
right_child=2 3 4 41 15 11 20 10 57 16 47 25 22 38 24 -17 -18 48 19 36 23 -23 -24 -25 -26 -27 -28 28 54 -31 56 32 -34 44 -36 -37 -38 -39 45 -41 -42 -43 -44 -45 -46 -47 -48 -49 -50 -51 -52 52 53 -55 -56 -57 -58 -59 -60 -61 -62 -63
leaf_value=-0.073698702858401244 0.12217510601920918 0.1673923358389714 0.2391385140067413 0.055040964900003632 -0.05068896971655576 -0.10552710993182138 0.16747816937104854 0.078076215033574092 -0.1089653627479098 0.16540909567336778 0.11091911923202223 -0.058301244795772512 -0.095310649757697263 -0.099790356538163927 0.018314054350798963 0.17349523656178301 -0.089651548696612737 -0.0065432698346351865 0.027503630524117997 0.055005772247200761 0.0047677927872485509 -0.099350914195728557 0.035442365166658982 -0.040419809525043829 0.12881835479171241 0.1548545826198125 -0.012850729832660774 0.080673635876883087 0.063408236245027547 -0.10737057460018065 0.18833207286935086 -0.098336905496085772 0.13772966706069262 0.17356875069245067 0.12732331504080582 0.12226407583919625 0.15008778466409622 0.2091675195499928 -0.07283669224033637 0.10345848867392732 -0.093221059940809398 0.17261824909142187 0.17678305384866727 -0.077237649938949965 0.15159645559950372 0.19803298715201373 0.14467792822874323 0.17270924965055146 0.14526454845216441 0.11226247740510642 -0.10894596509298021 -0.096484891676392154 -0.016628912550660482 0.18850191909287939 0.11945644390046878 0.045085186424397468 0.025009280702832731 0.0098307982121606605 -0.099490564676854923 0.16196175410751054 -0.019588173681598001 -0.061149975284766345
leaf_weight=175.79898898303509 327.70051666349173 645.64876338094473 22.563209399580956 260.75762311369181 166.7112123966217 17654.121282935143 1245.3079414889216 100.68853710591793 3120.948905274272 1026.5319368094206 775.5692225843668 355.56616616994143 800.97994469106197 4807.4459703415632 600.51439273357391 103658.28418181837 315.09992888569832 95.534665644168854 77.254522107541561 1137.7903218716383 506.55842460691929 2676.8086889088154 902.59971413761377 469.97812435030937 274.46099861711264 234.26110067218542 280.33364781737328 50.651555240154266 995.84146758913994 596.88927359133959 171.71082139760256 4843.5175502896309 443.94099618494511 8316.8448602035642 1028.1784990355372 1328.0806414484978 318.30082964152098 107.71951474249363 53.908424250781536 1756.9167499765754 1845.4769228473306 5513.587045840919 107.51557023823261 790.63776489347219 8430.4815658330917 54.926592953503132 2130.4905944988132 1258.4619582667947 470.98682589828968 221.88316432386637 199239.84092276543 3384.8005875721574 241.92555266618729 265.79599402844906 967.96041129529476 227.07945902645588 81.055977299809456 107.64207956194878 246.54073069989681 1951.6123504638672 492.89094690233469 153.36823163181543
leaf_count=1952 1821 2815 150 1579 1503 211401 5108 661 37008 4189 3757 3459 8441 54774 4521 424208 3128 693 533 6279 3621 30370 5134 3949 1335 997 1977 384 5255 6952 928 56074 2374 34020 4742 6575 1441 442 570 7930 20451 22585 439 8448 34299 263 8871 5161 2317 1138 2403089 40573 2268 1437 4640 1678 656 774 2688 8043 3011 1406
internal_value=-0.00421386 -0.0918462 0.152478 0.0735136 0.163364 -0.102926 -0.00593213 0.0111299 -0.0149207 0.0291737 0.0910571 -0.106221 0.0481661 -0.082523 -0.106716 0.168955 0.0946212 0.0100058 0.147838 0.10378 0.100553 -0.0787453 -0.0260344 0.0675656 -0.0120493 0.0315634 0.113573 0.0916549 0.0700273 -0.044338 0.0499565 -0.107332 -0.0785165 0.158511 0.102487 0.0922435 0.0573283 0.0425603 -0.0961674 0.126306 -0.0892066 0.161209 0.0330724 -0.0596926 0.162508 0.0638652 0.134903 0.149149 0.119665 0.0375107 -0.108022 -0.0994814 -0.0720618 0.0907586 0.0910345 -0.0180076 0.135959 -0.105005 -0.0687845 0.156842 0.0244117 0.0412084
internal_weight=390913 250704 140210 15743.6 131194 234960 9015.79 6597.25 7838.81 5246.92 3491.88 228363 4610.22 5243.98 227546 125947 3378.88 1457.85 22288.7 4346.45 3771.81 3105.37 1703.58 2526.5 1471.86 816.907 3063.78 2906.64 2260.99 1197.4 428.566 226074 5287.46 17942.2 1194.89 2056.52 2317.59 1999.28 4916.28 2783.45 1868.04 7904.84 1891.57 891.326 16747.3 108.835 2391.25 2034.03 566.521 728.442 220786 21546.6 3892.52 507.722 1963.8 582.646 252.767 3228.59 297.192 2028.87 1784.05 1291.16
internal_count=3527285 2891275 636010 100174 558191 2791101 77819 54943 67139 37825 21037 2736158 29357 57428 2730024 520366 17224 12119 96158 21594 20391 33906 13575 15283 12808 6134 14096 15782 12967 11473 3536 2717216 58448 74564 6245 11334 13018 11577 55607 12119 20601 33035 11135 9109 68319 833 10450 8918 3010 4759 2658768 255679 44278 3705 9895 5137 1584 37782 3072 8576 10696 7685
is_linear=0
shrinkage=0.1


Tree=7
num_leaves=63
num_cat=0
split_feature=4 9 16 10 16 10 26 26 14 16 26 16 11 25 23 16 9 22 26 25 18 25 16 26 10 16 11 9 3 24 26 3 23 17 16 17 23 1 17 11 16 26 18 3 23 11 22 11 9 3 0 14 3 10 1 18 3 3 11 11 18 22
split_gain=512407 36458 9707.38 9005.28 7440.96 5383.51 2626.5 1908.86 1552.9 1340.87 1111.58 1087.84 990.909 865.95 760.341 704.514 1499.45 686.765 653.753 650.659 547.971 837.807 473.097 446.386 405.37 355.253 324.816 263.607 334.984 252.995 212.063 203.596 200.027 195.941 195.415 184.326 178.64 177.274 164.16 160.54 159.414 150.012 145.787 140.101 139.238 138.941 126.027 146.539 125.22 124.138 123.687 114.768 114.518 107.911 106.601 103.349 101.354 100.872 218.495 100.321 278.771 99.8591
threshold=1.0000000180025095e-35 54.433221817016609 95.093433380126967 86.526824951171889 66.122367858886733 69.631092071533217 1.0000000180025095e-35 1.0000000180025095e-35 8.5000000000000018 73.186672210693374 1.0000000180025095e-35 62.612758636474616 0.64583334326744091 1.0000000180025095e-35 0.13392857462167743 97.68778228759767 56.33012771606446 3.5000000000000004 1.0000000180025095e-35 1.0000000180025095e-35 0.44222222268581396 1.0000000180025095e-35 97.896198272705092 1.0000000180025095e-35 92.422504425048842 53.869184494018562 0.47222222387790685 99.31506729125978 9.5000000000000018 1.5000000000000002 1.0000000180025095e-35 75.500000000000014 0.23611111193895343 59.65881538391114 98.31455230712892 99.839229583740249 0.23611111193895343 5.5000000000000009 97.85703277587892 0.86607143282890331 79.082908630371108 1.0000000180025095e-35 0.63961037993431102 171.50000000000003 0.30384616553783422 0.86607143282890331 2.5000000000000004 0.84523808956146251 91.36645889282228 11.500000000000002 0.56259194016456615 4.5000000000000009 1.5000000000000002 80.982517242431655 4.5000000000000009 0.13188406080007556 2.5000000000000004 4.5000000000000009 0.53571429848670971 0.47222222387790685 0.48050974309444433 9.5000000000000018
decision_type=2 2 2 2 2 2 2 2 2 2 2 2 2 2 2 2 2 2 2 2 2 2 2 2 2 2 2 2 2 2 2 2 2 2 2 2 2 2 2 2 2 2 2 2 2 2 2 2 2 2 2 2 2 2 2 2 2 2 2 2 2 2
left_child=3 2 20 12 5 26 11 -6 13 44 31 17 15 -9 33 59 -17 27 37 36 -2 56 24 25 32 46 29 28 -5 -3 -28 57 38 -12 -20 45 -10 49 39 51 -25 -23 -34 50 -8 61 47 48 -14 -4 54 53 -39 -15 -29 -19 -22 -7 -59 -1 -61 -21
right_child=1 4 18 6 7 10 9 8 19 -11 14 -13 23 22 -16 16 -18 55 34 35 21 41 -24 40 -26 -27 30 43 -30 -31 -32 -33 42 -35 -36 -37 -38 52 -40 -41 -42 -43 -44 -45 -46 -47 -48 -49 -50 -51 -52 -53 -54 -55 -56 -57 -58 58 -60 60 -62 -63
leaf_value=-0.10812188669655412 -0.10310127849431119 -0.092556963057244757 0.15498706405091645 0.14680295126593715 0.16257566411772742 0.16035857257503464 -0.10592866028252351 0.15986142129973091 0.02210224020578884 0.12762670063531775 -0.097954729844158178 0.16195409488568441 -0.097377930110690888 0.039754536733679846 0.15451832231993121 -0.093568879529983801 0.11450185818146082 -0.10294130401943889 -0.028335628948258886 0.018802599204036003 0.11930634417279001 0.038003425752524508 0.15712559522032676 -0.10604343205172095 0.1261046850510523 0.19369877312901249 0.10132931475293699 0.10031868492447511 -0.095855002248047133 0.19390023365598524 -0.082871381461925755 -0.027009952349352287 0.14410797244308274 0.080235633972110448 0.091610110001043757 0.18520950650013923 0.14034789702746858 0.13598627203322389 0.15895146886314057 0.14561179966011437 0.070016541210170979 -0.093343345984516546 0.074369008288054289 0.0073076023824487956 0.096184164528633681 0.16620400823324499 -0.10661800504463054 0.10031607026826533 0.0022118200606802913 -0.00096615077713158568 0.022207085414417946 0.013342161645854786 0.0041391475913124167 0.10744751169735461 0.054621180086544596 0.083344270794509345 0.0067539527559956547 0.00064374473235203754 0.13506704953186396 -0.094987820117573271 0.28933768327983572 -0.046653314642301644
leaf_weight=200528.67037653178 6811.143208347261 2028.9462588056922 2106.3298733532429 73.623451516032219 106849.785341084 1533.9707615673542 2139.9888711720705 11513.52758218348 150.87587303668261 285.96932676434517 406.48997592926025 751.06621961295605 154.13284345716238 598.23317390680313 217.55404169112444 1615.1590024009347 440.88594987988472 396.04212076961994 325.45900572836399 1170.6814422085881 287.63998941332102 95.401998408138752 2786.9997440129519 750.63361076265574 5626.9464285969734 89.72438221424818 160.91939105093479 914.49979954212904 250.30096783488989 31.307044714689255 102.19048285484314 73.419609397649765 686.68320395052433 72.755264885723591 233.1174735724926 63.797266468405724 834.03869973868132 121.65796807408333 161.79028540849686 173.12313139438629 55.211231201887131 981.91431909054518 531.9811796694994 534.45117609202862 34.637312203645706 56.051356703042984 127.73124181479216 124.56930221617222 698.02151016145945 52.308212839066982 570.1037702485919 694.69830730557442 143.67766880989075 388.3750269562006 1155.4555376246572 32.203334495425224 110.8368214070797 129.78787285089493 1769.4092898964882 4762.0538091138005 18.948490232229233 291.0090358927846
leaf_count=2648739 86236 24016 8668 364 450651 6393 27306 48288 651 1158 4707 3150 1237 2872 975 17466 1994 4865 2572 6817 1415 565 11524 9430 22760 402 926 4174 2409 263 1162 512 2984 395 984 261 3452 500 694 698 251 11575 2322 3149 218 227 1594 679 5397 226 2817 4006 680 1561 5783 173 666 793 7181 61605 169 1578
internal_value=-0.00426389 0.137541 -0.035452 -0.102756 0.151556 0.0473169 0.00769521 0.156688 0.132235 -0.0759399 0.114839 0.0516891 -0.106522 0.140413 -0.000522339 -0.107197 -0.0489514 0.0305984 0.119252 0.0584298 -0.0911315 -0.0358883 0.12119 -0.0364705 0.109888 0.0023381 -0.0748421 0.0452303 -0.0407023 -0.088204 0.0297867 0.137762 0.0816803 -0.0709033 0.0217228 0.0186952 0.122234 0.141727 0.0623477 0.0539195 -0.093981 -0.0817119 0.113665 0.0539988 -0.102709 0.0116958 -0.0132078 -0.000992027 -0.0158014 0.151208 0.0634509 0.044478 0.0645918 0.0664017 0.0748102 -0.0889329 0.0879998 0.141286 0.125881 -0.107781 -0.0934646 0.00577093
internal_weight=366879 150375 11269.5 216504 139105 6526.75 7138.34 132579 25728.8 2460.6 4203.39 4677.75 209366 23162.4 696.799 207366 2056.04 3926.68 2982.55 2566.45 8286.94 1475.79 11648.8 2000.02 8861.83 1194.18 2323.36 3498.43 323.924 2060.25 263.11 3506.59 3234.88 479.245 558.576 1581.54 984.915 2423.97 2016.22 1854.43 805.845 1077.32 1218.66 3174.51 2174.63 1517.74 1104.45 976.724 852.154 2158.64 2640.06 1681.31 265.336 986.608 2069.96 428.245 398.477 3433.17 1899.2 205310 4781 1461.69
internal_count=3527285 722756 114087 2804529 608669 47323 55566 561346 110695 28682 20956 26884 2748963 97709 6077 2729973 19460 23734 13630 12986 100457 14221 49421 18990 37897 9309 26367 18696 2773 24279 2088 14879 15137 5102 3556 8883 4103 10074 9831 9137 9681 12140 5306 15923 27524 8622 8907 7313 6634 8894 12774 8439 1180 4433 9957 5038 2081 14367 7974 2710513 61774 8395
is_linear=0
shrinkage=0.1


Tree=8
num_leaves=63
num_cat=0
split_feature=4 9 16 6 16 7 16 22 23 16 14 11 22 16 9 16 23 18 23 23 16 22 11 23 8 23 23 7 16 22 17 18 18 11 11 21 6 16 17 15 11 11 9 17 1 11 18 1 1 7 7 9 9 11 14 22 0 8 1 8 9 11
split_gain=444407 30555.9 8324.79 8218.95 6375.12 4418.75 2015.62 2651.08 1522.68 1508.61 1237.42 1083.92 928.451 718.249 1325.08 530.578 858.455 469.801 469.526 436.259 396.617 505.968 376.008 346.449 282.472 269.691 263.929 259.988 259.136 216.048 194.384 180.664 175.914 146.225 141.989 140.74 128.139 126.553 118.36 164.157 117.198 114.72 129.337 112.389 109.693 108.486 212.129 105.084 99.0917 93.2766 92.0563 93.1254 90.6173 179.367 89.5932 86.0151 84.9638 82.0524 79.6627 78.3098 78.0547 72.0719
threshold=1.0000000180025095e-35 54.433221817016609 95.093433380126967 86.526824951171889 59.848266601562507 75.716625213623061 66.122367858886733 2.5000000000000004 0.43650794029235845 97.68778228759767 4.5000000000000009 0.64583334326744091 4.5000000000000009 97.68778228759767 57.979627609252937 80.717849731445327 0.44949495792388922 0.11651583760976793 -1.0000000180025095e-35 0.64583334326744091 70.986831665039077 2.5000000000000004 0.47222222387790685 0.15476191043853763 97.590011596679702 -1.0000000180025095e-35 0.23611111193895343 81.01672744750978 98.31455230712892 4.5000000000000009 97.85703277587892 0.63961037993431102 0.64495798945426952 0.86607143282890331 0.23611111193895343 8.5000000000000018 91.010101318359389 75.568477630615249 97.624691009521499 92.479335784912124 0.73214286565780651 0.86607143282890331 91.36645889282228 51.87529373168946 4.5000000000000009 0.47222222387790685 0.48050974309444433 6.5000000000000009 4.5000000000000009 86.526824951171889 26.158231735229496 46.737588882446296 64.075469970703139 0.095454547554254546 10.500000000000002 9.5000000000000018 0.38631801307201391 21.680376052856449 11.500000000000002 51.89995193481446 68.660713195800795 0.19090909510850909
decision_type=2 2 2 2 2 2 2 2 2 2 2 2 2 2 2 2 2 2 2 2 2 2 2 2 2 2 2 2 2 2 2 2 2 2 2 2 2 2 2 2 2 2 2 2 2 2 2 2 2 2 2 2 2 2 2 2 2 2 2 2 2 2
left_child=3 2 15 11 5 22 7 24 9 10 25 13 49 45 61 -2 34 -14 -12 28 21 41 -3 30 56 -6 -9 36 57 -24 33 55 -29 37 -17 -26 44 -20 39 -34 52 42 -13 -28 -27 -1 48 -18 -47 -7 -30 -52 -39 -54 -42 -25 -5 -4 -37 -59 -16 -15
right_child=1 4 19 6 8 12 -8 26 -10 -11 18 20 17 14 60 16 47 -19 23 -21 -22 -23 29 31 35 27 43 32 50 -31 -32 -33 38 -35 -36 58 -38 40 -40 -41 54 -43 -44 -45 -46 46 -48 -49 -50 -51 51 -53 53 -55 -56 -57 -58 59 -60 -61 -62 -63
leaf_value=-0.10711388415061665 -0.10356169163715352 -0.088799150077989511 0.10625853770539567 0.0049912125578054998 0.14838448315262329 0.085254283106993595 0.13730713910568537 -0.10566003113720289 0.15215022136059969 0.1497051052345833 0.12524581675421154 -0.095491828127078071 -0.1019309221206455 -0.091021432484943876 0.045268814393959037 -0.086351267191380462 0.10053949559887013 0.1354835504068268 -0.081825864669223397 0.13334605812960651 0.11394665762296433 -0.10304875138954855 0.065761776964305005 0.12670079226196704 0.037451427728301186 0.074611388922579999 -0.046493281024550678 0.13114227702111267 0.13960239306466768 -0.088894749676111467 0.13524835851274242 0.017974350661057223 0.11095963260789828 0.14170580952857972 0.26745887186526979 0.10700242158893339 0.1631490254850303 -0.077064292846939109 0.14422264789979217 0.05567357921193411 -0.060996344027060181 0.086204743256909078 0.0050476156038538663 0.16355474972813183 0.0020525377824262181 -0.054712393847730335 0.21745779467568399 -0.008033107552882137 -0.098735803736339889 0.1352646501099419 0.015045437542836188 0.1263552428103687 0.15874539666927887 0.011687680086249284 0.15197632649762749 -0.015223943624800691 -0.095142553585480447 -0.053226760821270196 0.01788040697549647 0.25503264316532559 0.13672336284130077 0.31116516737243305
leaf_weight=183050.0311960429 5885.0457218587399 1851.3655321374536 42.18795221298933 160.70779141038656 2304.179842159152 433.6265617609024 1000.4691618829966 2245.7360210344195 102670.55681989342 12409.415893942118 610.52803632616997 154.46941582113504 286.59823524206877 1515.1729820892215 135.68081513047218 1293.1043608859181 358.30608630180359 117.5287841334939 227.90549817681313 2086.9387145042419 168.15359391272068 859.03453648090363 283.18684323877096 495.83629288524389 2519.0865601152182 705.86673319339752 50.772135391831398 3710.9239742606878 224.14936190843582 132.63057348132133 102.34101635217667 301.95783726125956 1289.2793498635292 63.577677711844444 11.44300442188978 520.2242239639163 118.53125955164433 91.22975005209446 449.47195969521999 920.51913237571716 347.50052250176668 136.39596814662218 745.37383960187435 51.122639745473862 295.60546188056469 591.77611327916384 22.15668249130249 118.66968224197626 3759.450190924108 2665.3813610076904 203.41737078130245 119.21084253489971 93.156356789171696 756.3026374578476 20.943187028169632 46.727345153689384 179.25131492316723 264.06712878495455 124.25134528428316 8.5065454170107824 298.9319399446249 4.4687861129641524
leaf_count=2648549 81726 23789 343 1460 10087 1980 4291 31338 451699 54007 2667 1322 3519 17583 648 16128 1803 542 1903 8683 729 11836 1584 2382 12514 3140 406 15389 977 1621 466 1549 5217 255 87 2231 494 766 1866 3690 2220 712 5724 257 1637 8041 165 713 52898 11153 915 499 452 4186 134 275 1899 2168 655 45 1226 45
internal_value=-0.00429472 0.12914 -0.0341683 -0.101476 0.142096 0.0392775 0.00613954 -0.0162884 0.14673 0.124788 0.100915 -0.105328 0.109676 -0.106113 -0.0458024 -0.0890875 -0.0412737 -0.0328857 0.0464821 0.108631 -0.0332418 -0.0463008 -0.069499 0.0276057 0.0388118 0.118466 -0.0985179 0.109263 0.0487639 0.016432 0.00163588 0.0799731 0.117075 -0.00690711 -0.0832478 0.0481199 0.0648308 -0.0130543 0.0974442 0.0879295 -0.00108192 0.000742853 -0.0122112 0.058892 0.0531941 -0.106742 -0.0911769 0.0735271 -0.0927485 0.128267 0.0903753 0.0561743 0.0176435 0.0278148 -0.0488905 0.114478 -0.0478066 -0.0235199 0.0898202 -0.0436065 0.108172 -0.0898387
internal_weight=342710 144418 10615 198293 133803 5770.32 6851.62 5851.15 128032 25361.8 12952.4 191441 3503.13 189378 1954.25 7666.57 1781.52 404.127 3158.01 2948.48 2063.43 1895.27 2267.18 2547.48 3503.52 9794.38 2347.63 7490.2 861.539 415.817 1702.96 844.521 6370.19 1600.62 1304.55 3163.56 1120 1537.04 2659.27 2209.8 1309.13 1036.24 899.843 101.895 1001.47 187423 4373.38 476.976 4351.23 3099.01 546.778 322.628 940.689 849.459 368.444 542.564 339.959 314.762 644.476 272.574 434.613 1519.64
internal_count=3527285 722756 114087 2804529 608669 44188 55051 50760 564481 112782 58775 2749478 17194 2729155 19502 100457 18731 4061 17255 13630 20323 19594 26994 14588 18759 41520 32001 31433 4947 3205 10382 4206 26162 9916 16215 15400 5271 9661 10773 8907 7758 7758 7046 663 4777 2709653 61104 2516 60939 13133 2391 1414 5404 4638 2354 2657 3359 2556 2886 2213 1874 17628
is_linear=0
shrinkage=0.1


Tree=9
num_leaves=63
num_cat=0
split_feature=0 10 9 18 18 3 18 22 18 11 26 25 14 18 26 10 11 9 3 22 3 3 22 9 18 7 18 9 3 3 26 26 11 22 9 1 3 24 11 11 24 11 11 26 3 10 3 15 14 25 3 25 24 27 15 1 6 24 18 25 3 1
split_gain=345968 33472.6 16322.9 8070.44 6674.06 6462.82 3200.89 2922.09 2901.27 2531.57 1698.62 1308.71 1271.71 1185.04 1182.69 1101.07 1031.62 789.98 784.801 730.636 677.544 645.945 616.138 483.078 411.036 378.34 366.156 2197.55 320.879 311.933 308.042 307.791 296.877 289.253 288.098 214.793 208.17 195.647 192.098 190.215 184.255 179.093 177.646 169.135 152.236 149.199 147.788 145.933 143.96 141.918 137.307 128.643 122.95 119.06 118.189 118.077 225.493 904.19 391.78 111.891 111.116 107.521
threshold=0.56259194016456615 79.337715148925795 53.001201629638679 0.12973351776599887 0.12973351776599887 1.5000000000000002 0.76330533623695385 3.5000000000000004 0.26491229236125952 0.53571429848670971 1.0000000180025095e-35 1.0000000180025095e-35 4.5000000000000009 0.71825397014617931 1.0000000180025095e-35 89.022754669189467 0.58571431040763866 54.433221817016609 1.5000000000000002 3.5000000000000004 6.5000000000000009 1.5000000000000002 4.5000000000000009 55.646631240844734 0.14039409160614016 79.118217468261733 0.44222222268581396 61.651582717895515 6.5000000000000009 61.500000000000007 1.0000000180025095e-35 1.0000000180025095e-35 0.64583334326744091 2.5000000000000004 52.704679489135749 3.5000000000000004 6.5000000000000009 1.0000000180025095e-35 0.81666666269302379 0.31666667759418493 1.0000000180025095e-35 0.23611111193895343 0.86607143282890331 1.0000000180025095e-35 4.5000000000000009 86.526824951171889 4.5000000000000009 98.048732757568374 4.5000000000000009 1.0000000180025095e-35 15.500000000000002 1.0000000180025095e-35 1.0000000180025095e-35 1.0000000180025095e-35 97.510330200195327 4.5000000000000009 53.694938659667976 1.0000000180025095e-35 0.14039409160614016 1.0000000180025095e-35 34.500000000000007 3.5000000000000004
decision_type=2 2 2 2 2 2 2 2 2 2 2 2 2 2 2 2 2 2 2 2 2 2 2 2 2 2 2 2 2 2 2 2 2 2 2 2 2 2 2 2 2 2 2 2 2 2 2 2 2 2 2 2 2 2 2 2 2 2 2 2 2 2
left_child=1 5 6 7 9 8 18 15 22 36 -6 40 25 16 -10 20 26 53 -2 28 -3 -8 34 51 33 50 55 -28 -11 44 -29 -5 -22 46 -1 49 -4 41 -30 -20 45 -33 47 -36 -17 -12 -18 61 -43 -23 -13 -15 -9 -16 -27 56 -7 60 -59 -19 -58 -14
right_child=2 3 4 31 10 13 21 52 14 19 11 12 42 23 17 29 24 59 39 -21 32 35 -24 -25 -26 54 27 30 38 -31 -32 37 -34 -35 43 -37 -38 -39 -40 -41 -42 48 -44 -45 -46 -47 -48 -49 -50 -51 -52 -53 -54 -55 -56 -57 57 58 -60 -61 -62 -63
leaf_value=-0.073670594944185305 0.082592266647009763 0.12691213705032978 0.012153822724591902 0.14597125631148461 0.14509119861497474 -0.1034421560870169 0.13720930042829224 -0.10603911052950273 0.13214913877525189 0.1259119549946249 0.052569053110028324 0.061879743929044086 0.024185861753759814 0.020537639340860506 -0.077569866473520432 0.13183802375595446 0.20146625861511255 0.13765681250377521 -0.09698508339022692 -0.096696266809164502 -0.099100676005395238 0.06558346062247708 -0.095872022846344732 0.11078790498449315 0.099329004795863152 0.10989341906616952 -0.099956351065407067 0.15332980105220831 -0.0018637521303993107 0.01865558454085299 0.022679550401266076 0.16701882387522363 0.0044681692343805212 -0.10418159306737017 0.17780927151892725 -0.024720633573157184 -0.097423772618122739 0.13158530697710794 0.075381132557966024 0.16303661965549718 0.14221420493379644 0.080184225000714413 0.13822995799377083 0.004722420795298163 0.068622143804668384 0.1324530204833366 -0.011197519181727206 0.090860201421636089 -0.012986329772599151 -0.048985290495488082 -0.062906879137724234 -0.072710388845008606 -0.0014561537860756503 0.057600762914244701 0.14380261731158236 -0.10610750975908859 -0.062950548031732612 -0.083284744074497721 0.15753889354286099 0.054588371194390341 -0.1030608998305715 -0.027184010174873138
leaf_weight=132.95145773887634 266.25034471601248 205.94110830873251 197.90393461287022 4511.2976098582149 92301.628190979362 12334.911950543523 780.81683991104364 2541.5901805460453 1564.3044607266784 1122.2942380160093 431.13769590854645 862.81253980100155 1532.1014157086611 224.59820178151131 679.91300864517689 488.51902563869953 34.5222078114748 228.70964748412371 3752.6371217370033 242.86233318597078 924.92088623344898 944.67364255338907 2077.4786789193749 308.38658401370049 250.07239051908255 5590.4217923879623 7197.4998073130846 332.71144128590822 413.82390357553959 1165.9001798182726 394.37076042592525 205.59866359829903 394.95450104027987 451.14302919059992 144.57206793874502 544.46436411142349 1398.4872485697269 1400.05394731462 1450.0812388807535 28.346174299716949 9703.7875019013882 1157.7360546961427 132.54559524357319 92.626100242137909 1730.0133453756571 510.80692228674889 611.62618350982666 253.59220965951681 193.56534656137228 122.09361069649458 98.214546948671341 433.50483570247889 117.61202984303236 72.069920338690281 1259.4432112425566 148037.12788580358 997.00591932237148 96.594915792346001 224.68356014788151 557.19809339940548 2247.7300054132938 555.06807817518711
leaf_count=1843 1588 1164 1980 20889 428763 193424 3439 39257 7492 4851 1898 4033 8496 1934 8782 2148 167 1017 54554 3066 13696 5329 29980 1459 1275 23633 109767 1779 2688 6468 3424 885 3042 6799 800 4759 19858 6237 6496 193 44519 5379 552 815 8026 2334 5615 1067 1031 1092 1002 5592 948 608 5659 2344252 14538 1445 1418 2777 35103 4161
internal_value=-0.00430921 -0.0875372 0.125894 0.0557824 0.134351 -0.0995287 -0.0291474 -0.0169847 0.00670453 0.019174 0.139259 0.113538 0.0880966 -0.102914 0.0709278 0.0287387 -0.10353 0.00865504 -0.0833503 0.0701021 -0.0417869 0.0625614 -0.0746939 0.00750956 -0.016369 0.107884 -0.104213 -0.0832192 0.0836675 0.060534 0.0824649 0.129535 -0.0681091 -0.0427365 0.0441688 0.0263864 -0.0838395 0.10446 0.0582312 -0.0950357 0.138115 0.0800676 0.0256052 0.110219 0.0825422 0.0958893 0.000164613 0.0192278 0.0668381 0.0524708 0.0491269 -0.0408866 -0.101414 -0.0646151 0.116128 -0.105228 -0.0970392 -0.0748913 0.0851334 0.0787624 -0.0907362 0.0105244
internal_weight=319260 194764 124496 15037.7 118057 179726 6439.28 7569.45 5549.82 4825.45 113232 20929.9 10284.2 174176 3102.2 4910.25 173210 1537.89 4047.23 3229.06 1525.82 2392.05 2447.63 966.49 1347.36 7810.89 171863 7924.58 2986.2 3384.43 727.082 7468.25 1319.88 1097.29 370.15 1611.23 1596.39 2956.95 1863.91 3780.98 10645.7 1556.9 2473.31 237.198 2218.53 941.945 646.148 2340.76 1351.3 1066.77 961.027 658.103 2659.2 751.983 6849.87 163938 15900.9 3566.01 321.278 785.908 3244.74 2087.17
internal_count=3527285 2891275 636010 109170 565056 2782105 70954 74749 54114 38939 526117 97354 48603 2727991 20676 34544 2719006 13184 56335 17101 17902 14619 33438 8985 13856 34327 2705150 114970 14035 16642 5203 34421 16738 12581 3458 11180 21838 13532 9184 54747 48751 7295 14276 1615 10174 4232 5782 13724 6410 6421 5035 7526 40205 9390 29292 2590180 245928 52504 2863 3794 49641 12657
is_linear=0
shrinkage=0.1


Tree=10
num_leaves=63
num_cat=0
split_feature=4 9 10 16 16 10 16 15 23 16 11 14 16 9 18 25 10 25 23 23 23 16 15 24 9 23 11 15 18 23 16 18 1 23 17 21 11 16 17 11 1 10 6 1 10 1 6 2 9 11 23 18 11 11 9 9 11 6 11 18 11 18
split_gain=340604 21972.9 7394.49 6234.56 4929.86 3554.26 1583.32 2001.62 1453.76 1353.74 901.24 871.767 618.914 1085.57 477.115 559.757 460.469 417.218 333.023 297.457 294.293 259.453 375.983 230.828 219.004 212.249 211.696 197.954 439.93 165.227 162.284 145.972 141.01 124.865 121.488 117.135 115.429 152.92 105.502 98.0502 95.1687 92.2748 91.7989 91.3567 87.4196 86.852 86.0347 85.2934 83.2269 82.5319 80.537 79.6798 77.3434 76.487 88.4738 76.2444 168.844 74.8592 74.0646 149.476 73.8774 73.4917
threshold=1.0000000180025095e-35 53.001201629638679 85.053192138671889 95.093433380126967 67.806350708007827 67.05426406860353 70.025379180908217 1.0000000180025095e-35 0.43650794029235845 98.048732757568374 0.64583334326744091 5.5000000000000009 96.726669311523452 57.979627609252937 0.44222222268581396 1.0000000180025095e-35 89.022754669189467 1.0000000180025095e-35 0.23611111193895343 -1.0000000180025095e-35 -1.0000000180025095e-35 63.661756515502937 1.0000000180025095e-35 1.5000000000000002 99.31506729125978 0.23611111193895343 0.47222222387790685 1.0000000180025095e-35 0.11651583760976793 0.17424242943525317 97.68778228759767 0.63961037993431102 2.5000000000000004 0.13392857462167743 98.048732757568374 7.5000000000000009 0.47222222387790685 77.811046600341811 50.862325668334968 0.86607143282890331 13.500000000000002 65.599384307861342 21.483516693115238 7.5000000000000009 41.223155975341804 4.5000000000000009 24.28337383270264 0.9373728632926942 46.027742385864265 0.23611111193895343 0.44949495792388922 0.54006412625312816 0.47222222387790685 0.86607143282890331 96.720428466796889 79.118217468261733 0.15476191043853763 80.277778625488295 0.31666667759418493 0.11651583760976793 0.15476191043853763 0.65108695626258861
decision_type=2 2 2 2 2 2 2 2 2 2 2 2 2 2 2 2 2 2 2 2 2 2 2 2 2 2 2 2 2 2 2 2 2 2 2 2 2 2 2 2 2 2 2 2 2 2 2 2 2 2 2 2 2 2 2 2 2 2 2 2 2 2
left_child=2 3 10 14 5 23 7 24 9 11 12 19 36 49 58 42 27 51 -9 -6 -13 22 53 26 -4 32 -3 47 -29 34 -19 -31 -21 -30 39 -26 -1 45 -20 55 -37 52 -16 -18 -15 -38 -32 -7 -44 -14 -39 -5 -34 54 -12 -22 -57 -58 -2 -60 -43 -62
right_child=1 4 6 17 8 16 -8 18 -10 -11 21 20 13 44 15 -17 43 30 38 25 29 -23 -24 -25 35 -27 -28 28 33 31 46 -33 41 -35 -36 40 37 50 -40 -41 -42 60 48 -45 -46 -47 -48 -49 -50 -51 -52 -53 -54 -55 -56 56 57 -59 59 -61 61 -63
leaf_value=-0.10544076946997274 -0.10049330253816305 -0.087320581520518442 -0.043940007365707842 0.0072361765918060594 0.13448547150237253 0.084872347775781454 0.12319810508825146 -0.10288241173054112 0.13813129645616792 0.13606420668751507 -0.087747027270712957 0.10669732574384612 -0.089156446760994809 -0.027664978817947827 0.16322965998883429 -0.075231427563696621 0.11808550241132038 -0.054859384408311944 -0.051972102847586125 0.095598433654418585 -0.054088517591063617 0.094471391699781693 -0.10376469504800745 0.14734872752217151 0.024710523931183649 0.1153439955809531 0.019383644672131363 -0.090029791209229729 -0.018908509766835634 0.096642490954557944 0.12865779316519285 0.0072167800760253838 -0.02616157069706326 0.15186937580132265 0.11137085511461556 0.080293536104422136 -0.051752992750960659 0.028482250842102583 0.13164946182514356 0.12081618892672392 -0.014102035821001634 0.14575573866674982 0.0097309000374694605 0.041446619079894276 0.10844941535291522 -0.096147676809521729 0.023877801645270754 -0.04004248903626114 0.12452496412502921 0.37447681361936869 0.36397245530095257 0.1180967970739973 0.11593780727889542 0.070544448284335246 0.0015795968186280076 0.18978801545683477 0.017455796581345738 -0.037526762946060277 -0.089569394447525208 0.45939722857845483 0.081414620923435072 0.041250593642788713
leaf_weight=152241.89256602898 5167.3622483275831 1710.9679578617215 382.75346872210503 66.919489808380604 2184.6336024776101 642.64324334263802 938.5462431460619 2041.7301626726985 91947.054487377405 10853.55529537797 133.74981239438057 519.42168183624744 1530.0290802046657 53.912364430725574 82.37617414444685 873.92880570143461 2806.9108817763627 199.08104695379734 50.890337318181992 2686.0263252332807 290.92678733915091 151.34980844706297 607.00097857788205 47.53514102846384 2471.8472504764795 2654.7149296924472 208.59808958694339 281.47975008934736 60.473620794713497 461.76468367502093 115.81111593544483 301.85715547949076 189.40254927054048 146.60271157324314 99.104380778968334 762.65688843280077 513.0293464101851 39.884482134133577 81.244419723749161 61.0894985049963 124.19794481247663 116.66473671793938 210.96586087346077 164.66462312266231 378.11439994722605 3124.5789662823081 242.35327982902527 59.74393642693758 90.144300147891045 3.8491435423493376 8.7197955138981325 2079.0158875733614 48.013453491032124 125.01252682507038 648.45687062293291 46.60405970364809 611.17103666067123 416.29284992814064 16.268256500363353 7.1355105228722087 1033.2635719329119 814.86153699457645
leaf_count=2645314 84393 24919 3912 295 10558 3221 4360 33481 450438 52082 1232 2365 20249 278 394 11975 13113 2054 425 11481 2309 703 9992 348 12198 11740 1766 3714 415 2224 528 1545 1136 685 431 3359 7894 400 401 249 682 504 1174 1194 1685 52248 1147 380 439 32 55 9032 208 617 5012 205 3416 2558 249 57 4422 3393
internal_value=-0.00430328 0.116567 -0.0991737 -0.0328598 0.127825 0.0404356 0.00253395 -0.0166111 0.132469 0.110209 -0.103543 0.0878234 -0.104314 -0.0485556 -0.0863014 -0.031034 0.0927828 0.0946199 -0.0929254 0.101992 0.0387428 -0.030368 -0.0428459 -0.0703345 0.0277292 0.0925815 -0.0757251 0.0402452 -0.00863886 0.0233212 0.0175244 0.0612928 0.0802196 0.101996 0.00430989 0.0358965 -0.105017 -0.0875321 0.0609295 -0.00313022 0.0670741 0.0614622 0.0696879 0.113839 0.0914638 -0.0898865 0.057758 0.0742473 0.0440972 -0.087993 0.0886705 0.11464 0.00257567 -0.00208649 -0.0136944 -0.00867736 0.00362291 -0.00482124 -0.0996894 0.0778035 0.0685777 0.0637058
internal_weight=297031 130617 166413 9151.36 121466 6129.62 6853.87 5915.32 115336 23389.4 159560 12535.8 157894 1965.9 6448.18 1257.42 4162.52 2703.18 2173.86 9727.58 2808.23 1665.57 1514.22 1967.1 3741.46 7542.95 1919.57 1190.94 488.556 2288.81 557.245 763.622 4888.23 207.076 1525.19 3358.7 155928 3686.21 132.135 1426.08 886.855 2202.21 383.486 2971.58 432.027 3637.61 358.164 702.387 301.11 1533.88 48.6043 2145.94 237.416 907.219 782.207 1364.99 1074.07 1027.46 5190.77 23.4038 1964.79 1848.13
internal_count=3527285 722756 2804529 111737 611019 49755 58818 54458 561264 110826 2745711 58744 2728155 22244 98681 13982 22722 13056 34307 43442 15302 17556 16853 27033 20151 32884 26685 8415 4814 12937 3729 3769 21144 1100 9168 16239 2705911 60597 826 8737 4041 9663 2007 14307 1963 60142 1675 3601 1613 20281 455 9327 1344 6861 6244 8488 6179 5974 84699 306 8319 7815
is_linear=0
shrinkage=0.1


Tree=11
num_leaves=63
num_cat=0
split_feature=4 9 7 16 16 7 26 26 25 14 16 9 18 16 11 26 23 16 23 26 15 16 26 7 23 3 11 1 16 3 11 14 14 11 1 7 16 21 26 3 26 18 11 11 16 26 3 9 2 7 3 11 21 16 23 18 0 23 18 24 9 16
split_gain=299004 18951.5 6836.71 5392.13 4435.38 3078.77 2254.09 1574.34 1394.61 1027.35 894.338 1300.96 718.716 709.609 621.362 604.47 576.176 461.904 659.761 406.078 347.569 319.78 220.565 214.724 212.14 206.852 291.477 198.492 196.777 179.687 166.07 159.446 148.6 158.374 145.381 142.595 141.387 141.356 141.276 140.9 167.461 136.49 119.717 115.251 127.472 141.684 110.224 103.242 99.7921 97.9322 97.1897 133.865 94.2352 109.366 93.8581 92.0052 91.868 89.9791 123.864 88.3587 88.2998 87.1335
threshold=1.0000000180025095e-35 53.001201629638679 84.29276275634767 94.877758026123061 67.806350708007827 67.017543792724624 1.0000000180025095e-35 1.0000000180025095e-35 1.0000000180025095e-35 4.5000000000000009 96.726669311523452 64.565757751464858 0.11651583760976793 63.427747726440437 0.64583334326744091 1.0000000180025095e-35 0.13392857462167743 77.811046600341811 0.44949495792388922 1.0000000180025095e-35 1.0000000180025095e-35 97.896198272705092 1.0000000180025095e-35 81.01672744750978 0.23611111193895343 5.5000000000000009 0.73214286565780651 5.5000000000000009 98.192703247070327 60.500000000000007 0.31666667759418493 8.5000000000000018 8.5000000000000018 0.10555555671453477 5.5000000000000009 22.378716468811039 51.87529373168946 8.5000000000000018 1.0000000180025095e-35 5.5000000000000009 1.0000000180025095e-35 0.65108695626258861 0.10555555671453477 0.47222222387790685 68.307834625244155 1.0000000180025095e-35 10.500000000000002 50.396825790405281 0.84072214365005504 23.606810569763187 4.5000000000000009 0.81666666269302379 9.5000000000000018 98.999900817871108 0.44949495792388922 0.63961037993431102 0.54934528470039379 0.087121214717626586 0.36181819438934332 1.5000000000000002 88.067794799804702 52.659875869750984
decision_type=2 2 2 2 2 2 2 2 2 2 2 2 2 2 2 2 2 2 2 2 2 2 2 2 2 2 2 2 2 2 2 2 2 2 2 2 2 2 2 2 2 2 2 2 2 2 2 2 2 2 2 2 2 2 2 2 2 2 2 2 2 2
left_child=2 3 10 17 5 27 -6 13 24 21 14 47 -9 20 43 29 36 -2 38 34 25 23 61 42 31 60 -27 30 32 50 59 -8 33 -11 46 -21 -17 -22 -19 40 -32 -25 -10 -1 -45 -46 -5 -12 -43 -20 -7 -52 -30 -54 -37 -35 -28 58 -14 -3 -4 -16
right_child=1 4 7 19 6 15 8 12 9 28 11 -13 57 -15 22 16 -18 18 49 35 37 -23 -24 41 -26 26 56 -29 52 -31 39 -33 -34 55 -36 54 -38 -39 -40 -41 -42 48 -44 44 45 -47 -48 -49 -50 -51 51 -53 53 -55 -56 -57 -58 -59 -60 -61 -62 -63
leaf_value=-0.10464436956332464 -0.10217323937913754 -0.080989174714954648 0.31657213887798258 0.11947918206861807 0.13408477573690719 0.12775556343109129 0.099035074264744241 -0.10392465779209813 0.10324163042210013 0.12088358792279973 -0.090187922279158117 0.11147577089098291 -0.051217666032475864 0.13576579242636744 -0.015656386055867891 -0.097433851386421466 0.12622825080827821 0.064028462220237267 0.12568037216387792 0.10886288013239172 -0.09954936833373014 0.12761854128480474 -0.094190403120037666 0.10473878434774125 0.13037143943362961 -0.04883848305614117 0.040882316604335722 -0.093723161350340908 0.1247111535374727 -0.02302382773033599 0.18330340717162627 -0.011115198199419066 -0.0057783793720401089 0.056129669813759935 0.034885836925251268 -0.055243642655355196 0.025661378020531218 0.078286318607391048 -0.08855974849770612 -0.039729807630052988 -0.035544864732282709 0.055770401527664965 0.025313168613796119 -0.089010661250680786 0.27400639278103556 -0.036112586872595311 -0.020098114084538578 -0.0091633984383460241 0.093784576155073074 0.028231606714993876 0.043603536865703132 0.10809894730968049 -0.029342721601212353 0.13175607210268109 0.044409967475282731 -0.00071091244534236874 -0.0006397860405916051 0.12932041745651157 0.087392587484861561 0.13027617209221801 0.087522468166801606 0.15284233271703943
leaf_weight=138721.08319597319 4269.891387347132 356.63183231651783 17.721432261168957 1833.2810944467783 86259.95210725069 1450.3541438132524 795.84176574647427 1599.9609737731516 254.58515250682831 208.51280489563942 1328.9291349798441 460.32364805042744 125.6759720146656 572.05067966505885 919.44796570762992 333.75841096416116 246.46172941103578 64.145345095545053 148.86710152775049 109.07392188534141 322.49569815024734 2066.3136982768774 463.00154415890574 3149.2415658682585 9333.5988830402493 540.60680900141597 2248.328196130693 1183.1514266319573 276.1886243969202 107.28214712068439 91.439538065344095 157.40606017410755 1396.5942333489656 539.2581564411521 256.07547264546156 265.14932989701629 129.51989250257611 51.888215523213148 1122.3541626669466 142.3017119653523 56.611559756100178 1417.5846951156855 873.59007013589144 3305.1964154541492 19.351191144436598 61.718836631625891 58.379552081227303 178.36892425268888 1346.5067358165979 335.64100728556514 420.88241913169622 1367.2402314990759 111.40912295877934 67.776687383651733 146.85940617322922 603.42772341519594 698.36121682077646 105.99650153145194 132.3750407397747 20.960216142237186 334.82271157205105 31.749377563595772
leaf_count=2645002 77201 5387 107 8245 450662 6902 3847 29357 1288 1057 19182 2070 1011 2897 7919 4963 1220 546 750 675 5310 10170 7595 14146 47852 5846 10492 18295 1233 733 725 662 8082 2782 1164 2337 800 411 17905 1655 771 6021 3806 58947 146 726 257 1538 5808 1968 2092 6076 458 298 689 3092 3332 509 578 136 1394 160
internal_value=-0.00429636 0.111405 -0.0980604 -0.0316879 0.12214 0.037744 0.12672 0.000321314 0.0986053 0.0758969 -0.102625 -0.0356638 -0.075069 0.0312571 -0.103543 0.0865207 0.00269778 -0.0847299 -0.0401572 0.0863855 0.0170708 0.0930283 -0.0375852 0.0828779 0.125782 0.0260381 0.0186585 -0.0691191 0.0271856 0.104302 -0.0255371 0.0808464 0.0170956 0.040738 0.105599 0.00719331 -0.0630198 -0.074902 -0.0803104 0.031325 0.0996205 0.0905054 0.0428986 -0.104199 -0.085972 0.037912 0.115172 -0.0805997 0.0742887 0.0581731 0.10852 0.0929182 0.0880698 0.0315926 -0.0197224 0.0261134 0.0310416 0.0517495 0.0198866 -0.0692618 0.0990362 -0.0100322
internal_weight=275614 123374 152239 8609.72 114764 5906.6 108858 6750.28 22597.8 12311 145489 1967.62 1964.01 4786.27 143522 4055.5 709.74 5940.9 1671.01 2668.82 4214.22 9107.82 1414.2 7041.51 10286.8 3839.84 3487.3 1851.1 3203.17 3345.76 667.945 953.248 2747.79 1351.2 2147.74 521.083 463.278 374.384 1186.5 290.353 148.051 5913.33 1128.18 142107 3386.27 81.07 1891.66 1507.3 2764.09 484.508 3238.48 1788.12 455.374 179.186 412.009 1142.69 2946.69 364.048 258.051 377.592 352.544 951.197
internal_count=3527285 722756 2804529 111737 611019 49755 561264 61244 110602 58241 2743285 22790 31455 29789 2720495 22786 6983 98370 21169 13367 26892 41239 15674 31069 52361 21171 19670 26969 17002 15803 8674 4509 15013 6931 9666 3701 5763 5721 18451 3151 1496 25975 5094 2704821 59819 872 8502 20720 11829 2718 15070 8168 1989 756 3026 5874 13824 2098 1589 5523 1501 8079
is_linear=0
shrinkage=0.1


Tree=12
num_leaves=63
num_cat=0
split_feature=4 9 10 16 16 26 7 25 16 15 14 11 26 16 6 16 26 23 25 16 9 23 7 23 26 26 11 11 9 11 23 10 18 21 11 16 1 10 9 16 18 11 21 16 0 11 1 16 7 27 21 0 16 8 26 0 14 9 1 8 26 23
split_gain=263224 16489.5 6664.08 5029.24 3713.83 2430.59 2285.43 1443.57 1298.96 1506.71 959.492 800.961 582.047 558.325 772.407 549.262 663.619 360.896 334.358 320.626 301.885 253.836 228.617 221.809 220.824 217.849 223.63 209.117 181.296 170.874 162.32 160.145 148.801 134.925 133.1 133.272 128.458 126.01 122.792 119.225 117.762 113.928 105.447 102.056 101.364 100.905 92.3874 92.2108 86.7496 80.1677 111.272 83.7343 101.478 80.6053 79.6374 78.7373 78.3633 77.8543 77.1338 75.9044 73.398 85.424
threshold=1.0000000180025095e-35 54.72370910644532 82.842723846435561 95.093433380126967 59.848266601562507 1.0000000180025095e-35 72.360687255859389 1.0000000180025095e-35 73.186672210693374 1.0000000180025095e-35 4.5000000000000009 0.64583334326744091 1.0000000180025095e-35 96.726669311523452 48.313756942749031 77.345912933349624 1.0000000180025095e-35 0.23611111193895343 1.0000000180025095e-35 97.896198272705092 99.31506729125978 0.13392857462167743 81.01672744750978 0.23611111193895343 1.0000000180025095e-35 1.0000000180025095e-35 0.31666667759418493 0.087121214717626586 63.702239990234382 0.86607143282890331 0.44949495792388922 86.526824951171889 0.15504807978868487 7.5000000000000009 0.47222222387790685 71.89255523681642 5.5000000000000009 89.512962341308608 79.118217468261733 97.68778228759767 0.65108695626258861 0.73214286565780651 8.5000000000000018 49.24225044250489 0.94227582216262828 0.23611111193895343 4.5000000000000009 68.013607025146499 89.009658813476577 1.0000000180025095e-35 7.5000000000000009 0.82163912057876598 97.896198272705092 89.512962341308608 1.0000000180025095e-35 0.34405542910099035 10.500000000000002 50.396825790405281 6.5000000000000009 69.028213500976577 1.0000000180025095e-35 0.30384616553783422
decision_type=2 2 2 2 2 2 2 2 2 2 2 2 2 2 2 2 2 2 2 2 2 2 2 2 2 2 2 2 2 2 2 2 2 2 2 2 2 2 2 2 2 2 2 2 2 2 2 2 2 2 2 2 2 2 2 2 2 2 2 2 2 2
left_child=2 3 11 15 6 -6 25 23 9 20 19 13 48 34 57 -2 36 -11 60 22 55 -14 37 31 32 26 -3 28 -12 38 45 44 -13 40 -1 46 -17 -9 -29 -20 -24 49 -22 -19 -7 -18 -36 -26 -8 51 -51 52 53 59 -37 -4 -43 -15 -28 -40 -5 -62
right_child=1 4 8 18 5 7 12 10 -10 17 27 24 21 14 -16 16 30 43 39 -21 42 -23 33 -25 47 -27 58 29 -30 -31 -32 -33 -34 -35 35 54 -38 -39 41 -41 -42 56 -44 -45 -46 -47 -48 -49 -50 50 -52 -53 -54 -55 -56 -57 -58 -59 -60 -61 61 -63
leaf_value=-0.10402371509727659 -0.10076746516303992 -0.085909903181630332 0.009910128931996047 0.10795166845379962 0.12964435717146933 0.050072982383341895 0.063280174488277316 0.024653582600372606 0.11213401958342556 -0.10065665871994965 -0.015633143609517532 -0.0088233398166514734 -0.078921512787601816 -0.088036128419315796 0.089075074601545887 0.1074565482904037 -0.087152168089124682 -0.037456616755022397 -0.04596286440867086 0.12203697266615705 0.01931609824719964 0.10758701095311066 0.091026521782452241 0.1257249891187821 -0.1038483813185988 -0.098643597495249702 0.050822758765821499 -0.049617800218615823 0.11683948313146503 0.12037876361934725 0.023697905796381837 0.11592316502287124 0.14640315737013154 0.11108569563890701 -0.043002933934699117 0.23385784724712028 -0.0032393536074347981 0.1350010871096938 0.10506732180954591 0.048822136924860822 0.058386125891585289 -0.032864389268043318 0.062765376223012023 0.1282926101031448 -0.093298370202061193 0.19798288087485857 -0.093187882031487437 0.034290291968740824 0.10537156314303874 0.052315166579888508 -0.11419172775988598 -0.013870334169993885 0.11633694063175615 0.050893782835596257 -0.011119639432745401 -0.075636196939589243 0.088421210958145757 -0.0157122678544581 -0.049175337643098407 -0.041426836139277674 -0.064425174528932053 0.080203006021525358
leaf_weight=126219.87208404392 3998.4375587403774 329.93748276308179 148.05393354222178 1944.2407390922308 80691.548203967512 407.11582546681166 626.93395951762795 1044.3962108977139 878.7226799055934 1865.0094419829547 141.92692987248302 852.87126791104674 298.49844926223159 1228.0450250580907 338.58511711284518 302.49779706075788 1111.6758500449359 63.707441166043282 200.511450342834 1946.1476209014654 2810.8222184814513 96.582786917686462 2341.6995512098074 8813.0357813350856 360.79656763374805 879.69489067420363 299.67846912890673 344.77791821584105 379.66815024241805 137.42760990560055 159.9479977414012 461.81162604689598 66.575825780630112 1414.8483977168798 429.23396029695868 18.569059379398823 160.43194431439042 114.86786171793938 43.02821296453476 392.4278117865324 2093.5308572500944 572.73973009735346 697.07743893191218 89.10669331997633 56.108962565660477 12.551240582019089 2523.2153904810548 55.795575819909573 2235.9750780016184 73.734778821468353 88.075047582387924 274.89404176175594 180.88569189608097 764.80446737632155 46.498699992895126 393.68122211843729 58.734417364001274 169.36740663647652 103.87365171313286 198.70596740394831 51.498994588851929 197.29256442934275
leaf_count=2643550 78889 5562 1744 9095 451284 1846 2973 4843 4503 36228 1108 7316 4390 19147 1631 1581 19038 570 2135 10150 13835 487 10844 48151 7087 15439 2711 2470 1728 610 1018 2452 319 6559 7503 116 1035 550 216 1795 9029 3374 3197 452 240 94 49817 256 10582 324 392 1339 814 3819 557 5301 306 1400 1307 1084 231 862
internal_value=-0.00427983 0.106951 -0.0969726 -0.0268655 0.117569 0.121618 0.032254 0.0921157 -0.00149842 -0.0179553 0.0692195 -0.101985 0.0804526 -0.102771 -0.0464367 -0.0803295 -0.0335549 -0.0885509 0.0833938 0.0861278 0.0172206 -0.0333271 0.0761576 0.120835 -0.0249492 -0.0650878 -0.0248435 0.0227625 0.0807935 0.0117067 -0.0705586 0.0742514 0.00241638 0.084197 -0.103528 -0.082772 0.069094 0.0355876 0.00596344 0.0167691 0.0756195 0.0144593 0.0279502 0.0591926 0.0327069 -0.0839688 -0.0858919 -0.085347 0.0961542 0.0284729 -0.0383166 0.0358634 0.047377 0.0349841 0.0587921 -0.0522567 -0.0215834 -0.0792704 0.0250834 -0.0153512 0.101407 0.0502655
internal_weight=255303 116047 139256 8531.51 107516 102645 4871.17 21953 6946.18 6067.46 12214.9 132309 3257.99 130973 1736 5745.54 1747.1 2017.82 2785.97 8955.49 4049.63 395.081 7009.34 9738.07 1336.04 1613.18 733.49 3259.4 521.595 2737.81 1284.18 925.036 919.447 5850.08 129237 3017.52 462.93 1159.26 2600.38 592.939 4435.23 2255.6 3507.9 152.814 463.225 1124.23 2952.45 416.592 2862.91 1624.13 161.81 1462.32 1187.42 1006.54 65.0678 541.735 631.474 1397.41 403.552 241.734 2193.03 248.792
internal_count=3527285 722756 2804529 115773 606983 563532 43451 112248 65830 61327 59559 2738699 18432 2723721 22178 101655 22766 37250 14118 41975 24077 4877 31825 52689 14978 25019 9580 17584 2836 14748 20150 4538 7635 26432 2701543 57993 2616 5393 14138 3930 19873 11668 17032 1022 2086 19132 57320 7343 13555 7988 716 7272 5933 5119 673 7045 3680 20547 4018 1300 10188 1093
is_linear=0
shrinkage=0.1


Tree=13
num_leaves=63
num_cat=0
split_feature=4 9 10 16 16 26 7 25 26 11 14 16 18 16 9 16 27 26 18 16 25 9 3 22 24 23 26 1 18 3 23 1 11 6 11 6 16 1 6 2 11 3 11 3 21 27 3 16 22 16 3 1 26 26 11 18 16 11 11 3 7 16
split_gain=232171 14417 6352.37 4050.3 3665.17 2390.81 2298.92 1338.64 1125.99 796.76 791.091 726.443 642.647 551.877 672.466 438.364 491.19 400.273 456.408 363.165 307.96 255.24 295.136 236.469 207.641 204.633 199.141 181.778 163.83 158.933 157.712 150.732 141.576 137.018 135.15 128.156 125.106 124.007 107.563 106.217 106.078 102.087 120.866 99.3015 172.358 96.843 96.4885 160.498 95.4702 151.239 94.9835 110.94 92.3537 89.9885 88.6451 88.6224 85.8913 84.529 83.7023 83.455 83.1461 81.832
threshold=1.0000000180025095e-35 53.001201629638679 82.842723846435561 94.877758026123061 68.863315582275405 1.0000000180025095e-35 67.017543792724624 1.0000000180025095e-35 1.0000000180025095e-35 0.64583334326744091 7.5000000000000009 62.871870040893562 0.11651583760976793 96.726669311523452 55.646631240844734 77.811046600341811 1.0000000180025095e-35 1.0000000180025095e-35 0.051315790042281158 97.896198272705092 1.0000000180025095e-35 99.31506729125978 8.5000000000000018 3.5000000000000004 1.5000000000000002 0.23611111193895343 1.0000000180025095e-35 3.5000000000000004 0.63961037993431102 60.500000000000007 0.13392857462167743 6.5000000000000009 0.47222222387790685 87.20676422119142 0.31666667759418493 23.606810569763187 60.054645538330085 4.5000000000000009 26.158231735229496 0.39252030849456793 0.23611111193895343 4.5000000000000009 0.81666666269302379 171.50000000000003 7.5000000000000009 1.0000000180025095e-35 2.5000000000000004 1.0000000180025095e-35 9.5000000000000018 97.489494323730483 1.5000000000000002 5.5000000000000009 2.5000000000000004 2.5000000000000004 0.15476191043853763 0.65108695626258861 79.082908630371108 0.23611111193895343 0.11805555596947671 44.500000000000007 88.067794799804702 83.530395507812514
decision_type=2 2 2 2 2 2 2 2 2 2 2 2 2 2 2 2 2 2 2 2 2 2 2 2 2 2 2 2 2 2 2 2 2 2 2 2 2 2 2 2 2 2 2 2 2 2 2 2 2 2 2 2 2 2 2 2 2 2 2 2 2 2
left_child=2 3 9 15 6 -6 24 25 11 13 19 21 -10 32 -15 -2 40 29 -19 27 50 22 39 43 31 33 36 28 52 41 60 34 -1 54 -3 -22 -11 59 -18 -4 -17 -8 -43 44 -23 -25 47 -36 49 -12 -5 -52 -9 55 -7 -29 -28 -37 -57 -34 -20 -14
right_child=1 4 8 20 5 7 17 10 12 26 48 -13 61 14 -16 16 38 18 30 -21 35 23 -24 45 -26 -27 56 53 -30 -31 -32 -33 37 -35 46 57 -38 -39 -40 -41 -42 42 -44 -45 -46 -47 -48 -49 -50 -51 51 -53 -54 -55 -56 58 -58 -59 -60 -61 -62 -63
leaf_value=-0.1033743235336462 -0.10019290919850204 -0.075154106095216749 0.1815786284499929 0.11716568749966079 0.12588848837738151 0.095205714490412235 0.11586809509148888 0.096190177083072245 -0.10248217827256459 -0.0077601991910660768 0.004143461864950417 0.12668533371141658 -0.010375008583201509 -0.082618967971767862 0.062883821219292133 -0.074294184360751789 0.11754779002420955 -0.1059173491504108 -0.067285527272443732 0.113831943188822 0.087594782105570312 0.018206643463311831 -0.089214127475314528 -0.098447367046743575 0.12152908238170917 0.12131684977104112 -0.10012185935369676 0.060164425916118369 0.059656175527051096 -0.02749540454429928 0.11909399435740545 -0.096811330465774004 0.012287606772273868 0.11294497985789527 0.26276778321405808 -0.03073471287024734 0.13980271302457983 -0.089618829802074071 0.014248824388622409 -0.0081412222654950791 0.21172920221293576 0.032904971793504288 0.094603728225965023 -0.011457209728113297 0.073517254663980985 0.090381469103245349 -0.02160956866860084 -0.0095441072694348802 -0.03888208059193083 0.091560429114792868 0.08389115827216681 -0.019582796323319038 -0.052954193954318433 -0.11402898661044836 0.0037145069147946422 0.10408081492284511 0.05112884061880605 0.16799593918535916 0.0041770199852188775 -0.075502549263456786 0.059312891352138124 0.081169810576597085
leaf_weight=114889.51917785779 3564.2209243364632 389.76941274851561 59.82808892801404 872.06741949170828 74920.814904749393 158.94880525395274 1379.9444498419762 2638.4188741594553 1371.3817104957998 850.92404518276453 1306.9602108150721 593.56724011152983 171.32509719207883 1210.5789644755423 430.6224794536829 1099.6664808467031 169.84423886612058 234.3264883607626 95.552322454750538 2070.4315288960934 151.42061330378056 2172.6951554752886 460.6926790215075 221.53480608388782 58.660406708717346 8168.9488363787532 342.82846595346928 1273.0691791772842 2938.1884287297726 108.47116550430655 250.48218043148518 915.9032440148294 217.47852604091167 413.20391069352627 36.276225328445435 392.1957751698792 61.614425107836723 2367.718084923923 247.97714414820075 58.232822433114052 13.121184065937994 422.67733841016889 1276.030698210001 621.40010131150484 760.63525115326047 30.955229096114635 233.50685512647033 53.659160222858191 375.03012424707413 233.22957547008991 975.4080702662468 115.93122500926256 42.182191617786884 36.652451362460852 317.30568773299456 96.110933415591717 42.162680745124817 22.638513393700123 658.11583607643843 215.66153576597571 113.50172353163362 227.05666812509298
leaf_count=2643550 77201 6660 379 4492 450245 734 7187 12713 30124 7345 7525 3364 1352 20045 2133 18565 928 4079 1091 11254 913 10349 7200 4476 395 47755 7163 6249 13282 733 1311 16561 3701 2343 247 2970 290 50344 1595 493 81 2100 6124 3520 3331 174 2669 706 1980 1104 4403 481 207 215 1420 464 180 108 2925 3948 741 1068
internal_value=-0.00425802 0.102992 -0.0958999 -0.0296131 0.112981 0.117573 0.034117 0.087514 -0.00149024 -0.101182 0.0651223 0.0228598 -0.0700034 -0.10203 -0.0444416 -0.0809707 -0.0362094 0.076488 0.00765931 0.0766607 0.0738229 0.0088088 -0.0530638 0.0182144 -0.0633138 0.116357 -0.0232429 0.0666434 0.0759661 0.0914726 0.0655743 -0.0699696 -0.102833 0.070808 -0.0354995 0.00885257 0.00220322 -0.0806192 0.0562398 0.0880005 -0.0709216 0.0956643 0.0792517 0.0248564 0.0325491 -0.075297 0.0122869 0.100295 0.00636375 0.0173809 0.0925607 0.0728993 0.0938432 0.0412638 0.0342495 0.0440714 -0.0835575 -0.0198895 0.0169077 -0.0314233 0.00144856 0.0418007
internal_weight=236219 108841 127378 7624.49 101216 95647.6 5568.76 20726.8 6749.3 120629 11668.4 4979.54 1769.76 119332 1641.2 5094.83 1530.61 3880.99 693.863 9753.17 2529.66 4385.97 578.754 3807.22 1687.78 9058.41 1297.53 7682.74 5618.79 3187.12 459.536 1629.11 117690 889.458 713.212 566.255 912.538 2800.86 417.821 118.061 1112.79 3078.65 1698.71 3554.73 2933.33 252.49 323.442 89.9354 1915.22 1540.19 1963.41 1091.34 2680.6 2063.95 476.254 2027.3 384.991 414.834 754.227 433.14 209.054 398.382
internal_count=3527285 722756 2804529 111737 611019 560415 50604 110170 65830 2738699 57918 33286 32544 2723721 22178 98370 21169 23366 7222 47309 13367 29922 8072 21850 27238 52252 14978 36055 26202 16144 3143 26843 2701543 4497 10282 3991 7635 57993 2523 872 18646 15411 8224 17200 13680 4650 3622 953 10609 8629 9376 4884 12920 9853 2154 9638 7343 3078 3389 7649 1832 2420
is_linear=0
shrinkage=0.1


Tree=14
num_leaves=63
num_cat=0
split_feature=0 6 9 16 16 16 3 26 3 11 15 25 16 7 9 11 7 18 3 3 26 23 23 25 3 17 3 1 15 16 9 9 16 9 23 14 11 25 3 11 26 11 14 0 3 7 18 1 3 15 14 6 17 11 26 26 18 11 1 3 9 6
split_gain=180479 18629.9 8977.61 5075.18 4554.19 4511.39 1990.3 1939.73 1812.87 1385.93 1342.02 1126.97 989.069 864.103 822.101 726.978 667.38 594.69 384.687 384.179 379.85 350.959 333.561 306.156 302.683 267.888 249.118 240.856 236.109 218.18 208.815 196.687 196.086 1485.75 672.732 195.715 183.574 174.052 164.832 163.2 149.731 149.198 146.106 143.389 142.077 139.264 163.533 137.117 135.653 124.094 120.339 116.98 111.22 111.206 105.722 103.18 128.646 102.283 98.6312 95.6325 95.159 131.97
threshold=0.55544140934944164 77.459678649902358 54.433221817016609 96.022598266601577 67.806350708007827 56.765474319458015 2.5000000000000004 1.0000000180025095e-35 1.5000000000000002 0.53571429848670971 1.0000000180025095e-35 1.0000000180025095e-35 72.240142822265639 85.053192138671889 51.355310440063484 0.58571431040763866 90.070423126220717 0.8441295623779298 1.5000000000000002 6.5000000000000009 1.0000000180025095e-35 0.29285715520381933 0.087121214717626586 1.0000000180025095e-35 6.5000000000000009 99.839229583740249 5.5000000000000009 5.5000000000000009 1.0000000180025095e-35 97.68778228759767 97.100841522216811 53.001201629638679 77.811046600341811 62.593282699584968 0.30384616553783422 8.5000000000000018 0.31666667759418493 1.0000000180025095e-35 1.5000000000000002 0.73214286565780651 1.0000000180025095e-35 0.15476191043853763 8.5000000000000018 0.96125608682632457 33.500000000000007 59.299959182739265 0.11651583760976793 5.5000000000000009 5.5000000000000009 51.524446487426765 5.5000000000000009 24.068965911865238 47.839424133300788 0.47222222387790685 1.5000000000000002 1.0000000180025095e-35 0.12060606107115747 0.31666667759418493 4.5000000000000009 1.5000000000000002 49.675325393676765 26.158231735229496
decision_type=2 2 2 2 2 2 2 2 2 2 2 2 2 2 2 2 2 2 2 2 2 2 2 2 2 2 2 2 2 2 2 2 2 2 2 2 2 2 2 2 2 2 2 2 2 2 2 2 2 2 2 2 2 2 2 2 2 2 2 2 2 2
left_child=1 3 6 8 9 10 23 -6 12 24 13 35 28 19 18 32 25 36 -5 -3 -7 31 -12 38 59 42 -15 48 -1 -18 -21 -14 53 57 40 -9 -8 -22 -2 -28 -35 -39 -13 -37 -16 -30 -47 -17 55 -36 -43 -20 -24 -10 -45 -11 -57 -34 -41 -4 61 -23
right_child=2 5 4 14 7 20 17 11 15 27 22 16 21 26 44 47 29 -19 51 30 37 60 52 -25 -26 -27 39 -29 45 -31 -32 -33 33 34 49 43 -38 41 -40 58 -42 50 -44 54 -46 46 -48 -49 -50 -51 -52 -53 -54 -55 -56 56 -58 -59 -60 -61 -62 -63
leaf_value=0.1510636932373195 0.11240503526068897 0.10617002944033471 0.16236589466294887 0.088672433033068015 0.12242020408217424 0.12321762975177819 -0.092900101751707986 0.11695596186179952 -0.1031272995520971 0.099892250524401996 -0.099807318288684194 0.035433784550248745 -0.070448205196934538 0.10151291561389322 0.1064322038965435 0.040079860230628213 0.071222275083123565 0.01325161168771786 0.013254143645908302 -0.093537708180994217 0.12564854288301927 0.11273881853495003 -0.052017704891409125 -0.025910075325686305 -0.0911387863185322 0.14767894546800628 -0.032869976866581718 -0.026415401336167779 -0.091691110230117875 0.11787558016343816 -0.001549746009174539 0.037668874337792188 -0.099646116842705496 0.12167814300897922 0.29170577612158893 0.074111418360499004 0.12460980532804895 0.13387340168752826 0.043430588862297476 0.060538232461124469 -0.040864536399372625 0.058834926503681717 -0.008411882767127293 -0.177633912743665 -0.045516268333406169 -0.086538899171148043 0.096203766200356547 -0.040731449131545722 0.042190373881607068 0.13511673550355577 -0.015559713876544735 -0.069031316769606541 0.095593684246202404 -0.077855835472078055 0.12507793698806322 -0.087361287028466572 0.093158793519483724 0.10162240888579083 0.019326365300276396 0.00095802526532039666 0.10653196668649677 -0.037437035799793038
leaf_weight=44.973192363977432 789.65236021578312 134.05874399095774 44.366936523467302 270.46847825497389 65897.257928926498 3112.6964328363538 2753.2295413985848 7182.7480111457407 94710.244912032038 917.69506103545427 1918.4253086298704 2336.953225068748 331.28574752062559 498.86622393876314 1274.6831825487316 329.17885760217905 4088.3455717116594 699.86172558367252 234.17291866615415 1022.4232981726527 469.43404830619693 106.67937544733286 88.433906149119139 322.29628390073776 1158.3283064551651 175.89724727347493 417.09543272852898 373.94127459824085 1472.9968790970743 1328.044569298625 325.28551286458969 341.93044210597873 9253.7724673748016 64.768121395260096 69.331497710198164 587.59998829290271 39.356668926775455 229.92207425832748 617.32972729578614 927.57593820989132 453.42999512702227 1534.9504273459315 1126.2805207930505 40.8396125882864 64.657617446035147 106.0726289562881 90.964136820286512 579.76195681467652 1816.0225960277021 187.41122786328197 253.31497973576188 658.87486404553056 120.72605241835117 1773.8966034799814 16.080114766955376 71.126189768314362 88.718679901212454 25.318585827946663 1553.0124632641673 212.63076025620103 536.29801068454981 129.61056609451771
leaf_count=349 4372 931 275 1426 428098 19890 59724 44993 2392691 4998 44786 12256 6293 2451 7470 3054 19561 5722 3204 23300 2851 723 990 4176 23564 887 4372 3297 32009 7978 2723 1832 226789 756 609 3302 291 1217 4839 4062 7748 8275 6792 201 416 1934 589 8237 9695 1411 1291 11199 782 39307 89 1324 497 376 7317 2454 3029 1211
internal_value=-0.00423107 -0.0822845 0.10164 -0.0951358 0.109245 0.0330259 -0.0257339 0.114672 -0.0983222 0.0133042 -0.0204598 0.0844294 -0.0236794 0.00844412 0.0456791 -0.100518 0.060409 -0.0691769 -0.0158108 -0.055276 0.0999355 0.0372452 -0.0867332 0.0620034 -0.0693559 0.0272893 0.0362425 0.0491087 -0.0750406 0.0826612 -0.0713353 -0.0155349 -0.101278 -0.0879877 0.0450337 0.112219 -0.0898347 0.0708031 0.0821417 0.0250055 -0.0205488 0.058046 0.0211747 0.0594313 0.0990968 -0.0811295 -0.00217379 -0.0114651 0.0588688 0.177402 0.0482966 -0.0474546 0.0331828 -0.102663 -0.0921163 0.0869776 0.0128328 -0.0990969 0.0347369 0.0288228 0.0832365 0.0303638
internal_weight=218402 125717 92684.6 113111 87462.9 12606.2 5221.73 82780 110608 4682.83 7005.9 16882.8 3160.81 4878.32 2502.86 107447 9055.52 3492.45 1163.52 1481.77 5600.32 1445.8 2127.59 1729.28 1415.33 3639.13 3396.55 3267.5 1715.01 5416.39 1347.71 673.216 106538 10054 774.941 7827.27 2792.59 2487.62 1406.98 2897.68 518.198 2018.19 3463.23 644.52 1339.34 1670.03 197.037 908.941 2893.56 256.743 1788.27 893.048 209.16 96484.1 56.9197 1077.54 159.845 9279.09 2480.59 256.998 772.588 236.29
internal_count=3527285 2877900 649385 2752662 570261 125238 79124 524157 2728947 46104 91714 96059 47969 45156 23715 2680978 47474 65737 15829 26954 33524 13088 46558 13387 26293 19935 18202 19811 34881 27539 26023 8125 2669687 237689 10524 48585 60015 13634 9211 15751 8504 10783 19048 3592 7886 34532 2523 11291 16514 2020 9566 14403 1772 2431998 290 6819 1821 227165 11379 2729 4963 1934
is_linear=0
shrinkage=0.1


Tree=15
num_leaves=63
num_cat=0
split_feature=4 9 10 16 26 16 25 16 16 15 26 14 16 6 7 9 3 23 16 9 23 23 16 26 7 17 7 21 6 1 3 7 17 15 10 16 3 1 3 14 2 26 27 3 21 26 17 15 3 21 16 27 3 7 6 16 23 14 26 16 3 21
split_gain=182210 10955 5694.2 3747.27 3434.53 2171.32 1402.66 1084.89 1049.09 1021.42 790.05 723.498 514.929 567.113 514.469 442.59 370.876 349.564 307.69 269.618 233.086 222.188 208.474 303.547 198.23 188.03 179.752 157.681 139.348 130.53 126.127 121.038 113.415 187.045 108.942 106.208 105.482 99.9612 96.2629 94.9689 91.4639 91.3487 89.9068 89.5904 154.094 85.7195 85.0573 78.9242 78.8542 78.0286 100.271 96.8194 76.9307 74.1687 71.7282 485.02 772.259 87.8984 82.4811 89.1192 75.0303 83.8785
threshold=1.0000000180025095e-35 56.966489791870124 78.867622375488295 88.960571289062514 1.0000000180025095e-35 52.960655212402351 1.0000000180025095e-35 51.07936096191407 75.568477630615249 1.0000000180025095e-35 1.0000000180025095e-35 4.5000000000000009 96.56854629516603 47.413022994995124 65.485893249511733 99.31506729125978 6.5000000000000009 0.17424242943525317 97.68778228759767 93.643951416015639 0.23611111193895343 0.23611111193895343 74.78967666625978 1.0000000180025095e-35 81.01672744750978 99.839229583740249 90.070423126220717 7.5000000000000009 87.20676422119142 5.5000000000000009 59.500000000000007 63.702239990234382 97.624691009521499 91.844291687011733 93.813774108886733 49.24225044250489 16.500000000000004 5.5000000000000009 10.500000000000002 8.5000000000000018 0.39369833469390875 1.0000000180025095e-35 1.0000000180025095e-35 171.50000000000003 7.5000000000000009 1.0000000180025095e-35 62.149042129516609 97.510330200195327 14.500000000000002 7.5000000000000009 97.68778228759767 1.0000000180025095e-35 1.5000000000000002 86.526824951171889 60.49571609497071 75.568477630615249 0.44949495792388922 4.5000000000000009 1.0000000180025095e-35 92.352676391601577 12.500000000000002 7.5000000000000009
decision_type=2 2 2 2 2 2 2 2 2 2 2 2 2 2 2 2 2 2 2 2 2 2 2 2 2 2 2 2 2 2 2 2 2 2 2 2 2 2 2 2 2 2 2 2 2 2 2 2 2 2 2 2 2 2 2 2 2 2 2 2 2 2
left_child=2 3 12 22 7 46 20 14 9 15 29 18 19 -14 36 16 40 -11 24 26 28 47 -2 37 34 39 54 32 -7 38 53 -21 33 42 -8 -19 -3 -24 -5 49 -4 -10 -26 44 -17 -33 -6 -12 -46 50 -13 -51 -31 -16 -1 -56 58 -58 60 -60 61 -57
right_child=1 4 8 10 5 6 11 -9 41 17 21 25 13 -15 30 43 -18 35 -20 31 -22 -23 23 -25 27 -27 -28 -29 -30 52 -32 45 -34 -35 -36 -37 -38 -39 -40 -41 -42 -43 -44 -45 48 -47 -48 -49 -50 51 -52 -53 -54 -55 55 56 57 -59 59 -61 -62 -63
leaf_value=-0.10293723785202079 -0.098877505160541071 0.0021602906472959209 0.21566807707006916 0.10194432842945295 -0.092399122035566383 0.021770394723602 0.01338242391952996 0.11987660163036849 0.12560219164826122 -0.098119627090290859 -0.064595333205195296 -0.00045754422834750377 -0.075300852294745035 0.070014756979796255 0.04945879930857823 0.012488483437492877 -0.083234496273392841 -0.044347786891517305 0.10801864470498063 -0.086724502930890873 0.11489183512471149 0.035945850696407024 0.085880893642523798 -0.082273773296108257 0.061346266386576732 0.14236622334825008 0.021720728570344711 0.099166660100287241 0.10469525504055524 0.084899403039106064 -0.02873354683829937 -0.01693314189677006 0.11402710178288143 0.018875472587593922 0.13147531145691507 0.11062910845003995 -0.096004078779255861 -0.032889763860483583 -0.014272915291849583 -0.0074228964742865285 0.024197537530864774 0.05541346562593278 0.11832279573715154 -0.014699222225235471 0.033237012511173544 -0.088730886250908761 0.11602557825803779 0.078334313904723882 0.097324165268910023 0.069985951402527044 0.10449809048328718 -0.066700108982979386 -0.014749143217334918 0.089911461148965116 -0.097531375017107985 0.12527189342259226 0.37145405794911351 0.71153510696667333 -0.0761301090052805 0.13934760029692594 0.0035266095284495176 0.71890576326775457
leaf_weight=84812.282407280058 3016.3621500320733 256.15362706407905 50.640318319201469 1984.6421608179808 818.5265475474298 455.92293560877442 1042.4092761091888 64412.411316476762 500.4691495038569 1707.3243444226682 561.94789488986135 888.201794359833 1211.6984730884433 345.03628173843026 588.67572576552629 2313.2426522001624 790.14518568664789 74.769771840423346 1712.310871258378 1030.1350733079016 7160.1026009060442 488.63463244959712 178.68537548184395 689.40086583420634 2326.0631825737655 111.13312737643719 117.67409623414278 1268.9461134076118 364.771907299757 137.273891299963 110.04061744362116 630.96653930470347 340.64228086173534 1088.9698211103678 84.445641785860062 108.22932074964046 191.14973101019859 117.43267131596804 73.926638245582581 1565.5700889453292 49.175483364611864 294.55944435670972 314.38066034018993 680.96455370634794 397.86412733793259 225.79304917901754 20.059869229793549 41.485745795071125 371.03885119408369 523.71689356863499 101.41987635195255 57.512883089482784 177.84739401191473 1969.981991097331 10832.361966144294 6.1929708793759364 23.57410654053092 11.215951837599276 163.24222834035754 21.75161587446928 15.683049183338879 3.8660887703299522
leaf_count=2356343 77449 3725 270 10441 17205 2192 5104 451107 3253 42363 9177 4891 21000 1803 3162 11308 16470 852 10648 25280 48163 3714 1126 14034 11416 577 1340 6502 2358 668 823 8508 1738 4883 473 656 3661 977 359 9453 368 1583 1652 4047 1740 5119 179 198 1717 2585 505 256 869 10486 295763 77 255 138 3571 393 251 61
internal_value=-0.00419563 0.0963654 -0.0938815 -0.0199089 0.106258 0.0701305 0.0769383 0.117089 -0.00887436 -0.0220538 0.0562111 0.0544693 -0.100154 -0.043093 0.0594607 0.00312873 -0.0602902 -0.084041 0.0703265 -0.101061 0.109106 -0.0141796 -0.0858313 -0.045901 0.0603448 0.0145368 -0.101797 0.0683888 0.0586278 0.0885959 0.076096 -0.0636268 0.058793 0.053748 0.0222322 0.0473086 -0.0397891 0.0387796 0.0977708 0.0100074 0.121338 0.0995971 0.0681301 0.0181271 0.0253796 -0.0358549 -0.0874134 -0.054769 0.0641627 0.0273791 0.0102987 0.0564608 0.02866 0.0806044 -0.101949 -0.0943812 0.0446026 0.481093 -0.0274569 -0.0507942 0.140255 0.353429
internal_weight=202031 95241.2 106790 7467.64 87773.5 20245.1 19406.5 67528.4 7338.42 6543.39 3465.76 11425.7 99451.5 1556.73 3116 4653.07 889.961 1890.32 8178.17 97894.7 7980.8 1092.07 4001.88 985.519 6465.86 3247.55 96007.8 5339 820.695 2373.69 2668.7 1886.89 4070.06 3729.41 1126.85 182.999 447.303 296.118 2058.57 3136.42 99.8158 795.029 2640.44 3763.11 3082.15 856.76 838.586 603.434 768.903 1570.85 989.622 581.23 315.121 2558.66 95890.2 11077.9 245.526 34.7901 210.736 184.994 25.7421 10.0591
internal_count=3527285 722756 2804529 119012 603744 130780 113396 472964 84627 79791 25426 60683 2719902 22803 21857 35920 17108 43871 42416 2697099 52713 13089 93586 16137 31768 18267 2658192 26191 4550 12337 14471 38907 19689 17951 5577 1508 7386 2103 10800 17690 638 4836 13068 18812 14765 13627 17384 9375 3457 8237 5396 2841 1537 13648 2656852 300509 4746 393 4353 3964 389 138
is_linear=0
shrinkage=0.1


Tree=16
num_leaves=63
num_cat=0
split_feature=0 10 6 18 18 3 26 18 22 25 0 11 8 18 6 7 25 11 3 26 3 22 17 26 17 3 3 17 3 25 1 23 11 3 1 23 10 15 1 3 6 18 22 23 11 11 3 6 11 1 0 1 22 10 11 1 11 10 3 11 0 2
split_gain=140656 15549.4 6971.55 3967.23 3617.97 2997.93 2176.6 2168.79 1293.75 1162.42 1039.75 926.856 772.848 690.32 585.462 583.259 563.423 526.73 436.7 381.798 359.321 346.238 327.901 291.722 277.075 276.174 252.692 223.544 222.395 217.167 200.118 194.077 191.828 189.526 160.015 156.969 144.027 142.513 137.936 215.108 507.134 351.394 141.568 133.505 126.982 124.28 119.189 116.261 104.247 100.631 99.0632 97.6144 93.2547 92.6679 128.818 92.6253 91.103 95.836 88.2592 85.0586 144.39 82.0867
threshold=0.54934528470039379 75.716625213623061 44.033897399902351 0.12973351776599887 0.12973351776599887 1.5000000000000002 1.0000000180025095e-35 0.62202382087707531 3.5000000000000004 1.0000000180025095e-35 0.40792213380336767 0.53571429848670971 89.512962341308608 0.58114033937454235 46.247655868530281 90.521114349365249 1.0000000180025095e-35 0.47222222387790685 6.5000000000000009 1.0000000180025095e-35 1.5000000000000002 3.5000000000000004 68.212574005126967 1.0000000180025095e-35 62.30696105957032 1.5000000000000002 59.500000000000007 99.839229583740249 4.5000000000000009 1.0000000180025095e-35 3.5000000000000004 0.23611111193895343 0.23611111193895343 33.500000000000007 5.5000000000000009 0.13392857462167743 41.444372177124031 97.510330200195327 4.5000000000000009 6.5000000000000009 45.199691772460945 0.14039409160614016 8.5000000000000018 0.23611111193895343 0.73214286565780651 0.31666667759418493 3.5000000000000004 87.20676422119142 0.86607143282890331 2.5000000000000004 0.41674610972404486 6.5000000000000009 2.5000000000000004 51.89995193481446 0.10555555671453477 5.5000000000000009 0.73214286565780651 86.526824951171889 1.5000000000000002 0.19090909510850909 0.96125608682632457 0.51231178641319286
decision_type=2 2 2 2 2 2 2 2 2 2 2 2 2 2 2 2 2 2 2 2 2 2 2 2 2 2 2 2 2 2 2 2 2 2 2 2 2 2 2 2 2 2 2 2 2 2 2 2 2 2 2 2 2 2 2 2 2 2 2 2 2 2
left_child=1 5 7 11 8 10 -5 20 12 31 22 33 18 17 29 27 25 38 50 -6 -2 28 53 -12 34 -9 46 48 -13 -15 59 47 -21 52 -19 61 -24 49 39 40 -7 -42 -43 -25 -28 -18 -14 -8 51 -17 -3 56 58 -1 -55 -30 57 -11 -4 60 -27 -34
right_child=2 4 3 6 19 13 9 16 -10 15 23 21 26 14 -16 37 45 24 -20 32 -22 -23 36 43 -26 30 44 -29 55 -31 -32 -33 35 -35 -36 -37 -38 -39 -40 -41 41 42 -44 -45 -46 -47 -48 -49 -50 -51 -52 -53 -54 54 -56 -57 -58 -59 -60 -61 -62 -63
leaf_value=-0.093959008378786138 0.061298922451094785 0.1773968541175861 0.2191083217730915 0.11713720693842831 0.11737214297603787 -0.089806292587061465 0.019644545646760991 0.10781686127946842 -0.096003312737681284 0.016672087758551859 0.10097726890329461 0.09804085407390456 0.10136454496854615 0.0094737150854812269 0.071659799439673391 0.07635092836562829 -0.054461939187156042 -0.010354506904231344 -0.092403133308607097 0.12868016612734598 -0.092753478936028977 -0.09379057473859867 -0.034808707184701755 -0.025248991186427622 0.07130150211232493 0.05400927123185463 -0.054051947691050012 0.13713564808623399 0.038038407492070783 -0.083517108191137043 -0.013007311770319569 0.11157422762074971 0.00065810996828595623 -0.099478738807325648 -0.07673223848673727 0.084529502977022261 0.062394645638857639 0.11218091786291101 -0.10165238009935479 -0.097903395350185385 -0.062919727024085353 0.12038870874607688 -0.066517547595959375 0.061318544591080909 0.011592127003815837 0.10908532239243843 0.037716220913844106 0.10072096991506879 0.1100406184601793 0.043750885387507765 -0.011714007430606665 -0.071138661269035855 -0.097249487743213306 0.13962969393965485 -0.058254563719968858 -0.023327737651287834 -0.022098707299023173 0.077955709919319882 0.00068367719335959704 0.1172531159590867 -0.21684335195907245 0.053077491481024391
leaf_weight=1030.350847877562 162.0719252936542 77.315531231462955 19.883149161934853 56044.079155698419 2703.1631474085152 1698.0674045346677 389.46670399606228 874.45013101398945 1692.0515811480582 2466.9299695566297 799.63472028076649 618.30012048780918 346.7951099164784 309.70849808678031 381.25012825056911 2890.6784709021449 603.09189962223172 476.3403385579586 954.2590451836586 367.37716056779027 2300.8531096093357 191.80322305485606 348.97035863623023 400.3639207445085 171.968719355762 1020.9454777799547 390.68378094956279 157.47746386751533 1908.0606108643115 1327.9759760946035 519.95963295549154 6121.6324081458151 591.35933582112193 745.51756636798382 1528.695083104074 792.68357166275382 270.66090930625796 778.11388830840588 77274.123490266502 6190.0207242295146 282.44205842539668 261.13498683273792 47.968584429472685 320.97654675319791 1199.2058303058147 50.342356190085411 1940.4247980229557 324.00207258760929 112.59726622700691 1408.1255343258381 43.164688311517239 134.84610342979431 97.799488630145788 39.972370460629463 185.84841210022569 282.36315112933517 534.70342636853456 284.61634163558483 265.80913652479649 219.76470151543617 20.068977568298578 603.71653144434094
leaf_count=26399 1258 623 104 426820 20038 48818 1972 5672 46031 13700 6247 3558 1959 4300 2861 15344 9676 8525 26214 2308 61207 3951 5342 5316 1472 7489 4529 897 9899 33740 5442 44613 3719 19211 37447 4740 1786 5314 2349731 184774 7879 2613 851 2655 6079 268 10938 2255 536 7242 368 1897 2203 282 3340 1858 3207 1461 3454 1501 120 3232
internal_value=-0.00416241 -0.0806585 0.094378 0.102447 0.0280034 -0.0942807 0.107941 -0.0115666 -0.0205131 0.0749076 -0.00206001 0.00714032 0.00528201 -0.0977632 -0.0399489 0.0508088 0.0413223 -0.0990906 -0.0697533 0.0917281 -0.0826161 0.036201 -0.0518793 0.0593816 -0.0505148 0.0617937 0.0260819 0.0205608 0.0450779 -0.0659313 0.0391936 0.105822 0.0622946 -0.0700931 -0.0609627 0.0500252 0.00765065 0.0728005 -0.100324 -0.0882167 -0.0620285 0.0177092 0.0913835 0.0132712 -0.0045386 -0.0418618 0.0473668 0.0564632 0.0153657 0.0656724 0.109644 0.0122497 -0.0129668 -0.0812436 -0.0232272 0.0301278 0.0156714 0.0230112 0.0158852 0.0607218 0.0487877 0.0271388
internal_weight=186597 105049 81548.4 75776.8 11702.2 93346.5 71647.3 5771.55 6643.9 15603.2 3396.78 4129.54 4951.85 89949.7 2018.93 8768.09 3308.62 87930.8 1074.74 5058.3 2462.93 3000.53 1875.8 1520.98 2177 2655.19 3877.11 3691.17 2808.72 1637.68 1780.74 6835.1 2355.14 1129.01 2005.04 1987.76 619.631 5076.92 85753.8 8479.63 2289.61 591.546 309.104 721.34 1589.89 653.434 2287.22 713.469 3533.69 4298.8 120.48 3421.1 383.492 1256.17 225.821 2190.42 3286.25 2751.55 285.692 1260.78 1041.01 1195.08
internal_count=3527285 2865156 662129 569496 130778 2734378 525258 92633 96741 98438 51367 44238 50710 2683011 40901 49598 30168 2642110 27205 34037 62465 19266 37149 14218 47444 20224 23505 21698 15315 38040 14552 48840 13999 24972 45972 11691 7128 27900 2594666 244935 60161 11343 3464 7971 10608 9944 12897 4227 20801 22586 991 20265 5761 30021 3622 11757 18368 15161 3558 9110 7609 6951
is_linear=0
shrinkage=0.1


Tree=17
num_leaves=63
num_cat=0
split_feature=0 10 16 8 16 16 11 26 25 25 22 8 11 16 6 23 7 18 26 6 23 23 16 14 11 17 23 11 8 15 25 0 15 7 6 11 18 17 15 16 11 22 18 16 21 16 18 16 26 26 7 23 0 26 18 26 21 2 18 6 15 16
split_gain=124162 14204 6514.04 3526.03 3393.6 3376.72 2191.45 2175.53 1199.82 1062.21 1037.15 829.783 697.456 555.434 1532.02 488.399 463.694 422.193 413.205 400.354 344.335 240.559 226.943 204.304 199.317 197.751 189.592 188.713 182.452 173.388 148.934 131.87 126.523 123.142 185.881 122.791 115.248 132.76 121.861 109.775 114.791 102.41 146.667 101.049 100.613 98.4105 192.989 144.104 97.8309 93.933 91.1777 90.8495 86.4891 86.1763 84.0365 81.4043 80.0898 77.3823 88.7087 76.3772 76.2674 75.8939
threshold=0.54934528470039379 74.464202880859389 72.240142822265639 41.955394744873054 96.022598266601577 56.765474319458015 0.47222222387790685 1.0000000180025095e-35 1.0000000180025095e-35 1.0000000180025095e-35 3.5000000000000004 91.042778015136733 0.47222222387790685 78.696113586425795 47.124916076660163 0.23611111193895343 90.521114349365249 0.12973351776599887 1.0000000180025095e-35 42.761905670166023 0.44949495792388922 0.30384616553783422 97.68778228759767 8.5000000000000018 0.84523808956146251 99.839229583740249 0.087121214717626586 0.19090909510850909 26.158231735229496 1.0000000180025095e-35 1.0000000180025095e-35 0.96125608682632457 53.869184494018562 22.378716468811039 38.757823944091804 0.64583334326744091 0.65108695626258861 97.624691009521499 92.479335784912124 97.309360504150405 0.86607143282890331 2.5000000000000004 0.14039409160614016 97.15900039672853 6.5000000000000009 98.999900817871108 0.79057019948959362 98.048732757568374 1.0000000180025095e-35 1.0000000180025095e-35 84.29276275634767 0.23611111193895343 0.99999991059303295 1.0000000180025095e-35 0.56385868787765514 1.5000000000000002 6.5000000000000009 0.65152299404144298 0.63961037993431102 43.288288116455085 88.021739959716811 40.922382354736335
decision_type=2 2 2 2 2 2 2 2 2 2 2 2 2 2 2 2 2 2 2 2 2 2 2 2 2 2 2 2 2 2 2 2 2 2 2 2 2 2 2 2 2 2 2 2 2 2 2 2 2 2 2 2 2 2 2 2 2 2 2 2 2 2
left_child=1 4 6 8 12 10 -2 -5 33 23 11 50 13 -1 20 48 25 29 -7 28 -15 24 36 51 -8 45 -12 -20 54 35 -29 -25 -17 -4 52 -14 -18 38 -38 40 -32 -26 -43 -10 -13 46 47 57 -16 -34 -3 -9 53 -35 -6 -33 -28 -11 -59 60 -22 -58
right_child=2 5 3 7 19 18 21 9 43 16 26 44 17 14 15 32 22 -19 27 -21 59 -23 -24 31 41 -27 56 30 -30 -31 39 55 49 34 -36 -37 37 -39 -40 -41 -42 42 -44 -45 -46 -47 -48 -49 -50 -51 -52 -53 -54 -55 -56 -57 61 58 -60 -61 -62 -63
leaf_value=-0.1009213857389739 -0.091147340901429577 -0.080507428312129051 0.082036122785525356 0.11512066083644988 -0.035659162589790259 0.11555789622220652 -0.0094247932017629057 0.069884314481920035 -0.084715048613240584 -0.018900030781063271 -0.099865043462136788 0.0099708758917115628 -0.054337232340452249 -0.09702929541624121 0.085245210444833533 0.2036657813737259 0.075738693504194585 0.061111725370966485 0.12578681050558471 0.086557606731451506 -0.044740987519627039 0.10840448390891988 0.10868818984201811 0.059547310696420067 0.049776633983036944 0.13351423016061265 -0.079194551579514882 0.1143107013146876 -0.037275904169684626 -0.1008060106726294 0.0028166701887344533 -0.17830656306950202 0.14806316527803814 0.027401829802914682 0.080825215336517681 0.023738035188913639 0.05292821097999989 0.099167689573394016 -0.0014257687026636072 0.11346124868897128 0.057327362487884649 -0.099175591688743056 0.06814601241699772 -0.021061153089758346 0.042623358452087201 0.109514464676273 -0.061947831781364496 0.09306808343034656 -0.036705851810210285 0.037418520192513197 -0.0080513802790084851 0.11209069022417183 -0.2325538600264527 -0.041294058781233108 0.070085714023640833 0.10738165712619273 -0.062152569612012612 0.046059152835989846 0.0054389112006486447 0.097903778892081919 0.060987786058143235 0.11905797769419485
leaf_weight=72799.460997194052 2108.0174792092294 1068.2344341967255 742.31508481316268 51485.645015021786 96.914759080857038 2528.6996862720698 1032.2110845334828 565.3539468459785 1001.6499112434685 563.45650908723474 1542.8273331448436 2134.7322266306728 843.7312834225595 6312.3296479992568 76.392007766291499 131.37970014661551 1719.5152140557766 346.12076578661799 343.32060444913805 875.79109074175358 580.55935517139733 409.10668350756168 1087.8078393191099 468.9666643422097 2151.0319018065929 149.70597255602479 62.208629475906491 272.13745790719986 659.92710492014885 648.23010570183396 882.82544829510152 39.799296572804451 138.14754576608539 1076.6665928810835 585.73698575235903 264.61242816597223 941.50688496232033 322.6264581233263 734.08381450176239 160.64479224383831 686.89582948759198 115.3387311194092 95.983935799449682 332.07314798980951 1691.3363285325468 109.21093769744039 311.10554002970457 252.63620571419597 473.61459866724908 172.58330542966723 207.39434257522225 5208.3842112123966 14.181329719722269 219.9090318325907 334.70047949999571 13.309171035885809 33.420526076108217 932.08593222126365 1270.3859342336655 48.351645929738879 77.312022609636188 74.930922131985426
leaf_count=2428125 59566 31459 5596 425308 1720 20245 10800 3643 26433 4039 47338 12950 22783 200974 956 1120 9653 2804 2311 5967 12200 2970 7985 3053 11305 913 721 1988 10688 17599 5430 201 1134 9839 4707 2277 4644 1814 3301 936 3738 2628 616 3448 9813 594 1465 1366 8845 1414 3397 41280 65 2526 3519 90 527 5635 6646 590 1046 542
internal_value=-0.00411403 -0.0793793 0.0914469 0.0999425 -0.0936118 0.0239652 -0.00936218 0.105436 0.00843645 0.0714914 -0.0214894 0.00111825 -0.0966918 -0.0981713 -0.0731786 0.0431376 0.0482033 -0.0398337 0.0875155 0.0361956 -0.0896206 0.0359636 0.0685137 0.102541 0.0272332 0.0210053 -0.0888049 0.0572869 -0.00421198 -0.0597243 0.0455429 0.0426345 0.121395 0.0475073 0.0339922 -0.0356971 0.0567587 0.0404259 0.0291155 0.0347276 0.0266701 0.0432506 -0.0231772 -0.0688664 0.0244051 0.0161074 0.0130437 0.0207727 -0.0197677 0.0866099 -0.0687274 0.107958 0.013064 0.0157505 0.0463418 -0.106712 0.0112416 0.0141693 0.0226294 -0.0234004 -0.0323159 0.0631644
internal_weight=172630 96569.8 76059.8 70148.1 84880.2 11689.6 5911.69 66175.6 3972.53 14689.9 6815.08 5101.7 82912.8 80810.1 8010.67 992.117 8394.13 2102.69 4874.52 1967.33 7018.55 3803.67 4805.54 6295.81 3394.57 3588.59 1713.39 2345.82 1091.54 1756.57 2002.5 522.075 442.111 2638.81 1896.49 1108.34 3717.73 1998.22 1675.59 1730.37 1569.72 2362.35 211.323 1333.72 3826.07 3438.88 3329.67 3018.56 550.007 310.731 1275.63 5773.74 1310.76 1296.58 431.615 53.1085 170.56 2765.93 2202.47 706.223 657.871 108.351
internal_count=3527285 2865156 662129 574244 2723761 141395 87885 521630 52614 96322 106747 57619 2701867 2656404 228279 13469 48055 45463 34648 21894 214810 28319 27397 48267 25349 20658 49128 14403 15927 42659 12092 3344 3668 22733 17137 25060 19412 9759 7945 10104 9168 14549 3244 29881 22763 19745 19151 17686 9801 2548 34856 44923 12430 12365 5239 291 1790 16320 12281 13836 13246 1069
is_linear=0
shrinkage=0.1


Tree=18
num_leaves=63
num_cat=0
split_feature=4 6 11 16 25 16 7 16 6 25 22 18 11 11 7 3 16 27 24 14 24 27 18 11 16 22 16 1 21 22 18 1 17 17 10 24 18 7 16 6 22 16 22 17 2 1 11 21 1 27 16 3 3 22 15 18 16 1 11 16 16 3
split_gain=128283 6934.17 4957.9 3527.42 2987.55 1590 939.692 659.271 645.602 585.001 506.669 660.158 360.711 399.875 299.568 275.995 251.95 241.634 222.898 207.682 183.123 226.054 168.02 156.895 152.962 152.42 150.083 145.645 138.311 133.518 136.686 128.973 126.034 145.21 119.44 118.78 114.419 111.728 109.295 102.262 99.6253 115.982 96.2822 94.7503 91.1373 115.849 81.7607 81.3611 81.1307 80.135 150.315 134.574 75.1749 76.1242 73.0453 85.5565 80.1287 71.4603 70.4255 69.1196 68.1978 66.982
threshold=1.0000000180025095e-35 46.709957122802741 0.64583334326744091 88.02985000610353 1.0000000180025095e-35 98.192703247070327 88.067794799804702 96.318878173828139 53.399339675903327 1.0000000180025095e-35 4.5000000000000009 0.11651583760976793 0.087121214717626586 0.31666667759418493 81.302967071533217 21.500000000000004 72.240142822265639 1.0000000180025095e-35 1.0000000180025095e-35 4.5000000000000009 1.0000000180025095e-35 -1.0000000180025095e-35 0.77097901701927196 0.47222222387790685 51.07936096191407 9.5000000000000018 98.31455230712892 6.5000000000000009 7.5000000000000009 2.5000000000000004 0.2981481552124024 4.5000000000000009 87.112743377685561 97.624691009521499 89.022754669189467 1.0000000180025095e-35 0.054093567654490478 21.132376670837406 98.999900817871108 56.949806213378913 4.5000000000000009 71.275749206542983 4.5000000000000009 97.624691009521499 0.56486606597900402 3.5000000000000004 0.31666667759418493 7.5000000000000009 5.5000000000000009 -1.0000000180025095e-35 65.68253326416017 2.5000000000000004 45.500000000000007 4.5000000000000009 92.479335784912124 0.63397127389907848 97.68778228759767 3.5000000000000004 0.31666667759418493 67.806350708007827 73.481681823730483 1.5000000000000002
decision_type=2 2 2 2 2 2 2 2 2 2 2 2 2 2 2 2 2 2 2 2 2 2 2 2 2 2 2 2 2 2 2 2 2 2 2 2 2 2 2 2 2 2 2 2 2 2 2 2 2 2 2 2 2 2 2 2 2 2 2 2 2 2
left_child=2 3 7 16 24 6 12 14 46 48 18 -12 39 28 23 40 -2 -18 29 20 21 -8 27 34 42 -7 37 32 -14 44 -31 52 35 54 -1 49 -23 -11 -27 -6 -16 -42 -3 47 45 -4 -9 57 -5 51 -51 -15 53 -25 -34 -56 -57 -38 -39 -30 -29 -50
right_child=1 4 10 9 5 25 19 8 -10 26 11 -13 13 22 15 -17 17 -19 -20 -21 -22 36 -24 31 -26 38 -28 60 59 30 -32 -33 33 -35 -36 -37 43 58 -40 -41 41 -43 -44 -45 -46 -47 -48 -49 61 50 -52 -53 -54 -55 55 56 -58 -59 -60 -61 -62 -63
leaf_value=-0.10074422138025285 -0.095950113696136152 0.084221287146447221 0.062095291251627972 0.089123642285908106 0.035689336995901301 0.11301715678427598 0.086604355156047544 -0.070990836088626372 0.085205527271468781 0.082863994745105682 -0.10136174944834619 0.049072840279607094 -0.088136840025333965 0.1304677485961763 0.088178548691307646 -0.089137489132339792 -0.069627351384552463 0.0365913690830445 0.11443436053944141 -0.029761125687511755 0.092985193421204759 -0.10265137716116848 -0.069509215544757877 0.072877365435037464 0.11212853656984961 0.0015947548257407797 0.049640256496929998 -0.053087839740828674 -0.070091218725173335 -0.082878509000718192 0.10094159305722342 -0.083776817933822884 0.019242902773002647 0.085209977322155739 0.1026327016026065 0.08376709499936516 0.045111770845166481 -0.046021619207453346 0.10472341564723341 0.11416874886952866 -0.095059984374661871 0.099530303500495743 -0.067117806172410782 0.098087561322881836 -0.010226370638902818 0.01060384710947123 0.17486508451436195 0.085339715015178577 0.087263840252034319 -0.091798714552072128 0.029255368497875085 0.031687635285280236 -0.066870277570747733 -0.063585743246373991 0.057402068026554801 -0.051409070081285792 0.1204829295630413 0.0065386705438463533 0.071141570005280513 0.033759542761450843 0.018396972685283036 -0.0088032095153663167
leaf_weight=71814.51355881989 2397.158309770748 94.94508764706552 537.24678481370211 2621.7263353578746 262.18527795560658 5831.8854770287871 2191.8989974707365 1216.555328655988 352.72963638976216 87.241766557097435 1016.7306893616915 409.08034939877689 496.96738171949983 182.12664489634335 170.13142480701208 397.98369207233191 675.91416428983212 313.50479992106557 194.53300215303898 203.56543449498713 2857.96106377244 51.578576257452369 196.21943632513285 122.29054327309132 48757.461535139009 218.41429945081472 421.14503934979439 318.81801075860858 96.354904063045979 280.448984419927 47.269825212657452 1639.9911933094263 852.29705035686493 232.2167489528656 28.888353779911995 649.40415715985 1873.866628382355 663.87636053189635 194.07799199968576 452.75415266305208 87.514139795675874 47.123255766928196 75.440375469624996 331.82817094027996 1493.7899536900222 2340.2996526360512 13.678514562547205 371.75763612613082 130.26410311087966 122.67125297151506 626.15876128152013 568.19339228793979 157.65151581168175 61.403777545318007 103.57098873704672 497.22250194102526 28.683653838932514 645.80470544099808 55.600259400904179 191.3849818110466 229.54517507180572 163.89562989398837
leaf_count=2640006 78344 846 2600 17181 2235 50270 14343 22537 2129 1264 34143 2924 9484 1122 1845 9597 16226 2707 1499 1299 20372 1223 970 2476 432731 1295 2083 5477 2347 6760 348 49127 4542 1138 205 3934 9759 11380 1401 2739 2343 316 1419 2076 7636 13016 69 2021 758 2714 3172 3875 3792 1161 537 2628 151 3294 284 1082 1195 838
internal_value=-0.00406043 0.0884492 -0.0908551 -0.00271941 0.0982839 0.0666154 0.0485899 -0.0979219 -0.0340613 0.0591542 -0.00574306 -0.0582005 0.0186452 0.00979527 -0.0992783 -0.0342969 -0.0784267 -0.0359712 0.00954109 0.0700322 0.0724725 0.0617486 0.0210344 -0.0998969 0.111798 0.108862 0.0012524 0.0250622 -0.0561913 0.00519869 -0.0563645 -0.072137 0.0319089 0.0116845 -0.100662 0.0480428 0.0451123 -0.0240083 0.0501169 0.0853885 0.0373169 -0.0269531 0.0172139 0.0474768 0.00981408 0.0202175 -0.0682573 0.0416686 0.0835363 0.0325677 0.00942462 0.0556647 -0.0162134 0.0272616 0.00016197 -0.0256732 -0.0420338 0.0352253 -0.0369674 -0.00101676 -0.0231643 0.0337386
internal_weight=159767 77337.6 82429.9 7530.33 69807.3 20879.4 14635 76110.5 1582.96 4143.75 6319.4 1425.81 6106.77 5391.84 74527.5 702.753 3386.58 989.419 4893.59 8528.26 8324.7 5466.73 4607.13 73824.7 48927.8 6244.38 1227.86 4410.91 784.707 4699.06 327.719 1981.34 3862.55 1713.99 71843.4 2148.55 3274.84 806.718 412.492 714.939 304.769 134.637 170.385 3223.26 4371.34 2877.55 1230.23 2891.43 2915.89 1499.15 748.83 750.32 341.346 183.694 1481.77 629.477 525.906 2519.67 719.477 287.74 548.363 294.16
internal_count=3527285 722756 2804529 131065 591691 156695 103729 2735603 24735 33788 68926 37067 49342 44368 2710868 14101 97277 18933 31859 54387 53088 32716 31455 2696767 434996 52966 15011 30485 12913 30360 7108 56556 23813 8996 2640211 14817 18373 12928 2696 4974 4504 2659 2265 17150 23252 15616 22606 15074 18777 10883 5886 4997 7429 3637 7858 3316 2779 13053 11664 3429 6672 1596
is_linear=0
shrinkage=0.1


Tree=19
num_leaves=63
num_cat=0
split_feature=4 9 11 26 16 24 16 16 26 16 9 26 14 11 16 17 17 10 3 14 11 8 22 3 22 22 11 26 16 26 1 3 6 10 0 17 15 3 26 1 0 10 11 17 11 22 27 26 0 0 3 16 15 24 3 17 21 3 1 11 26 16
split_gain=113530 6697.9 4805.01 3723.47 1952.42 1459.27 1086.18 1066.94 660.02 644.758 582.678 481.624 470.993 397.979 365.977 318.671 310.197 292.041 340.625 189.631 182.571 180.044 167.549 165.998 148.092 147.793 140.301 130.891 124.825 172.112 123.648 123.645 123.253 117.251 109.656 109.613 108.855 106.468 98.9984 89.9255 78.1527 77.8146 74.7245 73.8678 73.4617 73.1887 82.3876 81.5045 71.4983 70.7396 102.131 69.7531 99.934 69.7304 69.6787 69.0569 67.9219 77.1859 77.0788 66.2662 66.1507 65.1464
threshold=1.0000000180025095e-35 51.355310440063484 0.64583334326744091 1.0000000180025095e-35 88.478557586669936 1.0000000180025095e-35 71.275749206542983 55.891487121582038 1.0000000180025095e-35 96.318878173828139 65.166835784912124 1.0000000180025095e-35 8.5000000000000018 0.31666667759418493 97.68778228759767 56.025478363037116 57.790622711181648 78.867622375488295 13.500000000000002 4.5000000000000009 0.47222222387790685 22.378716468811039 2.5000000000000004 50.500000000000007 7.5000000000000009 9.5000000000000018 0.26136364042758947 1.0000000180025095e-35 71.613277435302749 1.0000000180025095e-35 4.5000000000000009 1.5000000000000002 88.067794799804702 88.067794799804702 0.39382259547710424 98.048732757568374 92.479335784912124 1.5000000000000002 2.5000000000000004 4.5000000000000009 0.96125608682632457 92.907444000244155 0.81666666269302379 47.585748672485359 0.64583334326744091 9.5000000000000018 1.0000000180025095e-35 1.5000000000000002 0.96125608682632457 0.56259194016456615 171.50000000000003 46.206174850463874 50.753845214843757 1.0000000180025095e-35 46.500000000000007 98.048732757568374 7.5000000000000009 14.500000000000002 14.500000000000002 0.31666667759418493 1.0000000180025095e-35 98.999900817871108
decision_type=2 2 2 2 2 2 2 2 2 2 2 2 2 2 2 2 2 2 2 2 2 2 2 2 2 2 2 2 2 2 2 2 2 2 2 2 2 2 2 2 2 2 2 2 2 2 2 2 2 2 2 2 2 2 2 2 2 2 2 2 2 2
left_child=2 4 9 7 28 6 32 13 16 17 59 31 33 -3 19 -10 22 20 26 35 -1 -13 49 37 -16 -14 -19 34 -2 -30 54 -6 -5 45 -28 36 38 -15 -8 48 61 -26 -39 -34 -25 51 47 -47 -33 50 56 -7 -53 -23 60 -21 -4 -58 -59 -11 -22 -27
right_child=1 3 8 5 11 12 14 -9 15 10 -12 21 25 23 24 -17 -18 18 -20 55 30 53 -24 44 41 40 27 -29 29 -31 -32 39 43 -35 -36 -37 -38 42 -40 -41 -42 -43 -44 -45 -46 46 -48 -49 -50 -51 -52 52 -54 -55 -56 -57 57 58 -60 -61 -62 -63
leaf_value=-0.10032351757770441 -0.099034661566545598 -0.073582201458434457 0.014433089022697125 -0.093227420757933555 0.099550434589201653 -0.074259312222209592 0.046161568753887196 0.11178680836848881 -0.099180033627974035 -0.071520412115882878 0.07312901741342312 0.069012538391222761 0.046338675747664211 0.11892679821398944 0.10357897804069352 0.016881394737956013 0.10458050536921482 0.18044739749952132 -0.088967588261331401 -0.0075652822724641203 0.077625937959483499 -0.075365345996364047 -0.07766609915760736 -0.10273480802092681 0.0081249131179175847 -0.041012007354646128 0.12216309669813175 -0.073281858201673461 0.017841051909831141 -0.082708914434579131 -0.079387254357611903 0.067180258849918809 -0.094983626740236915 0.098562463787344248 -0.026535409594261674 0.096903230840677812 0.0053936397644797109 0.03351691841903736 -0.10856443127340763 -0.0071397062199359046 -0.18751779501428517 0.089737508173224081 0.072938302203163857 0.041746362322451915 0.024958320772181887 0.072035562527369645 -0.034482656585007279 -0.028442435081079433 -0.10720120551442458 -0.016901582954003781 -0.016456500433727452 0.1493235449883025 0.078073215259079801 -0.010852158673120083 -0.06233153547659076 0.076972632091558746 0.018976411706551153 0.10271652512414089 -0.021047804397812023 0.18430712490434986 -0.060303616996816238 0.063858304558882195
leaf_weight=65130.259630728513 1813.1818021908402 243.39699076116085 1957.1291345059872 786.43900485336781 716.30787409096956 27.208719246089458 2538.9498266708106 46776.772082168609 941.72239200025797 1104.0568744633347 387.9085061326623 166.40722616016865 737.09072800166905 340.34557933732867 981.26238828152418 315.9432062022388 331.28126651234925 52.524364655837417 688.48714835569263 1618.0367403756827 113.98468341305852 381.47859044745564 236.0474748481065 81.147701794281602 328.57613899558783 265.20909881964326 110.31655988283455 130.80992412939668 246.76775260455906 548.88894271478057 1341.8913335073739 776.76154442504048 58.02571857906878 5346.242737390101 90.094542510807514 286.13863269984722 1045.5311940424144 756.08602905459702 42.037138130515814 246.77171815931797 29.394767314195633 181.28532706201077 1320.8308600410819 123.83707753568888 101.2887032777071 710.6577397659421 102.76443091221154 91.077281525358558 24.246226713061333 858.86849395930767 793.58529637008905 225.30193327739835 1558.9111957922578 298.75216683000326 130.66419547796249 102.76530181989074 397.10397859662771 308.4031493216753 60.1317188590765 10.218768358230589 50.034171987324953 76.271676085889339
leaf_count=2635093 67478 6583 10151 20971 4706 601 13881 453503 34040 22338 2344 1865 5104 2277 7518 2533 2785 439 19273 9772 2192 7729 6359 1330 1727 1734 1055 3248 2317 16046 44004 4049 1455 44716 1184 1727 4840 5159 241 1211 156 1520 8034 783 480 5397 737 626 119 4296 5148 1538 10932 2874 3337 459 1851 1427 336 53 1043 561
internal_value=-0.00401628 0.0857402 -0.0896866 0.0942546 -0.0233622 0.0542523 0.0233033 0.108172 -0.00534404 -0.0972282 -0.0324273 0.0377759 0.0815655 0.0486929 0.0368092 -0.0700238 0.0111142 -0.0986631 -0.0468884 0.0251487 -0.0994946 -0.0242231 0.00439938 0.0601409 0.0808624 0.0204317 0.028607 0.00452846 -0.0845446 -0.051524 -0.0665064 0.0675311 -0.0760707 0.089967 0.0553159 0.0373161 0.0326146 0.0670829 0.0436415 0.0456412 -0.0310568 0.0371429 0.0585872 -0.00187914 -0.0318396 0.0730471 0.049816 0.0606212 0.0619018 0.00882689 0.0151111 0.0846471 0.0870704 -0.0470316 -0.00785106 -0.00251673 0.0243118 0.0495639 0.0825226 -0.0691743 0.0355503 -0.0175886
internal_weight=147644 72102.4 75541.5 66882.9 5219.56 17263 8092.88 49619.9 6200.22 69341.3 1502.18 2610.73 9170.13 2843.1 7124.58 1257.67 4942.55 67839.1 1072.23 5633.46 66766.8 846.638 4611.27 2599.7 1491.12 1107.97 383.745 331.221 2608.84 795.657 1636.57 1764.09 968.302 8062.16 200.411 3912.66 3626.52 2417.26 2580.99 1047.78 370.876 509.861 2076.92 181.863 182.436 2715.92 904.499 801.735 801.008 4375.22 3516.35 1811.42 1784.21 680.231 294.683 1720.8 2722.77 765.639 368.535 1114.28 164.019 341.481
internal_count=3527285 722756 2804529 614362 108394 136996 64894 477366 68926 2735603 24735 22553 72102 23863 41685 36573 32353 2710868 25199 30920 2685669 12468 29568 17280 10765 7555 5926 5487 85841 18363 50576 10085 23209 64547 2239 20689 18962 15470 14122 5379 2451 3247 13193 2238 1810 19831 6760 6023 4168 23209 18913 13071 12470 10603 6572 10231 13765 3614 1763 22391 3235 2295
is_linear=0
shrinkage=0.1


Tree=20
num_leaves=63
num_cat=0
split_feature=4 26 11 10 16 11 25 16 16 26 10 6 16 16 17 17 7 1 3 23 11 11 23 11 22 3 27 23 6 3 17 15 3 6 1 22 25 1 10 11 6 26 3 16 26 11 3 3 0 6 11 3 22 16 23 16 22 11 11 22 27 16
split_gain=100484 5928.48 4653.99 3296.56 2222.45 1277.39 1263.29 755.472 625.384 588.061 524.647 496.674 422.325 343.137 301.694 288.16 283.068 239.445 223.21 197.698 196.543 291.664 157.886 154.673 154.34 148.087 139.561 134.606 154.905 113.108 109.019 144.057 106.867 102.123 98.2831 94.2076 88.8831 88.1938 87.9219 83.5398 83.2937 82.5878 79.153 77.4354 74.6954 72.7825 70.4463 88.9904 72.1996 66.9654 657.892 316.793 206.862 150.615 172.427 127.929 84.5461 65.8133 65.6908 65.2897 64.7059 63.1186
threshold=1.0000000180025095e-35 1.0000000180025095e-35 0.58571431040763866 55.036231994628913 63.661756515502937 0.31666667759418493 1.0000000180025095e-35 87.16516494750978 95.678848266601577 1.0000000180025095e-35 51.649148941040046 41.060766220092781 45.913782119750984 97.896198272705092 57.790622711181648 57.790622711181648 81.302967071533217 6.5000000000000009 13.500000000000002 0.23611111193895343 0.86607143282890331 0.10555555671453477 0.23611111193895343 0.47222222387790685 3.5000000000000004 50.500000000000007 1.0000000180025095e-35 0.17424242943525317 41.955394744873054 7.5000000000000009 98.048732757568374 92.732349395751967 1.5000000000000002 87.20676422119142 5.5000000000000009 8.5000000000000018 1.0000000180025095e-35 2.5000000000000004 89.699382781982436 0.19090909510850909 64.326763153076186 2.5000000000000004 4.5000000000000009 98.999900817871108 1.0000000180025095e-35 0.84523808956146251 18.500000000000004 47.500000000000007 0.54323303699493419 60.49571609497071 0.095454547554254546 7.5000000000000009 8.5000000000000018 77.811046600341811 0.44949495792388922 52.659875869750984 7.5000000000000009 0.64583334326744091 0.81666666269302379 11.500000000000002 1.0000000180025095e-35 49.606201171875007
decision_type=2 2 2 2 2 2 2 2 2 2 2 2 2 2 2 2 2 2 2 2 2 2 2 2 2 2 2 2 2 2 2 2 2 2 2 2 2 2 2 2 2 2 2 2 2 2 2 2 2 2 2 2 2 2 2 2 2 2 2 2 2 2
left_child=2 4 8 7 5 40 19 27 16 15 -10 17 -8 20 -11 24 23 29 44 33 21 -14 -9 38 42 32 35 -3 -29 -6 31 41 -7 39 -25 -15 59 -22 49 -5 -2 -23 -4 -37 -18 -44 -47 48 -48 -1 51 52 55 -52 -55 -51 -56 -27 -34 -24 -33 -30
right_child=1 3 9 6 11 25 12 22 10 14 -12 -13 13 26 -16 -17 18 -19 -20 -21 37 30 36 34 -26 57 -28 28 61 -31 -32 60 58 -35 -36 43 -38 -39 -40 -41 -42 -43 45 -45 -46 46 47 -49 -50 50 53 -53 -54 54 56 -57 -58 -59 -60 -61 -62 -63
leaf_value=-0.10098113793529176 -0.092371392581977782 -0.096941127793812976 0.064233597981889032 0.098355045859653642 0.082852925636114585 0.11465646234782621 -0.088430060836285643 -0.027264244016164497 -0.064986517433964539 -0.097478559280050281 0.075869749700838887 0.11025047180464348 0.10190771830043011 0.10552546800763168 0.016395244445235498 0.1007635386248069 0.089748774821086494 -0.016206041681492381 -0.08107261527388944 0.10388317471597291 0.059309499125099099 0.017416089386019205 0.084175596280053791 -0.025527127065352817 -0.079830351546252107 -0.10097846608528414 -0.071556806721770297 -0.07389315567019282 -0.092921742061836107 -0.0035171889683346495 0.075020871624704846 -0.026550770108788802 0.033063354742701133 0.088413349844197395 -0.082577834759115065 0.015712963372022524 -0.0010376861092487035 0.028010710181829424 0.094757900263396949 -0.0218327258367574 0.055469905589720508 -0.10403962699164633 -0.017601510774018558 0.1054508470179483 -0.030548496832835795 -0.011473767635313839 0.088378740708045134 0.010625930336820546 0.005910574551868367 -0.063368729782935493 -0.095696451274675395 -0.0013193743723305764 0.06778292480450071 -0.041155228897885039 0.38280662219503175 0.68540140384807158 -0.023526081736073418 0.022473638174990165 0.069711832243394917 0.0082981295005358207 -0.15742023432659777 0.072130880989367499
leaf_weight=52840.059834048152 774.32059106417 1684.4925652295351 224.01293782889843 74.850740311667323 1920.3758027646691 363.8100171815604 264.95590520836413 876.67525519244373 1170.1892045065761 917.66402291692793 341.63242644444108 42363.941085672006 358.61260388977826 1033.2188496217132 311.67929214425385 317.22186926752329 150.83860367164016 325.34559118747711 315.41934171877801 4676.9575836528093 2378.4134815316647 2541.1500943284482 349.94940397329628 402.3235438503325 218.17002456635237 75.303352570161223 55.954950392246246 390.43709031865001 28.126215938478708 164.62069234997034 224.05549352616072 812.86601992696524 784.321079229936 270.61521084047854 1210.5385718103498 259.38317283987999 453.81622412614524 1448.6393635403365 23.234262105077505 254.36506368592381 40.080973936244845 57.247343869879842 1204.499024996534 152.80734224617481 78.466334769502282 942.07295032218099 306.72338143736124 1696.8391865864396 162.35218814015388 2.5628863424062756 6222.5637975633144 31.923947541043162 10.436046661809085 112.10355686582625 16.31874725967646 20.803067535161972 7.4623418115079394 101.24093861877918 1299.3669540956616 167.76645237021148 39.621997892856598 131.46464726142585
leaf_count=2357447 28770 59502 1011 413 13274 2621 7870 12490 25639 35992 2277 448722 2008 8733 2287 2841 1406 2917 8910 45963 13951 14234 2408 10017 6593 1342 377 13161 926 1311 1102 4169 5381 2383 42792 1649 3896 8180 182 1473 585 380 11985 1218 1735 4037 1324 7955 708 113 274155 1127 308 3168 150 301 69 480 8312 1168 185 1202
internal_value=-0.00396803 0.0831491 -0.0884953 0.0358178 0.101788 0.0243122 0.0576268 -0.0437946 -0.0966963 -0.00655709 -0.0331567 0.107738 0.0360719 0.0395955 -0.0686078 0.00848298 -0.0982597 0.0635832 -0.0264929 0.0969513 0.0312286 0.0158261 0.00350423 -0.0989016 0.00232621 0.0582681 0.0834017 -0.0829163 -0.0399643 0.0760336 0.00742603 0.0030373 0.0646483 0.0429029 -0.0683467 0.0894004 0.0312686 0.0474621 -0.0997328 0.00549325 -0.0850953 0.0147402 0.00627729 0.0489806 0.048584 0.00326674 0.0113542 0.0212833 0.0598356 -0.0998091 -0.0901685 0.224589 0.437945 -0.0934221 0.0107276 0.603273 0.255302 -0.0301837 0.055917 0.0595874 -0.0326333 0.0430421
internal_weight=136457 67199.2 69258.1 18986.4 48212.7 3438.44 14903.7 4082.73 62956.9 6301.23 1511.82 44774.3 9626.93 9361.97 1229.34 5071.89 61445.1 2410.34 544.724 5276.79 7860.61 4033.55 1848.21 60900.3 4754.67 2624.04 1501.36 2234.52 550.028 2085 3674.94 3450.89 2447.5 599.831 1612.86 1445.41 971.532 3827.05 59287.5 329.216 814.402 2598.4 4536.5 412.191 229.305 4312.49 3107.99 2165.91 469.076 59264.2 6424.17 65.7259 33.802 6358.45 135.885 23.366 23.7811 176.544 2083.69 517.716 852.488 159.591
internal_count=3527285 722756 2804529 209041 513715 47491 114288 94753 2729796 74733 27916 466224 64056 56186 38279 36454 2701880 17502 12051 50232 44209 22078 19962 2689829 33613 18136 11977 74791 15289 14585 20070 18968 16314 4269 52809 11600 7472 22131 2637020 1886 29355 14614 27020 2867 3141 26009 14024 9987 2032 2636838 279391 1849 722 277542 3387 414 219 1822 13693 3576 4354 2128
is_linear=0
shrinkage=0.1


Tree=21
num_leaves=63
num_cat=0
split_feature=4 26 11 9 16 25 11 9 16 16 26 16 9 16 17 10 11 6 3 16 26 24 11 11 3 11 9 7 21 22 21 11 16 6 3 1 22 10 21 11 17 1 10 16 11 9 0 11 7 3 1 2 16 7 6 22 0 3 17 1 0 9
split_gain=88914.8 5637.73 4508.83 2825.86 2111.32 1265.78 1098.17 670.512 615.839 554.051 513.533 491.303 485.727 316.433 283.458 282.228 468.308 272.459 260.052 258.1 256.413 234.879 194.556 290.625 134.917 143.415 134.417 181.045 124.759 114.071 108.008 107.507 106.946 103.672 102.021 101.407 98.4825 153.83 94.451 93.4934 92.3532 90.0687 87.6933 84.7689 83.4967 80.8967 77.8221 76.4244 90.2483 72.4889 68.7415 81.9511 68.5764 67.684 65.7362 81.0775 133.526 64.9176 60.3318 59.9719 59.7528 61.1105
threshold=1.0000000180025095e-35 1.0000000180025095e-35 0.58571431040763866 65.166835784912124 63.661756515502937 1.0000000180025095e-35 0.31666667759418493 48.050632476806648 95.678848266601577 87.16516494750978 1.0000000180025095e-35 49.606201171875007 52.704679489135749 98.048732757568374 56.025478363037116 68.457099914550795 0.11805555596947671 26.158231735229496 11.500000000000002 68.863315582275405 1.0000000180025095e-35 1.0000000180025095e-35 0.86607143282890331 0.095454547554254546 4.5000000000000009 0.53571429848670971 48.050632476806648 23.606810569763187 8.5000000000000018 3.5000000000000004 7.5000000000000009 0.47222222387790685 98.999900817871108 87.20676422119142 4.5000000000000009 3.5000000000000004 3.5000000000000004 80.298507690429702 8.5000000000000018 0.31666667759418493 99.839229583740249 4.5000000000000009 64.051280975341811 65.015338897705092 0.11805555596947671 81.302967071533217 0.42078329622745519 0.73214286565780651 84.29276275634767 3.5000000000000004 3.5000000000000004 0.9494706690311433 81.023571014404311 75.162338256835952 84.29276275634767 9.5000000000000018 0.96125608682632457 4.5000000000000009 53.13592720031739 6.5000000000000009 0.517472803592682 99.31506729125978
decision_type=2 2 2 2 2 2 2 2 2 2 2 2 2 2 2 2 2 2 2 2 2 2 2 2 2 2 2 2 2 2 2 2 2 2 2 2 2 2 2 2 2 2 2 2 2 2 2 2 2 2 2 2 2 2 2 2 2 2 2 2 2 2
left_child=2 4 8 9 6 21 45 17 15 39 19 -7 -10 22 -12 31 -17 49 20 29 34 33 23 -13 -8 -26 27 -11 -15 50 35 -1 -30 44 36 -24 37 46 -31 -3 47 57 -14 -38 -5 -2 53 48 -25 -6 51 -4 -22 -18 55 -23 -57 -19 -41 -33 61 -52
right_child=1 3 10 5 7 11 24 -9 12 26 14 13 42 28 -16 16 18 41 -20 -21 52 54 30 40 25 -27 -28 -29 32 38 -32 59 -34 -35 -36 -37 43 -39 -40 58 -42 -43 -44 -45 -46 -47 -48 -49 -50 -51 60 -53 -54 -55 -56 56 -58 -59 -60 -61 -62 -63
leaf_value=-0.099942591583307566 -0.090426707143933152 -0.090301564699450984 0.033977959046453121 0.084406396516953308 0.094899475685397514 -0.084626316935137391 0.083888309961118943 0.1086449188873717 -0.075532135731750674 0.050238330508691281 -0.097709303806395559 0.08976627366830732 0.012940264754622403 0.10166091337941607 0.012330337245570706 0.2035873972924187 0.41211333898261232 0.043888739159172289 -0.089066897672363837 0.10425002319037527 -0.093110400184229128 0.10090831922242766 0.045114888902905353 -0.00040969912243339043 -0.02757543671593848 0.050447004755911885 0.029571831436798635 -0.060663578099531906 -0.002506408864927024 -0.092566875568362086 0.076578705855563853 -0.021136416544609168 0.10054944720246675 0.085177189027773104 0.0018465951912140838 -0.0008910180403993702 -0.071211779268555819 0.10453016615331323 0.087994994623192407 -0.098396976443353185 0.13009223274943302 -0.044788768390331017 0.096902901068667155 0.21384247655828115 -0.02430384010880245 0.069995005898830009 0.22800392693891067 -0.028170621989178288 0.038334841765320302 0.020848996878740485 -0.042978956751256889 -0.050085677322769487 0.058492279563806329 0.94265868766067484 0.10870670889886669 0.063858703515829923 -0.1437319038874065 -0.043941808036715518 0.115891395134172 -0.081900550759377452 -0.025688764148642813 0.010952383400933609
leaf_weight=52012.715359568596 718.53764477558434 1797.5424481406808 1151.6302563808858 93.887074094265699 752.84561154991388 352.7450189422816 954.90298837795854 39443.707945322618 913.46609418094158 198.66016435623169 822.19893536902964 450.19384393654764 325.30242971889675 907.68379570543766 327.27442447096109 61.889975877478719 5.8249455820769089 416.4886555634439 2475.3750588688999 262.46807672083378 309.41609569080174 845.23218122683465 2358.1233716756105 2374.6450188197196 287.61256020329893 1302.4686599969864 661.96500643528998 568.26917518675327 267.8890363201499 197.51819856464863 830.45585833489895 247.25892478972673 161.3464075550437 253.6913076415658 197.12844725139439 601.28203588724136 35.767335627228022 51.263418383896351 33.949921431019902 20.418731609359384 58.043790593743324 272.4740213342011 201.40944606810808 14.728105165064333 285.49734502099454 32.87243621610105 9.2580776177346689 652.55708821117878 805.00464106723666 160.35202027112246 231.99491848610342 128.95363131165504 33.021732494235039 4.0950675345957279 3126.9535101354122 453.87213514372706 33.255234777927399 105.46249765716493 36.850050637498498 473.40764019265771 794.05441830679774 2226.6025066934526
leaf_count=2550873 28840 69013 5765 513 5098 11502 7153 454000 24003 2382 35578 2586 2398 8278 2701 727 238 2748 104847 2563 12636 8328 13874 13016 3463 7520 5048 10124 1644 6444 5470 6919 1346 2383 4952 3272 1165 282 376 744 346 2516 1515 125 1722 515 233 3919 4299 1075 3752 681 400 89 34181 4484 250 787 317 18394 4929 11944
internal_value=-0.00391816 0.080626 -0.0872594 0.0337393 0.0998205 0.0522318 0.0228145 0.105989 -0.0959993 -0.050241 -0.00607875 0.0312516 -0.0314332 0.0355691 -0.0663792 -0.0976619 -0.0688154 0.0446404 -0.0741915 0.00770907 -0.018443 0.0926894 0.0281555 0.0137007 0.0541771 0.0363344 -0.00344138 -0.0319363 0.0806539 0.00239102 0.0447103 -0.0994111 0.0362315 0.0356904 0.0462065 0.0357676 0.118514 0.194917 -0.0660835 -0.0862942 0.00489813 0.00181411 0.0450468 0.0119306 0.00259891 -0.0834086 0.436522 0.0030019 0.00939941 0.0818967 0.00588735 0.0255128 -0.0784912 0.631127 0.100781 0.0821811 0.0496869 0.0261422 0.0394886 -0.0610525 -0.00183929 0.00586339
internal_weight=126192 62643.8 63548 18196.1 44447.7 14912.4 3296.39 41151.3 57371.3 3283.71 6176.65 9819.97 1440.18 9467.22 1149.47 55931.2 3197.77 1707.62 3135.88 5027.17 660.503 5092.39 8130.31 4340.44 2544.98 1590.08 1428.89 766.929 1336.92 4764.7 3789.86 52733.4 429.235 633.076 318.065 2959.41 120.937 70.4415 231.468 1854.81 3890.25 794.425 526.712 50.4954 379.384 751.41 19.1781 3832.21 3179.65 913.198 4533.24 1280.58 342.438 9.92001 4459.31 1332.36 487.127 521.951 57.2688 720.667 3252.65 2458.6
internal_count=3527285 722756 2804529 209041 513715 121413 47491 466224 2729796 87628 74733 69552 27916 58050 38279 2701880 125694 12224 124967 36454 20120 51861 46782 24166 18136 10983 17554 12506 11268 33891 22616 2576186 2990 4618 7084 17146 2132 842 6820 70074 21580 6051 3913 1290 2235 29355 560 21234 17315 6173 27071 6446 13036 327 47243 13062 4734 3535 1061 25313 20625 15696
is_linear=0
shrinkage=0.1


Tree=22
num_leaves=63
num_cat=0
split_feature=4 26 11 6 16 25 11 16 8 16 26 6 18 17 7 14 16 16 24 1 16 18 11 1 16 11 26 24 11 22 7 24 1 6 17 15 27 27 14 21 1 6 21 11 6 16 24 22 6 15 11 21 22 7 26 15 1 2 14 7 6 18
split_gain=78646.7 5356.98 4372.02 2379.55 2014.36 1189.96 942.968 601.26 596.272 572.107 447.433 406.945 374.152 297.137 280.752 271.272 269.784 229.531 204.299 199.795 169.784 169.466 167.73 167.637 158.633 150.486 125.386 102.383 101.65 98.7618 96.9782 86.4821 85.716 84.7685 83.5918 150.143 89.9898 83.323 80.3117 100.501 75.341 74.2558 73.5493 73.055 71.9552 761.469 615.082 272.909 158.479 203.045 92.8734 71.114 68.8024 67.3953 65.0534 63.3865 61.5635 86.0624 60.5886 58.827 93.4716 57.0748
threshold=1.0000000180025095e-35 1.0000000180025095e-35 0.58571431040763866 53.248945236206062 63.661756515502937 1.0000000180025095e-35 0.31666667759418493 95.678848266601577 42.776885986328132 81.023571014404311 1.0000000180025095e-35 43.792808532714851 0.057189542800188072 99.839229583740249 76.50690078735353 5.5000000000000009 53.231609344482429 68.863315582275405 1.0000000180025095e-35 6.5000000000000009 97.896198272705092 0.65108695626258861 0.10555555671453477 4.5000000000000009 66.122367858886733 0.47222222387790685 2.5000000000000004 1.0000000180025095e-35 0.86607143282890331 3.5000000000000004 65.142410278320327 1.0000000180025095e-35 6.5000000000000009 87.20676422119142 97.624691009521499 92.479335784912124 1.0000000180025095e-35 1.0000000180025095e-35 8.5000000000000018 8.5000000000000018 5.5000000000000009 64.326763153076186 5.5000000000000009 0.13392857462167743 51.66851997375489 75.568477630615249 1.0000000180025095e-35 8.5000000000000018 60.158729553222663 54.067844390869148 0.13392857462167743 9.5000000000000018 9.5000000000000018 82.078273773193374 1.0000000180025095e-35 85.772121429443374 5.5000000000000009 0.56486606597900402 4.5000000000000009 26.158231735229496 37.786842346191413 0.78174602985382091
decision_type=2 2 2 2 2 2 2 2 2 2 2 2 2 2 2 2 2 2 2 2 2 2 2 2 2 2 2 2 2 2 2 2 2 2 2 2 2 2 2 2 2 2 2 2 2 2 2 2 2 2 2 2 2 2 2 2 2 2 2 2 2 2
left_child=2 4 7 9 6 18 41 14 19 -3 17 -9 -7 15 25 20 -12 29 33 59 21 26 -17 31 -16 44 30 -26 53 56 -14 -11 51 43 35 -23 -37 -31 -20 -40 -27 -2 -32 -5 -1 -46 55 48 49 50 -48 58 -33 -24 -51 -47 57 -4 -8 -6 -61 -22
right_child=1 3 10 5 8 12 32 11 -10 23 16 -13 13 -15 24 22 -18 -19 38 -21 61 34 28 -25 27 40 -28 -29 -30 37 42 52 -34 -35 -36 36 -38 -39 39 -41 -42 -43 -44 -45 45 46 47 -49 -50 54 -52 -53 -54 -55 -56 -57 -58 -59 -60 60 -62 -63
leaf_value=-0.10094612458509236 -0.089757316551944938 -0.087968202926203665 0.034364819935636615 0.091678442573456961 0.087049719175897822 -0.10034688443025484 0.058444973619264512 -0.067787678929484424 0.10765861938786135 -0.014399550763222494 -0.097713990099667275 0.048555512713551366 -0.0018927116347307118 0.11501416128553409 -0.057435834200007196 0.092371951415206308 0.010377048472460912 0.10179079781073311 0.10330169006735435 -0.013894029120724502 0.099784542907486395 0.030736320552784326 -0.0010984255590327818 -0.046832497381405054 -0.014072081887072549 -0.022826290192036573 -0.094409484035994848 0.1855365417012492 0.092131028629015344 -0.091936775426136513 0.031759250614052686 0.071043971672113668 -0.0055541989160829142 0.081979466806541113 0.063569536603778828 -0.016768667310092099 -0.24339285060171614 0.07253754169068595 0.095230008127611523 -0.022116358005154248 -0.078553739006097106 0.050151878695064225 0.069022276276974409 -0.019713392307333603 -0.096295697142627854 -0.053573901410377871 1.3044185088794393 -0.005376740346654578 0.27315677075364836 0.61826816542457763 0.65490909721279023 0.10302490022214833 0.0074800669911437483 -0.040757098391641072 0.11108423955867862 0.17446228204314265 -0.0070723876684858529 -0.0035544040354459714 0.01430774598574004 0.0286874982507993 0.08578560362261678 0.041812177727040253
leaf_weight=38343.908255096525 653.94768817350268 1557.0024387426674 1254.8702587466687 75.201883899047971 922.00277460366488 216.90601777285337 1551.4766638819128 923.04615417309105 35353.106254510581 514.78147471882403 742.03049138188362 445.8682972509414 295.54594570212066 416.93299417942762 836.08819571323693 181.14774044603109 335.22142147086561 242.93712650984526 3754.3255757261068 345.79536773823202 562.423006542027 1281.9750302061439 1512.5817291010171 641.26423405297101 58.707151509821415 331.33155586570501 59.353160228580236 45.698894931003451 97.448590699583292 179.84426262043417 737.1413107290864 347.61957264691591 247.71310956403613 238.04668542742729 306.7492428869009 996.68776557594538 17.835438467562199 37.166681941598654 190.37754300609231 118.36019806563854 905.9060094691813 40.270856155082583 1882.1681919004768 271.2149691041559 10088.072985477746 189.23020575381815 4.1141676437109727 28.568096889182925 57.736108683049679 4.1411786153912526 4.7354874722659588 285.82143477723002 333.8099736534059 597.87617708928883 6.4958313032984734 13.028875790536402 2132.7339943945408 1144.3842596691102 388.99386445991695 665.94202811829746 503.45713964663446 243.28624398261309
leaf_count=2075385 28770 66484 6409 443 6625 8031 11304 24338 446820 6944 35537 3578 2342 3889 29465 932 2742 2563 43916 3124 5625 6857 9054 12382 770 8761 402 372 518 6508 4590 2847 2452 2383 1993 4676 90 312 1830 996 37480 585 12090 1586 540509 7165 110 618 578 91 114 2130 2542 3559 186 276 14675 5987 2250 4789 4866 2040
internal_value=-0.00386236 0.0781728 -0.0859688 0.0317718 0.0979393 0.0499214 0.0213481 -0.0952943 0.104361 -0.0433699 -0.00562933 -0.0298936 0.0294673 0.0325315 -0.0970525 0.0286112 -0.064078 0.0069838 0.091318 0.0565195 0.0393695 0.0331708 -0.000133169 -0.00557909 -0.0429229 -0.0980712 0.0494786 0.0732973 -0.00772275 0.00213391 0.0524085 0.016536 0.0502475 0.0360378 0.0145391 0.00799001 -0.0207527 -0.0637679 0.09927 0.0502432 -0.06363 -0.0816413 0.0585355 0.0044681 -0.0989455 -0.0915664 0.0633096 0.258692 0.356383 0.602969 0.956863 0.0564564 0.0399061 -0.0123334 0.30854 -0.0388845 0.00528957 0.0162783 0.0495971 0.0681618 0.0532697 0.0822796
internal_weight=116762 58406.6 58355.9 17448.1 40958.5 14053.6 3168.22 52286.7 37790.3 3394.48 6069.19 1368.91 9406.06 9189.15 50917.8 8772.22 1077.25 4991.94 4647.53 2437.2 6383.17 5577.46 2389.05 1837.48 940.494 49977.3 2974.21 104.406 2207.91 4749 2914.86 1196.21 2474.01 584.464 2603.25 2296.5 1014.52 217.011 4063.06 308.738 1237.24 694.219 2619.31 346.417 48740 10396.1 308.05 105.791 77.2228 19.4867 8.84966 2226.29 681.43 2110.46 10.637 202.259 4531.99 2399.25 1940.47 2091.4 1169.4 805.709
internal_count=3527285 722756 2804529 209041 513715 117842 47491 2729796 466224 91199 74733 27916 66688 58657 2701880 54768 38279 36454 51154 19404 40705 33040 14063 24715 30607 2671273 19424 1142 13131 33891 19022 12333 18136 4412 13616 11623 4766 6820 46742 2826 46241 29355 16680 2029 2625032 549647 9138 1697 1079 501 224 15684 5389 12613 277 7441 27071 12396 13554 16280 9655 7665
is_linear=0
shrinkage=0.1


Tree=23
num_leaves=63
num_cat=0
split_feature=4 25 8 10 9 16 16 16 16 14 23 22 18 9 16 10 16 23 23 7 3 15 22 1 18 9 6 23 14 23 8 17 16 3 3 22 15 7 3 17 18 3 0 0 17 6 16 16 7 9 18 10 9 0 15 3 3 3 18 10 18 17
split_gain=69503.1 4870.53 4249.69 2545.77 1475.44 1169.38 561.437 560.527 520.122 373.982 352.761 637.249 390.903 327.929 302.859 232.25 454.643 218.036 210.966 202.367 142.606 362.289 134.618 131.956 140.964 128.787 168.51 113.9 209.971 104.459 173.454 104.1 94.0952 93.5203 93.4703 92.2384 90.7357 87.0995 83.1889 81.836 77.989 74.0701 74.0703 72.7211 72.1766 70.8066 69.3269 65.8759 64.2974 63.214 63.162 62.2699 59.0446 54.1858 53.8519 53.4487 53.321 52.26 52.1629 50.301 48.7603 79.6691
threshold=1.0000000180025095e-35 1.0000000180025095e-35 91.042778015136733 56.949806213378913 49.675325393676765 98.192703247070327 84.650035858154311 70.615219116210952 95.678848266601577 4.5000000000000009 0.087121214717626586 2.5000000000000004 0.36181819438934332 52.704679489135749 53.674905776977546 64.051280975341811 73.764678955078139 0.34848485887050634 0.44949495792388922 26.158231735229496 8.5000000000000018 1.0000000180025095e-35 9.5000000000000018 4.5000000000000009 0.63961037993431102 48.050632476806648 26.158231735229496 0.94444444775581371 8.5000000000000018 0.17424242943525317 42.488718032836921 98.219570159912124 98.999900817871108 4.5000000000000009 4.5000000000000009 4.5000000000000009 91.844291687011733 83.43881988525392 6.5000000000000009 50.862325668334968 0.73508772253990184 65.500000000000014 0.47441302239894872 0.92782193422317516 97.624691009521499 59.317129135131843 98.999900817871108 47.901996612548835 82.972846984863295 42.488718032836921 0.92450141906738292 80.982517242431655 87.609649658203139 0.90174803137779247 50.753845214843757 3.5000000000000004 13.500000000000002 49.500000000000007 0.77097901701927196 88.396572113037124 0.13188406080007556 84.63898086547853
decision_type=2 2 2 2 2 2 2 2 2 2 2 2 2 2 2 2 2 2 2 2 2 2 2 2 2 2 2 2 2 2 2 2 2 2 2 2 2 2 2 2 2 2 2 2 2 2 2 2 2 2 2 2 2 2 2 2 2 2 2 2 2 2
left_child=2 4 8 6 7 9 29 -2 15 17 11 33 -13 -10 35 -1 20 23 38 -9 21 34 -7 24 57 26 55 28 59 -3 -31 36 58 -4 52 -6 -26 -35 -18 -12 44 42 56 -30 48 -44 -24 -32 60 50 -21 -25 -17 -52 -49 -8 -15 -5 -27 -16 -11 -62
right_child=1 3 10 5 14 22 25 19 13 40 39 12 -14 41 27 16 18 -19 -20 49 -22 -23 46 51 31 32 -28 -29 43 30 47 -33 -34 37 -36 -37 -38 -39 -40 -41 -42 -43 45 -45 -46 -47 -48 54 -50 -51 53 -53 -54 -55 -56 -57 -58 -59 -60 -61 61 -63
leaf_value=-0.099213116104959587 -0.094193473662618377 -0.088087563018793669 0.061198566941608516 0.062309825953032277 0.057879887770121555 0.10543277520347252 0.052334036856615918 0.074626398315949624 -0.070970461992550429 -0.01081370517534655 -0.034859736619445539 -0.093436246388891434 0.057609674344725331 0.12079266297445057 0.084778716315594402 0.27240362750722441 0.098610069961998753 0.087260179397083415 0.21815426475749083 -0.052978447711082746 -0.090361978833789658 -0.084999369388574247 -0.0053096045641784842 -0.02138951032156524 0.041999995490616747 0.021349342040190157 -0.062124684144311354 0.10646377412342252 0.053821201027206549 -0.073808696770598745 -0.081807069783836117 0.088294173437590676 0.083649869872931756 -0.025690327215945448 0.033492322103007198 -0.072858519139087155 -0.00037430693839319396 0.0061082642268537723 -0.05065772295088327 0.10202714342698199 -0.041484863271855271 -0.098635083338594956 -0.033568398003468766 -0.034624871059146883 0.085066512785987286 0.079259684411678175 0.091378473578266409 0.16710134937108292 -0.017466448990405632 0.037336013751885756 0.041694784335983733 0.026618051118068989 0.06629870419330787 -0.16103107077439849 0.03085066762291111 -0.040647019270767477 -0.0045634820853301516 -0.014697382908754861 -0.044402735029636264 0.10523779834820031 0.051839969553605848 0.0054931208127731151
leaf_weight=41748.442142317072 388.91295466199517 1468.9795560818166 248.83352604135871 3540.1260572280735 97.51341200992465 3696.5257433354855 246.44616882689297 809.63695364445448 804.11885010637343 444.19671857729554 50.432918019592762 1287.1894213780761 197.64523065276444 148.83061312884092 1849.6809688154608 37.278625927865505 58.536171151325107 1223.6596420705318 63.801228677853942 263.1314296014607 3118.7210245244205 392.77323167771101 173.20257689058781 368.08120596036315 1020.475913181901 681.41243056952953 529.39906368777156 26948.534861149266 597.40064295753837 340.52086257562041 27.960792286321521 259.51861792802811 217.25094237923622 1143.180063130334 88.681732213124633 120.83404664322734 1001.0214641094208 3494.5379438363016 103.09261327981949 325.86833365634084 295.23006918281317 38.484777461737394 148.25088045746088 110.0931132286787 130.90500628948212 89.019686430692673 129.68148861825466 50.485032623633742 680.37698824331164 303.01771036908031 158.48771614581347 1015.8528269995004 22.163446551188827 14.380955822765825 68.189984990283847 82.52452658303082 43.952518293634057 90.376316202804446 146.61472449824214 3430.4836458191276 690.05773330293596 801.90125154703856
leaf_count=2478626 19978 62982 1393 26876 1244 48881 2980 5908 24003 6151 1049 58570 1427 1143 20217 752 938 13931 446 2194 167015 19778 1152 4340 6281 5098 10192 372785 5403 13999 1125 2076 1981 21242 2588 3573 5186 17161 2586 3175 1585 270 1143 883 682 649 1294 539 4895 2226 1063 7532 221 74 688 1349 354 810 739 44833 4513 4518
internal_value=-0.00380516 0.0757201 -0.084604 0.0355404 0.0979567 0.0535719 -0.0371562 0.0131364 -0.0952783 0.0374491 -0.010402 -0.0159587 -0.0733306 -0.0322227 0.102914 -0.0970368 -0.0736507 0.0481974 0.064181 0.0400901 -0.0821411 -0.0347406 0.100181 0.0416455 0.0481527 0.00150502 -0.0271976 0.103692 0.0912161 -0.07478 -0.034652 0.0286711 0.0250753 0.00147448 0.0985284 -0.0144711 0.0210167 -0.00172997 0.00340174 0.0836812 0.00735486 0.0342773 0.0461714 0.0400581 0.012603 0.00876269 0.0360879 0.0562784 0.00897766 0.00225368 -0.0221284 0.0138496 0.195556 0.02483 0.0888125 0.0290091 0.0922128 0.0603928 0.00970694 0.0980708 0.0182703 0.0269294
internal_weight=108167 54513.1 53653.8 19421 35092.1 15561.2 3859.78 1937.57 46906.1 11561.8 6747.69 6371.39 1484.83 1272.66 33154.5 45633.5 3885.05 8519.11 225.43 1548.65 3659.62 540.897 3999.41 7295.45 5911.52 1903.65 858.37 32936.2 5987.66 1956.14 487.157 2281.02 1045.28 4886.55 148.124 218.347 2021.5 4637.72 161.629 376.301 3042.67 468.538 430.054 707.494 2747.44 237.271 302.884 146.636 2616.53 739.018 436 1383.93 59.4421 172.869 118.675 328.971 192.783 3630.5 828.027 5280.16 1936.16 1491.96
internal_count=3527285 722756 2804529 242375 480381 140703 101672 31443 2700512 89376 104017 99793 59997 27562 448938 2672950 194324 67032 3970 11465 190354 23339 51327 53101 41229 22339 14521 444121 71336 79333 16351 13543 7818 39796 3561 4817 11467 38403 3524 4224 22344 3559 3289 6286 20759 1792 2446 2352 20077 5557 3331 11872 973 1137 1227 4329 1497 27686 5837 65050 15182 9031
is_linear=0
shrinkage=0.1


Tree=24
num_leaves=63
num_cat=0
split_feature=0 10 27 16 16 18 9 10 22 3 8 9 1 3 26 3 11 1 3 14 3 10 21 26 21 11 16 9 3 16 9 26 3 3 1 22 21 3 14 26 14 0 26 11 3 26 10 11 1 27 16 3 7 15 3 21 9 11 16 24 15 21
split_gain=51949.8 7848.92 4199.92 1954.87 1787.6 1524.87 1475.02 1217.47 714.803 672.324 513.432 466.693 460.289 410.603 392.662 368.721 357.001 349.944 348.319 255.117 252.995 252.69 252.385 161.03 451.635 158.384 149.732 141.244 136.819 128.11 656.126 389.063 116.539 114.31 108.548 102.589 130.126 100.092 98.8189 97.7591 139.617 204.354 97.5546 90.6373 89.6387 89.307 89.1629 88.7824 88.6386 86.3268 81.8377 80.9653 78.0877 75.5325 71.5901 78.5519 70.5747 69.3825 68.2999 67.0052 70.2852 65.2737
threshold=0.54323303699493419 71.039428710937514 1.0000000180025095e-35 98.048732757568374 92.042804718017592 0.11651583760976793 52.240802764892585 53.907203674316413 3.5000000000000004 1.5000000000000002 89.512962341308608 53.001201629638679 4.5000000000000009 4.5000000000000009 1.0000000180025095e-35 1.5000000000000002 0.47222222387790685 6.5000000000000009 7.5000000000000009 5.5000000000000009 1.5000000000000002 53.427228927612312 7.5000000000000009 1.0000000180025095e-35 8.5000000000000018 0.23611111193895343 97.489494323730483 46.027742385864265 5.5000000000000009 75.568477630615249 58.434959411621101 1.0000000180025095e-35 41.500000000000007 4.5000000000000009 6.5000000000000009 9.5000000000000018 7.5000000000000009 7.5000000000000009 1.5000000000000002 1.0000000180025095e-35 5.5000000000000009 0.94227582216262828 1.0000000180025095e-35 0.86607143282890331 172.50000000000003 1.5000000000000002 73.765182495117202 0.11805555596947671 2.5000000000000004 1.0000000180025095e-35 49.606201171875007 11.500000000000002 21.680376052856449 96.164356231689467 34.500000000000007 7.5000000000000009 46.027742385864265 0.77500000596046459 68.863315582275405 1.0000000180025095e-35 48.579500198364265 6.5000000000000009
decision_type=2 2 2 2 2 2 2 2 2 2 2 2 2 2 2 2 2 2 2 2 2 2 2 2 2 2 2 2 2 2 2 2 2 2 2 2 2 2 2 2 2 2 2 2 2 2 2 2 2 2 2 2 2 2 2 2 2 2 2 2 2 2
left_child=1 4 3 7 9 8 15 13 10 17 18 20 19 27 -7 -4 29 35 -3 22 -6 -5 48 50 53 -16 -22 -2 -12 -11 -31 49 42 52 -18 36 -1 -14 -26 -23 -41 -42 -13 47 61 54 -24 -21 -9 -32 -8 -28 -17 -25 55 -27 -54 -39 -19 -33 -61 -30
right_child=2 5 6 21 11 14 23 12 -10 16 28 32 37 -15 25 33 34 58 -20 43 26 39 46 24 38 45 51 -29 44 30 31 59 -34 -35 -36 -37 -38 57 -40 40 41 -43 -44 -45 -46 -47 -48 -49 -50 -51 -52 -53 56 -55 -56 -57 -58 -59 -60 60 -62 -63
leaf_value=0.0059878974410563692 -0.056910029392951526 0.078725390414405697 0.085703105051352729 0.030752356270944234 0.045066393782802007 0.10188414742546813 -0.04555009981703103 0.043916471908788328 -0.094010544656154826 -0.099245962602128299 0.066499009895587255 0.095710275920410995 0.0045403397990741012 -0.090832959108555988 0.10784715593231793 0.052464359490110017 0.0065158236012558962 -0.088793945485364567 -0.083459245154553371 0.091793648854878201 -0.086415242543721862 0.10629652638448804 0.024036021151694523 0.097306363357941628 0.028791036632596141 0.022359998712858157 0.0089584234915840097 0.032842511855261956 0.0032244348150569247 -0.094697192204281674 0.075366153213552431 -0.056270345524733562 -0.082707847076651173 -0.066985751881661101 -0.062067187134946002 -0.0839042215037544 0.10718821731849473 -0.073798166249521083 -0.094156573043706795 0.091930544528584054 0.057569050359305853 -0.12647744798481339 0.025537187927344308 0.087362145912245601 -0.022297115013836952 -0.033330517258883398 0.084098232130442901 -0.0049816428224982705 0.016620276293049335 0.23969293598788544 0.10538138468817611 -0.092850895053656818 -0.041501780208257219 -0.03149761370042313 -0.075975234040527639 0.073487121149376 0.037482523316159623 -0.015479590519035115 -0.030619408871130828 0.21036877304189 -0.001273197055981943 0.035662009586618741
leaf_weight=310.8053997065872 269.45254181977361 152.73009771667421 409.68968627043068 720.52152146957815 295.87574111670256 1519.8483379650861 35.976995176635683 3139.7472855653614 1055.0796111607924 35236.313265825622 445.37039349600673 449.15703425649554 721.76022166013718 1282.4096124060452 257.48741805180907 197.93361697904766 369.43709750846028 544.72696965932846 995.86446564923972 99.990768612362444 729.14797217119485 2793.1408928632736 288.61952463071793 1815.7708789315075 110.23637754097581 1045.1142634693533 356.16089082509279 502.00297860987484 1515.8688433170319 3646.592207162641 52.441594218835235 228.21353928651661 57.419046368449926 410.80780304875225 614.85691458359361 67.145631924271584 214.91417012922466 436.3059956105426 160.63318271934986 1483.6355003118515 383.42406395077705 71.59415827691555 354.44611036125571 126.70121660642326 775.54136335849762 236.2502271477133 1720.6867122277617 1825.3218552162871 1915.3878790726885 81.890241671353579 24744.75685714744 100.05777214281261 422.08209101762623 46.698560208082199 58.254874862730503 421.78392061684281 154.55002658162266 383.15257286839187 320.59059997834265 20.04840106703341 72.201803919859231 1050.1020234776661
leaf_count=6116 8763 1913 3830 7214 3036 21248 1002 24453 55665 2299941 2960 4531 6626 63483 2564 2092 8662 25809 54395 857 39419 42074 2655 22206 1299 7304 6636 5587 10065 224773 1176 8706 1135 11935 25266 2051 3236 13261 1179 18394 3064 404 3898 846 6181 2338 18080 13657 15164 917 375378 3463 6897 440 902 3522 1952 2803 5929 223 1269 6441
internal_value=-0.00374082 -0.0708573 0.0734112 0.0358295 -0.0886324 0.0114451 0.0973553 0.014344 -0.0193 -0.0933983 -0.00332884 -0.00362204 0.0279298 -0.0561539 0.0634921 0.00392062 -0.0958106 -0.0266916 -0.0618933 0.0364746 -0.0376544 0.085921 0.0454905 0.102893 0.0765299 0.03459 -0.0583021 0.00149391 0.0144343 -0.097299 -0.0805721 0.0326846 0.0549248 -0.0243451 -0.0363258 0.0324923 0.0473586 -0.0226137 -0.0441203 0.0943217 0.0770688 0.0286105 0.064759 0.00543579 0.00749488 0.0238811 0.0754708 4.43647e-05 0.033574 0.175542 0.105162 -0.0133704 -0.00172971 0.0940768 0.0327433 0.0370608 -0.0203323 -0.0465303 -0.0672409 -0.0271982 0.0447222 0.0164992
internal_weight=100325 53651.7 46673 18163.9 44122.4 9529.3 28509.1 12711.5 5990.56 41780.2 4935.48 2342.26 10657.7 2053.87 3538.74 1595.06 40322 1458.18 1148.59 9116.46 1481.24 5452.32 7064.44 26914.1 2133.34 2018.89 1185.37 771.456 3786.88 39337.7 4101.39 454.796 861.022 1185.37 984.294 592.865 525.72 1541.22 270.87 4731.79 1938.65 455.018 803.603 2052.01 3341.51 1761.4 2009.31 1925.31 5055.14 134.332 24780.7 456.219 774.566 1862.47 1525.15 1466.9 576.632 819.459 865.318 320.464 92.2502 2565.97
internal_count=3527285 2851690 675595 247385 2676192 175498 428210 176235 137620 2614074 81955 62118 98402 77833 37878 26706 2570933 43141 56308 75712 52554 71150 60352 401504 25124 16630 49518 14350 25647 2537005 237064 12291 9564 22876 33928 11403 9352 22690 2478 63936 21862 3468 8429 15360 22687 14066 20735 14514 39617 2093 376380 10099 10941 22646 11728 10826 8849 16064 31738 10198 1492 16506
is_linear=0
shrinkage=0.1


Tree=25
num_leaves=63
num_cat=0
split_feature=4 26 11 16 9 25 9 11 16 26 16 18 16 17 17 9 23 11 6 14 3 3 16 18 7 3 26 11 14 6 16 23 22 22 9 11 22 11 3 23 9 11 11 23 11 11 22 15 17 27 27 23 16 0 15 3 15 0 14 23 16 22
split_gain=54527.7 4790.68 3998.76 1725.7 1536.1 1028.3 686.986 664.817 483.778 399.935 397.347 313.649 287.246 273.749 273.574 248.687 247.425 214.665 206.938 199.887 171.54 169.222 140.913 173.296 138.926 134.57 110.966 103.849 101.419 95.1124 685.073 365.221 109.457 92.2453 88.8762 87.4323 87.2598 83.7854 81.3278 79.277 78.5602 92.2614 77.3029 76.9077 73.3264 72.2501 71.7893 67.4489 101.283 80.5512 67.3991 66.7497 72.9328 65.6132 65.2547 65.0964 152.714 137.877 82.0473 77.6514 304.777 470.357
threshold=1.0000000180025095e-35 1.0000000180025095e-35 0.47222222387790685 68.863315582275405 65.166835784912124 1.0000000180025095e-35 51.355310440063484 0.31666667759418493 95.678848266601577 1.0000000180025095e-35 87.16516494750978 0.051315790042281158 62.871870040893562 61.302095413208015 99.839229583740249 68.660713195800795 0.23611111193895343 0.64583334326744091 81.302967071533217 7.5000000000000009 9.5000000000000018 35.500000000000007 98.048732757568374 0.65108695626258861 27.639257431030277 4.5000000000000009 2.5000000000000004 0.47222222387790685 8.5000000000000018 51.66851997375489 75.568477630615249 0.26136364042758947 9.5000000000000018 3.5000000000000004 44.033897399902351 0.31666667759418493 8.5000000000000018 0.86607143282890331 68.500000000000014 0.23611111193895343 70.087718963623061 0.15476191043853763 0.11805555596947671 0.10555555671453477 0.13392857462167743 0.15476191043853763 3.5000000000000004 92.113239288330092 97.624691009521499 1.0000000180025095e-35 1.0000000180025095e-35 0.30384616553783422 56.765474319458015 0.78591305017471325 97.510330200195327 15.500000000000002 1.0000000180025095e-35 0.49809597432613378 4.5000000000000009 0.23611111193895343 62.128566741943366 4.5000000000000009
decision_type=2 2 2 2 2 2 2 2 2 2 2 2 2 2 2 2 2 2 2 2 2 2 2 2 2 2 2 2 2 2 2 2 2 2 2 2 2 2 2 2 2 2 2 2 2 2 2 2 2 2 2 2 2 2 2 2 2 2 2 2 2 2
left_child=2 3 8 7 10 16 24 40 18 12 35 -7 17 -11 19 -10 37 21 29 22 -20 33 23 26 -5 -9 43 -27 -18 -1 55 -32 38 -4 -26 51 -30 42 -33 -12 -2 -42 -6 -13 -25 -17 -19 -46 49 54 -24 -3 -53 -21 -49 56 57 -31 -59 -58 -61 -62
right_child=1 4 9 6 5 11 -8 25 15 13 39 14 -14 -15 -16 45 28 46 20 53 -22 -23 50 44 34 27 -28 -29 36 30 31 32 -34 -35 -36 -37 -38 -39 -40 -41 41 -43 -44 -45 47 -47 -48 48 -50 -51 -52 52 -54 -55 -56 -57 59 58 -60 60 61 -63
leaf_value=-0.10012378581279915 -0.085895711020757215 -0.096251676966504385 0.042789773487906628 0.064855838834279922 0.074138798711184048 -0.10064996230836774 0.10437844503986644 0.0752638406815197 -0.055039619180662136 -0.093907411129661417 -0.028522088176535839 0.030258753254408334 0.099125944647722064 0.011899345426440847 0.11157055135950383 0.10358197275160541 0.099223719736749982 0.0047426880392123678 0.076112068160704094 0.0010150272061719907 -0.082473087860861105 -0.068066435335599959 0.07832175157953869 0.079559371359215939 -0.02123770633288714 -0.055020652261651509 -0.090278053079425186 0.035121502805945809 0.090106461145781303 -0.032105136520189724 -0.024285498694384497 0.27251934149310658 -0.033129176565697568 -0.093185978701507785 0.047214264739409838 0.049293044020763815 -0.01218712459997748 0.08293291360516003 -0.028344412995784864 0.020175392832544988 0.17077140151077758 -0.046774804292507646 -0.02869146379341413 0.063051432105106109 0.019050069931352859 -0.008043247334572217 -0.063653652424428941 -0.027102487919770709 0.039708438894994168 -0.20277435870541188 -0.067010637299451614 -0.096374729957948962 0.0078744541094346362 -0.045032975179000123 0.082770181545565813 -0.098156219694556235 -0.099994602140587557 0.33893435847870462 -0.016355928730441574 -0.073545341082460067 1.8012344653416912 0.18152869811745187
leaf_weight=28763.03695892822 527.00332936923951 1069.333062495105 260.20624425634742 975.46609149500728 96.835713148117065 205.99465333856642 27411.315554026514 917.31570540554821 944.39036489650607 905.34268687106669 658.97434341348708 1897.8785510510206 263.60700879432261 335.01066402904689 344.18847420811653 144.29189357720315 2978.9425645135343 4359.9667466580868 125.07459519430995 1300.6457158010453 150.02402723301202 875.88908710796386 655.12371744960546 129.02740569412708 442.17712514288723 141.22562277689576 64.155100576579571 1344.7841446325183 174.15359706804156 262.00330341793597 200.61543152481318 86.602306962013245 17.106211255304515 61.726015187799931 332.15996802039444 50.27193798776716 160.00796446762979 156.63270998001099 10.0246155411005 678.50448909029365 26.484721500426531 73.864427959546447 298.33119298517704 1147.6523624602705 1297.0891161486506 96.941354395821691 159.0580279212445 1087.1442642137408 298.83409112691879 25.089337259531021 33.544048376381397 125.40369545482099 144.36257183272392 406.03460514359176 56.882918082177639 6301.0605891309679 1064.4482843279839 17.008004269562665 10.520128956995903 130.95382374338806 2.0474399123340872 14.421321926638482
leaf_count=2075581 28332 57919 5791 7152 693 9319 450850 8131 25757 50494 11684 12853 3110 2949 3914 1212 43888 23415 1592 8880 5867 39513 7288 842 3289 2563 468 8655 1913 17101 8066 781 319 2482 2456 1061 1440 1869 107 5870 236 2051 2058 8267 7352 699 6297 5249 2042 125 293 7291 3803 2270 390 447471 74674 957 618 8834 95 747
internal_value=-0.00366698 0.0710245 -0.0819183 0.0930364 0.0254289 0.0399318 0.100501 0.0212169 -0.0947749 -0.0136529 -0.0427241 0.0213157 -0.00293504 -0.0653298 0.0241892 -0.0318926 0.083038 -0.00764113 -0.0967815 0.0206084 -0.0103718 -0.0452793 0.0283988 0.0234844 0.0397511 0.0451463 0.0398744 0.0265547 0.0933638 -0.0974261 -0.0878663 0.0568729 0.200029 0.0167183 0.00812548 -0.0801773 0.0411248 0.0210398 0.241306 -0.0038178 -0.070454 0.0106412 -0.00349289 0.0426161 0.00587327 0.0587246 0.00233531 0.00243479 -0.0122466 -0.0255266 0.0712428 -0.0850378 -0.0405869 -0.00994021 -0.0216394 -0.0936976 -0.0749855 -0.00973684 0.203157 -0.0905743 -0.0225558 0.382895
internal_weight=93294.2 47732.8 45561.4 32191.8 15541 12814.2 29161.1 3030.68 38340.6 7220.81 2726.85 8949.28 5980.45 1240.35 8743.29 1185.62 3864.9 5716.85 37154.9 8399.1 275.099 1197.82 6692.42 6003.75 1749.8 2403.33 3109.69 1486.01 3313.1 36879.8 8116.81 314.349 113.733 321.932 774.337 1389.37 334.162 551.8 96.6269 1337.48 627.352 100.349 395.167 3045.53 2894.07 241.233 4519.02 2765.04 1467.95 1169.12 688.668 1339.1 269.766 1706.68 1144.03 7802.46 1501.4 289.531 27.5281 1211.87 147.423 16.4688
internal_count=3527285 722756 2804529 513715 209041 121413 463747 49968 2670478 134051 87628 69552 80608 53443 60233 27668 51861 77498 2642810 56319 7459 47786 45169 37588 12897 19349 21588 11218 47241 2635351 559770 9273 1207 8273 5745 70074 3353 4620 888 17554 30619 2287 2751 21120 16000 1911 29712 15158 7806 5764 7581 69013 11094 11150 5639 550497 103026 18676 1575 84350 9676 842
is_linear=0
shrinkage=0.1


Tree=26
num_leaves=63
num_cat=0
split_feature=4 11 27 16 9 9 16 16 1 1 14 9 10 21 11 3 22 10 16 10 11 21 16 16 1 7 17 15 18 22 11 9 16 27 8 11 10 3 0 10 22 11 22 16 7 9 3 22 18 3 11 21 14 16 9 3 0 7 0 9 3 22
split_gain=48056.5 3905.85 3663.54 1614.59 1333.99 1215.25 542.914 483.555 411.089 289.642 243.793 222.62 222.238 222.028 193.563 191.352 187.454 186.534 172.299 161.556 156.36 150.67 146.482 130.761 111.639 111.622 102.89 178.835 99.5145 184.469 99.2852 90.8816 653.527 436.967 150.978 103.882 131.034 90.2952 89.1293 82.8741 81.8298 78.8372 77.3675 80.4581 75.8124 73.3423 71.7241 78.4445 70.6081 70.455 68.3309 67.9299 66.4374 65.3857 64.2775 63.1477 97.2072 56.0829 57.0813 69.9538 55.1457 54.4669
threshold=1.0000000180025095e-35 0.47222222387790685 1.0000000180025095e-35 98.048732757568374 58.434959411621101 51.355310440063484 63.661756515502937 95.678848266601577 5.5000000000000009 5.5000000000000009 5.5000000000000009 50.396825790405281 79.337715148925795 7.5000000000000009 1.0000000180025095e-35 11.500000000000002 4.5000000000000009 85.053192138671889 78.283874511718764 65.599384307861342 0.77500000596046459 7.5000000000000009 47.546716690063484 81.367622375488295 5.5000000000000009 79.118217468261733 97.624691009521499 91.844291687011733 0.32738095521926885 3.5000000000000004 0.86607143282890331 65.419578552246108 68.863315582275405 1.0000000180025095e-35 56.966489791870124 0.087121214717626586 47.140522003173835 7.5000000000000009 0.74902743101120006 79.337715148925795 4.5000000000000009 0.19090909510850909 10.500000000000002 98.999900817871108 19.399641990661625 95.040985107421889 7.5000000000000009 7.5000000000000009 0.65108695626258861 8.5000000000000018 0.11805555596947671 8.5000000000000018 10.500000000000002 75.887237548828139 47.722568511962898 10.500000000000002 0.44981434941291815 83.43881988525392 0.87816327810287487 91.36645889282228 1.5000000000000002 6.5000000000000009
decision_type=2 2 2 2 2 2 2 2 2 2 2 2 2 2 2 2 2 2 2 2 2 2 2 2 2 2 2 2 2 2 2 2 2 2 2 2 2 2 2 2 2 2 2 2 2 2 2 2 2 2 2 2 2 2 2 2 2 2 2 2 2 2
left_child=1 7 3 5 6 23 -4 12 10 21 13 -9 31 26 52 -14 20 42 -18 53 45 28 -6 -2 37 50 27 -7 29 -3 57 -1 -33 35 40 36 -34 60 39 -24 -35 -21 54 -44 -25 49 47 -38 -29 -11 -15 -43 -12 -10 -5 56 -13 58 59 -16 -8 -36
right_child=2 9 4 17 22 8 24 11 19 16 14 55 15 25 30 -17 18 -19 -20 41 -22 -23 38 44 -26 -27 -28 48 -30 -31 -32 32 33 34 61 -37 46 -39 -40 -41 -42 51 43 -45 -46 -47 -48 -49 -50 -51 -52 -53 -54 -55 -56 -57 -58 -59 -60 -61 -62 -63
leaf_value=-0.09989663230392111 -0.092427138245303367 0.0016827122074012928 -0.094445911126947557 0.027765117526007778 -0.036723306649117653 0.039886100125088843 0.08242199870168386 -0.066542995869849061 -0.077048686168515734 0.039831227396084828 0.10537348200056494 0.11777361899480608 0.068643974799090915 0.082248392751320273 -0.027523565823097142 -0.085808641619868287 -0.091850508438841308 0.1006087423326842 0.032197371341293739 0.10321968394143506 0.0020616220601665397 0.049126918847843766 0.072288983250391251 0.060217127722004195 -0.0081124715145999213 0.082557712801289068 0.086698269721676727 0.045090219278450701 0.082009599831186053 -0.096011281957713149 0.087483474800049699 -0.09426192959691837 -0.079809659378767009 0.82512166130087028 0.22473350332277151 -0.050046712534802563 0.45254157290441921 -0.036592370753182973 0.1040797380122524 0.097984136857623111 0.35480014527653125 -0.012357230175804789 -0.024686641432904402 0.054349795461618944 -0.04546547972760516 -0.021387393700128106 0.048380485136819737 0.0746987947736059 -0.018278024648888648 -0.077097197743615495 0.01108084233794252 0.052764835297795923 0.021080718945012698 -0.013521882093625946 0.083396625661914608 -0.032948232400618227 0.0048213235732500843 -0.037339993307760361 -0.04842033425971462 0.020378834923693263 0.042310657817740634 0.030762715048602542
leaf_weight=25753.463779480197 838.73864118009806 2173.5777773130685 353.53682930581272 249.39439479261637 77.979163141921163 3870.265345338732 600.36219407245517 675.83646221645176 441.1072371006012 56.181565314531326 255.57132728863508 122.85608872119337 150.65096130874008 196.97828684560955 403.89501369278878 171.55475467443466 720.96862755715847 2858.2462373673916 132.55741801857948 80.249096769839525 1582.9768264526501 735.57644396461546 1845.0488645900041 75.883164023980498 376.00515949074179 1798.4402308911085 338.88897386565804 219.33656152710319 132.57321965321898 212.14456563908607 122.1251607965678 7342.284371368587 27.381270116195083 5.2917344002053168 50.24080968182534 236.36460669711232 15.142453146167101 105.08415564894676 17703.926492597908 3926.3622264117002 12.29314891155809 824.71823321096599 177.38949382305145 470.21628153324127 643.49561800435185 706.31536478921771 17.434207735583186 8.6239924784749729 886.62949773482978 622.58197603747249 428.17489428352565 198.78779073245823 147.45166038908064 256.07828341145068 1242.0237917155027 138.61319397203624 200.59509698860347 435.5330984890461 196.25531920883805 1243.2693693712354 798.77351210080087 20.335983894765377
leaf_count=2046946 54551 17777 22941 1295 1473 33731 6015 23584 17716 1067 2363 1110 2106 1936 5261 7944 41797 48418 996 751 10715 6762 26616 1246 3664 20539 3164 1457 1168 10416 834 570732 1773 74 430 11028 228 871 320809 67840 246 7882 1257 5218 16205 13497 737 307 4271 29856 3635 1825 1482 2148 16626 1199 1775 3113 1421 7943 6239 259
internal_value=-0.00360399 -0.0803712 0.0685905 0.0351445 0.0931028 0.0176203 0.0192473 -0.0940885 0.0281247 -0.0126154 0.0356672 -0.02997 -0.0962464 0.0448209 0.0104051 -0.0135926 -0.0312849 0.0838951 -0.0725852 -0.0160296 -0.0194081 0.0093114 0.100107 -0.0655981 0.040625 0.0699048 0.0333831 0.0297522 -0.00231843 -0.00700449 -0.00035895 -0.0970416 -0.0875363 0.0380812 0.234164 -0.0186075 0.0897463 0.0528077 0.100562 0.0897697 0.496332 0.00777442 0.0615618 0.0327005 -0.0343176 -0.0439454 0.20243 0.315436 -0.00571076 -0.067419 0.0335049 0.000290933 0.0745338 -0.0537151 0.0740939 0.0235233 0.0477239 -0.00506627 0.00255883 0.00863287 0.0595222 0.168843
internal_weight=86710.6 42024.4 44686.2 18899.1 25787.1 13901.9 2233.76 34949 12343.8 7075.45 10542.8 1137.9 33811.1 7738.71 2804.1 322.206 3821.58 4997.27 853.526 1800.94 2968.06 3253.87 23553.3 1558.12 1880.23 2423.59 5315.12 4976.23 2518.3 2385.72 2401.08 33488.9 7735.39 393.108 88.1617 304.947 68.5819 1504.22 23475.3 5771.41 17.5849 1103.76 2139.02 647.606 719.379 1385.08 41.2007 23.7664 1105.97 678.764 625.153 1023.51 403.023 697.186 1491.42 462.064 323.451 2278.95 1843.42 1647.16 1399.14 70.5768
internal_count=3527285 2804529 722756 266288 456468 193474 39730 2670478 121472 134051 91150 27668 2642810 68733 22417 10050 97928 72814 42793 30322 55135 36123 416738 72002 16789 26110 42623 39459 29361 28193 18572 2632760 585814 15082 1009 14073 3045 13125 415265 94456 320 10458 24396 6475 17451 44420 1272 535 5728 30923 5571 9707 3845 19864 17921 4084 2885 17738 14625 13204 12254 689
is_linear=0
shrinkage=0.1


Tree=27
num_leaves=63
num_cat=0
split_feature=16 11 9 26 3 24 3 1 24 1 16 10 22 26 6 16 22 22 27 8 21 11 17 3 6 27 17 3 11 1 3 8 26 26 6 3 14 9 6 3 3 8 17 22 16 17 3 3 11 10 16 1 9 21 10 11 11 9 1 2 8 8
split_gain=35212.7 7485.03 6203.84 3571.48 901.796 817.182 599.505 504.493 462.32 324.188 320.594 310.788 307.306 232.982 205.306 199.312 155.873 139.614 128.785 127.723 123.965 123.787 122.876 120.673 113.201 109.149 179.929 151.403 107.752 208.464 200.306 101.253 100.988 100.79 95.2968 92.1009 87.3613 86.4175 86.1204 85.1899 132.949 156.717 84.4717 81.7525 81.1837 91.5679 80.8161 74.2955 94.7901 70.9345 69.3084 68.2138 63.6501 65.77 63.5819 63.239 63.1447 59.8655 59.3857 78.5103 58.1176 57.9899
threshold=81.023571014404311 0.47222222387790685 54.433221817016609 1.0000000180025095e-35 2.5000000000000004 1.0000000180025095e-35 1.5000000000000002 6.5000000000000009 1.0000000180025095e-35 6.5000000000000009 96.726669311523452 87.609649658203139 2.5000000000000004 1.0000000180025095e-35 81.661396026611342 97.68778228759767 6.5000000000000009 9.5000000000000018 1.0000000180025095e-35 93.813774108886733 8.5000000000000018 0.23611111193895343 98.048732757568374 11.500000000000002 41.060766220092781 -1.0000000180025095e-35 59.532897949218757 4.5000000000000009 0.31666667759418493 4.5000000000000009 15.500000000000002 22.378716468811039 1.5000000000000002 1.0000000180025095e-35 26.158231735229496 34.500000000000007 10.500000000000002 46.027742385864265 21.132376670837406 98.500000000000014 19.500000000000004 85.912700653076186 44.018348693847663 4.5000000000000009 98.601333618164077 83.458904266357436 8.5000000000000018 64.500000000000014 0.47222222387790685 92.907444000244155 98.999900817871108 2.5000000000000004 46.027742385864265 7.5000000000000009 28.370221138000492 0.6904762089252473 0.23611111193895343 48.331480026245124 1.0000000180025095e-35 0.99998292326927196 31.643132209777836 34.525329589843757
decision_type=2 2 2 2 2 2 2 2 2 2 2 2 2 2 2 2 2 2 2 2 2 2 2 2 2 2 2 2 2 2 2 2 2 2 2 2 2 2 2 2 2 2 2 2 2 2 2 2 2 2 2 2 2 2 2 2 2 2 2 2 2 2
left_child=1 6 4 47 13 7 9 20 15 24 56 17 19 34 28 22 -17 44 32 46 25 38 35 -16 -1 27 -27 -3 -8 30 33 -15 36 -30 -2 51 -19 54 -12 40 -29 -42 -7 -11 45 -10 -9 61 -49 -18 -13 58 -40 -54 -36 -41 -6 -33 -5 -60 -56 -4
right_child=2 5 3 8 10 42 14 12 11 43 21 50 -14 31 23 16 49 18 -20 -21 -22 -23 -24 -25 -26 26 -28 39 29 -31 -32 57 -34 -35 37 -37 -38 -39 52 55 41 -43 -44 -45 -46 -47 -48 48 -50 -51 -52 -53 53 -55 60 -57 -58 -59 59 -61 -62 -63
leaf_value=-0.025027127402692646 0.074845693214179776 0.057060887616539317 0.050781610247111954 -0.013311611668924193 -0.090382984407530939 -0.045784676769784288 -0.098677793644800782 0.064319681717218025 0.071124203392872565 0.028174759499226806 0.031586220557545057 0.068008209997179117 -0.087620226960812564 0.04737821212912384 0.052757613987418017 0.092712895660000696 -0.011148813640596939 0.042931557277680499 -0.088160421603301578 -0.0051900329527955792 0.050562208463543562 0.14402416313611655 0.067598797527102794 -0.084407591968983814 0.081233955669725383 -0.09710167212716185 0.018233759772831485 -0.006433776913795851 0.089893732556700204 -0.090162572289911466 -0.077388301746530233 -0.056052297339486613 -0.072980851137212435 -0.048276590402809183 -0.10565194816127677 -0.08081926540075425 -0.052538004478994517 0.066319073243199023 -0.059897223476042261 -0.072038083724685703 0.26838391976681725 0.030350756994978679 0.090680247227857683 -0.080555143868832765 0.09579850923098765 0.017822102330057106 -0.075648113004976383 -0.078632585746548397 0.095899582203878189 0.072052249373898369 0.1030788746906644 -0.0071845966274888158 -0.055117783888468441 0.052859954288535307 0.04362547067834377 -0.0022670431981705176 0.10740722147533288 0.020506339109762347 0.020082210451532412 0.1030650812251977 -0.038423260604423588 0.10307210069540818
leaf_weight=151.1127348439768 557.73463838547468 671.26081326883286 214.10999727249146 496.50943114701658 2280.3922972893342 47.273239654488862 25753.806695492938 45.485258392989635 510.9667271701619 79.480032329447567 187.47875869274139 2200.9414776600897 838.24940012488514 158.49954086821526 146.72351455967873 529.81165918335319 336.35031209141016 627.62982468586415 141.31495999731123 1865.4495868831873 800.50239343754947 42.691889122128487 309.95034873485565 113.95268337149173 297.878133979626 247.38565759826452 298.43674854561687 1753.1001426111907 161.90540103800595 3329.6697174767032 303.40631375461817 539.49645130895078 113.40622176043689 78.339418134652078 58.883349518291652 128.75032084435225 113.12541393283755 237.7907421849668 619.85783660970628 223.84146542102098 28.251877945847809 1318.8606984661892 1120.5218031741679 532.14544897619635 288.74132176116109 872.85435110237449 443.20375965721905 51.515808885917068 78.590490628033876 147.36681460961699 757.42936003953218 2301.8655499480665 106.54069549776614 119.88784029334784 191.77912870794535 309.56602789182216 16.25593913346529 125.99108300544322 1648.5210345974192 122.48267372138798 157.00881980732083 22409.715400604531
leaf_count=6362 5812 6441 2942 3043 169142 938 2218966 481 4393 2277 2695 28273 47474 4101 1842 6730 2132 6318 1171 16355 7100 306 2267 5158 4079 13678 2047 13226 5438 271686 21533 20027 1097 3586 987 4224 824 2597 13199 6443 592 9621 16263 27408 4169 7024 25009 619 1320 2109 13790 19470 1888 1661 2012 1581 284 2472 10147 808 2111 439537
internal_value=-0.00353533 -0.0686263 0.0634487 0.0790908 -0.0361972 0.00653419 -0.0929397 -0.00384781 0.0340574 -0.0190567 -0.0678766 0.0546677 -0.0356258 0.0165153 -0.0955616 0.0147996 0.0552412 0.0299194 0.000268086 -0.0171119 0.0141037 -0.0228457 0.00661513 -0.00720315 0.0454706 0.00808699 -0.0340403 0.0134284 -0.096339 -0.0807884 -0.0233749 -0.0244506 0.014898 0.0448389 0.0445701 0.00259184 0.0283518 0.0184094 -0.029737 0.00536787 0.0117191 0.0353428 0.085156 -0.0664258 0.0475672 0.0375035 -0.0626205 0.102144 0.0267933 0.0141988 0.0769873 0.0049421 -0.043322 0.00205353 -0.00953581 -0.0315461 -0.088983 -0.0415581 0.0172525 0.0258213 0.00669078 0.102577
internal_weight=80762 40959.8 39802.2 34401.9 5400.29 10011.4 30948.4 8843.59 11648 1060.62 3373.11 5626.41 3192.39 2027.18 29887.8 6021.61 1013.53 2668.04 995.476 2354.14 5651.21 1076.46 5008.08 260.676 448.991 4850.7 545.822 4304.88 29627.1 3873.32 543.651 823.987 854.161 240.245 1203.2 4698.13 740.755 645.462 1033.77 3633.62 3100.21 1347.11 1167.8 611.625 1672.56 1383.82 488.689 22753.9 130.106 483.717 2958.37 4569.38 846.286 226.429 407.671 533.407 2296.65 665.488 2267.51 1771 348.788 22623.8
internal_count=3527285 2735584 791701 562407 229294 167249 2568335 150048 117989 40126 189175 67059 89319 40119 2528209 50930 10971 24996 9410 41845 60729 19749 39959 7000 10441 53629 15725 37904 2521209 302243 30557 26600 8239 9024 13519 37692 7142 7707 19443 31463 23439 10213 17201 29685 15586 11417 25490 444418 1939 4241 42063 33468 16748 3549 5110 8024 169426 22499 13998 10955 4123 442479
is_linear=0
shrinkage=0.1


Tree=28
num_leaves=63
num_cat=0
split_feature=4 26 11 16 25 9 10 11 16 7 26 17 17 9 16 23 16 10 18 16 11 11 11 16 7 18 17 9 16 23 11 18 16 11 1 2 0 11 16 2 26 11 8 0 1 1 9 2 1 14 11 14 14 15 14 26 18 14 26 0 7 9
split_gain=37445.6 4220.8 3658.63 1509.34 1034.05 774.031 646.674 446.481 442.164 430.697 286.617 234.341 231.299 229.615 228.619 215.315 210.344 194.702 162.676 152.281 145.677 168.273 137.882 122.797 115.108 110.083 98.082 97.4061 552.732 325.617 103.211 94.6868 83.4734 78.9702 74.7503 73.6356 73.5926 73.1953 67.369 64.6132 60.5831 59.7318 58.3654 57.5456 66.0635 55.275 54.5527 54.1186 71.76 53.6248 53.4702 70.9457 78.2554 50.0508 49.6726 49.1024 48.235 52.0026 47.0507 46.9044 46.6776 46.1947
threshold=1.0000000180025095e-35 1.0000000180025095e-35 0.47222222387790685 57.909116744995124 1.0000000180025095e-35 51.355310440063484 56.949806213378913 0.31666667759418493 94.146202087402358 82.972846984863295 1.0000000180025095e-35 99.839229583740249 56.025478363037116 68.660713195800795 75.083892822265639 0.30384616553783422 68.863315582275405 79.337715148925795 0.051315790042281158 55.891487121582038 0.10555555671453477 0.86607143282890331 0.64583334326744091 97.896198272705092 26.158231735229496 0.64495798945426952 99.839229583740249 65.419578552246108 68.863315582275405 0.23611111193895343 0.10555555671453477 0.81534090638160717 98.999900817871108 0.19090909510850909 3.5000000000000004 0.86771520972251903 0.96125608682632457 0.15476191043853763 77.345912933349624 0.92595291137695324 1.5000000000000002 0.23611111193895343 56.966489791870124 0.96125608682632457 4.5000000000000009 6.5000000000000009 49.675325393676765 0.57456156611442577 2.5000000000000004 5.5000000000000009 0.73214286565780651 4.5000000000000009 10.500000000000002 41.253477096557624 10.500000000000002 2.5000000000000004 0.31414473056793218 10.500000000000002 1.0000000180025095e-35 0.92782193422317516 82.574188232421889 82.446311950683608
decision_type=2 2 2 2 2 2 2 2 2 2 2 2 2 2 2 2 2 2 2 2 2 2 2 2 2 2 2 2 2 2 2 2 2 2 2 2 2 2 2 2 2 2 2 2 2 2 2 2 2 2 2 2 2 2 2 2 2 2 2 2 2 2
left_child=2 3 8 7 9 24 14 61 17 15 16 18 -12 46 -6 56 22 27 -8 -17 -20 31 45 25 -5 53 34 -1 -29 58 38 50 -33 43 -16 -27 54 -15 -31 -9 -38 -19 -32 44 -26 -4 -10 48 -24 -11 55 -52 -53 -23 -21 60 -3 59 -30 -58 -22 -2
right_child=1 4 10 5 6 -7 11 39 13 49 12 -13 -14 37 26 19 -18 41 20 36 21 23 47 -25 33 35 -28 28 29 30 42 32 -34 -35 -36 -37 40 -39 -40 -41 -42 -43 -44 -45 -46 -47 -48 -49 -50 -51 51 52 -54 -55 -56 -57 57 -59 -60 -61 -62 -63
leaf_value=-0.099428805645495305 -0.088663636791607048 -0.09839143243986348 -0.011370354521120186 0.058564531061856773 -0.088650039311568327 0.1015057135189663 -0.099142001813840558 0.038871854377485623 -0.070495670600848978 0.099120131293691183 -0.094924722124930416 0.10844702887841284 0.0035047136258106273 0.10268383365407652 -0.0017892247922886553 -0.081898631292235222 0.096287403497389915 0.12244577690309402 0.080821404089479396 0.0729487706382944 -3.5379106571063885e-05 0.11190204725956016 0.059643836781858112 0.084888027967937055 0.02403324716867887 -0.01723165465406945 0.15788905477177384 -0.092619665803677906 0.062482369628386408 0.50128426152672745 0.47614547580615901 -0.11055047086889445 0.057206248344887814 0.14160196511656817 -0.047393984579863165 0.026971935327839681 -0.1317430512186791 -0.0094136600617269021 0.20487387382494721 -0.021312813983507775 0.092752949458945882 -0.029162458140535509 0.062400777553679336 -0.2007116372730581 -0.034935159686333407 -0.057449491998025737 -0.01902450563859695 -0.014839996219564153 0.0042175961636963921 0.014058456248185209 0.075543004520354784 -0.046905533301802783 0.082037728126017784 0.03595073446295665 0.020433839630201043 -0.098310066685058956 0.021133278944571551 -0.080567640120122685 -0.062721268762686674 -0.084526677291860725 0.027424307871176321 0.066891001993179558
leaf_weight=21123.161885544658 387.49084093794227 80.101789494045079 442.26827918365598 807.05103890411556 766.67265756614506 21165.217437252402 126.55226719193161 1922.5002312138677 688.74310321640223 1938.8193771373481 666.98452054802328 267.87491006404161 371.8323974693194 135.3484984561801 706.02286837622523 82.510540766641498 207.21855825930834 28.813507470302284 323.61085478588939 990.70675443392247 2000.9492874778807 92.119099227711558 254.59247445967048 343.97236577421427 536.96639151778072 835.35877193510532 29.932039257138968 6118.034074511379 35.677433322183788 9.0297059481963498 3.5537735018879166 136.99785537272692 37.857637763023376 41.170999363996089 732.09882768522948 686.59611430764198 35.682710610330105 102.25768100749701 50.841128725558519 196.62562737986445 18.127714470028877 264.93833511322737 83.982733937911689 14.07845687214285 294.01229465473443 632.81322012189776 293.73352345637977 1412.9487998792902 2831.3809081446379 77.059327615424991 63.627680908888578 537.27494207210839 51.586145406588912 1492.5542520657182 220.13757553230971 43.722957292571664 275.66613807622343 90.786660737358034 189.09981113113463 49.568560047075152 896.34032950736582 20.080208495259285
leaf_count=2035411 27097 4020 13396 6988 53322 453250 6354 15654 32214 36226 49014 3836 4429 1322 8516 5110 2936 452 2466 13324 11467 809 1377 5319 4452 4731 198 570732 1270 212 64 724 344 328 18938 4428 278 875 514 1844 279 9545 1242 74 3654 34448 5123 8514 19937 976 435 3565 287 11705 2243 334 2156 666 11502 247 5738 374
internal_value=-0.00345014 0.0638656 -0.0772617 0.0881939 0.0198498 0.0963009 0.00312816 0.0148523 -0.0926989 0.0639235 -0.0113317 0.0165073 -0.0596931 -0.0337732 -0.0443902 0.0289874 -0.00264177 -0.0952751 0.013296 0.0497282 0.0151825 0.01224 -0.00631955 0.0281951 0.0312426 0.021918 -0.021276 -0.0961366 -0.0854218 0.0328971 0.148399 -0.00236965 -0.0742298 0.00636164 -0.0250051 0.00270981 0.058316 0.0544409 0.249578 0.0332875 -0.0561146 -0.0142915 0.0791978 -0.00022724 0.00316937 -0.0384934 -0.0551072 0.00136885 0.00879026 0.0958685 0.00112697 -0.0247706 -0.0356097 0.0403659 0.0634013 0.00687257 -0.0273318 -0.0136498 -0.0428485 0.00502979 0.00845988 -0.0809998
internal_weight=75363.3 39416.1 35947.3 25385.2 14030.9 22858.5 10171.7 2526.7 29127.2 3859.17 6820.04 7937 1038.82 1220.08 2234.73 1843.29 5781.22 27907.1 7669.12 1347.17 7542.57 7218.96 5574 3450.6 1693.28 3106.63 1468.05 27613.4 6490.22 372.185 147.407 3768.36 174.855 886.228 1438.12 1521.95 1264.65 237.606 59.8708 2119.13 53.8104 293.752 87.5365 845.057 830.979 1075.08 982.477 4498.92 3085.97 2015.88 3593.5 652.489 588.861 1584.67 1210.84 2941.01 496.123 416.021 224.777 325.235 2897.29 407.571
internal_count=3527285 722756 2804529 513715 209041 468746 143516 44969 2670478 65525 134051 62542 53443 39534 80974 28323 80608 2630944 58706 21234 52352 49886 77672 26992 15496 21673 27652 2620947 585536 14804 2032 22894 1068 8508 27454 9159 16124 2197 726 17498 557 9997 1306 8180 8106 47844 37337 29828 21314 37202 21826 4287 3852 12514 15567 17539 7089 3069 12772 2403 17205 27471
is_linear=0
shrinkage=0.1


Tree=29
num_leaves=63
num_cat=0
split_feature=4 25 11 16 9 7 16 16 9 1 14 7 24 22 16 7 27 14 3 27 22 16 3 6 16 27 1 21 21 22 11 16 27 9 7 3 3 11 11 11 11 16 25 9 3 15 11 3 3 9 3 15 6 8 11 16 10 16 22 16 22 8
split_gain=32871.7 3939.18 3557.67 1143.29 1081.25 823.864 443.932 398.628 316.847 233.432 218.316 201.334 190.017 356.744 273.798 181.144 148.475 139.433 127.976 126.863 118.383 112.845 108.791 103.213 417.589 231.922 102.804 102.263 99.1841 99.0364 98.7829 98.7363 104.918 97.1078 94.3141 93.598 91.5892 87.5554 94.2853 73.1269 69.6196 68.9855 66.8706 66.0621 63.5809 209.954 132.321 105.032 63.5136 91.0128 61.7171 61.093 58.8958 57.3639 56.0483 67.6326 55.5738 53.6697 53.3564 52.7233 52.6236 52.1099
threshold=1.0000000180025095e-35 1.0000000180025095e-35 0.47222222387790685 98.31455230712892 60.158729553222663 58.898942947387702 92.352676391601577 65.015338897705092 55.646631240844734 6.5000000000000009 4.5000000000000009 46.065429687500007 1.0000000180025095e-35 2.5000000000000004 83.530395507812514 81.302967071533217 1.0000000180025095e-35 8.5000000000000018 17.500000000000004 1.0000000180025095e-35 9.5000000000000018 47.546716690063484 171.50000000000003 51.66851997375489 66.122367858886733 1.0000000180025095e-35 4.5000000000000009 8.5000000000000018 8.5000000000000018 9.5000000000000018 0.64583334326744091 97.68778228759767 -1.0000000180025095e-35 49.675325393676765 21.132376670837406 4.5000000000000009 25.500000000000004 0.17424242943525317 0.86607143282890331 1.0000000180025095e-35 0.53571429848670971 45.485893249511726 1.0000000180025095e-35 91.36645889282228 15.500000000000002 1.0000000180025095e-35 0.31666667759418493 7.5000000000000009 2.5000000000000004 76.533164978027358 10.500000000000002 95.254184722900405 26.158231735229496 40.238094329833991 0.10555555671453477 97.15900039672853 89.512962341308608 49.606201171875007 7.5000000000000009 98.999900817871108 4.5000000000000009 99.35065078735353
decision_type=2 2 2 2 2 2 2 2 2 2 2 2 2 2 2 2 2 2 2 2 2 2 2 2 2 2 2 2 2 2 2 2 2 2 2 2 2 2 2 2 2 2 2 2 2 2 2 2 2 2 2 2 2 2 2 2 2 2 2 2 2 2
left_child=2 4 6 5 7 9 15 -2 -8 18 19 -5 13 22 -15 23 17 56 33 27 -13 -18 28 -1 44 42 -9 31 -4 51 -24 32 35 34 -3 -7 -17 -12 43 -35 -37 -34 -26 61 45 46 -25 48 49 -48 53 -21 -28 -10 55 -55 -6 -14 -27 -22 -41 -39
right_child=1 3 12 11 16 10 8 26 50 -11 37 20 57 14 -16 36 21 -19 -20 29 59 -23 30 24 25 58 52 -29 -30 -31 -32 -33 41 39 -36 40 -38 38 -40 60 -42 -43 -44 -45 -46 -47 47 -49 -50 -51 -52 -53 -54 54 -56 -57 -58 -59 -60 -61 -62 -63
leaf_value=-0.099269585226425358 -0.090303198200413257 0.05461125275719219 -0.0025550445510644621 0.01397824129868863 0.068238325313863368 0.075074160732495551 -0.069619732466467257 0.052837398976581573 -0.023934163314803445 -0.074213977687944008 0.086701264804757691 0.098877312273904103 -0.023314425418661605 -0.088339348793351424 0.042699331818442515 0.055343699513339409 -0.06324903665898704 0.026254969485147286 -0.10672311213793827 0.08413229190108025 -0.013256438856571951 0.10115104640414219 -0.079005329544478073 -0.068575038361687449 0.11475018210582384 0.17724709701555674 0.04307090289930976 0.057812067070683031 0.039623519082117586 -0.099048931168446833 -0.012677710012453772 0.089597736134921113 -0.098633744757515421 0.042927596735077768 -0.059121244214829255 -0.040999365396926037 -0.085202374938426334 -0.024905925771746724 0.078002953445242051 0.045536544867400303 0.034990612199237749 0.012966025448978687 -0.04625124590187743 -0.00096797708045187657 -0.096558267875540948 -0.093141037828172082 1.1350792604505515 -0.00048978958291746389 0.14816758961044821 0.24516114262523037 -0.022275167017058659 -0.13351434702383178 -0.025155078421820121 0.23862184862039243 0.0116362609533864 0.080038168733327475 0.097791959543001572 0.084867423792667041 -0.019719794200482824 0.081334351037961716 -0.024148994205121298 -0.10970084842757942
leaf_weight=19198.692227962427 268.31852362956852 86.393877900205553 3490.3152445163578 389.06874300166965 1075.4445604356006 559.4712702492252 992.13841594383121 1494.2041256446391 68.403669353574514 1061.7293282244354 111.96993052773178 2177.5372200384736 55.789197321049869 919.36595829389989 192.91044328175485 119.71663429122418 41.860618106089532 463.68237531930208 140.29591398220509 697.96141110546887 144.18331619352102 16093.221895878203 308.99594552256167 103.85819701384753 28.689462724141777 85.734813856892288 208.17671482078731 1012.4566773539409 663.49983770865947 32.253711489960551 821.51132564991713 214.61406098678708 56.258783586323261 417.60702479723841 467.28916025627404 142.68687946721911 75.676730004139245 296.30777855403721 134.45880342461169 135.35502477083355 777.62220158055425 3586.7988461237401 255.91076029278338 2117.9308286383748 4323.3700050432235 800.97401854302734 1.6170763568952669 68.389620203524828 52.882760412059724 3.9720897311344743 145.53081916924566 13.139760471880434 322.60061712376773 34.31830520927906 79.880770289339125 124.29399970918894 1558.151225399226 257.62692147772759 16.380778674967587 99.652290984988213 543.48861696664244 95.939560448750854
leaf_count=2040206 21773 2339 37762 2537 17197 7238 58828 15201 793 59231 975 48249 1449 60934 1546 1788 876 5375 6260 11764 1077 381153 18575 9589 996 800 1866 9558 5106 337 5530 3264 2670 5245 21036 1620 3933 3640 1014 2044 6083 24028 14208 14576 445200 80334 115 5660 3251 131 1931 156 3695 458 824 1169 33245 3149 264 1368 5287 779
internal_value=-0.00336473 0.061451 -0.0754771 0.0230346 0.0891357 0.0102647 -0.091902 0.024232 -0.0379937 -0.0370634 0.0239692 0.0807493 -0.0104129 -0.0141378 -0.0656123 -0.0950001 0.0968749 0.0768207 -0.0150331 0.0332501 0.0914782 0.100725 -0.00330315 -0.0957515 -0.0839883 0.0163664 0.0394083 0.0286744 0.00418225 0.072337 -0.0308067 0.0231473 0.0203635 -0.00723752 -0.041375 0.042818 0.000909572 8.76219e-05 -0.00357947 0.0100011 0.0232089 0.0112426 -0.0300213 -0.00794947 -0.0912354 -0.0689297 0.0151233 0.0836449 0.18205 0.502635 0.0313596 0.0801106 0.0016039 0.0567933 0.0799473 0.11435 0.0857236 0.0656107 0.145651 0.0254015 -0.0102544 -0.0456459
internal_weight=70328.6 37038.1 33290.4 15512.5 21525.7 12702 26580.4 2293.3 1444.57 2852.16 9849.87 2810.44 6710.01 6396.6 1112.28 25135.9 19232.4 3097.28 1790.43 7093.26 2421.37 16135.1 5284.32 24940.5 5741.78 386.716 2024.98 6349.91 4153.82 743.355 1130.51 5337.45 5122.84 1650.13 553.683 1479.78 195.393 2756.61 2644.64 1096.45 920.309 3643.06 284.6 2510.18 5355.06 1031.69 230.72 126.862 58.4719 5.58917 452.428 711.101 530.777 306.897 238.493 158.612 2633.6 313.416 102.116 243.836 678.844 392.247
internal_count=3527285 722756 2804529 242375 480381 189144 2670478 42535 64003 101442 87702 53231 134051 129453 62480 2606475 437846 55817 42211 66718 50694 382029 66973 2600754 560548 16268 20762 54461 42868 12257 24105 44903 41639 35951 23375 14941 5721 20984 20009 12576 7703 26698 15204 18995 544280 99080 18746 9157 3497 246 5175 11920 5561 3244 2451 1627 50442 4598 1064 2445 7331 4419
is_linear=0
shrinkage=0.1


Tree=30
num_leaves=63
num_cat=0
split_feature=1 25 10 6 9 23 18 3 17 23 26 18 27 11 7 26 23 11 11 25 3 3 3 9 26 26 3 17 14 14 22 9 9 11 3 26 17 18 17 9 27 21 3 21 18 27 17 18 18 15 6 9 22 15 18 15 9 23 18 21 22 3
split_gain=24242.7 4806.72 3915.85 1703.69 1212.5 916.753 777.571 555.735 412.225 347.28 299.697 268.319 267.459 213.616 224.668 211.523 226.459 211.221 193.731 177.742 173.173 147.343 131.64 150.577 134.65 125.39 119.495 115.416 111.052 107.813 92.3016 79.5325 78.6769 77.8739 73.6395 70.4677 163.856 102.576 68.7817 68.3958 68.2214 66.4036 65.7352 64.8236 100.831 66.7279 64.2679 62.3876 61.4806 60.215 59.3566 70.6796 57.8884 56.5214 55.8615 64.8972 54.6867 308.836 269.323 171.406 163.335 151.487
threshold=4.5000000000000009 1.0000000180025095e-35 69.282051086425795 59.870130538940437 51.355310440063484 0.44949495792388922 0.53589746356010448 4.5000000000000009 99.839229583740249 0.43650794029235845 1.0000000180025095e-35 0.26491229236125952 1.0000000180025095e-35 0.11805555596947671 85.053192138671889 1.0000000180025095e-35 0.23611111193895343 0.47222222387790685 0.31666667759418493 1.0000000180025095e-35 1.5000000000000002 120.50000000000001 6.5000000000000009 95.713413238525405 1.0000000180025095e-35 1.0000000180025095e-35 1.5000000000000002 50.862325668334968 8.5000000000000018 4.5000000000000009 4.5000000000000009 49.675325393676765 68.660713195800795 0.11805555596947671 1.5000000000000002 1.0000000180025095e-35 50.862325668334968 0.32738095521926885 99.22778701782228 82.842723846435561 1.0000000180025095e-35 7.5000000000000009 1.5000000000000002 8.5000000000000018 0.79057019948959362 1.0000000180025095e-35 59.105201721191413 0.26201373338699346 0.11651583760976793 98.048732757568374 23.132664680480961 46.027742385864265 4.5000000000000009 92.113239288330092 0.13188406080007556 1.0000000180025095e-35 53.001201629638679 0.23611111193895343 0.13188406080007556 6.5000000000000009 7.5000000000000009 10.500000000000002
decision_type=2 2 2 2 2 2 2 2 2 2 2 2 2 2 2 2 2 2 2 2 2 2 2 2 2 2 2 2 2 2 2 2 2 2 2 2 2 2 2 2 2 2 2 2 2 2 2 2 2 2 2 2 2 2 2 2 2 2 2 2 2 2
left_child=1 4 6 7 11 13 17 25 9 21 -11 -1 -12 -4 22 48 -17 20 -9 42 30 29 24 -24 -15 -3 -13 -7 -18 43 -2 38 34 -31 -21 37 -37 -16 -27 -35 -33 -30 -8 44 45 49 -26 -20 52 -5 -28 -52 -6 -41 55 -19 -22 -58 -59 -60 61 -61
right_child=2 3 5 8 15 27 19 18 -10 10 12 26 -14 14 35 16 28 54 47 32 56 -23 23 -25 46 31 50 -29 41 33 -32 40 -34 39 -36 36 -38 -39 -40 53 -42 -43 -44 -45 -46 -47 -48 -49 -50 -51 51 -53 -54 -55 -56 -57 57 58 59 60 -62 -63
leaf_value=-0.089704458939195847 0.034640959311233545 0.043397993035091204 0.10163995642028917 0.01868383006652603 0.064749991261044679 -0.057146154799833149 0.059387879481336038 -0.09218145128492107 0.10429793998484126 0.097702254554575652 0.043357167782864303 0.066838903439503466 -0.13785601718080182 0.063631979871354327 1.849573512684652e-05 0.0087273211328277658 0.09198421322848159 -0.023762851869005439 -0.038505015075774078 -0.0013467034168697168 -0.099617976316153642 -0.046470230067482458 -0.084403871989577134 -0.020302287059721945 -0.091969675303231843 -0.059012264389743357 0.042787779850723712 0.092155547566805773 0.082906153567043658 0.10469851258216363 -0.061905452164033661 0.012673568800999813 0.0083780897270260366 -0.053847193351844937 -0.075607339776845417 -0.094367235081994738 -0.0032806314239341768 0.1021513248505172 0.21519829322744016 0.015324596481262154 -0.089454022705780845 -0.016170960344914543 -0.0059083585901548953 0.050161602096192526 0.10248913677421947 0.077853286507866173 -0.012954575442239125 0.056122314412961075 0.10119997233393246 0.089460165383628013 -0.035852557050903663 0.039093156814077323 -0.10520913301843492 -0.02173786502514656 0.035760627260106141 -0.09922574857958337 -0.095139611031412802 -0.095047919162807817 -0.070469785912068317 0.19027978196504183 -0.07648667487899799 0.0030985924560048986
leaf_weight=259.02217959426343 118.04564367420971 453.02911005541682 147.02385861612856 5635.1441483190283 101.19432603940368 54.649428529664874 227.07402060180902 1796.8508117515594 730.49679652228951 1140.1694513726979 362.2782150907442 404.62446126900613 105.06922935601324 187.84924800042063 2447.3468402177095 490.039491513744 1988.7308022174984 359.49359542597085 209.48178885784 163.60772059112787 13375.792316170409 322.58904282189906 1001.1264622556046 578.04751756601036 144.19949391018599 416.2803361415863 245.89085957407951 985.00755375623703 115.02878596447408 75.203308679163456 614.49740178976208 621.00395314209163 193.63581807166338 205.41356990672648 726.47122398111969 266.56896638404578 762.14687049016356 102.45353320986032 9.3530774777755123 1713.8875083336607 73.108829516917467 164.22329871915281 480.26784070208669 1152.2728632194921 160.64114364609122 207.95587657857686 359.74011942185462 104.39431200828403 14353.230365497991 122.82676990330219 455.57098209671676 173.85618835967034 24.988984532654285 541.47474847733974 94.650335904210806 166.85616507381201 6650.2910922160372 275.8011756632477 103.06839118525386 125.39224285352975 50.474045037291944 65.990797801874578
leaf_count=27638 2977 12223 2133 58137 2212 1259 2882 175933 16943 27703 3018 4307 699 2969 19025 5597 42571 14705 12291 2404 1550281 10867 80335 10847 10837 27604 3457 21732 1800 601 32280 9833 1653 6542 49332 23887 6839 2253 60 16953 591 1571 10076 13756 4179 2235 2752 1146 372894 2324 9446 2486 1697 3213 1454 12425 735936 30198 6672 2167 2794 1654
internal_value=-0.00328369 0.0537508 -0.067918 0.0137663 0.0881613 -0.00238112 -0.0873001 -0.0459903 0.03141 0.0268766 0.0700584 0.00311478 0.00261675 -0.017411 -0.0204032 0.0957543 0.0703727 -0.0924583 -0.0795193 -0.0239394 -0.0941282 0.0200292 -0.0450046 -0.0609399 -0.00862842 -0.000993065 0.0218986 0.0843075 0.0836923 0.0222149 -0.0463475 -0.0189529 -0.0493899 0.00445858 -0.0619573 -0.004791 -0.0268837 0.0041223 -0.0529866 0.00139516 0.00191677 0.0246406 0.0150533 0.0284012 0.0243086 0.0222035 -0.0355643 -0.00703223 0.100589 0.0201936 0.00112454 -0.0151516 0.0310918 0.00642652 -0.0349666 -0.0476851 -0.0958235 -0.0888432 -0.0213847 0.0375162 0.0835348 0.125738
internal_weight=65762.9 34935.3 30827.6 16158.9 18776.4 7036.16 23791.4 3683.5 12475.4 11744.9 1607.52 1538.96 467.347 5996.5 5849.48 17237.4 2758.02 22000.4 2110.73 1791.06 21379.4 10137.4 2270.96 1579.17 691.789 1572.78 1279.94 1039.66 2267.98 9814.82 732.543 1119.75 1083.71 2535.98 890.079 3578.52 1028.72 2549.8 425.633 2460.78 694.113 279.252 707.342 7278.84 6126.57 5965.93 503.94 313.876 14479.4 5757.97 875.318 629.427 126.183 2255.36 621 526.35 20646.8 7271.02 620.727 344.925 241.857 191.383
internal_count=3527285 882527 2644758 406851 475676 184868 2459890 239681 167170 150227 31420 47334 3717 161877 159744 428342 51539 2393543 189370 66347 2364959 118807 107740 91182 16558 50311 19696 22991 45942 107940 35257 38088 53389 27309 51736 52004 30726 21278 27664 26708 10424 3371 12958 80631 66875 62696 13589 13437 376803 60461 15389 11932 3909 20166 28584 27130 2329702 779421 43485 13287 6615 3821
is_linear=0
shrinkage=0.1


Tree=31
num_leaves=63
num_cat=0
split_feature=4 26 11 17 9 25 16 9 9 6 6 18 17 26 17 24 16 7 16 22 16 3 26 18 16 18 3 3 1 9 11 16 3 11 16 22 16 11 1 3 26 1 8 3 18 22 3 14 6 1 3 1 6 1 14 2 1 3 2 3 22 7
split_gain=25422.7 3594.7 3308.18 1357.51 753.809 686.796 434.154 533.145 406.856 405.449 280.392 225.933 214.383 206.126 197.17 158.569 153.524 150.886 146.586 127.258 134.913 111.525 110.095 112.616 137.986 113.576 108.513 108.209 95.275 92.7414 109.023 89.8095 86.4895 86.3122 86.1367 84.3068 87.5364 82.0828 117.287 135.463 126.574 81.5208 76.7861 75.5422 73.8036 72.2634 68.8117 67.3757 66.9793 64.4446 79.3528 57.9671 54.779 54.6592 53.7268 53.2274 67.8233 52.336 51.1544 70.1035 50.7407 50.4378
threshold=1.0000000180025095e-35 1.0000000180025095e-35 0.47222222387790685 59.65881538391114 58.434959411621101 1.0000000180025095e-35 84.650035858154311 55.646631240844734 54.433221817016609 83.910789489746108 47.690120697021491 0.057189542800188072 99.839229583740249 1.0000000180025095e-35 51.209756851196296 1.0000000180025095e-35 68.863315582275405 81.302967071533217 91.53735733032228 11.500000000000002 52.960655212402351 14.500000000000002 2.5000000000000004 0.63961037993431102 98.192703247070327 0.81534090638160717 8.5000000000000018 1.5000000000000002 5.5000000000000009 99.31506729125978 0.86607143282890331 95.678848266601577 94.500000000000014 0.53571429848670971 97.68778228759767 8.5000000000000018 98.999900817871108 0.31666667759418493 6.5000000000000009 35.500000000000007 1.0000000180025095e-35 3.5000000000000004 82.842723846435561 36.500000000000007 0.68990385532379161 9.5000000000000018 25.500000000000004 11.500000000000002 23.132664680480961 12.500000000000002 20.500000000000004 11.500000000000002 64.565757751464858 2.5000000000000004 5.5000000000000009 0.8320487141609193 2.5000000000000004 1.5000000000000002 0.49279357492923742 10.500000000000002 3.5000000000000004 19.399641990661625
decision_type=2 2 2 2 2 2 2 2 2 2 2 2 2 2 2 2 2 2 2 2 2 2 2 2 2 2 2 2 2 2 2 2 2 2 2 2 2 2 2 2 2 2 2 2 2 2 2 2 2 2 2 2 2 2 2 2 2 2 2 2 2 2
left_child=2 3 6 10 26 9 17 34 18 15 -2 -10 22 16 -15 -3 29 37 -7 20 -17 44 23 31 25 53 28 51 57 30 32 41 42 43 -8 -26 -37 -1 39 40 -39 -13 49 -29 45 -9 -19 -21 -20 50 -4 -12 -46 -25 -11 56 -31 -5 59 61 -58 -36
right_child=1 5 13 4 -6 8 7 21 11 54 27 12 -14 14 -16 19 -18 46 48 47 -22 -23 -24 24 35 -27 -28 33 -30 55 -32 -33 -34 -35 58 36 -38 38 -40 -41 -42 -43 -44 -45 52 -47 -48 -49 -50 -51 -52 -53 -54 -55 -56 -57 60 -59 -60 -61 -62 -63
leaf_value=-0.098276780139016404 -0.071360864468925561 -0.028115175089299057 0.052620418309604615 0.077612559368509582 0.099977132357691192 -0.084146476498011907 -0.093197184299469674 0.10892648617722277 -0.098512342049409549 0.095553966222563638 0.098768246955147604 0.031953127224930579 0.10654574761005682 -0.097251744591361836 -0.0024936639462557536 -0.082632315766211023 0.090127068255167975 0.046215231164405408 0.076425803966219508 0.0045448108361328121 0.070296868604086182 -0.035340223121878601 -0.091139899743667749 0.0052970030371600231 0.078912892056772557 -0.10773705442944402 -0.053259637792076653 0.0029469380908812345 -0.004716748873746319 0.037230896288690828 0.066873330338677803 0.089805743143752434 -0.075361327035210451 0.031397820468478589 0.30070060086118289 -0.033200263771794795 0.081530888181786818 0.072237524422802069 -0.090628347223322955 -0.080275382366270548 -0.078930164781895407 0.00083734879703375618 -0.036718058676545241 -0.092776008398397614 -0.032809643349252786 -0.060720555201710817 -0.083314589294656405 -0.12767977838521968 -0.028064083150997916 -0.076931241493517891 0.29267985989269635 -0.046264240329802017 0.084949854989225193 -0.019875073889760484 -0.0064861561946670809 -0.04214791308209203 0.0010814688047260149 0.036663554517760259 -0.062682585122946888 -0.083574226731554735 -0.062669904873945192 0.041902071473906746
leaf_weight=17223.340203191619 330.57817663438618 471.04120780620724 56.785515262745321 498.35517806466669 15785.801652892493 685.83555343188345 1170.5200785049237 235.26208769157529 190.85365694854409 1496.8729179631919 265.04877548199147 2079.2315995376557 230.88080831244588 481.4365799119696 403.73659304250032 62.006779641844332 174.82827080786228 109.10665104817599 78.163245307281613 269.59710591938347 827.91155150812119 184.44569122511894 108.70597034785897 2092.4063877314329 316.75567346438766 111.13854180648923 136.56168318167329 394.73695764131844 381.32120935246348 525.91842385660857 96.662748204544187 190.81572118774056 447.02978512551636 1399.2175602912903 8.4254823271185142 200.12835120037198 99.595088269561529 154.01192125771195 1997.2356320982799 338.62710367096588 86.497719538398087 1414.9970542853698 294.14495422877371 104.20834303740412 116.27899452578276 28.108729940839112 65.71547635551542 44.964423374272883 285.14101436547935 24.174582999199629 18.177509658038616 30.756023591384292 59.826558038592339 1467.726923905313 53.442216472700238 270.28343704808503 3579.9732067529112 835.17506245709956 339.30846596136689 48.145838623866439 129.3578854650259 70.905999328941107
leaf_count=2204644 24506 6736 1595 6233 446203 56207 132936 4296 13191 36174 3424 15396 3977 46372 7071 4740 2936 1687 1249 3716 12891 5260 1155 12957 5105 691 1733 4816 4292 3140 690 1368 27605 11486 333 1399 1261 11480 239082 38508 8481 14484 6996 3368 958 1013 3915 482 6779 1670 790 421 802 8297 786 1933 26591 7233 11334 2693 6662 3056
internal_value=-0.00318619 0.0567809 -0.0719209 0.08308 0.0928971 0.0152856 -0.0902684 -0.0487384 0.00181325 0.0551802 0.0144948 0.00906244 0.0115324 -0.00918012 -0.0540316 0.021078 -0.00211247 -0.0949698 -0.0569411 0.0403162 0.0596412 0.0299209 0.00881793 0.0101808 -0.000837168 -0.00818829 0.0325304 0.0274312 0.0393623 -0.00507546 -0.0337005 0.0230008 -0.0452697 0.0186642 -0.0787128 0.0429404 0.00492375 -0.0957865 -0.079139 -0.0395162 0.0178711 0.0193527 -0.0110657 -0.0170455 0.0573107 0.0908206 -0.00247491 -0.0143558 -0.00558356 0.0650458 0.110832 0.0836886 0.0071956 -0.00508062 0.0920365 0.000877435 0.00362321 0.0519667 -0.0423917 0.011617 -0.00114177 0.069388
internal_weight=61678.2 32940 28738.3 20161.8 17637.2 12778.2 22235.8 2261.23 9552.38 3225.84 2524.55 8503.24 8312.38 6502.51 885.173 1675.52 5617.34 19974.5 1049.14 1204.48 889.918 623.922 8081.5 7972.8 4287.75 3671.27 1851.41 2193.97 1714.85 5442.51 936.975 3685.04 840.312 1898.16 1637.31 616.479 299.723 19799.7 2576.37 579.137 240.51 3494.23 393.283 498.945 439.476 263.371 174.822 314.562 363.304 99.1376 74.963 295.805 176.106 3560.13 1550.32 4505.53 4235.25 1333.53 466.786 127.477 3709.33 79.3315
internal_count=3527285 722756 2804529 513715 465694 209041 2670478 162681 143516 65525 48021 79281 66090 134051 53443 28565 80608 2507797 64235 21829 17631 12329 62113 60958 29710 21945 19491 23515 17758 77672 39346 31248 38656 19670 150352 7765 2660 2502195 297551 58469 19961 29880 11051 8184 7069 5309 5602 4198 8028 4055 2385 3845 1760 21254 36960 38326 36393 13466 17416 6082 33253 3389
is_linear=0
shrinkage=0.1


Tree=32
num_leaves=63
num_cat=0
split_feature=4 25 11 9 10 17 10 3 1 17 23 23 10 18 9 24 23 18 23 15 17 3 11 11 15 14 18 3 11 11 3 11 3 3 18 9 23 18 21 3 15 3 14 9 0 23 18 17 9 8 1 21 2 23 0 24 10 17 18 23 8 18
split_gain=22207.3 3291.96 3188.33 998.854 665.513 365.636 290.889 366.138 274.921 262.801 261.869 187.82 187.946 167.473 184.386 167.174 160.243 234.753 135.33 270.23 224.489 112.523 108.751 102.102 120.963 94.9083 93.7924 93.669 87.7928 85.9153 82.9757 94.2493 82.3414 78.0238 76.5074 73.9172 344.532 283.682 172.021 133.431 74.4063 72.5148 71.3384 70.4792 69.7006 68.55 68.0435 64.8828 64.7849 78.807 63.2944 62.7912 62.3639 61.2809 67.1721 60.5058 59.3637 57.3105 56.5366 56.4289 56.4045 56.0765
threshold=1.0000000180025095e-35 1.0000000180025095e-35 0.47222222387790685 61.651582717895515 61.16780090332032 99.839229583740249 68.457099914550795 11.500000000000002 6.5000000000000009 66.485504150390639 0.43650794029235845 0.94444444775581371 88.396572113037124 0.44222222268581396 65.419578552246108 1.5000000000000002 -1.0000000180025095e-35 0.30901856720447546 0.17424242943525317 1.0000000180025095e-35 63.661756515502937 16.500000000000004 0.19090909510850909 0.23611111193895343 19.082633018493656 8.5000000000000018 0.051315790042281158 1.5000000000000002 0.095454547554254546 0.31666667759418493 4.5000000000000009 0.64583334326744091 98.500000000000014 18.500000000000004 0.58957219123840343 54.72370910644532 0.23611111193895343 0.13188406080007556 6.5000000000000009 26.500000000000004 54.267461776733406 48.500000000000007 9.5000000000000018 77.485187530517592 0.54323303699493419 0.10555555671453477 0.13188406080007556 99.839229583740249 48.050632476806648 19.399641990661625 4.5000000000000009 5.5000000000000009 0.6382536292076112 0.44949495792388922 0.45386785268783575 1.5000000000000002 76.533164978027358 96.313285827636733 0.64852941036224376 0.30384616553783422 69.309261322021499 0.2806250005960465
decision_type=2 2 2 2 2 2 2 2 2 2 2 2 2 2 2 2 2 2 2 2 2 2 2 2 2 2 2 2 2 2 2 2 2 2 2 2 2 2 2 2 2 2 2 2 2 2 2 2 2 2 2 2 2 2 2 2 2 2 2 2 2 2
left_child=2 3 6 9 8 10 13 23 21 55 16 12 28 35 29 -12 17 27 19 30 -21 47 -18 -8 43 -17 -24 -6 -5 53 56 32 -32 -33 45 -1 -37 -38 -39 40 60 44 -30 -25 -35 57 -13 48 49 -3 -11 -47 -36 -15 -55 -2 -4 -28 -50 -26 -40 -9
right_child=1 4 18 11 5 -7 7 61 -10 50 15 46 -14 14 -16 25 22 -19 -20 20 -22 -23 26 24 59 -27 34 -29 42 -31 31 33 -34 41 52 36 37 38 39 -41 -42 -43 -44 -45 -46 51 -48 -49 58 -51 -52 -53 -54 54 -56 -57 -58 -59 -60 -61 -62 -63
leaf_value=-0.099601965743910226 -0.077270387210795946 0.062599612177681258 0.1702256404743267 0.086910950637855228 0.094642966236790915 0.10353195092186773 0.12824562368485307 -0.088769856092025867 -0.065716147389315874 0.046563195895268424 0.094186273221881639 -0.025484207253735704 0.095023984204944026 -0.089806930844341507 0.03016754693883978 0.044714640564999825 0.079298708561176531 0.10133004399172492 0.059975091663141224 -0.092521272964246531 0.012057443174890712 -0.087377594636886491 -0.097790571257057826 0.40246955581925825 -0.074949487585301566 -0.053721664673209268 0.0092220994258757193 0.017201157458513507 0.044183076775768049 0.31483589119241495 -0.004951791244828526 -0.019401625401549959 -0.068289996832587713 0.063384403391208724 -0.027005398295699558 -0.09254832227991637 -0.088374839776658054 -0.075913704662702489 0.24369547998833008 -0.028525136319265749 0.034721309640249269 0.0014071879696384943 -0.020270115433263142 0.07492904378700159 -0.0056969056632534204 -0.006777048200580559 0.099785591684929231 0.087947865202246275 0.030804015808053798 -0.040945116675159904 0.0039646092116734574 0.062190823216362205 0.0072370151142103229 0.031507335449781938 -0.064278110502517721 0.046768319740800077 0.033249727088521787 0.11156740077813661 -0.010338844066334205 0.044049380579381431 0.0072083536305931513 0.029580540477338303
leaf_weight=11715.233923048247 291.10304265515879 85.330093948170543 37.003411779180169 392.22193314600736 173.21404507011175 644.46687164343894 96.932846230454743 668.2092053713277 974.84654521197081 1359.9199870461598 838.7640481274575 43.523836130276322 1660.8511549308896 963.64966255007312 193.35442680865526 547.13757391646504 228.29220412112772 519.07902857288718 276.61957605276257 664.4349946747534 297.01908896770328 144.01303361635655 81.114179267548025 7.0659701684489837 128.77945906249806 119.30540269985795 1654.5178560409695 1588.8720946768299 900.19163438584656 5.6646616230718783 414.81846246309578 1301.2916854918003 406.27689715102315 424.1043791025877 640.45456931367517 5473.5959105757065 190.26489657675847 55.489438183605671 89.674716660752892 41.902490448672324 28.731418670620769 2150.3011531643569 212.20702681131661 93.496361384633929 222.77475797384977 166.29958841763437 11549.37243120186 88.240329470485449 752.18757888115942 530.3416380751878 469.12115862220526 640.21702208276838 3137.0265404395759 90.798750286456198 378.01936602499336 45.468783931806684 218.27769883722067 56.585242491215467 600.74688776768744 57.704662560485303 11.363577559590338 42.586681559216231
leaf_count=1667122 22048 1707 440 6409 2044 18075 1848 76707 60382 15707 24419 849 45180 108562 2939 8194 2176 13719 4474 59705 3015 6874 5108 342 9739 775 11754 13288 15844 113 14456 6530 28592 2107 3820 739908 25793 5344 2101 1096 1458 12556 2605 2149 1075 1229 365417 899 11669 21819 4691 6676 23100 7025 15627 1631 1101 376 4272 1367 302 936
internal_value=-0.00309153 0.0543178 -0.0699232 0.0841142 0.0188331 0.0304421 -0.0893137 -0.0391738 -0.021507 0.0206939 0.0259089 0.0934204 0.0718316 -0.092167 -0.0615166 0.0644801 0.019375 0.042225 -0.00844447 -0.0115288 -0.0602141 -0.00192509 0.0114827 0.0395088 0.00954316 0.0270928 0.00905468 0.0248137 0.046231 -0.0738434 -0.00248335 -0.00536786 -0.0362915 0.000827426 0.0104314 -0.0950072 -0.0858699 0.00170213 0.0771483 0.126622 0.176719 0.0102383 0.0318876 0.0979435 0.0395939 0.0239352 0.0993153 0.00405798 0.000297723 -0.0265942 0.0356373 0.04797 0.00143137 -0.0753804 -0.0457268 -0.0605135 0.0531046 0.0126066 0.0125352 -0.0381271 0.217098 -0.081679
internal_weight=57880.5 31135 26745.4 16924 14211.1 11035.3 20332.5 1094.78 3175.71 2165.61 10390.9 14758.4 3165.47 19237.7 1631.49 1505.21 8885.67 2281.17 6412.92 6136.3 961.454 2200.86 6604.51 383.979 287.046 666.443 6376.21 1762.09 1504.62 1438.13 5174.85 4919.57 821.095 4098.47 6295.1 17606.3 5891.02 417.427 227.162 171.672 129.77 2797.18 1112.4 100.562 646.879 2517.62 11592.9 2056.85 1968.61 615.672 1829.04 806.517 3777.48 1432.47 468.818 336.572 255.281 1711.1 1352.93 186.484 101.038 710.796
internal_count=3527285 722756 2804529 480381 242375 134753 2670478 93088 107622 44077 116678 436304 70038 2577390 134266 33388 83290 29051 134051 129577 62720 47240 54239 15445 13597 8969 52063 15332 24858 131327 66857 65316 43048 22268 46955 2443124 776002 36094 10301 4957 3861 15738 18449 2491 3182 20035 366266 40366 39467 23526 20398 7905 26920 131214 22652 23679 1541 12130 15941 11106 2403 77643
is_linear=0
shrinkage=0.1


Tree=33
num_leaves=63
num_cat=0
split_feature=4 25 7 9 16 7 16 16 1 9 23 9 16 10 23 8 9 23 22 21 1 22 18 23 16 18 16 17 1 0 18 22 27 18 21 16 18 14 17 17 18 2 22 6 9 6 10 6 16 17 8 14 16 10 9 9 21 2 10 18 1 14
split_gain=19356 3091.87 3015.91 973.497 794.518 434.902 343.945 257.252 230.968 209.468 202.287 197.473 312.946 190.349 189.545 174.461 157.282 152.146 143.679 156.506 124.316 109.194 207.174 108.15 103.036 127.643 86.3942 82.741 75.8943 74.7957 68.6081 123.534 65.6636 75.5467 65.0409 64.8561 62.35 60.1506 59.0647 58.9806 58.2647 56.4615 55.8567 63.2546 55.82 110.661 65.6212 64.6592 54.0689 53.3115 51.3108 51.2315 49.2385 49.1238 49.0315 48.4655 47.71 47.4348 45.5955 44.8583 43.7892 43.7082
threshold=1.0000000180025095e-35 1.0000000180025095e-35 69.614067077636733 61.651582717895515 98.999900817871108 88.067794799804702 92.352676391601577 59.135110855102546 8.5000000000000018 58.123168945312507 0.94444444775581371 65.419578552246108 67.806350708007827 88.396572113037124 0.44949495792388922 93.813774108886733 49.675325393676765 0.44949495792388922 9.5000000000000018 9.5000000000000018 4.5000000000000009 3.5000000000000004 0.12973351776599887 0.4083333313465119 97.68778228759767 0.64495798945426952 74.78967666625978 99.839229583740249 5.5000000000000009 0.92782193422317516 0.2981481552124024 3.5000000000000004 1.0000000180025095e-35 0.53589746356010448 9.5000000000000018 51.63978576660157 0.98076921701431286 5.5000000000000009 83.458904266357436 97.624691009521499 0.48050974309444433 0.84072214365005504 8.5000000000000018 51.087471008300788 46.737588882446296 24.068965911865238 25.677655220031742 28.759398460388187 91.820003509521499 51.119464874267585 37.248718261718757 10.500000000000002 97.896198272705092 30.471628189086918 46.737588882446296 77.058032989501967 6.5000000000000009 0.99998292326927196 69.00656890869142 0.77097901701927196 3.5000000000000004 10.500000000000002
decision_type=2 2 2 2 2 2 2 2 2 2 2 2 2 2 2 2 2 2 2 2 2 2 2 2 2 2 2 2 2 2 2 2 2 2 2 2 2 2 2 2 2 2 2 2 2 2 2 2 2 2 2 2 2 2 2 2 2 2 2 2 2 2
left_child=2 3 6 7 5 8 11 -2 18 -6 13 -1 20 29 15 40 -8 -14 19 27 -13 -17 -23 24 25 34 -10 30 44 51 31 57 33 -20 60 56 37 -31 -32 41 -4 48 43 50 45 -9 -47 -48 -27 -16 -19 -5 -24 -49 -21 -18 -12 -3 -28 -26 -7 -46
right_child=1 4 14 10 9 23 16 28 26 -11 35 12 17 -15 49 21 55 42 32 54 -22 22 52 -25 59 39 58 -29 -30 36 38 -33 -34 -35 -36 -37 -38 -39 -40 -41 -42 -43 -44 -45 61 46 47 53 -50 -51 -52 -53 -54 -55 -56 -57 -58 -59 -60 -61 -62 -63
leaf_value=-0.098042375391467873 -0.095076971974201119 0.007478153947271692 -0.052183735670132791 0.062355730882575899 0.0013891558824554362 0.037591403135988431 -0.066665418284560574 0.064963858895804347 -0.080135935114051093 0.097688234646357439 -0.10994757062460264 -0.039080769968287909 -0.024731097968686701 0.093766265493791814 -0.032373621566478071 0.0018255674950281759 -0.0080063068522065132 0.065911143372008957 -0.095467658754562826 -0.019827967006510551 -0.088084815850873743 -0.093562384504831786 0.0021994547670345361 0.072532477794595387 0.092314357932535868 0.051894953424114522 -0.040297000804358239 0.11199677123227617 -0.010240783475117527 0.045175133438602563 0.023289274200440132 -0.074786619166473819 -0.11323626224540886 -0.013725148197378531 0.076752278827682291 0.099064757433712569 0.10380713622904575 -0.071321683420849144 -0.0051033149111064588 0.053870408664886842 0.062753455385516438 0.014504527961982899 -0.063087125516179288 0.12564507300351377 0.077207154616067059 -0.11284219832009633 0.055943736287409757 -0.1029198637051966 -0.031983181581391226 0.099603594851714411 0.58360122486571619 0.0071451399664536827 0.11408290484563562 -0.0015759573066903164 0.069783152713528862 0.069423362664691846 0.10360727812857125 -0.088730374520585353 0.033858834703571893 0.00056468100619788165 0.010497866992302277 0.010494418668514149
leaf_weight=12916.878701607231 180.49148667417467 621.38610518351197 1077.6560143348761 1014.5147318998352 269.37309717014432 1736.7930088117719 658.71175201470032 395.3067440870218 547.70142376096919 1398.9068701639771 25.819942410103977 605.19705737568438 219.23373934207484 1521.948266511783 36.134763965383172 4352.9011094258167 374.85246187960729 2.87000006996095 137.66133921407163 70.686617624014616 3580.0522265159525 354.7944800844416 245.66262820363045 521.08602289296687 298.89990432187915 85.127305336296558 294.85576400719583 64.328099360689521 380.86092178663239 67.359312046319246 1129.3520509260707 333.79595838859677 103.30217292392626 632.73391732573509 309.25385016947985 10522.700761970133 41.192699585109949 129.58775336667895 2086.041543520987 177.22444647550583 45.986762123182416 684.72379048541188 13.700284739490597 77.111394877079874 476.49989981483668 50.577250807546079 174.22375810518861 57.972328436095268 790.47763242200017 200.08261341229081 5.7510460065677762 201.44299180619419 46.833159975707531 273.37748614605516 448.31067372718826 103.06465524528176 17.58718369808048 55.853524526115507 115.35219111666083 64.850196858868003 908.61623031459749 123.70312261022627
leaf_count=2011998 20056 8376 89830 18531 1508 17557 52906 4093 43049 44650 605 56217 13101 45180 1101 26087 9098 61 7146 4319 495808 39721 2177 11984 6424 597 9351 963 5492 1316 13290 19175 924 4259 3727 365422 1181 1279 17559 1803 452 4487 229 583 7882 497 1577 566 4272 3046 124 2551 714 2448 5328 1276 239 1204 884 936 8603 1466
internal_value=-0.00299692 0.0517557 -0.067911 0.082225 0.0174061 0.00856761 -0.088278 0.0190956 -0.00872107 0.0821391 0.0920752 -0.0917555 -0.0737251 0.069046 -0.00848372 -0.0118743 -0.0349801 0.0218032 -0.00106504 0.00571152 -0.0809987 -0.00387299 -0.0421947 0.0291556 0.024685 0.0207103 -0.0541457 -0.000562127 0.029759 0.0431723 -0.00227532 -0.0249967 -0.0383704 -0.0283317 0.0333584 0.0985616 -0.00807658 -0.0314778 0.0048691 -0.000797422 -0.0474798 -0.00700668 0.124404 0.154366 0.0395771 0.0245127 -0.0042396 0.00662494 -0.0238285 0.0794147 0.411259 0.0532092 0.0201137 -0.0193069 0.0575783 0.0086917 -0.023422 -0.000456387 -0.0194441 0.075957 0.0282856 0.0634575
internal_weight=54459.3 29541.9 24917.5 15655.2 13886.7 12218.4 18557.4 2113.01 6641.36 1668.28 13542.2 17420.8 4503.92 2976.05 6360.05 6123.83 1136.63 318.666 5683.45 4809.75 4185.25 5000.19 647.29 5577.05 5055.97 4692.22 957.909 4290.76 1932.52 1454.1 4226.43 1011.04 873.697 770.395 2954.66 10566.1 238.14 196.947 3215.39 1737.55 1123.64 1560.33 99.4327 85.7324 1551.66 951.458 556.151 505.574 875.605 236.217 8.62105 1215.96 292.496 331.35 518.997 477.917 43.4071 677.24 410.208 363.75 2645.41 600.203
internal_count=3527285 722756 2804529 480381 242375 196217 2641401 44077 135827 46158 436304 2578121 566123 70038 163128 158981 63280 14098 82543 70214 552025 68699 42612 60390 48406 41046 53284 60567 24021 24858 59604 28755 12329 11405 29887 366266 3776 2595 30849 11159 90282 9356 997 768 18529 9181 5088 4591 4869 4147 185 21082 2891 3014 9647 10374 844 9580 10235 7360 26160 9348
is_linear=0
shrinkage=0.1


Tree=34
num_leaves=63
num_cat=0
split_feature=4 26 11 16 9 23 16 9 16 25 6 7 11 3 22 26 16 9 22 3 27 23 21 16 15 16 0 16 18 16 11 21 3 0 26 7 3 11 0 16 15 22 7 26 21 22 3 0 3 3 0 22 9 26 0 2 18 22 25 16 6 3
split_gain=16838.9 3014.77 2965.79 1234.1 725.196 465.189 440.355 419.983 384.779 334.929 216.997 210.056 154.383 168.419 369.559 148.092 163.46 142.089 128.057 120.652 113.664 254.795 112.035 110.498 109.392 105.463 103.009 103.414 115.201 99.5669 98.0044 84.7721 82.8712 100.148 82.6056 82.316 80.5876 82.2107 119.239 80.1068 73.003 71.9466 66.6419 66.6285 65.4158 96.7421 76.9874 65.0388 73.9027 64.7439 64.558 63.8796 73.7535 76.8275 61.4537 60.1789 51.6956 50.8074 50.3568 49.7318 49.4458 48.9825
threshold=1.0000000180025095e-35 1.0000000180025095e-35 0.47222222387790685 72.240142822265639 58.434959411621101 0.23611111193895343 83.530395507812514 55.646631240844734 71.275749206542983 1.0000000180025095e-35 48.050632476806648 84.29276275634767 0.31666667759418493 9.5000000000000018 2.5000000000000004 1.0000000180025095e-35 49.606201171875007 48.050632476806648 9.5000000000000018 3.5000000000000004 1.0000000180025095e-35 0.4083333313465119 8.5000000000000018 62.871870040893562 52.433105468750007 49.606201171875007 0.96125608682632457 97.68778228759767 0.76330533623695385 97.68778228759767 0.47222222387790685 6.5000000000000009 14.500000000000002 0.55544140934944164 1.5000000000000002 79.118217468261733 1.5000000000000002 0.23611111193895343 0.96125608682632457 63.188142776489265 93.767654418945327 5.5000000000000009 22.378716468811039 2.5000000000000004 9.5000000000000018 2.5000000000000004 127.50000000000001 0.45386785268783575 11.500000000000002 14.500000000000002 0.4128768146038056 6.5000000000000009 67.083332061767592 1.0000000180025095e-35 0.96125608682632457 0.6448606848716737 0.63961037993431102 8.5000000000000018 1.0000000180025095e-35 98.514816284179702 39.369100570678718 12.500000000000002
decision_type=2 2 2 2 2 2 2 2 2 2 2 2 2 2 2 2 2 2 2 2 2 2 2 2 2 2 2 2 2 2 2 2 2 2 2 2 2 2 2 2 2 2 2 2 2 2 2 2 2 2 2 2 2 2 2 2 2 2 2 2 2 2
left_child=2 3 6 10 36 8 12 29 35 11 -2 18 -1 14 -14 23 -17 42 25 -12 24 22 40 44 31 -7 27 43 -29 -8 61 -11 33 -9 -26 -3 50 38 41 -16 55 -38 -10 56 45 -4 49 48 58 -46 -5 52 53 -41 60 -22 -19 -33 -31 -30 -20 -21
right_child=1 5 15 4 -6 9 7 32 17 20 19 -13 13 -15 39 16 -18 26 54 30 21 -23 -24 -25 34 -27 -28 28 59 47 -32 57 -34 -35 -36 -37 37 -39 -40 51 -42 -43 -44 -45 46 -47 -48 -49 -50 -51 -52 -53 -54 -55 -56 -57 -58 -59 -60 -61 -62 -63
leaf_value=-0.097386926581248076 -0.065222810044618426 -0.090615279062751519 -0.0048879211810621929 -0.0080542521450614173 0.097965243970685581 -0.088505426539027279 -0.090810220213400961 0.081448988120721627 0.022581506144662963 -0.00066112065194701879 0.058698527423537289 0.095516690536994991 0.11483214857392346 -0.083431760708488345 -0.095554898853606449 -0.094574648658816277 -0.001841674924030564 0.016524877531354752 -0.054798439363078211 -0.0053451736230732605 -0.0096088152277570404 -0.12891850143515998 -0.078701726348392551 0.079116017895421276 0.021140284200644198 0.073818576302523087 -0.079881716883048945 0.077920247122116315 -0.073572243384455741 0.20816451737257982 0.018056086609075039 0.1350269225338124 -0.031477693039853975 -0.021059173273456237 -0.04381805701554968 -0.015788394595904583 -0.02345417814734739 0.11756104727921859 -0.23242476190734243 1.2970419931717396 -0.11768987345120557 0.031331053160775613 -0.073897410798418647 -0.080494166903811518 0.015211507827160912 -0.083725038576283009 -0.035177655170106598 -0.05682908096691458 -0.076702551544675618 0.088190042960133233 0.073221051521349764 -0.079222647484949768 0.088790632847906448 0.22684570458819189 -0.138054924415831 0.083130957930244595 -0.0045186465059428443 -0.028263354155587013 0.032478951751480425 0.020653528016161937 0.022983422697029698 -0.10360276963382134
leaf_weight=12857.989677214529 313.50903897313401 586.90788390254602 4472.8009405126795 121.54747152142227 11944.382882492617 42.962467787321657 996.40394918667153 297.40661244746298 91.18511312128976 88.904162661638111 679.48432535398751 1064.5397028569132 148.4261899846606 1694.5599969485775 283.18515083985403 378.58722486393526 381.75910978531465 2189.8405131073669 108.77793792355806 97.13187661441043 102.4856416368857 173.44680106267333 101.73239998426288 167.25708481390029 1773.6584687144496 585.48194116679952 133.73852850589901 421.18030343949795 75.816165611147881 24.970613479614258 1282.5148980189115 173.90026505570859 183.39203880308196 140.25228966679424 220.05573489097878 196.1528167212382 392.79481043294072 69.384681303054094 20.709686016663909 1.0676789428107469 26.921414459124207 615.05379411112517 333.24832696653903 92.286815500818193 296.72314566932619 161.26360440347344 156.6522566890344 288.63116488792002 39.587269495241344 205.93504208419472 498.77326800487936 23.691129927989095 24.277422422543168 1.8045444223098455 32.91040568985045 220.5386319803074 2500.2775223143399 21.399733690544963 47.06686341483146 214.45639752969146 328.66374061442912 106.21447881124914
leaf_count=2188593 27581 53435 61164 865 444855 3968 148533 6077 2839 1719 9265 33989 7212 252564 40055 47001 6442 16643 1429 1619 1708 1276 1240 3110 16565 10944 1054 7535 519 931 9956 2548 5776 1567 2462 3897 2947 1036 115 45 208 5129 18113 888 1903 10104 2599 11350 2743 1728 6427 1356 1080 204 241 2112 14986 890 2392 2261 5572 3920
internal_value=-0.00289023 0.0492951 -0.0657694 0.0774493 0.089227 0.0111106 -0.0873305 -0.0434646 -0.00591066 0.0340741 0.0125343 0.0638587 -0.0932173 -0.0685907 -0.0164632 -0.006667 -0.0480147 0.00262389 0.0331877 0.0237923 0.0118787 -0.0258933 0.0136689 -0.000909678 0.0222444 0.0627216 0.00683186 0.00894275 0.0445142 -0.0738878 0.00782973 0.080286 0.024953 0.0485992 0.0139705 -0.0718715 0.0284839 0.0122056 0.00509855 -0.074805 0.0405218 0.00997928 -0.0531699 0.00365097 -0.00343829 -0.00763142 0.0260338 -0.0317607 0.0330593 0.0451102 0.0572957 0.0407726 0.145482 0.624665 -0.00627293 0.0537075 0.00530668 0.117135 0.0933775 -0.00395726 0.00364153 -0.0566683
internal_weight=51316.7 28043 23273.7 16141.5 13662.6 11901.5 17052.7 2017.71 6835.09 5066.38 2478.85 2163.34 15035 2177.01 482.452 6220.98 760.346 6052.03 1098.8 2165.35 2903.04 625.125 451.678 5460.63 2277.92 628.444 5627.6 5493.86 711.453 1396.66 1485.86 284.204 621.051 437.659 1993.71 783.061 1718.26 1097.94 1028.56 334.026 349.946 1007.85 424.433 4782.4 5293.37 4634.06 659.31 400.256 111.625 502.658 620.321 50.8408 27.1496 2.87222 470.352 323.024 4690.12 195.3 72.0375 290.273 437.442 203.346
internal_count=3527285 722756 2804529 513715 461374 209041 2670478 179369 122170 86871 52341 56143 2491109 302516 49952 134051 53443 64838 22154 24760 30728 6544 5268 80608 24184 14912 43886 42832 10315 165949 15495 5157 13420 7644 19027 57332 16519 9227 8191 42740 4028 8076 20952 32517 77498 71268 6230 17416 6066 3631 7292 2685 1329 249 7242 3820 31629 3438 3323 2780 7001 5539
is_linear=0
shrinkage=0.1


Tree=35
num_leaves=63
num_cat=0
split_feature=1 25 10 9 16 9 16 23 26 3 25 11 11 3 16 16 0 11 9 18 8 3 16 3 23 11 16 3 16 27 23 6 26 16 16 3 6 9 22 15 11 22 18 11 21 11 2 6 3 0 9 8 10 6 6 27 8 1 2 0 2 26
split_gain=12810.4 3235.98 2719.84 886.937 802.503 782.298 670.955 511.957 265.973 217.925 215.873 203.153 187.007 311.462 166.29 147.239 143.866 138.096 123.776 122.731 113.107 219.621 103.046 96.5388 96.2854 92.4463 88.7988 88.0448 80.3712 78.3295 76.6974 75.4642 74.6133 107.054 76.7165 74.427 74.3431 74.5084 73.7879 72.313 84.5995 67.4104 145.927 65.7486 65.6105 59.0709 57.1543 56.3728 52.937 52.2463 51.641 47.9563 47.8583 56.4611 47.8111 47.5526 45.9837 45.9456 47.6363 64.1894 45.0747 43.0313
threshold=4.5000000000000009 1.0000000180025095e-35 67.05426406860353 52.240802764892585 82.78556060791017 53.907203674316413 98.999900817871108 0.44949495792388922 1.0000000180025095e-35 4.5000000000000009 1.0000000180025095e-35 0.84523808956146251 0.86607143282890331 39.500000000000007 61.916847229003913 97.896198272705092 0.92782193422317516 0.47222222387790685 50.396825790405281 0.74342104792594921 89.039035797119155 8.5000000000000018 53.674905776977546 1.5000000000000002 0.4083333313465119 1.0000000180025095e-35 97.68778228759767 2.5000000000000004 80.717849731445327 1.0000000180025095e-35 0.30384616553783422 54.433221817016609 1.0000000180025095e-35 66.122367858886733 97.489494323730483 2.5000000000000004 23.132664680480961 46.027742385864265 4.5000000000000009 1.0000000180025095e-35 0.19090909510850909 4.5000000000000009 0.12060606107115747 0.47222222387790685 8.5000000000000018 0.31666667759418493 0.56486606597900402 23.606810569763187 2.5000000000000004 0.78591305017471325 87.609649658203139 97.999198913574233 24.28337383270264 28.759398460388187 27.639257431030277 1.0000000180025095e-35 82.480819702148452 1.0000000180025095e-35 0.74446952342987072 0.74902743101120006 0.87667009234428417 1.5000000000000002
decision_type=2 2 2 2 2 2 2 2 2 2 2 2 2 2 2 2 2 2 2 2 2 2 2 2 2 2 2 2 2 2 2 2 2 2 2 2 2 2 2 2 2 2 2 2 2 2 2 2 2 2 2 2 2 2 2 2 2 2 2 2 2 2
left_child=1 3 4 14 17 9 12 15 51 28 31 16 13 19 -1 20 30 23 27 25 21 39 -9 38 26 61 44 54 -3 49 -10 -6 35 -34 57 -27 -16 52 -2 50 -41 48 -43 -15 55 -37 56 -30 -22 -21 -4 -5 -38 -54 -12 -14 -47 -35 -59 -60 -61 -7
right_child=2 5 7 8 10 6 -8 22 11 -11 18 -13 24 43 36 -17 -18 -19 -20 29 41 -23 -24 -25 -26 32 -28 -29 47 -31 -32 -33 33 34 -36 45 37 -39 -40 40 -42 42 -44 -45 -46 46 -48 -49 -50 -51 -52 -53 53 -55 -56 -57 -58 58 59 60 -62 -63
leaf_value=-0.097225496436433301 0.04572722142179371 -0.071593897983815422 0.12447383274881033 0.085841406549400756 -0.00044834251877321255 0.073065355562445936 0.091199744508632302 -0.040813605804635694 0.00083713728498590136 -0.090529795071770641 0.016143843419221746 0.094911162745773547 0.011931419461146068 -0.091014225250433678 0.055386193412563178 0.080706172959527797 -0.054388582997118719 -0.035589876318884536 -0.014556619725861381 0.0067292594871172715 0.055721098696551057 -0.076437590777158934 0.084527212525373208 -0.095881779852054913 0.073779841945557881 0.076645441765483505 0.076934702817017753 -0.088453150779195647 0.068116582074413248 -0.12536831715776059 0.06161796014137623 0.086340414279308178 -0.074993453463402845 -0.036494331987576283 0.070486317034330212 -0.066098131106920949 -0.11305845682811355 0.044621245797267395 -0.066128695478615759 0.085684264587790271 -0.03475609453977193 -0.096715127865382305 -0.010508335159612168 -0.027755358539036858 0.049286482090672462 0.11215547616937996 0.0050258457202446427 -0.011962906266508078 -0.0051320417847768151 -0.053300952880475795 -0.010363752531454733 0.10165491974450652 0.030307959112333239 -0.03688133267448019 -0.06193889360230298 0.07582752985092546 0.033091683140171302 -0.0073580306440593785 0.052974540787149138 -0.023832196575866663 0.035294544269376886 -0.028007036944982897
leaf_weight=146.89728276943788 69.232722419314086 170.96241627866402 76.66801072563976 2722.4510364644229 684.77896499494091 334.5025616902858 1164.7547963242978 72.536876127589494 286.67523610871285 858.82337003666908 145.44889385346323 840.65763129945844 4119.0993047361262 395.13301502307877 335.80448186770082 156.1799609195441 169.95236717164516 416.03554555261508 613.11033929558471 325.99693105649203 150.27006453229114 794.14750064816326 685.0215297206305 12053.260947800241 374.04137996584177 258.40902310516685 270.84281422384083 788.63265946367756 118.56151341414079 80.132556282915175 752.74765965063125 117.35783177893609 179.39469152363017 296.85462239384651 166.7619489710778 79.45084184082225 50.588674983475357 256.09857798460871 398.03809551522136 70.842416137456894 329.95820043841377 258.57128232438117 816.13290964439511 281.25022262521088 591.67049149051309 100.88405908225104 625.45270109688863 340.00682621821761 2935.873218820896 261.10550143942237 45.118950808886439 6487.924992414657 202.16060079960153 327.97244955273345 170.15978172142059 119.86232945136726 271.6084658568725 1245.8035902320407 397.43556807981804 320.60744464769959 215.6624631555751 48.191613238770515
leaf_count=25458 2487 22991 1239 105466 19647 6709 42360 1863 3354 133862 6478 28226 33978 56177 5653 3891 2129 25345 16665 2217 1710 97177 21915 2208540 9662 4986 6257 112363 2941 581 17627 2517 13735 1665 2056 9518 1565 4163 30492 925 12608 33807 6101 5867 5967 4787 7065 12717 27509 1545 534 270713 3653 7669 10945 1596 2910 7997 2396 1838 1211 1260
internal_value=-0.00278792 0.0438235 -0.0595245 0.0806405 -0.0822136 0.0107722 0.0189171 -0.00465565 0.0897299 -0.0577688 -0.0305806 0.0571538 0.011506 -0.00087031 0.00307365 -0.015034 0.0309079 -0.0922695 -0.0505856 0.00742043 -0.0177638 -0.043308 0.0725257 -0.0941529 0.0248069 0.0133047 0.0212162 -0.07059 -0.0130753 -0.0326265 0.0448545 0.0122494 0.00897625 -0.000238889 0.00483487 0.0284476 0.0156383 -0.000311926 -0.0495557 0.00703725 -0.013468 -0.00968018 -0.0312495 -0.0647102 0.0180922 0.0168875 0.0234944 0.00874141 -0.00216899 -0.0199683 0.07452 0.0969807 -0.0201275 -0.0112594 -0.0259543 0.0137382 0.0545049 0.000413802 0.00544078 0.0225177 -5.42102e-05 0.0603376
internal_weight=48440.6 26593.2 21847.4 12579.9 15456.1 14013.3 12524.9 6391.32 11260.4 1488.35 2519.49 2050.03 11360.2 5884.64 1319.52 5633.76 1209.38 12936.6 1717.35 5208.25 5477.58 1316.74 757.558 12520.5 5475.52 4541.02 5101.47 1104.24 629.531 667.235 1039.42 802.137 4158.33 2822.52 2643.13 1335.81 1172.62 836.82 467.271 522.588 400.801 4160.85 1074.7 676.383 4830.63 1077.4 997.945 458.568 3086.14 587.102 121.787 9210.38 580.722 530.133 315.609 4238.96 372.493 2476.36 2179.51 933.705 536.27 382.694
internal_count=3527285 882527 2644758 475676 2435479 406851 234340 209279 427515 172511 168615 51336 191980 134520 48161 185501 23110 2266864 146451 72476 181610 112483 23778 2241519 57460 68133 47798 129786 38649 4343 20981 22164 60164 30898 17163 29266 22703 17050 32979 15306 13533 69127 39908 62044 41541 24280 14762 15658 29219 3762 1773 376179 12887 11322 17423 35574 7697 15107 13442 5445 3049 7969
is_linear=0
shrinkage=0.1


Tree=36
num_leaves=63
num_cat=0
split_feature=4 11 26 17 9 16 9 18 25 7 17 11 3 15 9 9 23 22 26 17 16 3 17 16 23 3 0 3 3 26 17 27 23 22 7 23 15 11 11 3 26 11 0 22 18 0 21 7 27 23 11 3 0 3 23 22 9 11 0 3 11 21
split_gain=12830.2 2687.82 2596.37 1118.74 729.747 431.449 414.359 347.048 309.24 298.756 198.465 162.474 159.96 227.582 157.94 140.572 122.149 147.438 115.258 151.903 105.561 89.0663 87.4627 87.2178 90.5275 84.7111 113.143 80.5939 79.3516 77.8412 80.9712 156.298 96.3575 76.6063 71.9273 69.9272 73.328 68.5897 63.5151 60.2467 59.9119 58.0551 67.8186 57.884 69.7457 56.9267 55.7632 104.23 55.3857 55.0585 54.1558 53.6054 53.2331 56.3344 52.2798 50.9654 50.4462 94.2951 64.9892 51.6599 59.03 58.5163
threshold=1.0000000180025095e-35 0.47222222387790685 1.0000000180025095e-35 59.65881538391114 58.434959411621101 80.717849731445327 54.72370910644532 0.11651583760976793 1.0000000180025095e-35 83.910789489746108 99.839229583740249 0.31666667759418493 31.500000000000004 1.0000000180025095e-35 51.66851997375489 48.050632476806648 0.30384616553783422 8.5000000000000018 1.0000000180025095e-35 51.209756851196296 97.489494323730483 9.5000000000000018 54.595132827758796 60.386697769165046 0.44949495792388922 10.500000000000002 0.45817972719669348 1.5000000000000002 10.500000000000002 2.5000000000000004 84.63898086547853 1.0000000180025095e-35 0.30384616553783422 2.5000000000000004 20.169491767883304 0.10555555671453477 43.108610153198249 0.095454547554254546 0.53571429848670971 4.5000000000000009 1.5000000000000002 0.23611111193895343 0.99999991059303295 3.5000000000000004 0.11651583760976793 0.46943044662475591 7.5000000000000009 28.759398460388187 1.0000000180025095e-35 0.44949495792388922 0.43650794029235845 36.500000000000007 0.45386785268783575 20.500000000000004 0.23611111193895343 6.5000000000000009 99.31506729125978 0.86607143282890331 0.54934528470039379 94.500000000000014 0.64583334326744091 7.5000000000000009
decision_type=2 2 2 2 2 2 2 2 2 2 2 2 2 2 2 2 2 2 2 2 2 2 2 2 2 2 2 2 2 2 2 2 2 2 2 2 2 2 2 2 2 2 2 2 2 2 2 2 2 2 2 2 2 2 2 2 2 2 2 2 2 2
left_child=1 5 3 14 28 11 20 -4 9 16 15 -1 13 21 -2 34 -9 -18 22 -20 -7 -13 33 -15 -25 26 40 43 41 30 35 37 -33 39 -10 -17 -37 -32 51 -3 -8 42 46 -16 -45 -23 47 -5 -27 -34 -6 -29 53 -22 -11 -26 57 59 -59 60 61 -41
right_child=2 18 7 4 50 6 25 8 10 54 -12 12 -14 23 27 29 17 -19 19 -21 52 45 -24 24 55 48 -28 38 -30 -31 31 32 49 -35 -36 36 -38 -39 -40 56 -42 -43 -44 44 -46 -47 -48 -49 -50 -51 -52 -53 -54 -55 -56 -57 -58 58 -60 -61 -62 -63
leaf_value=-0.097164879781255806 -0.080916565595988824 0.046158659212404529 -0.078342813399038022 0.039616132364954169 0.082688003028825702 -0.090791027371033395 0.11460599368295497 -0.029491797842562319 0.039134206243267133 0.024977207700031388 0.10806678976828417 0.091946622225973718 -0.087313174784311984 -0.095636681337291363 0.10403614176352777 0.0082828743245517995 0.076425256009089768 -0.0016125538872881779 -0.094847299357805726 -0.0013381287698842914 0.070315811117648938 -0.051247078428801329 0.067195355885415739 -0.034672479051829977 0.33389137545034675 -0.058374140008610534 -0.003022500909931264 -0.005180859079972679 -0.065853339040854775 -0.080136970919380185 0.044888293039802865 0.1057808645986615 -0.052677145177721235 -0.074506621639874149 -0.06067836059663282 0.1179877243396712 0.031715465813563548 -0.00049652020701676514 0.021348567349502173 -0.00024853313816485114 -0.070631879113248378 0.11378885567330393 -0.2335672208271681 -0.11868160205820616 0.066282721071179315 0.16112771036919543 0.050571988117805999 -0.03063211329977579 0.042749688897925263 -0.14554377017066389 0.10018996156133049 -0.089326366599561988 -0.052988575511387692 -0.097784497783151708 0.09355901041283704 -0.069885104749989616 0.0005552405501016162 0.14737423840392505 -0.023948564697061438 -0.06773884393772675 -0.084634970363624759 0.17372491781582367
leaf_weight=10415.045874615666 179.32440119842067 254.90890890359879 433.87185987830162 523.68709196709096 2287.4246679637581 1038.959065658506 196.666449717246 438.53260171832517 84.613236756063998 126.72954289242625 178.85100699774921 160.50447599124163 1187.3502106894739 333.90976313594729 167.50075197778642 1793.2577998102643 445.83957239566371 529.79524115892127 319.64522407297045 380.54653141414747 82.835303327068686 98.358508843462914 182.24882437102497 58.0779426144436 12.266878640744837 171.40790485730395 226.48095327243209 430.39840144664049 91.15096241934225 105.5712049533613 361.46079000504687 27.436562944203615 154.09467449598014 146.75342819700018 492.03624139260501 111.2477730079554 861.17132141022012 4228.3964512730017 1290.6783097460866 181.15583148878068 19.161586608737707 78.764970093499869 10.020759997889398 30.383114844094962 61.960863638203591 14.479493288788943 613.98610625835136 353.98042888892815 79.181139160878956 109.00134307146072 7785.0020186714828 91.86898557189852 268.31126882135868 26.254619605839252 904.25110704451799 4.1950858072377732 4089.0604138132185 47.818348586559296 41.235055781900883 346.41683398094028 76.775572739541531 21.643347265198827
leaf_count=2146825 21373 1541 42232 5448 93262 186631 3941 5800 3239 2470 4034 7070 215606 57131 2251 17407 9277 8317 46372 7071 3994 14894 3766 5224 173 8274 3403 6590 1350 1479 3287 227 1146 9974 36944 1098 7580 29697 11494 6638 1334 1511 53 832 1370 1579 6773 4356 666 661 352941 4111 11484 2138 34146 111 29708 216 193 26982 804 786
internal_value=-0.00267891 -0.0615584 0.0448325 0.0736796 0.0860604 -0.0851186 -0.0433365 0.009373 0.0128478 0.0441904 0.00383925 -0.0922929 -0.0651454 -0.02654 0.00911801 0.00160096 0.0143448 0.0340487 -0.00585837 -0.0440261 -0.0743372 0.044085 -0.000898345 -0.0738037 0.0239996 0.0200324 0.0463504 0.0169072 0.0248705 0.00514445 0.00632195 -0.0014248 -0.0725546 -0.00328224 -0.0460326 0.0199921 0.0415853 0.00307763 0.00944208 -0.00121614 0.0981603 0.0301029 0.0257135 0.0689918 0.00542556 -0.0239949 0.0274553 0.0112836 -0.026421 -0.091152 0.0962153 -0.0199824 -0.029041 0.0298592 0.0851288 0.230995 -0.00372988 -0.0282348 0.0680454 -0.0419316 -0.00995416 0.0183184
internal_weight=45863.9 20481.7 25382.3 13996.1 11744 14393.4 2109.26 11386.2 10952.3 2445.15 8507.14 12284.2 1869.14 681.792 2252.11 8328.29 1414.17 975.635 6088.21 700.192 1416.36 273.342 5388.02 408.45 74.5399 692.898 442.309 2072.79 1671.59 7751.64 7646.07 4880.39 290.533 5205.77 576.649 2765.68 972.419 4589.86 1812.95 5059.01 215.828 1580.44 1501.67 259.845 92.344 112.838 1491.65 877.668 250.589 263.096 10072.4 522.267 377.401 109.09 1030.98 16.462 4804.11 715.045 89.0534 625.992 279.575 202.799
internal_count=3527285 2804529 722756 513715 465694 2670478 221865 209041 166809 60010 106799 2448613 301788 86182 48021 102765 23394 17594 134051 53443 204247 23543 80608 62639 5508 17618 8678 26648 19491 62582 61103 35018 2034 76842 40183 26085 8678 32984 22195 66868 5275 18141 16630 4453 2202 16473 16577 9804 8940 1807 446203 10701 17616 6132 36616 284 65327 35619 409 35210 8228 7424
is_linear=0
shrinkage=0.1


Tree=37
num_leaves=63
num_cat=0
split_feature=4 10 26 16 9 18 16 25 10 9 24 8 11 3 6 1 1 11 22 16 24 22 1 16 18 26 2 3 27 18 16 14 3 11 5 3 26 16 21 6 27 18 21 16 24 22 21 9 24 22 1 8 8 3 22 16 22 11 2 8 9 16
split_gain=11104.1 2551.66 2383.7 1070.33 718.118 299.142 290.455 266.752 286.169 248.87 195.356 242.469 170.341 159.248 141.334 138 121.74 121.673 115.775 122.041 103.181 136.993 100.136 99.6786 111.499 96.6029 93.9074 90.7606 81.325 100.467 81.2605 71.7954 71.4056 75.8837 69.4227 66.9359 82.3609 66.5837 66.4429 66.5297 64.1136 80.1491 66.6906 144.513 92.73 105.406 63.3863 61.523 59.2372 57.3486 56.7429 53.9192 53.1076 49.9915 49.7405 67.9833 48.9822 47.8371 44.2863 44.1177 42.8785 42.8123
threshold=1.0000000180025095e-35 64.051280975341811 1.0000000180025095e-35 72.240142822265639 60.158729553222663 0.11651583760976793 80.717849731445327 1.0000000180025095e-35 86.526824951171889 50.396825790405281 1.0000000180025095e-35 93.813774108886733 0.31666667759418493 34.500000000000007 48.050632476806648 6.5000000000000009 2.5000000000000004 0.31666667759418493 2.5000000000000004 51.63978576660157 1.0000000180025095e-35 8.5000000000000018 1.0000000180025095e-35 1.0000000180025095e-35 0.42481203377246862 1.5000000000000002 0.99998292326927196 1.5000000000000002 1.0000000180025095e-35 0.67424243688583385 97.489494323730483 11.500000000000002 1.5000000000000002 0.23611111193895343 1.0000000180025095e-35 37.500000000000007 1.0000000180025095e-35 49.24225044250489 7.5000000000000009 26.158231735229496 1.0000000180025095e-35 0.71008405089378368 7.5000000000000009 97.309360504150405 1.0000000180025095e-35 7.5000000000000009 6.5000000000000009 62.145593643188484 1.5000000000000002 8.5000000000000018 6.5000000000000009 97.999198913574233 45.512083053588874 4.5000000000000009 4.5000000000000009 42.900964736938484 4.5000000000000009 0.86607143282890331 0.41022400557994848 26.766168594360355 42.488718032836921 97.15900039672853
decision_type=2 2 2 2 2 2 2 2 2 2 2 2 2 2 2 2 2 2 2 2 2 2 2 2 2 2 2 2 2 2 2 2 2 2 2 2 2 2 2 2 2 2 2 2 2 2 2 2 2 2 2 2 2 2 2 2 2 2 2 2 2 2
left_child=1 6 3 14 32 54 12 8 20 17 11 13 -1 23 -2 35 22 30 -13 -20 -7 -22 57 53 -25 40 -24 -16 -11 34 -8 -23 58 38 47 36 -14 -12 39 -34 42 48 43 -18 52 -46 50 56 -42 -39 -29 -6 -44 -3 55 -4 -30 -9 -5 -32 -40 -21
right_child=2 10 5 4 51 7 9 16 -10 28 37 18 15 -15 27 -17 25 -19 19 61 21 31 26 24 -26 -27 -28 46 29 -31 59 -33 33 -35 -36 -37 -38 49 60 -41 41 -43 44 -45 45 -47 -48 -49 -50 -51 -52 -53 -54 -55 -56 -57 -58 -59 -60 -61 -62 -63
leaf_value=-0.097809207067865694 -0.058655149222269325 0.092135731884884442 -0.072482830672209106 -0.013066006091142366 0.084059317427161342 -0.026051247711429439 -0.091355172547718855 -0.034322085965749226 0.08561215383061023 -0.027781107486692644 -0.035071974217987641 0.0013392443669854464 0.062135647871741667 -0.07567808553764746 0.073038160280694583 -0.081017139600273416 -0.014409062519314928 1.1739362497073991 -0.093499699323953731 -0.015449166519006017 0.07244403800893387 0.013533221656998754 0.019174386260510046 -0.083012484017665339 0.066538385137882641 -0.045424697971230887 0.08421575707677878 0.0039765799869163143 0.58611193771538606 -0.026510660238433743 0.015418423663965876 -0.086905540724284205 0.018858922602263458 0.10890052508265047 0.044230185023793882 -0.053422669632426749 -0.084115364876232182 0.088250276245462791 0.0015786721808776353 -0.051834473079822301 0.013236467095788693 -0.14775015547109166 -0.073067607060902928 0.067655571411980905 0.13320291445407001 0.025732257215650142 0.036963803650091068 0.12779901543791147 -0.10668491402204786 -0.032421016019565062 -0.072834996874701061 0.10096340958449584 0.011525213902863679 0.0039930841659713816 -0.093837358992561126 0.1150332646437746 0.21098658570683818 0.010341905388045882 0.063903169324177347 -0.060658443083037077 0.062162614118268136 0.099025053680127095
leaf_weight=9181.3580676624551 266.63994423020631 87.572363078594208 56.279535577166826 87.662859993986785 2681.8315535672009 446.16789604304358 903.7968725329265 497.12167545082048 906.5016255825758 334.09620911441743 68.288340880069882 4380.8488496486098 162.98282578680664 928.51596822449937 267.65270664356649 915.44496141467243 2286.2164078084752 0.77951652882620592 280.57772701559588 232.34938367176801 452.77740087173879 459.79614879982546 2994.0335248969495 240.59064666274935 62.883193613030016 605.47628472186625 239.75953018246219 1072.2061549616046 5.9378783586435011 104.35899926628917 118.51214549131691 84.202780397143215 233.78311036154628 71.666549239307642 83.447251037228853 195.41686229826882 50.41679199365899 307.69027635641396 249.15168106276542 309.18589251581579 152.46926944702864 63.116998551413417 96.340031584724784 236.81010034494102 130.46013084240258 303.7316606240347 602.51631742762402 44.050924019888043 56.438097862526774 45.164514153264463 105.6506580831483 6366.3013175502419 323.15034927381203 242.61426518717781 319.83576188003644 29.452037457376719 8.412134984508155 463.27241166494787 507.65793199837208 213.63913007080555 219.95377614721656 38.015592714771628
leaf_count=2096098 27581 1040 4056 645 123742 5662 179252 3698 35790 19476 4379 28024 9551 143882 4626 170589 30344 38 42110 3079 9985 7711 27002 31105 1004 17707 2461 10647 80 947 5522 862 1697 1570 1051 26538 7093 5170 1905 2576 1770 425 7185 3512 1398 3354 7363 340 474 852 2124 319339 2562 14876 37487 689 376 4907 7326 11421 2574 636
internal_value=-0.00257522 -0.0593059 0.0424386 0.0715001 0.0848074 0.00860819 -0.0865883 0.011775 0.0415801 -0.0496721 -0.0106891 -0.0149694 -0.0929732 -0.0493023 0.0098282 -0.0594446 0.00348644 -0.0750231 -0.00409426 -0.047299 0.0139178 0.0318084 0.0155761 -0.0106533 -0.0520239 -0.00843267 0.0239967 0.0187443 0.00435543 0.0479638 -0.0758108 -0.00201317 0.0247452 0.0094609 0.102755 -0.0111382 0.0275831 0.0553125 0.00241943 -0.0213964 -0.00229416 -0.0489974 0.0014682 -0.00670651 0.0256283 0.0580236 0.010582 0.18638 -0.0191613 0.0728047 -0.00291322 0.0959531 -0.00790235 0.0273703 -0.075706 -0.00806396 0.366209 -0.0127772 0.0525692 -0.0335141 0.0299852 0.000646873
internal_weight=43483 19237.8 24245.3 13041.9 10727.2 11203.4 12322.7 10797.8 2349.45 1817.03 6915.11 6493.97 10505.6 1562.18 2314.67 1324.26 8448.4 1236.73 4931.79 550.943 1442.94 996.776 4194.19 633.66 303.474 4254.21 3233.79 2048.03 580.303 246.207 1235.95 543.999 1679.06 1083.74 141.848 408.816 213.4 421.143 1012.07 542.969 3648.73 272.024 3376.71 2523.03 853.682 434.192 1780.37 58.4009 208.907 352.855 1177.86 9048.13 419.49 330.187 405.567 85.7316 14.35 960.394 595.321 332.151 469.105 270.365
internal_count=3527285 2804529 722756 513715 461374 209041 2528372 166809 60010 218503 276157 265756 2309869 191907 52341 213771 106799 196233 73849 45825 24220 18558 38068 48025 32109 68731 29463 24760 22270 2794 196195 8573 18293 10322 1847 43182 16644 10401 8752 4273 51024 2669 48355 33856 14499 4752 20134 796 2244 6022 12771 443081 9747 15916 42232 4745 456 8605 7971 16943 4479 3715
is_linear=0
shrinkage=0.1


Tree=38
num_leaves=63
num_cat=0
split_feature=4 11 23 9 16 16 9 7 1 9 11 25 3 15 16 16 18 17 3 23 16 15 18 16 23 16 16 21 18 16 15 17 18 0 9 11 7 8 3 16 23 8 11 3 10 21 2 1 0 3 21 16 3 17 3 11 0 0 3 18 23 10
split_gain=9589.65 2422.83 2157.62 696.33 599.548 429.264 387.128 286.792 174.541 171.458 167.265 156.387 143.094 189.711 108.49 104.153 89.2845 92.5347 85.5156 81.7655 79.6805 94.5634 200.318 79.5987 75.2994 92.0617 71.011 66.883 79.8508 65.5569 64.443 64.1147 83.6146 62.2408 60.0213 90.6276 85.7037 70.9399 59.2522 58.6941 58.6309 58.5086 57.0804 55.9067 54.1092 53.7498 53.4936 52.6731 51.8892 58.1461 50.9864 50.1292 49.0903 48.1686 48.004 47.9562 75.7593 46.1576 47.2448 46.0822 45.9421 45.059
threshold=1.0000000180025095e-35 0.47222222387790685 0.64583334326744091 60.158729553222663 98.601333618164077 78.696113586425795 55.245780944824226 88.067794799804702 8.5000000000000018 75.93103408813478 0.31666667759418493 1.0000000180025095e-35 31.500000000000004 1.0000000180025095e-35 97.68778228759767 59.135110855102546 0.77097901701927196 97.85703277587892 34.500000000000007 0.94444444775581371 97.896198272705092 1.0000000180025095e-35 0.051315790042281158 68.863315582275405 0.26136364042758947 97.15900039672853 74.435577392578139 8.5000000000000018 0.32738095521926885 60.386697769165046 41.614616394042976 98.994949340820327 0.64495798945426952 0.46031932532787329 46.589147567749031 1.0000000180025095e-35 26.158231735229496 42.488718032836921 8.5000000000000018 97.896198272705092 0.44949495792388922 78.867622375488295 0.86607143282890331 1.5000000000000002 83.484848022460952 9.5000000000000018 0.8320487141609193 16.500000000000004 0.51308190822601329 232.50000000000003 6.5000000000000009 91.820003509521499 6.5000000000000009 87.112743377685561 32.500000000000007 0.23611111193895343 0.96125608682632457 0.45386785268783575 20.500000000000004 0.77097901701927196 0.4083333313465119 52.240802764892585
decision_type=2 2 2 2 2 2 2 2 2 2 2 2 2 2 2 2 2 2 2 2 2 2 2 2 2 2 2 2 2 2 2 2 2 2 2 2 2 2 2 2 2 2 2 2 2 2 2 2 2 2 2 2 2 2 2 2 2 2 2 2 2 2
left_child=1 5 4 15 7 10 14 8 16 -6 -1 -9 13 33 -7 -4 17 18 34 44 21 46 -23 50 52 -26 -10 28 -24 -15 54 32 45 38 36 37 -2 -36 -12 51 -31 -35 53 -17 -5 60 47 48 49 -3 -21 -34 61 -37 -29 56 -45 58 -16 -41 -13 -8
right_child=2 20 3 19 9 6 24 11 26 -11 12 31 -14 29 57 43 -18 -19 -20 23 -22 22 27 -25 25 -27 -28 30 -30 40 -32 -33 39 41 35 42 -38 -39 -40 59 -42 -43 -44 55 -46 -47 -48 -49 -50 -51 -52 -53 -54 -55 -56 -57 -58 -59 -60 -61 -62 -63
leaf_value=-0.096778126417744748 0.019976310670603334 0.017055786420506199 -0.092644711127076451 0.030167231912167903 0.019831256114529319 -0.089076796705429284 -0.045298049131459454 0.08475218213873642 -0.073692086215573993 0.081563017021083067 0.059223166331733135 0.021099717059348096 -0.085177837899314782 -0.094549466899673015 0.06350494512008685 0.048652217359263693 -0.041854154864214559 0.057635027463638869 -0.069525347181273831 -0.043823944166050503 0.09864836264586313 -0.10121578197039677 -0.071193754272478982 0.096086136068634045 0.098304598522995265 0.0016141765398295601 -0.017256605053516928 0.15006309740379944 0.021919072100199444 -0.034344726979247266 -0.0091420852161979756 0.10162622327764206 0.052723226106454149 0.17984067929965072 -0.0029659035066629189 0.008698507523706529 -0.062232363882236401 0.066138546143607396 -0.044853165663830623 0.082964165559523462 0.19531561514056039 -0.045749375197673775 0.076710765309178516 0.0049405104932727919 0.085323629563526848 0.069439428255725869 -0.041985463017871316 -0.03915267245516011 -0.010705756024603146 -0.028932228481254624 0.086384303582681995 -0.0079946279748447265 -0.050608812704299767 -0.014457782270332901 -0.013808077431479718 0.095438878574631361 -0.1957616307823139 -0.048774152820341109 -0.097221021651637832 -0.049511741997834688 0.077200728473550584 0.077076702217916016
leaf_weight=8449.7990423894953 212.58689819416031 2633.9021061798558 84.449062543921173 340.37091444246471 628.67636265605688 1005.2663305955939 48.844634108711034 400.6077172793448 478.80509103508666 1582.4167100526392 119.14642516244203 2451.5867742276751 1010.5570199312642 283.26889643585309 85.921838503330946 493.2431485648267 469.53032484091818 299.45059289038181 168.92213755799457 67.198941947892308 73.639597706496716 308.33832085132599 188.51977722346783 6595.2038590684533 189.20664112316445 205.34040194191039 417.25127766886726 68.267937351949513 180.07445629872382 48.503608702681959 98.286199288442731 93.952261354774237 148.16998331993818 47.025965608656406 232.00517292600125 2082.4266788130626 314.30162005452439 412.98404949670658 101.13322254410014 139.92965201288462 14.421235534828154 15.217137666884808 96.283900872338563 781.19269238831475 372.52010133117437 295.53138588741422 295.92268039472401 293.83631826657802 1479.2796630859375 306.97940036840737 54.433145431801677 1652.0511422865093 185.09506120160222 1579.7954731239006 24.217474682722241 56.493662644177675 19.271495588123798 247.35364948958158 23.234061164781451 32.323346063494682 155.21368596702814 78.355188923887908
leaf_count=2113646 9477 36266 13417 6675 8142 218463 2736 16312 48530 66953 4462 26118 215449 57131 3911 7822 3819 2757 6360 1481 1854 48064 12573 364956 2575 1856 11116 1169 1533 4917 1522 2606 1818 2909 6770 24094 23532 5566 15527 3583 253 645 989 7955 15793 4781 3186 7147 14153 6105 956 11947 10847 10935 479 1394 108 11309 2127 472 5522 1715
internal_value=-0.00246711 -0.057007 0.0400876 0.0788741 0.0161195 -0.0825984 -0.0411009 0.00739234 -0.00630499 0.0640109 -0.0911069 0.0246483 -0.0618738 -0.0244164 -0.0722679 0.0150923 -2.80519e-05 0.00360957 0.000436988 0.0911901 -0.00472692 -0.00602209 -0.0365004 0.0946078 0.0189444 0.0479825 -0.0474127 -0.000827375 -0.0257041 -0.0740397 0.0472374 0.0198024 0.0182254 0.0363903 0.002834 0.00665057 -0.0290631 0.0412814 0.0114404 0.0023388 0.0182893 0.124689 0.000707642 0.0218308 0.0589891 0.0290222 -0.000743337 0.00184565 0.00457107 0.0122554 0.0144472 -0.00299715 -0.0177417 -0.00129056 0.107153 0.00639304 0.000108526 -0.0248713 0.0292941 0.058105 0.0244401 0.0300849
internal_weight=41318.1 18109 23209.2 8864.38 14344.8 12157.7 2068.62 12133.7 6764.34 2211.09 10089.1 5369.37 1639.27 628.716 1361.78 1434.65 5868.29 5398.76 5099.31 7429.73 5951.26 5877.62 867.704 6716.84 706.842 394.547 896.056 559.366 368.594 346.194 190.772 4968.76 4874.81 282.523 4930.38 4403.5 526.889 644.989 220.28 1972.47 62.9248 62.2431 3758.51 1350.2 712.891 2902.33 5009.92 4714 4420.16 2940.88 121.632 1800.22 312.295 3662.22 92.4854 856.958 800.464 356.51 109.156 172.253 2606.8 127.2
internal_count=3527285 2804529 722756 420557 302199 2670478 255539 227104 153945 75095 2414939 73159 301293 85844 235810 30696 94299 90480 87723 389861 134051 132197 65340 367393 19729 4431 59646 17276 14106 62301 3170 56847 54241 23543 81363 48354 33009 12336 19989 17820 5170 3554 36018 17279 22468 36421 66857 63671 56524 42371 2437 13765 15298 35029 1648 9457 8063 17347 6038 4055 31640 4451
is_linear=0
shrinkage=0.1


Tree=39
num_leaves=63
num_cat=0
split_feature=4 10 26 16 6 16 14 25 9 23 23 8 3 17 9 9 23 16 15 18 16 21 10 23 9 22 16 15 16 22 16 21 16 18 26 17 8 22 18 3 16 6 3 25 18 18 23 15 8 22 22 15 22 7 14 15 22 16 16 15 3 18
split_gain=8259.43 2299.26 2034.92 959.999 718.669 298.589 251.875 262.046 208.379 158.637 151.452 192.292 144.066 132.228 111.33 105.629 166.216 201.612 116.995 100.602 92.624 86.4687 84.2428 83.5457 80.9279 76.9141 116.612 71.3907 88.4687 66.9616 63.5033 62.9458 177.006 96.3597 79.297 65.304 61.2972 59.6618 101.613 69.8572 58.5925 58.3736 58.0571 54.7208 69.2428 53.1829 49.2403 80.7198 49.0484 48.3274 48.3096 47.7712 46.8835 45.475 45.1379 44.0662 42.2921 42.2433 42.1292 41.6748 41.1403 41.0028
threshold=1.0000000180025095e-35 64.051280975341811 1.0000000180025095e-35 72.240142822265639 45.748708724975593 80.717849731445327 8.5000000000000018 1.0000000180025095e-35 50.396825790405281 0.30384616553783422 0.30384616553783422 93.813774108886733 34.500000000000007 99.22778701782228 49.675325393676765 62.910053253173835 0.37980769574642187 59.135110855102546 54.587543487548835 0.057189542800188072 66.122367858886733 6.5000000000000009 88.396572113037124 0.44949495792388922 46.737588882446296 3.5000000000000004 53.231609344482429 1.0000000180025095e-35 83.530395507812514 9.5000000000000018 44.843700408935554 5.5000000000000009 97.15900039672853 0.70294117927551281 1.5000000000000002 97.315315246582045 97.999198913574233 3.5000000000000004 0.2709790319204331 1.5000000000000002 98.421009063720717 19.112850189208988 1.5000000000000002 1.0000000180025095e-35 0.82085561752319347 0.81534090638160717 0.10555555671453477 58.191438674926765 92.907444000244155 12.500000000000002 5.5000000000000009 92.98804092407228 11.500000000000002 82.972846984863295 10.500000000000002 97.510330200195327 5.5000000000000009 96.726669311523452 49.24225044250489 45.88659858703614 15.500000000000002 0.1490740776062012
decision_type=2 2 2 2 2 2 2 2 2 2 2 2 2 2 2 2 2 2 2 2 2 2 2 2 2 2 2 2 2 2 2 2 2 2 2 2 2 2 2 2 2 2 2 2 2 2 2 2 2 2 2 2 2 2 2 2 2 2 2 2 2 2
left_child=1 5 3 14 42 15 7 9 23 55 11 12 27 19 -2 -1 48 -18 -19 -9 -8 37 49 -7 41 -13 -27 -3 -29 53 -23 32 35 34 46 50 -6 39 -39 -16 45 -21 -5 44 -10 51 -33 -48 -17 61 -26 -35 -36 -22 -31 -4 60 -43 -12 -60 -44 -11
right_child=2 10 6 4 36 8 20 13 43 22 58 25 -14 -15 21 16 17 18 -20 24 29 30 -24 -25 31 26 -28 28 -30 54 -32 33 -34 40 52 -37 -38 38 -40 -41 -42 57 56 -45 -46 -47 47 -49 -50 -51 -52 -53 -54 -55 -56 -57 -58 -59 59 -61 -62 -63
leaf_value=-0.098005511856400301 -0.07550243025751123 0.023102355026841628 8.1764033307056303e-05 0.047060373551004883 0.080837268850788513 -0.088419755219391369 -0.08590218271912356 -0.094739879401137483 0.09101656951078603 -0.076015606406244662 -0.026371813711275324 0.0010920390523140259 -0.072121511865507484 0.09876564684411733 0.094832395747729378 -0.083260228225149849 -0.06479845473972741 0.42492752158101776 0.012381049182687884 0.099818168166369514 5.1089297866213667e-05 0.027393978403805461 0.092199389240708821 -0.026242177140048409 -0.028069225035960634 -0.093820346563168136 0.0061367666626858308 -0.077563307156869987 0.047494004616069493 -0.013420661173082904 0.10126634353631109 0.022876792821427155 0.088534367076990625 0.01427140775442837 -0.0044060824943663278 0.063890723013859771 0.1003793891356438 -0.11890944626619043 0.037204506947618253 0.00063902023715906617 0.042340125824614473 -0.073259888879092183 -0.0083458375662390002 -0.019208765741880698 -0.029299963806227958 -0.077835330878474829 0.10646129229231256 0.035737257554070784 -0.037262324815582518 -0.011967074301232165 0.012431673857799809 -0.022357459589544396 -0.13751065739201218 -0.057627486085405168 -0.070425635609300291 -0.17625867519321081 0.023628657999074518 0.04166528179981193 0.12062598174669817 0.042135488298082509 -0.12816997637407532 0.061267353047530039
leaf_weight=6436.0935491542332 147.65765329170972 334.80119786784053 365.22664130479097 568.63548502698541 2309.341177560389 771.88464288366958 208.58815664611757 101.83639035560191 126.0871418225579 22.758823005016893 53.537372823338956 4427.3786438270472 818.52793407393619 150.2081831227988 84.818580847233534 1987.3568072363269 41.773908799048513 19.009492939570922 10.768123417627065 25.544861401896924 1422.7947554122657 589.21184548968449 648.72674630023539 300.12543388456106 1425.1979854502715 223.16070652846247 244.6787200323306 214.5541869783774 76.822710568085313 245.91933810152113 145.00601736595854 1201.5265504042618 179.55333742499352 682.54237891174853 334.81693722028285 98.589132139459252 5263.2447002055123 102.65105734905228 70.209935537539423 1097.835986008402 249.16643008962274 242.58277217531577 390.52445362042636 370.41143825743347 77.069962993264198 107.30756679177284 220.09368293592706 604.92744549922645 262.43069443805143 135.05631224066019 371.22555495938286 744.36350245308131 28.733699135947973 151.22038667090237 319.20064230449498 14.743065984919665 642.35745328199118 36.840958220884204 104.97090858966112 190.24093231605366 30.922442570328712 493.77984983799979
leaf_count=1790642 22397 15916 6842 8782 123463 171872 25496 12858 2158 2553 3445 29598 144217 3954 1239 486042 9368 536 619 1246 20009 8323 32199 24361 9605 41506 3212 31862 1241 2607 2941 11053 3143 4583 3512 771 317663 3407 1805 12229 4177 25760 3687 19522 590 725 2494 5514 22662 2438 3585 4685 608 1180 4877 136 7432 444 1993 3167 347 11987
internal_value=-0.0023648 -0.0546561 0.0377576 0.0671664 0.0814466 -0.0840659 0.00669462 0.0147152 -0.044983 0.0500805 -0.00891448 -0.0124437 -0.0445016 0.00598287 0.00841498 -0.0914098 -0.0731227 0.0769249 0.275743 0.00388864 -0.022294 0.0143445 0.0666901 -0.0710122 0.00542137 -0.00298263 -0.0415431 -0.00839732 -0.0445914 -0.0160916 0.0419836 0.00787656 -0.00635973 0.0149532 0.0280786 -0.015351 0.0944198 -0.000626305 -0.0555016 0.00739446 -0.00263759 -0.0448792 0.0212661 0.00366604 0.0453731 -0.00994226 0.0357934 0.0546045 -0.0778947 0.041293 -0.0196998 -0.0048365 -0.0149262 -0.00549027 -0.0456192 -0.00676036 0.00747831 -0.0581074 0.0552438 0.070045 -0.0171376 0.0552186
internal_weight=39367.2 17091.7 22275.5 11442.4 9205.03 10403 10833.1 8485.35 1645.58 1680.29 6688.67 6339.92 1444.71 6805.06 2237.39 8757.43 2321.34 71.5515 29.7776 6654.85 2347.72 2089.73 1300.32 1072.01 6553.01 4895.22 467.839 626.178 291.377 2139.14 734.218 6248.04 2074.57 4173.48 2390.1 1895.01 7572.59 1355.52 172.861 1182.65 1783.38 304.969 1632.44 573.569 203.157 1534.21 2026.55 825.021 2249.79 651.595 1796.42 1426.91 363.551 1574.02 565.12 379.97 1063.8 279.424 348.749 295.212 421.447 516.539
internal_count=3527285 2804529 722756 513715 461374 2528372 209041 154872 218503 56155 276157 267552 193236 98717 52341 2309869 519227 10523 1155 94763 54169 29944 49177 196233 81905 74316 44718 49019 33103 28673 11264 54455 17104 37351 23181 13961 441126 18680 5212 13468 14170 27450 20248 22270 2748 9993 19061 8008 508704 16978 13190 9268 4120 21189 7484 6978 11466 26204 8605 5160 4034 14540
is_linear=0
shrinkage=0.1


Tree=40
num_leaves=63
num_cat=0
split_feature=4 10 23 9 16 16 11 11 9 10 23 11 9 26 1 3 11 3 17 18 17 9 11 27 16 16 26 27 10 14 11 23 22 18 9 8 8 26 0 8 3 21 16 21 18 27 18 21 3 26 9 11 14 21 8 11 18 1 8 11 9 1
split_gain=7102.58 2167.29 1855.95 646.301 490.754 302.456 245.31 197.355 189.152 186.371 173.879 168.779 185.399 145.076 132.357 114.151 118.662 113.454 111.076 101.57 100.674 102.987 134.727 98.3443 94.2458 84.1781 74.8408 72.0317 67.2971 66.3189 66.4546 65.8517 78.2791 89.735 64.8164 62.8254 58.9898 56.9124 70.4405 55.7385 56.3478 54.4712 52.4193 68.2023 52.3499 52.2218 65.0912 51.8199 51.3695 61.4355 49.6562 46.2387 48.5703 44.176 43.9253 43.1077 42.3571 41.8162 41.5362 41.529 41.4595 41.1007
threshold=1.0000000180025095e-35 64.051280975341811 0.94444444775581371 64.932434082031264 98.739471435546889 80.717849731445327 0.86607143282890331 0.31666667759418493 50.396825790405281 85.053192138671889 0.4083333313465119 0.10555555671453477 95.293468475341811 1.5000000000000002 6.5000000000000009 34.500000000000007 0.77500000596046459 33.500000000000007 71.809036254882827 0.73508772253990184 97.624691009521499 48.050632476806648 1.0000000180025095e-35 1.0000000180025095e-35 73.481681823730483 96.726669311523452 1.0000000180025095e-35 1.0000000180025095e-35 87.026645660400405 4.5000000000000009 0.23611111193895343 0.087121214717626586 3.5000000000000004 0.18019481003284457 60.158729553222663 97.999198913574233 41.060766220092781 1.0000000180025095e-35 0.92782193422317516 30.0684928894043 3.5000000000000004 6.5000000000000009 97.68778228759767 6.5000000000000009 0.26491229236125952 1.0000000180025095e-35 0.67424243688583385 6.5000000000000009 37.500000000000007 1.0000000180025095e-35 82.842723846435561 0.15476191043853763 10.500000000000002 6.5000000000000009 26.766168594360355 0.19090909510850909 0.74342104792594921 3.5000000000000004 97.825057983398452 0.6904762089252473 57.979627609252937 2.5000000000000004
decision_type=2 2 2 2 2 2 2 2 2 2 2 2 2 2 2 2 2 2 2 2 2 2 2 2 2 2 2 2 2 2 2 2 2 2 2 2 2 2 2 2 2 2 2 2 2 2 2 2 2 2 2 2 2 2 2 2 2 2 2 2 2 2
left_child=1 5 4 18 6 7 13 -1 25 36 28 -3 15 17 48 26 -17 19 41 20 21 24 34 -15 -2 -7 -13 51 -8 30 -24 32 -14 -34 -23 44 -6 -38 -39 40 -26 -4 43 57 47 -10 -47 -5 49 -9 53 52 -21 -31 -27 -41 -45 -30 60 -52 -32 -20
right_child=2 11 3 35 9 8 10 14 45 -11 -12 12 31 23 -16 16 -18 -19 61 27 -22 22 29 -25 39 54 -28 -29 42 50 58 -33 33 -35 -36 -37 37 38 -40 55 -42 -43 -44 56 -46 46 -48 -49 -50 -51 59 -53 -54 -55 -56 -57 -58 -59 -60 -61 -62 -63
leaf_value=-0.096842273421160363 -0.085149369491692439 0.12388093001113779 -0.08542293429023172 -0.11078443143746441 0.002105182980063972 -0.088769287802547878 0.067749207584541934 0.057578237101086685 -0.023481341975276376 0.09151905820484596 0.07689078973615944 0.0090847926538492121 0.0017222631498523694 -0.053374980693127287 -0.075944279190572797 -0.071994968074183707 0.091983447906207966 -0.073918493035014909 0.050271171358932637 0.046687976203715988 0.065547977669831364 0.011620224766655899 -0.084608746674256954 0.067013521188576675 0.044946940973153979 0.021460903134781075 -0.056196078934217797 -0.10064600644536446 0.011105341218870159 -0.072173740971431574 0.11101657186155144 0.06309025025577833 -0.090577685458316168 0.0045369545364500182 0.075024589260830152 0.10047586009481957 0.08158785537311547 0.047391835051621568 -0.045750382718877589 -0.058634678464670846 -0.06407870155075894 0.011344573040617435 0.06628617287471468 0.04300791048324791 0.080630716643989769 0.079893672922722189 -0.023491260614572788 0.073061760966995543 -0.044279594657279223 -0.079806595600591126 0.0081992000183245296 -0.031670917150580069 -0.053849981044847152 -0.0026135434786316147 -0.055077654550922887 0.19284234628897917 -0.0094445430508660576 -0.018438833418009261 0.060455814920844633 -0.024621470431279709 0.012774491057009649 0.010670009834306958
leaf_weight=6894.1358136979397 216.72966144280508 95.37427172344178 143.31498194392771 28.941379640251398 412.38792070932686 678.89142439491116 260.72829097835347 165.83505888609216 320.63523865793832 980.44345136824995 587.63463439233601 557.48867209325545 4247.3533244172577 755.49681096640415 732.21086306031793 838.58596783061512 46.58178886026144 193.14675112534314 489.77639266243204 180.99937297590077 295.94289319775999 255.43620395381004 61.267138219438493 74.550253245513886 226.25569554697722 119.3477261424996 256.38060895120725 115.39115420170128 1838.0567314112559 203.95239142514765 44.176655987743288 159.55105666862801 205.6320041238796 191.62143750255927 437.17041821731254 3888.8036418799311 316.44752212055027 366.2672261968255 104.32113316096365 174.00957907410339 59.969032870605588 97.914457275997847 190.60689373873174 870.15546004660428 1565.8705913955346 148.11419692635536 103.4215670065023 32.602834558114409 164.68443090934306 40.498055800329894 1378.2631166363135 582.97332117520273 65.419628534466028 165.29036925220862 201.7044764244929 7.0943615729920557 187.04951929487288 647.95534379826859 235.67678616149351 535.24887045752257 1555.2756530777551 563.73422537231818
leaf_count=2096098 37469 2033 12233 622 2972 177051 2567 9551 19476 56785 25505 24153 28671 28913 170589 145248 242 8149 10160 2433 3444 8167 2546 2246 5296 6249 30896 1400 17544 7050 689 3309 39586 2019 6425 264338 15380 6312 1322 7998 2638 4105 5897 12032 97096 1847 947 699 26538 7093 11692 5366 574 4055 12933 71 2219 5823 3170 4760 17851 6743
internal_value=-0.00225311 -0.0522733 0.0355507 0.0786481 0.0154205 -0.0826758 0.0077293 -0.0905582 -0.0425782 0.0591784 0.026102 -0.00818241 -0.0101192 -0.00303667 -0.0512885 -0.0385113 -0.0633656 0.00165712 0.0150649 0.00380486 0.0087169 0.00568967 0.0107914 -0.0425623 -0.0306444 -0.0688167 -0.0114796 -0.0266191 0.0186305 0.00402152 0.0178425 -7.80817e-05 -0.00224803 -0.0446976 0.0516408 0.0935721 0.0327422 0.0487953 0.0267438 -0.00536697 0.0221042 -0.0461452 0.0152006 0.0124524 0.077075 0.00327688 0.0373859 -0.0133925 -0.00262974 0.030613 -0.00746027 -0.01632 0.019997 -0.0410353 -0.0266253 -0.0487836 0.0337276 0.00340493 0.0212629 -0.00098142 0.0154879 0.0290806
internal_weight=37560.8 16168 21392.7 6810.96 14581.8 9569.48 12401.9 7997.36 1572.11 2179.87 4582.19 6598.57 6503.19 7819.74 1103.23 1699.04 885.168 6989.69 1294.74 6796.54 5851.76 5555.82 4871.76 830.047 684.058 999.944 813.869 944.783 3994.55 4179.15 1896.4 4804.16 4644.61 397.253 692.607 5516.22 1199.42 787.036 470.588 467.329 286.225 241.229 3733.82 3543.22 1627.41 572.171 251.536 61.5442 371.018 206.333 2282.75 829.392 246.419 369.243 321.052 181.104 1057.2 2486.01 1835.13 1913.51 1599.45 1053.51
internal_count=3527285 2804529 722756 395996 326760 2528372 243989 2309869 218503 82771 71587 276157 274124 172402 213771 200539 145490 141243 33241 133094 123321 119877 66405 31159 53472 196233 55049 9773 46082 51813 24256 73585 70276 41605 14592 362755 25986 23014 7634 16003 7934 16338 43515 37618 98417 22270 2794 1321 43182 16644 27557 8373 3007 11105 19182 8069 14251 23367 21710 16452 18540 16903
is_linear=0
shrinkage=0.1


Tree=41
num_leaves=63
num_cat=0
split_feature=4 10 23 9 16 16 11 23 1 10 23 11 8 26 3 11 3 14 17 1 0 27 10 21 11 11 0 8 26 9 10 3 22 23 3 26 9 16 17 15 1 18 21 17 18 21 22 11 3 23 26 16 21 3 3 11 21 3 8 16 8 3
split_gain=6092.92 2036.27 1714.69 629.926 432.978 295.879 206.632 198.847 182.002 178.031 159.575 147.135 129.969 116.11 102.199 99.1133 95.9358 95.5121 92.3134 89.1309 80.0542 79.5732 76.714 75.1592 72.7199 70.1013 68.3279 66.3062 63.5501 61.4595 57.9794 57.9053 63.3439 66.0633 57.065 55.6464 53.827 52.698 52.2732 52.0735 51.7854 47.6909 46.8621 46.6415 57.2942 76.1408 63.7359 48.5043 47.313 46.7576 46.4734 83.3242 46.0065 44.3695 49.5023 53.3803 43.8578 43.7852 44.0973 41.7289 41.2532 40.576
threshold=1.0000000180025095e-35 61.16780090332032 0.94444444775581371 64.932434082031264 98.999900817871108 78.696113586425795 0.86607143282890331 0.26136364042758947 8.5000000000000018 85.053192138671889 0.4083333313465119 0.31666667759418493 91.734970092773452 1.5000000000000002 10.500000000000002 0.10555555671453477 36.500000000000007 8.5000000000000018 71.809036254882827 6.5000000000000009 0.43743988871574407 1.0000000180025095e-35 97.915760040283217 7.5000000000000009 0.31666667759418493 0.31666667759418493 0.82163912057876598 97.999198913574233 1.0000000180025095e-35 46.737588882446296 87.026645660400405 179.50000000000003 7.5000000000000009 0.10555555671453477 13.500000000000002 1.0000000180025095e-35 89.417694091796889 70.615219116210952 98.994949340820327 44.076908111572273 14.500000000000002 0.26491229236125952 6.5000000000000009 99.839229583740249 0.74342104792594921 9.5000000000000018 9.5000000000000018 0.19090909510850909 5.5000000000000009 0.52777779102325451 1.0000000180025095e-35 58.355855941772468 6.5000000000000009 19.500000000000004 98.500000000000014 0.58571431040763866 6.5000000000000009 14.500000000000002 71.010189056396499 88.478557586669936 26.158231735229496 1.5000000000000002
decision_type=2 2 2 2 2 2 2 2 2 2 2 2 2 2 2 2 2 2 2 2 2 2 2 2 2 2 2 2 2 2 2 2 2 2 2 2 2 2 2 2 2 2 2 2 2 2 2 2 2 2 2 2 2 2 2 2 2 2 2 2 2 2
left_child=1 5 4 18 6 11 13 25 15 29 30 -1 14 16 28 -3 17 22 42 -13 34 59 40 24 -17 -7 36 41 -10 -6 -8 32 33 57 35 52 37 -19 50 -37 43 56 -4 44 45 49 48 -46 -47 -2 51 -32 -9 -26 -55 -56 -5 58 -25 -15 -39 -20
right_child=2 8 3 27 9 7 10 20 12 -11 -12 19 -14 21 -16 23 -18 26 61 -21 -22 -23 -24 31 53 -27 -28 -29 -30 -31 38 -33 -34 -35 -36 39 -38 60 -40 -41 -42 -43 -44 -45 47 46 -48 -49 -50 -51 -52 -53 -54 54 55 -57 -58 -59 -60 -61 -62 -63
leaf_value=-0.097108349992353946 0.0060102226334162031 0.11986702662928246 -0.080292100795244681 -0.1051313017385333 -0.0064565434038782567 -0.079737548860864441 0.063764502224581063 0.029352811730649603 0.044170693397199728 0.091844659037407128 0.074571724467880796 -0.0082389857203749271 -0.013193165881629935 -0.073677921398891885 -0.080776025016583888 -0.090989150792805576 -0.072714078108277375 -0.073098524682427113 0.054750205681383418 -0.076315290786425377 -0.026361780812707486 0.060697192817325676 0.099404322378439255 0.19057655386824301 -0.0169904739211621 0.051547812653456239 -0.059026858353446565 0.10019791007960377 -0.056954532692132014 0.046024176090269132 0.019086927536246488 -0.053398724781472277 -0.073167458000671995 0.11216720994067086 -0.035712341120813756 0.36983368495863644 0.0094078927623201386 0.030794840189311491 0.10074672227758813 -0.037165283479022419 -0.045003970183046485 0.078752931561019979 0.01020027817680472 0.092035186588982409 0.028288580224575269 0.085289668445268849 0.0044540675432810251 -0.034510628138584791 -9.4718814875853477e-05 0.073028767285705634 0.0056035705883023933 0.10180568475893792 0.16468300288465604 0.018895960987902166 -0.074145753984158444 -0.001498909145113087 0.066991497363691699 0.056264203918355862 0.0027967633326098072 -0.026241246951157524 -0.026531426895743872 0.012715142991133542
leaf_weight=6044.607220309088 2988.781404145062 70.924052643822506 137.53788424609229 27.52335502486676 311.33283155411482 871.91916898218915 251.19541185162961 38.356837612343952 125.53964346391149 862.95777358021587 554.05489398632199 295.03215851006098 1495.6864439933561 341.85335022653453 682.55997039796785 99.003155404003337 169.47044828091748 181.10312163992785 344.54320738371462 552.46728727058508 433.04227605788037 74.102963988669217 96.888458696193993 12.868490070104597 1451.3524545882829 42.661833514925092 293.84194295294583 3528.0072805471718 123.06014089146629 787.79386602155864 842.87462475337088 87.557394113158807 54.333809859817848 105.92190383281559 59.826657502446324 3.373328902758657 946.48420436354354 166.84007359109819 68.373503034934402 46.164938408182934 168.01755557395518 1448.9470785772428 98.003940104041249 70.856491362676024 167.89297611732036 342.04833505419083 238.89579247636721 459.86926182266325 80.09285866189748 107.85974337439984 2652.6227079839446 142.3414744567126 72.796071729855612 1154.3920395483728 125.84627871448174 515.32417465024628 32.032919494435191 321.42972431541421 443.82210406661034 405.30330922920257 506.99448095075786 688.58026929665357
leaf_count=2030392 50509 1403 12233 622 1839 202229 2587 2414 6401 55799 25745 35849 39577 24409 148290 24568 7687 23191 7561 142213 26779 2246 2753 1250 31783 1748 2224 264338 19262 23558 8997 6306 2496 2401 5016 384 8133 3343 2676 8692 11173 97096 4105 1651 1931 6620 4244 4690 2111 2648 25948 6399 3603 21277 20516 4231 699 9677 5772 4578 9071 9342
internal_value=-0.00214605 -0.0498755 0.033397 0.0768315 0.0142199 -0.082717 0.00727075 -0.0435113 -0.00942966 0.0578494 0.0243083 -0.0916373 -0.0314527 -0.00257454 -0.0607824 0.00260035 0.00160679 0.00345455 0.0138537 -0.0526165 -0.00138674 -0.0381425 0.0113403 0.000697944 -0.00656245 -0.0736136 -0.0143142 0.0926952 -0.00588761 0.0311588 0.0172711 0.0243766 0.0316336 0.0380747 0.047658 0.0786975 -0.0070208 -0.0252087 0.01412 -0.00945052 0.00949518 0.0751481 -0.0426401 0.01155 0.0102496 0.0149214 0.0457307 -0.0177152 0.0690897 0.00834456 0.0124918 0.0310379 0.117983 -0.00398816 0.00652161 -0.0157577 -0.0125534 0.0279888 0.00808797 -0.0479454 -0.0123376 0.0267337
internal_weight=35915.8 15329.9 20585.9 6305.18 14280.7 8460.25 12318.7 1568.14 6869.62 1962.08 4511.46 6892.11 2426.85 7807.2 931.16 4442.78 6985.94 6816.47 1268.67 847.499 653.56 821.26 4721.2 4371.85 3345.92 914.581 2095.26 5036.51 248.6 1099.13 3957.41 1025.93 938.376 884.042 220.518 160.691 1801.42 854.938 3706.21 49.5383 4624.31 1508.5 235.542 4456.3 4385.44 3757.68 661.037 627.762 422.141 3096.64 3637.84 985.216 111.153 3246.91 1795.56 641.17 59.5563 778.12 456.691 747.157 673.835 1033.12
internal_count=3527285 2804529 722756 395996 326760 2459319 245564 250865 345210 81196 72352 2208454 213530 173212 173953 131680 141979 134292 33241 178062 46888 31233 88330 130277 102375 203977 45962 362755 25663 25397 46607 27902 21596 19100 20109 15093 43738 35605 44020 9076 85577 98417 16338 74404 72753 66132 12975 6621 8731 53157 41344 15396 6017 77807 46024 24747 1321 16699 7022 28987 12414 16903
is_linear=0
shrinkage=0.1


Tree=42
num_leaves=63
num_cat=0
split_feature=4 6 23 9 16 16 1 11 6 9 1 14 25 9 11 9 11 1 1 16 8 26 18 21 16 0 23 0 11 11 11 9 6 18 16 21 26 0 21 22 8 18 22 26 26 9 6 1 18 21 16 2 22 21 6 18 22 14 18 22 22 0
split_gain=5210.18 1899.56 1578.86 612.92 378.958 300.798 185.016 178.004 172.333 164.748 147.356 110.036 138.921 100.48 96.5606 94.1792 90.2043 76.7617 72.4591 71.3864 69.907 67.9585 127.364 66.6472 65.7645 61.8708 56.2298 64.9297 55.8173 55.739 54.9458 54.5976 52.5006 51.7924 79.5365 57.4162 50.2584 55.1905 44.1435 51.1284 44.2929 43.4272 42.5091 41.9944 41.8656 41.843 57.2332 41.5073 40.3166 40.7224 40.5867 38.1502 37.6372 37.0046 35.6211 34.9409 38.1304 50.2879 34.4011 129.228 40.1631 37.5087
threshold=1.0000000180025095e-35 63.224515914916999 0.94444444775581371 64.932434082031264 98.999900817871108 80.717849731445327 4.5000000000000009 0.31666667759418493 85.053192138671889 49.675325393676765 10.500000000000002 8.5000000000000018 1.0000000180025095e-35 63.245613098144538 0.10555555671453477 94.494949340820327 0.095454547554254546 7.5000000000000009 4.5000000000000009 73.764678955078139 97.999198913574233 1.0000000180025095e-35 0.12973351776599887 10.500000000000002 96.726669311523452 0.79730346798896801 0.44949495792388922 0.54934528470039379 0.10555555671453477 0.77500000596046459 0.31666667759418493 51.355310440063484 21.132376670837406 0.81534090638160717 97.68778228759767 5.5000000000000009 1.0000000180025095e-35 0.92782193422317516 9.5000000000000018 10.500000000000002 72.871574401855483 0.26491229236125952 6.5000000000000009 1.5000000000000002 1.0000000180025095e-35 46.737588882446296 23.132664680480961 10.500000000000002 0.70294117927551281 9.5000000000000018 92.60501861572267 0.92595291137695324 9.5000000000000018 6.5000000000000009 26.158231735229496 0.36181819438934332 6.5000000000000009 4.5000000000000009 0.2981481552124024 3.5000000000000004 7.5000000000000009 0.56259194016456615
decision_type=2 2 2 2 2 2 2 2 2 2 2 2 2 2 2 2 2 2 2 2 2 2 2 2 2 2 2 2 2 2 2 2 2 2 2 2 2 2 2 2 2 2 2 2 2 2 2 2 2 2 2 2 2 2 2 2 2 2 2 2 2 2
left_child=1 5 4 18 6 7 11 -1 31 24 14 12 29 19 -3 28 -15 44 45 -8 41 22 51 30 -7 43 -11 47 -12 -2 -16 -6 -26 34 35 -23 -33 -38 40 -40 -18 53 -36 -13 -9 46 -4 -28 -37 50 -50 -14 -21 -5 -20 -19 57 -57 59 61 -60 -32
right_child=2 10 3 20 8 9 13 17 -10 26 15 25 21 16 23 -17 38 55 54 52 -22 33 -24 -25 32 -27 27 -29 -30 -31 58 36 -34 -35 42 48 37 -39 39 -41 -42 -43 -44 -45 -46 -47 -48 -49 49 -51 -52 -53 -54 -55 -56 56 -58 -59 60 -61 -62 -63
leaf_value=-0.096038794801571598 0.036359101409220565 0.11722429191954714 0.055129744919557445 -0.099426948329996045 -0.0018262421438807236 -0.087854384255197704 -0.08250027793460718 0.0020833409792272695 0.090922191184904369 -0.026675184317776802 0.091971456361891912 0.0071783322587514065 0.021399469387437243 0.059450797758867219 -0.074177520398603411 -0.013134916327037578 -0.059274875621630412 -0.075471044395336667 0.016228999022296565 -0.0078785835876547857 0.099919320212502355 -0.0088532824242587363 0.079190976670961005 0.033202832498606019 0.064360891370863302 -0.043701852107238794 0.11672582242415075 -0.018311031451178933 -0.064976456592834242 0.088100541457183296 0.0050336471808554648 0.077425573332573189 -0.04840899027668337 -0.044479701492244506 0.082449196384134171 0.023990154085892869 0.043956211973800743 -0.040463872349485314 0.047301485894602958 -0.061424807639744262 -0.010559157289968243 0.076786985975520763 0.014009041333245712 -0.050737238847670688 -0.089489666143517416 0.058439508881650948 -0.012593655406188418 0.0024960426963060176 0.069329060841187631 0.03846410547994264 -0.014447676910971053 -0.035393757724687912 -0.077970361134265975 0.061253089624948069 -0.045536730198460745 1.1505309773077745 -0.10244969789632317 0.1055709814537281 0.047939626670907509 -0.07421505066615082 -0.081853515725432452 -0.01870900997663889
leaf_weight=5652.9592073152307 550.82148865959607 70.30389212956652 197.47215621662326 26.259695743210614 371.21702441014349 544.29460530891083 316.74119534390047 309.32200359739363 779.8559322655201 319.53607565793209 23.399477583821863 1196.3301359592006 999.47940533375368 202.84774802345783 111.46574690565467 1017.3660427154973 216.11416606744751 483.98010610090569 149.1408767066896 393.03116197045892 3200.7284686248749 1589.139629129786 419.1880781899672 514.32863171654753 50.157382891979069 400.27458332688548 99.784831660566851 122.65615863213316 716.93888566666283 334.71806213818491 2832.9133952057455 291.02659812197089 233.34982003318146 179.9713822286576 221.39622734952718 1817.5038079728838 317.21556124836206 102.45311475917697 222.20180679159239 53.703979273326695 1368.2975419959985 1342.9422506866977 153.79515673778951 139.83298927289434 59.534561529522762 310.9122781988699 339.02564404532313 46.69634480541572 61.89296046551317 224.30430962424725 880.44440308213234 134.15363319637254 95.157814857549965 31.556918145157397 249.69410338648595 0.79785546031780485 1.7316103635821489 1.0893011323641983 215.18026434117928 254.45783591107465 26.811528195161372 869.64614786044694
leaf_count=2082994 13751 1488 3049 622 2241 166145 54512 33476 55359 29515 756 16013 12095 3042 28107 27170 8588 130613 3728 14138 264338 12923 17577 14246 2332 3279 1648 1728 135948 18974 68204 16043 15727 1411 6513 21712 6193 1360 3752 736 17116 97096 2234 3150 12998 10464 5092 878 425 1687 5567 1950 4419 699 10908 90 238 82 3241 38595 418 7892
internal_value=-0.00203609 -0.0474438 0.0312615 0.0749169 0.0130699 -0.0805146 0.00664289 -0.0896022 0.0550869 -0.0387528 -0.00804453 0.0134885 0.0186984 -0.0155623 0.000873597 -0.032881 -0.00387125 -0.0471177 0.0127076 -0.0455285 0.0917654 0.0137655 0.0320939 -0.00082179 -0.0675122 -0.00921417 0.00168918 0.0353651 -0.0600159 0.0559164 -0.00488163 0.0292565 -0.028458 0.00821589 0.0101324 0.0065011 0.0454919 0.0233469 -0.0107758 0.0261383 -0.017204 0.0731336 0.0543948 0.00111732 -0.0126968 0.0292498 0.0123337 0.0803108 0.0146777 0.000169949 -0.0089452 0.0146786 -0.0215409 -0.0117261 -0.02244 -0.0731563 0.236421 0.547361 -0.00304212 -0.00528048 0.0335592 -0.000542957
internal_weight=34459.5 14578.7 19880.8 5847.73 14033.1 7925.89 12171.3 6509.41 1861.77 1416.48 6652.81 9303.25 7566.81 2868.1 4895.11 1757.7 2063.17 856.455 1246.25 804.93 4601.49 6681.27 1552.82 4824.8 827.802 1736.44 588.673 269.137 740.338 885.54 4310.47 1081.91 283.507 5128.45 4948.48 4573.29 710.695 419.669 1860.32 275.906 1584.41 1400.76 375.191 1336.16 368.857 847.41 536.498 146.481 2984.15 1166.64 942.337 1133.63 488.189 57.8166 398.835 487.599 3.61877 1.88716 4199.01 3957.02 241.992 3702.56
internal_count=3527285 2804529 722756 395996 326760 2478464 245564 2260491 81196 217973 326065 139261 116819 106303 162191 163874 33234 177497 33241 73069 362755 84094 31622 160703 184204 22442 33769 4254 136704 32725 146457 25837 18059 52472 51061 42314 23596 7553 30192 4488 25704 98417 8747 19163 46474 18605 8141 2526 29391 7679 5992 14045 18557 1321 14636 131023 410 172 118350 114691 3659 76096
is_linear=0
shrinkage=0.1


Tree=43
num_leaves=63
num_cat=0
split_feature=4 10 23 9 16 16 26 11 1 1 11 3 11 10 11 11 25 1 11 8 0 27 17 16 22 9 1 22 9 18 24 11 11 22 3 3 26 3 26 16 3 9 3 3 11 11 16 17 17 3 0 11 0 1 1 0 26 26 10 18 27 16
split_gain=4447.34 1789.68 1446.64 593.717 333.869 286.744 186.979 178.681 162.507 156.758 135.72 124.958 124.639 96.6287 92.6881 88.5172 118.06 96.6398 79.8486 73.597 73.5951 100.499 73.3852 71.2405 68.271 64.3153 59.8491 55.1337 70.7706 54.6609 54.4459 53.2673 52.8568 52.4184 51.7365 48.8087 45.7846 42.5929 42.4058 75.785 42.3574 60.9976 56.1155 57.111 52.4305 40.6909 54.1766 39.346 39.1858 36.294 41.9757 40.0132 67.3264 36.2078 35.8212 35.1524 36.4766 37.8865 34.939 39.818 46.7644 42.4177
threshold=1.0000000180025095e-35 58.898942947387702 0.94444444775581371 64.932434082031264 98.601333618164077 78.696113586425795 1.0000000180025095e-35 0.81666666269302379 3.5000000000000004 8.5000000000000018 0.47222222387790685 10.500000000000002 0.31666667759418493 58.123168945312507 0.10555555671453477 0.86607143282890331 1.0000000180025095e-35 1.0000000180025095e-35 0.17424242943525317 97.999198913574233 0.54323303699493419 1.0000000180025095e-35 71.809036254882827 65.015338897705092 9.5000000000000018 56.966489791870124 6.5000000000000009 11.500000000000002 68.660713195800795 0.79057019948959362 1.5000000000000002 0.15476191043853763 0.31666667759418493 3.5000000000000004 8.5000000000000018 5.5000000000000009 1.0000000180025095e-35 3.5000000000000004 1.0000000180025095e-35 48.58477973937989 186.50000000000003 72.871574401855483 18.500000000000004 8.5000000000000018 0.6904762089252473 0.10555555671453477 74.78967666625978 98.994949340820327 98.219570159912124 1.5000000000000002 0.41422861814498907 0.23611111193895343 0.96125608682632457 2.5000000000000004 13.500000000000002 0.92782193422317516 1.0000000180025095e-35 1.5000000000000002 90.366767883300795 0.77097901701927196 1.0000000180025095e-35 97.68778228759767
decision_type=2 2 2 2 2 2 2 2 2 2 2 2 2 2 2 2 2 2 2 2 2 2 2 2 2 2 2 2 2 2 2 2 2 2 2 2 2 2 2 2 2 2 2 2 2 2 2 2 2 2 2 2 2 2 2 2 2 2 2 2 2 2
left_child=1 5 4 22 8 12 20 27 15 14 11 31 -1 23 -3 17 -17 -2 -15 45 21 35 30 -10 37 -8 -14 28 54 48 -4 -11 34 -33 -16 -7 -12 -25 39 -18 41 -34 43 -43 -42 -5 -47 58 -19 50 -24 52 53 -51 -6 -30 -57 -58 -40 61 -61 -60
right_child=2 9 3 19 7 6 25 -9 13 10 36 -13 26 18 32 16 38 29 -20 -21 -22 -23 49 24 -26 -27 -28 -29 55 -31 -32 33 40 -35 -36 -37 -38 -39 47 -41 44 42 -44 -45 -46 46 -48 -49 -50 51 -52 -53 -54 -55 -56 56 57 -59 59 60 -62 -63
leaf_value=-0.096626316906833487 -0.03094253904842674 0.11138626029125849 -0.06610324028583825 0.094782374276550507 0.016402473615652589 0.046027026313100725 -0.089202829115634721 0.094103295778314708 -0.071054192291139059 0.10937152158084296 -0.0065254389707957577 -0.089299184426830353 -0.010421384892117837 0.065529745707461381 0.052022803441134573 0.088291659401858874 0.023440750749531381 0.012254524800247385 -0.0040578726775786448 0.099637084842738727 -0.041903076826145122 0.07251857960912432 -0.032218651269019224 0.0079008501625209126 -0.07309175356512479 -0.013605748295116391 -0.073397127507778451 -0.008842687079745188 0.07379803837657091 -0.032613725446015124 0.050553446591990264 0.044306597823125377 0.1040064511048384 -0.062091075338744833 -0.086496522578864421 -0.065889091192529919 -0.054356169333673578 -0.047448458374076109 0.058143413144569035 0.098245288924716762 -0.065590071113784093 0.0079788215114550004 0.016214861748883945 -0.025975441680233899 0.0083529210976468812 -0.037505978207189788 0.064656190046893339 0.10027154977280589 0.061742947377126239 0.036019959443747189 0.066303291642312773 0.092693941849994341 -0.18858585880481393 -0.013399623320833699 -0.12942844015647895 0.091582574579316928 -0.09470505462728214 0.096897453783879872 0.0083158591530753372 -0.042170432860010806 -0.36894752067117803 0.081035704814353932
leaf_weight=4894.512110212585 633.75651566567831 75.973831614246592 175.81862493534572 464.35711540887132 436.11116265691817 57.757479359395802 600.95220395829529 630.8569308752194 351.97099376167171 36.117496754741296 1421.3018767652102 558.55820691492409 241.04453016282059 175.26884604198858 34.391143330838531 286.38813602924347 544.06496313773096 3273.9219052090775 2785.5037613261957 2903.9329686565325 270.29785963287577 211.86595214204863 51.339059621095657 584.42312895366922 184.01926414249465 138.47041862457991 403.5571990897879 293.0506464522332 492.00241476949304 263.14160699676722 51.793721986934543 73.571151031646878 61.521995346061885 124.93619076278992 124.84539098921232 119.78794815554284 232.9240499867592 182.43085403274745 153.55721728410572 180.32132039405406 196.9908382317517 1051.8030973777641 1841.4672736341599 936.38417287170887 186.8517834325321 55.592052450403571 783.20974469743669 51.885012811049819 168.22159416880459 266.94611262762919 274.27960605639964 53.939222159795463 17.834550840780139 333.42904499080032 17.520548827946186 30.384719621390104 40.094432035461068 13.89706841111183 1861.9297942426056 71.888747850432992 4.6634633615612975 83.823505377396941
leaf_count=1995439 7397 1701 14909 34286 4704 5446 190810 46956 57504 1291 34982 162330 30558 3408 3880 17431 6148 44281 34217 264338 12560 11275 441 16895 8340 9792 120517 4820 24646 2686 1429 4071 5277 24702 36984 20138 28386 8620 1379 10545 21055 26430 41002 14652 1251 1327 62804 2056 2132 3920 7120 2445 103 2874 111 2209 465 427 15737 834 36 2776
internal_value=-0.00192526 -0.0450277 0.0292251 0.0729352 0.0120122 -0.0809654 -0.0405159 0.0503097 0.00569273 -0.00919016 -0.0295667 -0.0635746 -0.0911826 -0.00992487 0.00186686 0.0144802 0.0269906 0.00514279 6.15053e-05 0.0907769 -0.00181354 0.0260134 0.0116795 -0.0326193 -0.0183925 -0.0750459 -0.0498478 0.0294282 0.0403167 0.0113149 -0.0395577 -0.00233355 -9.57884e-06 -0.0226578 -0.0565798 -0.0294815 -0.0132603 -0.00526648 0.0210438 0.0420618 0.00209756 0.00522386 0.00363696 -0.00801275 -0.0295952 0.0710329 0.0578853 0.0142094 0.0146731 0.0233678 0.0507697 0.0100931 0.00288611 0.00857391 0.0107701 0.063571 0.00393661 -0.0453878 0.0121572 0.0086654 -0.0620773 0.0114486
internal_weight=33123.5 13895.9 19227.6 5432.47 13795.1 6938.25 1399.13 1953.92 11841.2 6957.64 2447.41 793.183 5539.11 4263.62 4510.23 7577.56 3238.52 4339.04 2960.77 4207.09 659.709 389.411 1225.38 1302.84 950.873 739.423 644.602 1323.06 1030.01 3705.29 227.612 234.625 4434.26 198.507 159.237 177.545 1654.23 766.854 2952.13 724.386 4275.02 3891.18 3829.65 1988.19 383.843 1303.16 838.802 2227.75 3442.14 997.768 325.619 672.149 618.21 600.375 453.632 576.379 84.3762 53.9915 2175.86 2022.31 76.5522 1945.75
internal_count=3527285 2804529 722756 395996 326760 2396535 250021 84338 242422 407994 255762 192394 2146514 128984 152232 113438 56942 56496 37625 362755 49419 36859 33241 91359 33855 200602 151075 37382 32562 49099 16338 30064 150531 28773 40864 25584 63368 25515 39511 16693 109667 87361 82084 41082 22306 98417 64131 22818 46413 16903 7561 9342 6897 6794 4815 27747 3101 892 20762 19383 870 18513
is_linear=0
shrinkage=0.1


Tree=44
num_leaves=63
num_cat=0
split_feature=4 7 23 9 26 18 9 23 7 18 23 25 7 23 11 3 18 9 11 17 15 3 15 3 0 15 3 8 26 21 25 21 6 11 0 3 15 15 11 9 7 26 17 26 14 18 7 0 21 17 11 18 3 18 21 15 18 17 15 17 25 3
split_gain=3786.18 1687.68 1324.65 568.36 240.479 292.734 211.344 309.336 188.269 165.954 118.309 139.277 128.06 111.936 131.472 158.767 110.075 97.6076 97.4674 95.2398 93.6599 103.21 93.0883 91.418 82.2748 78.0052 121.474 77.4349 76.8006 67.2246 66.6782 65.4283 77.506 73.0135 63.449 92.0231 64.3239 55.1264 53.737 50.3225 49.4543 49.4073 49.3823 48.5891 46.7115 43.3901 43.196 42.2359 41.7327 41.5775 40.5782 47.5716 38.3266 38.1661 38.1168 37.4721 116.801 36.6916 43.061 36.3128 39.9392 33.8798
threshold=1.0000000180025095e-35 61.633426666259773 0.94444444775581371 64.932434082031264 1.0000000180025095e-35 0.13484849035739901 53.001201629638679 0.23611111193895343 63.245613098144538 0.11651583760976793 0.23611111193895343 1.0000000180025095e-35 84.29276275634767 0.44949495792388922 0.47222222387790685 11.500000000000002 0.5313725769519807 48.050632476806648 0.31666667759418493 52.663095474243171 1.0000000180025095e-35 1.5000000000000002 52.433105468750007 15.500000000000002 0.96125608682632457 45.354831695556648 15.500000000000002 97.999198913574233 1.0000000180025095e-35 11.500000000000002 1.0000000180025095e-35 6.5000000000000009 26.747966766357425 0.31666667759418493 0.37181341648101812 33.500000000000007 20.431354522705082 88.473194122314467 0.095454547554254546 42.488718032836921 22.378716468811039 1.5000000000000002 99.22778701782228 2.5000000000000004 4.5000000000000009 0.92450141906738292 26.766168594360355 0.86699503660202037 7.5000000000000009 58.859617233276374 0.10555555671453477 0.26491229236125952 2.5000000000000004 0.56385868787765514 10.500000000000002 1.0000000180025095e-35 0.30602006614208227 83.886699676513686 77.580982208251967 59.65881538391114 1.0000000180025095e-35 50.500000000000007
decision_type=2 2 2 2 2 2 2 2 2 2 2 2 2 2 2 2 2 2 2 2 2 2 2 2 2 2 2 2 2 2 2 2 2 2 2 2 2 2 2 2 2 2 2 2 2 2 2 2 2 2 2 2 2 2 2 2 2 2 2 2 2 2
left_child=1 6 4 31 5 20 16 18 23 49 17 12 29 14 15 28 -1 40 59 -9 21 -2 48 30 43 26 52 50 -3 -12 -7 32 -4 -34 -20 36 44 -38 -30 45 -11 54 57 -19 -36 -33 -18 -31 -13 -6 -5 -52 -21 -17 55 -16 -57 58 -24 -8 -61 -23
right_child=2 13 3 27 9 8 7 19 -10 10 11 22 -14 -15 41 53 46 24 34 25 -22 61 42 -25 -26 -27 -28 -29 38 47 -32 39 33 -35 35 -37 37 -39 -40 -41 -42 -43 -44 -45 -46 -47 -48 -49 -50 -51 51 -53 -54 -55 -56 56 -58 -59 -60 60 -62 -63
leaf_value=-0.096610437378708613 0.096290184976991003 0.057468705064870521 0.030444367388731311 0.09377837731867282 -0.085187418378233778 0.091640307205904825 -0.095451136117414681 -0.078669535118514655 0.090635001816471494 0.010964281206468729 0.037486643936626617 0.01800224578644213 0.085463955214093126 0.060432807055929384 -0.0014793884430458859 -0.077860750716407384 -0.0012638060417178784 0.0031550924395797454 -0.076371760505104955 0.43354343027479159 -0.088379388238815929 0.0081241132166406296 0.0015147875536453735 -0.12090250467504085 -0.080250702090084336 0.016867934893060151 -0.013644060085779508 0.099348208951640218 0.11056141368713326 0.0028913525663011672 0.015825125030012103 -0.033733010062181254 -0.059995697171179786 0.088741672824572682 0.13717705595128674 -0.055489529230788572 -0.070520505004954298 0.240106234450149 -0.069897561334393718 0.061210914914617866 -0.070065517498604943 -0.085165982337808574 0.0925291293693003 -0.069685480011251619 0.012701716813044351 0.042395310290530897 -0.067093505270677298 -0.093287571132153718 0.10081917884547296 0.019585658655806998 -0.046599706455085495 0.061343631153027656 0.19014206190616265 0.12124627154088233 0.024182470432241546 -0.072706168917634748 0.032200842200791453 -0.011326655895159009 0.060287977822285191 0.080783521201240077 -0.065009580294109359 -0.043191910867978384
leaf_weight=3782.565461122198 129.65375693328679 175.55874776095152 238.40501947235316 424.44278220599517 257.76173763070256 148.68439703900367 1075.4101457963698 79.326436723349616 1012.3102168757468 99.290938802063465 653.05030984268524 110.31101859174669 493.117107629776 244.02737393369898 4290.3852710062638 577.75805595028214 155.95959087531082 5250.9395949798636 349.98159982333891 7.6598245566710821 101.38825245620683 1385.808938697679 477.43931682780385 41.220883010653779 124.80493239453062 283.11521475296468 36.01318665780127 2634.8467309409752 19.331148000434041 145.25022218632512 527.77081591403112 150.76150474883616 304.30539985653013 37.018612029962242 63.17669304413721 295.58285583392717 63.742075808346272 6.2757297726348034 112.71980961598456 317.5889167226851 311.99912403337657 71.592291472479701 55.099682388827205 93.203700309852138 57.666216743411496 148.72595172002912 276.21459480444901 66.591064976528287 135.69570968486369 44.399613646790385 43.185865659732372 747.71492363605648 41.621779166394845 9.7904335903003794 519.60318595333956 272.95226322440431 173.64742569578812 1618.7656327646691 168.70947481086478 20.498472978826612 225.43384800991043 141.8241433838848
leaf_count=1670754 2135 8585 5549 34286 39087 4042 460794 28243 73024 5005 14809 1538 33953 6889 52794 168717 22053 47358 103335 296 7780 15815 6707 968 1066 13523 1967 264338 518 2247 9428 3147 11872 1947 4688 67774 11279 60 21430 8966 32390 8900 1276 1493 3047 1760 47280 851 2237 3145 1031 63100 1809 106 6168 42619 1695 14054 1825 2653 46553 4527
internal_value=-0.00181538 -0.0426029 0.0272569 0.0710069 0.0110153 0.0336522 -0.0773073 -0.0549183 0.0628586 0.0032012 0.00545081 0.018898 0.0447952 -0.00600486 -0.00860999 -0.0440705 -0.0911479 -0.00352284 -0.0706139 0.0207232 0.00492221 0.0106301 0.0051925 0.0236789 1.03442e-05 0.0421246 0.125958 0.0897166 0.0141334 0.0216079 0.0324893 0.0108169 -0.0133059 -0.0438642 -0.043901 -0.0205392 0.0335877 -0.0426789 -0.0434799 0.0334797 -0.0505038 -0.00265246 -0.00100969 0.00188473 0.0777774 0.00407244 -0.0433374 -0.0273419 0.0636835 -0.0697921 0.0688354 0.0554496 0.227974 -0.074543 -0.00152867 -0.00434894 -0.0319161 -0.00328526 0.0168605 -0.0875235 -0.0528577 0.00335998
internal_weight=31929.7 13287.6 18642.1 5047 13595.1 3488.66 6820.24 2605.5 1729.99 10106.4 9804.27 3924.03 1358.01 6467.37 6223.34 895.158 4214.74 5880.24 2157.77 447.736 1758.68 1657.29 2566.02 717.676 5468.95 368.41 85.2948 3850.19 307.61 864.892 676.455 1196.81 579.729 341.324 836.425 486.444 190.861 70.0178 132.051 617.076 411.29 5328.18 2320.01 5344.14 120.843 299.487 432.174 211.841 246.007 302.161 1215.34 790.901 49.2816 587.548 5256.59 4736.98 446.6 2264.91 646.149 1321.34 245.932 1527.63
internal_count=3527285 2804529 722756 395996 326760 117719 2486108 746021 87462 209041 166809 79497 51860 318421 311532 199356 1740087 87312 700183 45838 30257 22477 27637 14438 49917 17595 4072 362755 30533 17907 13470 33241 19368 13819 190183 86848 19074 11339 21948 13873 37395 112176 23862 48851 7735 4907 69333 3098 3775 42232 98417 64131 2105 168823 103276 97108 44314 22586 8532 510000 49206 20342
is_linear=0
shrinkage=0.1


Tree=45
num_leaves=63
num_cat=0
split_feature=1 25 10 7 16 9 16 23 4 11 23 11 16 11 8 1 1 11 3 8 3 7 3 3 7 22 16 11 11 9 7 11 16 0 22 23 18 11 8 8 16 24 9 22 4 16 21 22 21 3 0 21 16 22 0 7 18 11 9 7 11 1
split_gain=3382.54 1382.08 1027.57 569.969 411.617 281.009 284.048 190.787 168.165 145.661 108.046 106.672 91.8457 89.8323 89.7611 85.3449 100.794 84.2488 81.0602 71.8481 68.8284 58.9935 57.8123 56.0669 54.1255 53.2064 55.0632 50.219 45.6064 45.4188 50.5451 45.3172 45.139 44.8897 42.3695 48.1683 41.1853 40.2827 36.8668 40.8716 43.5206 36.7154 52.9299 38.713 54.5139 86.4222 91.1095 35.5575 79.0624 43.1458 35.4129 33.7928 38.1617 38.0981 33.4244 57.1897 67.0714 31.5511 42.352 31.3864 30.5625 30.4424
threshold=5.5000000000000009 1.0000000180025095e-35 64.051280975341811 49.205549240112312 75.083892822265639 49.675325393676765 98.999900817871108 0.86607143282890331 1.0000000180025095e-35 0.10555555671453477 0.26136364042758947 0.84523808956146251 59.135110855102546 0.11805555596947671 86.72955703735353 2.5000000000000004 1.0000000180025095e-35 0.47222222387790685 14.500000000000002 97.999198913574233 3.5000000000000004 62.889245986938484 91.500000000000014 1.5000000000000002 26.158231735229496 2.5000000000000004 54.295173645019538 0.31666667759418493 0.31666667759418493 46.737588882446296 28.759398460388187 0.58571431040763866 97.896198272705092 0.89007371664047252 8.5000000000000018 0.23611111193895343 0.81534090638160717 0.10555555671453477 17.467581748962406 39.314987182617195 75.887237548828139 1.5000000000000002 51.355310440063484 6.5000000000000009 1.0000000180025095e-35 53.365695953369148 7.5000000000000009 9.5000000000000018 9.5000000000000018 4.5000000000000009 0.96125608682632457 9.5000000000000018 97.68778228759767 9.5000000000000018 0.85634639859199535 77.836257934570327 0.98076921701431286 0.47222222387790685 71.039428710937514 64.051280975341811 0.31666667759418493 17.500000000000004
decision_type=2 2 2 2 2 2 2 2 2 2 2 2 2 2 2 2 2 2 2 2 2 2 2 2 2 2 2 2 2 2 2 2 2 2 2 2 2 2 2 2 2 2 2 2 2 2 2 2 2 2 2 2 2 2 2 2 2 2 2 2 2 2
left_child=1 3 4 12 17 8 15 11 -3 -4 20 13 -1 -5 18 16 -7 41 25 37 -6 -8 47 -14 -10 61 -27 -26 -22 30 33 -24 -16 -25 35 -15 51 -9 -12 -40 -41 60 -43 44 45 -44 -47 48 -17 -50 59 52 -18 -53 55 56 -39 -20 -59 -36 -2 -11
right_child=2 5 9 7 10 6 21 19 24 14 38 -13 23 34 32 22 36 -19 57 -21 28 -23 31 29 27 26 -28 -29 -30 -31 -32 -33 -34 -35 50 -37 -38 54 39 40 -42 42 43 -45 -46 46 -48 -49 49 -51 -52 53 -54 -55 -56 -57 -58 58 -60 -61 -62 -63
leaf_value=-0.07897475263387127 -0.096070396317661857 -0.090788574518086571 0.084914637739756896 0.085013039974561069 -0.021092614175272025 -0.014022095482802081 0.020241638169281179 0.096384647799100054 0.029743729585279002 0.069894214858898143 0.070433545195273853 0.083481701424319404 0.044128189898979514 -0.00171229035187981 -0.0074460789729401972 -0.003188237945625845 0.015825962526516961 -0.016003889243425638 -0.084712711956229814 0.099285335951801224 -0.083525894045748575 0.09116304911359549 -0.08154045722722332 0.016520955862776392 -0.042804646408954566 -0.096422195439297725 -0.0059083135272649133 0.22351311317811606 0.021054691575662282 0.027260442224111149 -0.04778613481224351 -0.014423134793210435 0.076282671842586622 -0.13695822337457009 -0.051641466102707624 0.070938478568968441 -0.035318076539165022 0.02438915265483918 -0.028422705800583439 0.4350633547918612 0.016860296339884635 -0.08053983002580066 -0.0075241859600662158 -0.046369403075106549 0.12273627493321984 0.10358423695235525 1.8425058433768151 -0.032721348090285728 0.067530594577436986 0.011482223237452321 -0.072566601057494365 0.068993577267146194 0.059841233693382227 0.016385214837942669 0.085175045827623461 0.063206363280622388 -0.13489905886461054 0.40244803470150664 -0.036091291880285675 0.019875449864471012 -0.069624284490345176 -0.073328685626563542
leaf_weight=108.91487337485887 3785.4621015761513 471.22423991770484 155.48745056195185 219.84962438023649 374.23894997569732 1086.3129088187125 156.24259731406346 346.17915551736951 218.29780528857373 98.427278204122558 59.645278579322621 535.91180648375303 490.70459487708285 167.76059539080597 3212.4253265925217 4857.6306038165931 3623.1237793434411 151.49419247685 352.29431781289168 2367.5905713723041 557.21835081791505 470.41170005779713 158.34247040003538 382.71758221508935 283.34507017652504 91.659194828243926 251.96146425511688 7.2620289782062164 45.071747317677364 475.2896922447253 258.4130348553881 275.86060335626826 65.704540772363544 20.055326293688267 78.330037404317409 200.12698454922065 131.1320462860167 122.68224329873919 483.22729405784048 2.5130029011052093 254.16628399398178 45.163223697571084 1.0784196581225853 9.3221306346822512 10.354877645149827 0.47612198675051309 0.82060396950691938 334.01930404920131 249.26311183348298 305.892543759197 71.647709459997714 297.46489666448906 208.30444813892245 256.22850483399816 246.07224259153008 337.96743526356295 33.694649295881391 2.2366039049811652 143.16423095366918 283.34225375135429 494.01169407041743 17.475629050051793
leaf_count=39626 1759324 201169 6185 7496 41365 14891 4043 28141 6333 3294 2330 37521 12977 5621 74346 123490 57608 17237 108876 260822 177080 40745 42807 10720 16605 18368 6358 66 1914 15503 10793 2110 3578 294 1356 7957 1038 7314 31311 156 6671 19134 462 1408 122 72 103 7083 4837 12264 1315 6899 5041 2873 21566 30004 2822 218 19584 7224 168028 787
internal_value=-0.00171431 0.0224017 -0.0472496 0.0593076 -0.0732162 0.00380523 0.00787636 0.0764148 -0.0477428 -0.0101448 -0.0324545 0.047352 0.00992834 0.028389 -0.0136346 0.00438752 0.0133265 -0.0893108 -0.0405751 0.0895149 -0.0547724 0.0734803 -0.00371488 0.015879 -0.00788425 -0.0102903 -0.0300525 -0.0361496 -0.0756997 0.0036817 -0.0132677 -0.0388991 -0.00576788 0.00887875 0.0128515 0.037809 0.0199047 0.0682259 -0.00519662 -0.0112933 0.0209547 -0.0918657 -0.0185316 0.108462 0.221845 0.653927 1.20402 -0.00105652 0.000897492 0.0366478 -0.00833738 0.0215561 0.018219 0.0446484 0.0550604 0.0400701 -0.0099328 -0.0685373 -0.0293455 0.0043865 -0.0930175 0.0482993
internal_weight=30802.7 20137.6 10665.1 6747.25 6274.26 13390.4 12410.2 5011.16 980.129 4390.84 1776.08 1556.97 1736.1 1021.06 4235.35 11783.6 5602.57 4498.18 957.219 3454.19 976.529 626.654 6181.01 1627.18 508.905 459.524 343.621 290.607 602.29 1136.48 661.186 434.203 3278.13 402.773 801.208 367.888 4516.25 1086.6 799.552 739.907 256.679 4346.69 67.2154 22.0522 12.73 2.37515 1.29673 5746.81 5412.79 555.156 433.32 4385.12 3831.43 553.693 740.417 494.344 156.377 497.695 145.401 361.672 4279.47 115.903
internal_count=3527285 1058974 2468311 509072 2226717 549902 325729 419159 224173 241594 260827 68490 89913 30969 235409 280941 88350 1965890 157485 350669 220359 44788 192591 50287 23004 28807 24726 16671 178994 37310 21807 44917 77924 11014 23473 13578 73459 89847 40468 38138 6827 1948653 21301 2167 759 637 175 147674 140591 17101 9895 72421 62649 9772 61706 40140 10136 128678 19802 8580 1927352 4081
is_linear=0
shrinkage=0.1


Tree=46
num_leaves=63
num_cat=0
split_feature=1 25 10 7 16 9 16 9 3 3 17 6 18 3 24 21 16 14 8 3 8 9 24 21 16 7 18 14 17 15 18 7 8 6 24 14 4 0 4 10 25 17 25 15 16 3 15 0 17 18 9 10 7 15 1 1 16 17 15 5 0 24
split_gain=2879.42 1224.68 951.118 537.372 410.16 238.923 251.216 175.199 162.432 100.645 89.3519 79.6 74.1489 75.6157 74.0535 69.07 83.3382 69.273 60.508 81.0271 58.7404 58.5763 87.8638 74.6994 72.3057 58.5722 58.4177 93.3015 57.5246 67.9084 72.1858 67.4417 57.4681 56.2511 53.7415 54.5583 48.2762 46.3891 45.2595 44.7123 42.9778 40.7489 39.6336 38.4178 44.7963 38.4065 69.6431 37.569 38.2586 37.2115 38.6919 36.3708 36.2529 36.1642 34.9097 37.8053 34.4826 34.808 34.4716 34.1338 32.5496 32.1418
threshold=5.5000000000000009 1.0000000180025095e-35 64.051280975341811 81.661396026611342 75.083892822265639 49.675325393676765 98.999900817871108 48.050632476806648 4.5000000000000009 8.5000000000000018 99.839229583740249 21.132376670837406 0.77097901701927196 98.500000000000014 1.0000000180025095e-35 7.5000000000000009 97.68778228759767 9.5000000000000018 86.72955703735353 9.5000000000000018 85.053192138671889 59.516963958740241 1.0000000180025095e-35 7.5000000000000009 45.485893249511726 54.433221817016609 0.98076921701431286 9.5000000000000018 97.624691009521499 92.479335784912124 0.65108695626258861 56.69154357910157 91.042778015136733 23.606810569763187 1.0000000180025095e-35 5.5000000000000009 1.0000000180025095e-35 0.86699503660202037 1.0000000180025095e-35 22.903981208801273 1.0000000180025095e-35 93.887130737304702 1.0000000180025095e-35 1.0000000180025095e-35 72.776679992675795 5.5000000000000009 61.369647979736335 0.65452516078948986 86.685932159423842 0.89736840128898632 53.45238113403321 70.678733825683608 30.0684928894043 54.067844390869148 2.5000000000000004 1.0000000180025095e-35 53.674905776977546 62.97319412231446 96.164356231689467 1.0000000180025095e-35 0.91433504223823558 1.0000000180025095e-35
decision_type=2 2 2 2 2 2 2 2 2 2 2 2 2 2 2 2 2 2 2 2 2 2 2 2 2 2 2 2 2 2 2 2 2 2 2 2 2 2 2 2 2 2 2 2 2 2 2 2 2 2 2 2 2 2 2 2 2 2 2 2 2 2
left_child=1 3 4 7 21 8 10 11 33 25 12 -1 13 15 18 16 28 45 19 43 -8 -2 -23 -24 -25 42 27 61 29 31 -31 51 -15 -3 35 -5 -13 -30 -28 -38 56 54 47 -4 -45 46 -17 48 -6 50 -11 -7 60 -26 55 -33 57 -16 -44 -14 -41 -9
right_child=2 5 14 34 9 6 20 26 -10 49 -12 36 59 32 40 17 -18 -19 -20 -21 -22 22 23 24 53 -27 38 -29 37 30 -32 41 -34 -35 -36 -37 39 -39 -40 52 -42 -43 58 44 -46 -47 -48 -49 -50 -51 -52 -53 -54 -55 -56 -57 -58 -59 -60 -61 -62 -63
leaf_value=0.046496431095198097 -0.096599776412799473 0.04582886626630301 0.049979495600404246 0.06215105179194548 -0.012240383318654107 -0.036376491744845328 0.027522019625569917 0.019421583604486287 -0.088921015343827958 -0.094783533214486404 0.10029022728612098 -0.070782801455235786 -0.0083694700670097939 -0.081405627595639518 -0.049955424836821159 0.066009452020158538 0.057020110899770576 -0.025188975631288687 -0.0076663558894054119 -0.064888272124625751 0.094097706393268268 -0.079162910394015615 -0.058243051209841801 -0.087980772682935443 0.2287160022637601 0.045301131599122413 -0.01892030452332848 -0.0098917851263991274 0.074395697107306119 0.0309087468274125 -0.031605355484190731 -0.014338115812662222 -0.0093888229332613187 -0.027915716262314018 0.091862265718949454 -0.073605072296819118 -0.10838624251947454 -0.039718048803572985 0.074805354666141188 0.02666653513624841 0.0030775053507574065 0.042597518714839022 -0.043079942595100812 -0.081840265216485963 0.0099189363030441728 0.010358608459753855 0.019226470432999788 -0.060489600669181381 0.055069347571794353 0.1786238657273202 -0.033564223950837843 0.087277445324429159 -0.027822967154024655 -0.0046541361742360862 -0.0024951841736773625 0.01892799633903931 0.0794573746109139 0.36291929526249422 0.061079800767706152 -0.059036899091660516 -0.16353862030682076 0.056612827931690868
leaf_weight=232.90351308160461 2759.0483514774824 148.77255075133871 103.39540756493807 243.91261249687523 210.9113330617547 509.71257313527167 202.61923460196704 311.7502583238529 446.06577527162153 296.11348967556842 95.51377160102129 151.3879933510907 270.25062997965142 164.69105312274769 35.47245835699141 539.08833002252504 270.08611196931452 277.49904978380073 2973.216929971939 477.65364272380248 383.10517998691648 1241.4999045071891 68.492405321216211 14.581970090162939 28.657539306441322 140.40837574761827 55.712939641438425 374.55356636585202 174.29821475385688 221.06876959302463 1123.1551065503154 409.30348386359401 338.65176946227439 339.42366606532596 2722.2719408869743 33.692638220265508 41.559953485848382 44.775155515875667 684.92588580586016 319.20000837184489 342.50161038269289 296.77792482776567 658.45282273448538 83.548545970814303 146.48731038346887 777.22686433698982 776.59211100195535 81.907511661294848 140.83072018250823 5.9331868160516015 158.49892750871368 24.951262742513791 276.76835698052309 8.6429843108635378 3103.1915032258257 2066.0252145673148 172.43609266588464 2.1666572852991512 33.384218994993716 261.73252939246595 9.2580232850741577 912.65835974132642
leaf_count=8332 1436405 9391 2342 13621 10566 61733 7007 8455 174715 118588 3711 41078 2228 47335 1527 11656 6000 10327 69350 132007 37781 508361 13566 5152 1785 2527 660 13321 1541 2035 6579 5351 3191 40067 300358 476 801 366 63625 4589 7826 2636 111945 16342 2182 24064 8520 1711 3397 126 10964 785 5012 621 54082 26718 9995 23 1003 2083 76 48668
internal_value=-0.00161488 0.0207646 -0.0447624 0.0568019 -0.0710809 0.00345707 0.00715135 0.0294025 -0.0452997 -0.0301625 0.00396375 -0.00494009 0.00317394 0.0049192 -0.00927745 0.00671521 0.00238937 0.0217588 -0.0142708 -0.0384807 0.0710672 -0.0882235 -0.0712537 0.0103184 0.100829 -0.0155993 0.0445375 0.0337831 0.00053881 -0.000888886 -0.0213244 0.00339662 -0.0329523 -0.00544285 0.0875881 0.0456745 -0.019949 0.0510726 0.067755 -0.00805077 0.024919 0.00649091 -0.0231968 -0.000650768 -0.0234078 0.0279836 0.0383954 0.000505633 0.0147091 -0.0701923 -0.0734396 -0.0306059 -0.00116089 0.174641 0.00457004 0.0134273 0.0605288 -0.0261887 -0.0380538 -0.0332975 0.0213054 0.0471435
internal_weight=29819.4 19635.1 10184.2 6370.56 5847.36 13264.6 12330.3 3370.68 934.262 1726.44 11744.6 1031.08 11649.1 11117.1 4336.88 10613.8 8243.35 2370.41 3784.3 811.085 585.724 4120.92 1361.87 120.375 51.8825 1265.89 2339.6 1598.96 7973.26 7754.19 1344.22 6409.96 503.343 488.196 2999.88 277.605 798.174 219.073 740.639 646.786 552.577 5875.3 1125.49 333.431 230.036 2092.91 1315.68 433.65 351.742 460.546 454.612 534.664 605.226 37.3005 5578.52 2475.33 210.075 37.6391 691.837 531.983 328.458 1224.41
internal_count=3527285 1058974 2468311 509072 2226717 549902 325729 194617 224173 260827 280941 59888 277230 272919 241594 222393 167826 54567 222223 152873 44788 1965890 529485 21124 7558 131149 134729 70444 161826 159919 8614 151305 50526 49458 314455 14097 51556 1907 64285 10478 19371 88787 128622 20866 18524 44240 20176 15674 13963 129678 129552 62518 9677 2406 86151 32069 11545 1550 112948 4311 4665 57123
is_linear=0
shrinkage=0.1


Tree=47
num_leaves=63
num_cat=0
split_feature=1 25 9 11 16 9 16 9 26 11 4 11 3 11 11 17 3 16 14 11 25 3 24 21 11 14 9 11 14 9 6 0 1 16 3 11 26 3 14 21 2 11 11 18 16 21 8 26 8 15 21 3 9 11 6 6 9 0 3 9 11 8
split_gain=2447.17 1078.84 870.442 507.082 390.346 202.667 220.68 199.345 217.368 156.072 151.114 120.763 101.904 91.1039 87.2866 80.8745 77.8643 76.8278 67.9011 60.2489 57.0415 55.8371 53.6659 70.1425 50.3864 47.9712 47.6948 46.6416 59.0165 46.7545 46.4769 45.8157 45.5783 44.6605 43.9284 47.3375 43.1418 42.5098 41.3471 40.4393 39.3081 45.7891 40.4778 39.1424 49.0572 41.8489 38.9196 37.6392 45.855 37.6174 37.384 37.3692 36.7865 36.0827 64.4315 36.0454 39.1963 35.4821 40.7341 34.092 49.9331 45.3143
threshold=5.5000000000000009 1.0000000180025095e-35 80.243904113769545 0.77500000596046459 75.083892822265639 48.050632476806648 98.999900817871108 60.158729553222663 1.0000000180025095e-35 0.15476191043853763 1.0000000180025095e-35 0.31666667759418493 3.5000000000000004 0.10555555671453477 0.47222222387790685 99.839229583740249 11.500000000000002 59.135110855102546 4.5000000000000009 0.41428571939468389 1.0000000180025095e-35 42.500000000000007 1.0000000180025095e-35 7.5000000000000009 0.31666667759418493 11.500000000000002 92.718276977539077 1.0000000180025095e-35 9.5000000000000018 82.842723846435561 27.639257431030277 0.74902743101120006 9.5000000000000018 97.15900039672853 3.5000000000000004 0.23611111193895343 1.5000000000000002 151.50000000000003 5.5000000000000009 10.500000000000002 0.79882803559303295 0.10555555671453477 0.41428571939468389 0.81534090638160717 98.192703247070327 10.500000000000002 99.35065078735353 1.0000000180025095e-35 69.631092071533217 41.042621612548835 6.5000000000000009 182.50000000000003 72.281322479248061 0.31666667759418493 68.457099914550795 23.132664680480961 46.027742385864265 0.42078329622745519 13.500000000000002 83.935482025146499 0.47222222387790685 88.067794799804702
decision_type=2 2 2 2 2 2 2 2 2 2 2 2 2 2 2 2 2 2 2 2 2 2 2 2 2 2 2 2 2 2 2 2 2 2 2 2 2 2 2 2 2 2 2 2 2 2 2 2 2 2 2 2 2 2 2 2 2 2 2 2 2 2
left_child=1 3 4 7 11 10 15 17 40 -4 -3 -2 36 -10 16 18 47 -1 43 -8 57 27 -15 -24 -22 33 -23 28 -20 46 -12 -31 37 39 49 50 -6 -13 -25 -16 41 -9 -43 44 45 53 -29 48 -11 -19 -36 -41 -26 54 -7 -51 -57 58 -14 60 -55 -61
right_child=2 5 9 -5 12 6 19 8 13 14 30 32 20 22 25 -17 -18 34 21 -21 24 26 23 38 52 -27 -28 29 -30 31 -32 -33 -34 -35 35 -37 -38 -39 -40 51 -42 42 -44 -45 -46 -47 -48 -49 -50 55 -52 -53 -54 59 -56 56 -58 -59 -60 61 -62 -63
leaf_value=-0.087000270395605483 -0.093777210963261068 -0.089151973513024452 0.097985699369735613 0.094814993023707717 0.0027940279524939389 -0.060110611958876396 0.025067120143015334 0.087112130916390848 0.06719042888414932 0.25415735415816992 0.024811756031433416 0.019281896139390301 0.10347188443124121 -0.044960269864737445 -0.012848137012888014 0.099318996307757368 -0.081647035342088045 0.15937340379122192 0.063979206325259372 0.093538964212573211 -0.077550438905996166 -0.087693671635572901 0.063127882999574073 0.026450071608607406 0.097014997984868234 0.053375800416534371 -0.014741107182435764 -0.024600801422342167 -0.011930360718802265 0.0050330133253482208 -0.03723788806131282 -0.024673316002917944 -0.065620053652705609 0.072903046234777016 -0.073361286595704164 0.11099991012940132 -0.067056803568557352 -0.077057666081750784 -0.053525676983460682 0.039208380214018873 0.08382690277244563 0.00237862820310317 0.06522412702811127 -0.048665728943553643 0.068756261126058288 0.032032687262768339 -0.10170434380948673 -0.041203197043762692 0.0093567689564731642 0.053095367040570676 -0.0054873709562035834 -0.043753310734885781 -0.049372674626876972 0.0044660455338111282 0.047922902686664694 -0.013969703424311034 0.033757403646429221 -0.04118063924840934 -0.048169403216868703 -0.029585691029619061 0.050160519541214692 0.0065182138896834468
leaf_weight=87.968744854209945 3215.0767105816631 394.799767659395 134.93582154426258 2040.422486403957 787.61237723950762 197.4582213757094 203.6483640121296 239.41921717755031 215.05045159661677 8.0237850276753289 245.11483884812333 155.11099783156533 48.005113038700074 244.64209170860704 2782.7790764905512 87.545082287862897 302.64460267021786 19.299204832524993 212.4930341062136 348.27641455363482 576.52554091450293 153.89128110045567 172.50751259725075 113.98263468476944 29.561803586082533 136.87757093412802 214.5680228372803 339.20045374869369 197.71529333596118 1812.4746228605509 237.85117912082933 727.59529314609244 408.27570732729509 68.326083661988378 121.06645062076859 26.306306560290977 99.602745016454719 64.992610552581027 149.3418333963491 282.16923062736169 1016.1528340744553 216.69792755774688 194.45342481834814 119.53003144264221 134.98487900756299 658.41369692143053 81.123726333258674 227.02699367783498 165.03634019056335 225.20737219520379 246.11287108447868 67.231523553607985 40.94018299295567 547.5706618046388 76.629433763795532 390.064208890195 307.90345482213888 110.77547471411526 28.073661378701217 371.92431921465322 424.57167197857052 5323.715717918938
leaf_count=38774 1777075 197977 6244 247467 41160 32677 7609 20308 5820 546 7891 29359 5177 2958 86520 3712 103006 480 8585 37232 184936 51339 7964 4369 1115 5209 5092 24201 11805 20202 14714 5056 141638 3062 6028 728 16569 22125 2145 4512 107945 16479 17549 1123 4336 15289 1012 18521 7448 4339 10765 1343 1232 25873 2695 7815 7139 6276 5238 9091 5393 56998
internal_value=-0.00151586 0.0192514 -0.0423222 0.0542715 -0.0682171 0.0031542 0.00648454 0.0335183 0.0501892 -0.00780915 -0.0432604 -0.0859407 -0.0286379 0.0104536 -0.0113426 0.00356508 -0.0433747 0.00352039 0.00284205 0.0682743 -0.0537368 -0.00824997 -0.00747701 0.0135632 -0.0677919 -0.00459779 -0.0452106 -0.0042096 0.0273917 -0.00858846 -0.00574646 -0.00347627 -0.0458456 -0.00707718 0.00948089 -0.0185829 -0.00504774 -0.00916543 -0.0189074 -0.00882188 0.071539 0.0523461 0.0321013 0.0081221 0.00899962 0.00793831 -0.039482 -0.0144237 0.0207067 0.0211976 -0.0278668 0.0232449 0.0120083 0.00565304 -0.0299066 0.018309 0.00708477 -0.00506768 0.0475151 0.00711476 0.0244226 0.00416064
internal_weight=28877.3 19137.7 9739.6 6026.6 5564.55 13111.1 12233.3 3986.18 2562.25 4175.05 877.766 3843.46 1721.1 895.525 4040.12 11681.4 702.732 1423.93 11593.9 551.925 833.882 3739.06 680.474 435.832 647.028 3337.38 368.459 3370.6 410.208 2960.39 482.966 2540.07 628.379 3200.51 1335.96 393.486 887.215 220.104 263.324 3132.18 1666.72 650.571 411.151 7854.8 7735.27 7600.28 420.324 400.087 173.06 942.474 367.179 349.401 70.502 6941.87 274.088 923.175 697.968 186.854 76.0788 6667.78 972.142 5695.64
internal_count=3527285 1058974 2468311 509072 2231900 549902 329320 261605 185537 236411 220582 1970197 261703 23256 230167 284479 129521 76068 280767 44841 203974 127292 17436 14478 187283 100646 56431 70861 20390 50471 22605 25258 193122 95437 37294 17521 57729 51484 6514 92375 162281 54336 34028 153475 152352 148016 25213 26515 7994 19773 16793 5855 2347 132727 35372 19293 14954 16691 10415 97355 31266 66089
is_linear=0
shrinkage=0.1


Tree=48
num_leaves=63
num_cat=0
split_feature=4 11 23 6 16 26 18 26 7 26 16 21 16 6 22 8 26 23 15 25 10 21 27 21 7 16 11 25 21 6 0 2 0 5 15 27 23 21 15 22 18 27 11 11 2 26 21 16 0 2 21 27 0 10 27 16 22 8 2 7 6 10
split_gain=2028.88 1268.84 892.105 468.023 375.647 183.95 230.014 173.109 151.504 116.085 174.6 111.967 111.93 90.2304 83.9801 83.8453 80.5135 68.2954 108.722 73.4706 107.779 68.0181 64.5881 65.173 61.7226 65.3792 60.7849 60.334 59.3054 82.8326 56.7495 54.3447 53.8318 65.1688 65.7139 53.1772 163.553 91.3154 54.0575 52.1174 50.6749 50.1098 51.2443 43.8731 48.6286 43.1381 46.7572 78.4744 60.1464 41.6559 40.8649 40.7467 39.3562 37.2424 50.2096 40.377 36.5564 41.4039 36.2437 33.7675 33.446 44.106
threshold=1.0000000180025095e-35 0.31666667759418493 0.94444444775581371 52.704679489135749 75.568477630615249 1.0000000180025095e-35 0.13484849035739901 1.0000000180025095e-35 63.245613098144538 1.0000000180025095e-35 49.606201171875007 6.5000000000000009 44.843700408935554 44.033897399902351 3.5000000000000004 97.999198913574233 2.5000000000000004 0.10555555671453477 51.295475006103523 1.0000000180025095e-35 85.053192138671889 9.5000000000000018 1.0000000180025095e-35 6.5000000000000009 51.113311767578132 88.02985000610353 0.26136364042758947 1.0000000180025095e-35 6.5000000000000009 28.759398460388187 0.96125608682632457 0.8320487141609193 0.66852828860282909 1.0000000180025095e-35 63.499586105346687 1.0000000180025095e-35 0.4083333313465119 8.5000000000000018 93.767654418945327 8.5000000000000018 0.89736840128898632 1.0000000180025095e-35 0.47222222387790685 0.10555555671453477 0.75192296504974376 1.5000000000000002 7.5000000000000009 97.489494323730483 0.78591305017471325 0.57456156611442577 8.5000000000000018 1.0000000180025095e-35 0.89007371664047252 68.457099914550795 1.0000000180025095e-35 54.295173645019538 9.5000000000000018 72.57053375244142 0.75967794656753551 81.01672744750978 35.368577957153327 47.690120697021491
decision_type=2 2 2 2 2 2 2 2 2 2 2 2 2 2 2 2 2 2 2 2 2 2 2 2 2 2 2 2 2 2 2 2 2 2 2 2 2 2 2 2 2 2 2 2 2 2 2 2 2 2 2 2 2 2 2 2 2 2 2 2 2 2
left_child=1 4 5 26 53 6 14 11 27 31 -11 -6 -7 -9 49 43 17 24 22 20 21 -20 23 -19 25 -14 28 -8 29 52 -26 41 33 34 60 45 37 38 58 -12 -35 42 -3 -5 59 46 47 -21 -48 -2 -42 -23 -4 -1 -55 -56 57 -25 -37 -45 -13 -62
right_child=2 9 3 15 7 12 8 13 -10 10 39 32 16 -15 -16 -17 -18 18 19 35 -22 51 -24 56 30 -27 -28 -29 -30 -31 -32 -33 -34 40 -36 36 -38 -39 -40 -41 50 -43 -44 44 -46 -47 48 -49 -50 -51 -52 -53 -54 54 55 -57 -58 -59 -60 -61 61 -63
leaf_value=-0.094277283271006734 0.036992236757938612 -0.025172166126072495 0.024052049233865089 0.093502512952469988 -0.042882160570678257 -0.080516897780678331 0.082170678593825902 -0.085862895645722373 0.087251587541095979 -0.093242433234916988 0.011060233131140126 0.049695383820152456 -0.070047787281750276 0.0021133250633928661 -0.10325208336018335 0.098259387704010631 -0.075293903103377524 0.013314927441213046 0.036904906466460517 -0.015403510377582572 0.07761206046151925 -0.012514290590958075 -0.019281555978112527 0.19294222908553271 0.0026813419605339357 -0.0089304442137516874 0.09706714629900709 0.0079493031931112731 0.026524973759088216 -0.060971266589946463 -0.06798719973133148 -0.039902716917565868 -0.030909700350330346 0.00606671630650515 0.033388863747649412 0.0098570789235193652 -0.11799040965764869 -0.089992829202260261 -0.1114155284044766 -0.092251058700095215 0.091983731007894767 0.055878550728038059 0.003097693205609642 -0.04087304212689661 0.066066106107694492 -0.035591413252020164 0.050323782126160899 0.087009132175503212 -0.0064638327247846274 -0.00046971210158583187 0.52793202555196928 -0.12526427049439018 -0.22935324961389603 -0.046063100453315811 -0.045617361983056895 0.48032168495917377 -0.042590553365757788 0.094453638520840447 0.084834898052954077 0.040470067050764225 0.34239822214651872 0.15309085811166562
leaf_weight=3206.3006537081674 389.83885346213356 743.18716905207839 266.86399460490793 285.06435291399248 269.88559191522654 164.87121450784616 137.36236427933909 509.77743766293861 799.95922612166032 365.12812505150214 415.23034210072365 16.992218997096643 261.6859433024656 151.14422669354826 70.173130926676095 1792.6745966183953 130.8830155194737 78.053578844759613 390.82692323881201 713.54877611831762 334.58529835753143 287.27415189961903 67.186480076052248 70.584333011647686 4713.8133409032598 528.55446642776951 75.023267893586308 540.38930459134281 565.75180560932495 255.61217219475657 116.44130535842851 347.5945805166848 82.410251988330856 162.51592703757342 59.885408924892545 132.23662280198187 148.51352274557576 76.605013574240729 23.694184296764433 55.3376603043871 6.1624641157686693 160.71954142767936 4672.8482508852612 86.578680176753551 414.18969626864418 211.17941696895286 509.08743648580275 83.585062292404473 294.34794995933771 1244.0001773228869 3.3025271650403738 36.077618742827326 6.2729588153306386 61.179269416606985 2.5321929277852169 3.4464009166695178 12.6406838290859 107.98758497461677 125.80869591189548 124.30525051429868 17.445720007759519 41.785259016905911
leaf_count=2034526 6699 196661 7349 31582 27702 29465 4158 234811 73024 128646 19657 3701 37985 15492 6365 260809 6901 1989 10464 6797 31953 4504 3113 1499 40725 10849 6014 10280 14450 11474 1021 11058 3373 17393 5598 1522 1176 787 208 3707 185 5634 74346 5472 45757 3024 5668 1731 2767 17193 87 505 73 19805 276 72 701 2285 1402 13016 1339 460
internal_value=-0.00141794 -0.0340209 0.0207841 0.0628408 -0.0745677 0.00806266 0.0289063 -0.0295628 0.057779 -0.00646144 -0.0413522 0.00664764 0.00116889 -0.0657439 0.00386803 0.0857097 0.00259326 0.00368654 0.0142292 0.00881352 0.0307762 0.00883415 0.0684315 0.0903174 -0.00326091 -0.0291693 0.00999017 0.022992 0.00402143 -0.020057 0.000977759 -0.00153971 0.0408791 0.0600818 0.11178 -0.00112077 -0.029753 0.00681644 0.0331389 -0.00108893 0.0191666 0.000851426 -0.000781491 0.0609908 0.0461639 0.00688943 0.0124944 -0.00466483 0.029519 0.00846882 0.244095 -0.0250942 0.0182323 -0.0927336 -0.0190333 0.257564 0.12175 0.133383 0.0464121 0.00707454 0.173369 0.208849
internal_weight=28028.9 11354.8 16674.1 3872.34 4594.77 12801.8 3181.72 1321.31 1477.71 6760.05 835.696 660.385 9620.07 660.922 1704.01 2702.81 9455.2 9324.32 3703.82 3367.37 1048.76 714.179 336.453 269.266 5620.5 790.24 1169.52 677.752 1094.5 528.749 4830.25 5924.35 390.5 308.09 136.109 2318.61 506.858 358.345 281.74 470.568 171.981 5576.75 5416.04 910.138 625.074 1811.75 1600.57 797.134 803.435 1633.84 9.46499 323.352 273.137 3273.46 67.1579 5.97859 191.213 178.572 258.045 210.884 76.2232 59.231
internal_count=3527285 2804529 722756 395996 2364820 326760 117719 310141 87462 439709 152010 59838 209041 250303 30257 356636 179576 172675 82095 72508 47426 15473 9587 6474 90580 48834 39360 14438 33346 18896 41746 287699 32136 28763 11098 25082 5095 3919 3132 23364 17665 276641 271007 95827 64245 19987 16963 8528 8435 23892 272 5009 7422 2054679 20153 348 4485 3784 2924 18488 5500 1799
is_linear=0
shrinkage=0.1


Tree=49
num_leaves=63
num_cat=0
split_feature=1 27 7 9 16 9 4 16 0 11 11 11 3 18 3 11 0 9 6 14 17 3 11 22 11 15 0 18 15 18 22 27 3 11 3 11 8 15 0 18 15 17 11 16 9 6 22 18 3 15 24 18 22 16 14 6 9 15 18 16 11 17
split_gain=1822.08 763.123 735.144 451.929 387.442 142.528 149.81 127.606 118.449 104.55 101.807 95.8615 119.542 95.3256 78.2474 60.9073 59.1075 57.4605 58.2067 57.9299 57.459 50.2202 57.1229 48.4885 48.0246 48.0237 75.072 47.9706 46.8529 46.1282 45.2755 44.3592 42.5157 121.769 94.6244 48.5791 74.4637 65.0325 42.3177 42.0537 46.5875 43.3376 41.8206 40.5843 38.9566 38.4664 38.0871 103.044 55.0123 48.2785 37.708 37.3932 37.2948 47.4008 37.0743 36.5679 42.1245 39.6369 36.5441 35.1944 33.1398 33.0074
threshold=5.5000000000000009 1.0000000180025095e-35 59.870130538940437 84.924243927001967 76.609558105468764 48.050632476806648 1.0000000180025095e-35 98.192703247070327 0.79730346798896801 0.81666666269302379 0.095454547554254546 0.47222222387790685 12.500000000000002 0.11651583760976793 4.5000000000000009 0.31666667759418493 0.91433504223823558 46.737588882446296 24.068965911865238 9.5000000000000018 97.624691009521499 98.500000000000014 0.58571431040763866 4.5000000000000009 0.73214286565780651 52.198066711425788 0.79730346798896801 0.74342104792594921 91.23447418212892 0.98076921701431286 8.5000000000000018 1.0000000180025095e-35 6.5000000000000009 0.31666667759418493 19.500000000000004 0.38750000298023229 90.399383544921889 26.555585861206058 0.62948855757713329 0.58114033937454235 97.510330200195327 96.113964080810561 0.095454547554254546 57.637088775634773 82.842723846435561 20.144927978515629 4.5000000000000009 0.11651583760976793 2.5000000000000004 40.09132385253907 1.5000000000000002 0.58957219123840343 6.5000000000000009 53.365695953369148 10.500000000000002 25.15822792053223 46.027742385864265 63.775949478149421 0.39208073914051061 97.896198272705092 0.19090909510850909 88.021739959716811
decision_type=2 2 2 2 2 2 2 2 2 2 2 2 2 2 2 2 2 2 2 2 2 2 2 2 2 2 2 2 2 2 2 2 2 2 2 2 2 2 2 2 2 2 2 2 2 2 2 2 2 2 2 2 2 2 2 2 2 2 2 2 2 2
left_child=1 5 4 13 15 6 -1 20 30 16 -4 12 23 -3 44 50 54 18 -15 25 21 28 -23 -12 -17 -19 -27 -22 32 -18 -5 -16 46 -34 58 -36 37 -37 -38 41 -41 61 -21 -25 55 -8 48 -48 51 -49 -2 -7 53 -52 -9 -6 -57 -58 -35 -13 -47 -30
right_child=2 3 10 8 14 7 45 9 -10 -11 11 59 -14 17 31 24 29 19 -20 42 27 22 -24 43 -26 26 -28 -29 39 -31 -32 -33 33 34 35 36 38 -39 -40 40 -42 -43 -44 -45 -46 60 47 49 -50 -51 52 -53 -54 -55 -56 56 57 -59 -60 -61 -62 -63
leaf_value=-0.087134592440472336 -0.093931570680441598 -0.086808045517072163 0.07786392757354875 0.058180548664442791 0.021624332153834611 0.065562460287334146 0.053878609986897842 0.04186600022724498 0.092417380995767462 0.08143299122275377 0.033988275613995554 -0.0051468005694397514 -0.078459979703766461 0.033921629864571208 -0.069444267222758926 -0.052242232349967867 -0.056151215600268548 0.099321485357296513 -0.021145500334234679 0.0070914986729455542 0.056700975259616808 -0.079659998929540565 -0.0058205783819792927 -0.094148520236445266 1.2081204859817012 0.0090169141051471332 0.070818745363485799 -0.0037786276682563106 0.14298666941209789 0.089545667255234357 -0.0032363416704421543 -0.0057024476014208118 -0.070769900390348903 -0.017537882563991729 -0.041063637422686781 0.20731782629430376 0.032543847537115637 -0.03940993912827611 -0.013055282857200366 -0.020232417269956338 0.06156917909311891 0.11977398344159687 -0.10982552386282725 -0.010484202346643368 0.077155872902455208 -0.019092811874925786 -0.092435999472418262 0.098129376847211666 0.013245381893806515 0.0087643948334827759 -0.091682134767860413 -0.049834056562961276 -0.089212440150191613 0.1871255503312102 -0.018335232203744316 -0.051360321455229209 0.049138614453057151 -0.024512311826760235 0.024756440722909161 0.079017364240272669 0.15312404391683943 -0.0075033392682340855
leaf_weight=334.37194687814917 2597.8724201645236 88.170185206574388 130.56722723843995 943.87762617052067 240.97108756995294 389.12461938045453 99.844800147460774 580.99886542977765 1761.0396052030846 377.65727340057492 184.19872585684061 3312.7583366797771 434.5773696526885 305.16218275704887 432.2249281067634 422.19926230655983 145.06575084058568 136.47898401808925 517.39935786742717 172.05321848602034 362.22529886395205 153.84324606624432 328.44245026563294 76.146930401911959 0.3025403767824163 464.43349719222169 340.7647497295402 205.57782186148688 16.205791812390089 25.558923519682139 137.51693472242914 146.07583844242617 237.93509056500625 1543.1806807930116 109.93109870911576 40.416605774546042 986.25428899517283 14.521357432240618 256.43857087567449 1519.2987499902956 72.965561491902918 43.858623193111271 37.210577074671164 243.02121518040076 52.633775487309322 439.68345459271222 100.36154306773096 61.52418086596299 882.50710973900277 3472.7370313366409 10.017138119088488 30.264676051214337 27.81911601847969 15.585152768995611 124.15741361631081 298.54461648745928 111.06389581237454 213.60375532961916 235.46436225203797 50.440826749894768 11.465093708829952 144.79364195861854
leaf_count=196794 1732945 36416 5584 84523 17440 7364 2096 22461 256116 38037 11421 95759 180928 8261 153347 151069 2731 4990 21846 6087 5635 49462 2552 23051 6 23213 32782 3199 113 2433 8108 9831 70729 20688 17433 1086 7681 351 2118 10423 928 425 1361 6668 2082 20587 17025 1463 14784 49517 5378 290 14403 2102 2628 38442 5130 9632 2914 3093 234 1090
internal_value=-0.00132511 0.0168336 -0.0381459 0.0505672 -0.0662927 0.00443848 -0.0343305 0.00719298 0.0764207 0.0374526 -0.00912769 -0.0117684 -0.0400379 0.0149229 -0.0245388 -0.0866021 0.0184872 0.0194679 -0.000716141 0.0338932 0.00380888 0.00215485 -0.0293745 -0.00686658 -0.0513397 0.0444691 0.0351718 0.0348038 0.00365184 -0.0343264 0.0503704 -0.0533434 0.00680059 -0.00176168 0.00339162 0.0227637 0.0281709 0.142102 0.0231341 -0.0109969 -0.0164839 0.0316507 -0.0136983 -0.0304448 -0.00636975 -0.00228626 0.0127397 0.00748269 0.0274161 0.0103201 -0.0922214 0.057235 -0.00905674 0.0780394 0.0312663 -0.0114569 -0.0242481 0.000682557 -0.0119388 -0.00388452 -0.0147162 0.0076446
internal_weight=27251.4 18250.8 9000.62 4904.11 4568.91 13346.7 885.365 12461.3 2842.43 1253.44 4431.71 4301.14 937.944 2061.67 1495.12 3073.8 875.781 1973.5 822.562 1150.94 11207.9 10640.1 482.286 503.367 422.502 941.677 805.198 567.803 10157.8 170.625 1081.39 578.301 8360.66 3424.14 3186.21 1407.56 1297.63 54.938 1242.69 1797.12 1592.26 204.858 209.264 319.168 916.817 550.993 4936.52 3634.62 1301.9 3534.26 2651.29 419.389 53.4214 25.6023 705.156 864.183 623.212 324.668 1778.65 3363.2 451.149 160.999
internal_count=3527285 1058974 2468311 483703 2141807 575271 219711 355560 348747 68290 326504 320920 222068 134956 235904 1905903 30253 98540 30107 68433 287270 278436 52014 41140 151075 60985 55995 8834 226422 5164 92631 163178 213443 123000 52271 28669 11236 1437 9799 12979 11351 1628 7448 29719 72726 22917 90443 68005 22438 50980 1754828 7654 21883 7480 25089 70644 53204 14762 23602 98852 20821 1203
is_linear=0
shrinkage=0.1


Tree=50
num_leaves=63
num_cat=0
split_feature=1 25 10 11 16 6 3 16 6 26 11 16 11 17 26 3 1 1 10 16 11 15 2 11 6 8 21 1 11 0 18 21 11 22 10 26 24 17 18 11 8 14 21 22 18 16 24 22 17 16 18 17 3 22 24 18 16 22 15 6 8 8
split_gain=1550.67 790.334 646.615 495.493 300.466 168.274 199.406 168.082 146.123 171.119 87.5828 84.1943 83.4234 71.4811 62.4981 62.0254 61.5613 75.3538 60.4264 52.7267 48.4878 46.9362 43.4476 55.406 41.3438 48.6019 47.6894 39.2419 37.7284 39.0655 37.5342 66.176 79.8692 48.5158 47.9805 37.0941 37.047 42.1047 37.6611 36.0759 34.9931 48.1487 41.3635 48.8654 46.6317 45.0786 33.4259 49.5148 33.3214 33.3902 43.8058 39.7897 32.3993 32.7041 32.1041 31.754 34.2851 31.5812 31.0179 30.957 30.8069 30.5969
threshold=6.5000000000000009 1.0000000180025095e-35 67.05426406860353 0.81666666269302379 75.568477630615249 39.369100570678718 4.5000000000000009 98.999900817871108 49.25306701660157 1.0000000180025095e-35 0.47222222387790685 59.135110855102546 0.11805555596947671 99.839229583740249 1.5000000000000002 11.500000000000002 2.5000000000000004 1.0000000180025095e-35 76.253131866455092 84.650035858154311 0.19090909510850909 96.884704589843764 0.79882803559303295 0.10555555671453477 39.369100570678718 24.28337383270264 7.5000000000000009 16.500000000000004 0.31666667759418493 0.96125608682632457 0.73508772253990184 6.5000000000000009 0.31666667759418493 9.5000000000000018 71.535182952880874 1.5000000000000002 1.0000000180025095e-35 81.367622375488295 0.093073595315217986 0.47222222387790685 26.158231735229496 19.500000000000004 6.5000000000000009 6.5000000000000009 0.94868421554565441 81.678401947021499 1.0000000180025095e-35 8.5000000000000018 97.49371719360353 97.309360504150405 0.58957219123840343 95.093433380126967 1.5000000000000002 4.5000000000000009 1.0000000180025095e-35 0.73508772253990184 97.309360504150405 8.5000000000000018 83.375209808349624 36.088342666625984 41.955394744873054 69.309261322021499
decision_type=2 2 2 2 2 2 2 2 2 2 2 2 2 2 2 2 2 2 2 2 2 2 2 2 2 2 2 2 2 2 2 2 2 2 2 2 2 2 2 2 2 2 2 2 2 2 2 2 2 2 2 2 2 2 2 2 2 2 2 2 2 2
left_child=1 3 4 8 10 6 19 13 11 22 52 -1 -11 16 15 24 17 -7 -9 -3 -4 46 23 -10 25 58 -26 35 29 40 31 32 34 36 -18 -22 -33 38 -38 -25 -13 42 -42 45 59 54 -14 -48 49 50 51 -34 53 -2 -44 56 -19 -28 -6 -45 -17 -40
right_child=2 5 20 -5 14 7 -8 18 9 12 -12 28 21 -15 -16 60 30 55 -20 -21 27 -23 -24 39 26 -27 57 -29 -30 -31 -32 33 48 -35 -36 -37 37 -39 61 -41 41 -43 43 44 -46 -47 47 -49 -50 -51 -52 -53 -54 -55 -56 -57 -58 -59 -60 -61 -62 -63
leaf_value=-0.087389272678779731 0.056713259907948045 -0.049371844537405341 0.068341291905821347 0.092944088482946677 -0.014548935249778303 -0.014778903312596736 -0.084246755520245811 0.019080262041169697 0.087264124896775319 0.069097206230395447 -0.015251998630759201 0.028968322300433266 -0.031442618396177728 0.097369177307119303 -0.081652446951449284 -0.090937191629688607 -0.076952806403107421 0.016326293283230538 0.092587877565489626 0.018056958183196106 -0.00064992761807720326 -0.10013771898188945 0.07994551963830146 -0.0045653359791487189 -0.013067285047338029 -0.042693411267084896 0.091563160289306625 -0.035560675410531373 0.080471041587769798 -0.12099027093124465 -0.038237321240424185 0.0086644422655852132 -0.0052190641075895916 -0.035988645266944543 0.039149832571733927 -0.061857894192615018 -0.048073572121833247 0.0018292344724032232 0.13276746188439101 0.055957916728075346 -0.028567545093732123 -0.12913439435942911 -0.017174789681209245 -0.049970748837334628 0.050976028544972865 0.041413841043467757 0.057890999625299748 -0.014265745825205983 0.061358433755409406 0.053143927986269796 -0.030007641346896926 0.094190374717049039 -0.090717083219869404 -0.065050187203301454 0.26256076235758935 -0.010054362474391496 0.067181647659425803 -0.01276686092709306 0.066467763558212628 0.010700796423458114 -0.018367318512499575 0.054954803699137855
leaf_weight=95.393938169116154 27.274643260752782 154.57291683205403 85.939417768851854 1585.9284589767922 113.36118190048728 1040.7320387756918 488.48598569817841 186.61750248423778 199.57210985233542 174.28166534902994 175.24887442379259 514.6293582128128 226.40539226972032 77.958036059513688 173.87640171055682 145.92388588318136 253.56421777047217 3707.0628548891982 279.05558726610616 464.34055638487916 2456.532205991447 51.688581455498934 796.092716672807 218.63871163420845 165.31620105227921 364.40862756757997 112.31285521504469 436.36604666826315 71.294091529212892 23.83985162852332 323.28067827795167 1535.4530386116821 3050.3886187195312 199.12531327037141 41.406823348952457 103.17069812736008 25.451639568433166 158.57785465149209 74.651337718707509 179.2108830390498 315.06445936660748 29.564659666153602 5.2486481039086383 151.72446522500832 147.48697157623246 65.619441482820548 167.48606190690771 220.04173377493862 70.558447759132832 87.44932918343693 811.91474915668368 40.802405974362046 2598.8142874781042 115.33102789591067 18.790132054476999 445.60487915575504 137.48235312034376 39.120290292077698 81.039356679888442 188.68306843086611 97.637993117561564 156.41181930538733
leaf_count=53493 1993 45567 4394 245981 14428 14055 244817 7941 20557 5795 21155 14191 3173 3782 60330 70294 84833 63491 37702 21020 113992 895 106600 17431 7705 57645 3607 31858 3869 398 2639 70151 67052 7797 1972 8826 3433 2162 2383 18269 11066 1079 1425 5868 3682 2246 8297 5873 656 1607 5095 522 1854301 25547 1014 3895 3001 2515 4015 5365 9275 3265
internal_value=-0.00124545 0.0136257 -0.0405209 0.0458846 -0.0660011 0.000903652 -0.0364822 0.00416267 0.0265535 0.0431599 -0.0837892 0.00376219 0.00750622 0.00191886 -0.0258758 -0.0172098 0.00130692 0.00936013 0.0631299 0.00121669 -0.00571794 -0.00862033 0.0646492 0.0442662 -0.00479304 -0.0211532 0.0240696 -0.00784226 0.00943818 0.00597108 -0.00497957 -0.00332695 -0.0104119 0.01103 -0.0606548 -0.00311696 0.01583 0.042336 0.0673774 0.0226973 0.00807764 -0.00358053 0.000577981 0.0164773 0.00400819 0.0843309 -0.00091525 0.0169198 -0.00676265 -0.00796712 -0.00933632 -0.0039069 -0.0881705 -0.0417618 0.201483 0.0152159 0.0181449 0.0646112 0.0192243 -0.0163414 -0.0618457 0.0800943
internal_weight=26549.3 19257.6 7291.67 5446.69 4209.67 13810.9 1107.4 12703.5 3860.76 2233.42 2916.67 1627.34 839.903 12237.9 1293 1119.12 12159.9 5330.88 465.673 618.913 3082.01 665.622 1393.51 597.422 875.559 558.809 316.749 2996.07 1531.95 1460.65 6829.04 6505.76 4356.08 2149.67 294.971 2559.7 1950.55 415.093 256.515 397.85 1436.81 922.182 892.617 577.553 487.895 89.6582 613.933 387.528 4061.11 3990.56 3903.11 3091.19 2741.42 142.606 24.0388 4290.15 3844.55 151.433 194.401 340.408 243.562 231.063
internal_count=3527285 1235405 2291880 536567 2132810 698838 311404 387434 290586 186890 1902996 103696 24033 341791 229814 169484 338009 84442 45643 66587 159070 18238 162857 56257 89915 76088 13827 154676 50203 46334 253567 250928 161737 89191 86805 122818 81394 11243 9081 35700 45936 31745 30666 19600 14915 4685 17343 14170 74932 74276 72669 67574 1881841 27540 2439 70387 66492 6122 18443 11233 79569 5648
is_linear=0
shrinkage=0.1


Tree=51
num_leaves=63
num_cat=0
split_feature=1 10 23 16 8 11 3 11 16 11 3 16 11 8 6 26 18 15 16 17 6 3 11 3 11 23 1 10 18 8 1 11 24 16 22 25 17 7 7 3 18 2 22 18 3 18 2 26 11 26 18 15 23 6 3 22 11 3 2 15 17 15
split_gain=1312 755.365 670.411 510.843 264.175 167.948 122.314 114.759 109.146 104.646 154.629 91.4068 90.3704 78.0629 73.4248 68.5747 55.4254 53.1854 56.6321 52.1825 44.5655 79.4523 52.1545 48.6943 48.2758 71.6415 47.663 42.8146 40.6968 43.0005 39.659 36.3121 35.488 36.8818 33.8155 33.4625 32.29 29.6322 45.8291 27.5006 35.9856 37.9142 26.6161 117.871 41.4521 34.3369 31.6717 26.8072 34.4882 26.4528 41.8511 37.6269 32.0746 26.5335 26.3561 26.2481 25.1717 25.0469 39.2897 27.0906 24.3216 29.4718
threshold=3.5000000000000004 58.123168945312507 0.86607143282890331 71.89255523681642 97.999198913574233 0.095454547554254546 2.5000000000000004 0.31666667759418493 98.999900817871108 0.47222222387790685 13.500000000000002 98.31455230712892 0.81666666269302379 43.288288116455085 43.792808532714851 1.0000000180025095e-35 0.8441295623779298 1.0000000180025095e-35 49.606201171875007 99.839229583740249 39.369100570678718 4.5000000000000009 1.0000000180025095e-35 11.500000000000002 0.86607143282890331 0.4083333313465119 1.0000000180025095e-35 87.026645660400405 0.23431372642517093 24.068965911865238 9.5000000000000018 0.35416667163372045 1.5000000000000002 56.615140914916999 7.5000000000000009 1.0000000180025095e-35 98.048732757568374 91.476997375488295 68.457099914550795 41.500000000000007 0.57518798112869274 0.99998292326927196 4.5000000000000009 0.12060606107115747 4.5000000000000009 0.58957219123840343 0.56974199414253246 1.0000000180025095e-35 0.6904762089252473 1.0000000180025095e-35 0.87867647409439098 97.510330200195327 -1.0000000180025095e-35 80.982517242431655 2.5000000000000004 11.500000000000002 0.31666667759418493 18.500000000000004 0.39369833469390875 94.510131835937514 64.533195495605483 37.53172683715821
decision_type=2 2 2 2 2 2 2 2 2 2 2 2 2 2 2 2 2 2 2 2 2 2 2 2 2 2 2 2 2 2 2 2 2 2 2 2 2 2 2 2 2 2 2 2 2 2 2 2 2 2 2 2 2 2 2 2 2 2 2 2 2 2
left_child=2 3 8 7 14 -3 28 32 16 10 17 35 49 15 -4 57 19 -7 -19 20 21 55 23 -22 26 27 -24 -26 -5 -30 54 37 -2 -34 -35 60 -17 38 -20 40 -28 -42 44 -44 45 -37 -46 -45 -49 -10 52 -52 -51 -53 -9 -1 -41 58 59 -8 61 -11
right_child=1 5 4 6 -6 9 13 30 12 11 -12 -13 -14 -15 -16 36 -18 18 31 -21 22 -23 24 -25 25 -27 39 -29 29 -31 -32 -33 33 34 -36 42 -38 -39 -40 56 41 -43 43 47 46 -47 -48 48 -50 50 51 53 -54 -55 -56 -57 -58 -59 -60 -61 -62 -63
leaf_value=0.019433965211540876 -0.093049764098790969 0.067275739986149261 0.0091126726284658909 0.119258556169482 0.098229452772163439 0.039816430025308991 0.044151152120421006 0.088638588860605896 0.043179844181799071 0.028712198936646567 -0.072298176193402189 0.073874979887435258 0.089202507980399026 0.0016554901248155116 0.056503573344547933 -0.083673842024882913 -0.051662244790613689 -0.088022682333234181 -0.027362603978818203 0.084773206479069357 0.050363024171883958 -0.077378536881583887 -0.028829186297605898 -0.079864921410011905 0.054690839609016079 0.063866326597292064 0.015852649621114 0.0081294440803721078 0.03652429733151951 -0.0098558626043880257 -0.067357022888687598 -0.08563579895040789 -0.089440711527147998 0.17389672075155782 -0.077678240480688124 0.036473822323296143 0.0582460642961731 -0.056964825418977211 0.032634145155933825 -0.10094590996636595 -0.0086657096841501295 0.067406776419698347 -0.093515772892958732 0.051793510384593892 0.0020884265233781832 -0.11344958341985611 -0.018378879137198576 0.0086288898141295752 -0.022977677599757166 -0.025617127304880444 -0.0095358256828400548 -0.088572458290314224 0.053542170262101313 -0.32206727417800529 -0.017372952832577025 -0.059853969111400576 -0.014707658483010711 -0.083226951931393664 -0.029909364575118544 0.37021977712078491 0.059527691375022986 -0.06952754517323527
leaf_weight=268.2110798463691 2282.8839083825005 317.05872434773482 599.45551500399597 30.125668884604238 1321.0598445995711 199.32242323074024 55.335939227370545 26.765149319311604 338.71922038425691 113.1498799987603 559.27835609752219 157.98698076792061 281.85264616599306 330.99059411708731 719.11798927129712 508.39513485657517 160.79624877218157 100.80332770559471 215.37396450189408 86.710785488947295 422.67631891195197 171.4562323463615 536.53544083191082 30.80498353310395 209.62229139613919 273.90540688065812 1657.0171308071585 3411.4818819707725 264.17458613717463 821.57851035066415 184.60971128486563 54.659120853873901 25.809771421132609 14.975858000339942 8.3064489027019572 376.21098541840911 16.553767601610161 80.710056589450687 311.39776045712642 41.344949205988087 1488.979567540111 68.531350583769381 173.60420045698993 75.059772360604256 2621.9518507106695 15.923031828366218 1062.394253595965 600.72462345496751 811.7461394390557 72.257081697229296 117.16579523170367 27.864325983449817 175.53640719642863 5.8966752071864894 189.43618794390932 49.450546977110207 186.61907200689893 66.424404831253923 338.40222902328242 2.6709981737658373 141.63461251370609 41.825374330859631
leaf_count=20429 1798423 17489 24293 1749 250649 8160 10394 1603 20495 2064 242250 17650 42403 26029 82092 252112 2478 33865 9471 4354 11804 76537 7410 8696 2376 21230 33508 38290 9916 39545 88880 1386 16251 1933 4230 5531 855 2485 9217 19333 13530 742 43362 3065 46917 117 13885 4485 5966 621 2109 287 6305 133 44905 3538 12412 23632 19779 58 12341 1231
internal_value=-0.00115517 -0.0232442 0.0217588 -0.053068 0.0666238 -0.00405405 -0.0197567 -0.0827451 0.0100141 -0.00698592 -0.0304828 -0.0012123 0.0410392 -0.0403746 0.0349585 -0.0544582 0.00652524 -0.00617924 -0.0181958 0.00757612 0.0068169 -0.022519 0.00853994 0.0415166 0.00664075 0.0145548 -0.00110622 0.0108248 0.00460997 0.00142889 -0.033316 -0.00756547 -0.0912407 -0.00711769 0.0841421 -0.00317822 -0.0791985 -0.000540966 0.00810409 0.00321459 0.00559476 -0.00531848 -0.00487137 -0.0155409 -0.000523606 0.030386 -0.00381339 -0.00644077 -0.00953539 0.022631 0.00517448 -0.0363382 0.0304592 -0.129355 -0.00424901 0.00709117 -0.0303484 -0.0263976 -0.016875 0.0591654 0.029574 0.00219884
internal_weight=25921.3 13198.3 12723.1 5167.44 2639.63 8030.82 2434.65 2732.79 10083.4 7713.76 1521.55 6192.21 1019.29 1318.77 1318.57 987.782 9064.14 962.267 762.944 8903.35 8816.64 489.118 8327.52 453.481 7874.04 3895.01 3979.03 3621.1 1115.88 1085.75 400.811 662.141 2331.98 49.0921 23.2823 6034.22 524.949 607.482 526.772 3442.49 3214.53 1557.51 5737.61 1661.13 4076.48 392.134 3684.35 1487.53 1412.47 737.44 398.72 150.927 247.793 33.761 216.201 317.662 227.964 462.834 396.409 58.0069 296.61 154.975
internal_count=3527285 2821231 706054 2340294 357034 480937 384069 1956225 349020 463448 306834 156614 72353 332859 106385 306830 276667 64584 56424 274189 269835 100504 169331 20500 148831 61896 86935 40666 51210 49461 135388 22559 1820837 22414 6163 138964 252967 21173 18688 79525 47780 14272 123328 56878 66450 5648 60802 13516 10451 29950 9455 2529 6926 420 46508 23967 31745 53863 30231 10452 15636 3295
is_linear=0
shrinkage=0.1


Tree=52
num_leaves=63
num_cat=0
split_feature=4 9 23 9 16 11 3 26 17 7 26 16 21 18 14 21 9 3 11 16 11 2 15 17 3 15 9 25 16 26 16 17 18 26 17 9 11 18 21 26 2 2 24 23 25 21 7 21 14 18 14 15 23 11 2 3 6 16 16 6 3 9
split_gain=1065.75 921.094 578.564 393.594 215.998 141.954 355.292 125.964 174.499 126.237 109.523 122.23 93.5577 83.4762 70.0428 64.3656 65.1513 63.8409 62.567 62.2814 89.0106 49.9547 52.7006 48.0889 46.3796 55.0798 45.745 44.4111 44.3563 42.8481 42.727 48.0875 41.7818 41.1691 40.986 39.6897 39.6056 39.2912 38.4264 36.847 36.7911 36.2213 35.0634 34.9609 36.1236 35.5511 34.3516 41.5906 53.9857 41.8279 37.6702 34.0259 52.4065 32.7461 32.6046 32.3676 32.2732 31.5125 54.5989 65.854 90.999 155.929
threshold=1.0000000180025095e-35 54.72370910644532 0.94444444775581371 86.72955703735353 95.678848266601577 0.47222222387790685 31.500000000000004 1.0000000180025095e-35 55.329477310180671 64.051280975341811 1.0000000180025095e-35 62.612758636474616 7.5000000000000009 0.057189542800188072 8.5000000000000018 6.5000000000000009 42.488718032836921 18.500000000000004 0.47222222387790685 97.15900039672853 0.087121214717626586 0.84072214365005504 41.614616394042976 72.021507263183608 1.5000000000000002 1.0000000180025095e-35 65.419578552246108 1.0000000180025095e-35 54.071052551269538 1.5000000000000002 98.192703247070327 98.048732757568374 0.58578431606292736 1.5000000000000002 94.755180358886733 71.039428710937514 0.38750000298023229 0.2981481552124024 10.500000000000002 2.5000000000000004 0.49279357492923742 0.53617811203002941 4.5000000000000009 -1.0000000180025095e-35 1.0000000180025095e-35 12.500000000000002 81.302967071533217 7.5000000000000009 9.5000000000000018 0.2981481552124024 10.500000000000002 44.255041122436531 0.087121214717626586 0.53571429848670971 0.85018831491470348 21.500000000000004 26.747966766357425 82.06610488891603 48.161664962768562 56.465997695922859 2.5000000000000004 69.631092071533217
decision_type=2 2 2 2 2 2 2 2 2 2 2 2 2 2 2 2 2 2 2 2 2 2 2 2 2 2 2 2 2 2 2 2 2 2 2 2 2 2 2 2 2 2 2 2 2 2 2 2 2 2 2 2 2 2 2 2 2 2 2 2 2 2
left_child=1 4 7 15 -1 6 10 8 24 17 12 -12 26 -9 21 18 54 27 23 20 57 22 38 -4 25 -2 42 -10 -5 51 31 32 34 41 39 -22 56 -8 -15 -24 55 -7 -3 -23 45 -45 47 49 -49 -16 -48 52 -13 -26 -17 -6 -25 58 -14 60 61 -60
right_child=2 5 3 28 40 33 37 13 9 -11 11 29 19 14 46 16 -18 -19 -20 -21 35 43 30 36 53 -27 -28 -29 -30 -31 -32 -33 -34 -35 -36 -37 -38 -39 -40 -41 -42 -43 -44 44 -46 -47 50 48 -50 -51 -52 -53 -54 -55 -56 -57 -58 -59 59 -61 -62 -63
leaf_value=-0.09320919712220585 0.089888257834574645 -0.07017601279328696 -0.069018433390312856 -0.082411989899154978 0.070032296751573367 0.0065350708410165347 -0.080561912752335652 -0.094802608448064984 0.082205238486602925 0.083679619117473125 -0.090037416244173413 0.00073900296550245934 -0.070349366830883039 0.014155752504566644 -0.070685688981721589 0.021103527989613177 0.060355399067270915 -0.12441023122567743 0.070387944690551082 -0.004647110234945925 0.143089763651646 -0.025818265894280237 0.0021861836126063484 0.034954820176309111 -0.025874088909038848 -0.062465448368703561 0.013871439209159045 0.014085634363012267 0.090501112483209065 -0.070758958723123919 0.034467473893798062 0.048496987976023365 -0.017218037850713928 -0.078338032790108439 0.063986574827959983 0.034177732154380393 -0.41140167685403439 -0.0001753785178985817 0.10941922699347927 -0.083606581069378308 -0.026713490933856124 -0.010120572903351735 1.1640920146791511 0.0643142695343875 0.01478571180382153 -0.012278439494082149 -0.064756963744138904 0.013232103916579497 -0.043431071012395045 0.0090088618272451959 0.071427746166606729 0.018010387147229943 0.28871438017918366 0.0066689334488571426 -0.054903483762842098 -0.10104760721472045 -0.017618234846135377 0.13696036775243303 2.559774637770285 0.17343043395951677 0.4067321135532182 0.40410138699078052
leaf_weight=2029.3885602686787 111.34828794095665 90.050854862085544 130.44466262112837 14.976564680226145 86.591074352851138 3233.4843995920382 934.18158543261234 91.919524292228743 118.95782469701953 627.03464992018417 207.85127468255814 12.898089037276806 3.7743288313504335 103.09919726685621 71.01603282999713 197.51360134105198 478.57875121943653 29.022179229767062 99.554044565185905 91.610150575637817 42.753720810753293 177.73096092208289 1749.5781047886703 179.88142934953794 428.78233333933167 30.155849174479954 309.77568623260595 489.68466916831676 1574.0664749643765 49.10264669789467 289.49774702172726 159.93997570918873 2081.9580398891121 68.260998983634636 105.06080054095946 153.92495845246594 2.3412974979728451 65.036558727035299 71.851949437172152 51.535811188281514 193.30298769054934 2190.0349827718455 0.23075244762003322 297.31688534177374 1973.711826337385 76.114868111675605 209.91515267360955 235.23753152240533 589.51159184984863 906.75739059434272 22.48731542378664 181.35248768923339 12.389653379213994 1108.7274427050725 79.016438532620668 12.678095240378751 332.78516045724973 38.802202118793502 0.56321580451913422 11.152263418771325 8.9566699538845551 0.83012748078908771
leaf_count=1769741 2135 28085 13725 215 6349 87339 600020 22262 4174 72391 138467 2616 2394 7326 12979 3892 36044 890 15391 1013 10160 2758 41984 2738 15551 2560 44839 9629 306705 9461 9348 2424 21127 10309 1114 14188 241 4992 2067 3165 15303 36050 3 25188 20979 3711 1756 3058 14024 13566 205 17838 243 10389 1015 2834 16030 517 142 213 1396 17
internal_value=-0.00108095 -0.0264159 0.0155289 0.0541898 -0.0816286 -0.00978142 -0.0311501 0.00574599 0.0237661 0.0518193 0.00515292 -0.0330807 0.0287099 2.00801e-05 0.000970336 0.0174523 0.0380273 0.0204901 -0.00340166 0.0662825 0.0912017 0.00563635 -0.00055334 -0.0147829 0.00263541 0.0574203 -0.00438377 0.0273995 0.0888714 0.0132101 -0.00267573 -0.00526798 -0.00742417 -0.00116188 0.00327286 0.0578529 -0.00104577 -0.0753298 0.0532802 -0.00026863 -0.00130128 -0.000190533 -0.0670213 0.0169439 0.0201819 0.0487027 -0.0153955 -0.0107302 -0.0272694 0.00322062 -0.0515797 0.0331631 0.141832 -0.0024067 -0.00061492 0.0481829 0.000828289 0.19356 0.280447 0.342023 0.523683 1.27547
internal_weight=25326.1 10029 15297.1 3089.16 2321.96 7707.02 2215.24 12208 2943.71 1264.7 1216.02 463.594 752.425 9264.24 9172.32 1500.12 755.109 637.665 745.007 352.368 260.757 7137.4 4612.52 645.453 1679.01 141.504 400.057 608.642 1589.04 255.743 4437.57 4148.07 3988.13 5491.78 1906.17 196.679 515.008 999.218 174.951 1801.11 292.572 5423.52 90.2816 2524.87 2347.14 373.432 2034.93 1802.52 824.749 977.773 232.402 206.64 25.2877 1537.51 276.53 99.2692 512.667 64.0788 25.2766 21.5023 10.35 1.39334
internal_count=3527285 2804529 722756 395996 1794227 1010302 876604 326760 117719 87084 271592 168625 102967 209041 186779 89076 40951 14693 48125 30040 29027 141191 88555 32734 30635 4695 72927 13803 306920 30158 79162 69814 67390 133698 46263 24348 19009 605012 9393 45149 24486 123389 28088 52636 49878 28899 45588 43627 17082 26545 1961 20697 2859 25940 4907 9183 18768 4679 4162 1768 1555 159
is_linear=0
shrinkage=0.1


Tree=53
num_leaves=63
num_cat=0
split_feature=4 9 23 8 16 7 16 26 17 8 6 18 22 0 2 16 26 8 26 22 18 21 16 17 25 0 26 23 25 15 17 24 17 22 21 18 16 15 18 21 22 21 2 16 7 16 2 16 16 8 0 2 25 16 6 0 6 8 16 22 7 10
split_gain=895.509 844.232 508.937 390.923 210.088 116.729 169.363 105.781 151.706 125.948 80.3673 74.5904 66.4377 65.0475 64.463 62.4399 90.2083 60.878 57.4487 54.2472 65.4597 59.3142 58.0247 66.2829 51.6166 49.587 48.3173 52.4542 48.1768 45.1074 138.608 44.0413 52.5406 41.4679 48.0826 41.1011 80.1901 40.9302 45.711 40.7729 48.6031 40.0667 42.4984 40.0513 38.9889 37.3814 37.2537 37.1222 41.476 56.7631 36.7307 36.3912 35.9664 37.3237 57.6843 33.6329 32.0044 60.2502 57.2142 42.7152 75.0371 50.2395
threshold=1.0000000180025095e-35 54.72370910644532 0.94444444775581371 97.999198913574233 95.678848266601577 62.889245986938484 60.386697769165046 1.0000000180025095e-35 55.329477310180671 86.425064086914077 52.704679489135749 0.057189542800188072 2.5000000000000004 0.96125608682632457 0.84072214365005504 96.726669311523452 1.0000000180025095e-35 61.651582717895515 1.5000000000000002 10.500000000000002 0.56385868787765514 10.500000000000002 97.68778228759767 97.85703277587892 1.0000000180025095e-35 0.44602195918560034 1.5000000000000002 0.087121214717626586 1.0000000180025095e-35 1.0000000180025095e-35 54.595132827758796 1.5000000000000002 85.789081573486342 9.5000000000000018 6.5000000000000009 0.65108695626258861 95.678848266601577 1.0000000180025095e-35 0.12973351776599887 7.5000000000000009 8.5000000000000018 4.5000000000000009 0.65152299404144298 91.820003509521499 59.299959182739265 51.87529373168946 0.90566959977149974 34.507566452026374 76.609558105468764 82.480819702148452 0.66852828860282909 0.92595291137695324 1.0000000180025095e-35 70.615219116210952 73.401363372802749 0.51308190822601329 56.949806213378913 38.924964904785163 73.186672210693374 3.5000000000000004 50.31645584106446 53.694938659667976
decision_type=2 2 2 2 2 2 2 2 2 2 2 2 2 2 2 2 2 2 2 2 2 2 2 2 2 2 2 2 2 2 2 2 2 2 2 2 2 2 2 2 2 2 2 2 2 2 2 2 2 2 2 2 2 2 2 2 2 2 2 2 2 2
left_child=1 4 7 10 -1 6 12 8 37 28 31 -9 25 14 19 16 17 33 -15 21 -21 22 23 24 -13 -3 27 29 -10 46 -31 32 -4 34 -8 36 41 51 -39 -29 47 -26 -43 -37 -16 -5 -7 -41 49 52 -44 -2 53 54 -49 -6 57 -36 59 60 -59 -61
right_child=2 5 3 45 55 26 15 11 9 -11 -12 13 -14 18 44 -17 -18 -19 -20 20 -22 -23 -24 -25 35 -27 -28 39 -30 30 -32 -33 -34 -35 56 43 -38 38 -40 40 -42 42 50 -45 -46 -47 -48 48 -50 -51 -52 -53 -54 -55 -56 -57 -58 58 -60 61 -62 -63
leaf_value=-0.092521057153424305 0.011298388626677725 -0.055296845043488113 -0.041265532110821977 -0.1078893955140971 0.035472466656181555 0.0012688392641869864 0.038086132396802141 -0.093744202542466404 0.075137684244898237 0.087106009968562825 0.048481047655890001 0.027308328259721307 -0.09107241848899604 -0.066258682823087098 -0.011226219083128063 -0.02861495680381972 -0.0050317803299680941 0.0065924218703369052 0.078457690994884519 -0.10051973879943472 -0.016024968899638749 0.04162176556107694 0.033663691962506452 0.056976857274192785 -0.066153382595401308 -0.0017217701657244102 -0.076259340472053419 -0.0062122163775979195 0.0088900833934979825 -0.091757290610909342 0.010019083073619098 0.031793899233703619 0.014516947449735251 -0.030797524757818356 0.077712330171087585 0.024430726935860445 0.089149041136895521 -0.11709232188391144 0.025108868807757135 -0.094096630979074211 -0.047396999111759375 -0.015159275812379506 0.035050398570663596 -0.027958989469230852 0.019848583581667262 0.098117481599262868 -0.043104928870722231 1.230604536919282 0.059162839100657505 0.11549403519281005 -0.0058493833095567549 -0.039799559791738104 0.23117368219547468 0.26392193743005371 0.25348910840023336 -0.032591749384587608 0.11078674123105969 1.9197339831298301 0.27977253841669281 0.34172355987060399 0.41911930242269069 1.7798347655178635
leaf_weight=1849.2484814950149 1414.3363344843965 548.02497804508312 306.43538462521974 8.875704078935085 134.43778893211856 4783.3256495059468 21.390776813379489 84.064667224534787 135.99126415990759 504.31674896832556 691.71195163554512 371.30338338960428 341.86003201158019 225.9734363311436 485.59168610209599 218.42069412535056 192.50114720070269 47.838774126605131 31.221213671378791 114.15753578057047 465.83694340451621 315.20179073512554 396.3181962929666 160.4826719914563 108.07350972550921 252.29261270852294 87.251062243769411 119.85545794118661 569.39302126946859 222.1517761045834 336.49927646172 384.33319609262981 376.06578262196854 11.9162335920264 12.822992553701622 160.53264307882637 90.701001330744475 57.697862107655965 37.16739684715867 10.070984079153275 30.128052656073123 1318.0560137578286 410.92937063891441 1603.4641433996148 2395.9679706511088 1159.7078732424416 196.98993880173657 1.4945560890482732 83.921399041777477 46.272186565212905 471.54220709332731 154.61302645213436 8.9111495771212486 2.0963443499058485 1.0141541671473531 157.8270613522036 21.437642217846587 0.64184372249292454 26.459840886178426 2.8464229304227051 0.69301868876209483 0.26558344217482943
leaf_count=1769741 19620 350023 17498 127 12510 166757 3379 22262 6012 65951 95827 18529 243088 3409 7313 1889 40191 1781 3258 11272 6003 8926 10565 1910 2061 79815 17670 4208 15121 76469 12298 9976 7906 457 860 1772 819 6510 1648 1003 627 43669 6416 11622 44920 264662 4570 110 2091 706 4315 2857 580 14 29 11976 338 66 656 532 35 60
internal_value=-0.00102647 -0.0245878 0.0143109 0.0517225 -0.0800693 -0.00901455 -0.0321204 0.00524786 0.0219983 0.0489452 0.021932 2.1395e-05 -0.0541706 0.000885183 0.002323 0.0130764 0.0399532 0.099139 -0.0486914 -0.0035921 -0.0326557 -0.000474297 -0.00308041 -0.00618202 -0.00841726 -0.0384078 -0.00239288 -0.00128981 0.021662 -0.0035087 -0.0304531 0.00471822 -0.0105288 0.144098 0.168175 -0.0116034 -0.00308393 0.00240619 -0.0613791 0.0391704 0.0687468 -0.00670761 -0.00378808 -0.0231913 0.014612 0.0965528 -0.000486308 0.0915012 0.104508 0.168155 0.0131959 0.00626291 0.348439 0.575358 0.835602 -0.00128315 0.210876 0.259944 0.33555 0.667438 1.14066 0.464454
internal_weight=24781 9770.91 15010.1 2927.13 2141.51 7629.39 1699.41 12082.9 2873.52 1209.7 1758.55 9209.42 1142.18 9125.35 8868.16 557.235 338.814 146.313 257.195 5986.6 579.994 5406.6 5091.4 4695.08 4534.6 800.318 5929.98 5842.73 705.384 5538.97 558.651 1066.83 682.501 98.4744 86.5581 4163.3 2399.3 1663.81 94.8653 303.764 183.909 2308.6 2200.53 1764 2881.56 1168.58 4980.32 153.781 143.71 59.7884 882.472 1568.95 13.5162 4.60505 2.50871 292.265 65.1673 43.7297 30.9067 4.44687 1.33486 3.11201
internal_count=3527285 2804529 722756 395996 1794227 1010302 723170 326760 117719 87084 131207 209041 672926 186779 180112 50244 48355 8164 6667 127879 17275 110604 101678 91113 89203 429838 287132 269462 21133 260094 88767 35380 25404 6383 5926 70674 57280 30635 8158 9368 5160 56461 54400 13394 52233 264789 171327 4533 3530 1439 10731 22477 733 153 139 24486 2547 2209 1349 693 101 592
is_linear=0
shrinkage=0.1


Tree=54
num_leaves=63
num_cat=0
split_feature=1 23 10 8 16 9 16 10 4 9 23 6 17 18 23 15 27 21 16 26 16 9 6 16 6 16 23 16 18 8 21 1 25 16 1 21 17 1 2 23 7 18 18 15 21 6 10 8 15 2 0 8 8 10 16 18 10 2 2 18 9 17
split_gain=866.409 495.77 452.622 381.802 266.18 115.67 105.636 88.9277 86.7184 73.0035 71.5863 66.654 62.46 53.8731 67.6209 78.0488 67.425 66.1592 53.5531 52.076 49.3027 48.8527 48.7389 49.8065 47.9287 54.6669 44.5649 42.2986 40.9243 36.3876 36.0411 36.0138 32.4904 32.2184 31.9329 33.4073 36.405 33.1932 30.4305 29.86 32.3704 28.7491 37.5003 37.1466 28.6566 34.8402 43.258 28.3094 28.3337 27.9786 27.188 26.5833 28.9468 26.5124 25.575 25.4772 24.7886 31.2839 24.7116 30.9035 33.0208 24.4871
threshold=6.5000000000000009 0.94444444775581371 64.346244812011733 97.999198913574233 69.432964324951186 42.488718032836921 98.601333618164077 97.01425933837892 1.0000000180025095e-35 58.434959411621101 0.26136364042758947 26.158231735229496 99.839229583740249 0.73508772253990184 0.10555555671453477 59.583150863647468 1.0000000180025095e-35 6.5000000000000009 97.309360504150405 1.5000000000000002 39.889503479003913 65.419578552246108 43.534002304077156 96.726669311523452 51.471860885620124 76.22473526000978 0.17424242943525317 51.07936096191407 0.13188406080007556 72.57053375244142 9.5000000000000018 16.500000000000004 1.0000000180025095e-35 95.093433380126967 1.0000000180025095e-35 6.5000000000000009 97.49371719360353 2.5000000000000004 0.63170555233955394 0.64583334326744091 85.053192138671889 0.84807693958282482 0.94868421554565441 96.884704589843764 7.5000000000000009 26.158231735229496 26.36544227600098 94.494949340820327 16.965142250061039 0.2076140493154526 0.77396354079246532 18.019480705261234 39.314987182617195 84.29276275634767 45.485893249511726 0.21807064861059192 97.726097106933608 0.79882803559303295 0.69402283430099498 0.93095237016677868 38.956640243530281 87.531093597412124
decision_type=2 2 2 2 2 2 2 2 2 2 2 2 2 2 2 2 2 2 2 2 2 2 2 2 2 2 2 2 2 2 2 2 2 2 2 2 2 2 2 2 2 2 2 2 2 2 2 2 2 2 2 2 2 2 2 2 2 2 2 2 2 2
left_child=1 5 4 9 21 8 12 41 -1 28 22 -10 13 14 18 17 33 55 24 32 -19 -2 23 -6 25 -7 47 -5 -3 -22 -28 39 -18 -15 -26 36 37 -36 -17 40 -4 -8 43 -43 45 50 -47 -23 -49 -24 -30 -12 -53 -42 -32 -16 57 -11 -46 60 -60 -40
right_child=2 3 31 27 10 6 7 -9 11 56 51 -13 -14 16 15 38 19 20 -20 -21 29 26 49 -25 34 -27 30 -29 44 -31 54 -33 -34 -35 35 -37 -38 -39 61 -41 53 42 -44 -45 58 46 -48 48 -50 -51 -52 52 -54 -55 -56 -57 -58 -59 59 -61 -62 -63
leaf_value=-0.082207250295960002 -0.094251546478710924 -0.10365146585442331 -0.017282242129721816 -0.083913456364447622 -0.078169084772963665 -0.058162397502812706 0.033498808703466651 0.083637773054325626 0.021613368610372663 0.016847831489613743 0.071889690499177802 -0.048544432440408902 0.086377135657912552 0.028885255635869484 -0.076144449999785133 -0.014776109650091303 -0.023320686703133128 -0.062948401174220889 0.048349314981413316 0.12441651486148197 0.11586628796728769 -0.076956994666040279 0.65296947700914909 0.0062329674148854115 -0.0218027506432752 0.0040910917202163308 -0.021540973675515572 0.097854724874181245 0.036919359444439248 0.05434243790313438 -0.069908332379147717 -0.031948837022072844 -0.14405795848503655 -0.018853126311608751 0.0073271158698900857 0.012480912452316415 0.053810063586957224 -0.0085780344551513871 0.032827066218591022 0.056751952181796933 0.083380982269623982 0.0062658054740407478 0.08081573599400671 -0.06985821366632701 0.069460759265113206 -0.16552185517587448 -0.019556243033594933 0.033071163137071848 -0.09467812785439346 -0.0077002784205466857 -0.066710877719812545 -0.023034833016696187 0.024358161035712544 0.0032344918881451351 0.25446402090796033 0.018748958180925038 0.10061457472078704 0.05726374684196435 -0.094603960322444614 0.041680116731755271 0.014262014033860546 0.005107949061043766
leaf_weight=254.41858350957045 1305.5142873674049 35.76475820876658 1043.963730730582 12.959118903265333 406.49284956895281 303.26539078052156 523.81551926000975 275.6148152933456 287.20045760995708 389.00851932441583 48.041030978434719 256.23319805774372 88.27766336069908 171.28939247538801 33.629885765141807 435.5457759607234 31.047854753909633 25.307713566638995 224.91753936209716 10.370464865583925 169.97328368830495 442.66329715575557 0.64301158027956162 84.440196573035792 583.30602959205862 263.72348649060586 31.100344593054615 1058.3677299495321 184.16839585249545 221.28120847861283 3.2112924898392512 460.58432621636894 78.996835939818993 809.46524802688509 2061.4742933843518 2347.5605051284074 115.93574576731771 3609.6474393470562 513.13078269158723 84.637139473110437 42.400105174514465 222.19078885018826 46.218412098474801 90.095375551376492 100.00722005724674 21.687264845240861 318.14286886283662 50.151827680296265 26.553862343193032 204.69405733654276 29.351223791250959 351.34904767404078 203.53265037212986 1554.4421655160841 9.9994088764069584 178.28516049694736 66.002303601242602 377.25584337027976 44.785614282067399 147.68057163618505 73.728243278455921 841.07665879902197
leaf_count=215657 1374967 28710 128747 186 270059 142559 24782 47038 8243 37880 2777 14605 4662 2771 10277 11221 1490 5736 4690 152 10547 336308 106 4066 7014 25907 8648 264171 5915 6772 1858 43866 1025 10824 27504 63251 1230 106616 16209 5748 1251 7286 4264 1285 3521 1462 13235 6017 10963 21717 590 36363 7273 30493 653 6399 12181 53341 1104 3140 2124 17829
internal_value=-0.000971988 0.0102714 -0.032701 0.0484507 -0.0594641 0.0030301 0.00510107 0.0340541 -0.0340243 0.0201598 -0.0246977 -0.0114666 0.00254526 0.00197727 0.00393102 0.0188622 -0.0191861 0.0491792 0.000134219 -0.0898053 0.0723207 -0.0836287 -0.0465411 -0.063652 -0.00103374 -0.0292064 -0.0590254 0.095656 0.00129738 0.0810703 0.0372382 -0.00608615 -0.109993 -0.0105156 0.000798529 0.00241919 -0.00166242 -0.00279645 0.00821626 -0.00171551 -0.00358937 0.0185655 -0.00325386 -0.0156962 0.00537923 -0.00898177 -0.0288715 -0.0672384 -0.0111529 -0.0056314 0.022674 0.000527546 -0.00565091 0.00536258 0.175615 0.00368984 0.0418109 0.0367458 0.0270794 0.0111571 -0.0268777 0.0156112
internal_weight=24286.6 17932.2 6354.41 2858.91 3168.39 15073.3 14275.4 1157.93 797.852 1787.58 1299.19 543.434 13117.5 13029.2 11928.1 2418.23 1101.17 628.477 9509.83 120.415 416.562 1869.19 696.27 490.933 9284.91 566.989 563.68 1071.33 955.316 391.254 44.311 3186.03 110.045 980.755 8717.92 8134.62 5787.06 5671.12 1789.75 2725.44 2640.81 882.32 358.505 312.286 919.551 553.35 339.83 519.369 76.7057 205.337 213.52 602.923 554.882 1596.84 13.2107 211.915 832.267 766.264 366.202 266.194 118.514 1354.21
internal_count=3527285 1235405 2291880 427560 2081775 807845 569340 84655 238505 163203 342361 22848 484685 480023 463761 84990 16262 39731 378771 2667 23055 1739414 295948 274125 374081 168466 364447 264357 59801 17319 11159 210105 2515 13595 205615 198601 135350 134120 45259 166239 160491 37617 12835 8571 31091 21202 14697 353288 16980 21823 6505 46413 43636 31744 2511 16676 103402 91221 9889 6368 3228 34038
is_linear=0
shrinkage=0.1


Tree=55
num_leaves=63
num_cat=0
split_feature=1 23 8 9 9 3 17 1 18 23 6 6 1 11 11 11 3 11 0 11 3 0 22 11 9 6 18 6 17 22 2 18 0 8 8 23 3 0 22 18 22 18 9 18 11 3 11 9 14 9 18 18 9 6 10 10 8 11 11 2 3 8
split_gain=732.197 444.981 391.861 365.807 151.846 199.776 138.193 74.2866 70.5679 62.687 60.0071 59.6431 57.5716 54.7551 52.5469 51.1376 48.8233 56.5409 48.4474 46.0404 42.3855 44.2763 46.6856 42.0995 39.7441 40.3902 42.1115 39.7617 38.725 37.6523 35.6855 109.491 88.9886 35.13 35.7491 35.0226 35.0083 34.0108 41.0883 32.1007 57.9847 31.6591 31.5778 29.059 28.0719 67.5033 66.884 41.6719 27.6721 27.5078 33.4908 28.4562 27.4406 39.2272 35.4033 28.3405 27.1736 26.58 25.8951 25.8899 25.8284 24.4572
threshold=8.5000000000000018 0.94444444775581371 97.999198913574233 81.892700195312514 48.050632476806648 4.5000000000000009 68.100524902343764 2.5000000000000004 0.13188406080007556 0.30384616553783422 45.748708724975593 27.334994316101078 1.0000000180025095e-35 0.31666667759418493 0.19090909510850909 0.10555555671453477 171.50000000000003 0.58571431040763866 0.89007371664047252 0.087121214717626586 1.5000000000000002 0.66852828860282909 6.5000000000000009 0.86607143282890331 98.275348663330092 79.277816772460952 0.79057019948959362 79.008567810058608 55.829053878784187 9.5000000000000018 0.99998292326927196 0.070197045803070082 0.96125608682632457 86.72955703735353 56.070175170898445 0.37980769574642187 3.5000000000000004 0.50150278210639965 9.5000000000000018 0.44222222268581396 5.5000000000000009 0.57518798112869274 64.075469970703139 0.61324787139892589 0.087121214717626586 16.500000000000004 0.23611111193895343 60.158729553222663 18.500000000000004 60.660173416137702 0.11651583760976793 0.30602006614208227 37.394067764282234 20.144927978515629 21.680376052856449 22.903981208801273 45.512083053588874 0.23611111193895343 0.31666667759418493 0.85018831491470348 7.5000000000000009 80.298507690429702
decision_type=2 2 2 2 2 2 2 2 2 2 2 2 2 2 2 2 2 2 2 2 2 2 2 2 2 2 2 2 2 2 2 2 2 2 2 2 2 2 2 2 2 2 2 2 2 2 2 2 2 2 2 2 2 2 2 2 2 2 2 2 2 2
left_child=1 4 8 6 5 11 13 12 -3 36 20 29 23 -2 -5 42 37 -18 24 48 -10 -22 57 -6 25 26 -17 -28 -4 52 41 -32 -33 34 39 -25 -8 38 44 40 -16 56 -12 -7 45 47 -46 -9 -14 50 -48 -52 53 -1 -55 -54 -21 -23 -13 -39 61 -43
right_child=3 2 28 14 7 43 9 16 10 -11 15 58 19 -15 33 18 17 -19 -20 30 21 22 -24 35 -26 -27 27 -29 -30 -31 31 32 -34 -35 -36 -37 -38 59 -40 -41 -42 60 -44 -45 46 -47 49 -49 -50 -51 51 -53 55 54 -56 -57 -58 -59 -60 -61 -62 -63
leaf_value=0.070688373555961762 -0.089148277311416058 -0.081180684470132491 -0.053018554417254005 0.093020323363584859 -0.022116922996296518 -0.092888176080887203 -0.018936872958160406 0.0087361702689055902 0.040618849407874753 0.00332555655694433 0.021512015971222563 -0.029964425907005654 0.055310177001675398 -0.044623824956804392 2.5338633216525004 0.0060332800654768811 -0.080955003731597475 -0.0074920316756999679 0.080921107715531515 0.22325419710340913 0.019273167801634541 -0.083292169421817441 -0.0035083304079793058 0.0031521285045191202 -0.46842392310165848 0.03725038451109712 -0.090915898596758235 -1.0523399120560197 0.097825839366516884 -0.030347263059847057 -0.068302045809140177 0.11292728093064225 -0.0044836129190559326 -0.0031665208068345496 -0.03987287366970968 0.069249240937205789 -0.074968682039355125 -0.0075587112884179953 -0.05835071891628061 0.04694736211604203 -0.011438535714329862 -0.025514571860201719 0.094907208166503304 -0.032329319792013797 -0.070871234359852098 -0.08738517774861565 0.016983701222028719 0.085961541561875257 -0.074109326570348161 0.008681364347580418 0.37711204579082647 0.098932081365621843 0.021359893140168385 -0.10745261706550874 0.018904264321876012 0.13886976539216575 0.019661358305340253 0.10421692417864439 0.18701667189929427 0.016042597145689296 0.040155519091276161 0.0047922107959679182
leaf_weight=100.93612122634659 1298.8386342488811 69.989712867129128 17.324496288085356 51.822354869567789 739.43645789846778 402.97162382333772 183.344594234135 118.49639208224835 253.12459278106689 341.706033096998 80.780848045949824 402.79916762630455 382.98463928326964 350.8018212011666 0.18958620412740756 122.4651483966154 163.20187082316261 292.60468103492167 110.66326471464708 6.5754611709853625 357.2815936136758 142.07876574335387 264.9686226779595 530.6940745592583 1.7571638338267792 216.76242277631536 56.145016325637698 0.43348657339811225 965.07356036640704 86.337114235211629 68.819887174875475 186.26101921789814 98.791737137595192 1735.4016435582889 339.28320134588284 94.428899556631222 284.58795577764977 4600.0112610384822 90.303350155067164 0.42341890931129456 0.16954236698802561 319.03297364385799 213.68416069890372 98.630103829083964 106.64011656015646 38.072822264919523 22.70079999283189 170.29560501070227 17.266091075434815 2529.4672380973352 6.045904037426225 9.3861389033845608 33.965046217956115 30.357844631536864 82.25557137618307 51.86234181112377 2186.3427556838142 7.9846400874666861 5.5762754657771429 517.03404230636079 172.61751850135624 1610.1104760309681
leaf_count=6836 1351608 47413 620 3423 14813 378553 36343 22087 6740 32619 3491 70034 13621 165307 97 7469 84249 3107 18664 684 24919 3063 5690 14072 282 33084 6727 63 264487 10736 2593 6893 6700 63255 85923 12154 200470 91632 12150 2 26 4205 32354 10046 56645 25055 10158 5533 965 135631 538 220 2667 4624 9829 4131 49881 333 92 15556 5600 40523
internal_value=-0.000900789 0.00765268 0.0438975 -0.0368072 0.00127623 -0.0315749 -0.063073 0.00409928 0.0173629 -0.0292362 0.0211356 -0.000366863 0.0122578 -0.07968 -0.00644225 0.0416132 -0.00193973 -0.0337955 0.0224006 0.0171835 0.00510617 -0.00653305 -0.0287484 -0.00596684 0.00611124 0.00821791 -0.0269308 -0.098282 0.0951657 0.0278327 0.0143814 0.0449045 0.0722358 -0.00892573 -0.0383157 0.0131365 -0.0530144 -0.000170818 0.00811068 0.636798 1.33224 0.0118663 0.0747726 -0.0809805 0.0101105 0.0377743 0.00672925 0.0542746 0.0497273 0.00995223 0.0942525 0.207916 0.0446112 0.0254178 -0.0151585 0.0923668 0.0202718 -0.0733151 -0.0270016 -0.005174 0.00309623 -0.000219787
internal_weight=23840.4 19253.8 2880.52 4586.57 16373.3 1295.69 2459.28 15077.6 1898.12 809.639 1828.13 794.089 6413.36 1649.64 2127.29 802.692 8664.26 455.807 508.227 5048.8 1025.44 772.314 415.032 1364.56 397.563 395.806 179.044 56.5785 982.398 385.714 4648.55 353.873 285.053 2075.47 340.066 625.123 467.933 8208.45 3091.41 0.782547 0.359129 4294.68 294.465 501.602 3001.11 326.865 2674.24 288.792 400.251 2567.6 38.1328 15.432 299.377 213.55 112.613 85.8274 2192.92 150.063 408.375 5117.05 2101.76 1929.14
internal_count=3527285 1588212 455399 1939073 1132813 497548 1786347 635265 190292 269432 142879 108949 172704 1516915 152726 102134 462561 87356 66289 131665 40745 34005 9086 41039 47625 47343 14259 6790 265107 38823 117079 16186 13593 149303 86048 26226 236813 375205 268017 125 123 100893 35845 388599 255867 52675 203192 27620 14586 146547 10916 758 28087 21289 14453 6798 50565 3396 70126 107188 50328 44728
is_linear=0
shrinkage=0.1


Tree=56
num_leaves=63
num_cat=0
split_feature=1 10 16 25 11 11 11 3 11 3 26 8 17 27 0 16 22 11 16 0 0 16 18 27 16 21 11 10 15 14 0 26 3 0 18 7 3 3 11 7 26 22 0 3 21 22 24 16 1 21 22 3 11 17 22 14 10 7 3 10 3 14
split_gain=617.537 424.914 372.649 324.296 282.853 139.042 106.631 94.5116 88.4284 118.73 77.7154 77.6538 71.8344 66.3461 58.5091 56.161 50.9061 50.2909 47.2165 45.737 45.043 40.558 42.7987 40.0151 38.3139 37.6557 47.4698 35.5383 33.7481 32.745 29.8124 29.5061 39.9149 28.9843 28.8344 36.9039 28.2424 28.0981 28.0928 27.0769 26.9121 26.8553 26.451 26.2563 26.2512 30.3842 26.0171 28.2194 25.1848 26.0857 33.3493 32.478 34.4236 26.3734 75.8328 24.6614 28.7344 24.1233 25.0969 83.4281 23.8861 32.9916
threshold=3.5000000000000004 55.646631240844734 68.863315582275405 1.0000000180025095e-35 0.84523808956146251 0.095454547554254546 0.31666667759418493 2.5000000000000004 0.47222222387790685 13.500000000000002 1.0000000180025095e-35 42.776885986328132 99.839229583740249 1.0000000180025095e-35 0.49483703076839453 98.31455230712892 3.5000000000000004 0.31666667759418493 51.07936096191407 0.87816327810287487 0.91433504223823558 98.999900817871108 0.77097901701927196 1.0000000180025095e-35 97.68778228759767 5.5000000000000009 0.31666667759418493 84.29276275634767 43.551971435546882 9.5000000000000018 0.85634639859199535 1.0000000180025095e-35 13.500000000000002 0.50150278210639965 0.23431372642517093 30.877573013305668 4.5000000000000009 8.5000000000000018 0.35416667163372045 43.792808532714851 1.0000000180025095e-35 8.5000000000000018 0.79730346798896801 241.50000000000003 8.5000000000000018 3.5000000000000004 1.5000000000000002 53.365695953369148 16.500000000000004 6.5000000000000009 7.5000000000000009 129.50000000000003 0.64583334326744091 66.485504150390639 3.5000000000000004 4.5000000000000009 86.70682525634767 46.265329360961921 12.500000000000002 49.637681961059577 19.500000000000004 10.500000000000002
decision_type=2 2 2 2 2 2 2 2 2 2 2 2 2 2 2 2 2 2 2 2 2 2 2 2 2 2 2 2 2 2 2 2 2 2 2 2 2 2 2 2 2 2 2 2 2 2 2 2 2 2 2 2 2 2 2 2 2 2 2 2 2 2
left_child=3 2 6 4 10 41 46 34 9 16 11 20 21 17 40 33 -7 37 -18 36 -1 22 24 42 25 26 -5 -23 -20 -21 -13 32 57 43 -4 -36 -12 -9 -30 -37 44 55 -24 48 -15 -46 -2 -48 49 51 -51 53 -53 54 -10 56 -3 58 -8 -60 61 -28
right_child=1 5 7 12 -6 8 31 13 15 -11 19 30 -14 14 -16 -17 18 -19 28 29 -22 27 23 -25 -26 -27 60 -29 38 -31 -32 -33 -34 -35 35 39 -38 -39 -40 -41 -42 -43 -44 -45 45 -47 47 -49 -50 50 -52 52 -54 -55 -56 -57 -58 -59 59 -61 -62 -63
leaf_value=0.017479322096629914 -0.092144730202275149 0.0088900295480290655 0.095204122090980461 -0.063664560974712833 0.089970638915477491 0.032341532283559744 0.11840599961126988 -0.044842968620963694 -0.0026110572190346294 -0.066117402247726303 0.022877886227418175 0.043356419040792238 0.074769073165656744 0.009810764102454083 -0.039033009676222891 0.065371817743522048 -0.089963456241777276 0.038019311716890151 0.069036080694174065 -0.016666027764169446 -0.10322037244239766 0.016322474975949016 0.0082254104022497637 -0.11304208272286694 0.046784547916043487 0.0085460681283511374 -0.010471533807394667 0.091162560486771294 -0.011125628854550332 -0.10550890341913313 0.081809816404512001 -0.077237643755063479 -0.033263583776949511 -0.010319377664749968 0.02097417243288896 -0.035129203398292293 -0.04022799254677234 -0.085823149445049318 -0.087833314766763218 0.012219220938828296 -0.071165131015146446 0.008111874314288078 -0.041745686262019271 -0.027198891858567189 0.00020659680523089734 0.12870781720248778 -0.095169895612797109 0.090542847875023563 -0.020955681182939771 0.024745293015621669 -0.057235997917453402 -0.045961745334963403 0.037015260187941129 0.018856026144905003 -0.079706993859388647 0.11246401539570582 0.10046099538276328 0.015493750217144914 0.1262209252871129 2.1459871058352058 0.018520085431109504 0.049708309792423779
leaf_weight=581.97264046204509 1394.5800219706725 78.617300695099402 34.127515954663977 137.43288635602221 898.11166399158537 242.49047296331264 23.628233159659434 403.99070028588176 800.69813896995038 530.08055553701706 572.07456913951319 546.41964768205071 145.21659465378616 85.010579052090179 227.35955939919222 125.03315406036563 86.28153633751208 54.441669525578618 48.449248323100619 200.82830893015489 32.653019946301356 195.86119819874875 210.61795863613952 48.224670936237089 206.61124565452337 4620.1809902703972 1974.0594004218001 93.853346432792023 560.2007656787755 52.286923050414771 319.50958593958057 68.122935661522206 127.86661293567158 2582.2262165779248 503.86538748297608 317.80763462145114 80.954529781418387 285.58920146874152 52.191907218541019 194.81393641105387 20.869598828139715 74.4892867358285 213.10224606073461 253.29004454135429 26.836505431332625 58.537289968167897 16.299656689108815 16.429243276885245 306.11737773823552 1079.9628279157914 52.009674091474153 58.065161431557499 359.80210885300767 305.85973883233964 151.76581202168018 108.02133271709317 60.74578232713975 40.919352336903103 0.87464988278224953 0.26691790740005672 417.74603546422441 95.503565173596144
leaf_count=26486 1679379 3697 2909 40616 233889 13795 3042 150143 10875 301194 17078 75331 16447 7501 9251 17752 41477 2098 2519 3816 722 8143 1805 509 5435 152662 20149 19390 19821 382 66444 42392 59633 43645 26929 21970 5973 214582 1303 4966 6871 3852 1858 5566 1551 4005 14999 5837 15366 20295 2214 8983 2553 3275 28558 4818 7416 3966 180 53 7931 988
internal_value=-0.000833265 -0.0169361 -0.043943 0.0155122 0.0421342 -0.00362362 -0.0793179 -0.0169475 -0.00635198 -0.0279262 0.0241335 0.0382504 0.00504989 -0.0365914 -0.0047441 -0.000954929 -0.00746928 -0.0545098 -0.0203905 0.00106768 0.0110669 0.00381719 0.00247347 -0.02673 0.00432308 0.00311216 -0.00645283 0.040567 -0.0113068 -0.0350186 0.0575449 -0.0206361 -0.000714944 -0.00234877 0.0047909 0.00175536 0.0150548 -0.0618149 -0.0176631 -0.0171352 0.036018 0.0607513 -0.0169066 0.00376304 0.0491463 0.0883146 -0.0900764 -0.00194587 0.00628123 0.00925032 0.0209786 0.00132994 0.0254851 -0.00669157 -0.0148955 0.0766014 0.0488041 0.0626423 0.140531 0.598477 -0.00329168 -0.00769443
internal_weight=23461.9 11818.6 3902.24 11643.2 3284.81 7916.4 1688.99 2213.25 7594.52 1519.69 2386.7 1480.55 8358.41 1162.64 418.614 6074.83 989.614 744.022 747.123 906.144 614.626 8213.19 7923.48 471.945 7451.53 7244.92 2624.74 289.715 660.842 253.115 865.929 261.679 193.556 5949.8 1050.61 1016.49 653.029 689.58 612.393 512.622 191.254 321.874 423.72 3367.57 170.384 85.3738 1427.31 32.7289 3114.28 2808.16 1131.97 1676.19 417.867 1258.32 952.464 247.384 139.363 65.6892 24.7698 1.14157 2487.31 2069.56
internal_count=3527285 2821231 2262257 706054 430121 558974 1809481 452776 539191 380109 196232 168983 275933 396002 29179 159082 78915 366823 65120 27249 27208 259486 231953 4172 227781 222346 69684 27533 23643 4198 141775 109266 66874 141330 56774 53865 23051 364725 21124 26936 19928 19783 3663 97685 13057 5556 1700215 20836 92119 76753 22509 54244 11536 42708 39433 15931 11113 7241 3275 233 29068 21137
is_linear=0
shrinkage=0.1


Tree=57
num_leaves=63
num_cat=0
split_feature=1 23 10 10 16 9 16 11 21 16 11 26 21 6 6 11 9 14 11 9 9 6 11 8 23 16 17 22 3 9 3 7 17 26 2 25 17 7 22 9 6 14 3 14 14 21 17 3 8 22 16 14 14 9 11 22 5 14 3 22 10 14
split_gain=538.366 334.808 311.557 300.215 161.445 124.113 149.511 80.2119 68.1838 59.5834 80.5723 58.0692 61.1037 55.002 54.6413 52.9789 45.7179 44.9565 50.4319 88.8625 56.5112 51.7153 45.3308 45.0915 44.4298 43.4899 43.0727 41.1858 38.7808 37.8285 41.2807 37.4307 36.2478 34.8731 34.2747 33.9081 33.1723 32.9466 32.6755 39.0656 40.7559 32.6574 32.5346 30.6556 30.3488 32.6261 89.7908 30.2632 44.1433 43.681 56.8439 29.2902 29.0948 28.9012 28.8583 28.3442 34.2079 27.3884 27.0146 26.9112 26.8347 26.2159
threshold=8.5000000000000018 0.64583334326744091 97.726097106933608 67.05426406860353 75.568477630615249 48.050632476806648 85.120758056640639 0.47222222387790685 6.5000000000000009 98.601333618164077 0.81666666269302379 1.5000000000000002 10.500000000000002 93.813774108886733 26.158231735229496 0.31666667759418493 39.250699996948249 4.5000000000000009 1.0000000180025095e-35 92.718276977539077 61.16780090332032 87.585617065429702 0.86607143282890331 99.35065078735353 0.94444444775581371 97.15900039672853 60.533428192138679 9.5000000000000018 42.500000000000007 89.512962341308608 1.5000000000000002 21.132376670837406 54.180109024047859 1.5000000000000002 0.65152299404144298 1.0000000180025095e-35 99.22778701782228 63.702239990234382 3.5000000000000004 46.027742385864265 24.068965911865238 18.500000000000004 3.5000000000000004 10.500000000000002 10.500000000000002 6.5000000000000009 64.026142120361342 6.5000000000000009 95.040985107421889 4.5000000000000009 55.193569183349616 10.500000000000002 11.500000000000002 37.394067764282234 0.31666667759418493 6.5000000000000009 1.0000000180025095e-35 5.5000000000000009 8.5000000000000018 7.5000000000000009 23.940298080444339 12.500000000000002
decision_type=2 2 2 2 2 2 2 2 2 2 2 2 2 2 2 2 2 2 2 2 2 2 2 2 2 2 2 2 2 2 2 2 2 2 2 2 2 2 2 2 2 2 2 2 2 2 2 2 2 2 2 2 2 2 2 2 2 2 2 2 2 2
left_child=1 5 7 4 15 6 42 8 26 11 51 12 17 16 53 -2 31 35 20 22 58 44 23 28 57 -14 -3 34 43 30 -15 -10 -26 38 -13 37 -37 -7 -6 40 -40 55 54 -20 -21 46 -46 49 -49 -5 -51 -11 -50 -8 -1 56 -18 -9 -19 -22 -55 -48
right_child=3 2 -4 47 33 9 14 24 13 10 -12 27 25 29 -16 -17 41 18 19 21 59 -23 -24 -25 32 -27 -28 -29 -30 -31 -32 -33 -34 -35 -36 36 -38 -39 39 -41 -42 -43 -44 -45 45 -47 61 48 52 50 -52 -53 -54 60 -56 -57 -58 -59 -60 -61 -62 -63
leaf_value=-0.04098081287138846 -0.088378561880007867 -0.086701186113000248 0.093598840923507703 0.052969408713610978 -0.074863981340415373 -0.025152110632265925 0.011212736875448947 0.070287808364016199 0.04294124060627949 0.020674876163155609 0.081130858945357334 -0.036905880174331385 0.030186558766868734 -0.14059263783079792 -0.027176776919025827 -0.043404209885166994 0.12135433573993049 0.0055858514745969418 -0.0099531193899600554 -0.0056664673594463786 0.09474723727498624 -0.054543490856459834 0.10419944070280347 -0.10341646933333533 -0.12079531527734444 -0.020161465475459828 -0.0054991826171324736 -0.063915962133277382 -0.085366784236313872 -0.14937058755516222 -1.543475147029761 -0.035603287302898967 0.075476031230835322 -0.077683881511524014 0.010103451908416772 0.0030675047378337927 0.097179174681075703 0.058841457143086077 0.020010476645990302 0.020961102408992606 -0.057025478688183862 -0.065776760576443535 -0.095740345524732512 -0.072739591913396545 0.0012784089444961642 -0.014623008646232061 0.15257095585109987 -0.048374129525641685 -0.0074166592666597142 -0.089222928376846589 0.013054420403043205 -0.033827165522319846 0.076596613581350392 0.0271998132130866 0.45400360595688966 0.03155797437965889 0.038745922625688517 -0.023474212154084049 -0.093495913817430706 0.019353994405657646 0.14516396881432395 0.060747569199472801
leaf_weight=133.66874381335219 1113.7719934960478 71.789260044053663 724.60705443262123 193.58716067695059 75.834481557132676 60.370542721881066 221.26339765626471 45.367457347689196 92.121022021514364 553.22410440118983 216.18368707667105 290.05050006555393 1177.1260129895527 0.41431728238239784 391.17225127021084 342.45711391087389 87.961410105810501 110.88026461814297 374.89909561723471 1750.6653239317238 112.74983595259255 183.99553813657258 20.308615981251933 119.39585459750379 9.6455734879709762 200.8341159648262 725.27639867697144 200.0608804562944 126.21241951087723 9.1775758746080083 0.42481961194425821 177.73050766892266 384.5201049442403 95.328833937877789 333.34741993597709 7526.8303790601785 37.640471020713449 206.23460667429026 105.15082922921283 291.69386101630516 197.97930154477945 29.169372267497238 300.47075241734274 98.115464690839872 221.28005173668498 164.38573580008233 63.293527562753297 281.71783338260138 1198.8582459249301 66.753884999430738 292.22540232166648 119.99123286362737 42.688909812131897 41.378614810993895 1.188312982674687 645.73641812114511 116.544676345482 99.439128129277378 36.601074602862354 81.615004150778987 36.114749687141739 61.115339701180346
leaf_count=55935 1449056 43613 219796 4215 11865 4576 16188 2812 3460 29143 42993 19705 48240 65 48135 178341 5234 11164 29254 22038 3969 1925 300 2086 227 2635 44398 10023 92398 1342 44 11063 95962 49357 6651 211169 2832 15011 21130 28985 72081 1972 368050 15042 6375 2537 576 77849 21876 17150 6164 2973 1004 2428 71 43160 9017 1935 26000 1259 1927 504
internal_value=-0.000781347 0.00652101 0.0358747 -0.0327098 -0.0582535 0.000451605 -0.0315371 0.0191124 0.00970184 0.00294309 0.0280167 0.00129827 0.00296246 0.0251818 -0.00258256 -0.0778021 0.0272153 0.000549582 -0.00882759 -0.0127467 0.0276722 -0.0035617 -0.0431353 -0.047299 0.0532707 0.0228485 -0.0128128 -0.024438 -0.0361176 -0.208133 -0.850813 -0.00879002 0.0706731 -0.0210895 -0.0117687 0.00477114 0.0035358 0.0398218 -0.0130451 -0.00516375 -0.030303 0.0382637 -0.0774256 -0.0229767 0.000587572 0.0220525 0.0394929 -0.00536484 -0.012637 0.0146825 -0.00596453 0.0109606 -0.00452798 0.0296195 -0.0366192 0.0418331 0.0742772 0.00590114 -0.0190037 0.0630891 0.0821754 0.107463
internal_weight=23090.6 18792.6 3219.93 4298.05 2222.22 15572.7 1125.26 2495.32 1956.35 14447.4 889.399 13558 12734.5 1159.28 689.929 1456.23 1149.26 11356.6 3525.51 3183.67 341.846 2444.74 738.931 718.623 538.972 1377.96 797.066 823.459 599.227 10.0167 0.839137 269.852 394.166 765.987 623.398 7831.08 7564.47 266.605 670.658 594.824 303.13 879.412 435.328 473.015 2260.74 510.075 345.689 2075.83 1523.26 552.566 358.979 673.215 1241.55 298.757 134.857 850.243 204.506 144.807 147.481 194.365 77.4934 124.409
internal_count=3527285 1588212 484100 1939073 1810815 1104112 492734 264304 163368 611378 75109 536269 499890 75357 68678 1627397 73906 449015 215427 173035 42392 33955 139080 138780 100936 50875 88011 36379 136694 1451 109 14523 96189 183418 26356 233588 214001 19587 134061 122196 93211 59383 424056 44296 32030 9992 7455 128258 100729 27529 23314 32116 22880 20543 56006 57411 14251 4747 37164 5228 4355 1080
is_linear=0
shrinkage=0.1


Tree=58
num_leaves=63
num_cat=0
split_feature=1 23 8 9 17 9 3 14 23 11 22 7 6 25 3 21 3 3 7 6 21 8 9 3 11 11 17 18 7 17 18 10 6 15 24 7 9 21 3 22 14 8 21 11 15 3 10 9 18 5 15 3 10 18 11 3 17 18 6 22 21 23
split_gain=453.073 288.107 343.605 270.395 126.301 97.323 111.706 60.7214 80.0924 62.6213 62.0194 59.6268 55.4417 52.7983 50.7038 59.3159 46.8965 45.5734 76.3129 43.9299 42.1736 41.3925 40.6923 73.8701 58.1092 40.1376 37.1875 34.9693 34.7332 33.152 31.1959 30.5972 45.6812 28.6642 30.379 39.4404 27.03 49.4732 37.4857 34.2142 26.7494 25.9736 25.2876 45.9598 39.8969 36.4164 31.9671 30.9563 25.1039 28.2428 24.6719 35.9921 37.9272 27.3614 26.837 42.5101 41.0615 37.0925 27.2604 27.1552 24.3591 24.3238
threshold=8.5000000000000018 0.94444444775581371 97.999198913574233 81.892700195312514 67.811347961425795 42.488718032836921 5.5000000000000009 8.5000000000000018 0.43650794029235845 0.86607143282890331 9.5000000000000018 71.010189056396499 20.144927978515629 1.0000000180025095e-35 1.5000000000000002 6.5000000000000009 3.5000000000000004 172.50000000000003 86.526824951171889 38.924964904785163 12.500000000000002 68.614070892333999 89.417694091796889 5.5000000000000009 0.61250001192092907 1.0000000180025095e-35 55.829053878784187 0.2709790319204331 81.01672744750978 98.994949340820327 0.10435571894049646 21.680376052856449 26.158231735229496 52.198066711425788 1.5000000000000002 76.028167724609389 50.396825790405281 11.500000000000002 10.500000000000002 7.5000000000000009 19.500000000000004 86.72955703735353 5.5000000000000009 0.31666667759418493 97.156337738037124 19.500000000000004 81.661396026611342 59.516963958740241 0.92450141906738292 1.0000000180025095e-35 94.144023895263686 5.5000000000000009 35.388994216918952 0.69615384936332714 0.31666667759418493 15.500000000000002 47.839424133300788 0.37268517911434179 73.765182495117202 8.5000000000000018 6.5000000000000009 0.61250001192092907
decision_type=2 2 2 2 2 2 2 2 2 2 2 2 2 2 2 2 2 2 2 2 2 2 2 2 2 2 2 2 2 2 2 2 2 2 2 2 2 2 2 2 2 2 2 2 2 2 2 2 2 2 2 2 2 2 2 2 2 2 2 2 2 2
left_child=1 5 14 4 11 6 12 8 17 22 30 36 -1 -6 -3 27 -15 20 -19 48 29 -5 23 25 -24 40 -4 -16 -26 42 -10 -14 -33 -32 35 -35 -2 -38 39 -39 -9 -23 43 46 45 47 -7 -45 -17 -50 51 52 -44 -52 57 56 58 -53 -56 -58 -42 -36
right_child=3 2 26 21 13 7 -8 9 10 -11 -12 -13 31 16 15 19 -18 18 -20 -21 -22 41 24 -25 28 -27 -28 -29 -30 -31 33 32 -34 34 61 -37 37 38 -40 -41 60 -43 50 44 -46 -47 -48 -49 49 -51 53 54 -54 -55 55 -57 59 -59 -60 -61 -62 -63
leaf_value=0.045640257051486367 -0.094741622131970724 0.03805924911350772 -0.053594243232671084 0.094115642458532475 0.017784866411495872 -0.071045041665833267 -0.086253161456103511 0.014705235223082808 -0.057005298442681145 0.082440786694944132 0.0001623319364596305 0.0060860903954205641 -0.098450433408048654 -0.007881410761598517 -0.097135773457257421 -0.027957306423391056 -0.066740174037797056 -0.075219131722776778 0.011948126099399572 0.048523235985078503 0.031564551829675089 -0.03344749488958159 0.025120422633615216 -0.075626858243221892 -0.0077102913532060922 -0.048974532494478924 0.09685231427814206 -0.013974106352029468 -0.05079919145797164 0.041575005087823483 0.085443771929106252 0.033668128974428328 -0.038360660012660058 0.017032537126828572 -0.0096615642165102013 0.086509301007065748 -0.074998065898456409 0.18345053520448795 -0.049178216558428106 -0.054181838159873236 0.0090280621569474792 -0.0021830251905636893 0.1278967279810615 0.12378265100592785 0.074252660078479304 0.014666730321754685 0.077415881530640385 -0.010024661201454921 -0.043469073946300479 0.049113404228216861 0.0410161974960188 -0.073024093577432822 0.014522808917288257 -0.019356777824194916 0.024845595920987545 0.015093660605367218 0.034745622858256268 0.020618510024191714 -0.028533169637286596 -0.052613875876099059 -0.12040403177290959 0.049434910511550183
leaf_weight=146.06714764347998 634.25460317783291 566.04783413361292 16.801427549333312 41.294601407193113 219.01945640007034 146.90761971159372 261.18161594739649 374.47932037728606 28.563985176268034 69.957608341821469 467.89839478529757 85.31811635318445 50.561475979455281 245.6603600634262 56.31575211713789 185.41327630041633 301.51668052078458 193.63947634596843 208.66765769815538 321.24806771607837 537.93126460781787 314.28699278389104 480.36234754731413 259.50620371080004 967.99830612435471 203.24015317391604 742.77016698452644 495.06550903170137 231.889042724506 216.30091219767928 172.6112109759124 127.64154667063849 283.86122894752771 133.78179465566063 164.724005631404 209.91148466756567 535.29497135139536 18.601841151714329 35.674043839622755 8.9857105175615271 28.018092241603881 1719.6634525068803 29.806929338723421 17.401136204192881 67.156500778626651 838.77764284965815 16.092456346494146 2701.3506197119132 44.477913245093077 127.12420487869531 85.662370360107161 112.13310339977033 2932.2582552951644 606.96226098830812 109.08541426213924 1255.5095572388382 240.48102189536439 67.922106111131143 778.21170041139703 41.761250503885094 30.22741974866949 120.66867024323437
leaf_count=12780 928922 61915 620 5814 22527 60627 266241 21688 7146 1323 18765 17617 9832 41491 44683 17890 216760 71886 1723 31246 26279 83037 15604 135863 10056 10506 264487 31615 2885 20796 12703 15760 61205 7068 3265 33065 513668 4933 34974 5455 2024 63875 6059 640 1669 21522 640 40244 809 2134 744 79173 68136 6927 6557 36361 5770 8021 8076 972 1998 10214
internal_value=-0.000722047 0.00595917 0.0371421 -0.0305536 -0.0559942 0.000984459 -0.0315544 0.00285182 0.00576435 -0.0109114 0.0292783 -0.0747619 -0.00806225 -0.023707 0.0132926 0.00189165 -0.040315 0.00303989 -0.0300074 0.0216943 0.00427073 -0.00500168 -0.0134469 -0.0306643 -0.00427104 -0.0123172 0.0935245 -0.0224679 -0.0160376 0.00284025 0.0456868 -0.0250386 -0.0160185 0.0493456 0.0394409 0.0594656 -0.0803571 -0.0651147 0.0185147 0.10605 0.00489977 -0.00701403 0.00200637 -0.00444301 -0.00210708 -0.00354854 -0.056388 -0.00916824 -0.00244686 0.0251168 0.00590877 0.00812316 0.0156637 -0.01189 -0.000450594 0.00231506 -0.0114029 -0.0376994 -0.0219707 0.0218197 -0.0581427 0.0153254
internal_weight=22732 18572.4 2555.26 4159.57 2084.33 16017.2 869.313 15147.9 12502.2 2645.68 1298.16 1318.13 608.131 766.196 1795.69 1229.64 547.177 11204 402.307 678.263 10801.7 2075.25 2575.72 895.471 1680.25 635.965 759.572 551.381 1199.89 10263.8 830.261 462.064 411.503 801.697 629.086 343.693 1232.81 598.557 63.2616 27.5876 432.725 2033.95 10047.5 3787.69 3624.69 3557.53 163 2718.75 357.015 171.602 6259.79 5567.17 2962.07 692.625 2605.1 2425.05 1169.54 180.055 887.297 282.242 58.2455 285.393
internal_count=3527285 1588212 455399 1939073 1786347 1132813 365818 766995 565048 201947 92226 1505569 99577 280778 190292 128377 258251 472822 73609 52079 399213 152726 200624 172079 28545 36216 265107 76298 12941 372934 73461 86797 76965 66315 53612 40133 1487952 559030 45362 10388 25710 146912 352138 125342 64075 62406 61267 40884 20833 2943 226796 219125 74195 7671 144930 57736 21375 87194 14633 6742 4022 13479
is_linear=0
shrinkage=0.1


Tree=59
num_leaves=63
num_cat=0
split_feature=9 23 18 8 7 3 11 11 14 18 3 14 18 11 4 21 18 11 3 11 7 9 3 18 21 3 8 14 11 3 21 3 10 22 25 7 22 18 23 9 18 21 9 14 10 14 11 8 9 14 21 22 3 7 6 11 9 22 3 24 27 15
split_gain=367.664 434.154 367.337 185.847 99.8388 97.7838 296.266 94.6618 86.2163 83.9919 72.9652 72.817 69.4387 68.4793 65.8334 50.9369 54.5938 50.3844 46.3742 44.0951 46.5821 44.443 43.8782 43.7996 42.5284 39.954 51.7173 46.5171 44.6225 43.2263 39.4657 45.0218 37.8493 37.5085 36.694 55.5357 49.6664 101.918 59.2472 54.6148 46.8262 73.1456 35.7031 40.5942 35.1467 34.2771 33.7629 33.3631 65.4521 36.5911 32.8407 67.846 32.749 32.6122 40.0633 47.9562 36.5432 36.2305 35.0215 32.5195 32.2724 32.5287
threshold=49.675325393676765 0.94444444775581371 0.38278388977050787 97.999198913574233 30.0684928894043 8.5000000000000018 0.47222222387790685 1.0000000180025095e-35 4.5000000000000009 0.54006412625312816 13.500000000000002 10.500000000000002 0.051315790042281158 0.23611111193895343 1.0000000180025095e-35 6.5000000000000009 0.44222222268581396 0.19090909510850909 35.500000000000007 0.86607143282890331 85.053192138671889 91.36645889282228 3.5000000000000004 0.26201373338699346 6.5000000000000009 48.500000000000007 87.609649658203139 11.500000000000002 0.77500000596046459 50.500000000000007 6.5000000000000009 31.500000000000004 74.464202880859389 4.5000000000000009 1.0000000180025095e-35 70.678733825683608 4.5000000000000009 0.12060606107115747 -1.0000000180025095e-35 85.053192138671889 0.046536797657608993 4.5000000000000009 88.303691864013686 1.5000000000000002 81.872947692871108 12.500000000000002 0.84523808956146251 69.028213500976577 72.281322479248061 10.500000000000002 6.5000000000000009 6.5000000000000009 1.5000000000000002 73.401363372802749 91.476997375488295 0.38750000298023229 86.72955703735353 8.5000000000000018 3.5000000000000004 1.5000000000000002 1.0000000180025095e-35 1.0000000180025095e-35
decision_type=2 2 2 2 2 2 2 2 2 2 2 2 2 2 2 2 2 2 2 2 2 2 2 2 2 2 2 2 2 2 2 2 2 2 2 2 2 2 2 2 2 2 2 2 2 2 2 2 2 2 2 2 2 2 2 2 2 2 2 2 2 2
left_child=2 5 14 15 22 7 9 11 13 18 12 42 -8 32 -1 16 33 -6 60 20 21 47 -4 24 -5 26 -12 28 -27 -30 31 45 -9 -3 35 -15 39 -38 -39 -36 52 -42 43 -2 -18 -28 -33 48 -10 -50 -45 -52 -41 57 -55 56 -56 58 -40 -16 61 -7
right_child=1 3 4 23 17 6 10 8 19 -11 25 -13 -14 34 59 -17 44 -19 -20 -21 -22 -23 -24 -25 -26 27 30 -29 29 -31 -32 46 -34 -35 36 -37 37 38 53 40 41 -43 -44 50 -46 -47 -48 -49 49 -51 51 -53 -54 54 55 -57 -58 -59 -60 -61 -62 -63
leaf_value=-0.092333259024711595 -0.017435855563526583 0.058488634182842718 0.023754830644867587 -0.13144666686404535 -0.041447164316880142 -0.0098953425514354335 -0.036251874085718623 -0.10638389325474029 -0.049240916966526091 0.020000351487226588 0.091973873466636658 -0.0073766911761794021 0.022382834346210658 -0.023519191800932114 -0.050697471379036553 0.04645477522067909 -0.0035430267706526527 0.11988643170666101 -0.075924427123907054 0.05554720293257525 -0.0454474022414472 -0.00097512288880583452 -0.020517587373175303 0.096796874773334041 0.083004385290525617 -0.02542028858049343 -0.016764338224841115 0.062761905510597057 -0.056349985635748667 0.0084263664844728397 0.036871086590026241 -0.016667563694678676 0.081665626759368781 -0.10067140456592981 0.057271773800030172 0.052382676258102251 -0.088561054247932217 0.088352395774677669 -0.019387851403181638 0.082844631290443019 -0.042999856733282917 0.084387984289711365 0.098809829604120741 0.0033568112418013887 0.055446899982048437 0.16959573232475966 0.046435747568911542 -0.049983481464496535 0.060887288583217007 -0.049216614075973358 0.11971918972962003 0.038127292032835415 -0.00011136659709611371 0.027330896637122834 -0.33322541544114453 0.0035849211843778667 -0.053091247398509983 -0.060183829302208072 0.047136732891217614 0.044574006645363443 0.042852334249428727 -0.067787416446405874
leaf_weight=849.39115686435252 109.27511848125141 18.659983849793207 844.8211179364007 16.962655426876154 646.78212366020307 162.48740016802913 845.25122133712284 74.552466411900241 183.61559303902322 144.71910876134643 90.965240481542423 345.44263644563034 265.38613876432646 125.44104216108099 231.49548323760973 548.47964855603641 282.70533855771646 19.954599966236856 747.70354016975034 95.969300315598957 393.54658777953591 2018.4265799030545 304.56873496924527 673.3233416301664 20.33150104660308 700.09312634193338 616.02101159165613 108.79971499601379 109.83667629689444 1659.5721527532442 521.77741012827028 118.19954458030406 12.497393756755626 71.706081983342301 351.77811813814333 416.35331667371793 121.06872924504569 82.631162287842017 346.32213555800263 49.94449400762096 60.033211884088814 180.89806996879634 114.75965025648475 129.95951947249705 157.144645212451 10.030264074448494 299.95671769708861 385.58944344357587 135.32982366735814 38.848028385138605 138.03293877799297 389.46374287101207 1008.8422222063527 732.29690203681821 4.8939007199369362 2585.0462932388764 96.056439538253471 155.59193957556272 102.57345459720818 42.387820946576539 47.276035663147923 241.0294539143797
leaf_count=1397356 8589 1695 34942 371 99811 58877 14409 21072 48953 4377 3376 35390 8755 5163 69418 60023 25937 375 666881 2669 6089 36959 68384 264017 1700 42320 11591 3018 642 9857 8229 3288 255 24852 14562 46720 44666 9306 3848 1438 1124 13981 6847 16697 31441 331 3161 25630 8040 3870 8727 24569 10376 9671 41 42683 1198 2163 2432 2901 8277 132945
internal_value=-0.000670752 0.00430768 -0.0336359 0.0512472 -0.00583408 -0.000444415 -0.00997636 0.00535984 0.00206819 -0.0519613 0.000572847 0.0315392 -0.0222411 0.00871261 -0.0785862 0.0250893 0.00298783 -0.0366187 -0.0606507 -0.0112292 -0.0132601 -0.0086736 0.0120234 0.090954 -0.0145353 0.00655551 0.0186713 -0.00123074 -0.00405009 0.00440535 0.0144133 0.00319144 -0.0793864 -0.0678059 0.0099072 0.0348092 0.00761189 0.00186588 0.00453257 0.022317 0.0128562 0.0526466 0.0467897 0.0390037 0.0175322 -0.0137786 0.0285984 -0.0295764 -0.00758399 0.0363301 0.0483844 0.0594779 0.00380179 0.00281084 0.00659715 0.000944401 -0.0666717 -0.0186002 -0.00418686 -0.0359527 -0.0353172 -0.0444755
internal_weight=22402.9 19463.5 2939.4 1789.31 1816.13 17674.2 6689.1 10985.1 9758.15 1343.22 5345.89 1226.93 1110.64 6506.82 1123.27 1078.7 530.216 666.737 1198.5 3251.33 3155.36 2761.81 1149.39 710.617 37.2942 4235.25 1656.95 2578.3 2469.5 1769.41 1565.98 1044.21 87.0499 90.3661 6419.77 541.794 5877.98 4226.48 4105.41 1651.5 1299.72 240.931 881.491 766.731 439.85 626.051 418.156 743.383 357.793 174.178 657.456 527.497 1058.79 4022.78 3418.29 2686 100.95 604.488 448.896 273.883 450.793 403.517
internal_count=3527285 1854098 1673187 410036 203512 1444062 980334 463728 362909 871357 108977 100819 23164 230699 1469675 143948 83925 100186 866980 132210 129541 123452 103326 266088 2071 85813 29976 55837 52819 10499 26600 18371 21327 26547 209372 51883 157489 116008 71342 41481 26919 15105 65429 58582 57378 11922 6449 86493 60863 11910 49993 33296 11814 62036 53593 43922 1239 8443 6280 72319 200099 191822
is_linear=0
shrinkage=0.1


Tree=60
num_leaves=63
num_cat=0
split_feature=1 23 10 7 6 4 16 11 11 11 21 3 14 16 11 21 6 16 23 6 7 22 10 23 14 14 15 10 16 6 11 22 3 22 7 14 11 23 24 2 7 11 8 16 22 3 3 21 3 3 3 15 11 10 14 8 11 15 22 16 11 6
split_gain=344.106 216.598 272.213 186.845 101.241 178.972 92.8676 58.5821 56.8802 86.8827 137.118 65.2433 59.6605 79.7819 59.1305 55.8245 48.3671 45.8553 43.3831 41.067 40 38.2801 37.9788 36.7967 34.2709 44.3962 33.9287 36.7069 35.1187 33.5823 91.1004 59.14 33.2676 33.2627 33.1533 36.7197 33.0941 32.1535 43.0083 31.1901 56.5839 30.708 30.6005 30.2031 28.8355 30.756 28.7883 28.5594 28.0209 56.3935 46.1291 27.6084 26.8771 26.8702 26.8658 25.651 25.2668 25.0091 24.9505 28.5096 24.9434 36.3464
threshold=10.500000000000002 0.64583334326744091 97.726097106933608 70.087718963623061 41.444372177124031 1.0000000180025095e-35 86.381820678710952 0.47222222387790685 1.0000000180025095e-35 0.31666667759418493 7.5000000000000009 16.500000000000004 4.5000000000000009 99.775783538818374 0.86607143282890331 6.5000000000000009 41.955394744873054 96.726669311523452 0.15476191043853763 91.715686798095717 81.01672744750978 3.5000000000000004 36.237373352050788 0.94444444775581371 9.5000000000000018 5.5000000000000009 48.220619201660163 91.010101318359389 45.913782119750984 69.282051086425795 0.47222222387790685 8.5000000000000018 4.5000000000000009 3.5000000000000004 79.118217468261733 3.5000000000000004 0.47222222387790685 0.4083333313465119 1.5000000000000002 0.21674637496471408 60.49571609497071 0.47222222387790685 52.704679489135749 97.896198272705092 11.500000000000002 3.5000000000000004 26.500000000000004 9.5000000000000018 26.500000000000004 8.5000000000000018 43.500000000000007 1.0000000180025095e-35 0.41428571939468389 64.785373687744155 21.500000000000004 18.808961868286136 0.31666667759418493 78.200309753417983 8.5000000000000018 89.676071166992202 0.64583334326744091 77.836257934570327
decision_type=2 2 2 2 2 2 2 2 2 2 2 2 2 2 2 2 2 2 2 2 2 2 2 2 2 2 2 2 2 2 2 2 2 2 2 2 2 2 2 2 2 2 2 2 2 2 2 2 2 2 2 2 2 2 2 2 2 2 2 2 2 2
left_child=1 4 7 6 5 17 16 15 11 10 53 26 13 29 20 32 -2 -1 36 22 41 -8 54 -9 25 51 28 -28 -6 30 31 42 55 39 -31 37 -18 43 -39 40 -20 -14 -11 48 45 -7 -41 -35 49 -36 -50 -12 -15 -10 -17 -3 -34 -46 -24 -60 61 -52
right_child=3 2 -4 -5 8 44 21 23 9 12 24 -13 14 52 -16 19 18 -19 33 -21 -22 -23 58 -25 -26 -27 27 -29 -30 34 -32 -33 56 47 35 -37 -38 38 -40 46 -42 -43 -44 -45 57 -47 -48 -49 50 -51 60 -53 -54 -55 -56 -57 -58 -59 59 -61 -62 -63
leaf_value=-0.080939367609497243 -0.088643483837311604 0.051935234957152743 0.091570785019998976 -0.0053035421663625336 -0.09595375477302398 0.019016466377353325 -0.098692043407970637 0.003656500226675716 -0.090496514870556655 0.09206647098498201 0.10986957255524905 -0.076582592706185768 -0.033513978970608191 0.010642762695419868 0.048719350487183351 0.0072953423456280841 -0.074211596885826764 -0.0016540861659544192 -0.10022627112904499 -0.12015761752365955 -0.026724381516461667 0.0026279674885822091 0.061663558773353624 0.06473173963399749 -0.049975707454611412 0.071029004863760611 0.020401172464305707 0.10241492585794601 0.11317474222656305 -0.017359381215528002 0.067571803502942604 -0.065923273541887595 -0.074158705089145224 -0.047195636573872018 0.0033028474674151897 0.038712737094123484 -0.014959990689738967 0.073035220459800293 -0.0049679565518837964 0.27530132568151833 3.3291493778820254 0.00061497967924095437 0.0075502076362624106 0.045871885642602667 -0.10351206917992282 -0.024657217382867545 -0.1077687199072118 0.068996508370573223 0.046514918203145753 -0.021871192127954832 0.679614125961993 -0.033344018915952303 0.078690768967628624 -0.027967340875840602 -0.12887127566847972 -0.010383286868433761 0.033411342256334811 -0.0085002639621526866 -0.076863717417216593 0.030210883816777129 0.0068353074984545724 -0.079704310033394857
leaf_weight=486.03782739356393 605.17344280058751 74.331568123016041 563.90960810449906 1374.2678823093884 8.9126142669701931 634.72626752522774 42.510681070853025 141.3369351294823 279.90362367202761 47.14096082438482 15.577200610132421 56.486804733751342 302.40550201176666 81.561839486006647 173.21648164198268 491.59966975799762 413.59739718679339 85.82788661448285 0.10706212563672934 20.216793037718162 1118.058175881044 303.59049351885915 289.08684231864754 326.58567875553854 64.795889410888776 132.97894056153018 650.14539154985687 59.573047584621236 81.08092603442492 723.13966066943249 308.47775935346726 108.58702159678796 124.95433321187738 63.014832096931059 3812.2505305588711 310.8600213448517 122.0912037328817 151.21667611226439 132.72729711700231 6.5948045077384432 0.087381794699467719 2056.3878687646938 469.537245140702 154.97926228074357 44.991756596369669 216.15975223650457 2.7925440966500901 31.844274909060914 319.85377818054985 1160.8240897748619 0.63949408626649429 99.078494929242879 201.29198068683036 91.087936864467338 14.929720392683519 592.80844322120538 26.459566260571592 72.10065499227494 27.041911948646884 309.14502085058484 1336.5892411259701 44.308497654739767
leaf_count=689040 957315 2484 220220 76252 6025 27223 5321 4768 171870 5151 8976 32057 34502 5326 3450 29865 446231 8530 125 2780 14862 48979 23149 96449 11251 13705 28148 4659 7378 39304 6586 2552 53460 25378 51887 4479 18104 18254 2845 954 7 34158 60689 8002 4985 20133 1582 6097 2702 13342 76 8475 47761 18198 849 48651 2593 957 1552 24801 6896 4885
internal_value=-0.00062308 0.00429866 0.0289561 -0.0323141 -0.000301423 -0.0246851 -0.0556393 0.0144762 0.00227848 0.000715476 -0.0340388 0.0272835 0.00254057 0.00676781 -0.00830412 0.00692338 -0.0683745 -0.0690399 -0.0492124 0.021111 -0.011145 -0.0098169 0.0236344 0.0462838 0.014771 0.0317126 0.03462 0.0272853 0.0924635 0.00513877 0.0231019 0.00116238 -0.0130441 0.00974623 0.00308008 0.00507093 -0.0607073 0.00360076 0.0365733 0.187312 1.44091 -0.00376047 0.0152613 0.00222988 0.00151893 0.00792157 0.161346 -0.00818984 0.00121653 -0.00257332 0.0122941 -0.0138869 0.0590689 -0.075144 0.00328189 -0.00343987 -0.0553608 -0.0450077 0.0401218 0.0215981 0.00437124 -0.0689012
internal_weight=22061.6 19095.9 3002.41 2965.67 16093.5 1539.84 1591.4 2438.5 14553.7 13697.5 683.422 856.199 13014.1 9363.99 3650.07 1970.57 1245.3 571.866 640.13 1152.02 3476.85 346.101 1131.8 467.923 312.431 247.635 799.712 709.718 89.9935 9081.13 933.743 625.265 818.554 104.441 8147.39 7424.25 535.689 7113.39 283.944 9.58179 0.194444 2358.79 516.678 6829.44 967.978 850.886 9.38735 94.8591 6674.47 4973.07 1701.39 114.656 282.854 370.992 506.529 667.14 151.414 117.092 625.274 336.187 1381.54 44.948
internal_count=3527285 1940940 511621 1586345 1429319 750868 1510093 291401 678451 600184 232475 78267 367709 280737 86972 190184 1455793 697570 498478 82996 83522 54300 80216 101217 42407 31156 46210 32807 13403 227650 74978 68392 107188 34143 152672 113368 464335 108889 21099 2668 132 68660 65840 87790 53298 47356 2536 31475 79788 65229 14559 17451 53087 190068 30714 51135 56053 5942 49502 26353 11857 4961
is_linear=0
shrinkage=0.1


Tree=61
num_leaves=63
num_cat=0
split_feature=7 3 23 16 22 11 8 16 15 16 22 6 16 22 23 0 11 21 16 17 16 22 23 3 5 4 10 6 14 11 11 10 7 0 21 18 16 17 15 22 17 27 27 17 15 21 17 21 0 18 21 18 5 14 21 16 25 10 6 10 11 21
split_gain=249.813 364.881 347.008 133.656 180.878 112.755 101.296 64.3712 53.4897 62.8562 65.8869 53.2897 74.1699 51.8271 48.8541 47.5933 47.0145 45.921 62.0614 45.8535 45.0754 43.5392 43.3284 42.4441 51.4444 41.6289 57.1882 67.9904 197.067 40.9266 40.5607 39.2801 45.5044 35.8788 38.7047 43.3579 35.5519 50.3437 44.6121 43.6183 42.7958 43.4837 42.256 65.5556 36.4598 41.0178 35.8468 34.3154 33.4853 32.9846 31.9835 31.715 28.9849 28.7066 27.4037 26.8334 112.311 26.7118 36.6945 44.8566 29.0921 27.969
threshold=58.898942947387702 13.500000000000002 0.84523808956146251 64.722881317138686 4.5000000000000009 0.31666667759418493 97.999198913574233 98.739471435546889 52.433105468750007 90.338954925537124 9.5000000000000018 36.882591247558601 46.920478820800788 8.5000000000000018 0.17424242943525317 0.30763465166091924 0.81666666269302379 6.5000000000000009 93.373252868652358 99.839229583740249 64.533195495605483 2.5000000000000004 0.17424242943525317 2.5000000000000004 1.0000000180025095e-35 1.0000000180025095e-35 47.690120697021491 15.535444736480715 6.5000000000000009 0.10555555671453477 0.17424242943525317 73.765182495117202 26.158231735229496 0.96125608682632457 13.500000000000002 0.77097901701927196 97.309360504150405 97.315315246582045 92.98804092407228 5.5000000000000009 94.404968261718764 1.0000000180025095e-35 1.0000000180025095e-35 92.342185974121108 75.690944671630874 8.5000000000000018 90.603012084960952 6.5000000000000009 0.85634639859199535 0.88562092185020458 16.500000000000004 0.48050974309444433 1.0000000180025095e-35 20.500000000000004 6.5000000000000009 66.122367858886733 1.0000000180025095e-35 27.072835922241214 30.877573013305668 32.757078170776374 0.095454547554254546 6.5000000000000009
decision_type=2 2 2 2 2 2 2 2 2 2 2 2 2 2 2 2 2 2 2 2 2 2 2 2 2 2 2 2 2 2 2 2 2 2 2 2 2 2 2 2 2 2 2 2 2 2 2 2 2 2 2 2 2 2 2 2 2 2 2 2 2 2
left_child=1 3 7 4 11 49 29 19 13 10 53 -1 21 17 -14 23 -9 -5 22 30 54 -13 50 -16 -25 26 27 28 -24 -4 -2 32 48 34 35 36 37 38 40 -38 42 -42 -32 44 -44 -46 -40 -43 -11 -3 -19 -7 -27 -10 -8 56 -29 -34 -59 -60 61 -61
right_child=2 5 6 8 -6 51 20 16 9 31 -12 12 14 -15 15 -17 -18 18 -20 -21 -22 -23 25 24 -26 52 -28 55 -30 -31 33 -33 57 -35 -36 -37 39 -39 46 -41 41 47 43 -45 45 -47 -48 -49 -50 -51 -52 -53 -54 -55 -56 -57 -58 58 59 60 -62 -63
leaf_value=-0.080600725808992746 0.039759386714551898 -0.088340397522717981 0.082719502169548029 -0.012653387639786091 -0.082511595221928233 -0.026542035952132503 -0.1143937919120972 0.015779731803915738 -0.0077732770275528917 0.030090991160996856 -0.08144075407028932 0.0342791225936857 -0.046497518237978173 -0.067691878282898549 0.42945459939782255 0.22232664999408025 0.07685564092212073 0.011809649600682577 0.0030946198001642997 0.084841907041327699 0.09594907055381012 -0.086189658952122022 5.9657702802009265 2.9063426721784982 0.87882648365872384 0.14652934070582577 0.10795033768528942 5.2499777189912145 -0.10082807042097025 0.012618125481878207 -0.0024227468327573144 0.080116607566884532 -0.044101816528522297 -0.045452362019613182 0.029729105446875966 -0.038774687709028005 0.082032309052246344 0.041912785164712585 0.11480155803590636 0.0059082012645903211 0.039907848860750779 0.050632850248195249 0.0095134528072020469 -0.12142816767653442 0.079368933271238423 -0.0780569871533216 -0.022377066391198647 -0.14953841593965075 -0.059073847878879704 0.0382068538552724 0.32852863886597861 0.080793893467156375 0.044368160280948282 -0.098631467650192692 0.074566970732779778 0.3013631934904305 -0.10009181500234601 0.037058609183554157 -0.06331026738054811 -0.015970769170329115 -0.020210722309019526 0.021497211635355732
leaf_weight=48.599851962208049 255.91978125218884 865.12662709565484 106.09606268335483 119.87497872806853 471.76792450065841 295.71332989266375 16.809653100557629 417.83291667071171 668.68509266898036 666.34154241305077 172.52417749457527 204.45941024893546 5.9692979551909984 48.209780676872469 1.5616482027107879 15.70497597925714 180.47319082333706 70.759000409801956 129.39913189713843 64.477643424645066 549.05412576254457 35.159748343314277 0.082426897366533747 0.16617111992673006 0.50686447278712876 47.110447625280358 27.597630570060574 0.056073476298481917 0.15281769121065736 387.30811994982651 10035.338781132101 67.389350242214277 161.06559403019492 174.68321562034544 428.61973932333058 294.05044302903116 115.3578426472377 269.96984921139665 19.364527332829311 216.60246228147298 409.48856696975417 13.748423849232493 231.77272879277007 27.664404134498909 201.05837575765327 18.035466774832457 1169.8895900258794 22.711870475905016 44.959737111232243 21.099415064323694 3.3388899788551489 30.353572404710576 67.652898493804969 36.681464205525117 14.122860608156769 17.937497255683411 0.13068381886114366 216.04366882843897 129.34284352767281 297.12670127867023 539.14379166258732 604.68873499881011
leaf_count=59898 15799 1282675 21147 22830 630242 130950 390 28045 150669 23147 76545 24439 4235 22941 52 1114 46900 25861 4196 4734 259695 24008 62 97 180 748 268 61 98 60582 423703 8167 10088 3952 14976 4869 3089 3611 492 4164 4601 1414 10808 943 9029 415 8673 446 1134 483 990 966 1061 8650 455 4671 201 9411 8578 14867 17422 22348
internal_value=-0.000581328 -0.0176876 0.00612589 -0.00557965 -0.0434396 -0.0668287 0.060998 0.00208257 0.00159543 -0.00277493 -0.0260469 0.0156161 0.0333604 0.0311852 0.201311 0.283767 0.0342027 0.0410322 0.0587018 0.00070681 0.0893321 0.0166025 0.0893447 0.715561 1.37942 0.118511 0.198936 0.335703 2.02484 0.0276919 0.000316654 0.00471937 0.00280831 -0.000422935 0.000160862 -0.000810658 6.48289e-05 -0.000798465 -0.00174757 0.0323617 0.000248568 0.0305901 -0.00103838 0.0279934 0.0371617 0.0664099 -0.0201434 -0.074058 0.0244551 -0.0853275 0.0260812 -0.0165501 0.0863054 -0.0124982 -0.02812 0.313779 1.50626 -0.00509828 -0.00158153 -0.00689768 -0.00183399 0.0091524
internal_weight=21772.9 6132.48 15640.5 4920.19 783.896 1212.29 1073.39 14567.1 4136.29 3603.99 877.891 312.128 263.528 532.302 23.909 17.9397 598.306 484.092 364.217 13968.8 579.987 239.619 234.818 2.23468 0.673036 160.72 45.9571 18.3595 0.235245 493.404 13904.3 2726.1 2658.71 13648.4 13473.7 13045.1 12751 12419 12149.1 331.96 10959.8 445.949 10513.9 478.531 450.867 219.094 1189.25 36.4603 711.301 886.226 74.0979 326.067 114.763 705.367 30.9325 18.1243 0.186757 1947.41 1786.35 1570.3 1440.96 901.815
internal_count=3527285 2594353 932932 1179279 744265 1415074 342269 590663 435014 351026 235864 114023 54125 83988 5678 1443 74945 61047 38217 515718 260540 48447 34021 329 277 7170 5361 5093 160 81729 510984 115162 106995 495185 491233 476257 471388 464135 460524 7253 451359 6461 444898 21195 20252 9444 9165 1860 24281 1283158 26851 131916 1809 159319 845 4933 262 82714 72626 63215 54637 37215
is_linear=0
shrinkage=0.1


Tree=62
num_leaves=63
num_cat=0
split_feature=1 9 18 23 9 3 9 22 18 7 3 6 10 6 22 4 15 1 1 14 21 2 26 3 26 18 15 5 2 0 2 27 23 26 9 9 23 3 15 10 0 3 14 0 21 0 26 0 2 6 26 18 10 4 6 10 14 18 14 7 0 3
split_gain=273.999 212.518 223.587 173.055 166.069 62.9801 110.438 95.3583 126.768 66.8013 70.9478 53.4167 49.6644 50.7983 49.4472 48.5986 44.6038 39.8903 46.8458 38.8437 35.1563 32.8186 32.0044 58.1081 31.1311 30.8068 55.5348 41.0679 29.7926 36.6288 66.8034 32.7346 55.5251 30.5315 29.1883 29.1628 29.0599 28.6372 28.391 28.2904 28.2684 27.8243 33.1083 26.9574 26.5271 26.2628 26.1641 31.7404 25.5645 25.3082 25.0642 24.2099 24.115 23.5619 23.3967 24.9637 23.3443 33.3422 23.2964 25.0773 23.2289 22.967
threshold=3.5000000000000004 49.675325393676765 0.44222222268581396 0.86607143282890331 95.040985107421889 4.5000000000000009 92.907444000244155 4.5000000000000009 0.11651583760976793 91.715686798095717 32.500000000000007 26.158231735229496 28.370221138000492 31.643132209777836 8.5000000000000018 1.0000000180025095e-35 42.321729660034187 1.0000000180025095e-35 1.5000000000000002 9.5000000000000018 4.5000000000000009 0.79882803559303295 1.0000000180025095e-35 3.5000000000000004 1.0000000180025095e-35 0.13484849035739901 1.0000000180025095e-35 1.0000000180025095e-35 0.97871470451354992 0.7231656312942506 0.71566942334175121 1.0000000180025095e-35 0.44949495792388922 1.5000000000000002 52.240802764892585 35.948717117309577 0.73214286565780651 1.5000000000000002 91.23447418212892 97.498435974121108 0.7231656312942506 14.500000000000002 11.500000000000002 0.99999991059303295 6.5000000000000009 0.57832014560699474 1.0000000180025095e-35 0.99999991059303295 0.85894444584846508 73.765182495117202 1.5000000000000002 0.37715516984462744 21.132376670837406 1.0000000180025095e-35 15.535444736480715 16.064516067504886 5.5000000000000009 0.62202382087707531 3.5000000000000004 43.534002304077156 0.54934528470039379 241.50000000000003
decision_type=2 2 2 2 2 2 2 2 2 2 2 2 2 2 2 2 2 2 2 2 2 2 2 2 2 2 2 2 2 2 2 2 2 2 2 2 2 2 2 2 2 2 2 2 2 2 2 2 2 2 2 2 2 2 2 2 2 2 2 2 2 2
left_child=3 2 15 17 34 7 9 20 -9 10 14 21 -13 37 19 -2 44 40 -19 25 -3 35 23 -20 39 26 58 60 29 30 31 32 33 -24 48 54 -33 -14 -31 -18 -1 -8 61 -30 -10 -11 -42 -48 -5 53 -49 -34 -37 -22 -4 -56 57 -12 59 -7 -27 -43
right_child=1 5 11 4 -6 6 41 8 16 45 56 12 13 -15 -16 -17 24 18 22 -21 49 -23 28 -25 -26 27 -28 -29 43 38 -32 36 51 -35 -36 52 -38 -39 -40 -41 46 42 -44 -45 -46 -47 47 50 -50 -51 -52 -53 -54 -55 55 -57 -58 -59 -60 -61 -62 -63
leaf_value=-0.030988794787079488 -0.092109342447915368 -0.036659112274360126 0.05913970985593453 0.018199479442299799 0.089768482402771396 0.16274997200683938 -0.015665484925772636 -0.090762377044887599 -0.026133482099436368 0.092371646711816593 -0.048889644568587076 -0.098370104830534877 0.094307857140746909 -0.042926832297836066 -0.082205980927390607 -0.037909832323823035 0.014038882231105516 0.020577891039554777 0.044539566118360012 -0.059445318161874421 0.10836218704966667 -0.081102094087709117 -0.0022913031549093741 0.0046308843531644361 -0.0058225419893585895 0.091342575458941866 -0.08552645883254778 -0.0075306243320096989 0.076478702764405423 -0.0041756059428267253 0.032406062468001699 -0.045565014800115655 0.14384294996006694 -0.047239227164709796 0.035200976688974886 0.0038804103611283802 -0.37715584650169898 -0.00015059391322623956 -0.034376358058652086 0.091003148244153273 0.044422768828989823 0.0036804680773443372 0.053223508258336986 -0.039454521754945446 0.10591090357433114 -0.024417626961314484 0.00070007937674877502 -0.079854364735449573 -0.02947718353271872 0.028220227094384383 0.083668752935033758 0.037672858409831145 0.10014728322160685 0.045677269482877356 -0.1308668829298133 0.0011123272068142042 -0.081459826629054599 0.15699497343294785 -0.038110053670395438 0.013631079451763006 -0.0029632940853761224 -0.029705734106189666
leaf_weight=448.38411407257081 674.83242554785102 58.704847645596601 66.546262877440313 322.12894182337914 490.00135863979813 12.039799741818568 1114.1812387024984 157.20837479474721 20.076315091340803 57.710296653793193 540.03080760251032 87.849891807331005 49.006536105996929 241.44504776643589 104.90742500845226 219.16647315328009 364.67756223338074 2193.8146999749297 455.49794750922592 130.00674905496999 94.040570010285592 30.264707135531353 1060.57747964398 1833.0745268706523 2013.6420521893597 96.171368654293474 94.429548553744098 181.98516764247324 83.373914662806783 687.58427085314179 585.85402304757736 148.98099563459982 28.301256852486404 176.23434829551843 538.15311710274545 38.849832215637434 2.6906814624089739 93.012592550046975 568.75734172406374 54.957058036699891 114.49359262414509 2287.5628551002592 125.89510913175764 26.410209507099353 62.821744559681974 28.895303087541834 683.03213687281823 83.033549812040292 172.79642104468076 396.31338941375725 10.566119067487305 89.081044432707131 78.804953139100689 165.4751262680511 15.628552550304446 172.71051619586069 278.18171176165924 7.9821275948779649 92.51188234690926 178.1308804883738 35.85681228901376 226.44548368500546
leaf_count=13947 1375625 2059 3736 15657 246016 3707 33303 97249 2309 1291 370452 17479 817 42492 31985 65821 32207 73918 26898 82239 15194 1282 45069 89950 49258 14919 87934 20416 3075 13234 18534 5844 1402 12821 89837 3044 105 16866 8471 14548 15929 32194 8342 803 3391 454 14254 1031 5524 9457 1663 2072 5782 4554 2337 17836 303695 138 22658 19505 1471 3185
internal_value=-0.000666 -0.0119696 -0.0436593 0.0105813 0.0418226 -0.00573069 -0.0122483 0.00502891 -0.00364458 -0.0323263 -0.0365637 -0.00769675 -0.0305499 -0.0150126 -0.0175573 -0.0788222 0.00179847 0.00545366 0.00814657 -0.00929781 0.0374802 0.0190432 0.00340065 0.012574 -0.000659023 0.000135373 -0.0191303 0.0232723 -0.0026707 -0.00435153 0.00375466 -0.00739211 -0.00245785 -0.00869597 0.0190814 0.0271789 -0.0514475 0.0324442 -0.0178478 0.0241184 -0.0105092 -0.00241365 0.00317934 0.0485892 0.0739323 0.0534058 -0.000204503 -0.0067836 0.00155382 0.0441166 -0.0613948 0.0632708 0.0683598 0.0683924 0.00816986 -0.00983943 -0.057867 -0.0458908 0.00304922 0.0230719 0.0657306 0.000673257
internal_weight=21551.8 10749 1768.12 10802.8 1523.08 8980.84 5592.92 3387.92 2673.38 1838.84 1752.23 874.119 471.314 383.464 926.04 893.999 2516.17 9279.74 7940.23 821.132 714.534 402.805 5746.42 2288.57 2433.28 691.125 377.112 314.013 3457.85 3348.06 2091.72 1505.87 1354.19 1236.81 1033.08 372.54 151.672 142.019 1256.34 419.635 1339.51 3754.08 2639.9 109.784 82.8981 86.6056 891.125 776.632 494.925 655.829 93.5997 117.382 117.655 259.516 254.885 188.339 826.195 548.013 282.683 190.171 132.028 2514.01
internal_count=3527285 2821231 1553117 706054 357034 1268114 1037888 230226 198962 960864 959119 111671 77654 60175 284834 1441446 101713 349020 302196 252849 31264 34017 228278 116848 96013 170610 133804 36806 111430 107552 85847 67313 61364 57890 111018 32735 5949 17683 21705 46755 46824 77024 43721 3878 5700 1745 32877 16948 21181 29205 2694 3474 8826 19748 23909 20173 674285 370590 45870 23212 16390 35379
is_linear=0
shrinkage=0.1


Tree=63
num_leaves=63
num_cat=0
split_feature=1 7 18 8 9 23 16 18 10 7 9 21 11 14 14 23 22 27 11 0 9 11 11 8 18 16 18 21 21 5 2 16 11 16 9 14 16 22 7 17 21 11 16 23 5 23 18 7 21 7 23 18 27 5 6 6 9 10 6 8 8 0
split_gain=232.486 144.27 134.137 148.242 137.052 90.8468 86.5736 84.0172 67.6594 67.6427 49.2853 44.0938 39.606 38.4578 37.7021 50.3244 49.6991 50.88 43.5759 43.9881 41.557 41.9976 40.9086 37.0268 36.0636 35.6365 33.896 33.6693 31.5988 28.9047 27.9469 27.0786 27.0404 25.7912 24.9774 30.3645 24.3303 29.3336 34.3027 24.1643 24.1449 52.7549 43.9141 28.1596 24.2674 25.9661 24.0432 28.3205 24.307 23.8826 23.5605 23.2407 22.6411 21.2621 21.2614 21.2024 40.1368 20.6407 19.9529 33.6211 34.8703 19.7639
threshold=10.500000000000002 70.087718963623061 0.94868421554565441 97.999198913574233 42.488718032836921 0.94444444775581371 64.306598663330092 0.3514705896377564 97.498435974121108 19.399641990661625 51.355310440063484 11.500000000000002 0.19090909510850909 20.500000000000004 8.5000000000000018 0.43650794029235845 9.5000000000000018 1.0000000180025095e-35 0.86607143282890331 0.87816327810287487 90.366767883300795 0.53571429848670971 1.0000000180025095e-35 30.877573013305668 0.94281044602394115 41.69664382934571 0.13188406080007556 13.500000000000002 7.5000000000000009 1.0000000180025095e-35 0.79102236032485973 90.636241912841811 0.47222222387790685 58.633653640747077 42.967033386230476 18.500000000000004 98.192703247070327 8.5000000000000018 79.118217468261733 99.839229583740249 5.5000000000000009 0.31666667759418493 97.309360504150405 0.30384616553783422 1.0000000180025095e-35 0.23611111193895343 0.45227272808551794 76.50690078735353 5.5000000000000009 81.01672744750978 0.23611111193895343 0.74342104792594921 1.0000000180025095e-35 1.0000000180025095e-35 85.880397796630874 40.862709045410163 40.270269393920906 32.071428298950202 59.317129135131843 91.734970092773452 75.93103408813478 0.99999991059303295
decision_type=2 2 2 2 2 2 2 2 2 2 2 2 2 2 2 2 2 2 2 2 2 2 2 2 2 2 2 2 2 2 2 2 2 2 2 2 2 2 2 2 2 2 2 2 2 2 2 2 2 2 2 2 2 2 2 2 2 2 2 2 2 2
left_child=2 7 4 28 6 14 -1 10 13 -8 -2 32 23 26 15 27 25 24 19 20 22 58 33 30 61 -17 -7 36 -4 -13 55 -9 50 -16 -35 -36 39 38 -38 40 41 54 43 -43 45 -42 48 57 -27 -23 -12 -46 -53 -50 -6 -11 -57 -48 -22 60 -60 -18
right_child=1 -3 3 -5 5 8 9 31 -10 12 11 29 -14 -15 18 16 17 -19 -20 -21 21 49 -24 -25 -26 46 -28 -29 -30 -31 -32 -33 -34 34 35 -37 37 -39 -40 -41 44 42 -44 -45 51 -47 47 -49 53 -51 -52 52 -54 -55 -56 56 -58 -59 59 -61 -62 -63
leaf_value=-0.096700095302406364 -0.093172095467733432 -0.0044850117386268417 0.0024575645844861814 0.097964320406518812 -0.072139895763742148 -0.061405761996226008 0.02988839948192705 -0.038860870973571125 0.090831916843032545 -0.01095646833310672 -0.081847898155155613 0.11165398801988745 0.2383416648515406 -0.1496741221042463 -0.086421980966677248 -0.086436358039380656 0.017877078494347654 -0.08166080190420788 0.071341109936078978 -0.055249839994144012 0.0044512059126145384 0.00014747358528616368 -0.051858556778404986 -0.068810130737579342 -0.36420860098521768 -0.0030392255186263172 0.030202117855852435 0.031527491318042687 0.043756746018342507 -0.018011792559505437 -0.069904372061298528 0.012329599254535984 -0.016225284641557022 0.084622455454164164 0.0041293501128398863 -0.063585163555964164 0.0057873906632363555 -0.010064868005581115 0.070815071815247058 0.092462875036444223 0.0061725725267647163 -0.0030840897928868165 0.080639213284524669 -0.037474396974628676 -5.9359595253841916e-05 0.032426675654533346 0.13240538676352093 0.050308753083515484 0.12753615140895577 -0.03696459894225522 -0.014019097005990695 -0.025771982277071354 -0.18021046393763021 0.059511774557033131 0.095501333162441984 2.1159452904583418 -0.10168580097470099 -0.004907842525679649 0.066339370256297006 0.074435157931872317 -0.083334414038324825 -0.11268297716532694
leaf_weight=175.73567043826915 399.06692084437236 1360.2707488633459 586.0506991436705 292.48833628278226 147.22254602113389 43.147961030597799 209.60031890971004 199.67300023735152 174.25491025450174 428.58300332157523 329.95214600171312 24.264868188562104 5.2953668142727102 12.942497893382095 38.490259213634999 22.145156997750746 367.62887257535476 69.696669782540994 65.848593255621381 207.05317607434699 161.38711227165186 911.22839120542631 336.8327121003822 238.01292977738194 2.5413038276601574 41.158234631730011 632.11109272472095 374.23956874097348 270.89998724381439 58.976631334022386 96.447428466985002 214.17543917766307 115.40167189313797 31.568859193648677 394.34706446042401 79.586870012601139 152.62572466756683 178.73262258362956 173.15015349932946 28.197417612827849 2729.505919207033 3526.1871591572999 60.257933790562674 255.33820894022938 3183.1139704141242 437.03189070953522 11.562039669719523 285.18760281987488 67.024800379993394 214.15321259247139 60.618449221539777 235.53518379369052 9.8912855992675741 146.12718326057075 7.9751986623741677 0.1352576524077439 0.20578183760517277 205.83813664206536 29.777783885772806 162.83269732730696 32.613308593048714 11.972056305501608
leaf_count=345734 858638 76252 51827 161578 100897 24633 22260 99363 90057 100570 439428 9216 126 2692 61580 7593 15758 2828 1353 2357 10852 9996 107575 76962 105 5590 78259 24165 20444 34831 8599 22469 18482 6439 44048 13770 6153 4716 29313 1723 119208 80563 1296 2491 210168 9552 224 41437 5057 2888 27666 2395 138 10512 286 68 128 8017 739 3273 1499 449
internal_value=-0.000620732 -0.027687 0.00340738 0.0364938 0.00122322 0.0035869 -0.0320769 -0.0501964 0.0351697 -0.0204681 -0.0660369 -0.0476587 -0.0341991 0.0210758 0.00181764 0.00408218 0.0232998 -0.0030851 -0.00899643 -0.0110312 -0.0072049 0.0028537 -0.0244711 -0.0360897 0.0112459 0.0386028 0.0243485 0.00202508 0.0155131 0.0197857 -0.0212661 -0.0123687 -0.0587545 -0.00751318 -0.00150486 -0.00724183 0.00103261 0.0224893 0.0403497 1.33293e-05 -0.000232783 -0.00636569 -0.0040566 -0.00540621 0.0034841 0.00979605 0.0422611 0.0295831 0.0673165 -0.00691473 -0.0713205 -0.00234551 -0.0319962 0.0809018 -0.0635253 -0.0103293 0.777836 0.00239492 0.0312885 0.0505191 -0.0118987 0.0137594
internal_weight=21323.9 2762.4 18561.5 1149.44 17412.1 16258.1 1154.02 1402.13 862.456 978.28 988.281 589.214 768.68 688.202 15395.6 12729.9 1230.88 451.839 2665.72 2599.87 2392.82 1511.99 880.826 763.384 382.142 779.043 675.259 11499 856.951 83.2415 525.371 413.848 505.972 543.993 505.503 473.934 11124.8 504.509 325.776 10620.3 10592.1 3996.98 3841.78 3781.53 6595.08 3166.54 756.898 502.588 254.31 1125.38 390.571 3428.54 245.426 213.152 155.198 428.924 0.341039 217.4 386.611 225.224 62.3911 379.601
internal_count=3527285 1586345 1940940 233849 1707091 1152644 554447 1510093 195641 208713 1388261 529623 186453 105584 957003 690634 97570 19140 266369 265016 262659 29247 233412 186327 16312 78430 102892 593064 72271 44047 109365 121832 485576 125837 64257 57818 568899 40182 35466 528717 526994 185533 84350 83054 341461 128760 70837 49678 21159 12884 467094 212701 2533 15569 101183 100766 196 8241 16363 5511 2238 16207
is_linear=0
shrinkage=0.1


Tree=64
num_leaves=63
num_cat=0
split_feature=1 9 3 23 11 6 1 1 10 6 17 9 22 21 3 3 15 3 17 17 10 17 11 11 9 9 3 21 5 3 14 11 21 15 11 9 14 1 9 0 0 9 10 4 7 3 15 11 23 10 4 20 6 15 11 1 0 9 6 7 17 9
split_gain=208.072 160.541 199.844 138.601 116.123 51.922 50.025 47.5313 46.4101 51.9832 43.9548 43.6164 40.0671 68.0206 41.4941 35.1926 35.1209 33.1037 31.8669 30.8364 29.4947 28.4989 27.2141 150.054 76.0129 45.705 45.6247 28.2757 27.1626 26.6777 26.5116 26.1507 25.9486 25.8225 25.7694 25.3317 24.9741 23.2079 22.6808 22.5173 22.5025 21.8382 21.1232 28.484 33.7585 45.812 20.9586 20.2193 19.5005 19.0078 18.4888 25.4108 18.1665 22.6193 96.5298 18.0329 20.2213 17.7808 17.2226 16.9137 16.8507 20.4286
threshold=2.5000000000000004 49.675325393676765 4.5000000000000009 0.86607143282890331 0.61250001192092907 26.158231735229496 12.500000000000002 1.0000000180025095e-35 28.370221138000492 30.341388702392582 87.531093597412124 81.892700195312514 10.500000000000002 9.5000000000000018 4.5000000000000009 1.5000000000000002 65.724277496337905 1.5000000000000002 59.105201721191413 79.601741790771499 31.851119995117191 61.302095413208015 1.0000000180025095e-35 0.31666667759418493 84.29276275634767 81.165538787841811 10.500000000000002 6.5000000000000009 1.0000000180025095e-35 13.500000000000002 8.5000000000000018 0.26136364042758947 6.5000000000000009 97.510330200195327 0.26136364042758947 60.943256378173835 18.500000000000004 11.500000000000002 46.737588882446296 0.49483703076839453 0.7231656312942506 35.948717117309577 21.132376670837406 1.0000000180025095e-35 17.467581748962406 2.5000000000000004 63.499586105346687 0.23611111193895343 0.15476191043853763 91.476997375488295 1.0000000180025095e-35 1.0000000180025095e-35 33.534135818481452 1.0000000180025095e-35 0.19090909510850909 1.5000000000000002 0.94227582216262828 37.394067764282234 20.734437942504886 30.0684928894043 98.369518280029311 95.488464355468764
decision_type=2 2 2 2 2 2 2 2 2 2 2 2 2 2 2 2 2 2 2 2 2 2 2 2 2 2 2 2 2 2 2 2 2 2 2 2 2 2 2 2 2 2 2 2 2 2 2 2 2 2 2 2 2 2 2 2 2 2 2 2 2 2
left_child=3 2 5 7 -5 15 12 40 38 17 -4 18 13 22 16 -2 30 59 -8 -14 -11 -17 24 25 26 32 27 -3 29 34 31 50 33 -24 39 -25 46 52 -7 -16 -1 -23 -43 44 45 -44 48 -13 -29 -42 51 -15 -22 54 -54 56 -9 -19 -12 -10 -37 -62
right_child=1 6 10 4 -6 8 11 55 9 20 58 47 19 14 28 21 -18 57 -20 -21 37 41 23 35 -26 -27 -28 36 -30 -31 -32 -33 -34 -35 -36 60 -38 -39 -40 -41 49 42 43 -45 -46 -47 -48 -49 -50 -51 -52 -53 53 -55 -56 -57 -58 -59 -60 -61 61 -63
leaf_value=-0.027843926344782794 0.045593244706442021 -0.01175699830538782 -0.087525001269011471 0.023523199137427047 0.093603672762697959 -0.090288700579040315 -0.065663125933672156 0.020868996177203357 0.12570924450854618 -0.085602345771164934 0.053740555088849229 0.07710624066548373 -0.080803527935103425 0.16304278680083584 0.13629768486525246 -0.091097512014807897 0.0017929720380182703 -0.056512891362021291 -0.014307252614647423 -0.016652154501546303 0.033575805649843728 -0.013916451347256241 -0.10173680621132962 0.059425261280407406 0.091169167765370263 -0.008790550557621438 -0.073931748125257685 0.0065280644935223594 -0.0071396401200955117 0.066965624087359787 0.0086557903898960981 0.053376321558648014 -0.044294387367141565 -0.47348744163044815 -0.018257537002946959 -0.002436616028299819 -0.092514801467015295 -0.075259828238739987 0.16602895549188823 -0.032208831738842043 -0.013651888402466459 -0.031041521308549848 2.0155533949429092 0.04329091328461205 0.18213064616288255 -0.10075613441814496 0.021126814636619095 -0.010884201495587895 0.11379892345868621 0.015864900662199585 0.08750208671691162 0.59928289909408827 -0.10030861605108173 -0.025135363179471345 4.0167052960216614 0.0064605439187189126 -0.02172141980369105 0.036172836507422028 -0.040336492189648077 -0.0025107494127074672 -0.0048295475042121512 0.070886448690360523
leaf_weight=447.95511236248421 204.5996941847261 244.23427774145966 597.30759297133773 743.09949445247184 346.78041752951685 123.2180324086803 293.70417884195922 2048.9555872574565 43.399193551449571 86.943594674550695 24.547068756743101 26.796759449120145 93.5121948440501 26.703380497696347 23.362098203535425 35.861172320815967 148.05591981194448 36.072438278381014 205.27180398121709 377.05528277403209 76.612253235798562 221.27428083494306 190.95161672582617 68.327433576516341 113.30649208847899 113.04802937779459 70.401556878379779 23.460249414958525 494.04601341317175 121.94251002842793 81.991066574613797 211.15211555815767 108.79192300428986 1.8869687388651062 117.558052942215 7075.3496946673258 14.116363514127441 62.572472340951208 3.5517570576339486 12.005364892334908 482.8722347029543 26.387697762867901 0.23601324111223121 52.385208435938694 11.634799655934328 0.18052663025446236 142.12811193533707 1026.8889483295206 61.037014079076471 397.98463672050275 63.748594408098143 1.4055437099887047 0.26071533979847927 198.18997145295725 0.072867536888225004 2863.4617655353213 117.89135468949098 48.562244767643278 93.889948458876461 13.484436313039621 72.696248378837481 69.894653825671412
leaf_count=13947 9553 27247 1209213 88731 218381 57242 386384 66617 1975 41577 3775 4737 17085 3109 4326 56781 5646 17290 53464 13806 13053 31103 199608 9443 14419 29342 58209 5089 65745 13048 4156 7740 57788 103 2710 276898 1559 62255 891 557 9484 3755 64 984 6158 127 5904 88535 4134 23393 2154 199 263 44513 49 101706 7301 17399 32368 1255 9284 13654
internal_value=-0.000571438 -0.00790474 -0.0343813 0.0128725 0.0458216 -0.0101828 -0.00346457 0.00722544 -0.0284153 -0.0161693 -0.0764901 -0.0201802 -0.000905579 0.000480827 0.0217438 0.0126817 0.0431848 0.0363197 -0.044536 -0.0294005 -0.0336617 -0.00667021 -0.00282682 -0.0045071 0.0165243 -0.0630196 0.00129545 0.0122158 0.00687963 0.0320778 0.0591024 0.0727527 -0.0833441 -0.105374 0.00425829 -0.00117701 0.0365364 -0.0202895 -0.0831074 0.0790987 -0.00959576 0.00303077 0.0443191 0.0751804 0.213799 1.09835 0.0445749 -0.00864648 0.0840157 -0.000315751 0.117293 0.184856 -0.00778788 -0.0237505 0.799008 0.0116689 0.0185518 -0.00333107 -0.0208382 0.0953143 -0.0017507 0.0322846
internal_weight=21105.1 13656.1 1961.24 7449 1089.88 1245.5 11694.8 6359.12 692.94 566.17 715.745 1552.66 10142.2 9671.6 1301.97 552.559 533.057 141.518 498.976 470.567 424.652 347.96 8369.63 7700.95 668.684 414.679 555.378 484.976 768.914 274.868 385.001 303.01 301.631 192.839 152.926 7286.27 240.742 337.708 126.77 35.3675 1328.81 312.099 90.8242 64.4365 12.0513 0.41654 226.625 1053.69 84.4973 880.857 91.8575 28.1089 275.136 198.524 0.333583 5030.31 2166.85 84.6347 118.437 56.8836 7217.94 142.591
internal_count=3527285 2997725 1611643 529560 307112 366287 1386082 222448 257762 199629 1245356 533120 852962 822071 109390 108525 23004 37919 439848 30891 161710 98972 712681 596120 116561 286841 102142 43933 86386 20641 17358 13202 257499 199711 7593 309279 16686 120133 58133 4883 46824 42191 11088 7333 6349 191 15127 93272 9223 32877 5462 3308 57878 44825 312 175624 73918 34689 36143 3230 299836 22938
is_linear=0
shrinkage=0.1


Tree=65
num_leaves=63
num_cat=0
split_feature=1 9 16 23 8 11 11 11 3 3 11 15 18 16 6 1 25 0 11 7 7 8 9 9 9 16 14 9 11 2 15 0 0 3 16 23 8 15 0 6 14 14 0 8 9 3 18 2 4 8 9 9 8 7 15 11 9 1 11 18 3 3
split_gain=171.509 140.433 237.754 119.833 123.623 108.637 72.5975 59.0344 83.0593 58.6826 71.6176 52.6803 56.5856 44.0655 40.5014 38.3671 37.1833 44.5736 36.9414 33.796 53.6406 44.3659 40.6792 38.6558 30.5416 30.1445 29.6007 29.2998 44.3358 26.8127 93.7934 78.1948 26.6002 26.5278 30.0674 28.4753 25.8375 33.1001 32.8064 25.5935 39.1351 35.0656 26.7997 25.2181 24.9235 24.7489 24.7095 28.7388 24.5226 24.4317 53.0706 63.5765 23.5256 23.454 32.0272 23.4421 23.0651 22.9177 22.9069 30.9266 22.8808 22.7305
threshold=2.5000000000000004 65.166835784912124 68.863315582275405 0.94444444775581371 97.999198913574233 0.087121214717626586 0.23611111193895343 0.47222222387790685 38.500000000000007 3.5000000000000004 0.31666667759418493 1.0000000180025095e-35 0.098387096077203764 99.775783538818374 32.466217041015632 1.0000000180025095e-35 1.0000000180025095e-35 0.43239469826221472 0.35416667163372045 91.476997375488295 68.13346099853517 68.614070892333999 75.204917907714858 84.680576324462905 89.039035797119155 78.696113586425795 4.5000000000000009 99.31506729125978 0.38750000298023229 0.99998292326927196 45.954339981079109 0.96125608682632457 0.70928296446800243 2.5000000000000004 56.765474319458015 0.26136364042758947 32.305501937866218 63.499586105346687 0.66852828860282909 72.281322479248061 3.5000000000000004 12.500000000000002 0.50150278210639965 39.314987182617195 90.366767883300795 77.500000000000014 0.81534090638160717 0.75967794656753551 1.0000000180025095e-35 93.44086074829103 93.813774108886733 93.142631530761733 90.070423126220717 19.139194488525394 43.703044891357429 0.23611111193895343 93.643951416015639 17.500000000000004 0.61250001192092907 0.26491229236125952 3.5000000000000004 241.50000000000003
decision_type=2 2 2 2 2 2 2 2 2 2 2 2 2 2 2 2 2 2 2 2 2 2 2 2 2 2 2 2 2 2 2 2 2 2 2 2 2 2 2 2 2 2 2 2 2 2 2 2 2 2 2 2 2 2 2 2 2 2 2 2 2 2
left_child=3 2 6 15 27 14 33 8 11 36 16 57 -13 39 -3 -1 17 -11 19 20 21 22 55 -21 25 26 -16 -5 -29 32 -31 -32 -17 34 -2 -36 38 43 -4 40 -9 -42 61 -38 -43 -8 -25 49 -12 -48 51 -51 -44 54 -37 -14 -23 60 59 -54 -7 -41
right_child=1 5 9 4 -6 7 45 13 -10 10 48 12 18 -15 24 29 -18 -19 -20 23 -22 56 -24 46 -26 -27 -28 28 -30 30 31 -33 -34 -35 35 53 37 -39 -40 42 41 44 52 -45 -46 -47 47 -49 -50 50 -52 -53 58 -55 -56 -57 -58 -59 -60 -61 -62 -63
leaf_value=-0.0085922782564941385 -0.087607434702449249 -0.051976524820899817 0.023641890799572164 0.02047529562777042 0.092838279641257057 0.075180589852098287 0.018329444744126712 0.051227214717728356 -0.060752598967839723 0.061325023839300621 0.20119289948715721 -0.089610889643256628 -0.093174339797528802 0.056601541954185333 0.0071955987320263901 0.01480665780423724 -0.059098940714336461 -0.033442324970091912 -0.075685022457821619 -0.42418356414428832 0.024547909678904377 -0.072206855630112324 0.05022867703150017 -0.031132075037667267 0.10044742531092095 0.024575796111232621 0.14034851172091542 -0.11731479193013412 -1.2278582643200573 -0.061448878317190717 0.10732878892643299 -0.0087966934048434309 -0.00054055754658779542 -0.095955609218948135 -0.061261846742875437 1.5469153296201825 -0.020246136601067406 -0.02746130545116586 -0.027635587843658851 0.0054404352143642715 -0.0067936006446859673 -0.083018242105064644 -0.038649025394333417 0.057929955302164896 0.073748399311749119 -0.069969670432568187 -0.12538474222462079 0.0013409826922149916 0.038098452849537112 -0.37669525521866309 -0.11593082364224475 -1.5159922754596358 -0.045245545310032789 0.071514081721469197 0.26924455651365758 -0.0098307313758749949 0.057309037106824036 -0.06078796116135491 -0.008982260227004173 0.051140289733366234 0.015804261591693496 -0.02724306873149826
leaf_weight=1327.1875957948796 61.780306152591947 42.276260113314493 670.88646698833327 707.55437577480916 337.73008197336458 89.817179785342887 101.11032421034179 219.69167755061062 393.30348485891591 64.242354809161043 14.672834779717958 104.3002627195674 41.258622024703072 133.55433892272413 25.277644382353174 2788.843459348398 407.54315963483532 218.23124123568414 86.084500202734489 2.8400040564592919 431.73480314388871 173.23664835561067 105.25333619516459 92.335658178897575 96.577722848567646 323.89215867576422 49.175132116593886 1.7616651048883789 0.45165166375227261 73.43814548762748 166.1311811505584 89.077224542968906 1897.8934143393417 549.69401179937995 22.781822122371523 0.24245800584322097 71.901269214606145 440.94433484840556 153.27394921646919 3071.1686038182233 582.39423102280125 11.400281494017689 253.13017974817194 96.837198275112314 91.847822143463418 46.268177753750933 4.6937981958035362 5.9000019854865959 24.803108464693651 1.2547890031710269 2.2125403059180826 0.80341654201038171 44.034704623860307 22.627262890600832 1.0281452616036402 185.39927239107783 14.935653109452685 28.815947102266364 3256.5527177967597 136.42032878473401 233.94130986419623 228.63117369438987
leaf_count=46842 86195 5236 59005 77392 229380 1839 60015 9260 400880 19849 801 91783 6485 37999 2005 102025 331229 13003 3140 91 17000 14989 4724 2358 13346 14286 4615 209 87 4013 8076 6695 54841 1399757 24943 78 10876 28047 3016 76612 25721 921 7984 5618 3019 74447 494 870 440 175 236 99 887 6297 369 11735 1706 8311 54939 3754 41744 4497
internal_value=-0.000549864 -0.00724034 -0.0264561 0.011702 0.0430363 -0.00184008 -0.0728317 -0.00418731 -0.0195683 -0.00918788 -0.0322784 -0.00947493 -0.0190887 -0.000359472 0.0419715 0.00652706 -0.0397728 -0.0118896 -0.0126811 -0.00757343 -0.00150749 -0.0231368 -0.00114524 -0.0600421 0.0499966 0.0377649 0.0951414 0.0193389 -0.343933 0.010528 0.0381394 0.0667967 0.00859181 -0.0870377 -0.0418405 0.0187318 0.0025598 -0.0130475 0.0141055 -0.00132301 0.0144972 0.00272831 -0.00337204 0.0246183 0.0564388 -0.00939128 -0.0503951 -0.170053 0.0987191 -0.282856 -0.455927 -0.821418 -0.00922736 0.0949898 0.513051 -0.0250018 -0.0619269 0.0246703 -0.0070605 0.0276202 0.0322765 0.00317591
internal_weight=20923.1 13533 2968.87 7390.07 1047.5 10564.1 805.533 10026.9 1998.12 2163.34 729.493 1604.82 1252.24 8028.83 537.199 6342.57 690.017 282.474 1147.94 1061.86 951.818 520.084 331.911 110.04 494.923 398.345 74.4528 709.768 2.21332 5015.38 328.647 255.208 4686.74 658.154 108.46 46.6797 1433.84 609.683 824.16 7895.27 905.334 685.642 6989.94 168.738 103.248 147.379 107.2 14.8645 39.4759 8.96454 4.27075 2.05821 3690.14 23.8979 1.2706 226.658 188.172 352.574 3437.01 180.455 323.758 3299.8
internal_count=3527285 2997725 2123985 529560 307068 873740 1652101 834252 608659 471884 365322 207779 155885 225593 39488 222492 364081 32852 64102 60962 56639 39639 22944 4323 34252 20906 6620 77688 296 175650 18784 14771 156866 1517639 117882 31687 106562 44541 62021 187594 38921 29661 148673 16494 3940 134462 4232 1874 1241 1004 510 274 67564 6744 447 18220 16695 51894 59580 4641 43583 81109
is_linear=0
shrinkage=0.1


Tree=66
num_leaves=63
num_cat=0
split_feature=1 6 25 10 16 26 27 16 23 17 6 3 25 11 3 14 11 4 16 3 3 10 18 21 11 3 16 6 3 14 27 16 11 17 3 3 21 17 0 15 17 27 25 27 17 18 3 0 3 8 11 16 15 21 0 4 14 11 15 8 21 8
split_gain=146.993 97.3074 96.6502 187.269 66.2265 56.4263 51.9376 48.4778 46.655 44.6962 44.8259 107.221 41.5831 39.0512 35.1441 36.0305 34.1966 30.2728 27.1526 26.9708 26.5022 54.5229 29.8405 44.1812 37.8779 75.8544 43.5301 41.1508 39.1946 35.7763 35.7538 69.5586 30.3051 28.6147 27.2187 39.408 26.9924 25.6139 31.3801 26.7075 65.7665 38.3378 38.1488 37.6951 34.5257 34.9843 29.7311 42.9272 34.9831 35.5121 32.452 28.8092 28.6614 25.9598 25.6143 41.1275 25.3022 35.3102 24.2912 27.7736 25.3805 23.7825
threshold=11.500000000000002 53.694938659667976 1.0000000180025095e-35 97.726097106933608 68.588039398193374 1.5000000000000002 1.0000000180025095e-35 98.31455230712892 0.23611111193895343 99.839229583740249 39.369100570678718 4.5000000000000009 2.5000000000000004 0.84523808956146251 2.5000000000000004 9.5000000000000018 0.31666667759418493 1.0000000180025095e-35 99.775783538818374 44.500000000000007 171.50000000000003 90.366767883300795 0.74342104792594921 8.5000000000000018 0.31666667759418493 13.500000000000002 97.309360504150405 74.322341918945327 151.50000000000003 3.5000000000000004 1.0000000180025095e-35 98.601333618164077 0.47222222387790685 96.571319580078139 29.500000000000004 106.50000000000001 6.5000000000000009 97.315315246582045 0.84520214796066295 91.23447418212892 93.367176055908217 1.0000000180025095e-35 1.5000000000000002 1.0000000180025095e-35 95.489685058593764 0.55277779698371898 19.500000000000004 0.3950080424547196 9.5000000000000018 90.070423126220717 0.38750000298023229 94.347229003906264 96.164356231689467 4.5000000000000009 0.62948855757713329 1.0000000180025095e-35 12.500000000000002 0.47222222387790685 73.965469360351577 89.039035797119155 9.5000000000000018 33.549783706665046
decision_type=2 2 2 2 2 2 2 2 2 2 2 2 2 2 2 2 2 2 2 2 2 2 2 2 2 2 2 2 2 2 2 2 2 2 2 2 2 2 2 2 2 2 2 2 2 2 2 2 2 2 2 2 2 2 2 2 2 2 2 2 2 2
left_child=2 4 3 13 -2 9 7 17 -5 10 11 -4 20 14 -1 19 18 -7 -11 -16 22 -22 23 24 25 36 27 29 37 32 -24 -32 -26 -28 -34 -36 -12 39 -39 40 43 -42 44 46 52 -46 47 -29 49 50 -49 -47 53 -41 55 -48 -31 -58 59 60 -3 -20
right_child=1 58 5 8 -6 6 -8 -9 -10 16 12 -13 -14 -15 15 -17 -18 -19 61 -21 21 -23 30 -25 26 -27 33 28 -30 56 31 -33 34 -35 35 -37 -38 38 -40 42 41 -43 -44 -45 45 51 54 48 -50 -51 -52 -53 -54 -55 -56 -57 57 -59 -60 -61 -62 -63
leaf_value=0.015100020152709401 -0.087298177669430654 -0.048622051532988902 0.00362794879584632 0.015526985681234513 -0.025778983693392422 -0.08189293399215708 0.068345957152883163 0.10390306205658476 0.086715335781603703 0.11865002010501963 -0.02624117802342112 -0.069348915190210067 0.027044787709198964 0.095478411662778276 0.0066391382550971701 -0.034806065385887035 0.092437484815602655 -0.028014849839910323 0.022458373836150722 -0.074075296569674542 -0.048124403086373418 0.011282310624915257 -0.0080373442597799199 0.018519301528017187 0.011891314410864572 -0.099085032822827282 0.06852315455363199 0.043348095781323592 0.085572873315799602 -0.0041298993443834205 -0.13131572519303333 0.011461801981149213 0.042343121400563094 -0.0063500035131807842 0.18414958233030379 -0.0028697558707880804 0.029175018902591901 0.069326753930430252 -0.038676349828069327 -0.17538526659289858 0.066050091068737216 -0.15423551650969641 0.059093410176464779 0.041767161021361132 0.098698502514502975 0.035505269482833918 0.0060661003479246522 0.018639684165322488 -0.031443840285415983 -0.0030231812463008844 -0.058212600176529954 -0.02294560694776672 0.10672789838808792 -0.043840514359259251 -0.022112999365642722 0.067613601840825363 -0.06954755391083782 0.07384606661378465 0.028384224776864603 -0.0048257587796713304 0.0067789423001244457 -0.095702404370495375
leaf_weight=1877.1499700520362 340.11370634997729 339.45264074180159 569.42017273863894 117.76260891975835 360.43170668842504 123.08009926148225 55.049392358807381 25.462181702954695 421.83669514628127 17.298181530903094 235.94685485729133 311.45075914182235 591.37471974134678 49.80351507361047 978.35164295276627 329.47650982180494 91.901280907099135 682.97883814043598 46.751750240335241 43.228337659995304 329.20171451568604 291.10850342537742 831.90676763246302 1482.3522038663214 329.41359534661751 112.83370288388687 156.68270341947209 142.13653039722703 49.515615104581229 790.8529830139596 71.531255559180863 65.244675243389793 261.39948151668068 75.70606795232743 34.056317598558962 16.83754468569532 140.07792263981537 97.347602848429233 37.175165878143162 15.564717568457125 179.92063465574756 8.2633618405088765 59.896963928826153 175.76174326334149 29.363855419214815 101.43297811411321 1238.2935456182458 72.483999459131155 772.53536997537594 2312.1867875477765 227.07261323486455 499.91006807936355 12.217330229934303 415.08720197668299 272.90021706558764 119.00452109740581 21.185725491202902 90.661439958494157 144.59436258353526 928.15211145277135 109.32432101396262 26.797146836877801
leaf_count=159466 907703 222321 103890 11245 199668 136433 4435 588 235408 482 43506 510832 46238 15983 148170 61218 17842 18843 1347 25352 137953 1901 15628 63946 35737 152245 8258 6412 1158 31800 929 10983 3742 1819 642 831 13517 1174 355 106 2024 120 461 7273 281 640 14902 864 9656 32027 2724 2656 103 3632 2112 1067 3007 1693 2839 32112 45361 1625
internal_value=-0.000502153 -0.0248064 0.00241168 0.0165899 -0.0556465 -0.00126627 -0.0257226 -0.0319503 0.0711791 0.000301498 -0.00035635 -0.0221746 0.00114908 0.00760389 0.0062482 -0.00605047 0.0494285 -0.0362417 0.00592035 0.00322369 -0.000108737 -0.0202451 0.000972272 0.00250953 -9.73311e-05 -0.0271753 0.00143923 0.000255669 -0.00307412 0.0149988 -0.0158273 -0.0632082 0.0330506 0.0441315 0.0553698 0.122277 -0.00559736 -0.00372071 0.0394803 -0.00459409 -0.00172339 0.0563771 -0.0185758 -0.0037738 -0.0229091 -0.0078819 -0.00532605 -0.0104888 -0.0127499 -0.0072203 -0.0396166 -0.0130863 -0.04431 -0.0485948 0.0058418 0.0114624 0.0021662 0.0466849 -0.0106069 -0.0147014 -0.0351261 -0.0205929
internal_weight=20756.3 2222.07 18534.2 3817.61 700.545 14716.6 886.571 831.521 539.599 13830.1 13647.3 880.871 12766.4 3278.01 3228.21 1351.06 182.748 806.059 90.8471 1021.58 12175.1 620.31 11554.8 10586.1 9103.73 488.858 8614.87 8382.48 6838.07 1544.41 968.683 136.776 641.707 232.389 312.293 50.8939 376.025 6788.56 134.523 6654.03 5520.56 188.184 1133.47 5332.38 1073.58 630.707 5156.61 3526.42 3384.28 2611.74 299.557 601.343 442.869 430.652 1630.2 1357.3 902.7 111.847 1521.52 1376.93 448.777 73.5489
internal_count=3527285 1410004 2117281 656842 1107371 1460439 160299 155864 246653 1300140 1278844 614722 664122 410189 394206 234740 21296 155276 3454 173522 617884 139854 478030 450490 386544 209268 177276 167199 89747 77452 27540 11912 40952 10077 5215 1473 57023 88589 1529 87060 79181 2144 7879 77037 7418 3577 69764 51683 45271 35615 3588 3296 3841 3738 18081 15969 36500 4700 302633 299794 267682 2972
is_linear=0
shrinkage=0.1


Tree=67
num_leaves=63
num_cat=0
split_feature=1 6 16 23 8 11 11 21 3 8 11 26 18 18 15 21 2 3 8 11 3 2 26 0 16 18 18 1 26 3 10 18 6 8 3 15 14 14 6 24 3 14 3 16 24 17 8 0 10 18 16 16 2 15 0 26 18 0 2 8 2 15
split_gain=127.24 104.842 213.163 93.1156 111.625 63.9735 92.7175 103.252 47.9342 39.1125 37.4915 37.2627 136.172 71.7878 59.5416 72.6971 45.9066 37.2336 36.8076 35.7055 35.1917 36.0774 33.6287 37.0116 34.3717 33.291 32.5338 32.4108 30.5669 30.0394 29.3777 28.986 27.6904 49.2609 27.3088 44.4337 27.1335 34.3092 26.7638 26.1681 25.6567 24.8144 24.4675 24.2804 31.8342 32.2649 23.7609 23.747 23.6363 23.1366 36.9396 22.7152 22.5132 77.7898 71.9562 27.3164 47.2774 36.9169 32.4229 30.7393 29.9137 21.6211
threshold=2.5000000000000004 43.792808532714851 70.986831665039077 0.86607143282890331 97.999198913574233 1.0000000180025095e-35 0.31666667759418493 7.5000000000000009 1.5000000000000002 43.557312011718757 0.31666667759418493 1.0000000180025095e-35 0.051315790042281158 0.30901856720447546 1.0000000180025095e-35 7.5000000000000009 0.82333707809448253 2.5000000000000004 97.825057983398452 0.31666667759418493 17.500000000000004 0.86771520972251903 1.0000000180025095e-35 0.38631801307201391 91.53735733032228 0.046536797657608993 0.87867647409439098 1.0000000180025095e-35 1.5000000000000002 29.500000000000004 56.294013977050788 0.19399641454219821 35.767591476440437 77.871940612792983 54.500000000000007 31.314825057983402 9.5000000000000018 2.5000000000000004 30.877573013305668 1.5000000000000002 57.500000000000007 1.5000000000000002 1.5000000000000002 58.633653640747077 2.5000000000000004 43.513322830200202 17.467581748962406 0.49809597432613378 68.237251281738295 0.21583850681781772 47.089620590209968 71.89255523681642 0.99998292326927196 45.954339981079109 0.96125608682632457 1.0000000180025095e-35 0.1490740776062012 0.79730346798896801 0.49023877084255224 86.425064086914077 0.78347784280776989 71.564128875732436
decision_type=2 2 2 2 2 2 2 2 2 2 2 2 2 2 2 2 2 2 2 2 2 2 2 2 2 2 2 2 2 2 2 2 2 2 2 2 2 2 2 2 2 2 2 2 2 2 2 2 2 2 2 2 2 2 2 2 2 2 2 2 2 2
left_child=3 2 19 27 -5 9 7 48 38 30 20 13 -13 14 16 39 17 -8 -15 42 21 22 23 -10 -24 -17 34 -1 29 49 -3 -21 33 -33 35 -14 37 -9 -4 -16 47 -27 43 -2 45 -45 -26 -39 -7 50 -11 -43 55 -54 -55 56 -29 60 -58 -60 -57 -36
right_child=1 5 8 4 -6 6 11 36 10 28 -12 12 26 18 15 25 -18 -19 -20 31 -22 -23 24 -25 46 41 -28 52 -30 -31 -32 32 -34 -35 61 -37 -38 40 -40 -41 -42 51 -44 44 -46 -47 -48 -49 -50 -51 -52 -53 53 54 -56 57 58 -59 59 -61 -62 -63
leaf_value=-0.0082278704623213166 -0.0848313420884165 -0.036151764993274348 0.036088107081678304 0.01710646443323742 0.091072563231680351 -0.089476787120396473 0.046471121915711566 -0.066181793973247832 0.060968295770158491 -0.068790648789964645 0.10753881843275324 -0.098663047314358057 0.09537274910309021 0.019323472861357514 -0.10112727354280462 -0.1212243028887165 -0.048421207770303197 0.0025172623570028775 0.080875029333823595 -0.015377714892502101 -0.081037348559893307 -0.092687220801840386 -0.065518672130292721 -0.0077137252448221246 0.081727970273194367 0.069633757658120674 -0.13341381299461244 0.0092623006997421941 -0.037174595474294629 -0.071605785536290795 0.086509661558776721 2.474721145850193 0.20537356282015368 -0.018129402612785013 -0.10473634588055765 -0.0050543729826945738 -0.056354816774253982 0.090201421280756672 -0.0099569007772012108 0.15958860054959703 -0.063709525056736258 0.040595726398858681 -0.091328375212491805 1.2429853199107281 0.98087505695845456 0.032243367391762069 -0.019812370084689921 0.010213715634920378 -0.025235187808403132 0.04276725243020283 0.1630097452846748 -0.080898731023279602 -0.055793556293167602 0.10383636020432163 -0.0094699101550284135 0.00020125804817076152 0.15164528306001002 -0.015632461502430289 0.015673366933006264 0.079895342689694629 0.024062557689553562 0.085661121408986254
leaf_weight=1320.7978831700457 24.082871645572595 134.92398047578172 311.09174047585111 697.18956428612 288.44452769239433 286.28009006660432 200.68157733872067 36.055439797637518 90.322628630558029 8.515467647725016 23.131906613998581 164.55457632953767 44.646617449179757 245.77610723144608 141.12365735607455 17.78364080467145 171.00029842415825 4861.8423726484762 160.6626840227982 49.732254882750567 90.366209642030299 58.548850825987756 192.99508729018271 597.4397615060152 26.412918949441519 62.216057055513375 19.784992000553757 1205.5878195941623 50.150902290712111 21.457414485455956 22.829186909977579 0.15529567343764883 2.2911104379454628 0.16192325943848118 42.927493371011224 3333.5137432871852 55.26298046609736 85.294124904379714 212.44038707757136 3.9577632959699249 20.547211595781846 30.895945522439433 495.13740224001231 0.22236912552035093 0.36927789764013041 21.603739968501031 180.75925465128967 65.710155796958134 71.596080136019737 483.84168006764958 35.683488926966675 30.659955135080963 72.181323446216993 153.62923109123949 88.240519504761323 1443.3505661574018 29.556529519817559 841.82972249831073 181.80851903493749 126.30617140827235 826.09361325175269 6.9266207884065798
leaf_count=46824 18937 41433 7062 77704 229408 357174 2688 17473 16024 7092 692 105478 2383 28475 21474 4056 7828 230373 48634 23469 124511 3501 178546 26386 2177 4171 647 37770 7608 12842 1684 67 329 37 7462 62038 24817 21353 5778 183 30908 2194 1437459 41 37 5518 34484 2233 18237 34479 6126 1014 4013 8072 6693 41742 2404 17745 11366 25472 20347 113
internal_value=-0.000458077 -0.00627621 -0.0253066 0.010174 0.0387525 -0.00213223 -0.00422234 -0.0416708 -0.00802899 0.0259043 -0.0185966 -0.00178538 -0.00979099 0.00309416 0.000107782 -0.04427 0.00253833 0.00425962 0.0436544 -0.0772046 -0.0209556 -0.0162199 -0.0121047 0.00130616 -0.0351537 0.00671411 -0.00554936 0.00569532 0.0375599 0.0443806 -0.0184009 0.00166492 0.326612 1.20225 -0.00481138 -0.0037271 0.00591621 0.0224922 0.0174038 -0.094015 0.041129 0.0250964 -0.0848292 -0.0152942 0.0601564 0.0445787 -0.00686673 0.0553944 -0.0766247 0.0490939 0.118351 -0.0199186 0.00939652 0.0353109 0.0624992 0.00764803 0.0185254 0.00225263 0.0515973 0.042 0.00888694 -0.0782829
internal_weight=20569.4 13294.4 2377.26 7275.02 985.634 10917.1 10159.7 620.746 1783.51 757.402 1259.98 9538.95 3612.35 5926.6 5520.16 286.637 5233.52 5062.52 406.439 593.756 1236.84 1146.48 1087.93 687.762 400.167 141.556 3447.8 6289.38 599.649 549.498 157.753 52.3406 2.60833 0.317219 3428.01 3378.16 262.87 207.607 523.532 145.081 171.551 123.772 541.416 46.2783 22.1954 21.8261 207.172 151.004 357.876 528.041 44.199 61.5559 4968.58 314.051 241.87 4654.53 1543.26 3111.27 337.671 308.115 2269.44 49.8541
internal_count=3527285 2997725 1885055 529560 307112 1112670 1001406 472195 399161 111264 386321 529211 178121 351090 273981 33092 240889 233061 77109 1485894 385629 261118 257617 42410 215207 11435 72643 222448 68147 60539 43117 23902 433 104 71996 64421 96784 71967 12840 21657 54494 7379 1461992 24533 5596 5559 36661 23586 375411 47697 13218 3208 175624 18778 14765 156846 77012 79834 39242 36838 62089 7575
is_linear=0
shrinkage=0.1


Tree=68
num_leaves=63
num_cat=0
split_feature=9 16 25 10 6 10 16 6 26 11 3 16 11 11 6 14 10 6 10 10 6 14 22 21 16 6 15 21 11 18 11 14 18 9 14 27 0 9 6 22 18 9 14 26 0 4 9 10 4 3 26 0 24 0 16 18 3 9 6 25 3 15
split_gain=126.989 143.989 129.227 111.354 73.9376 79.7273 58.9594 57.4456 48.5236 42.5359 182.766 81.3985 63.6889 58.324 43.1173 50.9094 40.9735 44.7008 38.2262 35.1564 35.8039 34.9221 34.5612 68.6411 56.2808 32.1829 31.7858 31.1544 37.355 38.9562 34.6769 40.2742 30.7362 30.5929 35.5694 29.3829 29.2464 44.219 100.68 28.8548 27.0626 26.8897 26.651 26.1191 35.8152 50.0848 28.5953 28.3578 26.07 32.7506 26.0053 30.6551 60.779 68.5935 25.9742 25.9539 25.345 24.9699 56.6582 70.6178 132.294 24.9485
threshold=42.488718032836921 64.722881317138686 1.0000000180025095e-35 97.726097106933608 21.132376670837406 22.903981208801273 65.52698135375978 26.158231735229496 2.5000000000000004 0.47222222387790685 13.500000000000002 99.775783538818374 0.35416667163372045 0.31666667759418493 68.614070892333999 3.5000000000000004 28.370221138000492 30.341388702392582 31.851119995117191 97.726097106933608 94.957626342773452 9.5000000000000018 8.5000000000000018 10.500000000000002 88.478557586669936 33.534135818481452 83.375209808349624 5.5000000000000009 0.31666667759418493 0.2806250005960465 0.15476191043853763 5.5000000000000009 0.94868421554565441 80.243904113769545 4.5000000000000009 1.0000000180025095e-35 0.30051775276660925 42.967033386230476 38.757823944091804 8.5000000000000018 0.08893280848860742 75.93103408813478 12.500000000000002 1.0000000180025095e-35 0.89007371664047252 1.0000000180025095e-35 73.746868133544936 42.488718032836921 1.0000000180025095e-35 153.50000000000003 1.0000000180025095e-35 0.94227582216262828 1.0000000180025095e-35 0.99999991059303295 94.146202087402358 0.90692642331123363 5.5000000000000009 75.93103408813478 68.801231384277358 3.5000000000000004 32.500000000000007 98.048732757568374
decision_type=2 2 2 2 2 2 2 2 2 2 2 2 2 2 2 2 2 2 2 2 2 2 2 2 2 2 2 2 2 2 2 2 2 2 2 2 2 2 2 2 2 2 2 2 2 2 2 2 2 2 2 2 2 2 2 2 2 2 2 2 2 2
left_child=1 -1 3 21 -3 -6 -5 56 9 10 12 14 19 -12 15 -11 -9 -18 -19 20 22 25 23 -4 -24 -2 48 28 41 -30 31 -29 -23 34 39 -26 37 38 -33 -16 -25 -27 -17 44 47 -46 -45 -32 49 57 -8 -52 53 -53 -42 -13 -7 58 -15 -60 -61 -54
right_child=2 4 8 6 5 7 50 16 -10 11 13 55 -14 26 33 42 17 18 -20 -21 -22 32 24 40 35 27 -28 30 29 -31 43 36 -34 -35 -36 -37 -38 -39 -40 -41 54 -43 -44 46 45 -47 -48 -49 -50 -51 51 52 61 -55 -56 -57 -58 -59 59 60 -62 -63
leaf_value=-0.096906039511144612 0.076076415133700656 0.019944431469248097 0.0033018639612480793 -0.0038498825555288185 -0.10348807168328696 0.033916213121525839 0.098325701944384281 -0.083324526828986639 -0.065192171156790699 0.058081302727653487 -0.08001786266956934 0.089729845968982397 -0.065370680233772405 0.018871314630301728 0.009192639909227104 -0.0027594533899636536 0.016875234616343063 -0.10100913559020808 -0.023573226785887958 0.10002299433367434 -0.085906848882337669 -0.02107937771386045 -0.075849389735474226 0.0093225312900252037 0.0072159045949974458 -0.074025529893310613 0.10637820325649079 0.018577228921684032 -0.094662919730392703 0.027959274023306353 0.17688472756430962 -0.10046680879688284 0.030058547734144382 -0.00019709543098724003 -0.10050863468597358 -0.071451755868616892 0.068556625061415993 0.24962627752400759 5.4076604112491866 -0.15992935668590869 0.096783239091036061 0.042290296429788647 0.049954350394535552 -0.052546423844229612 -0.65741339641007901 0.086903028765209764 0.0073011650865355106 0.00835635421524023 -0.096137589908775939 -0.06423701740073659 0.067249117203482631 -0.18197286339395158 0.042881143856644668 -1.0948843476299632 0.016411421395465382 -1.2204328445700074 -0.053817742689831576 -0.025997564728151831 0.25430245439559795 4.656110034964029 -0.10037399669372188 -0.85643049021880602
leaf_weight=247.95738853236253 93.412673665807233 437.32279963018664 1778.2275848305435 104.32119749265257 126.43200391641585 222.1420850022696 271.1819456431549 136.54101113096112 119.58570668568427 270.60462193965213 397.91107448458206 108.39679852826521 137.56716102093924 78.32263018633239 100.60042746301042 542.28904024756048 189.75880752441299 86.814620253426256 239.94584767869674 37.871415713219903 44.549095653695986 471.10738324995327 125.90343036140257 88.906749443965964 449.80932627816219 107.74665497484966 17.337885795393959 293.7587574699719 29.418460777407745 217.13203074183548 10.281311371669288 0.084939337553804672 156.6043478451902 10520.750465782941 65.627960968005937 53.082010810059728 224.51960267624236 5.9306950347527163 0.054461644904222339 11.212723592878318 150.80251747762668 24.370423157030018 116.51783797022654 100.5059551508748 0.91215812787413497 101.66022508812603 388.2066173357307 345.85400011891034 54.487125596322585 116.52144677494653 111.80540391488466 4.5877798618748811 19.129973950213756 1.0029849484562872 54.829971759638283 0.15141148678958316 38.657478777764481 130.35536936446442 6.9567678284947752 0.10510900826193381 0.13179513771319762 0.31353372288867731
leaf_count=817832 13969 60638 321630 1863 47056 19679 216671 63627 39052 7970 739802 37088 4951 45940 3141 21711 48067 43516 82781 3193 639 67306 62476 20451 7165 27938 280 41675 2920 45681 1837 203 22114 169629 1672 833 22140 3757 75 97 14417 3589 3275 7898 13 38310 15503 54658 2425 116927 23094 401 5502 74 1900 39 32005 65156 2846 26 81 81
internal_value=-0.000435031 -0.0263896 0.00196468 0.0206675 -0.0145563 -0.0290599 0.0632392 -0.0187628 -0.0017375 -0.00124666 -0.0105589 0.00170794 0.00104967 -0.0528399 0.000903281 0.0215633 -0.0346068 -0.0217284 -0.0441466 0.00433175 0.00301208 0.0121858 0.00447836 0.0107081 -0.0160573 0.018808 -0.0260861 0.015917 -0.00966376 0.013328 0.0224986 0.0431316 -0.00832126 -0.000891574 -0.0420682 -0.00108775 0.0744124 0.291006 2.05147 -0.00776707 0.0554216 -0.0525698 0.00656361 0.0110793 0.0282175 0.080284 -0.00500676 0.0132216 -0.0320224 -0.0215124 0.0803922 0.0448525 -0.0551727 -0.345749 0.0753528 0.0879023 0.0209117 0.00154917 0.0435396 0.312121 2.00997 0.0283794
internal_weight=20388.9 1725.57 18663.3 3083.9 1477.61 1040.29 512.343 913.86 15579.4 15459.8 3723.68 11736.2 2921.55 802.129 11627.6 929.412 653.06 516.519 326.76 2783.98 2746.11 2571.56 2701.56 2072.77 628.795 1943.85 404.218 1850.44 378.668 246.55 1471.77 524.348 627.712 10698.2 177.441 502.891 230.59 6.0701 0.139401 111.813 294.539 132.117 658.807 947.42 458.708 102.572 488.713 356.135 386.88 332.393 408.022 136.84 25.0343 5.59076 205.632 108.548 260.8 215.872 85.5163 7.19367 0.236904 19.4435
internal_count=3527285 1215201 2312084 617272 397369 336731 247686 289675 1694812 1655760 1411138 244622 437655 973483 207495 32956 237991 174364 126297 432704 429511 369586 428872 358398 70474 280166 233681 266197 80128 48601 186069 67850 89420 174539 4910 7998 26175 4035 278 3238 36768 31527 24986 118219 94818 38323 23401 56495 233401 230976 245823 29152 6058 475 16317 37127 51684 114049 48893 2953 107 5583
is_linear=0
shrinkage=0.1


Tree=69
num_leaves=63
num_cat=0
split_feature=9 16 24 6 10 11 3 26 16 11 26 16 15 8 21 16 10 22 3 15 11 11 6 14 14 11 5 8 11 0 16 9 22 0 11 21 18 9 0 21 15 3 14 16 18 15 16 26 18 3 15 3 3 8 9 14 14 14 14 14 10 5
split_gain=105.898 135.067 84.7584 61.1888 69.9316 58.3303 138.372 88.0835 83.5606 57.834 132.804 72.5601 75.9518 50.9408 49.6253 65.262 47.011 43.1446 42.3829 40.1524 39.2361 36.6489 33.3581 39.8917 35.6341 33.1383 31.6466 31.3043 31.1563 37.0829 30.5571 30.094 29.5653 48.9514 36.9975 42.7045 43.0431 34.0051 30.9482 30.6351 29.9861 28.6199 25.9643 24.8364 24.3848 46.9615 24.3367 42.451 33.9963 23.9929 35.3289 45.7659 30.6096 25.5408 38.1533 23.8466 24.7729 23.6258 23.5213 43.2539 23.9205 23.5202
threshold=42.488718032836921 64.722881317138686 1.0000000180025095e-35 21.132376670837406 22.903981208801273 0.47222222387790685 13.500000000000002 1.0000000180025095e-35 72.240142822265639 0.86607143282890331 1.0000000180025095e-35 44.843700408935554 51.524446487426765 32.049383163452156 6.5000000000000009 94.146202087402358 98.147510528564467 9.5000000000000018 5.5000000000000009 43.703044891357429 0.35416667163372045 0.19090909510850909 72.281322479248061 3.5000000000000004 10.500000000000002 0.31666667759418493 1.0000000180025095e-35 72.57053375244142 0.087121214717626586 0.96125608682632457 62.466930389404304 88.303691864013686 9.5000000000000018 0.85634639859199535 0.23611111193895343 6.5000000000000009 0.85357144474983226 86.72955703735353 0.69480258226394664 7.5000000000000009 89.672946929931655 1.5000000000000002 18.500000000000004 81.023571014404311 0.41277891397476202 1.0000000180025095e-35 97.15900039672853 1.0000000180025095e-35 0.78759399056434642 19.500000000000004 1.0000000180025095e-35 43.500000000000007 8.5000000000000018 89.512962341308608 89.039035797119155 18.500000000000004 2.5000000000000004 4.5000000000000009 10.500000000000002 5.5000000000000009 97.726097106933608 1.0000000180025095e-35
decision_type=2 2 2 2 2 2 2 2 2 2 2 2 2 2 2 2 2 2 2 2 2 2 2 2 2 2 2 2 2 2 2 2 2 2 2 2 2 2 2 2 2 2 2 2 2 2 2 2 2 2 2 2 2 2 2 2 2 2 2 2 2 2
left_child=1 -1 5 -3 -5 6 7 41 -9 11 30 -4 14 18 -13 17 28 27 -6 -12 58 -15 23 -7 -25 -8 -17 42 29 31 -11 55 33 34 35 36 -30 38 -38 -35 57 -2 43 61 45 -27 49 -48 -49 52 51 -51 53 54 -24 56 -14 -36 59 60 -10 -16
right_child=2 3 9 4 13 22 25 8 20 10 19 12 16 21 15 26 -18 -19 -20 -21 -22 -23 46 24 -26 44 -28 -29 32 -31 -32 -33 -34 39 40 -37 37 -39 -40 -41 -42 -43 -44 -45 -46 -47 47 48 -50 50 -52 -53 -54 -55 -56 -57 -58 -59 -60 -61 -62 -63
leaf_value=-0.096568855675798843 0.078088315460730418 0.017929755535578039 -0.077015844715779214 -0.098510300526389816 0.0094099506986616184 0.045755094141797417 -0.076135541186202915 -0.075139402808661215 -0.011348806810610066 0.0020720953657799193 0.10298322373085717 -0.010541678275049152 -0.017108602910309498 -0.059799585237095138 0.18709368621588274 0.067160903130163194 0.10129319614838142 -0.093538465210496441 -0.060019372583634822 0.0050197928724654015 -0.077553439060703666 0.20890793957380285 -0.0059123208188387125 -0.011328820095001371 0.030560404157496793 -0.018600665623211349 -0.045018658066928119 0.044931452946139858 -0.12204496795602433 -0.20409608048140312 0.095644321077835159 0.093711816884119226 -0.023034089564219921 0.071112001557671348 0.028399056461770808 -0.006275632448241435 -0.95784259864294286 0.10069087490806175 -0.29720239669628529 -0.010140547226064009 -0.020990403285572251 0.018977496483696829 -0.11304832991769234 0.064260130113162672 0.057197819224562657 -0.1024545244109409 0.09451945503939807 0.025288960923540278 -0.044692305449217345 0.031102348520310338 -0.044580821401195896 0.00067359153744723013 -0.01927733094538862 0.00022700032343330367 -0.07936858565110258 -0.038524810217807556 0.024231952113787689 -0.0061221916737578107 -0.034751236984873139 0.038710711023212011 0.10422421435533845 0.10414810837557958
leaf_weight=225.10585710844316 95.272566804545932 437.7908097980835 100.56090228261019 119.88747808654443 534.17651967990969 338.08038440684322 336.59674402135715 207.10767107241554 727.56945410574554 39.495107152848504 44.236318896058947 144.11465685954317 174.65574761836615 255.55141154990997 55.351793034948059 36.94936911444529 48.086653577745892 14.270535254574495 105.24673880339833 772.11273804493248 73.498415521229617 5.1786251532757879 227.62721856700955 516.20168950146763 334.782425610465 259.95558171640732 78.734753752156394 130.55259918811498 26.023864692208011 7.6782398083014405 299.921360706212 48.24497352092294 657.52985646398156 151.22351241245633 388.97505391470622 37.415903868968599 1.5187046518549321 0.76717802498023946 1.3301590308547018 66.945059637539089 473.77289678773377 583.98344140218978 5.2548817922215667 72.802720831008628 27.777964874869213 89.87929079119931 67.752442818833515 291.91347057046369 91.075233096256852 624.91593283344992 138.76407080120407 2364.47313004639 1354.6190786730149 3927.4397512606229 102.5709773246781 82.997463244464598 852.30134095973335 404.32362539586029 187.99825499707367 262.24425327111385 18.360314375022426 89.405314189178171
leaf_count=817832 5392 60638 107015 47056 64284 12058 711256 254672 28120 891 1602 49930 15428 113857 7422 1576 16140 5805 111350 36718 599 184 3288 22234 9564 176557 3842 3360 1973 118 231437 6835 28801 40594 22800 1175 90 131 94 9128 39989 82600 1480 2328 722 65024 25626 7536 1597 4920 6672 34669 22481 62749 1524 6357 64268 12226 21462 18950 880 11379
internal_value=-0.000455254 -0.0244746 0.00172294 -0.0133424 -0.0267641 -0.00255424 -0.0151718 -0.00253463 -0.0162428 0.012401 0.0321856 0.00689345 0.00897627 -0.0172085 0.0409611 0.056318 0.0031148 0.0769309 -0.00201786 0.0103282 -0.0066356 -0.0544625 0.00093466 0.0166955 0.00515066 -0.0533205 -0.00918864 0.0838152 0.00171625 0.0149427 0.0847561 0.0163948 -0.00526187 0.00226619 -0.00491494 -0.0773035 -0.166965 -0.490248 -0.649384 0.0461796 -0.001084 0.0272684 0.106598 0.111903 -0.0329836 -0.0401443 -0.00110433 0.0215551 0.00864732 -0.00227287 0.00474492 0.00703456 -0.00618443 -0.00201877 -0.0287304 0.0130342 0.0172011 0.0108045 -0.00227807 0.00377733 -0.00850409 0.135865
internal_weight=20241 1682.94 18558 1457.83 1020.04 13250.5 2870.24 2156.03 1476.78 5307.55 1155.77 4151.79 4051.23 900.153 627.437 483.322 3423.79 367.638 639.423 816.349 1269.67 260.73 10380.2 1189.06 850.984 714.21 115.684 353.367 3375.7 1165.88 339.416 1158.2 2209.83 1552.3 1334.13 67.0558 29.6399 3.61604 2.84886 218.169 1267.07 679.256 222.815 217.56 377.613 349.835 9191.15 450.741 382.989 8740.41 3128.15 2989.39 5612.26 4257.64 330.198 1109.95 1026.96 793.299 1196.17 1008.17 745.93 144.757
internal_count=3527285 1215201 2312084 397369 336731 1581152 1366234 412675 324683 730932 270648 460284 353269 289675 87122 37192 266147 31774 175634 38320 70011 114041 214918 43856 31798 953559 5418 25969 250007 93006 232328 92888 157001 128200 78478 3463 2288 315 184 49722 75015 87992 22609 21129 242303 241581 171062 34759 9133 136303 46261 39589 90042 67561 4812 86053 79696 35026 69412 47950 29000 18801
is_linear=0
shrinkage=0.1


Tree=70
num_leaves=63
num_cat=0
split_feature=1 7 26 27 25 10 16 23 17 15 22 7 8 16 16 21 2 21 17 7 16 0 8 22 15 15 17 17 2 10 26 6 15 4 0 7 2 8 0 0 16 21 22 15 10 4 10 2 17 6 16 24 22 26 4 17 16 0 8 15 16 4
split_gain=90.0681 60.8755 59.41 90.5903 52.5168 112.621 42.3498 41.0541 34.1041 29.9809 29.3129 29.216 29.1353 73.5212 27.5518 27.1406 25.323 25.009 24.0406 21.4548 31.6758 28.0337 40.6914 21.7036 21.392 20.4902 19.636 19.0642 29.4168 37.1136 25.2893 20.7825 31.9327 19.5334 19.0447 18.973 18.942 18.6772 18.3407 17.8507 17.1244 17.0323 22.2133 22.7115 22.1201 19.5691 27.0525 27.7459 25.5138 29.5449 18.7559 20.3631 16.8663 17.2585 16.7986 16.474 18.6906 22.7315 40.2018 17.5525 16.4047 16.2986
threshold=12.500000000000002 54.085849761962898 1.5000000000000002 1.0000000180025095e-35 1.0000000180025095e-35 97.726097106933608 68.307834625244155 0.44949495792388922 99.839229583740249 98.048732757568374 10.500000000000002 63.702239990234382 39.314987182617195 70.986831665039077 99.775783538818374 13.500000000000002 0.43254762887954717 8.5000000000000018 44.519517898559577 54.433221817016609 51.445278167724616 0.66852828860282909 54.201978683471687 2.5000000000000004 97.156337738037124 85.120758056640639 93.367176055908217 95.489685058593764 0.73007452487945568 97.182540893554702 1.0000000180025095e-35 92.40384674072267 97.510330200195327 1.0000000180025095e-35 0.87816327810287487 33.549783706665046 0.895481437444687 64.826801300048842 0.99999991059303295 0.83327901363372814 91.53735733032228 5.5000000000000009 11.500000000000002 76.970855712890639 38.757823944091804 1.0000000180025095e-35 39.077413558959968 0.45628459751605993 70.623458862304702 40.862709045410163 90.338954925537124 1.5000000000000002 6.5000000000000009 1.0000000180025095e-35 1.0000000180025095e-35 97.624691009521499 97.489494323730483 0.35988022387027746 26.158231735229496 97.510330200195327 62.128566741943366 1.0000000180025095e-35
decision_type=2 2 2 2 2 2 2 2 2 2 2 2 2 2 2 2 2 2 2 2 2 2 2 2 2 2 2 2 2 2 2 2 2 2 2 2 2 2 2 2 2 2 2 2 2 2 2 2 2 2 2 2 2 2 2 2 2 2 2 2 2 2
left_child=2 6 4 9 5 19 -2 -7 12 10 16 14 13 -6 -10 38 -4 -5 -9 20 -1 22 23 -22 -17 -8 -3 -21 29 -29 33 34 -33 37 -32 -16 -35 -30 -14 55 -12 50 44 -44 -43 46 47 -46 49 -49 51 -25 -23 61 -52 59 57 58 -57 -15 -47 -54
right_child=1 26 3 17 8 7 25 18 11 -11 40 -13 15 39 35 24 -18 -19 -20 27 21 52 -24 41 -26 -27 -28 28 30 -31 31 32 -34 36 -36 -37 -38 -39 -40 -41 -42 42 43 -45 45 60 -48 48 -50 -51 54 -53 53 -55 -56 56 -58 -59 -60 -61 -62 -63
leaf_value=-0.069489355673576642 -0.079838656863420898 -0.01203787268901157 -0.071152554651490632 0.076053804844385398 -0.079847108710599357 0.011719506416319867 -0.037732201494408001 -0.15322636971400852 0.11786953625155061 0.12786014053993686 -0.10932214204874989 0.094405250896488643 0.00041033579754915482 -0.0082970200425291265 0.022029864359174183 0.03069117451754827 -0.017545955609453028 -0.07610756593280564 0.085536063021832948 0.027224574721090446 -0.14310142550612656 -0.032614007172278879 -0.074233413835741821 -0.060592615850419473 -0.057345772255037931 0.025929867609143616 0.05211792349800002 -0.046863995084947319 0.07284282584605159 -0.91979448598249347 0.02650767741182768 -0.10577352251224215 -0.80380740302542975 0.010266856125099824 -0.035812501423932212 -0.079238540468005658 0.071780142800885544 -0.2495696537275004 -0.038954745398967684 -0.13424016270516703 -0.046428436729549612 0.024057299440948175 -0.11249101058319154 0.025446259319688403 -0.10312874143983469 0.2175234143356522 0.10743457799539431 0.64706583179598121 0.51295447782020054 2.7255382494011919 -0.037028914205721006 0.08537479668842711 -0.036296479317638346 -0.023040662216567573 0.035599063747620167 1.5963609483228431 0.0034798344708545006 0.11873651169592943 0.090709120175284388 0.11167101279707391 0.034533367792877155 0.020564460749525816
leaf_weight=62.598891189380083 250.97866263809556 1147.1654820498225 103.14772325189551 106.14045908293338 157.6397870672954 114.01691058394499 240.99501295090886 4.2777198129333547 18.981345720560057 11.505144320894031 69.453251846891362 70.005824555177242 12240.0243323467 629.39777527032129 48.78657771111466 423.42853595245106 604.87811747519299 12.025381150175233 297.57204965868732 769.99508238029375 8.0469004966871562 239.03987372787378 48.071746874717064 67.965595739442506 29.525331138866022 63.979306664143223 49.776867544016568 83.197063177125528 2.9878215519711366 0.48991886922158201 91.278433777624741 4.3366472551133475 0.77203504135832179 93.018804657447618 105.95904105179943 29.802166670211591 108.39317688491428 4.5071691204793751 119.51260765478946 10.390657874901079 114.92723189634853 375.56673785834573 20.761878125122166 28.081724912743084 0.37408138073806074 5.1523899193562093 52.263482453141478 0.13239256039378233 0.48401447903597727 0.14146931632421911 41.645747627073433 11.121069207365506 59.728969190517091 228.38578568903904 135.34834276814945 0.29326292313635249 22.634034969145432 14.894314130739074 0.44860859401524067 12.436704195453784 99.641880599258002 323.12245028978214
leaf_count=118750 827276 228505 77392 12419 484616 11075 168820 73 507 323 53894 17853 736971 159908 1406 22494 55257 3191 231238 84979 428 10909 1809 19972 324 8002 1074 11521 33 92 3096 381 40 26691 1586 1636 49067 83 5497 292 3512 41436 4383 866 255 255 5258 67 61 39 1965 640 2604 3245 2732 70 248 987 130 145 3564 15343
internal_value=-0.000414177 -0.0220705 0.00165582 -0.0217722 0.00303861 0.0140029 -0.0494144 0.062842 0.00027261 -0.0325364 -0.0346043 0.045111 -0.000277427 -0.0182272 0.00974278 0.000910776 -0.0253556 0.0605688 0.0821524 0.00739274 0.000402645 0.00290979 0.015265 0.0203462 0.0249526 -0.0243768 -0.00936985 0.017382 0.00206966 -0.0519743 0.0130672 -0.0121295 -0.211262 0.0374726 -0.00697169 -0.0163728 0.0433712 -0.121042 2.96886e-05 -0.00415939 -0.0701195 0.0219144 0.0313624 -0.0331865 0.0372693 0.0686365 0.11791 0.601564 0.949395 1.72075 0.00041949 -0.0400669 -0.0100924 -0.00128473 0.0185101 -0.00217202 0.061565 0.145646 0.685896 -0.00597242 0.0435304 0.0116935
internal_weight=20091.7 1752.9 18338.8 1022.08 17316.7 3488.48 555.953 415.867 13828.2 903.911 892.406 167.576 13660.6 848.135 97.5701 12812.5 708.026 118.166 301.85 3072.61 1807.68 1745.08 894.799 846.728 452.954 304.974 1196.94 1264.94 494.94 83.687 411.253 202.346 5.10868 208.907 197.237 78.5887 201.412 7.49499 12359.5 690.495 184.38 838.681 582.6 48.8436 533.756 158.19 53.3954 1.13196 0.757876 0.273862 256.081 79.0867 850.277 611.237 176.994 680.105 38.2702 15.6362 0.741872 641.834 104.794 382.851
internal_count=3527285 1233677 2293608 205988 2087620 654536 1004098 242386 1433084 190378 190055 21402 1411682 646396 3549 765286 132649 15610 231311 412150 234581 115831 83730 81921 22818 176822 229579 177569 92590 11613 80977 5103 421 75874 4682 3042 75758 116 742468 161780 57406 81493 56184 5249 50935 9499 5680 422 167 106 25309 20612 32101 21192 4697 161488 1435 1187 200 160053 3819 17947
is_linear=0
shrinkage=0.1


Tree=71
num_leaves=63
num_cat=0
split_feature=9 16 25 11 7 16 3 17 1 2 26 11 14 11 9 6 21 21 23 5 9 5 22 16 21 11 3 9 16 21 3 9 26 9 7 14 11 26 14 6 11 9 3 24 10 16 25 6 10 7 21 14 16 21 14 9 8 14 9 10 14 7
split_gain=81.4069 118.302 80.3643 83.193 51.1075 46.2812 42.4053 41.2356 41.8832 31.3638 30.8002 30.3826 30.0849 32.2862 52.0974 29.7453 34.8924 26.191 36.1723 25.8929 25.8871 27.7616 25.1512 33.4333 29.8798 46.5789 114.328 46.5715 44.4596 37.9279 36.0607 27.7816 25.0334 24.5286 28.9216 28.8958 36.2607 23.6092 70.941 58.4354 23.4708 23.0453 25.4035 22.4253 21.9801 26.3877 21.7574 21.8013 50.3467 20.8928 20.8513 20.7796 33.8042 37.4578 32.7328 36.6927 53.3108 31.9672 30.8966 30.6122 25.6508 25.5501
threshold=42.488718032836921 64.722881317138686 1.0000000180025095e-35 0.84523808956146251 32.049383163452156 65.52698135375978 11.500000000000002 99.22778701782228 15.500000000000002 0.80643445253372203 2.5000000000000004 0.13392857462167743 9.5000000000000018 1.0000000180025095e-35 63.702239990234382 33.534135818481452 5.5000000000000009 13.500000000000002 0.81666666269302379 1.0000000180025095e-35 46.589147567749031 1.0000000180025095e-35 9.5000000000000018 85.794998168945327 9.5000000000000018 0.31666667759418493 13.500000000000002 84.29276275634767 98.601333618164077 6.5000000000000009 2.5000000000000004 60.158729553222663 1.0000000180025095e-35 56.125000000000007 63.702239990234382 5.5000000000000009 0.31666667759418493 1.0000000180025095e-35 8.5000000000000018 51.087471008300788 0.31666667759418493 42.967033386230476 2.5000000000000004 1.5000000000000002 70.678733825683608 97.68778228759767 1.5000000000000002 15.535444736480715 16.064516067504886 58.898942947387702 5.5000000000000009 10.500000000000002 88.960571289062514 6.5000000000000009 4.5000000000000009 85.053192138671889 86.425064086914077 12.500000000000002 95.861873626708999 89.512962341308608 3.5000000000000004 87.585617065429702
decision_type=2 2 2 2 2 2 2 2 2 2 2 2 2 2 2 2 2 2 2 2 2 2 2 2 2 2 2 2 2 2 2 2 2 2 2 2 2 2 2 2 2 2 2 2 2 2 2 2 2 2 2 2 2 2 2 2 2 2 2 2 2 2
left_child=1 -1 3 12 6 50 9 8 10 46 17 -8 13 14 15 -2 -17 22 -19 -11 -18 -22 24 -24 25 26 27 29 31 -4 -26 -27 -7 -15 35 36 -35 38 -25 -40 -6 -14 -43 51 45 -9 47 -3 -49 -10 -5 54 -53 57 55 59 -57 58 -54 -33 -58 -56
right_child=2 4 7 5 40 32 11 44 49 19 -12 -13 41 33 -16 16 20 18 -20 -21 21 -23 23 37 30 28 -28 -29 -30 -31 -32 43 -34 34 -36 -37 -38 -39 39 -41 -42 42 -44 -45 -46 -47 -48 48 -50 -51 -52 52 53 -55 61 56 60 -59 -60 -61 -62 -63
leaf_value=-0.09591887970929891 0.068666679363328306 0.054002702254613393 -0.039705974963094505 -0.10847981764734643 -0.05488484665003325 0.097668711380598142 -0.078378288634670668 0.1854376971202418 -0.05689379231672758 -0.077158949200113958 -0.054694317805045634 2.9835744470056382 0.068957529202749515 0.083674300175466565 0.068906055501502389 -0.059847322390204252 -0.036744801564706664 0.022022533815703363 -0.77440062584022162 -0.0039811655226991271 0.062369133172579132 -0.0045882070972991934 -0.087814834665593602 -0.031135640983774041 0.0464087214148469 0.056820103911097125 -0.086944103823698632 0.049172833438770394 0.060897531335091286 0.008083228858678888 0.0049836750261125001 0.020047163785679389 0.041648742361095517 -0.12976165277442236 0.012629853700342636 0.021455109178960888 -0.024047082287890015 -0.0098183726924548284 -0.16745621547960482 -1.1098233295199087 0.2327934510579529 0.0026869941596480589 -0.040172878205102097 -0.036105773965249492 0.089821525515936751 -0.0073952478636809087 -0.037160664641605029 -0.13414534135827424 0.013332214752356138 -0.016200278731861886 0.017716537630765701 0.0026319933332240894 -0.010485622501122801 -0.015276727928678202 -0.0085988715952887047 -0.041752341249038885 -0.00045642406933553339 0.034194030691683613 0.17246559035042128 -0.12949654925158635 0.03155882037319855 -0.045969533783415971
leaf_weight=190.40774183342 79.38227544898109 122.24135434020718 328.70765126896731 15.232085052877663 260.87225467001554 199.12788288819138 72.572843553571147 7.9338450123323119 164.1630508255912 81.730635300016729 105.01464012503857 0.032420644434750012 35.10345790500287 38.814534973324044 253.79335071964306 74.931728751966148 72.288853162317537 543.29540202510543 0.57087877986486901 118.39940785859653 133.16571384045528 115.74373916571494 65.009250249771867 11.034316566598134 281.91050625560456 84.148249293881236 214.67038783464523 133.46053367960849 119.55011616658885 335.65692864649463 825.41686761804158 1134.5004675168311 133.07927785103675 40.091554323022137 821.63155322696548 98.386374230976799 170.15104029668146 637.58760863516363 1.4078401290462346 1.235461668577045 2.8672175265965043 344.8495605286007 230.87519062931824 177.5763236466446 73.666356970206834 67.232358741341159 88.369856904537301 23.992948280181736 657.54564991826192 545.10701686104585 93.235137004288845 417.7583248061419 11.394206184893845 52.216892584925517 2076.6383225544996 307.84705472399946 6103.5106203542673 59.279725507367402 48.61686907382682 13.855732671217991 260.95721987838624 200.62411863636225
leaf_count=817832 13101 7494 130946 310 120262 216484 113782 147 283329 3917 28522 31 5348 4975 40249 22634 18682 49328 35 4570 12623 15542 33139 626 9950 11807 496959 6127 23937 55164 121390 120635 28930 7250 115509 12182 19072 9041 67 45 50 29238 53523 3207 17702 2639 51860 4448 90955 85946 1620 21115 83 344 68864 24860 80918 382 342 169 4274 2773
internal_value=-0.000380058 -0.0218758 0.00151535 0.016637 -0.0120074 0.0567099 -0.00300763 -0.00137904 -0.00188984 0.00191147 -0.000733388 -0.077011 0.00959928 0.0158105 0.0323218 0.0127959 0.00159965 -0.000341187 0.0211866 -0.0338661 0.0159345 0.0312337 -0.00118323 -0.0194329 -0.000192062 -0.00163312 -0.0221632 -0.00473266 0.000244883 -0.0155614 0.0155299 -0.000417377 0.0752276 0.00551015 0.00282589 -0.0232742 -0.044206 -0.012607 -0.142602 -0.607912 -0.0517574 -0.00970431 -0.0145005 -0.000860684 0.0510027 0.0129584 0.00993721 0.0151153 0.0081404 -0.0256189 -5.255e-06 -0.000275059 0.0179785 0.0553594 -0.00134025 0.00173203 -0.0011096 0.0862789 0.137729 0.0182428 0.000856272 -0.0118912
internal_weight=19980.5 1619.03 18361.4 2949.88 1428.62 440.674 1164.89 15411.6 15262.7 1092.28 14553.5 72.6053 2509.21 1898.38 729.306 475.512 396.13 14448.4 543.866 200.13 321.198 248.909 13904.6 716.274 13188.3 12081 1012.5 797.825 11068.5 664.365 1107.33 10948.9 332.207 1169.08 1130.26 308.629 210.243 651.265 13.6776 2.6433 263.739 610.828 575.725 10864.8 148.833 75.1662 892.15 803.78 681.539 709.27 108.467 10687.2 589.266 171.508 10097.9 7820.67 6672.31 119.291 60.0111 1148.36 6364.47 2277.26
internal_count=3527285 1215201 2312084 617272 397369 247344 277057 1694812 1674324 163244 1305049 113813 369928 281819 122831 82582 69481 1276527 49363 8487 46847 28165 1227164 42918 1184246 1052906 689196 192237 363710 186110 131340 339773 245414 158988 154013 38504 26322 9779 738 112 120312 88109 82761 327966 20488 2786 154757 102897 95403 369275 1930 324759 22266 1151 302493 230856 110052 807 425 120804 85192 71637
is_linear=0
shrinkage=0.1


Tree=72
num_leaves=63
num_cat=0
split_feature=26 27 3 26 8 16 8 23 2 18 0 17 15 18 21 26 11 27 22 11 2 3 0 3 18 18 21 27 23 22 21 8 18 21 2 15 22 3 3 3 21 3 3 3 14 15 0 16 2 25 18 21 21 7 14 11 3 14 25 8 6 16
split_gain=65.3815 74.3711 69.0982 99.5025 95.834 111.622 63.4729 47.2801 38.112 37.5435 35.8412 34.998 122.659 108.476 70.5302 56.75 64.4772 59.1677 54.6012 50.3267 42.128 37.7908 34.9313 32.2778 30.8695 38.9801 36.072 36.5687 94.6056 31.2191 28.9201 28.065 27.0742 25.1228 37.7011 23.854 25.0772 22.1746 42.5173 33.6074 50.5439 28.2896 25.1598 26.9745 23.235 22.0261 21.8218 21.4977 23.2791 40.4415 21.593 21.5737 21.4555 27.3164 21.4252 21.9914 25.41 24.598 21.5551 44.0615 75.2329 21.1569
threshold=1.5000000000000002 1.0000000180025095e-35 2.5000000000000004 1.0000000180025095e-35 40.967367172241218 83.157192230224624 97.825057983398452 0.37980769574642187 0.43411473929882055 0.22653958946466449 0.99999991059303295 63.427747726440437 1.0000000180025095e-35 0.051315790042281158 7.5000000000000009 1.0000000180025095e-35 0.77500000596046459 1.0000000180025095e-35 7.5000000000000009 0.31666667759418493 0.895481437444687 5.5000000000000009 0.90174803137779247 16.500000000000004 0.057189542800188072 0.41885964572429663 5.5000000000000009 1.0000000180025095e-35 0.10555555671453477 9.5000000000000018 9.5000000000000018 72.57053375244142 0.39208073914051061 6.5000000000000009 0.65152299404144298 98.048732757568374 10.500000000000002 14.500000000000002 8.5000000000000018 48.500000000000007 6.5000000000000009 50.500000000000007 55.500000000000007 52.500000000000007 1.0000000180025095e-35 64.796600341796889 0.99999991059303295 69.100429534912124 0.29311066865921026 4.5000000000000009 0.093073595315217986 12.500000000000002 7.5000000000000009 20.761494636535648 11.500000000000002 0.77500000596046459 172.50000000000003 7.5000000000000009 5.5000000000000009 74.464202880859389 64.051280975341811 72.776679992675795
decision_type=2 2 2 2 2 2 2 2 2 2 2 2 2 2 2 2 2 2 2 2 2 2 2 2 2 2 2 2 2 2 2 2 2 2 2 2 2 2 2 2 2 2 2 2 2 2 2 2 2 2 2 2 2 2 2 2 2 2 2 2 2 2
left_child=2 8 3 6 5 -4 7 -1 -2 -8 24 12 19 -14 -15 16 -13 46 23 21 37 -6 -7 47 -5 26 61 28 -28 31 -29 45 -3 34 -19 36 -10 38 -21 40 -39 -41 43 -43 -40 -30 -17 48 49 51 -50 -16 -23 -54 55 56 58 -57 -44 60 -60 -26
right_child=1 32 4 10 11 22 9 -9 35 -11 -12 15 13 14 18 17 -18 33 -20 20 -22 52 -24 -25 25 -27 27 30 29 -31 -32 -33 -34 -35 -36 -37 -38 39 44 41 -42 42 54 -45 -46 -47 -48 -49 50 -51 -52 -53 53 -55 -56 57 -58 -59 59 -61 -62 -63
leaf_value=0.049056341631749795 -0.073212997998545887 -0.065049695017294379 -0.075919476322600377 -0.090459754784086008 0.088924920310340105 -0.0063702904442905954 0.026557032420151158 0.0080620188623715221 -0.016259132616228869 0.083897339778026991 -0.070650097516227292 0.017201554366053608 -0.10334187392659784 -0.056055047661026473 0.10569137585217421 0.0061813072171824097 0.089678663358507313 -0.13116219623423594 -0.087100592682217481 0.0065719146860327444 -0.032435056053326271 -0.090412179810809595 -0.10927920084460177 -0.024642854391814087 -0.057616110761512795 -0.00057630088379706892 0.014237214092136161 0.010720416832036296 0.18798591492596586 -0.084495684644959893 -0.13048476893653413 0.082923027560596996 0.070006803355100927 -0.094529351754105151 0.067501928738489828 0.12787611278845376 -0.060246153763659493 0.0070559830796540256 -0.034476274469494153 -0.045192896095603431 0.050001661878306458 0.0017542739750331755 0.0018838453063079767 0.080006229965593478 -0.001703647892981133 -0.0070732545093331201 -0.048474927849910449 0.026682841335968956 0.001182412758577974 1.5721290264430874 0.12796600541589459 0.50390520374819836 2.8211918199340964 -0.0050317106546394 0.044632362508162549 0.0039552588459115098 -0.036232374888553548 0.11589392215603089 -0.10022181528977657 -0.10102046513679744 4.7881824303617471 0.013508268385999063
leaf_weight=369.6988992736151 189.72450667244266 17.354255121943424 370.41055810666876 35.581439045083243 16.677262937984779 839.42286112779402 196.62066240090644 1177.1401679111295 627.94467384912423 272.35538491350599 68.165950725640869 590.6960094121896 218.39586567504739 221.48419807570463 3.9285939039255018 2309.8058656249632 154.94173108338146 14.575261233403578 35.926245132621261 1337.7156812881003 353.29807853369857 117.00876122548652 34.333486770861782 44.728531833665329 69.026236630495987 4273.3660818779608 292.13919294837979 53.099099499318982 59.052816003124462 7.9229046586115137 19.955297694730689 90.555014855402987 102.57951958483318 89.236698032298591 27.719558615470305 10.29384517832659 163.31609261142148 825.26194931098144 546.28224755526753 125.15730129863368 410.30128589906963 90.292041603388498 341.46347885948489 86.018184371496318 358.16890172174317 6.4181967898912253 75.434114685514942 54.613231626324705 18.679652918712236 0.23821166715060815 47.830546397352009 2.0812109848484397 0.034231081037431887 36.214118891424732 105.45813447007095 1386.4080103300512 330.25226665296941 19.912793271243572 0.064647485327440246 0.20261526963440701 0.061369069968350232 106.12325016912655
leaf_count=25264 234568 14568 1211968 30839 5701 122608 4506 131132 76860 192766 860 72815 214252 110821 2109 72475 107123 425 11869 14729 8537 326245 588 16535 19505 81771 33625 4633 4690 1713 995 2211 8266 1934 1707 323 32700 24314 3815 3865 15017 2986 67313 3713 8006 418 817 2306 4846 88 3160 613 81 67695 8408 6672 96368 116 68 49 35 2280
internal_value=-0.00034356 -0.0239113 0.00105408 0.00883119 -0.00368754 -0.0299161 0.0276304 0.0178598 -0.03291 0.0598571 0.00137346 -0.000548738 -0.00447225 -0.0459599 -0.0167826 0.0080311 0.0322621 0.000852231 0.0250306 -0.000328077 0.00111673 -0.0540305 -0.010414 0.0484382 0.00235278 0.00301623 0.0248143 0.0378348 0.048356 0.109152 -0.0278507 0.118985 0.0504643 -0.0644415 -0.000959919 -0.0233704 -0.025338 0.00310462 -0.00475104 0.00783839 0.0213172 0.00113738 0.00359427 0.0399318 -0.0214981 0.168864 0.00445278 0.0741018 0.109695 0.294246 0.0923583 0.243594 -0.0695867 -0.00236277 0.000660566 -0.0015706 -0.0164508 0.00554025 0.00266291 0.812152 2.28039 -0.0145218
internal_weight=19849.2 1111.21 18738 7097.22 11640.7 1244.17 2015.82 1546.84 991.279 468.976 5081.41 10396.6 7134.16 647.906 429.51 3262.41 745.638 2516.77 208.026 6486.25 6316.32 169.934 873.756 172.1 5013.24 4977.66 704.292 529.143 456.088 163.949 73.0544 156.026 119.934 131.532 42.2948 801.555 791.261 5963.02 2242.17 3720.85 1235.56 2485.29 2360.13 176.31 904.451 65.471 2385.24 127.371 72.7582 6.24802 66.5102 6.0098 153.257 36.2483 2183.82 2078.37 672.044 1406.32 341.792 0.328632 0.126017 175.149
internal_count=3527285 367285 3160000 537208 2622792 1335164 353668 156396 344451 197272 183540 1287628 1030332 366599 152347 257296 179938 77358 41526 663733 264011 399722 123196 29657 182680 151841 70070 48285 42657 9032 5628 7319 22834 4066 2132 109883 109560 255474 26550 228924 39331 189593 185728 6699 11821 5108 73292 13122 10816 2810 8006 2722 394021 67776 179029 170621 163833 6788 67465 152 103 21785
is_linear=0
shrinkage=0.1


Tree=73
num_leaves=63
num_cat=0
split_feature=1 26 4 18 8 3 6 16 0 2 2 27 21 18 22 21 22 18 2 0 16 16 15 16 27 14 15 18 3 0 2 8 6 0 26 17 0 2 0 4 14 1 7 16 16 15 17 5 1 7 25 0 1 2 15 14 14 24 7 25 17 14
split_gain=68.2588 52.3501 56.3199 47.6639 51.5993 47.6318 66.5253 103.986 30.407 32.8802 29.942 26.8879 26.1374 25.2414 73.1257 91.201 36.4305 33.4317 31.8776 38.4107 26.2424 33.3848 60.5614 32.5571 40.3654 24.4984 24.1655 22.7988 21.2178 23.7149 20.7786 20.764 20.4342 20.1438 19.2479 23.6613 22.1224 20.2148 23.2006 20.2377 22.3961 19.3134 38.8138 19.4763 93.3898 23.5538 23.8098 18.7941 18.2075 18.1106 19.9469 60.3147 18.062 17.9637 24.108 17.6686 17.1363 17.1151 19.6776 28.379 26.6259 25.6209
threshold=2.5000000000000004 1.5000000000000002 1.0000000180025095e-35 0.94868421554565441 97.999198913574233 1.5000000000000002 43.792808532714851 74.09287261962892 0.54934528470039379 0.75192296504974376 0.53617811203002941 1.0000000180025095e-35 16.500000000000004 0.2981481552124024 4.5000000000000009 7.5000000000000009 6.5000000000000009 0.057189542800188072 0.53999334573745739 0.40549287199974066 85.120758056640639 43.649168014526374 1.0000000180025095e-35 60.894552230834968 -1.0000000180025095e-35 8.5000000000000018 1.0000000180025095e-35 0.054093567654490478 33.500000000000007 0.70928296446800243 0.45444209873676306 99.35065078735353 28.759398460388187 0.87816327810287487 1.0000000180025095e-35 98.772960662841811 0.38631801307201391 0.40504035353660589 0.38524785637855535 1.0000000180025095e-35 22.500000000000004 18.500000000000004 23.845060348510746 94.602687835693374 92.352676391601577 40.752536773681648 90.603012084960952 1.0000000180025095e-35 16.500000000000004 26.158231735229496 2.5000000000000004 0.33849807083606726 15.500000000000002 0.63170555233955394 1.0000000180025095e-35 21.500000000000004 20.500000000000004 1.0000000180025095e-35 61.16780090332032 1.0000000180025095e-35 82.78556060791017 5.5000000000000009
decision_type=2 2 2 2 2 2 2 2 2 2 2 2 2 2 2 2 2 2 2 2 2 2 2 2 2 2 2 2 2 2 2 2 2 2 2 2 2 2 2 2 2 2 2 2 2 2 2 2 2 2 2 2 2 2 2 2 2 2 2 2 2 2
left_child=3 5 -3 10 -5 26 7 31 9 12 -1 -4 13 14 20 -16 17 -17 19 30 21 22 48 24 -23 57 52 -24 29 34 -15 -7 55 56 36 -36 37 38 -9 40 41 43 -43 44 45 -39 -47 -22 49 50 -8 -52 -2 54 -10 -28 -27 -12 61 -60 -61 -59
right_child=1 2 11 4 -6 6 8 28 53 -11 25 -13 -14 18 15 16 -18 -19 -20 -21 47 23 27 -25 -26 33 32 -29 -30 -31 -32 -33 -34 -35 35 -37 -38 39 -40 -41 -42 42 -44 -45 -46 46 -48 -49 -50 -51 51 -53 -54 -55 -56 -57 -58 58 59 60 -62 -63
leaf_value=0.028208161560038802 0.088528908734369305 -0.080921775417307246 -0.022219493852458503 0.019197615566748937 0.094428741284913076 -0.078350543243363921 0.15534394384182826 0.026110858211855405 -0.011789584563349029 -0.03739409125849668 0.0021541980662848244 0.056700474545469275 0.06692467707149069 0.029849010458518888 -0.091215646775669706 -0.096391883851638896 -0.05875723275779509 0.077719342028342533 0.053012924509558614 -0.012960692057748611 0.062737539334564232 -0.062420244774889361 -0.10136289255358627 0.021522359400895825 0.18353571563572274 -0.0015642420732805357 0.04315764199852886 0.0086970913557399537 -0.088871573955534508 -0.038516287299118331 0.12902795346666299 0.018663129950958694 0.0045496401098447797 -0.03983960901237496 -0.028460035469404135 0.11654055645773709 0.0012871641289160405 0.63174789902687445 0.71961817295915376 0.010148698127613716 0.9986765466592582 2.3481747854052868 -0.10033181191730088 0.059289658489366084 2.9590603359979468 0.093576497255726865 1.4923703465146239 -0.080656783874961641 -0.019620574697707765 0.0063298851022679575 -0.10359081377525037 2.4759959754794076 -0.091169873578926364 -0.0057245391363003511 -0.046911498960443318 -0.046280711798929723 -0.077411646623114616 -0.017966447617437521 0.046727297974379106 0.040192182089398558 0.00058860722308067513 0.032012161883541598
leaf_weight=524.93799773554201 56.540721255354583 172.68364791269414 472.51729618942773 374.82042728026863 120.47221142763738 342.70086348384211 1.554735927551518 72.335954764552298 622.40595218019735 208.09793725413329 3174.0949542866147 47.510698256548494 63.466272237768862 178.40807493700413 188.54067558748648 12.859150022428365 43.164270525478059 77.454349317034939 203.67286080791382 356.3281233763264 10.846854550734859 8.5320579291437735 75.82093296336825 94.739039931213483 30.616807816579239 935.12236252661387 230.24561736575561 25.036422981924261 33.438204217265593 204.35632860186161 23.961166976747336 23.580027429910842 2057.2950424455339 186.97800832224311 263.30710530420765 11.756260282680158 476.28655284552951 1.2584396988240749 0.48562718243920144 6.9911640589125446 0.36156183255661822 0.12233967584325078 0.13751266413601115 6.1875180701317731 0.13072482048301015 3.9442721648956649 0.12556194877834048 58.09332814841764 289.16829957049049 3454.2390166564874 0.21787872238201078 0.15521036455174908 6.2074926352361208 1907.1493620989204 284.89189684121811 24.431694990053074 30.767667346764938 327.9645556294272 327.41169391217409 238.11831222701585 591.33709437347716 149.24939678661758
leaf_count=38092 1305 319033 27279 44177 147625 1327555 1011 13192 12448 32477 80038 2823 5857 9993 154529 13861 17562 10360 5168 11018 365 4962 72229 6426 3858 30319 10546 9842 53607 5136 928 7137 99414 4594 140561 230 24752 227 80 79 73 25 122 417 39 1862 81 2899 86358 419793 106 68 116 67287 11451 1178 2661 15962 127197 11846 19853 7196
internal_value=-0.000351352 -0.004708 -0.0314403 0.0075955 0.0374964 -0.00317019 -0.00628741 -0.0260553 -0.00280613 0.00158287 0.00531216 -0.0150092 0.00314362 0.00235507 -0.00057342 -0.046438 0.0168116 0.0529288 0.0191456 0.00679922 0.00307419 0.00413373 0.00242496 0.0532215 0.129932 0.0032959 0.00951929 -0.074042 -0.0104552 -0.0079527 0.0415921 -0.0721051 0.0078574 -0.00979615 -0.00054739 -0.0222627 0.0099618 0.0548313 0.0307357 0.145941 0.223325 0.19978 1.05244 0.180755 0.318431 0.253646 0.136732 -0.0580955 0.00448412 0.0065009 0.312917 0.969554 0.0707518 -0.0112349 -0.0228179 0.0345776 -0.0039803 0.00643502 0.0147502 0.0217982 0.0119579 -0.00233556
internal_weight=19715.6 12734.4 692.712 6981.27 495.293 12041.6 9666.93 1447.51 8219.42 5404.97 6485.98 520.028 5196.88 5133.41 4371.04 322.018 133.478 90.3135 762.37 558.697 4049.02 3980.08 3846.19 133.888 39.1489 5961.04 2374.72 100.857 1081.23 1047.79 202.369 366.281 2311.97 1152.87 843.431 275.063 568.367 92.0807 72.8216 19.2591 12.2679 11.9064 0.259852 11.6465 5.459 5.32827 4.06983 68.9402 3745.34 3456.17 1.92783 0.373089 62.7482 2814.45 907.298 254.677 965.89 4808.18 1634.08 1156.87 829.455 477.214
internal_count=3527285 2997725 349135 529560 191802 2648590 2536031 1575175 960856 869670 337758 30102 837193 831336 804229 196312 41783 24221 27107 21939 607917 604653 589407 15246 8820 299666 112559 82071 240483 186876 10921 1334692 111138 37574 181740 140791 40949 16197 13272 2925 2846 2773 147 2626 2209 2170 1943 3264 507336 420978 1185 174 1421 91186 23899 11724 32980 262092 182054 158896 31699 23158
is_linear=0
shrinkage=0.1


Tree=74
num_leaves=63
num_cat=0
split_feature=1 26 3 8 16 18 8 11 11 10 1 2 18 0 0 26 18 27 17 15 27 8 16 0 3 15 3 15 16 3 2 2 15 21 2 18 8 0 15 17 16 11 2 11 7 2 0 15 16 7 1 8 18 17 2 16 18 26 0 23 7 26
split_gain=56.2872 47.3089 41.0489 67.3867 110.624 40.6416 49.254 29.9133 68.884 35.884 27.4657 26.2056 66.2556 60.6983 24.9793 24.5618 104.133 37.7194 45.6238 30.5759 23.8471 23.6581 23.2461 22.908 22.3063 25.7859 22.1744 21.958 22.6222 21.541 25.2219 20.7451 20.3195 19.4754 19.1155 26.2866 22.8593 22.7587 23.8001 18.9543 19.2078 18.3281 17.9463 17.7768 19.9776 59.9233 147.16 173.788 17.741 17.7272 18.3585 17.5638 19.0605 18.4965 17.2683 17.0537 16.9628 21.6137 25.0535 16.5796 16.5194 15.8439
threshold=2.5000000000000004 2.5000000000000004 1.5000000000000002 43.288288116455085 70.986831665039077 0.94868421554565441 97.999198913574233 1.0000000180025095e-35 0.23611111193895343 68.237251281738295 1.0000000180025095e-35 0.99998292326927196 0.39208073914051061 0.96125608682632457 0.60687214136123668 1.0000000180025095e-35 0.051315790042281158 1.0000000180025095e-35 83.886699676513686 75.058685302734389 1.0000000180025095e-35 58.380149841308601 52.659875869750984 0.56259194016456615 54.500000000000007 31.314825057983402 27.500000000000004 1.0000000180025095e-35 44.511377334594734 31.500000000000004 0.86771520972251903 0.81455671787261974 71.564128875732436 9.5000000000000018 0.56974199414253246 0.41042780876159674 97.825057983398452 0.42356707155704504 16.965142250061039 96.441238403320327 77.345912933349624 0.19090909510850909 0.81455671787261974 0.23611111193895343 42.761905670166023 0.35779859125614172 0.3066460937261582 16.965142250061039 98.192703247070327 30.245854377746586 7.5000000000000009 52.704679489135749 0.74342104792594921 97.85703277587892 0.73759597539901745 98.048732757568374 0.41885964572429663 1.0000000180025095e-35 0.41938422620296484 0.58571431040763866 82.972846984863295 1.0000000180025095e-35
decision_type=2 2 2 2 2 2 2 2 2 2 2 2 2 2 2 2 2 2 2 2 2 2 2 2 2 2 2 2 2 2 2 2 2 2 2 2 2 2 2 2 2 2 2 2 2 2 2 2 2 2 2 2 2 2 2 2 2 2 2 2 2 2
left_child=5 2 27 4 43 10 -7 26 9 33 14 23 -13 -14 -1 21 -17 24 19 -19 -15 22 49 31 25 -18 -5 -2 -29 30 41 55 -26 60 48 37 39 -36 -39 40 -37 61 -41 -4 -45 46 -46 -48 -23 50 -10 -27 53 -53 59 -12 -30 58 -58 -20 -9 -6
right_child=1 -3 3 7 29 6 -8 8 15 -11 11 12 13 20 -16 16 17 18 54 -21 -22 34 -24 -25 32 51 -28 28 56 -31 -32 -33 -34 -35 35 36 -38 38 -40 42 -42 -43 -44 44 45 -47 47 -49 -50 -51 -52 52 -54 -55 -56 -57 57 -59 -60 -61 -62 -63
leaf_value=-0.042272106106783995 0.067388468371329696 -0.073915777607278632 -0.087109768697847617 0.028824462785814527 0.00039243649830052787 0.017526212025405611 0.093837874552358411 -0.099205600548479156 0.23341926439199751 0.056722850316746169 0.019183630865880579 -0.045540567856119214 0.10189860628161468 -0.031536284373701616 -0.002490157559267266 -0.099325691832925056 0.082954506094441716 -0.049831059167910849 -0.13571979993010155 0.089561387795225045 0.081190741896740359 0.0040326653861017317 0.11741691664262405 0.0022358196555109975 -0.097024253063037802 0.090208953952762738 -0.067959147378686094 -0.07227534000322397 0.023419128864433144 -0.087145540063119198 -0.074171583207068167 -0.019481755129949624 0.089564642632292565 -0.0099167785107945397 -0.052349875034403248 -0.22200223226028526 0.084598816942497768 -0.0065703386187767948 -0.070221047765097105 -0.12483015505300932 0.053833692033351747 0.15677115201958039 0.042099114314754736 0.040241957294291246 -0.10008146609910043 -0.10056037799470052 13.554711832179473 -0.10002963690311205 -0.063289102390376301 -0.0031314449955720408 -0.066593225915153625 -0.0026838762524074556 -0.03571810391389587 0.056398478450101902 -0.051396541976666016 0.069030467506028356 -0.02529940007380976 -0.002234873107717418 0.035922157047400739 -0.32394372757298401 -1.9308199584300536 -0.025164633355864181
leaf_weight=182.2416925974976 59.49657416366972 96.909015269236988 272.38062077673385 388.55923099933716 713.5093741093151 369.78556940739509 109.66020907991333 126.38760831272521 6.7138808187883097 20.899781536165392 1034.0545132400584 75.817682696215343 146.72353234517504 68.855379575514235 1178.6397331872431 129.65421196154784 35.603030798723921 48.003078393274336 33.379174378700554 23.410597558715381 25.797265335277189 3749.6812266675552 32.436366091424134 3545.7230744484114 41.037628418154782 19.983227864373475 25.208561505554826 36.45518728918978 507.26724079536507 38.11989830636594 59.428370283727418 131.75602499011438 6.8040327989729112 29.687683254436706 130.50355750626477 2.6777005607436868 53.528324290236924 1570.3243601909926 61.028355141534121 18.202368980157193 44.125212249695323 6.768700270637054 9.9668117798864824 6.2794104062486431 0.063311507488833629 0.21111277080490254 0.021970361704006791 0.016188782421522774 39.557180771196727 64.204905961785698 2.9296964397653937 1509.8719399312977 171.60207963187713 54.914652634295635 22.112827458884567 73.514040275651496 83.9760610126541 1616.795826116926 327.63574619113933 5.4428655125666401 0.049260141473495334 367.51496744265023
leaf_count=10457 1421 92847 1274215 66398 50523 44177 147625 250008 1524 4847 60960 5292 12411 2649 74119 156849 3559 1951 386 797 17984 354635 1495 136499 11931 2695 30973 14655 27039 75729 3817 13716 165 15808 21224 105 23359 40853 6085 2299 4820 223 2122 9529 187 412 65 64 2114 72728 4507 52495 2404 1060 696 3671 2830 23427 53153 115 4 226578
internal_value=-0.000348442 -0.0043137 -0.00377729 -0.00671673 -0.0265263 0.00688881 0.0349804 -0.00329543 -0.00464085 -0.066332 0.00480493 0.00817162 0.036007 0.0616216 -0.00781754 -0.00325631 -0.0125148 -0.00680771 -0.0583707 -0.00413588 -0.000812906 0.000107011 0.0468512 0.00632645 -0.00309849 -0.00129935 0.022928 0.00732848 0.00593922 -0.0131921 -0.0107347 0.0180298 -0.0704876 -0.0828049 -0.000767735 -0.00898142 0.0346831 -0.0121661 -0.00895149 -0.000955596 0.0380525 -0.00726906 -0.0657673 -0.0831827 0.0790827 0.859344 2.85645 7.76177 0.00332987 0.0158568 0.142276 -0.00300725 -0.00408002 -0.000610439 -0.121932 0.0224922 0.00706371 0.00297352 0.0234319 -0.162109 -0.0999192 -0.00829618
internal_weight=19613.9 12671.3 12574.4 9942.81 1464.31 6942.57 479.446 8478.49 8064.72 177.024 6463.12 5102.24 317.194 241.376 1360.88 7887.7 2101.82 1972.17 132.349 71.4137 94.6526 5785.88 106.285 4785.05 1839.82 1791.97 413.768 2631.63 2572.13 1185.34 1147.22 1239.32 47.8417 156.125 5679.6 1890.36 128.5 1761.86 1631.35 74.9721 46.8029 1087.79 28.1692 278.973 6.59199 0.312583 0.101471 0.0381591 3789.24 73.8485 9.64358 1756.37 1736.39 1564.79 60.9349 1107.57 2535.67 2028.41 411.612 38.822 126.437 1081.02
internal_count=3527285 2997725 2904878 2782353 1641342 529560 191802 1141011 1043640 270667 337758 253182 38336 33044 84576 772973 235103 78254 3945 2748 20633 537870 80254 214846 74309 62213 97371 122525 121104 356870 281141 78347 12096 265820 457616 100867 32705 68162 46938 9346 4925 277324 4421 1284472 10257 728 316 129 356749 78759 6031 58654 55959 53555 1197 64631 106449 79410 55983 501 250012 277101
is_linear=0
shrinkage=0.1


Tree=75
num_leaves=63
num_cat=0
split_feature=9 16 25 11 7 23 11 3 8 7 11 2 0 0 16 11 3 0 9 5 11 8 11 17 18 15 4 0 26 16 3 14 9 14 14 22 9 8 11 8 9 18 14 7 14 14 11 7 9 16 9 8 9 8 22 26 27 18 14 25 17 3
split_gain=53.7321 96.8394 51.7629 58.8927 45.9576 39.5697 32.9164 143.396 73.782 823.446 5142.22 2635.77 550.547 356.085 53.7452 46.7812 32.1371 31.9661 31.2226 28.8148 28.0933 58.024 27.5109 26.1374 25.4029 24.0286 24.8008 23.857 23.8335 23.6745 23.638 22.2468 21.1256 26.9536 42.2131 26.7032 23.2738 22.3153 27.0909 21.0797 35.5378 21.0574 20.3336 21.7485 20.2269 25.3797 26.5299 30.3908 34.9792 25.6505 23.2174 25.2849 35.6419 30.8853 24.041 23.0249 21.0176 31.2484 31.2322 25.8583 21.5229 20.929
threshold=42.488718032836921 64.306598663330092 1.0000000180025095e-35 0.84523808956146251 20.169491767883304 0.23611111193895343 0.47222222387790685 13.500000000000002 43.288288116455085 42.761905670166023 0.23611111193895343 0.35779859125614172 0.3136276006698609 0.30971704423427587 99.775783538818374 0.35416667163372045 5.5000000000000009 0.28461641073226934 59.516963958740241 1.0000000180025095e-35 1.0000000180025095e-35 47.140522003173835 0.31666667759418493 99.839229583740249 0.92450141906738292 74.521984100341811 1.0000000180025095e-35 0.96125608682632457 2.5000000000000004 58.633653640747077 153.50000000000003 2.5000000000000004 42.967033386230476 10.500000000000002 5.5000000000000009 8.5000000000000018 68.660713195800795 69.028213500976577 0.23611111193895343 51.89995193481446 83.176101684570327 0.77097901701927196 18.500000000000004 24.28337383270264 10.500000000000002 5.5000000000000009 0.86607143282890331 81.01672744750978 95.293468475341811 97.896198272705092 83.935482025146499 90.070423126220717 89.039035797119155 86.425064086914077 7.5000000000000009 1.5000000000000002 1.0000000180025095e-35 0.37268517911434179 11.500000000000002 3.5000000000000004 90.954544067382827 37.500000000000007
decision_type=2 2 2 2 2 2 2 2 2 2 2 2 2 2 2 2 2 2 2 2 2 2 2 2 2 2 2 2 2 2 2 2 2 2 2 2 2 2 2 2 2 2 2 2 2 2 2 2 2 2 2 2 2 2 2 2 2 2 2 2 2 2
left_child=1 -1 3 20 -3 -5 7 15 9 -9 -11 12 13 17 18 28 19 -12 -8 -6 21 27 -10 41 -18 26 30 29 32 -2 -24 -31 -4 34 35 -34 -36 -38 -39 40 -35 44 -33 -44 45 49 47 -47 -49 50 -20 52 53 -52 -53 -56 57 59 -59 61 -58 -46
right_child=2 4 6 5 16 -7 14 8 22 10 11 -13 -14 -15 -16 -17 24 -19 23 -21 -22 -23 25 -25 -26 -27 -28 -29 -30 31 -32 42 33 39 36 -37 37 38 -40 -41 -42 -43 43 -45 56 46 -48 48 -50 -51 51 54 -54 -55 55 -57 60 58 -60 -61 -62 -63
leaf_value=-0.097931211076369776 -0.076182099301261977 0.019603717207872948 0.075433377040858104 0.0057911619981342666 -0.033140848669115097 0.073704146364273609 0.10249108004968713 -0.078410766189140543 -0.067623982617645628 -0.065374358350431497 -0.10004893030507336 -0.10031598889090663 -19.7751017790494 -16.222270873671416 0.083170280451993095 -0.05831697745865793 -0.07972339506083656 -6.0406675611030547 0.021529635630102073 0.0037272454295136596 -0.0019081282661155389 0.055300036876103444 -0.00041045615962641448 0.097377202092011395 0.020420742015319959 0.071623286735490732 -0.097024996865024651 -0.17143544382838743 -0.085262081700851242 -0.037505877421794197 -0.059780035664291978 0.022829727337336986 0.0054202454075987783 -0.016342503447911935 0.0075423016244649844 -0.025357322337149459 0.069438381831540413 0.1120584372912586 -0.0092156961796663293 -0.056991675978924718 0.12520836600209465 -0.026197590568236884 0.032924307463145071 -0.086954429424236798 -0.015366847162273684 -0.0028886309780876904 0.035258519072722476 -0.10233101996456323 -0.021800250231407525 0.059072984743806928 -0.016997869601362924 0.00035468768443564403 -0.058138781702814418 0.064110021676016218 0.042014598371859828 -0.0088001412598166049 0.0019189996565355902 0.11453578207718536 0.028923640859870339 0.18408196659908344 -0.15284309317542252 0.031407839905361438
leaf_weight=139.95577492866141 33.230918148357887 368.62856659098179 40.47720718185883 131.58503978466615 401.51187922348618 246.53865731478436 29.983476680761669 75.60719587719359 217.95609455421436 2.5236451803502855 0.020002736317110137 0.13049468760436866 0.21639783616410568 0.042893414269201458 79.328673706855625 131.54005479445914 138.30116951078526 0.016554054047446698 551.82348697737325 449.10769450879889 1357.2889937894506 321.38945629214868 209.87211686796218 27.675936078419909 31.009184325579554 25.032502450398169 47.471083517331863 7.629369036294519 30.431247245316627 85.927494512390695 98.55591774090135 558.64497371709149 1354.9255632669228 249.80243673102814 243.88606890568917 355.95859735221893 195.62878266409098 22.858842350979103 94.854489053424913 117.99457537358103 19.091938582219882 297.08707550459076 25.812151701087714 36.581545736058615 244.71229151473381 1296.0991964513087 123.70025969814742 58.093838428962044 753.79400166787673 78.712922056671232 240.86531222146004 6816.9862798873801 173.69180398777826 58.315703172178473 273.03155345685082 132.4154639330809 25.265795974060893 60.633205348160118 143.36928628664464 8.0362941466737521 13.946328553836791 157.05143292830326
leaf_count=808391 90860 51724 23630 11154 63415 236190 1147 261136 480991 6680 72 304 72 10 37127 5058 228105 36 17636 62894 189684 47250 114020 3466 672 539 2368 105 27299 6821 116183 31997 155009 82185 85758 29938 13703 1280 10136 30629 436 3789 1166 2045 6671 28536 2153 1558 10021 4637 14512 92313 9036 1033 5020 2244 382 416 895 217 100 4431
internal_value=-0.000648756 -0.0186486 0.000881093 0.0133623 -0.0106575 0.0500708 -0.00142498 -0.00987683 -0.0512417 -0.142363 -1.78143 -11.9392 -17.1612 -10.0419 0.0011407 -7.00262e-05 -0.0215947 -2.79015 0.000578045 -0.0136753 0.00764197 0.0197651 -0.0392893 0.000313144 -0.061382 -0.0230771 -0.0297379 0.00449342 0.00274071 0.00630676 -0.0193816 0.0101841 0.00373424 0.00264114 0.00680251 -0.000983192 0.0307073 0.0487375 0.0143346 -0.0217547 -0.00629216 7.97047e-05 0.0167826 -0.0373608 0.000776071 -0.000280337 -0.00975054 -0.0123918 -0.0275626 0.00225809 0.00171583 0.000295002 -0.022107 -0.0011885 0.00176172 0.0254189 0.0178554 0.0223899 0.0543691 0.00647029 -0.0531243 0.00291761
internal_weight=19512.7 1528.51 17984.1 2804.63 1388.56 378.124 15179.5 3534.89 677.445 78.5572 2.94999 0.426343 0.295848 0.0794502 11644.6 2857.45 1019.93 0.0365568 11565.3 850.62 2426.5 1069.22 598.888 11535.3 169.31 380.932 355.899 747.826 2725.91 740.197 308.428 706.966 2695.48 2655 2268.11 1710.88 557.228 313.342 117.713 386.889 268.894 11507.6 621.039 62.3937 11210.5 10557.5 2231.69 2107.99 811.888 8325.84 8247.13 7695.31 472.873 299.181 7222.43 405.447 653.015 613.803 204.002 409.8 39.2121 401.764
internal_count=3527285 1215201 2312084 617272 406810 247344 1694812 1447472 982411 268310 7174 494 190 118 247340 465061 355086 108 210213 126309 369928 180244 714101 209066 228777 233110 232571 132994 460003 132889 230203 42029 432704 409074 295824 184947 110877 25119 11416 113250 82621 205600 35208 3211 201811 188699 42268 40115 11579 146431 141794 124158 24581 15545 99577 7264 13112 12630 1311 11319 482 11102
is_linear=0
shrinkage=0.1


Tree=76
num_leaves=63
num_cat=0
split_feature=9 16 25 10 16 7 17 26 0 2 21 22 25 23 15 22 18 5 21 16 9 14 6 9 9 9 9 14 10 7 10 16 21 18 16 10 7 0 14 14 6 9 17 2 5 7 18 9 0 14 14 10 17 7 0 7 14 5 15 10 26 4
split_gain=45.8783 89.9827 40.6912 50.0233 41.6738 39.4557 28.8783 28.1088 29.0835 24.3628 23.3441 24.5636 23.2042 22.301 26.6029 22.6391 21.2261 20.3429 27.4255 39.7001 20.9682 31.3717 19.8678 22.2589 31.6676 26.8615 24.3889 20.7776 20.2795 19.9882 19.0643 22.666 18.7504 18.7366 31.2906 18.5093 20.3359 19.4378 18.4436 18.259 24.5941 22.4465 23.1454 23.4354 22.4073 23.998 20.0749 21.1141 24.3621 18.3825 22.266 18.1876 18.0478 38.7944 17.8952 17.8493 17.5312 17.3431 19.6978 17.1292 17.0505 22.695
threshold=42.488718032836921 64.306598663330092 1.0000000180025095e-35 97.726097106933608 65.52698135375978 32.049383163452156 99.22778701782228 1.0000000180025095e-35 0.94227582216262828 0.80643445253372203 14.500000000000002 6.5000000000000009 1.5000000000000002 0.23611111193895343 98.51843643188478 8.5000000000000018 0.89736840128898632 1.0000000180025095e-35 5.5000000000000009 97.309360504150405 81.892700195312514 7.5000000000000009 31.643132209777836 35.948717117309577 33.615818023681648 37.617923736572273 39.250699996948249 12.500000000000002 25.866189002990726 16.064516067504886 70.678733825683608 96.884704589843764 5.5000000000000009 0.77097901701927196 98.601333618164077 85.053192138671889 71.535182952880874 0.38847184181213384 11.500000000000002 9.5000000000000018 33.534135818481452 45.222154617309577 96.113964080810561 0.75192296504974376 1.0000000180025095e-35 29.300813674926761 0.95346319675445568 84.29276275634767 0.62948855757713329 18.500000000000004 14.500000000000002 53.907203674316413 44.519517898559577 22.903981208801273 0.32339629530906683 62.889245986938484 5.5000000000000009 1.0000000180025095e-35 51.295475006103523 32.757078170776374 1.0000000180025095e-35 1.0000000180025095e-35
decision_type=2 2 2 2 2 2 2 2 2 2 2 2 2 2 2 2 2 2 2 2 2 2 2 2 2 2 2 2 2 2 2 2 2 2 2 2 2 2 2 2 2 2 2 2 2 2 2 2 2 2 2 2 2 2 2 2 2 2 2 2 2 2
left_child=1 -1 3 39 32 9 10 -6 -9 12 17 54 22 15 -15 -10 30 18 19 51 21 35 23 24 29 28 -27 -28 -25 -3 31 -8 -5 -22 -35 36 37 -19 -13 40 -2 -42 44 -44 45 -43 49 48 -48 50 -41 -4 53 -14 -12 56 -46 -11 -59 -24 61 -45
right_child=2 5 6 4 7 -7 16 8 13 57 11 38 52 14 -16 -17 -18 20 -20 -21 33 -23 59 25 -26 26 27 -29 -30 -31 -32 -33 -34 34 -36 -37 -38 -39 -40 46 41 42 43 60 55 -47 47 -49 -50 -51 -52 -53 -54 -55 -56 -57 -58 58 -60 -61 -62 -63
leaf_value=-0.097696480687341589 0.063789362384925524 0.047730741581885491 -0.0450666195261617 -0.11428020841184594 0.096746992901608667 -0.045891108117620642 0.22584139885918569 0.056463914323885145 -0.58398839973650485 -0.066819706335438753 0.007159473277591733 0.006370652148953871 5.6985442678516698 0.016588733165629827 -1.4053762557100145 -0.13038515057415198 -0.46764254081005607 -0.038866708303915455 0.0065015491209773069 0.066624614943361957 -0.0021136172552438967 -0.044203760916165416 -0.1042440740206462 0.034828252664572783 -0.068953508253615389 -0.070262566229301729 0.066807130156857061 -0.024558844639458888 0.11614405715890382 -0.00079702217250119842 0.089108908078643426 -0.001240885571200335 0.010032549462680425 -0.059966263927423262 0.042037223513360235 -0.11907837763366125 0.020137147633972369 -0.0053809974512897089 -0.10810343629603575 -0.026573732901862459 -0.048901030182119019 0.17422344054378242 -0.042229897542178603 -0.067840188720180369 -0.029807475554551904 0.031779208174452837 0.074977232888663772 0.094907927551558552 -0.027033608227287648 -0.075610882384310352 0.024600935093897242 -0.0066056659458367173 -0.042684442884533637 -0.10014146638782287 0.0701778746109053 0.022772435323455943 0.023465712788110816 -0.18040057382135644 0.00062855844342650903 -0.0027991270722898137 -0.014518544239225321 0.037007173048262863
leaf_weight=126.92649238388549 87.375998696843453 115.02082008143771 129.77961863360451 14.114870116754899 148.56296098441817 247.19340992065554 4.6995188600267275 85.046158800832927 1.310265791136773 86.47854477808869 70.09884990151329 169.09936081987689 0.017244450427823632 14.335146288154643 0.13278680527582842 6.8657776955515146 0.80267220153473218 231.13188242465458 4512.1869044548594 72.153485234011896 5906.9318637558172 317.17970981932467 26.082307309436146 65.294170045031933 54.42027302851784 30.479412695945939 64.165018895000685 40.663893696117157 57.835955301561626 323.87487074366072 61.495423392159864 67.946683024114463 86.427269052539486 128.17441323655657 39.292761628807057 14.998135260189882 219.01280479504931 693.43836857833958 15.352207659321719 285.35205717720964 63.585371244989801 12.109754824690752 130.16432000312489 23.107909024693072 183.7735975786054 507.07453845046984 33.485762204742059 32.839486500248313 77.812630574568175 49.948591602747911 121.10615284215601 2337.1638386431441 94.505133990380273 0.034862025851907674 126.15840287055983 320.20636308190296 93.048954023193801 6.33183237704361 118.49397647271689 46.000247844334808 202.55654442042578 193.70060042670229
leaf_count=808391 13969 11533 150975 298 216671 123334 92 23094 73 5915 17390 15065 38 5565 18 402 43 293631 423065 4174 173399 292052 12992 10771 18785 10229 12327 9716 10430 66142 17670 2683 1565 1078 5547 367 14860 163745 3888 38101 20519 1666 14185 355 33895 64968 897 18073 3139 13388 15822 107120 94705 98 7968 41093 17525 1340 5910 12545 5358 66633
internal_value=-0.000354067 -0.0171298 0.00105599 0.0121889 0.0471416 -0.00970285 -0.000986938 0.0685489 0.0296485 -0.00178437 -0.00140174 0.023044 0.00525968 -0.0710648 0.00353793 -0.203078 0.0450664 -0.00203912 0.00182324 -0.00649052 -0.00564628 -0.016338 0.0106448 0.0154535 0.00299894 0.0392273 0.00847295 0.0313656 0.0730234 0.0119206 0.0481344 0.0134492 -0.00741942 -0.00304876 -0.0360332 -0.00870926 -0.00726177 -0.013752 -0.00315721 0.00702975 0.0120267 0.00941138 0.0116373 -0.00516257 0.0199082 0.0351017 -0.00808659 0.0244477 0.00365786 -0.0183613 -0.011326 -0.008629 -0.0416586 1.81891 0.0476691 0.00669568 -0.0119006 -0.0324 -0.00855421 -0.0395059 0.00634254 0.0258323
internal_weight=19395 1503.82 17891.1 2774.04 356.795 1376.89 15117.1 256.253 107.69 1129.7 14982.2 380.709 918.394 22.644 14.4679 8.17604 134.944 14601.4 7051.28 2539.1 7550.16 1475.76 823.837 751.754 493.316 258.438 135.308 104.829 123.13 438.896 134.142 72.6462 100.542 6074.4 167.467 1158.58 1143.58 924.57 184.452 2417.25 1816.7 1729.33 1665.74 549.529 1116.21 519.184 600.545 144.138 111.298 456.407 406.458 2466.94 94.5572 0.0521065 196.257 597.029 276.823 211.304 124.826 72.0826 419.365 216.809
internal_count=3527285 1215201 2312084 617272 247686 406810 1694812 245823 29152 283476 1674324 44311 270311 6058 5583 475 20488 1630013 685334 262269 944679 764655 175470 149933 96460 53473 32272 22043 21201 77675 20445 2775 1863 180024 6625 472603 472236 457376 18953 369586 280166 266197 245678 86531 159147 66634 89420 22109 4036 67311 53923 258095 94841 136 25358 92513 51420 13165 7250 25537 72346 66988
is_linear=0
shrinkage=0.1


Tree=77
num_leaves=63
num_cat=0
split_feature=26 3 11 3 21 26 10 9 23 14 9 18 0 6 9 16 18 15 27 23 11 16 24 16 23 18 0 21 16 17 23 18 17 27 24 21 23 18 26 18 16 16 21 15 17 21 3 21 11 18 15 9 26 14 21 14 17 10 16 23 15 9
split_gain=43.9413 38.2026 70.1776 127.37 71.3514 69.3747 53.0363 40.6583 40.19 38.4906 32.41 32.7371 35.3709 35.9055 32.339 31.8565 29.4616 34.5717 34.6782 29.3544 28.2066 38.5526 28.0532 26.3642 31.3819 24.3865 24.0164 23.3608 45.4186 30.6549 30.3285 29.376 57.957 27.251 127.452 48.9577 30.7221 37.7351 28.328 24.3254 23.808 22.4531 21.6475 21.2667 21.2213 23.7522 21.0414 22.0629 28.9315 25.8087 35.5072 29.5809 20.6614 20.3796 20.377 20.3482 19.8022 19.7974 23.6133 36.5901 41.2019 19.1228
threshold=2.5000000000000004 2.5000000000000004 0.31666667759418493 20.500000000000004 7.5000000000000009 1.0000000180025095e-35 98.147510528564467 70.087718963623061 0.37980769574642187 18.500000000000004 76.533164978027358 0.44222222268581396 0.68264678120613109 26.747966766357425 68.660713195800795 57.909116744995124 0.051315790042281158 41.614616394042976 1.0000000180025095e-35 0.10555555671453477 0.47222222387790685 99.775783538818374 4.5000000000000009 83.157192230224624 0.23611111193895343 0.8441295623779298 0.31066788733005529 5.5000000000000009 97.309360504150405 97.315315246582045 -1.0000000180025095e-35 0.58957219123840343 94.151844024658217 1.0000000180025095e-35 1.5000000000000002 7.5000000000000009 0.26136364042758947 0.43167701363563543 1.5000000000000002 0.44222222268581396 95.678848266601577 95.393455505371108 7.5000000000000009 94.881153106689467 90.204421997070327 7.5000000000000009 153.50000000000003 8.5000000000000018 0.35416667163372045 0.42481203377246862 1.0000000180025095e-35 84.29276275634767 1.0000000180025095e-35 9.5000000000000018 7.5000000000000009 7.5000000000000009 53.866081237792976 94.494949340820327 92.880184173583999 0.64583334326744091 88.473194122314467 58.123168945312507
decision_type=2 2 2 2 2 2 2 2 2 2 2 2 2 2 2 2 2 2 2 2 2 2 2 2 2 2 2 2 2 2 2 2 2 2 2 2 2 2 2 2 2 2 2 2 2 2 2 2 2 2 2 2 2 2 2 2 2 2 2 2 2 2
left_child=1 5 3 4 10 6 8 55 -1 14 11 22 13 26 23 -8 -7 18 19 41 46 -22 -3 24 -6 27 -13 28 29 31 -30 32 39 36 35 43 -29 -38 -39 40 -19 -18 -5 -35 45 -36 47 48 49 50 -9 -51 -23 -16 -2 -4 -10 -46 59 -59 -61 -44
right_child=54 2 7 42 9 16 15 20 56 -11 -12 12 -14 -15 53 -17 17 25 -20 -21 21 52 -24 -25 -26 -27 -28 33 30 -31 -32 -33 -34 34 44 -37 37 38 -40 -41 -42 -43 61 -45 57 -47 -48 -49 -50 51 -52 -53 -54 -55 -56 -57 -58 58 -60 60 -62 -63
leaf_value=0.041099158203152866 -0.029686457561374953 -0.071533043332212262 0.036796492217981279 -0.094194489191192748 -0.078136037897113875 -0.090434768375353969 0.02373916587195854 0.0085523753484216987 -0.061448258740193523 -0.10001030067609512 0.029360579151796219 0.39433280778908153 -0.063244113843450286 -0.031306359686717251 0.058375666222252542 0.094348952827205651 0.025565772726833372 -0.027500293136750245 -0.092595709170116364 0.11655412383204274 -0.00028122938929134577 0.073296446622573619 1.3626301890605503 0.012003928304914105 0.013125776528284366 -0.028577569704169904 0.027954095187871571 0.0019799946858898884 -0.084291839770970642 0.053134633419500393 0.069420058077644078 -0.028319176301792589 0.095103065780756529 0.059079833091403126 0.020197359227939096 -0.038322756176752272 0.081862508922451255 0.021508245728049408 -0.052037083187653682 0.019055016369804119 0.1365235565606033 -0.5114571735275234 -0.083144352308597347 -0.093793023728638805 -0.11302871899081646 -0.10697741908926028 -0.067702681066176842 -0.034817295176535305 -0.074681253796570965 0.065672536325311934 -0.067415362400673154 -0.025610055928166071 -0.0029947561957939868 -0.0090566401428064866 -0.11296672186524526 -0.076309468171212522 0.0083723560257025018 -0.25670451190120275 -0.16231333059092767 -2.0071275392463006 -0.586362257128903 -0.0080987779134280447
leaf_weight=445.67661074058742 86.02507916092145 210.33329391510574 369.98891161282654 217.85613480808567 80.232908205967988 35.766829613392474 111.99935266794637 249.30544702333282 42.104267023867578 31.185021801044059 81.125880138818047 1.8124506988096971 160.82496741693467 232.32990814719233 198.92708965342899 148.76522904101876 60.169511287931527 388.14883504906902 15.150181350785713 61.459839820912748 8022.2807215200446 110.7544037331827 0.13647932106687122 535.06560822640313 71.042163657482888 295.41691016149707 139.17159206027281 2064.52693279089 14.618535846006123 66.778020633675624 105.27999540092424 854.0420265084249 58.182778126618359 171.24895003347774 25.164098046931031 93.008003939859918 99.367198332824046 833.43234743291396 55.884632325411076 199.26164800827974 9.0557504993630555 0.78876326209865411 64.085861205327831 9.6106565969530475 64.227990141836926 35.269299745101307 77.160472203046083 302.98289144611044 48.789526804204797 116.86334733199328 81.684811710176291 50.990282835031394 52.243362986249849 57.853282700671116 44.619285204178595 16.620304512719031 1152.7492274326942 2.1445962791331099 7.2362472212407738 0.28434921556618042 0.72336559253744781 72.218635928592192
leaf_count=28826 33042 588721 86314 857024 226136 39074 2545 54573 22403 15836 17069 1331 4657 38432 16649 153735 13248 23450 3859 6222 177667 108940 24 55690 72876 8419 14851 68312 197 1086 7634 12120 654 9294 1091 2706 5494 18212 1179 4094 65 10 247042 301 870 1130 86797 34189 9104 4245 36209 3101 4879 6295 62540 5167 146159 30 469 63 121 74813
internal_value=-0.000330806 6.28596e-05 -0.00352386 -0.0198196 -0.00903391 0.00561569 0.0221299 0.000171466 0.0154712 0.00929483 -0.0306605 -0.0371998 -0.0240378 -0.00714755 0.0129091 0.0640218 3.4986e-05 0.000613794 0.0501236 0.0677862 -0.00117602 0.000697025 -0.0706031 0.00158273 -0.0352774 -0.000635259 0.0326642 0.000965252 -0.00865229 -0.0131676 0.0506789 -0.0161023 -0.000164346 0.00567486 -0.0185678 0.0206363 0.00892169 0.023417 0.0168867 -0.00945728 -0.0237608 0.018617 -0.0746388 0.0509564 -0.0980698 -0.0540226 -0.0177009 -0.0131652 -0.00118596 0.00600226 -0.0101956 0.0379429 0.0488439 0.043183 -0.0581294 0.0319341 0.00591202 -0.133745 -0.261821 -0.490246 -0.987263 -0.0433827
internal_weight=19312.1 19181.4 11653.9 2154.2 1800.04 7527.54 1901.29 9499.66 1640.53 974.306 825.735 744.609 534.139 373.314 943.121 260.765 5626.25 5590.48 137.568 122.418 9113.06 8185.28 210.47 686.341 151.275 5452.91 140.984 5157.5 1695.37 1575.47 119.899 1508.69 654.649 3462.13 408.918 273.868 3053.21 988.684 889.317 596.466 397.205 60.9583 354.161 180.86 135.05 60.4334 927.777 850.616 547.633 498.844 330.99 167.854 162.998 256.78 130.644 386.609 1194.85 74.6165 10.3886 3.15231 1.00771 136.304
internal_count=3527285 3431703 2848631 2237446 1058567 583072 353668 611185 197388 393482 665085 648016 59271 54614 377646 156280 229404 190330 23339 19480 519704 291486 588745 354702 299012 166991 16182 158572 49300 41469 7831 40383 28263 109272 16075 12301 93197 24885 19391 27609 23515 13258 1178879 9595 3774 2221 228218 141421 107232 98128 90782 7346 113819 22944 95582 91481 168562 1553 683 214 184 321855
is_linear=0
shrinkage=0.1


Tree=78
num_leaves=63
num_cat=0
split_feature=1 9 16 11 17 15 3 26 3 10 18 17 11 18 16 23 15 18 3 3 1 8 10 7 18 3 16 5 10 23 15 26 3 11 11 9 9 16 15 5 14 7 3 10 10 9 15 9 9 16 3 10 9 14 16 8 18 23 14 11 15 16
split_gain=37.6988 35.1518 99.9007 34.2751 35.1581 73.2656 30.8403 28.276 55.248 29.9734 25.375 23.0663 79.5006 22.3052 21.1783 21.48 19.1544 24.9327 19.0693 19.539 18.8717 18.8625 19.5237 18.0147 18.4128 17.6308 18.7474 21.5424 46.2973 46.2306 17.6141 16.8635 20.6998 16.9742 46.0627 59.2712 34.0589 20.6279 20.8456 25.0375 22.8485 19.4003 23.2768 20.6081 32.52 25.668 30.0196 21.2204 18.9057 18.9797 18.5405 17.1834 22.5756 31.6383 16.8614 20.1051 16.7378 16.4377 16.2668 16.1938 16.098 19.9252
threshold=3.5000000000000004 49.675325393676765 64.722881317138686 0.19090909510850909 67.811347961425795 47.285013198852546 11.500000000000002 1.0000000180025095e-35 1.5000000000000002 97.498435974121108 0.051315790042281158 59.65881538391114 0.77500000596046459 0.8441295623779298 98.514816284179702 -1.0000000180025095e-35 1.0000000180025095e-35 0.1490740776062012 14.500000000000002 8.5000000000000018 18.500000000000004 32.305501937866218 17.467581748962406 94.201679229736342 0.80476191639900219 1.5000000000000002 66.826156616210952 1.0000000180025095e-35 27.072835922241214 0.44949495792388922 96.884704589843764 1.5000000000000002 5.5000000000000009 1.0000000180025095e-35 0.23611111193895343 74.322341918945327 89.039035797119155 47.089620590209968 63.499586105346687 1.0000000180025095e-35 8.5000000000000018 71.535182952880874 1.5000000000000002 68.801231384277358 83.935482025146499 75.93103408813478 82.780586242675795 82.446311950683608 61.16780090332032 44.843700408935554 12.500000000000002 49.637681961059577 51.355310440063484 4.5000000000000009 97.896198272705092 97.999198913574233 0.79057019948959362 0.37980769574642187 1.0000000180025095e-35 0.31666667759418493 33.420593261718757 83.530395507812514
decision_type=2 2 2 2 2 2 2 2 2 2 2 2 2 2 2 2 2 2 2 2 2 2 2 2 2 2 2 2 2 2 2 2 2 2 2 2 2 2 2 2 2 2 2 2 2 2 2 2 2 2 2 2 2 2 2 2 2 2 2 2 2 2
left_child=7 2 -2 6 5 -5 21 8 9 57 -9 16 54 14 60 23 18 -18 19 -10 31 25 -23 -16 56 26 27 28 29 -4 -15 33 -33 36 35 -35 37 -3 39 40 -39 -40 43 -43 45 -45 -47 -48 49 51 -41 -36 53 -53 -13 -56 -25 -1 -21 -20 61 -12
right_child=1 20 3 4 -6 -7 -8 10 11 -11 13 12 -14 30 15 -17 17 -19 59 58 -22 22 -24 24 -26 -27 -28 -29 -30 -31 -32 32 -34 34 48 -37 -38 38 41 50 -42 42 -44 44 -46 46 47 -49 -50 -51 -52 52 -54 -55 55 -57 -58 -59 -60 -61 -62 -63
leaf_value=0.071129566493669125 -0.096119992487672168 -0.092156797083278202 0.33682771190287225 2.2245640164463807 0.1393696044661627 0.071091711663788221 -0.076425120136004596 -0.095409668970794712 0.0036174165811434233 0.093609878168367244 0.1190393016296491 0.027675647274471263 0.089492057856849536 -0.0081407363224861879 -0.013133226774699348 0.045507220440900449 -0.093677320992021654 0.0058849092889288772 -0.08296812169401574 -0.036612440724034773 -0.036005818893920009 0.68476407133401962 -0.032287479423764268 -0.21722031136863662 0.1020332603596355 -0.0095495475131868492 0.020985885604418102 0.04619757866099073 -0.10221718067626043 2.3059716543260942 -0.053545265093167961 -0.012219008308815402 -0.075942195630320009 -0.10051227689604214 -0.044084900249661996 0.030438520131079894 0.096302016411175945 0.092032040056484687 0.00050893938774416645 0.019327848587559975 0.0061954936423930067 0.13602869827353731 0.022785213255116385 -0.17036719566730196 0.018019807467900686 -0.12873370522879871 -1.125907174027668 -0.46889773138295754 -0.0016894501967554361 0.088004919758585237 -0.074176453110042534 -0.10030448223389082 0.083237633601067451 2.9681812594587491 -0.0057192665073704666 0.070612667697898868 -0.78133909925321088 0.020596650770668856 0.0018509764464345185 0.014259827489860011 -7.7419188291786255e-05 -0.064489710207386572
leaf_weight=79.10250131902194 153.6619146345929 19.939664438860746 0.22873326641274538 0.25777258942980452 6.0856083522521658 0.40812229466973804 67.722021643523476 27.985951701215527 824.13807624392234 89.750746428238926 23.133469877153406 292.22037773206102 136.58392461054609 257.74974366906099 41.960937760886736 192.18747589376289 48.541368531718035 52.201142452635395 17.42565933967046 289.25095480644086 164.63034157447055 0.38032970887434103 236.20697468953585 1.5655875601805744 1.0186875800136475 487.09293758225976 237.52409989963053 1.1795554224227089 0.39283454508404247 0.24903749802615494 127.80591417907272 324.85818372137106 60.464871876313225 102.35608774688444 30.337127766884805 52.187237881182227 46.723094630433479 89.664925760953338 368.27594968998892 120.15494236556697 47.406574335895129 1.3488565664738397 6.9544386102352282 2.1097138237673789 2.3364854496321641 0.83914994332008097 1.1346511403098705 0.8674147615674882 6696.7052615743705 47.37144107563654 25.750639011457679 0.069369000972072992 11.67932768929313 0.065169801309821196 600.68743550637737 36.608860662498046 0.79206192959099997 345.6559977629222 177.38096803882218 1010.9565766418633 5109.0218158767166 7.9479270474694195
leaf_count=6428 1072352 68991 131 89 453 111 210230 14385 11308 88129 3080 31400 156276 9037 391 14147 24924 6966 35822 2016 74771 216 98102 156 93 164488 6531 282 117 15 2401 42329 47010 202440 44912 29255 8996 18139 29523 21544 21359 107 550 118 538 68 98 76 616088 4789 26143 90 10115 65 47425 27426 66 72037 3991 18419 129063 668
internal_value=-0.000296957 -0.00481484 -0.0208684 -0.00972545 0.214855 0.904716 -0.0111961 0.00404741 0.010513 0.0411022 -0.000418962 0.00599822 0.0182536 4.23119e-05 0.0017081 0.0309013 0.00059906 -0.0420878 0.00245335 -0.00564051 -0.00248927 -0.00661019 -0.0311348 -0.031014 -0.253235 0.00137448 0.0235848 0.324684 0.701997 1.36324 -0.0231917 -0.00180464 -0.0222184 -0.000779671 -0.00230855 -0.0562919 0.0136873 0.00806689 0.0110637 0.0316563 0.0623452 -0.00411658 -0.113378 -0.223025 -0.289484 -0.434604 -0.63081 -0.841251 -0.00107919 0.0445715 0.00282543 -0.00424123 0.0980744 1.38605 0.00778571 -0.00133445 -0.406738 0.0300074 -0.0219913 0.0126123 0.000359078 0.0721085
internal_weight=19207.3 9415.62 1191.39 1037.73 6.7515 0.665895 1030.98 9791.67 4000.5 514.509 5791.17 3486 1066.1 5763.18 5377.63 237.525 2419.89 100.743 2319.15 1290.77 8224.23 963.255 236.587 45.3373 3.37634 726.667 239.574 2.05016 0.870605 0.477771 385.556 8059.6 385.323 7674.28 6940.77 154.543 733.507 686.783 666.844 282.977 137.072 383.867 15.5907 8.63627 7.28742 4.95093 2.84122 2.00207 6786.23 89.5224 145.906 42.151 11.8139 0.134539 929.517 637.296 2.35765 424.758 466.632 1028.38 5140.1 31.0814
internal_count=3527285 2821231 1553117 480765 653 200 480112 706054 532567 166594 173487 365973 262527 159102 147664 14853 103446 31890 71556 17315 1268114 269882 98318 706 315 171564 7076 545 263 146 11438 1193343 89339 1104004 907754 231695 196250 187254 118263 87185 39498 31078 1555 1005 898 360 242 174 676059 59971 47687 55182 10270 155 106251 74851 222 78465 6007 54241 132811 3748
is_linear=0
shrinkage=0.1


Tree=79
num_leaves=63
num_cat=0
split_feature=26 1 3 9 17 11 11 21 9 8 3 18 18 8 1 15 18 8 9 10 7 15 21 21 25 0 18 21 11 21 6 18 9 3 0 17 5 15 6 10 10 6 9 11 0 0 18 21 0 7 6 3 1 27 4 9 8 0 3 9 1 18
split_gain=35.4825 30.693 24.4506 45.7181 71.465 28.1492 34.1489 64.7062 37.1396 26.0671 25.256 24.1528 23.7059 37.1274 23.2071 22.0021 132.374 21.0439 21.9801 20.8693 20.5067 20.181 24.0397 19.9173 18.8731 18.753 29.1531 34.6761 28.9157 28.8829 40.1123 26.2725 25.2464 21.1678 18.5974 16.968 16.828 16.8158 17.7779 19.7131 17.3219 34.6019 16.7242 29.8815 16.5477 16.4358 16.3072 16.3616 16.2348 19.7131 18.0388 16.227 15.8642 15.4435 15.3798 15.1532 23.1457 15.0817 19.9413 15.9525 15.0349 14.9559
threshold=2.5000000000000004 2.5000000000000004 1.5000000000000002 58.434959411621101 63.427747726440437 1.0000000180025095e-35 0.31666667759418493 6.5000000000000009 84.29276275634767 79.118217468261733 22.500000000000004 0.38585607707500463 0.94868421554565441 97.999198913574233 1.0000000180025095e-35 1.0000000180025095e-35 0.051315790042281158 64.051280975341811 79.118217468261733 30.471628189086918 34.330356597900398 49.30542182922364 12.500000000000002 7.5000000000000009 1.5000000000000002 0.41422861814498907 0.29289215803146368 6.5000000000000009 0.81666666269302379 6.5000000000000009 69.614067077636733 0.075498577207326903 73.401363372802749 26.500000000000004 0.60687214136123668 54.491662979125984 1.0000000180025095e-35 1.0000000180025095e-35 30.877573013305668 32.757078170776374 27.072835922241214 25.15822792053223 97.100841522216811 0.58571431040763866 0.22989989817142489 0.70928296446800243 0.58957219123840343 4.5000000000000009 0.50150278210639965 46.709957122802741 72.871574401855483 241.50000000000003 15.500000000000002 -1.0000000180025095e-35 1.0000000180025095e-35 75.716625213623061 41.421361923217781 0.32819187641143804 21.500000000000004 90.098037719726577 1.5000000000000002 0.38278388977050787
decision_type=2 2 2 2 2 2 2 2 2 2 2 2 2 2 2 2 2 2 2 2 2 2 2 2 2 2 2 2 2 2 2 2 2 2 2 2 2 2 2 2 2 2 2 2 2 2 2 2 2 2 2 2 2 2 2 2 2 2 2 2 2 2
left_child=1 12 37 4 -4 19 7 55 17 11 21 -10 14 42 34 20 -17 18 36 -5 -8 22 -6 -2 45 28 27 -27 32 30 -28 -30 35 -33 -1 -18 -9 52 40 -40 41 -39 54 -44 -20 61 -32 -48 51 50 -50 -22 -3 -43 -14 -7 -57 58 -21 -59 -16 -23
right_child=23 2 3 5 10 6 15 8 9 -11 -12 -13 13 -15 60 16 25 -19 44 57 48 24 -24 -25 -26 26 29 -29 31 -31 46 33 -34 -35 -36 -37 -38 38 39 -41 -42 53 43 -45 -46 -47 47 -49 49 -51 -52 -53 -54 -55 -56 56 -58 59 -60 -61 -62 -63
leaf_value=-0.037937034185781725 -0.025960976156540052 0.079299769362577446 -0.0668080512853928 -0.05166522527082025 0.0080644763237781112 -0.11276096569849947 0.11169836179268229 0.04959510711371188 0.2053187159191471 -0.031299595851145889 -0.078330789724697189 0.044136865555633668 -0.040529561195442244 0.091109558804065516 0.013455605160540474 -0.10202648452773988 -0.074185603961640811 -0.061491346994659704 0.68644615701817946 0.10154538256504571 0.0078026730709451269 -0.046080759118594244 0.12418799917677381 -0.111493542288854 -0.055708443483021557 -0.087986553635017339 0.052776690322918721 -0.0087356524170390994 0.3147360694878315 -0.021079958602909399 0.015817825839966819 0.07246467357451343 -0.015167076666186372 -0.046600144882326222 -0.0031554713970447529 0.1016385282746875 -0.042146017877263818 0.029509441452379537 -0.063853899523616933 0.0027907907475473864 0.063122565226211985 0.1619312657229024 -0.10874783182892267 -1.1081683352351619 0.12948887337513815 -0.032089783801226533 -0.087662369830059428 -0.0084041360858968343 0.063959844059803858 -0.0069095933843773237 0.45819494239565706 -0.018724142937171891 -0.090918591052493739 -0.095604577571741178 0.024325798240000474 2.3221158473235457 -0.048476078498260217 0.015694185621102717 -0.1006606617693592 0.10016289480101062 0.002337132220760328 0.0047884044334913153
leaf_weight=177.47488865494597 84.88851978405728 49.10735736892093 282.47152908686439 34.195701895560887 73.71583651900437 84.967230357751305 16.806539596583207 33.396192899441928 17.323615805173176 16.748661415156676 52.511268178459432 20.064654685207643 41.472895476501435 77.014932553604012 2120.3202148679848 147.32451631327876 6.5966961990634436 76.65027684559027 0.57653166356612828 46.121611184840731 2832.3250457535128 63.650154609080346 23.514109518029727 40.078901909211709 88.333121678326279 94.573724154819502 159.21172515794751 132.64842214161763 3.9252743216929948 592.70545964053599 328.28467529432965 83.048279718670528 212.29276863786799 18.204818008467555 1148.9177248338528 32.680348928552121 49.823116737052089 178.76121696850169 45.312481119763106 2165.3495052627695 93.018505963656935 2.5016450919065383 3.1167343625565986 0.33092611399479199 7.1387155592092313 205.60791737688123 27.422756309882971 518.69172968936618 22.986880076903621 2026.6850798701053 1.2223582435981359 251.04465932693756 6.1623599494341752 33.637079265434295 308.95102066581603 0.041215436169294573 59.04804362959112 301.37330551742343 5.4538536219042717 24.149905990518164 2852.2913434632937 628.47296134422504
leaf_count=10218 33042 1305 1279161 7217 25698 229396 5524 20268 3881 5233 182017 392 1224 147625 114181 121151 4928 54410 64 6106 170226 130356 6203 62540 93192 9737 4304 7555 232 22407 5636 2964 20712 526 74006 3604 59605 7970 5193 98293 5727 177 501 93 1320 4805 967 19751 2050 32849 67 32290 116 3744 42359 8 80934 22115 3493 4108 136618 94891
internal_value=-0.000281372 6.78098e-05 -0.00290726 -0.00520552 -0.0217958 -0.00236575 -0.00369784 -0.0335346 0.000367498 0.0723762 -0.0106014 0.118819 0.00549546 0.0281878 0.00394318 -0.00224437 -0.0102457 -0.0228943 0.00963972 0.0231378 0.00141779 -0.00731826 0.0361478 -0.0533925 -0.0116042 -0.00412815 -0.00816917 -0.0417212 0.0168676 -0.00348142 0.00661015 0.0608979 -0.00154096 0.0510574 -0.00780934 0.0721083 -0.00532999 0.00575773 0.00456035 0.00142476 0.0270719 0.0114676 0.0144938 -0.204678 0.171108 -0.00726451 -0.00179592 -0.012384 0.00105679 -0.00583806 0.0838653 0.00564289 0.0603211 -0.0777771 0.0166501 -0.0857143 -0.0468226 0.029921 0.0801631 0.0219607 0.00707805 0.000110291
internal_weight=19132.7 19007.8 12277.9 9704.03 1418.28 8285.75 7874.46 365.778 221.722 54.1369 1135.81 37.3883 6729.89 430.887 6299 7508.68 2357.61 167.585 90.9346 411.294 5151.07 1083.29 97.2299 124.967 986.064 2210.29 1853.54 227.222 356.748 1626.32 1033.61 105.178 251.57 101.253 1326.39 39.277 83.2193 2573.85 2518.58 2210.66 307.918 214.9 353.872 3.44766 7.71525 897.731 874.399 546.114 5134.26 2050.89 24.2092 3083.37 55.2697 36.1387 350.424 144.056 59.0893 377.099 51.5755 325.523 4972.61 692.123
internal_count=3527285 3431703 2904878 2782353 1816323 966030 922991 455511 145173 9506 537162 4273 526825 191802 335023 467480 224474 135667 81257 43039 243006 355145 31901 95582 323244 103323 70357 17292 32966 53065 30658 3722 29244 3490 84224 8532 79873 122525 121104 103486 17618 11891 44177 594 1384 230052 26354 20718 237482 34966 2117 202516 1421 3921 43583 310338 80942 35822 9599 26223 250799 225247
is_linear=0
shrinkage=0.1


Tree=80
num_leaves=63
num_cat=0
split_feature=9 16 9 9 6 25 11 23 11 6 9 9 6 9 11 2 0 2 16 1 9 7 8 2 9 11 15 0 6 0 7 2 16 8 15 9 15 3 6 15 6 2 24 26 23 11 8 16 21 17 7 16 25 3 6 6 7 8 7 6 21 15
split_gain=31.8526 68.0459 38.2251 59.1523 31.2972 27.1187 37.8337 30.4583 27.5169 43.4049 25.1164 43.2048 27.1876 24.0683 23.7366 48.5095 174.133 44.784 21.2477 18.903 18.8635 18.8229 27.0695 19.2242 21.7829 32.4465 21.506 18.9839 21.5734 18.7825 18.7269 17.6547 17.3603 16.8847 16.6814 16.4183 16.0239 21.0272 55.6757 36.148 108.105 15.9597 18.5668 15.3264 14.8694 14.8293 16.824 14.5937 17.5369 14.139 22.9286 18.2043 15.0352 18.8353 13.8022 13.7161 13.5817 27.0697 13.0787 15.781 13.0361 13.0165
threshold=42.488718032836921 64.306598663330092 42.967033386230476 44.033897399902351 19.112850189208988 1.0000000180025095e-35 0.84523808956146251 0.23611111193895343 1.0000000180025095e-35 51.471860885620124 35.948717117309577 40.270269393920906 30.0684928894043 39.250699996948249 0.23611111193895343 0.34544430673122412 0.3319032639265061 0.33967524766922003 70.615219116210952 15.500000000000002 38.529016494750984 63.702239990234382 51.191152572631843 0.86771520972251903 76.533164978027358 0.31666667759418493 88.021739959716811 0.83327901363372814 59.870130538940437 0.99999991059303295 56.294013977050788 0.79882803559303295 51.445278167724616 60.660173416137702 88.473194122314467 33.615818023681648 44.908872604370124 1.5000000000000002 22.378716468811039 43.847633361816413 26.36544227600098 0.75192296504974376 2.5000000000000004 1.0000000180025095e-35 0.81666666269302379 0.23611111193895343 30.0684928894043 61.583183288574226 6.5000000000000009 99.22778701782228 72.065574645996108 97.68778228759767 2.5000000000000004 184.50000000000003 34.851621627807624 9.1966171264648455 29.459980010986332 28.743545532226566 30.0684928894043 31.851119995117191 12.500000000000002 67.748519897460952
decision_type=2 2 2 2 2 2 2 2 2 2 2 2 2 2 2 2 2 2 2 2 2 2 2 2 2 2 2 2 2 2 2 2 2 2 2 2 2 2 2 2 2 2 2 2 2 2 2 2 2 2 2 2 2 2 2 2 2 2 2 2 2 2
left_child=1 14 18 -4 -3 6 8 -8 9 29 31 12 45 20 -1 16 -16 -18 -2 49 -14 22 43 24 25 26 -24 -27 -29 32 -30 35 -5 -28 -23 -6 37 -20 -39 -40 -41 42 -36 -10 -44 46 56 48 -9 52 51 -51 -7 58 -38 -34 57 -12 59 -54 -49 -45
right_child=2 4 3 5 10 19 7 47 21 -11 11 -13 13 -15 15 -17 17 -19 36 -21 -22 34 23 -25 -26 27 33 28 30 -31 -32 -33 55 -35 41 -37 54 38 39 40 -42 -43 44 61 -46 -47 -48 60 -50 50 -52 -53 53 -55 -56 -57 -58 -59 -60 -61 -62 -63
leaf_value=-0.092592418148517042 -0.060449623908064049 0.019316905732126102 -0.10555854692842798 -0.095689152692340185 -0.013579192535584386 -0.0010691776026868556 0.00433531276875679 -0.1047642425672215 0.096777228797884626 0.053811768587965207 0.040137674852242372 -0.0601540206431369 -0.030756075401007766 0.022650047915798274 -0.10007575007693043 -0.10058260575602118 -8.8221542046884558 -3.470702833469554 0.018788193647848794 -0.017539440164314201 -0.14360631861604284 0.016800825741254306 -0.10674952726719306 -0.0038696183316205622 -0.014367498782889588 -0.016400373461670347 -0.15291528080232947 -0.074472757673075915 -0.2263479965841235 -0.17814275381121572 -0.92523495522468124 -0.073933052019809306 -0.39648883204661728 -0.42164818795762704 -0.036005847191481206 -0.064512325607095897 0.08444531151945274 2.5853307792207638 0.24589663716660692 5.3971464428006737 -0.10060242007601838 0.00023268704877107594 -0.38552584046458671 0.10758554587902519 -0.058717886814969415 0.27673197151467821 -0.026075937969466379 0.084907613698686241 0.079041866012876605 0.16165076817177873 0.085496256060503484 -0.020692893580898736 -0.066666323164688332 -0.036575242144526461 -0.0044168804249999517 0.010094350178266315 0.11528495704829399 -0.12720068449170316 0.017552118045017998 0.20276712060052882 -0.0088048261442055971 -0.050036447034590092
leaf_weight=93.333420857943565 13.392741001185639 305.38354807361611 52.4088050021237 16.05189496757157 287.31027415446442 13417.590075037751 128.79463870153995 10.332689144997859 27.853943949776294 257.27018651936669 190.41777873843967 108.40051836372004 97.803123659643461 83.522776189849537 0.15255806130880856 0.44914557638549013 0.033880232731462456 0.029043390204606112 2.7254411932080975 645.53531393693811 17.455793539324077 500.5083711246989 44.309352149459301 156.99131096468773 95.954376164692803 61.23509080860822 5.2395548976492119 3.1742612901143721 0.88711605663411297 5.5216521424590601 0.67522045923396945 91.236189095827285 0.83077597484225307 4.2220444260165095 84.544779422169086 81.169095619523432 73.725981876625156 0.11166465763381017 3.3030324438514076 0.054545795734156743 0.10388512704957975 305.53281799444812 2.8255317918956271 7.0939996062734307 2.7445444127079099 2.4229351298417887 47.075579978452879 159.92672032045084 10.43088615417946 6.0241941437998312 50.354680546501186 60.068280104198493 3.005062004806403 66.321601466732091 22.910624733667646 652.13595866620744 21.493385945766931 10.184017763240261 611.18225375629459 7.8592295017442666 16.362817923480179 20.037243152706651
leaf_count=806050 51382 41117 69502 61522 101028 1122807 11154 219 4767 43834 39954 53150 44711 34601 868 1363 70 40 36 342607 11565 53454 14089 16694 12096 8191 162 164 62 50 50 7249 82 95 12415 44555 8524 92 1501 20 174 64293 83 2276 361 46 19797 221264 405 164 17241 2786 3913 25855 5316 49559 5194 3843 63925 4380 14302 216
internal_value=-0.000267033 -0.0145782 0.000900948 0.000521201 -0.00882489 0.000839808 0.0103007 0.0421524 0.00569948 0.0188644 -0.0171004 -0.00324028 0.0098758 -0.0182261 -0.096833 -0.69233 -1.92576 -6.35211 0.0580349 -0.000802874 -0.0478471 -0.00356695 -0.0208278 -0.0304913 -0.0498675 -0.0783149 -0.135974 -0.0313196 -0.224197 0.00553542 -0.528397 -0.0345501 0.00705138 -0.272832 0.00467047 -0.0247988 0.0734507 0.227995 0.387569 0.316671 1.7922 -0.0106749 -0.0476567 0.0446711 -0.224498 0.0304438 0.0282268 0.0668698 -0.0124266 -4.3224e-05 0.0346592 -0.00407264 -0.000329699 0.0140841 0.0633778 0.00957705 0.0397369 0.0316424 0.0194854 0.128242 0.0762094 -0.00882306
internal_weight=19056 1437.87 17618.2 17501.8 1343.88 17449.4 2581.49 325.848 2255.64 931.81 1038.49 578.776 470.375 198.782 93.998 0.664627 0.215482 0.0629236 116.328 14867.9 115.259 1323.83 427.674 372.688 215.697 119.743 53.771 65.9717 4.7366 674.54 1.56234 459.716 669.019 9.4616 896.156 368.479 102.935 6.29857 3.57313 3.46146 0.158431 395.648 90.1149 54.9852 5.57008 271.594 269.171 197.053 20.7636 14222.4 116.447 66.0925 14106 688.368 96.6366 652.967 222.095 200.602 622.047 10.8643 176.29 27.1312
internal_count=3527285 1215201 2312084 2245039 406810 2175537 591859 247344 344515 155047 365693 212861 159711 90877 808391 2341 978 110 67045 1583678 56276 189468 58862 51603 34909 22813 14346 8467 276 111213 112 152832 111163 257 130606 145583 15663 1823 1787 1695 194 77152 12859 7259 444 68834 68788 236190 624 1241071 20191 2950 1220880 98073 13840 49641 48991 43797 72218 8293 235566 2492
is_linear=0
shrinkage=0.1


Tree=81
num_leaves=63
num_cat=0
split_feature=14 26 15 1 9 23 11 0 14 21 1 0 21 2 16 18 18 11 2 26 5 6 18 26 8 6 1 2 0 15 2 2 9 0 26 14 9 16 2 15 8 27 23 16 15 7 2 0 16 18 8 0 2 2 25 9 9 26 16 25 2 2
split_gain=33.468 28.2843 26.2968 22.4529 22.1821 21.2875 33.5827 19.2656 27.8687 18.8805 17.1378 17.4818 21.4995 38.7896 38.0835 33.0929 107.367 34.3034 27.8947 26.0659 29.9191 28.3314 23.6467 21.2988 28.4336 33.6185 18.5165 17.2751 30.5227 27.073 35.7575 26.085 22.3096 22.8915 20.7888 18.4518 19.2568 17.1697 15.714 18.7503 15.1124 14.5447 30.1437 17.8784 17.7319 14.403 14.2363 26.5007 54.2076 13.7136 13.6846 13.5683 31.136 13.4305 13.3723 13.3458 51.0365 13.0435 13.0432 19.4281 15.2406 26.5464
threshold=17.500000000000004 2.5000000000000004 88.473194122314467 2.5000000000000004 91.010101318359389 0.64583334326744091 0.81666666269302379 0.96125608682632457 5.5000000000000009 7.5000000000000009 18.500000000000004 0.54934528470039379 6.5000000000000009 0.54388654232025158 70.986831665039077 -1.0000000180025095e-35 0.2709790319204331 0.31666667759418493 0.71566942334175121 1.5000000000000002 1.0000000180025095e-35 86.526824951171889 0.88562092185020458 1.0000000180025095e-35 71.010189056396499 36.882591247558601 6.5000000000000009 0.65152299404144298 0.69480258226394664 70.162345886230483 0.70128422975540172 0.81455671787261974 37.394067764282234 0.80951866507530224 1.0000000180025095e-35 5.5000000000000009 44.033897399902351 94.602687835693374 0.53999334573745739 80.812206268310561 59.317129135131843 1.0000000180025095e-35 0.30384616553783422 79.082908630371108 68.010150909423842 17.467581748962406 0.33967524766922003 0.29392646253108984 96.726669311523452 0.53589746356010448 24.440019607543949 0.43239469826221472 0.43730106949806219 0.52901998162269603 1.5000000000000002 47.413022994995124 45.222154617309577 1.0000000180025095e-35 52.659875869750984 2.5000000000000004 0.3805502057075501 0.40756340324878698
decision_type=2 2 2 2 2 2 2 2 2 2 2 2 2 2 2 2 2 2 2 2 2 2 2 2 2 2 2 2 2 2 2 2 2 2 2 2 2 2 2 2 2 2 2 2 2 2 2 2 2 2 2 2 2 2 2 2 2 2 2 2 2 2
left_child=1 3 4 5 -2 7 53 38 57 -3 11 12 13 15 26 17 -17 -5 19 20 23 37 -22 24 25 -14 54 -13 29 -29 49 -30 -33 -34 50 -32 -37 -21 39 40 -1 42 43 -25 -44 -18 -47 48 -48 -31 -35 52 -49 -7 -15 56 -39 -9 60 -60 -27 -62
right_child=2 9 -4 10 -6 6 -8 8 -10 -11 -12 27 18 14 -16 16 45 -19 -20 21 22 -23 -24 41 -26 58 -28 28 31 30 35 32 33 34 -36 36 -38 55 -40 -41 -42 -43 44 -45 -46 46 47 51 -50 -51 -52 -53 -54 -55 -56 -57 -58 -59 59 -61 61 -63
leaf_value=0.074655827923602619 -0.0625816955639074 -0.02246063286633453 0.0051914715974663642 -0.078160517646775132 0.014411881319874843 0.074047718982945807 0.072277501601377511 0.070684487448829325 -0.071473981249740234 -0.11011984614083795 -0.032318467534566908 -0.014595849973986981 0.011042127239877308 0.0012147041417916492 0.041677134398773914 -0.080334374192916849 0.051482626511165523 0.0022977213523429148 -0.037380426790236954 -0.063456360051834901 0.0025632453380685328 0.048814919344426166 0.15481747598369128 -0.050697515907717372 0.020437352316495835 -0.012711129235200914 -0.025178970853524191 -0.0041039407569576228 -0.020297706765360128 0.050328736815875012 0.034192129182966872 -0.069133254830741564 0.038035712023694095 -0.11581873648194968 -0.015287761503902176 -0.013695239509165799 0.1108538123720027 0.12864271043070691 0.0024925221871726364 -0.022784918958610206 0.021691749407089182 -0.058253621648253512 0.10722455066543482 0.011250928003405252 0.016494859280486909 -0.05780077800513253 0.21029165627547602 -0.0087280012570980555 2.3593705668116463 -0.0049885210728280466 0.038892237654625912 -0.017201623582672302 0.058853087355729986 0.0099874528894662393 0.046782036472986052 0.02180415685895561 1.7910431058973793 -0.012030900779809084 0.097598696261996895 0.27962321666484263 0.27111991976052702 0.051287827958591818
leaf_weight=63.797382065771671 205.48053336991143 82.671507013897354 142.71703000382695 54.593179285214319 45.750453372980701 34.089952592927148 105.80467745050555 22.915182529133745 83.552167129004374 34.961643574583576 182.51577267292669 1613.3833239385131 90.044130418379495 243.1517361592887 337.36303247864271 245.81824253765217 41.020247375272447 1804.7825804524437 131.37445410949294 112.21170968662727 1725.8415626963781 35.114048218150856 10.261401360621674 73.95634503359031 597.87477942286205 23.582773019674732 201.36236215912504 616.36145249171386 1035.5851768826105 53.538977909236564 168.13952836173121 38.855182677725679 191.6545100979929 5.9973655494322875 354.75618233167916 14.869097138951473 75.174657100331387 1.4628628356003881 4907.7499951755162 80.759223422646755 346.3159788986668 35.422842463696725 40.514192516639014 125.88851756627992 45.995186439147801 56.326205006538657 2.5109437336359401 278.73254147822445 0.12312484119320277 275.05125536076957 122.42592540893384 527.11016814249888 90.245280140850809 818.99582641808956 87.604972251829167 6.4821328865073156 0.21135823184158642 113.44633199181408 98.131575576218893 6.2363080335271652 6.648876551706052 31.602696179063059
leaf_count=19869 196653 30166 7966 263696 6582 3520 194910 9976 1686 59141 157580 68850 72818 37819 22248 620653 5286 110981 42726 137800 555591 1336 303 102938 23885 23121 105331 28192 39220 1827 5646 1031 6864 157 6774 982 1666 415 148166 1715 10500 7798 9406 22512 2530 28609 1318 58278 12 9499 35313 39224 13566 121407 8057 149 50 4379 7658 508 4815 15611
internal_value=-0.000244268 0.000366211 -0.0290877 0.000677095 -0.0485608 0.00536714 0.019138 0.00301693 -0.0259962 -0.0485137 -0.00191131 -0.0014384 0.00164163 -0.00327342 0.015393 -0.00850681 -0.0211466 -6.46151e-05 0.00774268 0.00967522 0.0118053 -0.0302181 0.00346316 0.0241216 0.0323822 0.0602519 -0.00127115 -0.00627493 -0.00172786 0.0105323 0.0259065 -0.0101603 0.00454948 0.00879194 -0.00280769 0.0537556 0.0902868 -0.0532739 0.00419878 0.021258 0.0299309 0.00219485 0.00967249 -0.0116743 0.0589855 -0.00653977 -0.00903189 -0.00597536 0.310747 0.00402462 0.0316672 -0.00690637 0.00780111 0.0125473 0.0132838 0.0868128 0.338509 0.0018692 0.0869125 0.108475 0.0505174 0.089499
internal_weight=19006.9 18613 393.948 18495.3 251.231 6577.43 958.89 5618.54 219.914 117.633 11917.9 11735.4 7169.6 3970.74 869.482 3101.26 1241.89 1859.38 3198.86 3067.48 2912 155.482 1736.1 1175.9 854.121 256.246 532.119 4565.79 2952.41 1203.13 586.774 1749.27 713.689 674.834 483.179 258.183 90.0438 120.368 5398.62 490.873 410.113 321.777 286.354 199.845 86.5094 996.069 955.048 898.722 2.63407 328.59 128.423 896.088 368.978 853.086 330.757 8.15635 1.67422 136.362 166.202 104.368 61.8343 38.2516
internal_count=3527285 3316084 211201 3226777 203235 516128 319837 196291 16041 89307 2710649 2553069 2347048 1315078 173455 1141623 766946 374677 1031970 989244 849494 139750 555894 293600 148416 124531 151207 206021 137171 47812 19620 89359 50139 49108 42244 8294 2648 138414 180250 32084 30369 145184 137386 125450 11936 146293 141007 112398 1330 11326 35470 111068 71844 124927 45876 614 465 14355 51713 8166 43547 20426
is_linear=0
shrinkage=0.1


Tree=82
num_leaves=63
num_cat=0
split_feature=14 15 26 4 22 3 26 10 0 9 18 16 2 0 1 2 21 8 2 0 1 10 0 0 14 16 21 8 2 22 18 15 2 17 0 2 0 2 0 14 15 2 2 11 18 22 21 22 0 14 2 2 25 11 16 0 16 16 20 3 11 10
split_gain=28.0848 26.4151 24.8178 46.4737 26.478 23.1301 40.1949 38.5943 32.0534 29.2001 36.6814 29.0947 27.8892 49.8735 45.1267 33.7415 32.7533 28.0851 27.3238 33.3083 30.435 26.3907 101.903 25.5439 47.6517 67.0787 25.3482 25.1101 22.0136 20.3769 20.4879 20.0787 19.7359 19.0034 19.0699 25.065 18.9336 18.3213 34.9359 17.7444 19.9652 16.8105 17.0243 18.1664 16.7863 51.2081 102.81 53.6438 34.3395 30.8621 30.7546 26.703 28.2402 25.0265 24.0563 25.2754 23.2787 39.829 58.1354 42.789 30.8649 22.6932
threshold=21.500000000000004 89.672946929931655 1.5000000000000002 1.0000000180025095e-35 9.5000000000000018 2.5000000000000004 1.0000000180025095e-35 98.147510528564467 0.80951866507530224 39.250699996948249 0.44222222268581396 57.909116744995124 0.80643445253372203 0.70928296446800243 1.0000000180025095e-35 0.70862510800361644 8.5000000000000018 23.606810569763187 0.97871470451354992 0.99999991059303295 1.0000000180025095e-35 42.94755935668946 0.2769159227609635 0.26140767335891729 4.5000000000000009 93.633907318115249 7.5000000000000009 86.425064086914077 0.99998292326927196 6.5000000000000009 0.93095237016677868 80.099010467529311 0.79882803559303295 46.113573074340827 0.43239469826221472 0.46208779513835913 0.90174803137779247 0.52901998162269603 0.53181552886962902 8.5000000000000018 48.900966644287116 0.9494706690311433 0.24117858707904818 0.38750000298023229 0.37268517911434179 4.5000000000000009 8.5000000000000018 6.5000000000000009 0.45817972719669348 8.5000000000000018 0.78347784280776989 0.45261806249618536 1.0000000180025095e-35 0.58571431040763866 37.54194641113282 0.55544140934944164 85.634922027587905 43.649168014526374 1.0000000180025095e-35 30.500000000000004 0.23611111193895343 43.288288116455085
decision_type=2 2 2 2 2 2 2 2 2 2 2 2 2 2 2 2 2 2 2 2 2 2 2 2 2 2 2 2 2 2 2 2 2 2 2 2 2 2 2 2 2 2 2 2 2 2 2 2 2 2 2 2 2 2 2 2 2 2 2 2 2 2
left_child=2 -2 5 -4 36 6 7 26 12 10 21 -9 13 15 -14 16 17 -8 -10 20 -20 -7 -23 24 25 -12 27 -1 -16 41 -31 -6 -25 -19 35 -35 -5 -36 -39 40 -18 42 43 -28 45 50 -47 54 51 -50 56 52 -46 -52 -48 -56 57 58 -11 61 -60 -59
right_child=1 -3 3 4 31 9 8 11 18 44 23 -13 14 -15 28 -17 39 33 19 -21 -22 22 -24 32 -26 -27 29 -29 -30 30 -32 -33 -34 34 37 -37 -38 38 -40 -41 -42 -43 -44 -45 48 46 47 -49 49 -51 53 -53 -54 -55 55 -57 -58 59 60 -61 -62 -63
leaf_value=-0.0056749475121819258 -0.074177357623117099 0.013291121881398721 -0.069310556407164742 -0.00014277775700387326 -0.075352379763219707 -0.075274546171984993 0.056195815737988208 0.020051122215683871 -0.027971757583374824 -0.073904430098896606 -0.10014183404520063 0.092539510449549514 -0.011432573504142708 -0.026558598165200044 0.031458600983312865 0.037380559674699616 0.08342898883547048 -0.09678143399144376 0.0021147034626604914 -0.057326324030596787 0.074713066453128529 12.779810813574803 -0.10013489398298359 0.0046789329706348314 -0.10262412677127145 2.8777815446368669 -0.2095568529264886 0.031373106787341967 0.11202029689234837 -0.0064184803109094066 0.046778606156946789 -0.013447716880168306 -0.050322031210365083 -0.00092720461842262392 -0.032480488138504508 0.05939852648344493 0.080853362347874075 0.035332915347541745 -0.013605258085931543 -0.004732030285244616 0.024821610572695857 -0.059934028646400378 0.061455826974979304 0.3219269669678142 0.079225109676356639 -0.071169747594672372 -0.088377288432968548 -0.052618375177514332 0.0073261929667967456 -0.017763839061781309 -0.058243023016989831 0.075610144987075897 -0.0080128164394340732 -0.011360022533160312 0.079465706828424187 -0.023839020449294604 -0.038652707810607256 0.16818820554076955 -0.077158980973395491 -0.053445792899358614 0.0027123281680307156 0.055085713172050244
leaf_weight=750.70792880483987 97.477283351225196 53.462642038182821 136.90269354783959 616.45304697013489 82.702866925785202 119.07130332393717 73.9152085208475 107.03961033921223 619.39569444902008 102.60101655823837 0.13784775773819902 114.70658304478275 295.60441755097418 557.56302083580522 563.67849958605802 310.42908945040836 77.342497753859789 23.147808030974829 235.76168884185608 68.023377361299936 76.47765778779285 0.0077638307629958039 0.02941767436277587 231.06511332294031 0.42609152885415824 0.16761790979944635 4.1373179022120885 241.89144661393948 36.089858399238437 198.42341554671293 113.98635903419927 142.97323676929227 90.908059149718611 261.72564483537917 308.19753098196088 93.473447547701653 30.278108859085478 179.41721404984128 780.24535322594602 128.94476375172962 233.94451523871976 12.853926512048927 229.528139016983 0.76148027047747735 50.022848199747386 306.98223546302307 11.881117571724102 77.009644202963813 2268.523755047725 625.41619665223698 142.3194497710283 113.40307598683285 143.7154994785451 569.37345360009931 121.91727235019647 29.3944204906511 143.0879329360323 20.491456554497063 48.794864820535622 34.224692789104438 5716.4457694126486 132.1155340756959
leaf_count=69119 94865 3330 316055 22779 10725 605989 8570 2545 13472 145680 236 153735 4586 8193 11521 6829 8693 26976 6253 860 3005 23 165 39391 312 26 689 65464 1157 26921 18036 2093 3897 34180 8301 4987 3750 3526 10860 7720 9458 742 11924 9 4663 511250 20834 70863 190806 28709 43147 14767 40537 5473 33813 1688 17043 27285 246429 39140 444446 8745
internal_value=-0.000232864 -0.0431962 0.000111962 -0.0151423 -0.00664191 0.000977068 0.00561811 0.0185238 0.000967797 -0.00182331 -0.0270147 0.0575485 0.0050405 0.00045625 0.0205454 0.00655249 0.00212269 -0.00410643 -0.0150178 0.00608242 0.0198964 -0.0744428 2.58931 -0.00950932 0.580729 1.53393 0.0129491 0.00335348 0.0363062 0.0299668 0.0129911 -0.0361337 -0.0108504 -0.00681401 -0.00553091 0.014948 0.00364923 -0.0112682 -0.00445584 0.0264618 0.0393832 0.0514136 0.0575189 -0.126942 -0.000779011 -0.0033793 -0.0328271 0.0161754 0.00527815 0.00190393 -0.00104723 0.0370706 0.0145118 -0.0207354 0.0486387 0.0593973 0.00121357 0.00215572 0.000708479 0.0476093 0.00203633 0.0702727
internal_weight=18957.2 150.94 18806.3 1009.31 872.407 17796.9 6697.41 1774.04 4923.38 11099.5 441.813 221.746 3923.72 3028.35 895.373 2470.78 2160.35 1720.12 999.658 380.263 312.239 119.108 0.0371815 322.705 0.731557 0.305466 1552.29 992.599 599.768 559.691 312.41 225.676 321.973 1646.21 1623.06 355.199 646.731 1267.86 959.663 440.232 311.287 247.281 234.427 4.8988 10657.7 7456.64 547.185 240.202 3201.08 2893.94 6909.45 307.141 193.738 711.693 163.193 151.312 6197.76 6054.67 5867.84 186.832 5765.24 152.607
internal_count=3527285 98195 3429090 355402 39347 3073688 528331 349184 179147 2545357 650039 156280 155557 138293 17264 130100 123271 97400 23590 10118 9258 606177 188 43862 574 262 192904 134583 12678 58321 44957 12818 43288 88830 61854 39167 26529 22687 14386 25871 18151 13364 12622 698 1895318 1615836 638448 127198 279482 219515 977388 59967 45200 48620 56335 35501 928768 911725 836555 75170 690875 36030
is_linear=0
shrinkage=0.1


Tree=83
num_leaves=63
num_cat=0
split_feature=9 16 10 9 3 10 9 9 9 9 9 9 9 6 10 9 9 14 7 9 0 3 0 2 16 3 21 9 16 14 8 14 17 18 17 8 18 16 3 22 2 26 0 1 17 18 0 27 26 24 22 16 24 16 0 16 16 14 16 17 16 2
split_gain=27.181 84.1768 381.298 128.579 29.9525 35.8469 47.212 27.3264 50.968 25.475 23.3101 49.703 27.969 38.6508 50.7896 34.099 32.7633 22.8604 26.5326 21.0152 19.5951 17.9876 29.538 61.796 17.568 16.1168 16.7632 35.785 64.7959 45.0759 26.1465 20.8929 32.6324 23.0048 44.6496 20.4563 19.2647 37.3845 19.0792 57.0099 23.0761 25.664 36.6221 36.3921 24.7513 22.5434 21.861 19.5465 20.9523 26.8819 18.6964 66.809 23.2784 31.0798 26.6857 21.375 19.1453 18.87 18.5421 20.4781 23.0757 18.5262
threshold=42.488718032836921 64.722881317138686 42.94755935668946 39.077413558959968 20.500000000000004 42.94755935668946 39.077413558959968 42.967033386230476 44.033897399902351 40.270269393920906 39.250699996948249 38.165266036987312 37.394067764282234 19.112850189208988 20.601238250732425 36.51515197753907 37.617923736572273 17.500000000000004 30.877573013305668 81.892700195312514 0.77396354079246532 268.50000000000006 0.45386785268783575 0.43565954267978674 77.345912933349624 241.50000000000003 5.5000000000000009 77.485187530517592 97.15900039672853 3.5000000000000004 63.245613098144538 10.500000000000002 64.533195495605483 0.58957219123840343 93.629318237304702 72.57053375244142 0.65108695626258861 90.960163116455092 2.5000000000000004 5.5000000000000009 0.84072214365005504 1.0000000180025095e-35 0.84520214796066295 1.0000000180025095e-35 86.685932159423842 0.093073595315217986 0.34494307637214666 1.0000000180025095e-35 1.0000000180025095e-35 1.5000000000000002 8.5000000000000018 84.650035858154311 1.0000000180025095e-35 94.602687835693374 0.42636215686798101 35.101110458374031 77.345912933349624 15.500000000000002 96.726669311523452 96.113964080810561 87.536983489990249 0.35441868007183081
decision_type=2 2 2 2 2 2 2 2 2 2 2 2 2 2 2 2 2 2 2 2 2 2 2 2 2 2 2 2 2 2 2 2 2 2 2 2 2 2 2 2 2 2 2 2 2 2 2 2 2 2 2 2 2 2 2 2 2 2 2 2 2 2
left_child=1 2 -1 -4 9 -6 -7 24 -9 10 11 12 13 -3 -15 20 -14 18 -10 -19 -16 -21 23 -23 -2 26 27 29 30 35 -29 33 -33 34 -32 -20 58 -38 39 46 44 -42 43 -43 45 -41 -28 -46 -49 -50 52 -52 -40 54 55 -54 -57 -58 59 60 -35 -37
right_child=7 4 3 -5 5 6 -8 8 17 -11 -12 -13 16 14 15 -17 -18 19 25 21 -22 22 -24 -25 -26 -27 38 28 -30 -31 31 32 -34 36 -36 61 37 -39 50 40 41 42 -44 -45 47 -47 -48 48 49 -51 51 -53 53 -55 -56 56 57 -59 -60 -61 -62 -63
leaf_value=-0.090802576804880297 -0.046840687223184865 0.021358091700952681 -2.9729813386580388 -0.10006598902203656 -0.098737948441478818 -4.4341272449957261 -0.10006122820068282 -0.1017846732606448 0.028687385608754175 -0.053420048665007984 0.030847546421778102 -0.10545437049073564 0.071102057254325862 -0.109406730478787 0.00026703042507942481 -0.14159789709163134 -0.03931126023475312 -0.050798369813597477 -0.019795193318626367 0.0066979160226809638 -0.058489961493834536 -0.1003405229360026 -0.10194063264511218 3.7472001861739219 0.064354459485307505 -0.021599796861688378 0.073121419812190114 0.10549586382928469 0.046177871161558526 -0.059609978632739605 -0.0033592961729538295 -0.00074314942955739976 0.078439132776966514 0.041482637505988358 0.065090223605181852 0.30333121696817955 0.052940176062617167 -0.019025748631746456 -0.00077372889408332593 -0.093825423891137336 0.050180669286810614 -0.0064359575947640418 -0.010587491516243105 0.04392530166977425 -0.0068108886274329469 0.011202511567189266 0.025597293276527468 -0.008338032183337743 -0.023241079560551992 -0.11922863797183013 -0.09949488556967151 -0.0046168632692133831 -0.084745045977291877 -0.0070075528367456071 0.015487090528616396 0.10091141891198868 0.027801503503623107 0.32948069780644224 0.090886274193430761 0.052917289355505472 -0.12643769504333299 0.02761778471518533
leaf_weight=79.742633884159659 16.528434928113711 275.29154082202876 0.61855154115983069 0.20822679703087488 30.821177168530998 0.044253997912163778 0.058173555065877736 48.663142652527313 342.63673928136632 101.63926209315105 190.02623803279857 49.113438541542564 95.980687300303543 62.525343434135721 397.53712147667102 19.963684072645265 37.326147457679326 161.51505176672072 221.52160066445981 89.189222972854623 66.211539607698796 0.089883450724299929 0.20531885913806036 0.077942076124600135 101.23165598398919 321.42502302814319 111.9240022166623 21.850171147307265 277.14838514037547 245.32451356633533 2964.4103389684387 162.58594599429489 76.552631775746704 9.661434916983124 98.461797686526552 2.4985274695354738 77.504815362859517 1051.3591422658064 5022.6174195994772 20.910435975529253 164.35330356775376 230.69161345166503 556.20448344416218 379.58379490688094 1003.3805039527506 902.02010100074403 715.94977178190311 112.44629751429602 61.489912929828279 55.519793704734184 82.803228681834298 715.73115668872197 9.4120483199225742 335.50274428940611 351.81393423480768 94.111882773643231 82.569864337696345 2.1267955946677821 6.9832275097141965 10.051724061428102 53.503777098580031 99.09694986377508
leaf_count=815852 56328 27320 166 1814 115721 16 238 69502 132757 35330 40094 20179 14740 19457 103045 8781 11154 97888 109107 14105 1294 111 49 42 10717 125387 11141 3899 124210 206731 125988 18570 1410 374 3376 956 4763 19027 625540 16369 115477 3713 15399 7822 14584 37929 42358 27129 1898 948 60109 50439 12186 62985 28265 39907 3206 80 200 223 908 7972
internal_value=-0.000338514 -0.0137091 -0.112954 -2.24943 -0.00768127 -0.104945 -1.9726 0.000738329 0.000412541 -0.0053598 -0.00126859 -0.00734748 -0.00230121 -0.00919549 -0.0245938 -0.0136308 0.0401861 0.000699931 0.00114095 -0.0292547 -0.00812198 0.00959663 0.70245 1.68655 0.0487475 0.000576146 0.00101105 -0.00356488 -0.000760822 -0.0272924 -0.00363071 -0.00415928 0.0246045 -0.00576945 -0.00115886 -0.00275548 -0.0174493 -0.0140848 0.00324621 0.00843218 0.00283083 0.0131851 0.00797253 0.0248881 -0.00356123 0.00882294 0.0320223 -0.0128323 -0.0391632 -0.0687861 -9.49589e-05 -0.0144551 0.00184923 0.0168961 0.0317465 0.062138 0.0698695 0.0353769 -0.0648069 -0.0796565 -0.100753 0.0343984
internal_weight=18878.3 1407.11 80.5694 0.826778 1326.54 30.9236 0.102428 17471.2 17353.5 1295.62 1193.98 1003.95 954.836 821.529 546.238 483.712 133.307 17304.8 17053.7 251.077 463.749 89.5624 0.373144 0.167826 117.76 16711.1 16389.7 5378.51 4810.07 568.442 4532.93 4511.07 239.139 4271.94 3062.87 323.117 1209.06 1128.86 11011.2 4314.47 3486.6 1330.83 1166.48 610.275 2155.77 922.931 827.874 1232.84 229.456 117.01 6696.69 798.534 5898.15 875.537 540.035 188.221 178.809 84.6967 80.2002 73.2169 63.1652 101.595
internal_count=3527285 1215201 817832 1980 397369 115975 254 2312084 2245039 281394 246064 205970 185791 159897 132577 113120 25894 2175537 2063342 112195 104339 14307 202 153 67045 1930585 1805198 627714 302948 324766 178738 174839 19980 154859 129364 118035 25495 23790 1177484 294767 241268 142411 26934 11535 98857 54298 53499 44559 29975 2846 882717 110548 772169 146629 83644 55379 43193 3286 1705 1505 1282 8928
is_linear=0
shrinkage=0.1


Tree=84
num_leaves=63
num_cat=0
split_feature=1 9 16 26 18 0 11 22 23 17 21 11 18 22 18 15 23 7 16 17 2 0 2 1 2 0 15 22 0 2 18 0 1 2 21 6 11 11 9 9 14 7 6 18 11 10 14 10 14 7 22 15 15 2 16 22 16 9 15 9 6 10
split_gain=22.9759 29.0532 44.0774 17.5506 86.3401 44.2578 68.7526 25.316 24.3833 25.7861 23.8585 24.1 59.8824 36.1793 21.7118 21.333 32.2824 40.7278 39.0801 33.7182 23.4985 37.9427 49.9259 30.8766 37.9538 59.1325 27.7341 26.534 35.267 65.6104 26.6837 26.1526 26.2008 35.5657 25.8221 19.5371 25.5977 54.9169 56.1793 31.0241 53.9226 33.6626 23.5869 22.4979 66.8642 79.8271 187.131 25.6413 25.3769 19.0958 18.8458 20.9308 18.1638 17.7738 17.6189 18.6473 28.5636 17.5104 25.8562 17.4631 17.4514 19.4179
threshold=12.500000000000002 65.419578552246108 68.307834625244155 1.0000000180025095e-35 0.054093567654490478 0.85634639859199535 0.23611111193895343 5.5000000000000009 -1.0000000180025095e-35 99.839229583740249 6.5000000000000009 0.53571429848670971 0.2981481552124024 2.5000000000000004 0.90692642331123363 40.637702941894538 0.087121214717626586 84.29276275634767 69.100429534912124 47.585748672485359 0.61907640099525463 0.70928296446800243 0.87667009234428417 1.0000000180025095e-35 0.70862510800361644 0.61824589967727672 69.705627441406264 9.5000000000000018 0.4798444956541062 0.49023877084255224 0.5313725769519807 0.86699503660202037 1.0000000180025095e-35 0.99998292326927196 7.5000000000000009 27.842377662658695 0.31666667759418493 1.0000000180025095e-35 74.133811950683608 83.935482025146499 11.500000000000002 86.526824951171889 90.521114349365249 0.85357144474983226 0.47222222387790685 78.319625854492202 3.5000000000000004 74.133811950683608 4.5000000000000009 83.43881988525392 5.5000000000000009 95.254184722900405 98.31455230712892 0.81455671787261974 97.68778228759767 4.5000000000000009 70.986831665039077 86.72955703735353 51.524446487426765 86.57657623291017 69.614067077636733 67.05426406860353
decision_type=2 2 2 2 2 2 2 2 2 2 2 2 2 2 2 2 2 2 2 2 2 2 2 2 2 2 2 2 2 2 2 2 2 2 2 2 2 2 2 2 2 2 2 2 2 2 2 2 2 2 2 2 2 2 2 2 2 2 2 2 2 2
left_child=3 2 -2 5 -5 10 7 -7 50 15 11 35 13 -13 -11 16 17 -10 19 -19 27 23 -23 -22 25 -25 -26 28 29 54 -29 32 -24 -34 -33 -1 37 38 -37 42 41 43 -38 -41 47 46 -46 48 -45 -36 -6 -52 -16 60 55 56 -17 58 -39 -48 61 -12
right_child=1 -3 -4 4 8 6 -8 -9 9 14 53 12 -14 -15 52 20 -18 18 -20 -21 21 22 31 24 26 -27 -28 30 -30 -31 -32 34 33 -35 49 36 39 57 -40 40 -42 -43 -44 44 45 -47 59 -49 -50 -51 51 -53 -54 -55 -56 -57 -58 -59 -60 -61 -62 -63
leaf_value=0.010989712692558093 -0.094483092407835964 -0.0047293059567681175 -0.014714189079025034 -0.097474617150301243 -0.094421671980758307 -0.14131921203346137 0.067241417083138508 -0.0057104101402202963 -0.05349382476045015 0.062575134244859304 0.018991031571287991 0.0019138693903609722 0.075739213403324582 -0.085467260740152484 0.00011995639953876953 0.13355058872228329 0.072032210497834259 -0.061768491008285867 -0.01611071397571957 0.21369259491959303 -0.022515586477552071 -0.018221740248993961 -0.00023142574672190978 0.035031306971622329 -0.00013544551384334197 -0.013090390536173805 0.039358670389610502 -0.09397622643651446 -0.019890194387574583 0.056826648751802239 -0.017992022441113694 0.01446867610668414 0.024483324130030574 0.10942859524305171 -0.041866841607267315 -0.031012640078793726 0.015898852693002771 -0.072594210748564383 0.087864354023888369 -0.04276046858958113 0.074127485834614801 0.015018793323441446 -0.65167307411812336 -0.92915580287822541 -2.8480746940115123 -0.20097790201826085 -1.26310421440336 0.036896285713456566 -0.098910790937161416 0.0030653702929820162 -0.0082167474905202008 -0.07110960628024951 -0.21715788834099137 -0.010363894385766965 0.080226938299742395 -0.015883686480033295 -0.00066166964024241988 0.024850854949822979 -0.18308972291120934 -0.054276910357714772 0.0054238472356470252 0.089776241401172852
leaf_weight=319.30965196649822 98.084109470299836 1178.0661131096913 235.8044534735684 94.608551812800215 35.554884645738866 15.632712381055169 255.05074350300129 115.31026331914472 72.321070086577947 113.61810487162438 1102.9166674659696 3239.3792721107602 109.7072943742096 48.086645509087248 33.883750744746067 21.617796858120755 99.261771019060234 5.7364109073532772 30.579393007792532 19.718752404965926 243.72738921965356 1567.1534848059237 399.78559617228166 381.62096386184908 235.22256195901105 771.77270416677493 728.44571732941404 72.195398617316187 1030.168634295128 205.60977423603003 128.43708835443249 306.03097636101302 414.1840502674313 55.94722635421931 240.53943470722879 368.93132882397163 390.12017102487403 55.308917577223838 44.554990904085571 350.91142764082178 52.393987798510352 112.63939524997841 0.52998500247485836 0.58245299942791273 0.4408364242408418 2.3216836737119593 0.1466334278229624 7.8285770210786723 1.0006014324608257 155.88084455626085 327.56732712510234 63.110626260284334 4.3403109386563292 408.25507659609639 22.342352327366825 619.53707269533061 59.508366937974642 9.9619664990750589 34.317516048591642 0.64599909487878904 1660.8440447437897 40.165429320302792
leaf_count=88254 752795 306218 174664 170318 8141 766 263122 9194 72862 8895 295422 22684 55100 4503 1328 9423 29597 1283 255 420 5190 24238 6469 24782 34981 14745 16739 82158 54953 34533 6494 10048 7418 1899 2244 179059 72003 187426 15818 31284 7202 16438 90 70 81 696 25 1352 160 7064 25213 697 71 48602 484 244693 12949 6226 3371 321 60975 2780
internal_value=-0.000287373 -0.0121091 -0.0381473 0.000745363 -0.00247371 0.00389552 0.0370014 -0.0219002 -0.00141199 -0.000176214 0.00236721 -0.00185188 0.00306109 0.000635722 0.0406422 -0.000962024 0.0292073 -0.00391073 0.0600837 0.151616 -0.00185854 0.00161193 -0.00559031 0.0111899 0.0150703 0.00283154 0.0297185 -0.0106983 -0.00715062 0.00698215 -0.0453341 0.00699924 0.0185883 0.0345921 -0.00735272 -0.0113785 -0.016364 -0.0342591 -0.0182031 -0.00637939 -0.022165 -0.0327525 0.0149932 -0.0475403 -0.176893 -0.546367 -1.19647 -0.0373277 -0.404383 -0.0241985 -0.02472 -0.0183765 -0.0245518 0.00913039 -0.00719272 -0.00998031 0.035102 -0.100923 -0.114902 -0.277904 0.0119688 0.0214783
internal_weight=18819.3 1511.95 333.889 17307.3 8560.03 8747.29 385.994 130.943 8465.42 8039.19 8361.3 5149.12 3397.17 3287.47 151.842 7887.34 227.617 128.356 56.0346 25.4552 7659.73 5500.31 3139.52 2360.79 2117.06 1153.39 963.668 2159.42 1958.78 928.615 200.632 1572.37 869.917 470.131 702.451 1751.95 1432.64 513.075 413.486 919.562 528.912 476.518 390.65 363.878 12.9668 3.55515 1.23347 9.41163 1.58305 396.42 426.233 390.678 38.2241 3212.18 723.006 700.663 81.1262 99.5884 89.6264 0.792633 2803.93 1143.08
internal_count=3527285 1233677 927459 2293608 920584 1373024 273082 9960 750266 716215 1099942 692163 82287 27187 10294 705921 104417 74820 1958 1703 601504 155817 59380 96437 91247 39527 51720 445687 357035 302082 88652 35142 15786 9317 19356 609876 521622 391900 194877 129722 57629 50427 72093 33989 2705 1123 427 1582 230 9308 34051 25910 1399 407779 267549 267065 22372 197023 190797 346 359177 298202
is_linear=0
shrinkage=0.1


Tree=85
num_leaves=63
num_cat=0
split_feature=14 26 3 26 11 9 18 23 0 18 0 7 5 15 7 15 11 2 1 5 11 3 15 4 0 4 7 6 4 6 9 7 0 0 23 15 14 0 1 11 7 9 6 0 9 11 9 25 14 14 14 3 3 3 3 11 0 11 25 2 7 6
split_gain=21.8901 20.6182 20.8361 34.1188 36.6545 29.3385 45.956 24.6832 20.9159 21.4671 19.8304 19.7742 19.3995 19.3374 19.1796 18.6815 23.7755 23.4071 17.627 16.5443 32.1547 40.1386 24.9747 27.289 21.6287 19.9843 19.68 19.3774 33.7226 18.3397 41.0135 16.4086 16.2902 51.1742 90.5558 24.3042 33.3063 15.9531 17.0928 15.6379 15.5125 15.4234 14.7753 14.7594 14.6888 14.6753 33.2235 24.1878 24.1383 22.3221 17.6976 15.364 38.9666 30.6162 30.5592 20.3785 18.2738 17.7257 27.3651 18.6899 16.7579 22.771
threshold=17.500000000000004 2.5000000000000004 1.5000000000000002 1.0000000180025095e-35 0.77500000596046459 39.250699996948249 0.26491229236125952 0.17424242943525317 0.85634639859199535 0.90692642331123363 0.41422861814498907 20.169491767883304 1.0000000180025095e-35 88.473194122314467 30.0684928894043 92.732349395751967 0.73214286565780651 0.74446952342987072 6.5000000000000009 1.0000000180025095e-35 0.47222222387790685 13.500000000000002 83.375209808349624 1.0000000180025095e-35 0.57022303342819225 1.0000000180025095e-35 93.44086074829103 21.132376670837406 1.0000000180025095e-35 75.162338256835952 81.53021621704103 85.880397796630874 0.2474431395530701 0.24496107548475268 0.30384616553783422 38.122762680053718 7.5000000000000009 0.3950080424547196 15.500000000000002 0.47222222387790685 20.169491767883304 81.53021621704103 18.046133041381839 0.79730346798896801 85.480094909667983 1.0000000180025095e-35 46.737588882446296 6.5000000000000009 9.5000000000000018 4.5000000000000009 13.500000000000002 63.500000000000007 71.500000000000014 59.500000000000007 52.500000000000007 0.73214286565780651 0.61824589967727672 0.31666667759418493 4.5000000000000009 0.3805502057075501 75.162338256835952 75.716625213623061
decision_type=2 2 2 2 2 2 2 2 2 2 2 2 2 2 2 2 2 2 2 2 2 2 2 2 2 2 2 2 2 2 2 2 2 2 2 2 2 2 2 2 2 2 2 2 2 2 2 2 2 2 2 2 2 2 2 2 2 2 2 2 2 2
left_child=1 2 3 4 7 6 -4 -1 9 11 -9 -8 -11 44 18 16 31 37 42 45 21 24 23 -23 27 -26 41 28 -21 -22 -31 40 33 35 -35 36 -13 -18 -39 -3 -5 -27 -7 -28 -2 46 47 -16 49 -48 -50 53 -53 54 -47 -56 -57 58 -54 60 -59 -62
right_child=13 39 5 15 -6 14 8 10 -10 12 -12 32 -14 -15 19 -17 17 -19 -20 20 29 22 -24 -25 25 26 43 -29 -30 30 -32 -33 -34 34 -36 -37 -38 38 -40 -41 -42 -43 -44 -45 -46 51 48 -49 50 -51 -52 52 57 -55 55 56 -58 59 -60 -61 61 -63
leaf_value=0.054801474682324651 -0.05473265615702573 -0.09151912458364847 -0.097940775302926289 0.075475417936686912 0.085222748567295559 -0.093153257897388583 0.01122918482328461 -0.029992808386788999 -0.083349177051393955 -0.027005569127364376 0.017222740540306317 0.36371224863524593 0.043873230924082102 0.0053950004428420153 -0.027334837623202237 -0.0089773318403588206 0.047376431742221642 0.0088530194747020938 -0.015921103410364897 -0.10051918647870786 0.013197306452528208 -0.037637230187487526 0.06391590001945166 -0.11055063952977469 -0.072258261260191678 -0.021753595635021255 -0.19439889993017251 0.0040146687691803686 2.7567471230539824 -0.096641448011131503 -0.0020169633965863415 0.037214446999621627 -0.037679028450933724 -0.10006869633785859 5.1588796262218573 -0.045052018909468958 2.9366242091602022 -0.025942966928179406 -0.22839514385752363 -0.01375639241464301 0.0080930569918677905 0.02065526076902206 0.039628918543847126 0.10119715355475244 0.0043662951418997039 -0.0011145793228901162 0.014785465664733877 2.4655360775617221 -0.044295896614121325 0.064028947385481469 0.035523082915645134 0.10516004318692368 -0.095259453710159037 -0.058028784589717858 -0.018085924765970127 0.098517502029075318 -0.043775385056969832 -0.018017334839913978 2.6516328388662718 0.0051095463178143377 0.4339525929793504 0.070871075602039854
leaf_weight=142.77525901389663 184.83752313679361 41.275481691031018 70.439097743772322 35.086883293311757 89.752171683663619 8.6598288654544131 132.64052218532743 109.25967971998034 39.346319452059106 56.917376354569569 478.62034991483961 0.21334100106105225 120.08711945684627 141.04991428866924 134.28284582690139 1040.985641721345 30.130859107011929 508.54976511839777 89.446080244770769 0.10090324666077677 830.86151015073119 338.47872586187998 20.71707998317288 60.505767773924049 69.532496596249985 366.66589054302312 9.6936574303254002 700.68273001901264 0.069936292798956856 46.311909552809084 4190.5935817099817 262.38884282659274 277.23189118701714 0.076873631562193512 0.057036828256968874 1.5118001155897216 0.065839722490636632 397.60926388407825 4.2145106047391883 69.244573321338976 1301.2529917731797 111.93672073585913 259.55505373330016 2.0456189158721818 54.443497392603604 4461.3761234475796 167.12387318030233 0.038933505999010687 65.982751636824105 204.9284599880848 47.975180140718294 44.395391360281906 17.840747313635237 92.262742441527735 29.432640274119876 67.702475533063989 10.413500875758471 23.353161020785137 0.036341087201434585 628.01150373891869 1.7766711408039544 62.189286731736502
leaf_count=9673 194778 86364 568227 1365 96291 1567 27726 8395 741 1300 88399 189 2176 7966 188888 16217 606 15437 175627 262 38928 629110 1653 6249 5365 12603 1116 248541 9 1817 169961 5129 161256 362 48 3871 72 5978 49 2943 38574 9270 50978 485 8457 344201 42818 43 19276 40619 11296 7634 87495 5920 15400 339 188 10642 93 44164 178 1961
internal_value=-0.00022754 0.000263974 0.000524551 0.00651953 0.0249137 -0.0013784 -0.0213485 0.0175054 -0.0127597 -0.00804256 0.00844756 -0.0205611 0.0210815 -0.0239738 -0.000318702 0.00230451 0.00692962 -0.00568636 0.0225216 -0.000956548 -0.00436224 -0.0163497 -0.0431359 -0.0486945 -0.00743244 -0.022087 -0.0149725 0.00427431 1.06916 -0.000387309 -0.00305127 0.0143514 -0.0356661 0.25424 2.13989 0.113252 0.970487 -0.0228039 -0.0280664 -0.0427981 0.00986225 -0.0118349 0.0353418 -0.14289 -0.0412859 0.00283646 0.0174088 -0.0266123 0.0295751 0.041909 -0.0106929 0.00117439 0.0141872 -0.000996472 0.000155212 0.0528292 0.0795487 0.00867881 -0.0896755 0.0111368 0.0544858 0.0809558
internal_weight=18755 18374.7 18264.2 4400.63 820.407 13863.6 698.587 730.655 628.148 588.802 587.88 411.797 177.004 380.331 13165 3580.22 2539.23 940.504 357.661 12807.3 6748.2 1680.43 419.702 398.984 1260.73 559.874 490.342 700.854 0.17084 5067.77 4236.91 1598.73 279.157 1.92489 0.13391 1.79098 0.279181 431.955 401.824 110.52 1336.34 478.603 268.215 11.7393 239.281 6059.12 620.332 134.322 486.01 372.052 113.958 5438.79 777.603 4661.19 4568.92 107.549 78.116 733.208 17.8771 715.331 87.3191 63.966
internal_count=3527285 3316084 3226777 286113 202758 2940664 765968 106467 197741 197000 96794 193524 3476 211201 2174696 83355 67138 22070 228172 1946524 1125369 914663 637012 635359 277651 28839 23474 248812 271 210706 171778 45068 165798 4542 410 4132 261 6633 6027 89307 39939 21873 52545 1601 203235 821155 302940 188931 114009 83437 30572 518215 152167 366048 360128 15927 527 144533 87588 56945 12781 2139
is_linear=0
shrinkage=0.1


Tree=86
num_leaves=63
num_cat=0
split_feature=1 17 7 14 15 22 18 21 3 3 18 17 3 14 17 18 23 15 11 18 21 14 8 11 18 3 22 11 8 11 3 21 11 7 0 18 6 11 18 6 3 0 0 15 22 14 3 1 22 14 22 17 6 23 24 11 11 2 15 3 2 3
split_gain=19.7727 20.2785 25.3191 17.1587 19.61 15.0375 111.323 26.998 19.7056 20.519 35.5578 22.6207 25.0229 17.8548 16.2614 18.4667 14.625 14.5679 14.2165 15.2041 13.7329 13.5454 18.1618 14.6425 14.2269 13.4898 32.111 27.3459 35.8472 21.1703 84.3538 48.5108 21.9315 29.3987 27.5133 20.9658 20.842 18.6054 23.0779 19.4499 21.6476 18.5889 18.4319 23.8153 21.5319 25.9569 28.2879 26.2719 18.9005 18.1676 18.1125 17.9915 17.7767 17.7276 20.3696 19.3713 17.8884 18.6061 16.7887 16.683 16.5314 16.1482
threshold=16.500000000000004 60.727514266967781 61.633426666259773 21.500000000000004 89.672946929931655 11.500000000000002 0.56385868787765514 10.500000000000002 4.5000000000000009 12.500000000000002 0.059714796021580703 1.0000000180025095e-35 259.50000000000006 8.5000000000000018 75.733901977539077 0.075498577207326903 0.44949495792388922 41.799478530883796 0.81666666269302379 0.16397849470376971 13.500000000000002 11.500000000000002 35.948717117309577 0.26136364042758947 0.8441295623779298 1.5000000000000002 3.5000000000000004 0.095454547554254546 81.120250701904311 0.31666667759418493 24.500000000000004 7.5000000000000009 1.0000000180025095e-35 53.427228927612312 0.86699503660202037 0.12060606107115747 69.614067077636733 0.81666666269302379 0.82971012592315685 87.20676422119142 129.50000000000003 0.66852828860282909 0.38847184181213384 90.636241912841811 8.5000000000000018 4.5000000000000009 108.50000000000001 5.5000000000000009 7.5000000000000009 4.5000000000000009 3.5000000000000004 47.092630386352546 37.786842346191413 0.44949495792388922 1.5000000000000002 0.41428571939468389 0.73214286565780651 0.74446952342987072 92.732349395751967 161.50000000000003 0.8320487141609193 167.50000000000003
decision_type=2 2 2 2 2 2 2 2 2 2 2 2 2 2 2 2 2 2 2 2 2 2 2 2 2 2 2 2 2 2 2 2 2 2 2 2 2 2 2 2 2 2 2 2 2 2 2 2 2 2 2 2 2 2 2 2 2 2 2 2 2 2
left_child=3 2 -2 5 -5 7 -7 25 13 10 -10 12 -11 14 15 -9 -13 -17 -12 -20 -18 23 -23 -8 -25 26 -1 -28 58 30 31 32 33 34 35 -27 42 -38 39 61 -41 49 43 -31 45 46 47 52 -48 -37 -34 -30 -44 56 55 -55 -53 -58 -29 -42 -56 -39
right_child=1 -3 -4 4 -6 6 21 8 9 11 18 16 -14 -15 -16 17 20 -19 19 -21 -22 22 -24 24 -26 29 27 28 51 36 -32 -33 50 -35 -36 41 37 38 -40 40 59 -43 44 -45 -46 -47 48 -49 -50 -51 -52 53 -54 54 60 -57 57 -59 -60 -61 -62 -63
leaf_value=0.060529851021630166 -0.083956030614520477 0.0075690620280606195 -0.019148307608926302 -0.064566369522062142 0.013236636596874919 -0.11722295106865638 0.018262684684199199 0.016443282764992167 -0.04332757329520652 0.047180993440964748 0.0042981751223603913 -0.03325411492958668 -0.047148729121200328 -0.0013173696508568934 0.016327973445130213 0.1043422786242376 0.0018906994251894169 0.047658208318808584 0.1766112582946219 0.031469147106775792 0.12718567858254251 0.01976977978302287 -0.062574666498912079 0.0059176276870011825 -0.028435737501994063 -0.10148997718564821 0.021328512774351438 -0.013643836762404625 -0.11355062792774125 -0.021354223273051001 -0.079561581320269276 0.016904256970543902 0.029975851299118061 0.046889594084999542 -0.11721273136446704 -0.028346449793909424 -0.0077899452395257876 0.04327722185048774 0.075323815246509718 -0.0022926762014044734 0.052579793635524855 -0.036437468845806613 0.15494363378196949 0.4527984809893873 -0.03068648675165302 0.0036481824440551579 -0.038827698136935734 0.092623748918729654 0.97115402480630864 0.0086134983347140853 -0.063948601320390416 0.012184074362466196 0.028230069738194658 -0.0084054038321132556 -0.027664901044642268 0.06561109358384401 -0.021468852763810886 0.0038546494690220551 -0.05492197288019969 0.0098995481023758727 0.037695163585988997 -0.035633886403786237
leaf_weight=102.26898520243594 75.308979498515612 195.98307313669073 302.13422717481444 84.91978928329263 52.376304871431785 90.159663137121242 369.19123123266763 104.08952254149165 197.0596083283325 236.91224179551961 171.39716631890769 103.80084062479227 31.909255690525981 185.43495266546961 262.73430036357604 71.965803024770139 33.092857018492055 122.54149939778745 10.270135116123127 24.279991599963978 11.89092187394999 41.68665568731376 74.928999671246856 297.74263755304855 202.56674682057928 26.313494382464796 710.17082838154238 343.68823964229887 12.87527420860715 178.97103074001097 164.80361675916242 654.88347896580854 23.942319775150082 79.330144451610977 26.386451816855697 188.88680532987894 3080.7308708542114 174.91220538149355 42.623346116219182 4283.521199470415 114.08785035856999 213.03045639222546 11.340036263332875 1.0656100055202831 92.885699624239351 554.51566555085446 54.193125351666822 81.580870898251305 0.18592291188542631 449.45912345360409 144.12325801639051 894.84903869067784 467.46491728450928 46.691123171534855 93.706680769129889 145.69036662649887 490.67233930481598 709.9314449171361 138.1332427430898 464.30500533845043 65.920641879551113 30.446692560450174
leaf_count=4684 353739 124146 50704 77469 3271 95619 16401 11646 20204 50081 51492 99971 12105 18075 21854 6570 9303 19769 199 3425 3441 1258 1790 10794 25726 236421 48540 12833 1802 98425 792966 193763 22008 9039 641 99182 157286 5205 96844 105417 615 6932 443 9 3279 42854 26062 14551 164 179966 73025 10236 24201 8531 10130 96428 5320 14398 5121 2893 27846 173
internal_value=-0.000245767 -0.0185283 -0.032079 0.000332179 -0.0348857 0.000600772 -0.0108607 0.00132957 0.0138315 0.0031353 -0.0129614 0.0186692 0.035984 0.0255855 0.0344728 0.0504384 -0.0126148 0.0686308 0.0160943 0.0746131 0.0350109 -0.00113608 -0.033139 0.00315609 -0.00799146 5.37208e-05 0.00526386 0.00371635 -0.000534829 -0.00163208 -0.0110743 -0.00482587 -0.0171846 -0.0114793 -0.016601 -0.0135762 0.000300087 -0.00165177 0.00204891 0.00143256 0.000159278 -0.0108591 0.0113851 -0.0185478 0.0156548 0.0193361 0.0334865 0.0401687 -0.0353746 -0.00232296 -0.0505683 0.0043499 0.0312312 0.00497014 0.025735 0.0476472 0.00148191 -0.00649476 -0.0254779 0.0183182 -0.000673423 0.0315778
internal_weight=18713 573.426 377.443 18139.5 137.296 18002.2 1076.28 16926 1567.38 820.613 403.007 417.606 268.821 746.766 561.331 298.597 148.785 194.507 205.947 34.5501 44.9838 986.116 116.616 869.501 500.309 15358.6 3754.6 3652.33 2942.16 11604 1971.16 1806.36 1151.47 983.406 904.076 877.69 9632.83 8190.63 5109.9 5067.27 4861.91 851.376 1442.2 180.037 1262.17 1169.28 614.765 560.386 54.379 638.346 168.066 2460.34 478.805 2447.46 352.009 192.381 2095.45 1200.6 481.821 578.393 159.627 205.359
internal_count=3527285 528589 404443 2998696 80740 2917956 151588 2766368 328135 250221 75320 174901 62186 77914 59839 37985 112715 26339 55116 3624 12744 55969 3048 52921 36520 2438233 245869 241185 192645 2192364 1613943 820977 627214 532181 523142 522501 578421 368433 211147 114303 108925 286080 209988 98434 111554 108275 65421 39195 26226 279148 95033 174691 24644 172889 142935 104959 29954 19718 17954 3508 37976 5378
is_linear=0
shrinkage=0.1


Tree=87
num_leaves=63
num_cat=0
split_feature=9 16 9 9 7 5 11 9 22 16 23 16 7 22 11 10 23 6 9 10 21 11 18 5 2 8 9 7 8 8 7 7 18 23 0 17 18 10 16 2 10 9 15 8 6 17 7 7 9 17 2 1 16 2 2 8 17 22 1 21 8 7
split_gain=18.2646 53.2747 23.4875 42.2455 23.2951 16.6639 29.5301 24.3756 17.9518 42.0647 31.0117 19.9891 20.3813 19.3292 16.2692 28.2872 27.3624 26.0249 19.7611 18.0346 16.0176 15.3112 14.93 23.9442 18.7987 14.6071 23.8207 15.4598 21.6825 14.9567 14.5829 21.8382 14.4233 18.8437 26.4264 18.2818 16.4531 16.1444 16.842 14.2195 14.1255 19.7292 14.0216 13.8977 14.2539 16.8267 28.188 40.0539 61.1309 15.8901 13.5445 14.4249 13.3155 13.2657 13.0499 12.7785 25.6488 21.0948 17.2986 80.8757 17.6161 160.327
threshold=42.488718032836921 64.722881317138686 42.967033386230476 44.033897399902351 32.049383163452156 1.0000000180025095e-35 1.0000000180025095e-35 89.039035797119155 4.5000000000000009 85.634922027587905 0.15476191043853763 81.023571014404311 41.897974014282234 8.5000000000000018 0.47222222387790685 97.726097106933608 0.77500000596046459 93.813774108886733 58.919960021972663 78.867622375488295 6.5000000000000009 0.31666667759418493 0.92450141906738292 1.0000000180025095e-35 0.85018831491470348 77.871940612792983 87.226108551025405 75.716625213623061 75.181159973144545 91.734970092773452 34.851621627807624 60.660173416137702 0.82971012592315685 -1.0000000180025095e-35 0.44078044593334204 97.624691009521499 0.58114033937454235 45.773809432983406 96.022598266601577 0.3363285511732102 34.724637985229499 40.270269393920906 90.636241912841811 85.912700653076186 72.281322479248061 95.489685058593764 68.13346099853517 63.245613098144538 84.29276275634767 96.441238403320327 0.79882803559303295 8.5000000000000018 68.863315582275405 0.53999334573745739 0.35214260220527654 46.265329360961921 57.637088775634773 6.5000000000000009 15.500000000000002 4.5000000000000009 42.967033386230476 42.761905670166023
decision_type=2 2 2 2 2 2 2 2 2 2 2 2 2 2 2 2 2 2 2 2 2 2 2 2 2 2 2 2 2 2 2 2 2 2 2 2 2 2 2 2 2 2 2 2 2 2 2 2 2 2 2 2 2 2 2 2 2 2 2 2 2 2
left_child=1 -1 39 -4 22 6 7 8 9 10 52 12 -10 20 15 17 18 19 -16 25 -14 40 50 24 -24 26 27 28 -7 -27 -8 55 33 34 36 -35 53 38 -37 -2 -6 -42 -20 44 -18 -46 47 -47 -49 -48 51 -3 -5 54 -13 56 58 -58 -32 -60 61 -61
right_child=2 4 3 5 21 14 30 -9 11 -11 -12 32 13 -15 16 -17 43 -19 42 -21 -22 -23 23 -25 -26 29 -28 -29 -30 -31 31 -33 -34 35 -36 37 -38 -39 -40 -41 41 -43 -44 -45 45 46 49 48 -50 -51 -52 -53 -54 -55 -56 -57 57 -59 59 60 -62 -63
leaf_value=-0.097682407975337116 -0.070428330765627309 0.0064876035342904649 -0.096675735541285751 -0.10275257603236727 -0.056656481241064406 -0.011049539601025175 0.049447117260407313 0.090819916083215893 -0.065641632081282639 0.0048961705833612942 0.17647971722316802 0.46099732776798652 -0.046068776892292801 -0.082908180474835405 0.10527995403003065 0.10250384652103804 0.056555535852855054 -0.077926098000571792 0.0011413296266284273 0.014716195689590039 0.080221757055158771 0.21082829263453542 0.0022161383742145884 0.040416704188740257 -0.10751649877066115 -0.052759318540008628 0.045077421936973339 0.055486724645628996 -0.077014239263568041 0.021039115483592191 -0.082164149195219888 0.0029974611703197825 -0.0035610470555583877 0.010970805329139681 0.04678615885892054 0.23973399750571223 0.030096613859079982 0.019365060230589731 0.075882255134556917 0.0562774192508591 0.033648039860085792 -0.078370834961185201 -0.011317714893369558 0.056002030528862934 0.012241825573928118 -0.032873723215585134 -0.72580997163464067 -2.1661741528718754 -0.41990104448265986 -0.036732360411535256 -0.03929964570299177 -0.026026999418457153 0.10492840655986069 0.68739032142276457 0.16956396538954296 -0.018357057589473699 0.21591823670335364 0.013760363257154164 -9.2228330094604498 -0.10019670681397533 -0.10399911166127621 -9.4990190420756946
leaf_weight=67.928390147003711 9.6682080448808829 506.87723677349834 44.757300844517886 6.7666578742600887 148.54059572436745 1763.266262974681 63.187825230343151 46.272237970682909 62.851759128934646 71.546916181105189 34.032335879761376 2.0934958588040882 13.978663436653731 15.611679496745635 17.527583077026065 22.427348670607898 10.983820990426468 55.640308350819396 5136.3647751849203 288.21760329649987 35.668638096787618 2.4797100535361087 67.202244291314855 181.18907344678883 20.336347837583162 147.94484247709624 77.060611339882598 33.656346656673122 51.278577089178725 33.722305640068953 5.1596032165664116 6500.9674082491365 216.85554961342132 361.43178399123281 51.239505548321176 8.4121237778017512 3.5700194097298654 33.922264213731978 24.672365839564009 105.57444030372062 48.542300630908812 23.254894194520602 1096.0419279846246 124.92425134008226 6.6643854773137701 0.74106643430422969 0.36303987784776826 0.30817619583103806 0.57354961615055799 4.2794057206483558 115.14600030256429 186.70292922563374 5.6774322304117959 0.74951022610184725 5.7747325071104569 668.34342848348751 9.2792778449438647 11.632352459695538 0.010888141920489258 0.1311302708745643 0.33561923572074193 0.021064805366294292
leaf_count=817832 20576 99623 69502 34797 89015 818073 21010 11141 139618 4727 7430 247 16580 7022 578 9489 2683 2388 125860 21387 8179 50 1625 3910 406 41775 8001 4182 21349 10220 8134 380546 13469 26747 1543 156 145 1287 451 46469 17455 13792 25739 152406 1248 200 94 52 160 1041 11691 159802 3970 81 514 236811 899 405 78 893 1637 95
internal_value=-0.000227022 -0.0113493 0.000653002 0.000351127 -0.00683914 0.000604607 0.0038368 0.0199371 0.0165021 0.0530129 0.127085 0.0113528 -0.0249987 0.0141449 -0.0024047 -0.00929266 0.000257587 -0.0103157 -0.000751544 -0.0087451 0.0446635 -0.0362725 -0.000752323 0.0196686 -0.0232762 -0.0119545 -0.00939679 -0.0116681 -0.0129137 -0.0390603 0.00161635 0.00119634 0.0179238 0.0273961 0.0782666 0.0198651 0.210616 0.0678405 0.117544 0.0456475 -0.0390534 -0.00263453 -0.00104974 0.0426326 -0.0272094 -0.0983683 -0.216025 -0.574786 -1.03025 -0.0906183 -0.0075379 -0.00226491 -0.0080012 0.285398 0.247106 -0.0156533 0.0523576 0.103465 -0.136524 -0.698929 -0.508673 -1.40106
internal_weight=18660.4 1368.2 17292.2 17176.9 1300.27 17132.2 8260.2 1001.13 954.855 118.023 46.4764 836.832 128.111 65.259 8871.99 2473.21 6398.77 2450.79 6249.93 2395.15 49.6473 222.818 1077.45 268.728 87.5386 2106.93 1925.26 1848.2 1814.54 181.667 7259.07 7195.88 708.721 491.866 63.4273 428.439 12.1878 67.0068 33.0845 115.243 220.338 71.7972 6232.41 148.838 23.9134 12.9296 6.26524 1.62279 0.881726 4.64245 808.726 693.58 12.4441 8.61774 7.86823 694.913 26.5699 20.9116 5.65831 0.498702 0.487814 0.152195
internal_count=3527285 1215201 2312084 2245039 397369 2175537 928612 278104 266963 50924 46197 216039 171399 31781 1246925 936864 310061 927375 152177 924987 24759 120312 277057 5941 2031 903600 851605 843604 839422 51995 650508 629498 44640 31171 2530 28641 987 1894 607 67045 120262 31247 151599 157884 5478 2795 1547 412 212 1135 271116 259425 38767 842 761 248952 12141 1304 10837 2703 2625 988
is_linear=0
shrinkage=0.1


Tree=88
num_leaves=63
num_cat=0
split_feature=26 14 1 1 2 16 0 0 18 18 27 22 18 0 2 0 4 2 2 2 18 26 17 27 23 18 25 0 2 23 15 9 16 0 0 16 26 14 8 17 22 15 16 22 9 1 17 6 15 0 2 2 22 10 23 9 17 11 8 9 17 27
split_gain=17.0771 15.7684 15.2755 18.4223 16.3762 29.0592 28.0286 17.4734 15.5747 14.7477 14.3252 13.8829 72.2406 14.6564 24.0082 27.8398 31.0614 29.2351 16.8118 20.9423 37.9411 25.5547 74.6906 46.3875 65.638 32.3737 24.4401 24.0638 51.3437 25.6518 31.9085 29.1546 27.4433 24.1791 22.9271 18.2364 15.7424 15.7206 15.4768 15.0458 14.7755 19.3167 14.7518 29.6298 14.0627 13.9659 13.8131 13.7038 13.3312 13.1434 13.0848 12.9714 12.9578 22.1033 15.5473 12.9145 18.6079 20.6624 16.6412 21.2163 14.4908 12.854
threshold=2.5000000000000004 17.500000000000004 1.5000000000000002 1.0000000180025095e-35 0.99998292326927196 42.900964736938484 0.96125608682632457 0.84520214796066295 0.98076921701431286 0.42481203377246862 1.0000000180025095e-35 11.500000000000002 0.5577777922153474 0.57022303342819225 0.74446952342987072 0.76118513941764843 1.0000000180025095e-35 0.895481437444687 0.8320487141609193 0.56486606597900402 0.21132376790046695 1.0000000180025095e-35 47.092630386352546 1.0000000180025095e-35 0.44949495792388922 0.41042780876159674 1.0000000180025095e-35 0.4798444956541062 0.48069323599338537 0.087121214717626586 44.076908111572273 56.33012771606446 96.726669311523452 0.3950080424547196 0.42217601835727697 99.775783538818374 1.0000000180025095e-35 8.5000000000000018 96.60919570922853 98.772960662841811 4.5000000000000009 54.267461776733406 86.381820678710952 4.5000000000000009 77.871940612792983 6.5000000000000009 97.15900039672853 45.035211563110359 88.473194122314467 0.60687214136123668 0.41022400557994848 0.5256633758544923 4.5000000000000009 58.123168945312507 0.23611111193895343 91.945945739746108 83.458904266357436 0.86607143282890331 77.485187530517592 79.118217468261733 75.733901977539077 1.0000000180025095e-35
decision_type=2 2 2 2 2 2 2 2 2 2 2 2 2 2 2 2 2 2 2 2 2 2 2 2 2 2 2 2 2 2 2 2 2 2 2 2 2 2 2 2 2 2 2 2 2 2 2 2 2 2 2 2 2 2 2 2 2 2 2 2 2 2
left_child=1 2 3 8 7 -6 -7 46 49 -2 -8 13 -13 18 -15 16 -16 36 19 21 34 37 -23 24 27 -26 -25 28 29 31 -31 32 39 50 -21 -22 -17 61 -28 -24 41 -36 43 -40 -18 -19 51 -43 -3 -1 -33 -5 53 54 -32 56 57 58 59 -39 -60 -4
right_child=9 48 11 4 5 6 10 -9 -10 -11 -12 12 -14 14 15 17 44 45 -20 20 35 22 23 26 25 -27 38 -29 -30 30 52 33 -34 -35 40 -37 -38 55 42 -41 -42 47 -44 -45 -46 -47 -48 -49 -50 -51 -52 -53 -54 -55 -56 -57 -58 -59 60 -61 -62 -63
leaf_value=-0.031434899493351084 -0.091547563076295413 -0.035295897010420151 0.00022186519289556551 0.044845900778469255 -0.035730471835877013 0.086189541505456338 -0.025365128491686175 -0.012234720750863133 0.037663246127817046 -0.013537235124365669 0.065855300963397131 -0.11638778395337109 -0.0040818922322482009 -0.010162981675515222 -0.024472169942762287 0.0048413429164909962 -0.0017701445165423106 0.019691986530729386 -0.026409740442138882 -0.04036079655252571 0.035490340759786812 -0.085523284115675044 -0.064559895090990943 -0.0002500170453162108 0.13844066546547382 0.020821930104444678 -0.05432612290073531 -0.022076720503433345 0.055506084977579077 0.1245824485506186 0.97014769340766627 0.0099464711224945476 0.070092170354354333 -0.021678320261642438 0.008462083516394955 -0.017873521854794166 -0.022973719519206081 -0.013729743967821732 -0.21218841944131814 1.4768147466366279 -0.063048017947293686 1.0322374573411552 -0.21100732674889203 0.014590878138390235 0.029252762977173465 -0.1777261087168302 0.037377943988490474 0.23007220750543525 0.003857453243863598 -0.0015615807624760739 0.069820477195888728 0.0071445839482544562 -0.0014353584854133765 0.0069385034171984194 0.20581503688302971 0.031650518085132355 0.040554717880962661 0.24501380455581284 -0.064472598471095877 0.10661287901885384 -0.42676999067777005 0.017731489456434144
leaf_weight=169.64591077706245 36.464567167837231 228.81765479784372 3675.7900342655689 98.094686062499022 44.126343141855614 111.92837607814727 48.238311017252272 320.47984917488066 89.405060067481827 72.249385483788501 26.768587135025882 63.79313251244821 560.69184788031271 3093.6976077023028 164.92156453441203 283.67995681356115 184.55220413179632 366.79567973833036 199.14003691568541 127.80782121841844 649.21728335939133 119.88940810297208 147.60240376659169 55.804594102477267 49.019901669642422 44.77704113189975 72.940800100459683 494.1621882573163 167.1765757042964 29.560405912589346 0.27829023605954972 219.52422763872289 17.050785134662874 298.28995455008408 615.65052163353744 71.047239239502233 719.67690879294969 161.83382020851332 10.155754479579629 0.063355676815261996 29.58156458098847 0.26303610835748159 14.806094487197695 13.314706064062191 701.63110463757766 3.6187445580908379 208.03900746451109 1.1188162645412374 140.27366919758788 1117.0912636220601 43.778922056422743 1309.5562620238397 121.85373011728822 11.4862578381435 6.0896267585012538 359.03993162959523 96.464948681241367 3.0811359141953281 37.708271645016794 16.107918041197991 1.137279624104848 473.23791819470853
leaf_count=9616 87449 196982 693556 6386 2172 12520 3515 32556 90967 8133 49420 81507 24610 109963 11306 46974 5800 58981 45255 94854 68962 336098 448964 19623 6905 1792 12976 43684 45716 9408 132 42807 901 15284 48780 4099 12078 267711 91 20 27323 342 103 117 23303 519 13407 82 7944 73759 4626 52371 41071 147 1120 12166 5416 24 16066 17205 41 171580
internal_value=-0.000185455 4.66262e-05 0.000462915 0.00635276 0.0120985 0.0372614 0.0544913 0.00909552 -0.0026959 -0.0397033 0.00718977 -0.000966638 -0.0155543 -0.000314749 -0.00432352 0.00312655 0.0153762 -0.00624593 0.00230151 0.00299399 0.013706 0.000626186 -0.00907408 -0.00403184 0.00104959 0.0822915 -0.0542527 -0.00384485 0.00463265 -0.00486384 0.0301936 -0.0130341 -0.0500284 -0.00218355 -0.00165914 0.0302265 -0.0151095 0.0045221 -0.0813492 -0.0638986 0.00599052 0.00930034 -0.132845 -0.0835374 0.0227921 0.0177633 0.0133265 0.382765 -0.0204156 -0.00550014 0.0199016 0.00977187 0.0102221 0.0897839 0.239218 0.0186707 0.00393856 -0.0121264 -0.0157811 -0.0028359 -0.0750796 0.00221901
internal_weight=18620.1 18511.4 18142.3 3543.37 2167.23 231.062 186.935 1936.17 1376.14 108.714 75.0069 14598.9 624.485 13974.4 5518.57 2424.88 1051.1 1373.77 8455.85 8256.71 1494.69 6762.03 1937.63 1817.74 1650.71 93.7969 167.022 1556.92 1062.75 895.578 169.268 726.31 164.717 561.593 774.422 720.265 1003.36 4824.4 111.217 147.666 646.614 617.032 38.2766 23.4705 886.183 370.414 1615.69 1.38185 369.091 1286.74 263.303 1407.65 139.708 17.8542 6.36792 675.373 316.333 219.868 216.787 177.942 38.8456 4149.03
internal_count=3527285 3431703 3226777 346689 172347 67627 65455 104720 174342 95582 52935 2880088 106117 2773971 268924 158961 40409 118552 2505047 2459792 244442 2215350 1031585 695487 662577 8697 32910 653880 610196 564480 51878 512602 449885 62717 171381 73061 59052 1183765 13287 448984 76527 49204 311 208 29103 59500 72164 424 204926 83375 47433 58757 42470 1399 1252 318629 306463 301047 301023 284916 16107 865136
is_linear=0
shrinkage=0.1


Tree=89
num_leaves=63
num_cat=0
split_feature=9 7 7 9 18 10 17 9 18 24 3 11 9 11 7 7 23 22 11 21 14 17 3 14 11 21 9 4 15 9 7 9 18 21 5 14 9 18 7 1 10 14 18 9 22 21 10 10 15 3 10 7 10 2 9 10 3 18 7 21 9 10
split_gain=15.9467 26.2061 20.1724 22.9672 29.1143 21.2179 17.3577 19.4687 15.7204 15.0068 14.9651 14.5175 55.81 32.0989 41.3995 38.3508 31.5734 29.1819 25.4516 33.0471 25.765 25.2925 24.0139 25.948 41.6402 45.1663 42.5607 43.3116 31.6907 28.1238 25.6738 23.4739 22.4428 28.8813 22.3169 31.9379 27.4202 21.7346 23.0716 44.1087 46.5206 20.8628 19.2435 19.1681 18.4066 26.6226 24.8466 31.2871 53.7105 121.2 18.0404 17.5167 17.3776 32.4502 17.3073 17.2206 16.6886 16.6855 16.1859 17.2719 15.6352 15.3537
threshold=35.948717117309577 20.169491767883304 27.639257431030277 46.027742385864265 0.26491229236125952 16.064516067504886 68.212574005126967 54.72370910644532 0.92450141906738292 1.5000000000000002 5.5000000000000009 1.0000000180025095e-35 89.039035797119155 0.47222222387790685 92.40384674072267 81.01672744750978 0.94444444775581371 2.5000000000000004 0.35416667163372045 6.5000000000000009 10.500000000000002 56.025478363037116 153.50000000000003 5.5000000000000009 0.31666667759418493 6.5000000000000009 79.118217468261733 1.0000000180025095e-35 19.082633018493656 57.979627609252937 65.485893249511733 88.416816711425795 0.41277891397476202 6.5000000000000009 1.0000000180025095e-35 9.5000000000000018 64.565757751464858 0.79057019948959362 60.136985778808601 2.5000000000000004 71.039428710937514 2.5000000000000004 0.76330533623695385 59.516963958740241 4.5000000000000009 10.500000000000002 64.89996719360353 51.471860885620124 1.0000000180025095e-35 70.500000000000014 45.773809432983406 81.01672744750978 32.071428298950202 0.36916634440422064 79.118217468261733 27.334994316101078 323.00000000000006 0.2419017776846886 47.413022994995124 18.500000000000004 72.065574645996108 82.446311950683608
decision_type=2 2 2 2 2 2 2 2 2 2 2 2 2 2 2 2 2 2 2 2 2 2 2 2 2 2 2 2 2 2 2 2 2 2 2 2 2 2 2 2 2 2 2 2 2 2 2 2 2 2 2 2 2 2 2 2 2 2 2 2 2 2
left_child=1 -1 5 4 -4 -2 -7 -8 10 -6 -3 12 17 14 15 18 43 -5 20 -20 22 -18 23 24 25 37 27 32 52 -29 -31 -16 -26 -34 35 41 50 55 -39 40 -40 -19 -33 -15 45 -21 47 -47 49 -49 -36 61 53 -27 57 -13 -45 -25 59 -52 -22 -23
right_child=2 8 3 11 9 6 7 -9 -10 -11 -12 13 -14 16 31 -17 21 34 19 44 60 51 -24 54 26 28 -28 29 -30 30 -32 42 33 -35 36 -37 -38 38 39 -41 -42 -43 -44 56 -46 46 -48 48 -50 -51 58 -53 -54 -55 -56 -57 -58 -59 -60 -61 -62 -63
leaf_value=0.0082564782863401645 -0.067736612313068822 -0.031358868105410789 -0.078768862243172644 -0.14752312818496352 -0.021275137276744058 -0.015682667259160368 0.039875939974913732 -0.015464104247299505 0.0039302488792695711 0.018639161431657392 -0.087992430737311764 1.6560955409216227 0.089638651609630401 0.07591451094543275 -0.20423993525250517 0.022054648093168448 -0.062239994569111105 -0.0029220465061231961 -0.091551431829453189 0.02977005425110367 -0.094179915176108436 0.019213736952816678 -0.052341856774706201 -0.041366757976647905 0.031114718050022968 -4.7493084105261856 -0.029069017116501106 0.07242279177194888 -0.031716427078070694 -0.024858984623078621 0.024863932588341041 -0.029306343934946286 0.19472428821413498 0.028075281546784594 -0.0097111239031363924 -0.01297039561864937 0.019835588533529704 -0.10956995888443742 -1.2770175061073847 -0.15794031736201097 -0.25406818290366506 0.042349876789130776 -0.1180324589636455 0.00079192928802155553 -0.022746918641967526 -0.10855962146449537 0.1351250014957788 3.7921142564936883 0.43699923202189894 -0.10010234979930027 -0.099881450473572927 0.069095707559208575 0.099922053671821054 -0.10168067012081289 0.038775665272352648 -0.084531790337167539 0.23099292764255713 0.018348520961171108 -0.021269204537285639 0.71890077697411492 -0.027770483788948249 -0.19373934288144651
leaf_weight=295.12835214643837 27.140754347723487 272.89914157133387 73.213995863791524 12.403469824970669 375.36415920627883 97.005332929826181 388.6643203678359 76.001980555272894 101.75538392318413 125.75221430486636 56.281447867257725 0.056875813326697222 82.809740637429059 34.116812351945555 10.754811603750566 385.66890085928571 22.812348856648896 135.37255431736776 87.421476630448524 9.0361870557244384 47.971354925927301 69.923789192253025 106.0141596489832 70.695845110985147 236.70916019338404 0.02112354876258038 394.67634499973065 43.252326218995108 144.39423631646957 385.22020480192441 142.16662552775233 101.49756457461626 20.639827432809398 20.960458201734582 283.54688358964268 235.05884170960053 233.15133923583198 6.3814779466483724 0.93895750632509567 2.8355980631895363 0.84433220105711371 410.35910132678691 32.1994374608621 12005.101104686299 51.110301155378693 0.32721311126078878 1.7488216405181445 0.17972955340519547 0.55114078032784164 0.14418520851177163 54.52512079375083 141.33440135949058 22.794551423810471 0.052017270427313633 210.52971840713872 84.603131106044444 3.1500633286777875 138.38501355342669 61.494582868868747 0.25885668332921241 135.84857101527035 3.5579570490517645
leaf_count=115433 16024 125307 540745 28452 176682 218401 64053 4246 2297 7948 307826 120 21959 1298 420 24329 954 29620 17392 3194 81697 39914 266294 116157 86829 74 54214 1073 24180 11111 5430 2852 308 401 145228 56523 16832 154 69 111 107 75262 3845 299347 2956 63 295 19 171 170 14651 250325 20838 81 35300 110278 158 8156 7064 83 80693 1272
internal_value=-0.00017304 -0.0147005 0.000417918 -0.000203014 -0.0198649 0.0186194 0.0227922 0.0308244 -0.0304227 -0.0112589 -0.0410418 0.000473761 0.00982828 -0.00045634 -0.00992547 -0.00718658 0.00177726 0.00519414 -0.011952 -0.0517436 -0.0092492 0.037874 -0.00600621 -0.00345593 -0.00958138 -0.0457387 -0.00193714 0.0106765 -0.0143942 -0.00509763 -0.0114553 -0.0621083 0.0430193 0.110758 0.00653398 0.0178464 -0.00742012 -0.100544 -0.232779 -0.403006 -0.792683 0.0311199 -0.050675 0.00106497 0.00341001 0.114936 0.375711 0.725668 1.03761 2.05956 -0.0233138 0.0485056 0.0949841 -1.44395 0.0185365 -0.0833624 0.000852317 -0.00184282 -0.0564842 -0.0960127 -0.0451013 0.00890263
internal_weight=18574.8 726.064 17848.8 17259.9 574.33 588.812 561.672 464.666 430.936 501.116 329.181 16685.6 1508.98 15176.6 2896.63 2752.18 12280 1426.17 2366.51 150.519 2215.99 237.628 2032.17 1926.16 1506.55 262.922 1243.62 848.949 167.262 570.639 527.387 144.452 278.309 41.6003 1413.77 780.79 632.977 95.6604 11.0004 4.61889 1.78329 545.732 133.697 12042.4 63.0976 11.9873 2.95109 1.20227 0.875056 0.323915 399.825 214.816 22.8677 0.0731408 419.611 84.66 12008.3 209.081 116.279 54.784 183.82 73.4817
internal_count=3527285 550863 2976422 2673698 725375 302724 286700 68299 435430 184630 433133 1948323 395674 1552649 959381 952264 593268 373715 927935 24260 903675 292465 741285 474991 315378 156012 159366 105152 45173 17614 16541 7117 87538 709 345263 161405 183858 110839 441 287 176 104882 6697 300803 6868 3912 718 423 360 189 167026 291511 20993 155 159613 110398 299505 124313 21798 14734 162390 41186
is_linear=0
shrinkage=0.1


Tree=90
num_leaves=63
num_cat=0
split_feature=14 21 26 27 25 25 16 21 16 25 18 10 23 21 18 10 21 18 1 7 18 16 18 7 2 3 2 7 3 15 2 18 27 16 16 16 21 18 16 21 10 26 18 21 21 21 15 27 10 3 23 15 16 8 27 26 26 8 3 15 3 3
split_gain=14.2361 15.2762 14.3502 44.693 21.5171 26.6776 25.8649 17.5968 13.7207 12.3318 19.0747 15.9505 22.7583 16.9279 23.0312 18.102 15.5107 24.6692 14.84 14.7218 19.0058 19.2803 53.451 273.023 14.2887 13.6053 28.8388 13.469 13.3495 28.1221 13.2045 12.9025 37.2746 41.8681 26.5027 17.6203 16.3517 20.4805 15.3479 29.4711 21.079 19.8903 12.8231 12.6806 12.1764 12.1157 21.387 20.0204 24.4938 19.9418 17.4101 26.7746 22.5505 21.7408 21.2683 45.5269 43.9842 19.9643 20.9983 28.2476 26.9808 16.4921
threshold=21.500000000000004 7.5000000000000009 1.5000000000000002 1.0000000180025095e-35 1.5000000000000002 1.0000000180025095e-35 98.31455230712892 8.5000000000000018 90.636241912841811 1.0000000180025095e-35 0.91987180709838878 97.726097106933608 0.44949495792388922 5.5000000000000009 0.2806250005960465 96.362434387207045 14.500000000000002 0.86811593174934398 14.500000000000002 58.898942947387702 0.35388994216918951 66.826156616210952 0.39208073914051061 44.315244674682624 0.57456156611442577 2.5000000000000004 0.57456156611442577 81.01672744750978 75.500000000000014 98.31455230712892 0.24463494122028354 0.74342104792594921 1.0000000180025095e-35 98.601333618164077 98.421009063720717 93.88999176025392 12.500000000000002 0.85357144474983226 97.15900039672853 5.5000000000000009 91.476997375488295 1.0000000180025095e-35 0.22653958946466449 15.500000000000002 6.5000000000000009 6.5000000000000009 91.844291687011733 1.0000000180025095e-35 41.728857040405281 3.5000000000000004 0.13392857462167743 63.499586105346687 39.889503479003913 69.309261322021499 1.0000000180025095e-35 1.0000000180025095e-35 1.0000000180025095e-35 47.140522003173835 14.500000000000002 1.0000000180025095e-35 48.500000000000007 313.50000000000006
decision_type=2 2 2 2 2 2 2 2 2 2 2 2 2 2 2 2 2 2 2 2 2 2 2 2 2 2 2 2 2 2 2 2 2 2 2 2 2 2 2 2 2 2 2 2 2 2 2 2 2 2 2 2 2 2 2 2 2 2 2 2 2 2
left_child=2 8 9 4 5 -4 -7 -5 -2 11 16 13 -13 14 -1 24 18 -18 31 20 -20 22 -22 -24 30 26 -17 -16 -26 -30 -15 38 34 -34 35 -33 -37 -38 45 41 -41 -40 44 -44 -14 -11 50 48 49 -48 57 52 -52 -54 55 -55 -56 -47 -59 60 -60 -62
right_child=1 -3 3 7 -6 6 -8 -9 -10 10 -12 12 42 15 27 25 17 -19 19 -21 21 -23 23 -25 28 -27 -28 -29 29 -31 -32 32 33 -35 -36 36 37 -39 39 40 -42 -43 43 -45 -46 46 47 -49 -50 -51 51 -53 53 54 56 -57 -58 58 59 -61 61 -63
leaf_value=-0.077444520473188894 -0.068786472040562707 -0.089080813921000243 -0.06511876863427396 0.067600652094601255 -0.053969592954358686 -0.0086883444578859902 0.10359840250419128 -0.069283238602742839 0.010882835463314585 -0.0022738513421709855 -0.52151111412940243 -0.0023125113490504484 -0.11053047630103148 -0.078471950333195706 -0.011284674917414203 -0.8418932907351464 0.028598041876237153 -0.06056074655718139 -0.068957740488436434 -0.0072138528052012388 0.22178872608091937 -0.0044659431819148703 -0.10031391177559493 17.302928483826133 0.004776286072120578 0.097144923435348987 -0.13515529415784619 0.032284254137056857 -0.10595484972261225 -1.6975927925352232 0.024720912674608589 0.057833420960926134 -0.11721899271388247 -0.013585145831595084 0.022340085391600258 -0.023966483017796129 0.068122959576612768 -0.088488324665895471 -0.21485583492791896 -0.011267996198853766 0.042384676436969339 0.063196057625337837 0.075672076607922412 -0.11005611226092665 0.054816635928237406 -0.038362661806615343 0.13170742116321679 -0.045147605867664392 0.038921575285439769 0.49250732208570791 -0.061827461201647962 -0.00053616046900089936 0.067693795388260841 -0.12615649328916101 0.045896114216467998 0.06944966438360059 -0.10915841711967696 -0.0063851172029448684 0.038551612871546584 -0.039940469826684977 0.0018846504531101751 0.20764015204298986
leaf_weight=47.364220333460821 30.740494381643657 35.120644182326942 83.326658795120466 86.189784493740035 146.12800853788303 618.41015566958413 21.218044096720405 10.539837475265811 72.835662682358816 7872.4092626058973 0.70269293733872373 115.02581616607495 8.2138811572222057 12.679139947482211 479.47779127992214 0.6356403339887019 323.95478723201632 34.321053008956369 98.37262809820237 606.92700795948815 0.30769618143909738 69.204848696641193 0.041811560029600514 0.011492105215438642 1662.5913238741255 1.9821966759045606 6.2992045547725866 83.278271046539885 7.223685472924898 0.11274173922720354 563.22876563313287 31.760395284742117 64.789508532878244 97.873080920049688 284.94696653579012 520.98455455886142 40.13116341001296 10.544086996873373 2.623758440866367 271.39574303801055 100.28415503981523 132.2093705444131 115.85940623120405 3.7965356230561147 9.729145596327724 136.63473395908704 8.029870312107958 26.582538247617777 170.53673582326155 1.8930548616190197 22.469287817260408 470.88958714196269 166.71587205986685 13.55302724422654 40.793694986714399 97.486077027439023 33.171041309295106 1558.9832478271442 366.18072725804882 94.183989445673433 535.54835954454688 3.9241405727661904
leaf_count=111668 75647 17886 25739 17042 151287 155504 589 5241 4662 935777 44 11221 141 14608 42823 73 64564 470 477529 98947 920 36868 225 11 158165 289 1216 30314 3265 32 187292 755 1411 12429 28583 5645 394 105 370 9673 9220 5069 226766 3891 1155 273678 301 709 1527 332 35395 17734 49505 824 2915 1945 386 49988 20366 44516 90034 1605
internal_value=-0.00016996 -0.0320876 7.07007e-05 -0.0117944 -0.018971 -0.0118969 -0.00496352 0.0526855 -0.0127623 0.000728198 -0.000513287 0.00642743 0.0305153 0.00430336 -0.0104738 0.00830196 -0.000487705 0.0200571 -0.00101526 -0.0144645 -0.040668 -0.000663667 0.728245 3.65177 0.00886655 -0.133896 -0.199934 -0.00483722 0.00418236 -0.130414 0.022449 -0.000224423 -0.0108531 -0.0548631 -0.00279478 -0.014664 -0.0186918 0.0355366 0.000696791 0.0177366 0.0032082 0.0577854 0.0579577 0.0697791 -0.0208752 -4.59702e-05 0.00463407 0.0358736 0.0478084 0.200539 0.00280725 0.015331 0.0352986 0.0415034 0.017902 0.0455747 -0.0236414 -0.00111919 0.00086952 0.0121812 0.0176016 0.00338132
internal_weight=18533.4 138.697 18394.7 965.812 869.083 722.955 639.628 96.7296 103.576 17428.9 14311.4 3117.5 252.625 2864.87 610.12 2254.75 14310.7 358.276 13952.4 774.865 167.938 69.5658 0.361 0.0533037 2245.84 8.91704 6.93484 562.756 1669.93 7.33643 575.908 13177.5 1051.03 162.663 888.367 603.42 571.66 50.6753 12126.5 506.513 371.68 134.833 137.599 119.656 17.943 11620 3747.58 207.042 180.46 9.92293 3540.53 845.079 374.189 351.72 185.004 111.039 73.9647 2695.46 2558.82 999.837 905.653 539.473
internal_count=3527285 98195 3429090 355402 333119 181832 156093 22283 80309 3073688 2280769 792919 243174 549745 184805 364940 2280725 65034 2215691 614500 515553 38024 1156 236 363362 1578 1289 73137 161462 3297 201900 1601191 49322 13840 35482 6899 6144 499 1551869 24332 18893 5439 231953 230657 1296 1527537 591760 2869 2160 633 588891 108704 90970 55575 6070 2769 3301 480187 206509 156521 112005 91639
is_linear=0
shrinkage=0.1


Tree=91
num_leaves=63
num_cat=0
split_feature=1 17 22 2 22 18 21 3 27 3 23 0 3 14 17 16 22 16 17 1 1 2 2 22 5 26 16 10 0 17 8 0 18 16 16 1 6 14 18 3 0 2 2 10 3 22 16 6 10 10 3 21 26 8 14 18 6 8 10 6 18 0
split_gain=13.5764 14.2186 22.9187 12.0232 11.312 88.9604 17.737 14.3756 18.2389 18.2973 46.4055 19.4579 19.3934 18.0134 12.6024 15.8326 13.3598 12.3587 14.8418 15.7736 14.2951 13.7382 12.7282 11.8261 19.1657 12.9694 11.6378 11.6364 11.4492 16.7722 11.2115 11.0849 10.9736 11.8037 18.7515 12.6888 12.1399 27.1684 11.9458 10.9667 10.9129 10.6701 13.8833 12.772 10.6589 25.1367 23.8551 22.6901 29.3323 18.2284 28.2211 16.849 16.1526 32.0526 15.9291 15.6791 16.4388 15.5476 15.5315 33.2666 15.1901 14.6616
threshold=16.500000000000004 60.727514266967781 3.5000000000000004 0.71566942334175121 11.500000000000002 0.56385868787765514 10.500000000000002 4.5000000000000009 1.0000000180025095e-35 12.500000000000002 -1.0000000180025095e-35 0.39277969300746923 270.50000000000006 8.5000000000000018 75.733901977539077 39.889503479003913 9.5000000000000018 71.89255523681642 53.368236541748054 15.500000000000002 1.0000000180025095e-35 0.29168418049812322 0.28083804249763494 3.5000000000000004 1.0000000180025095e-35 1.0000000180025095e-35 94.146202087402358 78.867622375488295 0.76118513941764843 96.67456436157228 37.590579986572273 0.46031932532787329 0.67424243688583385 97.489494323730483 98.999900817871108 10.500000000000002 80.982517242431655 5.5000000000000009 0.76696833968162548 9.5000000000000018 0.94227582216262828 0.75192296504974376 0.70862510800361644 93.127067565917983 1.5000000000000002 3.5000000000000004 43.151361465454109 30.341388702392582 31.851119995117191 54.110361099243171 20.500000000000004 7.5000000000000009 1.0000000180025095e-35 97.498435974121108 17.500000000000004 0.62202382087707531 60.660173416137702 46.737588882446296 27.072835922241214 25.15822792053223 0.42481203377246862 0.68264678120613109
decision_type=2 2 2 2 2 2 2 2 2 2 2 2 2 2 2 2 2 2 2 2 2 2 2 2 2 2 2 2 2 2 2 2 2 2 2 2 2 2 2 2 2 2 2 2 2 2 2 2 2 2 2 2 2 2 2 2 2 2 2 2 2 2
left_child=4 2 3 39 6 -6 44 13 9 11 12 -9 -11 14 15 -8 26 18 27 20 -20 22 -21 24 -19 30 -17 -10 29 -15 -25 -14 -7 -34 38 36 -36 41 -35 -2 -39 42 -38 -44 45 54 -47 58 -49 50 51 -46 53 61 -1 56 57 -52 59 -48 -54 -50
right_child=1 -3 -4 -5 5 32 7 8 17 10 -12 -13 31 28 -16 16 -18 23 19 21 -22 -23 -24 25 -26 -27 -28 -29 -30 -31 -32 -33 33 34 35 -37 37 40 -40 -41 -42 -43 43 -45 49 46 47 48 52 -51 55 -53 60 -55 -56 -57 -58 -59 -60 -61 -62 -63
leaf_value=0.060290165372294605 0.036308206345227564 0.0063827522051942785 -0.08438925311569323 -0.098517210629551197 -0.11245465232977624 -0.033990184109554199 0.011719350974317875 -0.051729039119581793 -0.075051450114774126 0.036737420819897844 -0.062842546122539061 -0.0019821251357787536 -0.064335639848116133 -0.0031843462932748001 0.014196534123172407 0.08209156426495115 -0.0059943317060260131 0.12322747725037322 0.77687601237817605 0.69463305928191388 0.12830653231759487 0.2721922282674506 2.2925440851481289 -0.0080503840043374426 -0.10026966983934865 -0.091499663911082232 0.0075413509981502513 0.13011391881997314 -0.057226623172358521 0.12230594285968487 0.080067580602396132 0.27151828517863164 0.016769865466126431 0.038252573604175347 0.018326090490722625 0.45041670015266222 0.031937009309152074 -0.071734782901865815 -0.033712639891435768 -0.019452993961505287 -0.2668773327744417 0.017729474713533127 -0.68930738961039562 -0.064290003203032853 -0.013110769841600593 -0.11496445180201442 0.031675162765123055 -0.08583367421998811 -0.0092828136322604133 0.00016132146599778482 -0.098091052920968799 0.0077408715785237704 0.018157651712465396 0.078197851551947847 -0.20451477495291207 0.02751925682760625 0.80880503033323581 -0.036003960930907415 0.066718137711531497 -0.082192578855327145 -0.0031719665456469677 0.033592061055811584
leaf_weight=97.152466014042147 41.270174856060464 190.87556798859487 58.966408984084069 16.756614080172255 78.119227481893176 94.539601067161129 97.852014287647819 128.79325657497714 6.5727534560167005 266.02702579704044 68.630960511101989 201.85276965564844 26.273774618788597 141.67483291386452 257.57172469820944 144.30628410497826 25.79663062484633 5.0722992923838328 0.34804637227352664 0.1238311406887086 14.412436392727612 0.29051539018109906 0.083438322162692202 20.92828687326255 15.75359487014066 6.8676371248948263 24.49415799761482 4.7711823420831934 34.886792811303167 11.516197667078812 46.565538453767658 1.0209099949570362 332.23309810223873 25.578226147030364 246.66537016330403 0.65292779781157051 1.410821957921143 5.6468108173867204 234.83825265613268 242.60991329601916 5.8187645545986015 37.399511529918527 0.7539679887704549 0.57726921798894182 1184.5327720355785 17.019476683521134 185.19570213127736 38.160219240890001 205.79824942888081 9607.6433973546264 60.472537414502128 575.93576575365319 385.55426796612301 78.794530024722917 2.3260223779507205 25.906356075567601 0.21972288014512642 121.10736300824188 83.501789690770238 29.783204776285856 2491.3863175966835 130.23004374443553
leaf_count=4646 6993 124146 266032 5277 97538 5246 8813 47916 13188 69227 81294 16771 10926 17569 21854 18042 9294 201 34 111 4091 161 20 1752 1149 1031 1836 59 1524 217 5097 348 11360 802 11721 32 244 361 9051 126141 304 16994 68 119 598410 9280 6110 2805 27598 694963 539705 179112 9563 108875 72 3091 34 247835 3258 2130 42053 32791
internal_value=-0.000207818 -0.0156767 -0.0273857 -0.0162051 0.000266903 -0.00973239 0.000897582 0.0110827 0.00192175 -0.00435373 0.0111812 -0.0213595 0.0285011 0.0211905 0.0303258 0.0445314 0.0610308 0.0376095 0.0978671 0.162271 0.1436 0.71593 1.33789 0.0207692 -0.0458353 0.0394226 0.0712738 0.0112397 -0.00552482 0.00624944 0.0527442 -0.0517736 -0.00159481 0.00184029 -0.00702745 0.0100622 0.00909821 -0.0350081 -0.0266442 -0.0113465 -0.170769 0.00376923 -0.186637 -0.418279 -0.000134502 0.00450288 0.00314948 0.00370351 0.00133595 -0.00163474 -0.0104022 -0.00628917 0.00234647 0.0207941 0.0540985 -0.0452636 -0.0556351 -0.0566812 0.0301166 0.0158999 -0.00031347 0.00733363
internal_weight=18487.9 550.479 359.603 300.637 17937.4 1064.23 16873.2 1552.49 814.388 692.599 361.953 330.646 293.322 738.099 550.021 292.449 194.597 121.79 26.6022 15.2583 14.7605 0.497785 0.207269 95.1874 20.8259 74.3615 168.8 11.3439 188.078 153.191 67.4938 27.2947 986.115 891.575 559.342 298.925 298.273 51.6071 260.416 283.88 11.4656 40.1416 2.74206 1.33124 15320.7 3744.9 3645.42 3628.4 3329.92 11575.8 1968.17 1760.47 3291.76 414.823 99.4785 207.706 181.8 181.58 298.481 214.979 2876.94 336.028
internal_count=3527285 528589 404443 138411 2998696 153840 2844856 332525 253376 226482 161795 64687 80501 79149 59839 37985 29172 26894 17664 4417 4125 292 131 9230 1350 7880 19878 13247 19310 17786 6849 11274 56302 51056 39696 29843 29811 18090 9853 133134 665 17425 431 187 2512331 249181 244463 235183 223685 2263150 1568187 777522 220880 169264 4718 790665 787574 787540 11498 8240 51616 60389
is_linear=0
shrinkage=0.1


Tree=92
num_leaves=63
num_cat=0
split_feature=9 6 10 9 6 9 17 10 6 11 6 7 9 2 25 10 11 8 10 6 1 7 3 11 9 11 10 9 11 7 8 9 11 9 22 8 22 6 8 9 8 17 22 14 3 10 18 14 10 9 14 18 8 10 14 6 18 3 7 6 23 8
split_gain=13.1868 28.179 42.2713 19.5397 17.9955 38.5282 31.344 20.3932 27.1478 25.2864 16.1942 15.9615 15.9087 15.5605 15.6894 15.2925 14.4706 18.0893 14.1428 13.8718 14.8953 98.0951 12.8978 12.3271 48.81 25.8378 32.4914 36.6969 36.6451 43.7307 43.288 34.3204 40.37 34.7236 33.7556 26.802 25.2059 25.1968 41.1655 30.8865 22.9837 22.8266 22.6066 28.177 22.3852 21.9189 21.8415 21.6946 21.937 21.6181 43.2731 39.7564 26.7352 31.1436 27.2507 21.2906 21.0329 20.8016 19.7152 19.6527 19.6387 20.3614
threshold=35.948717117309577 19.112850189208988 20.601238250732425 33.615818023681648 30.877573013305668 46.027742385864265 67.541069030761733 32.757078170776374 34.851621627807624 0.19090909510850909 9.1966171264648455 36.088342666625984 53.45238113403321 0.51562997698783886 1.5000000000000002 27.334994316101078 0.19090909510850909 31.503759384155277 36.491676330566413 44.033897399902351 17.500000000000004 46.543485641479499 2.5000000000000004 1.0000000180025095e-35 89.039035797119155 0.47222222387790685 91.476997375488295 84.924243927001967 0.35416667163372045 70.505386352539077 69.631092071533217 77.871940612792983 0.23611111193895343 70.479301452636733 6.5000000000000009 52.240802764892585 2.5000000000000004 69.614067077636733 96.60919570922853 79.118217468261733 91.476997375488295 90.603012084960952 8.5000000000000018 3.5000000000000004 6.5000000000000009 67.05426406860353 0.58957219123840343 12.500000000000002 37.884435653686531 60.158729553222663 4.5000000000000009 0.25403225421905523 54.201978683471687 45.773809432983406 10.500000000000002 64.326763153076186 0.14039409160614016 31.500000000000004 52.704679489135749 46.709957122802741 0.84523808956146251 89.039035797119155
decision_type=2 2 2 2 2 2 2 2 2 2 2 2 2 2 2 2 2 2 2 2 2 2 2 2 2 2 2 2 2 2 2 2 2 2 2 2 2 2 2 2 2 2 2 2 2 2 2 2 2 2 2 2 2 2 2 2 2 2 2 2 2 2
left_child=1 -1 -3 -4 6 7 -2 9 11 -6 -8 18 13 14 -12 -7 17 -15 22 -10 -21 -22 -9 24 36 26 28 -28 29 30 31 32 33 -25 35 -34 -17 38 45 42 -30 -33 43 -39 -31 55 -29 48 -40 52 -51 -52 53 54 56 -27 -38 -47 -32 -55 -41 -62
right_child=4 2 3 -5 5 15 10 8 19 -11 12 -13 -14 16 -16 23 -18 -19 -20 20 21 -23 -24 25 -26 37 27 46 40 44 58 41 34 -35 -36 -37 49 39 47 60 -42 -43 -44 -45 -46 57 -48 -49 -50 50 51 -53 -54 59 -56 -57 -58 -59 -60 -61 61 -63
leaf_value=0.01243140565414051 -0.037109599223071811 -0.10872571823877702 -0.0046131014052971297 -0.057223494393952738 -0.071206320611206686 0.12687331577583594 -0.2550075342861286 0.088425333984635104 -0.042689671983358463 0.16802164123310306 0.070931510623300817 -0.068775657780098975 -0.017142565632830658 0.02725227571240223 -0.025668299397476824 -0.14486426246379419 0.1610091638833242 -0.038028336327062526 -0.066932061486188008 0.09697723255488197 -0.10013114799572226 -10.985360811581421 0.0080653411348482196 -0.083354632419647329 0.087262623668602088 0.056687049224754309 -0.37899122352393122 0.0041316444371449958 -0.065150824600025178 0.025829630064369582 -0.0083892643154827636 0.062769353502857075 0.064278299622503837 0.016689739045525651 -0.026687916910661153 0.0043445157122632893 -0.098767644107366465 0.010132788122660673 0.20211287644008036 0.00013575903101926585 0.044403673294594298 -0.0072571676387522118 -0.16636076008363782 -0.091597619145192322 -0.015938593111960036 0.083231679266250122 -0.070318856791209222 0.039062518609710301 -0.0050257671935103236 -0.018794749611444419 0.12260560012942597 0.025960104940563257 0.090342369493746993 -0.11906189613417305 -0.035364263210830853 -0.002510842238435652 0.019384600450073942 0.27571747810617814 -0.051383599602801033 -0.031079860663590919 -0.03267264664672969 0.050085276036286389
leaf_weight=263.82138617270408 94.322218454528411 57.601360855881012 300.12160173234969 92.308011735711943 125.10853085388527 9.5680295150814327 2.057541673519153 47.644319985815017 195.02756725306398 4.5801259221196338 134.86275507025675 15.592052678317186 74.359218460438569 293.41954454224469 19.20797014749769 11.14803600675077 7.20482907303085 49.626761703919328 10.812873035163646 8.9635976666341026 0.08384825467434609 0.0091858734376728535 34.388401895953621 119.29240087558526 75.852565549328574 173.34867301605118 3.3369301108177742 60.715032599197002 148.91038514726688 597.42556545286789 158.6120592476218 122.2926127828282 87.010582442538976 48.919746742711141 333.16877894575134 523.73760472563561 15.695818389787744 63.003760817766306 5.1518709088850292 10777.112038963111 21.975570595648605 75.157820093503688 14.559525060001759 47.946221632242668 163.40840951511927 37.700138870684896 112.26755089854123 145.80330061052518 673.51666237566678 211.35215292477369 47.314660305681173 423.93799786513046 27.600862541992683 33.556364188028965 150.95173487699503 93.536106320971157 375.84469062557582 6.5967303379438809 325.58388854880468 104.30089343208238 37.361405135481618 145.54107987822499
leaf_count=101468 335613 76173 238904 134318 226190 3433 438 6032 240497 2919 50598 28249 5625 22799 25205 27870 143 7045 18606 4515 560 67 59883 217327 21933 10035 100 1708 22451 30782 70254 36150 46093 32995 30031 272148 77362 3323 361 255792 2597 2482 328 1719 50552 1729 6752 7586 34286 18450 8143 22156 2521 13559 78163 5491 97056 450 136661 18770 8739 263100
internal_value=-0.000192097 -0.0135179 -0.0287301 -0.0169882 0.000344509 -0.000289418 0.0163578 -0.0294213 -0.0155876 -0.0627577 0.0250418 0.024846 0.0260376 0.0324042 0.0588884 0.00048616 0.0207542 0.0178085 0.0405683 -0.0370715 0.0839119 -1.1749 0.0547381 0.000413315 0.00913129 -0.000438455 -0.00892108 -0.0505238 -0.00622969 -0.00323069 -0.0117517 -0.0023058 -0.00912701 -0.0542596 -0.0010841 0.012883 0.00490325 0.00157567 0.015762 0.000122355 -0.0510623 0.0361144 -0.0492034 -0.0338293 0.0168588 0.0467523 -0.0441875 0.00406535 -0.00345335 0.00610393 0.0188018 0.0356635 -0.00613934 -0.0100535 0.000731924 0.0359397 0.0146482 0.111897 -0.0372996 -0.0524959 0.000687213 0.0331804
internal_weight=18441.2 713.852 450.031 392.43 17727.4 17052.3 675.061 442.211 312.522 129.689 580.739 108.438 578.681 504.322 154.071 16610.1 350.251 343.046 92.8456 204.084 9.05663 0.0930341 82.0327 16600.5 1477.56 15123 2901.81 176.32 2725.5 2554.61 1793.78 1309.58 1112.13 168.212 943.917 610.748 1401.7 12221.2 1135.65 11085.5 170.886 197.45 125.51 110.95 760.834 311.182 172.983 824.472 678.669 1390.56 682.605 471.253 707.95 680.35 542.492 266.885 391.541 44.2969 484.196 137.857 10960 182.902
internal_count=3527285 550863 449395 373222 2976422 2528956 447466 587518 358409 229109 111853 112770 111415 105790 75803 1941438 29987 29844 84521 245639 5142 627 65915 1938005 385983 1552022 959083 8560 950523 925475 844141 637226 598594 250322 348272 318241 364050 592939 59938 533001 25048 38632 5370 5042 81334 17705 8460 42233 34647 336180 48749 30299 287431 284910 252581 15526 174418 2179 206915 32329 527631 271839
is_linear=0
shrinkage=0.1


Tree=93
num_leaves=63
num_cat=0
split_feature=26 11 14 15 1 2 17 16 15 15 18 10 3 16 3 9 17 6 10 6 6 10 9 2 16 6 2 15 17 27 9 9 6 1 25 18 2 18 15 2 2 16 9 2 26 18 27 24 2 3 15 2 27 18 18 16 9 25 3 15 14 9
split_gain=12.3521 13.9127 12.1064 13.4791 11.4265 14.9995 15.9002 19.8629 16.9015 19.0895 25.3629 11.8606 14.2433 11.7459 11.0919 18.4308 34.8326 13.9268 14.7059 31.6874 16.0303 13.9212 12.7777 12.4575 12.3008 13.1058 13.9443 14.7504 15.5419 14.0071 22.9509 11.3342 11.4413 11.0526 11.0307 10.8674 16.2721 18.1025 39.0023 34.769 18.1026 49.545 10.7999 12.2379 10.7736 70.3081 41.151 23.6106 17.39 16.8813 17.6595 16.6615 15.6874 23.0697 44.3851 20.9001 17.6145 18.5327 15.5605 14.9305 14.6586 16.44
threshold=2.5000000000000004 0.47222222387790685 21.500000000000004 89.672946929931655 2.5000000000000004 0.53617811203002941 97.315315246582045 95.678848266601577 97.510330200195327 92.479335784912124 0.58957219123840343 48.714567184448249 13.500000000000002 93.88999176025392 1.5000000000000002 39.250699996948249 62.796316146850593 28.759398460388187 25.866189002990726 24.28337383270264 24.845679283142093 30.341388702392582 38.165266036987312 0.24117858707904818 64.306598663330092 32.305501937866218 0.48770733177661901 91.23447418212892 94.55533599853517 1.0000000180025095e-35 99.31506729125978 37.394067764282234 24.068965911865238 15.500000000000002 1.5000000000000002 0.54006412625312816 0.43411473929882055 0.68585526943206798 94.510131835937514 0.42504622042179113 0.32483725249767309 90.636241912841811 43.288288116455085 0.50352713465690624 1.0000000180025095e-35 0.054093567654490478 1.0000000180025095e-35 1.5000000000000002 0.66515344381332409 54.500000000000007 30.813186645507816 0.57456156611442577 1.0000000180025095e-35 -1.0000000180025095e-35 0.30602006614208227 93.373252868652358 40.270269393920906 1.5000000000000002 91.500000000000014 71.564128875732436 8.5000000000000018 87.609649658203139
decision_type=2 2 2 2 2 2 2 2 2 2 2 2 2 2 2 2 2 2 2 2 2 2 2 2 2 2 2 2 2 2 2 2 2 2 2 2 2 2 2 2 2 2 2 2 2 2 2 2 2 2 2 2 2 2 2 2 2 2 2 2 2 2
left_child=2 -2 4 -4 5 11 8 -8 9 -7 13 -1 -13 -11 17 16 -16 18 19 -6 -20 42 31 -23 33 -26 29 28 -28 -27 -31 32 -18 -25 -3 -33 37 38 39 40 41 -37 -19 -44 51 -46 49 48 -48 50 -47 52 53 60 -55 -56 -54 -58 -53 -51 61 -17
right_child=1 34 3 -5 14 6 7 -9 -10 10 -12 12 -14 -15 15 44 22 21 20 -21 -22 23 -24 24 25 26 27 -29 -30 30 -32 35 -34 -35 -36 36 -38 -39 -40 -41 -42 -43 43 -45 45 46 47 -49 -50 59 -52 58 56 54 55 -57 57 -59 -60 -61 -62 -63
leaf_value=0.051431273294159113 -0.085592682559430089 0.0058751373746903229 -0.055186702913490072 0.0099365241292692242 0.030660502797165534 0.002181677027105285 0.057145936578719803 0.0091674476092954409 0.052281163289041303 -0.0083924547504090861 -0.018833324138489038 -0.000195523871389343 0.040098581476033859 0.080486554358243589 -0.10043673563380753 0.016774219788674525 -0.0022733159552586562 -0.11100368042570639 -0.08230284764169217 -0.091145126894310022 0.080358970716088385 -0.13583233122607491 -0.094518868863370437 0.040427277122133953 0.059125620143795611 -0.0072426917316525778 0.0078300791189699417 -0.0085711197652585079 0.051420148830481439 -0.033978056187625269 -0.19899408075881794 -0.049397924221193039 -0.038585758045012714 -0.047043845081983518 -0.12302682510635282 3.6935786760660463 0.035298850400661823 0.038852769929320602 2.0705238426405677 1.4002657936650387 0.074502106691922518 -0.1003252773614227 -0.12278511235389905 0.087301583975604682 -0.097903891187389236 0.070902484863016216 -0.058932815555394626 -0.10459829153479328 0.017495867520178999 -0.083654630850029457 -0.00070049649011651172 -0.0034689257815326557 0.11664915775700405 -0.068742366365385041 0.059832731900867624 -0.022845822942201215 0.0091511722486781657 0.077617024310136284 -0.026894126592789499 0.073623701862980701 0.022228158971118225 -0.0017105621260478567
leaf_weight=98.005522395273147 35.296571439772379 60.652833846921567 81.983161850515899 51.904461919184541 129.9753751252847 4013.5356254806866 95.536264857524657 891.33192296863126 60.869095702277264 23.900266533761169 814.66391570602718 275.13718356663594 128.78938151522016 39.350922137280577 50.746718948666057 587.66409768940093 231.85895705765506 19.153819370309524 6.6771644104082943 25.557085008716967 65.395759528659255 6.451747659659758 18.432679484981918 133.64050562164982 38.409514223487349 337.17857428004208 911.8775993357267 555.99393128513475 89.855610220736708 69.279211045861302 9.5958675120491517 12.708327454306753 138.65926830542594 16.196254652873108 7.4546805039135497 0.052718101636855752 39.730831809152733 2.2496975969552295 0.13799980451585714 0.26544436032418151 1.6135119647951794 0.099177166484878398 4.3807091373964777 7.5540862157940865 83.5731357669315 35.015287592243567 69.358206560825238 56.019548530033717 52.158613061685173 40.10512762217877 2111.7307286992227 1766.1208375742322 19.285818909764203 127.97042609298978 56.870438668669522 66.124994799363776 292.808676156204 45.707352826986607 337.80501826435057 7.1051753333485967 387.12346109939199 2654.3646634819888
leaf_count=23215 92593 2158 92045 3326 5785 259130 4226 181325 7936 657 31243 7162 6308 857 513142 405569 75832 3594 442 2851 3532 1510 26966 13429 997 6520 34224 31453 4717 4392 502 27690 117937 4833 831 69 2709 230 23 79 713 92 727 221 255162 12195 27250 4065 3796 61865 457464 114892 20745 157163 17454 3606 110317 8154 68005 2310 158708 40342
internal_value=-0.000174967 -0.0346399 1.9823e-05 -0.0299403 0.000240687 0.00362423 0.00222136 0.0138121 -8.83719e-05 -0.000740057 -0.0140973 0.0202239 0.012652 0.0469025 -0.00161875 -0.00319088 -0.021935 0.00440082 0.0279488 0.0106454 0.0652892 0.00196414 -0.0129991 0.00291671 0.00333075 0.00127244 0.000146621 0.0044905 0.0117401 -0.0161171 -0.0540537 -0.00948314 -0.0158625 0.0309723 -0.00823377 0.0320888 0.0555447 0.237592 0.443739 0.333196 0.172753 1.21642 -0.0644785 0.0101885 -0.00213284 -0.00775745 -0.00458063 -0.050888 -0.0261274 -0.000833407 0.00046741 4.45627e-05 0.00365607 0.00180851 -0.0275135 0.015383 0.0236916 0.0183956 -0.00723006 -0.0599842 0.00383621 0.00164007
internal_weight=18399.1 103.404 18295.6 133.888 18161.8 6441.12 5939.19 986.868 4952.32 4891.45 877.915 501.932 403.927 63.2512 11720.6 9293.47 496.555 2427.17 227.605 155.532 72.0729 2199.57 445.809 2168.48 2162.03 2012.19 1973.78 1557.73 1001.73 416.054 78.8751 427.376 370.518 149.837 68.1075 56.8577 44.1494 4.41855 2.16885 2.03085 1.76541 0.151895 31.0886 11.9348 8796.91 2455.07 2371.49 177.536 121.517 2193.96 2146.75 6341.85 4237.92 3880.12 250.966 122.995 357.802 338.516 2103.93 47.2103 3629.15 3242.03
internal_count=3527285 95582 3431703 95371 3336332 522059 485374 185551 299823 291887 32757 36685 13470 1514 2814273 2694544 765482 119729 12610 8636 3974 107119 252340 102577 101067 82805 81808 70394 38941 11414 4894 225374 193769 18262 2989 31605 3915 1206 976 953 874 161 4542 948 1929062 824107 568945 35111 31046 533834 469659 1104955 922058 782842 178223 21060 139216 118471 182897 64175 604619 445911
is_linear=0
shrinkage=0.1


Tree=94
num_leaves=63
num_cat=0
split_feature=2 7 3 3 22 9 21 0 18 27 22 18 8 21 9 3 7 9 9 10 2 0 18 11 10 6 10 5 21 22 0 22 8 21 10 22 2 18 6 18 18 2 17 24 27 26 0 26 22 17 18 3 11 0 2 17 0 0 3 3 3 11
split_gain=11.3322 26.4952 16.029 13.4486 16.3059 13.9324 10.9196 12.301 9.80273 12.7586 11.6916 9.25491 34.4161 23.1539 16.1396 23.0063 16.7218 16.7178 26.0906 16.55 15.8599 15.7608 14.5498 13.1541 12.0677 16.5978 13.5148 12.0158 16.9313 15.4265 12.2696 26.9961 19.5281 23.2924 17.2005 15.0816 15.185 14.5759 13.43 15.4298 15.1624 14.4855 28.4215 17.7934 27.277 15.8922 15.4134 20.0586 14.3037 11.9981 20.0491 14.0628 20.3759 13.0653 14.9567 11.9573 11.784 11.6814 11.5923 35.1445 22.4639 28.4872
threshold=0.33173140883445745 87.026645660400405 148.50000000000003 8.5000000000000018 4.5000000000000009 54.72370910644532 18.500000000000004 0.3263238817453385 0.21132376790046695 -1.0000000180025095e-35 5.5000000000000009 0.94868421554565441 97.999198913574233 7.5000000000000009 42.488718032836921 7.5000000000000009 19.139194488525394 42.967033386230476 44.033897399902351 25.866189002990726 0.65837985277175914 0.44427827000617987 0.5577777922153474 0.31666667759418493 9.6399536132812518 27.072835922241214 25.866189002990726 1.0000000180025095e-35 5.5000000000000009 6.5000000000000009 0.46264262497425085 8.5000000000000018 73.401363372802749 6.5000000000000009 70.396453857421889 6.5000000000000009 0.38889050483703619 0.73030304908752453 44.575162887573249 0.76696833968162548 0.94281044602394115 0.85018831491470348 62.532051086425788 1.5000000000000002 1.0000000180025095e-35 1.0000000180025095e-35 0.94227582216262828 1.0000000180025095e-35 9.5000000000000018 93.629318237304702 0.58957219123840343 13.500000000000002 0.31666667759418493 0.79730346798896801 0.97871470451354992 99.839229583740249 0.40433955192565924 0.64176890254020702 55.500000000000007 31.500000000000004 47.500000000000007 0.47222222387790685
decision_type=2 2 2 2 2 2 2 2 2 2 2 2 2 2 2 2 2 2 2 2 2 2 2 2 2 2 2 2 2 2 2 2 2 2 2 2 2 2 2 2 2 2 2 2 2 2 2 2 2 2 2 2 2 2 2 2 2 2 2 2 2 2
left_child=1 3 -3 4 -1 -5 8 -8 -6 10 -10 14 13 21 15 16 19 -16 23 -2 -15 -13 -17 -19 -23 -26 -27 28 29 49 31 32 33 34 -30 36 -35 -33 39 -32 41 43 -43 -40 48 -46 -44 -48 -45 51 -51 57 -53 -52 -55 -37 -38 -20 59 -29 61 -61
right_child=11 2 -4 5 6 -7 7 -9 9 -11 -12 12 -14 20 17 22 -18 18 27 -21 -22 24 -24 -25 25 26 -28 58 30 -31 38 37 -34 35 -36 55 56 -39 40 -41 -42 42 46 44 45 -47 47 -49 -50 50 53 52 -54 54 -56 -57 -58 -59 -60 60 -62 -63
leaf_value=0.015243244569834301 0.010035765360201997 0.038388095139684178 -0.020226475960067384 -0.10166393046399742 -0.076622390447888433 -0.032608672168908635 0.098465401980671025 0.91330736092481135 0.19641424973485763 -0.034421099882110909 0.01003336794785799 0.078010088997484406 0.087728604709676417 0.12129584628975446 0.045999431817833725 -0.089459672153842595 -0.015592227592117817 -0.088731525308388584 -0.023440869159576324 0.12455302305871488 0.024320796134138657 -0.13709995859969035 -0.0074941648765099863 -1.3968619750329105 0.021377848134776594 -0.15538651299577569 -0.017065111099435291 -0.0023705355001774273 -0.013942775515175766 0.034563282981351952 0.042422554611029062 -0.06434534200938484 0.011148047905804162 0.024560027397955722 0.19075654333419301 0.0049722033874042212 0.12570330296134205 0.079882115831164724 0.00091512262888221875 -0.0063731165552710529 -0.20219081261780328 -0.033488505346589058 0.022689239013801325 0.042856136066757734 -0.018481431876729383 -0.10672390021806688 0.075012743478154342 -0.023212720925880261 -0.024955923813190575 0.069629848318266629 0.012280704795963625 -0.099200441007213105 0.0040467167707463657 -0.050210558641954312 0.026433230044779502 0.51470690270385899 0.06308588898788757 -0.0027485811657393237 -0.010641948290067663 -0.026566241257203051 0.00026918991173468311 0.062168576787380053
leaf_weight=131.46807381908823 177.76856764333309 133.05839654586453 71.846106877143029 35.060077099549716 42.817178824925165 175.30085973039738 3.201039489727918 0.19664679611014424 4.5081693930369537 103.34545224324937 13.28033918008259 21.141377336141886 54.360936309021781 18.433714193553897 80.595065856256042 60.155564175020572 629.3381989862861 30.440128840027686 710.59227059288651 13.584228655656942 198.1443916958815 7.3792409822344771 33.839520365836506 0.077065212295564289 135.49994564696681 7.2162556244293219 334.03951861272799 6313.8612598637583 80.961193154098169 103.48455435763481 181.42751734865988 57.651265468410202 822.19250732243927 47.907484516337306 4.3241974832635597 49.465372980328539 54.274747373067513 7.9766536895767777 2307.6396935200173 100.81245754723204 3.620185002917423 123.8365269229289 863.58119567038375 48.338444202963728 33.197669550543651 52.980917447439424 24.084665846850839 151.9729767239769 87.250104470724182 49.036231236314052 342.14888530790631 19.578679404208515 806.110094931302 81.442405767113087 37.041917144713807 0.46452094102278252 67.34626378411275 442.84410985271097 1348.7456125970202 43.888334831925931 180.30727362326797 205.97566299016762
leaf_count=38889 26967 4259 896 317756 198315 169519 2366 58 1442 71474 8258 832 161601 822 47159 535104 264722 49909 60764 2270 19660 160 10819 38 3548 249 47562 430572 89366 13091 24941 24214 45234 22630 997 14292 20526 184 68691 2015 349 3553 46715 1549 6564 873 30878 3988 2052 1825 10496 102190 42732 4590 3872 19 15515 16165 352257 50191 24489 4252
internal_value=-0.000178471 -0.0125287 0.0178359 -0.0247481 -0.0111122 -0.0441179 -0.0318169 0.145626 -0.0354941 -0.0209565 0.0572682 0.000320957 0.0109976 0.00521916 -0.000169937 -0.0130885 -0.00772128 0.000570095 0.000339629 0.0181654 0.0325747 -0.00650631 -0.059951 -0.092035 -0.010197 -0.0082328 -0.0199901 0.000517413 0.00332797 -0.00326792 0.00663437 0.0155315 0.0191623 0.0407845 -0.00356397 0.058019 0.0722458 -0.0468154 0.00396761 0.0249934 0.00236223 0.00256275 0.0117973 -0.00168494 -0.0287404 -0.0727312 0.0171915 -0.00977549 -0.000780361 -0.00484095 0.00884119 -0.00836441 0.00159853 0.00236999 -0.0262493 0.0097145 0.0910296 -0.0154964 -0.00217882 -0.000486271 0.0271701 0.0465824
internal_weight=18372.5 714.082 204.905 509.178 298.817 210.361 167.349 3.39769 163.951 121.134 17.7885 17658.4 776.215 721.854 16882.2 914.686 820.691 15967.5 15886.9 191.353 216.578 505.276 93.9951 30.5172 484.135 476.756 341.256 15856.4 7763.59 2592.28 5171.31 1192.56 1126.94 304.744 85.2854 219.458 169.528 65.6279 3978.74 282.24 3696.5 3692.88 1163.48 2529.41 221.767 86.1786 1039.64 176.058 135.589 2488.79 509.669 1979.13 825.689 460.633 118.484 49.9299 121.621 1153.44 8092.78 6744.03 430.171 249.864
internal_count=3527285 813232 5155 808077 320802 487275 281913 2424 279489 81174 9700 2714053 234434 72833 2479619 839882 293959 1639737 1592578 29237 20482 52351 545923 49947 51519 51359 47811 1542631 680870 255725 425145 232977 208579 163345 90363 72982 58671 24398 192168 26956 165212 164863 85134 79729 11038 7437 81581 34866 3601 242634 20783 221851 144922 18958 8462 14311 36041 76929 861761 509504 78932 54443
is_linear=0
shrinkage=0.1


Tree=95
num_leaves=63
num_cat=0
split_feature=14 21 8 9 6 9 16 10 6 8 10 8 6 0 10 10 9 10 10 6 6 21 9 7 6 24 7 10 26 4 15 15 16 15 18 10 21 24 9 10 6 6 10 10 6 0 8 21 6 9 0 5 0 21 18 10 8 7 21 9 9 14
split_gain=11.5131 15.422 10.8867 15.0233 22.8072 25.9499 30.4407 27.2775 33.3043 51.927 17.9156 22.127 18.7718 18.8375 17.1722 17.1548 16.8099 19.041 25.6626 30.6737 18.921 14.847 14.2444 14.0997 13.9308 13.652 13.0291 12.7853 12.3833 17.6965 21.2909 22.8456 21.1224 97.6964 184.385 12.2137 35.6927 77.6579 12.2116 11.5292 23.5477 12.3486 34.0596 11.5105 18.064 11.4845 30.6385 12.4812 11.7633 11.3748 11.1369 10.9075 17.879 12.8779 12.7831 22.5214 10.5868 10.3314 20.5065 23.9472 10.3101 10.8526
threshold=17.500000000000004 7.5000000000000009 12.183054924011232 35.948717117309577 28.759398460388187 46.027742385864265 91.820003509521499 34.330356597900398 29.21747970581055 25.176055908203129 30.471628189086918 29.459980010986332 32.049383163452156 0.517472803592682 34.178434371948249 26.158231735229496 54.72370910644532 30.341388702392582 25.866189002990726 24.068965911865238 24.845679283142093 13.500000000000002 33.615818023681648 32.049383163452156 34.851621627807624 1.5000000000000002 28.759398460388187 12.97335195541382 1.0000000180025095e-35 1.0000000180025095e-35 52.198066711425788 40.09132385253907 59.848266601562507 45.179513931274421 0.12060606107115747 26.158231735229496 8.5000000000000018 1.0000000180025095e-35 41.444372177124031 12.97335195541382 12.97335195541382 19.112850189208988 20.601238250732425 34.851621627807624 34.724637985229499 0.38316886126995092 99.35065078735353 8.5000000000000018 42.761905670166023 29.708431243896488 0.82163912057876598 1.0000000180025095e-35 0.79730346798896801 21.500000000000004 0.8603896200656892 37.590579986572273 42.967033386230476 21.132376670837406 13.500000000000002 56.125000000000007 34.549070358276374 6.5000000000000009
decision_type=2 2 2 2 2 2 2 2 2 2 2 2 2 2 2 2 2 2 2 2 2 2 2 2 2 2 2 2 2 2 2 2 2 2 2 2 2 2 2 2 2 2 2 2 2 2 2 2 2 2 2 2 2 2 2 2 2 2 2 2 2 2
left_child=2 -2 27 22 16 6 25 8 9 -7 11 -8 13 -12 -14 21 17 18 19 -5 -20 -13 39 -15 43 -6 28 49 -22 35 31 -31 33 34 -33 36 -30 -38 -17 40 -4 -41 -43 -16 -45 46 48 -48 -10 -1 -42 52 -44 54 55 -53 -50 58 -9 -60 -24 -62
right_child=1 -3 3 4 5 7 10 57 45 -11 12 15 14 23 24 38 -18 -19 20 -21 26 -23 60 -25 -26 -27 -28 -29 29 30 -32 32 -34 -35 -36 -37 37 -39 -40 41 50 42 51 44 -46 -47 47 -49 56 -51 -52 53 -54 -55 -56 -57 -58 -59 59 -61 61 -63
leaf_value=0.029748498965156064 -0.0040287776694596109 -0.049008136748683526 0.027415405219518515 0.041449989323234931 -0.06779713653645511 4.4346024761803733 -0.12606667368946886 0.077481879888770228 -0.048718550724678983 -0.10049111938274809 0.13308670021007057 0.07248604705266469 -0.057469877180222909 0.044097682161175045 0.13410800849150023 -0.096337348328575212 -0.039666473336605813 -0.051682505624551317 -0.05013141948583353 -0.049487375552529592 0.075877467191335202 0.58586697616336048 -0.13612010973029515 -0.091724596640572767 -0.011660384553651306 0.013359310920562592 0.025390619450834834 0.12090435517324578 0.09233121973690317 0.070467364961563625 0.15802441168966641 -0.10014630708175341 0.53787128323349831 0.42881675417247939 11.318123268990474 -0.048832962577451067 -0.10013905720583927 6.2973089009342775 0.026739913924776426 0.019033399709383218 -0.12241375460744558 -0.097920840903253273 -0.012542186746682536 -0.015683892457354728 0.15346279738187441 0.050848839732632781 0.3132264161019776 1.3839145114425806 0.77258059978908067 -0.14576987951276801 -0.40795327742923737 -0.0085609532512529087 -0.13664975242379859 1.4102063096455462 0.051904414422757554 2.3340142784640481 -0.10463580065454942 0.00025308522841646511 -0.10221821942287823 1.6818087117488145 -0.0093095707147580458 -0.088589977037352691
leaf_weight=51.512699555752988 246.17443944661863 110.41893207021712 14.053512072857588 116.73383753027639 147.64148470534838 0.044080553844337511 24.899825902473822 9.2944935625328036 23.726386250257153 0.059094972526509082 20.03093832283048 10.344902399359849 53.727050517343741 39.971721367146529 12.782664200723955 18.977634474740626 36.334351237706869 25.218823064413016 11.993950557765855 54.367171487434007 68.881837206321507 0.5957686287583791 12.75932102412912 9.4500663114013133 110.36150531301246 24.112931518918231 31.713168486126506 15.117580800953872 0.39641114975893188 0.95340391994614337 21.181795479104039 0.030631972313130862 1.4190434962438301 0.18347088554583024 0.0262719746096991 5.236669161891772 0.048294214249835932 0.031254205214281683 14.01486467890936 144.35564815353894 15.444518194826744 44.008220217359906 112.31066497071208 27.293675496937794 8.213813804475647 141.72662599319173 0.2367481385008422 0.20157706366444472 0.33443391218716811 3.9774171493681925 1.4984671516285732 101.27470051063784 12.945675993825715 0.066049810218827498 56.055041770450771 0.041056781814403531 0.23372905024007196 16244.139123216448 0.13275314965358198 0.17367309129622299 46.448894250116552 27.482575620187049
leaf_count=13957 167203 43998 4616 47565 637242 10 2224 1748 55831 213 2376 885 5695 1072 441 2982 7493 23338 8011 61890 15539 65 25788 464 8574 12623 27487 3965 517 257 771 84 125 117 24 21450 165 30 1373 55393 13306 62404 103946 2390 224 31482 106 40 113 3701 34 125366 260 114 1107 89 192 1808604 88 37 67867 42214
internal_value=-0.000163849 -0.0179566 0.000189093 3.45623e-05 0.000568636 2.89102e-05 -0.0219121 0.000726973 0.0409894 1.83708 -0.00501839 -0.0507552 0.00615214 0.0512825 -0.00860653 -0.00807127 0.02497 0.0319098 0.0386407 0.0125547 0.0700513 0.100442 -0.0156748 0.0181268 0.00794094 -0.0564034 0.0811308 0.0393784 0.0990972 0.153301 0.191247 0.460576 0.68471 1.55156 5.17155 -0.00475082 0.480256 2.41339 -0.0440554 -0.0092113 -0.0682865 -0.00532403 -0.0160866 0.0527375 0.0234442 0.0398761 -0.0230007 0.805615 -0.0379507 0.0171677 -0.147667 -0.00334701 -0.0253691 0.0141737 0.0135878 -0.00761166 0.411714 0.000314378 0.104018 0.908914 -0.0531071 -0.0387805
internal_weight=18333.4 356.593 17976.8 17906.2 17317.5 16942.7 522.419 16420.3 166.563 0.103176 350.664 68.833 281.831 69.4527 212.379 43.9332 374.75 338.416 313.197 171.101 142.096 10.9407 588.744 49.4218 158.652 171.754 130.102 70.6077 98.3891 29.5072 23.7946 2.61282 1.65942 0.240375 0.0569039 5.71263 0.47596 0.0795484 32.9925 502.054 30.9965 471.057 326.701 48.2902 35.5075 166.46 24.7329 0.438325 24.2945 55.4901 16.943 282.693 125.256 157.437 157.371 101.316 0.568163 16253.7 9.60092 0.306426 86.6908 73.9315
internal_count=3527285 211201 3316084 3294461 2791957 2577094 678630 1898464 87987 223 28765 7529 21236 3912 17324 5305 214863 207370 184032 109455 74577 950 502504 1536 11629 649865 66566 21623 39079 23540 1378 607 350 225 108 22162 712 195 4355 366635 17956 348679 293286 3055 2614 87764 56282 146 56136 17658 13340 230882 104206 126676 126562 125455 305 1810477 1873 125 135869 110081
is_linear=0
shrinkage=0.1


Tree=96
num_leaves=63
num_cat=0
split_feature=26 21 1 14 11 7 0 8 3 11 10 7 10 6 6 10 3 18 14 14 21 27 21 24 0 2 10 21 11 3 21 11 11 10 23 18 18 2 11 18 11 21 18 0 25 10 10 0 21 0 6 3 18 6 10 3 21 14 2 18 11 8
split_gain=11.3191 17.6196 10.2509 9.44037 23.4942 27.0329 21.9488 15.5307 22.7109 19.2862 29.189 17.3889 25.0805 29.8628 15.1505 15.0361 14.5656 13.9975 13.575 13.3517 16.6067 13.3018 37.9817 15.2538 14.236 13.2568 12.7351 12.358 18.2579 11.4048 11.3093 22.9129 27.1548 14.1397 14.0821 25.0515 25.0332 18.3019 19.2902 21.8459 17.6647 14.3463 15.7387 17.8134 13.4737 13.5921 13.0124 12.9078 16.7975 21.8108 12.6632 12.6076 15.2336 13.8375 17.1354 42.3755 47.2649 49.7365 40.1072 37.5607 20.7012 12.2093
threshold=2.5000000000000004 7.5000000000000009 18.500000000000004 8.5000000000000018 0.86607143282890331 81.302967071533217 0.84520214796066295 91.476997375488295 31.500000000000004 0.53571429848670971 69.631092071533217 26.158231735229496 22.903981208801273 21.680376052856449 87.585617065429702 42.94755935668946 241.50000000000003 0.32738095521926885 19.500000000000004 11.500000000000002 7.5000000000000009 1.0000000180025095e-35 8.5000000000000018 3.5000000000000004 0.56259194016456615 0.19428808987140658 10.859951019287111 8.5000000000000018 0.41428571939468389 199.50000000000003 5.5000000000000009 0.31666667759418493 1.0000000180025095e-35 38.165266036987312 0.087121214717626586 0.4463601559400559 0.10435571894049646 0.79882803559303295 0.19090909510850909 0.82971012592315685 0.73214286565780651 7.5000000000000009 0.71008405089378368 0.84520214796066295 2.5000000000000004 64.051280975341811 91.010101318359389 0.87816327810287487 3.5000000000000004 0.96125608682632457 12.97335195541382 3.5000000000000004 0.15504807978868487 34.330356597900398 34.330356597900398 4.5000000000000009 10.500000000000002 5.5000000000000009 0.28395356237888342 0.2709790319204331 0.23611111193895343 44.033897399902351
decision_type=2 2 2 2 2 2 2 2 2 2 2 2 2 2 2 2 2 2 2 2 2 2 2 2 2 2 2 2 2 2 2 2 2 2 2 2 2 2 2 2 2 2 2 2 2 2 2 2 2 2 2 2 2 2 2 2 2 2 2 2 2 2
left_child=2 -2 3 16 5 6 7 8 11 10 19 12 13 -5 29 -11 30 25 -13 20 -9 -17 23 24 -23 -14 -8 28 -21 -6 31 32 46 -33 61 36 40 38 -37 44 -36 42 -39 -44 45 -40 50 -35 49 -49 -1 52 -38 -53 55 56 57 58 -55 -59 -57 -32
right_child=1 -3 -4 4 14 -7 26 9 -10 15 -12 18 17 -15 -16 21 -18 -19 -20 27 -22 22 -24 -25 -26 -27 -28 -29 -30 -31 34 33 -34 47 35 37 51 41 39 -41 -42 -43 43 -45 -46 -47 -48 48 -50 -51 -52 53 -54 54 -56 60 -58 59 -60 -61 -62 -63
leaf_value=0.093276706478452542 -0.010313125937818255 -0.1083772489098319 -0.024725895479380873 0.0029150606112793524 0.076111178625227427 -0.037763159027527575 -0.32636056786752521 -0.035295021116187861 -0.065573043667877515 0.25086471406272065 0.080093034994693335 -0.0093572644390043525 -1.4372117018186543 -0.09888201073155356 -0.25228559251173616 0.003122326696872158 -0.022290650263964248 0.043512382767246317 -0.056309762262831367 -0.02800974807401448 0.050706929763037513 -0.087395642465791165 -0.14959152957778774 -0.4337994825300755 0.038338752292931585 -0.044877796700020518 -0.027721122949188416 -0.023289629994758882 0.072408845703641811 -0.05904659928048725 -0.019341732803048149 0.099289264002256128 -0.074294916698988245 -0.0015562012121124328 -0.057850379128529118 0.0099574822902253942 0.11180083202326718 0.058039772543437888 -0.04071021552983272 -0.066244009520525296 0.052487654604149031 0.0051626904544860523 -0.0077252279000612741 0.045034509644855739 0.18459131968775297 -0.0029605924221222085 0.10150384176172787 -1.3183912334227497 0.030037822812841772 -0.066502675151773646 -0.01855726253463675 -0.045820679569254459 0.037414769837122296 4.4395847053541226 0.019358182652884477 -0.012102613854623516 0.11966793227039621 1.5065896406404931 -0.10168972173834044 4.1571473363511231 0.44442523907715492 0.0018824814253017809
leaf_weight=10.450439528764774 76.764017458179069 24.066339703033236 167.77251455773512 219.12959502591889 58.083473233593395 245.12337970433873 1.4348863027989853 87.556895182169683 64.473333354934312 2.3899394579784703 81.742764007838559 897.56830355045361 0.068657161624289809 33.181477621255908 1.5751317440008268 905.03390636119002 258.99785450848321 198.09364189839289 66.113405434520246 23.456336207771528 30.195830288488651 11.458509396936277 22.465188007830875 0.78078014319180411 42.054024284036132 17.176320890122611 294.62993274149994 30.162554590155196 79.378762260996155 6.9950703796930602 283.31689136384375 14.248583905778103 86.868683905873979 4119.3741110680448 56.443650080817861 507.85491481604913 29.927644085737484 123.97399871661037 119.49991240855888 76.305959839606658 19.530116880312562 790.32364735658484 150.00179494851909 111.60966716727125 3.5584341695648609 472.58136133718654 9.8557376918688515 0.21060745531576586 153.32810989358404 0.41027740450226702 325.15270808698631 32.362152515712296 343.77486568044878 0.022024681928086376 268.31939756171141 4.6170694432621531 0.43402357898958144 0.12409169897546235 0.16621035510434012 0.09393458410340827 1.2654965656001875 6253.3069583101587
leaf_count=2541 33042 62540 169719 63560 3252 7327 23 6203 356022 81 3292 330262 326 23045 85 11608 121468 17170 40643 9385 1305 350 895 25 5100 51326 19473 1940 4781 42 492436 2282 135265 185992 134385 37166 4142 15902 2001 9272 453 107651 16804 85326 108 23986 6674 30 82951 117 278614 40035 32231 45 29786 5316 209 66 281 54 24 450850
internal_value=-0.000306473 -0.0337192 -0.000121528 0.000107184 -0.00462254 -0.00579096 -0.0032698 -0.000543494 -0.00751541 0.00737693 0.0281993 -0.00490024 0.0109222 -0.0104723 0.0541663 0.000342349 0.00121307 0.0359899 -0.0125784 0.0112824 -0.0132412 -0.000267488 -0.0402357 0.00501301 0.0114156 -0.0504211 -0.0291685 0.0329949 0.0495037 0.0615835 0.0016367 -0.00237459 -0.0243164 -0.000162131 0.00359878 0.00913465 0.0249592 0.00404894 -0.00475079 -0.0158673 -0.0294864 0.0128778 0.0286912 0.0147833 -0.00941363 -0.0105796 -0.0117489 -0.000493733 0.0279358 -0.49115 -0.0150748 0.0310323 0.0433719 0.0160314 0.0233091 0.180996 0.845276 1.62047 0.429668 2.64856 0.0861087 0.00096256
internal_weight=18317.2 100.83 18216.4 18048.6 3420.32 3353.67 3108.55 2812.48 1495.8 1316.68 332.493 1431.33 467.65 252.311 66.6537 984.182 14628.3 215.339 963.682 250.75 117.753 981.792 76.7585 54.2933 53.5125 17.245 296.065 132.998 102.835 65.0785 14369.3 4719.9 432.328 4287.57 9649.41 3112.79 757.081 2355.71 1179.8 671.946 75.9738 1175.91 385.585 261.611 595.64 592.081 345.459 4273.32 153.949 0.620885 335.603 681.107 373.703 307.404 275.042 6.72285 0.840285 0.406261 0.188235 0.218026 5.88257 6536.62
internal_count=3527285 95582 3431703 3261984 957521 954142 946815 927319 882354 44965 26906 526332 155427 86605 3379 18059 2304463 68822 370905 23614 7508 17978 6370 5475 5450 51652 19496 16106 14166 3294 2182995 694466 423094 271372 1488529 545243 247027 298216 72533 35367 134838 225683 118032 102130 26095 25987 287829 269090 83098 147 281155 112189 36373 75816 35781 5995 655 446 326 120 5340 943286
is_linear=0
shrinkage=0.1


Tree=97
num_leaves=63
num_cat=0
split_feature=9 16 9 11 0 9 9 11 18 5 8 10 10 2 7 2 16 9 7 24 6 10 6 10 8 10 10 0 9 2 10 6 10 7 10 21 6 18 9 18 4 23 9 8 10 14 25 16 2 6 2 16 9 14 5 21 10 16 14 11 14 0
split_gain=10.7468 66.4473 16.399 17.6255 16.7238 15.8209 30.8767 19.9754 13.716 16.1247 12.4509 19.2838 11.7899 11.0365 9.84713 12.1117 9.77564 9.55327 9.50411 22.1377 18.1892 16.3054 26.4451 13.5492 13.6422 13.4184 19.7715 19.112 12.7445 17.2091 11.5603 10.4278 10.3853 9.27541 9.84552 10.1692 10.3752 9.15855 9.00755 8.86657 21.245 49.0989 33.4578 53.0044 38.2983 31.2406 26.8719 15.3136 12.5737 9.76042 8.84446 11.2136 8.73797 10.9423 8.73146 14.973 18.762 16.2686 14.7676 23.5265 36.6682 16.2318
threshold=42.488718032836921 60.386697769165046 40.270269393920906 0.19090909510850909 0.89007371664047252 42.967033386230476 44.033897399902351 0.31666667759418493 0.90692642331123363 1.0000000180025095e-35 30.0684928894043 31.851119995117191 18.019480705261234 0.81455671787261974 30.877573013305668 0.30778719484806066 77.345912933349624 42.179391860961921 29.459980010986332 4.5000000000000009 28.759398460388187 25.677655220031742 24.068965911865238 30.471628189086918 26.766168594360355 30.471628189086918 30.877573013305668 0.47441302239894872 38.165266036987312 0.41928303241729742 42.179391860961921 22.378716468811039 43.534002304077156 28.759398460388187 30.0684928894043 5.5000000000000009 27.334994316101078 0.82971012592315685 41.444372177124031 0.13484849035739901 1.0000000180025095e-35 0.15476191043853763 35.948717117309577 27.072835922241214 27.072835922241214 7.5000000000000009 2.5000000000000004 44.081142425537116 0.84072214365005504 25.15822792053223 0.82333707809448253 55.580469131469734 39.250699996948249 10.500000000000002 1.0000000180025095e-35 5.5000000000000009 54.110361099243171 97.03556060791017 9.5000000000000018 0.26136364042758947 5.5000000000000009 0.94227582216262828
decision_type=2 2 2 2 2 2 2 2 2 2 2 2 2 2 2 2 2 2 2 2 2 2 2 2 2 2 2 2 2 2 2 2 2 2 2 2 2 2 2 2 2 2 2 2 2 2 2 2 2 2 2 2 2 2 2 2 2 2 2 2 2 2
left_child=1 39 3 4 8 16 7 -7 10 13 18 -12 -8 -10 15 -14 -2 38 20 25 21 22 -3 -22 30 31 27 28 29 -27 -25 -20 -26 34 -23 36 -36 -28 -4 -1 -41 42 -42 44 -44 -46 -43 -45 -49 -47 51 -51 -24 -54 55 56 -16 -58 59 60 -57 -60
right_child=5 2 17 -5 -6 6 12 -9 9 -11 11 -13 14 -15 54 -17 -18 -19 19 -21 23 33 52 24 32 26 37 -29 -30 -31 -32 -33 -34 -35 35 -37 -38 -39 -40 40 41 46 43 47 45 49 -48 48 -50 50 -52 -53 53 -55 -56 58 57 -59 61 -61 -62 -63
leaf_value=-0.10883329689524833 -0.042445178099892969 0.0025833710785414916 -0.086715076439266472 0.17694109036789141 -0.08298516407558959 -0.087296048286907665 -0.081550655495215896 -2.1750247005204137 0.0053812637248650081 0.035398810695692083 -0.059990581843497794 0.0075703980310690023 -0.08092044213497776 -0.071675630121733155 -0.036776440366191016 0.019084649774784926 0.049254898057917461 -0.16901689187970437 0.084340240282900436 0.72292824797599808 -0.10684065435102326 0.04759674262815887 -0.08892372968620621 0.019646845236819897 -0.08503855821429572 0.58338341575822961 0.02444702542783388 0.20897981816772637 0.45404283622186536 2.1511466117793985 0.71364577960526043 -0.080639152285013796 -1.2263543601851321 -0.15261205979112347 -0.68986540335180446 -0.08550678205624572 0.13344012555615514 0.35242068011435035 -0.016528564202476 -0.10893915919513229 -0.10010830536407514 -0.093018120442233967 -0.71555909256276085 -2.630597127994541 -1.1914524778341347 -4.5211291334089436 2.6579189964047902 -0.45501492563511498 -2.122206925975008 -3.1823934452732185 -3.8840614869419712 -0.10006488525352104 0.1301888429441094 -0.095382850964548641 -0.0021962661037285896 0.0029843404449396609 -0.0037125093871185795 0.02915377926061229 -0.0055615640406510864 0.0043433177217558046 0.047899924838574054 -0.083090753608688395
leaf_weight=29.758794961855187 13.217276931613013 374.65725072635212 25.779510715852666 5.4936155500981831 25.311648406550376 38.048216721897916 17.570900882692513 0.045885084535256193 69.349808347062208 186.30564791359939 98.929388050164619 73.736132618296949 12.503022376808643 25.392502540606074 161.30296628078941 385.69799165141319 96.521465918038302 5.8361886359343762 6.2698677303651591 0.48793507943992054 27.13386755596548 112.20227051281836 46.305267597206694 27.306387138628455 15.7129412782059 0.14464301332918639 8.7700848574772827 1.9632645550736922 0.38115238156387932 0.13570628578418109 0.24215106041412937 9.8499631411868886 0.080133730742205311 2.6245006691151493 0.15947758607398954 11.437664164572196 3.8060083235377533 0.94297674892004657 62.898733777998132 6.4655900739463714 0.52428457337009637 1.7365354991088677 0.14301595011056611 0.036702020835946314 0.083378180053841788 0.064925580489216372 0.036250164310331345 0.83125635633768979 0.047840128143434413 0.030920683286240092 0.050273706008738372 0.019089740519120824 4.4339516648324189 4.1757905119156931 8504.7863310694283 390.75331182597984 2322.6751481103965 161.0513055909687 579.92410714821926 3951.8088068602087 339.83067873883692 28.323461382722599
leaf_count=580374 56328 102914 21404 186 529 69450 11009 52 1773 4230 101571 55510 34505 538 133505 137099 10717 5222 1945 18 24563 37652 39803 11516 11885 75 5418 43 49 36 57 7796 24 1320 127 7528 1860 36 38026 139571 1818 3330 294 16 113 5 45 1807 67 48 6 81 1793 2179 1142134 120294 122078 63107 92738 240731 77082 1255
internal_value=-0.000301337 -0.00914482 -0.00505548 -0.00174731 -0.00260973 0.00036337 0.000117532 -0.0898108 -0.000781741 0.0183177 -0.00723437 -0.0311389 0.000320765 -0.0152713 0.000406196 0.0159446 0.0382103 -0.0450885 -0.000973225 0.0550559 -0.00354637 0.00248121 -0.00691573 -0.0514247 -0.0167318 0.0436046 0.122094 0.365613 0.830483 1.34228 0.0257471 -0.0164698 -0.0908296 0.0334776 0.037305 -0.0376638 0.10033 0.0562878 -0.0369324 -0.13628 -0.217389 -0.411923 -0.775016 -1.04566 -2.01937 -2.76947 -0.0367666 -0.629297 -0.545743 -3.56586 -2.94741 -2.00582 -0.0717233 0.0207849 2.98435e-05 0.0024156 -0.00372769 -0.00158137 0.00548691 0.00739109 0.0238768 -0.00917176
internal_weight=18282.1 1278.09 1238.26 1143.74 1138.25 17004.1 16894.3 38.0941 1112.94 281.048 831.889 172.666 16856.2 94.7423 16838.7 398.201 109.739 94.5144 659.223 28.9456 630.278 559.802 429.572 70.4755 43.3416 28.4577 12.3378 2.62477 0.661502 0.280349 27.5485 16.1198 15.7931 130.23 127.605 15.4032 3.96549 9.71306 88.6782 39.8289 10.0701 3.60447 1.83169 1.3074 0.391604 0.248588 1.77279 0.915799 0.879096 0.16521 0.100284 0.0500104 54.915 8.60974 16440.5 7935.67 2645.03 2483.73 5290.64 4682.39 730.584 608.248
internal_count=3527285 1215201 487626 422974 422788 2312084 2245039 69502 422259 6541 415718 157081 2175537 2311 2164528 171604 67045 64652 258637 15416 243221 195176 146689 48045 23482 15398 5657 203 160 111 11573 9741 11909 48487 47167 9515 1987 5454 59430 727575 147201 7630 4255 2437 547 253 3375 1890 1874 140 135 129 43775 3972 1992924 850790 318690 185185 532100 438107 197376 93993
is_linear=0
shrinkage=0.1


Tree=98
num_leaves=63
num_cat=0
split_feature=11 10 11 10 21 10 1 15 16 26 0 14 14 8 21 8 10 11 10 21 10 21 2 4 16 8 8 21 8 18 22 16 18 18 11 8 2 14 0 22 8 0 8 26 10 15 10 15 11 8 10 14 14 21 21 8 0 0 8 14 0 10
split_gain=10.1247 36.8372 29.7584 28.0414 27.0131 25.3743 24.5056 28.333 24.3195 22.1014 19.4608 19.446 55.5948 29.2924 22.6249 19.4148 22.5087 19.1462 22.5892 21.7468 20.8893 22.7856 20.4426 26.1979 18.866 42.7458 18.1611 17.7815 21.8924 18.4306 17.1149 16.9994 16.6211 16.3455 15.8362 15.5131 15.4545 15.1158 15.0617 15.0508 14.6252 14.5942 14.4613 14.245 16.4729 47.0723 13.957 13.9419 14.9572 14.5336 13.473 13.409 14.8538 15.4892 14.6738 14.1335 13.2705 21.7475 13.0754 12.8788 35.8249 19.4637
threshold=0.47222222387790685 97.726097106933608 0.35416667163372045 91.476997375488295 6.5000000000000009 78.867622375488295 11.500000000000002 73.965469360351577 99.775783538818374 1.0000000180025095e-35 0.86699503660202037 5.5000000000000009 9.5000000000000018 80.298507690429702 6.5000000000000009 52.704679489135749 56.048780441284187 0.31666667759418493 35.388994216918952 6.5000000000000009 45.035211563110359 5.5000000000000009 0.46208779513835913 1.0000000180025095e-35 98.514816284179702 84.29276275634767 97.999198913574233 9.5000000000000018 36.882591247558601 0.55277779698371898 6.5000000000000009 51.445278167724616 0.58114033937454235 0.32738095521926885 0.26136364042758947 92.084377288818374 0.8320487141609193 1.5000000000000002 0.3950080424547196 7.5000000000000009 44.033897399902351 0.92782193422317516 96.824596405029311 1.5000000000000002 50.31645584106446 66.094326019287124 68.457099914550795 23.164313316345218 0.17424242943525317 47.140522003173835 56.294013977050788 13.500000000000002 18.500000000000004 6.5000000000000009 6.5000000000000009 30.877573013305668 0.34684780240058904 0.31165088713169103 40.238094329833991 5.5000000000000009 0.76118513941764843 82.446311950683608
decision_type=2 2 2 2 2 2 2 2 2 2 2 2 2 2 2 2 2 2 2 2 2 2 2 2 2 2 2 2 2 2 2 2 2 2 2 2 2 2 2 2 2 2 2 2 2 2 2 2 2 2 2 2 2 2 2 2 2 2 2 2 2 2
left_child=1 2 3 5 -4 6 11 27 59 26 -11 13 14 17 30 16 41 20 -19 22 31 -22 43 -24 -15 39 -10 29 -29 -8 -13 -1 42 -32 40 -34 -33 -37 -36 -26 -16 51 -5 -20 45 -45 -17 -23 49 50 -49 55 54 -54 -53 -14 57 -28 -52 -2 61 -61
right_child=8 -3 4 32 -6 -7 7 -9 9 10 -12 12 15 24 34 46 -18 18 19 -21 21 47 23 -25 25 -27 56 28 -30 -31 33 36 35 -35 38 37 -38 -39 -40 -41 -42 -43 -44 44 -46 -47 -48 48 -50 -51 58 52 53 -55 -56 -57 -58 -59 -60 60 -62 -63
leaf_value=-0.090039254820730164 0.0026409426279865077 0.097636204742010693 -0.079541356850155079 0.022662959134064263 0.0011769850609797119 0.021856579693533468 -0.059980637123145143 0.016047867360270113 0.016294058028752938 0.060826282144698644 -0.019633745617242428 -0.0076811904459904981 -0.0018580037624092473 -0.072105981689637874 0.021235743489132951 -0.045569598386689406 0.12293689675979061 0.086401019228028897 -0.033537079866680752 -0.010715015113675501 -0.078207186360843894 0.04847303655124497 0.071308404587794944 0.011594898186551279 -0.84396035054604335 0.01609477281410426 0.10442920441608104 -0.067422307767235456 0.016380408217339822 0.017319401143624482 -0.12557267596169461 0.0064091096456617537 0.1044880866018366 0.087047949430073851 -0.11799278589412941 -0.055418980748131778 -0.028596106730322719 -0.15892089318442237 0.0072435924970443077 -0.27884887612042475 0.050564791589265495 -0.14130686719063096 -0.12043891116674571 -0.10218123441834939 0.116087239543595 2.4897923704912408 0.041829761589396226 -0.064646967852350565 -0.05531148505245851 0.00092920568120366347 0.13745933472190724 -0.0070272372694461906 0.0070290357321595512 -0.052390851278935474 0.033919555076791189 -0.040421690963955391 0.084773597312997967 -0.81031220682607796 -0.05896331454586265 0.0058178881050300639 -0.025363977264340882 -0.014590393170847642
leaf_weight=22.230565531662364 8675.4729718860162 35.73770443230751 98.151865762732541 50.166817038349109 71.780984376164724 421.29279228949599 249.3241866678494 139.79841810930657 77.982503835344687 40.337789304263424 117.99121100531192 298.50345986889067 219.40193999712039 29.763736877745032 337.93426892210073 190.18807277923224 13.851119788392678 31.788392420017772 82.454109312323453 658.66368193163521 82.154988670182206 27.217221870572871 100.82582578618894 270.81507619537297 1.248798007378354 2.0829753427533433 0.63790363038424291 43.947181065002027 107.24364764232554 35.199215046777681 4.0545531219355544 574.06304269456348 5.348462767644377 33.4010000506496 11.903897199201991 103.03688819700619 161.63221124432948 16.349182116624434 49.686125542116088 0.75697220931760956 342.18080975592056 7.844148208070691 8.2187361727701482 0.17824501370341694 2.0574539045483107 0.11544558784225956 20.213558654722874 73.391841043859131 119.22973213244791 209.0603569367413 7.1048932386038341 146.57146464961733 105.59607869390879 75.048434022800848 217.22864850032153 167.66249768068462 97.286352383918711 0.43860635423334315 6.4799159649992362 1865.0881318694592 668.86805650405586 623.55791141703958
leaf_count=203970 253126 18868 18180 1592 7306 32456 1030045 36215 26976 4732 11126 169929 78041 5679 116173 90284 1149 3034 32198 61909 47479 42671 23257 10057 91 266 64 158999 111433 4417 11922 228416 1475 2976 5854 5991 13991 723 3411 44 44565 298 236 251 916 4 1954 10297 15586 15857 395 61872 50371 26203 44311 79762 227378 73 393 47418 11383 11237
internal_value=-0.000263493 -0.00359204 -0.00418956 -0.00299818 -0.0454453 -0.00176103 -0.00364545 -0.0231235 0.00140252 0.0279859 0.000865213 -0.0012627 0.00547741 -0.00739526 0.021843 -0.00967943 -0.00361074 -0.00610802 0.00327976 0.000910231 -0.0145028 -0.0298421 0.0176858 0.0277951 -0.0997751 -0.301191 0.0523358 -0.0356916 -0.00797883 -0.0504176 0.000313983 -0.00388487 -0.0415165 0.0640318 0.0315947 -0.0621285 -0.00128153 -0.0695929 -0.0169616 -0.630689 0.0359918 -0.00547674 0.00251899 -0.0266163 0.216093 0.916687 -0.037173 -0.0208623 -0.0254066 -0.0133623 -0.047714 -0.00433292 0.00578331 -0.0176568 0.0174225 -0.0185624 0.0809098 -0.268267 0.0437663 0.000650655 -0.00481779 0.000704367
internal_weight=18257.8 6090.18 6054.44 5884.51 169.933 5701.39 5280.1 575.513 12167.7 334.674 158.329 4704.59 2241.27 2463.32 1077.66 1163.61 953.204 2429.46 1146.9 1115.11 1282.56 524.639 456.446 371.641 33.8525 4.08875 176.345 435.714 151.191 284.523 335.959 757.926 183.12 37.4556 741.705 124.735 735.695 119.386 61.59 2.00577 680.115 939.353 58.3856 84.8053 2.35114 0.293691 210.402 442.484 415.267 296.037 86.9767 931.509 544.445 180.645 363.8 387.064 98.3629 1.07651 13.5848 11833 3157.51 2488.65
internal_count=3527285 2933772 2914904 2889418 25486 2879401 2846945 1341109 593513 270349 15858 1505836 789075 716761 354830 434245 342007 710681 131626 128592 579055 132678 66683 33314 6080 401 254491 1304894 270432 1034462 184827 446377 10017 14898 170003 8189 242407 6714 9265 135 160738 340858 1828 33369 1171 255 92238 85199 42528 26942 11085 340560 182757 76574 106183 157803 227515 137 788 323164 70038 58655
is_linear=0
shrinkage=0.1


Tree=99
num_leaves=63
num_cat=0
split_feature=26 27 25 25 16 21 17 14 22 22 2 2 7 16 21 22 17 0 6 17 22 16 16 21 6 21 22 22 2 24 22 23 26 10 27 24 21 22 24 23 0 17 16 2 2 0 5 2 0 2 24 23 22 16 22 22 1 2 8 6 0 21
split_gain=10.0164 41.4094 18.6733 21.4272 21.9438 15.2589 12.1842 10.5515 16.7795 10.2825 10.2091 9.88636 11.3656 15.5291 9.77244 9.52315 9.51158 9.75431 9.02558 8.75926 52.7101 61.7862 37.4403 31.6344 29.4122 29.276 43.0059 24.91 21.8746 19.4228 18.7862 17.1339 16.9416 77.7782 41.5677 90.9219 50.9914 37.3078 29.532 25.5381 24.7452 37.2883 33.5771 26.4131 24.5249 27.4128 23.9197 23.2866 19.2224 37.2174 19.1149 18.8248 22.6041 18.1879 29.5711 19.9715 17.2802 27.4164 16.8513 24.2435 16.6057 15.6591
threshold=1.5000000000000002 1.0000000180025095e-35 1.5000000000000002 1.0000000180025095e-35 98.31455230712892 8.5000000000000018 99.22778701782228 8.5000000000000018 4.5000000000000009 9.5000000000000018 0.41413405537605291 0.65152299404144298 12.834591865539553 88.02985000610353 4.5000000000000009 2.5000000000000004 87.531093597412124 0.44078044593334204 97.01425933837892 64.306598663330092 4.5000000000000009 51.07936096191407 55.193569183349616 8.5000000000000018 92.40384674072267 6.5000000000000009 6.5000000000000009 6.5000000000000009 0.90566959977149974 1.5000000000000002 2.5000000000000004 0.58571431040763866 1.0000000180025095e-35 97.726097106933608 1.0000000180025095e-35 1.5000000000000002 7.5000000000000009 7.5000000000000009 1.5000000000000002 0.44949495792388922 0.69480258226394664 98.048732757568374 98.048732757568374 0.66515344381332409 0.85894444584846508 0.85634639859199535 1.0000000180025095e-35 0.8861086666584016 0.42356707155704504 0.42655225098133093 2.5000000000000004 0.30384616553783422 4.5000000000000009 79.082908630371108 4.5000000000000009 3.5000000000000004 1.0000000180025095e-35 0.99998292326927196 77.015758514404311 42.94755935668946 0.70928296446800243 8.5000000000000018
decision_type=2 2 2 2 2 2 2 2 2 2 2 2 2 2 2 2 2 2 2 2 2 2 2 2 2 2 2 2 2 2 2 2 2 2 2 2 2 2 2 2 2 2 2 2 2 2 2 2 2 2 2 2 2 2 2 2 2 2 2 2 2 2
left_child=19 2 3 14 6 -3 7 8 -5 10 15 12 13 -10 18 -4 -12 -18 -2 20 28 23 -21 -22 -25 27 -27 29 -1 -23 -24 -31 33 51 38 36 37 39 40 46 41 42 43 48 -42 56 58 -45 49 -34 -37 52 -32 54 -53 -55 -46 -58 59 -36 -40 -54
right_child=1 5 9 4 -6 -7 -8 -9 11 -11 16 -13 -14 -15 -16 -17 17 -19 -20 22 21 25 30 24 -26 26 -28 -29 -30 31 32 -33 34 -35 35 50 -38 -39 60 -41 44 -43 -44 47 45 -47 -48 -49 -50 -51 -52 53 61 55 -56 -57 57 -59 -60 -61 -62 -63
leaf_value=0.0018643714686252815 -0.19104653117990764 0.066240272913495768 0.88074107361207199 0.09179089244513057 0.099023766983219783 -0.063062673229936111 0.42193731313145549 -0.035591499610711827 -0.1106978773127285 -0.10602291067916436 -0.0026036357987034705 0.0072639995863847777 -0.02295872727676157 0.94706145833758415 -0.052166627594855755 -0.088814458102810384 0.081210200410555586 -0.13503887473401108 -0.87993569677448746 0.1312870079795542 -0.098365323705289109 -0.056952746707957171 -0.10079237547718536 -0.044965761436182382 0.15113859869849192 0.043225897514097285 -0.030619230498516833 0.038362787796362319 -0.023166848612617547 -0.12805781867184482 -0.0055000314378108638 0.14947952036112727 -0.0053033422404184334 0.082538989722496209 0.11997080018386821 -0.058795403369646698 -0.049482171338393797 0.089581517856402462 0.043822971850213874 0.052037853569521036 -0.017377447281923763 0.056843116693094588 0.061810689723226057 0.023827534420322538 -0.002412800923652118 -0.011811357090698695 -0.074794762918889118 -0.01141853361178782 -0.010720947804155147 0.056318737985791512 -0.12459814958575172 0.10657540417861787 0.020561345320547528 -0.048841961166465692 0.0021636553577353956 0.00050394576607989256 0.020319893251834871 0.10755656627661257 0.042060576832644539 -0.14956804815831509 0.0099364929746011757 0.069665981374367941
leaf_weight=6586.5555507126846 2.6489597541959422 84.838447809725949 0.10163491953198445 18.386857247836815 19.84648917481536 10.226677133699011 0.65897615812718768 114.86291903147799 0.27152744517473948 27.188184377426879 65.893546088335128 265.45491205413214 209.74732688279749 0.2839260503751575 79.526343806991491 31.305441635469045 2.569694500129116 11.078589018012279 0.20489573341910716 22.462496238367748 148.12436223531381 199.25486337288146 17.73571258785887 35.758786393139644 9.7288894381490518 173.04619142002304 144.90444516269065 37.937401765321454 368.66187102448202 3.014874775437419 161.16118036102819 8.4838182308867527 342.41783579513299 137.43009991405415 4.6482136679424029 140.54129317608385 126.54633087773618 71.198149937359631 235.79423536108425 72.255529614443731 1248.5869409217321 137.62211858743103 96.046755344374105 746.04383704767201 315.12147665570228 752.30745628750446 51.47768354902837 250.35262746606168 1468.7419290569101 137.31427188649104 64.362022830599017 41.488695891772295 148.54578050411681 86.378135667975585 78.348132662503758 1624.7157136756759 383.19512746582041 39.76398503157543 53.75441630021669 11.82927422416469 373.96047579303558 115.38635526475991
leaf_count=1092040 794 17500 38 5883 590 5334 11 56715 699 65843 27473 9995 88575 42 25511 59836 1226 1198 22 14720 533837 197004 1540 99126 773 56708 99352 24567 26272 98 40291 1299 175124 252835 669 5444 4116 5552 7799 9219 14211 3850 2816 28912 3792 12641 2050 7194 94856 35533 2281 6423 36817 4821 17261 199633 5155 1105 666 112 13153 18333
internal_value=-0.000237223 -0.0102614 -0.0172616 -0.0107326 -0.00445663 0.0523304 -0.00782523 -0.00829025 -0.00194413 -0.0509085 -0.0374026 -0.00556676 -0.0217624 0.429987 -0.0586912 -0.0856769 -0.0183415 -0.0943236 -0.240506 0.000311254 -0.0021951 -0.0271952 0.00233454 -0.0759654 -0.00302302 -0.0105312 0.00957134 -0.0362323 0.00053759 -0.0496601 0.00203076 0.0767112 0.00222237 0.00950126 -0.00022316 -0.0254893 0.0027452 0.0276702 0.00208625 0.00494456 -7.29319e-05 0.0059299 0.00362573 0.00172803 -0.00703913 0.0016219 -0.0230134 0.0149717 -0.00504441 0.0123348 -0.0794647 0.00505203 0.0240098 0.000650535 0.038312 -0.0019871 0.0153141 0.0285213 0.0149406 -0.0735325 0.0230405 0.042029
internal_weight=18218.1 945.095 850.03 711.893 629.513 95.0651 609.666 609.007 494.145 138.137 110.949 475.758 210.303 0.555453 82.3802 31.4071 79.5418 13.6483 2.85386 17273 7715.47 760.254 9557.53 193.612 45.4877 566.642 317.951 248.691 6955.22 210.754 9535.07 11.4987 9517.34 2393.45 7123.88 596.613 391.71 265.163 6527.27 193.965 5917.51 3178.54 3040.92 2944.87 2738.97 1490.39 121.71 996.396 1948.47 479.732 204.903 2256.02 425.093 1830.93 119.837 1711.09 738.081 422.959 70.2319 16.4775 609.755 263.932
internal_count=3527285 367285 344451 188837 162510 22834 161920 161909 105194 155614 89771 99311 89316 741 26327 59874 29897 2424 816 3160000 2131076 1012764 1028924 633736 99899 379028 156060 222968 1118312 198401 1014204 1397 1012664 576414 436250 30109 22384 18268 406141 12716 385189 348285 344435 341619 36904 22693 3497 36106 305513 210657 7725 323579 95441 228138 23684 204454 10052 6260 1447 781 20952 55150
is_linear=0
shrinkage=0.1


Tree=100
num_leaves=63
num_cat=0
split_feature=9 9 16 0 10 9 9 7 1 15 9 7 21 0 0 21 10 21 9 10 11 10 11 10 21 21 16 14 10 14 14 21 9 8 9 0 22 14 9 8 0 7 9 7 8 8 9 10 8 9 0 15 2 7 25 16 18 11 16 16 17 17
split_gain=9.16111 44.8092 22.6382 17.8339 15.2112 13.6675 14.7895 12.1603 15.8335 13.8977 12.1587 14.888 11.959 11.718 14.016 11.9422 18.9135 10.8206 10.3646 10.2485 8.8862 32.169 23.4071 23.2967 22.9635 19.3344 18.8773 19.8485 33.6072 17.8272 39.5297 29.8834 18.5706 23.8926 24.5701 35.706 20.4256 17.3679 17.0324 20.7377 16.6772 16.3692 22.1353 18.2023 25.2391 18.5977 36.4686 16.8221 17.2402 25.4407 15.8799 20.1257 15.5723 31.1601 45.7613 15.2471 15.9224 27.2619 19.1586 72.2475 70.5763 17.2815
threshold=39.250699996948249 38.165266036987312 58.633653640747077 0.77396354079246532 16.807909011840824 35.948717117309577 33.615818023681648 30.877573013305668 12.500000000000002 76.970855712890639 37.617923736572273 32.305501937866218 20.500000000000004 0.53181552886962902 0.34866583347320562 18.500000000000004 44.033897399902351 7.5000000000000009 51.66851997375489 31.851119995117191 0.47222222387790685 97.726097106933608 0.35416667163372045 94.174205780029311 6.5000000000000009 4.5000000000000009 98.514816284179702 5.5000000000000009 87.026645660400405 9.5000000000000018 5.5000000000000009 6.5000000000000009 87.026645660400405 60.136985778808601 60.158729553222663 0.99999997019767772 6.5000000000000009 12.500000000000002 71.937500000000014 65.419578552246108 0.92782193422317516 68.801231384277358 79.118217468261733 77.459678649902358 77.485187530517592 90.399383544921889 84.680576324462905 45.035211563110359 47.140522003173835 52.704679489135749 0.3225183784961701 1.0000000180025095e-35 0.26129901409149175 69.00656890869142 1.5000000000000002 51.63978576660157 0.65108695626258861 0.23611111193895343 59.390470504760749 52.960655212402351 57.073843002319343 94.925979614257827
decision_type=2 2 2 2 2 2 2 2 2 2 2 2 2 2 2 2 2 2 2 2 2 2 2 2 2 2 2 2 2 2 2 2 2 2 2 2 2 2 2 2 2 2 2 2 2 2 2 2 2 2 2 2 2 2 2 2 2 2 2 2 2 2
left_child=1 2 -1 5 -2 6 -4 8 13 -10 11 -7 -3 14 15 -6 -17 18 -15 -12 21 22 23 29 -24 -25 -22 -28 40 30 41 38 33 34 -31 36 37 -36 -32 -40 -29 47 52 44 -44 -45 -47 55 -49 -50 -51 -52 53 54 -43 -9 57 61 59 60 -59 -57
right_child=4 12 3 -5 7 10 -8 20 9 -11 19 -13 -14 17 -16 16 -18 -19 -20 -21 26 -23 24 25 -26 -27 27 28 -30 32 31 -33 -34 -35 35 -37 -38 -39 39 -41 -42 42 43 45 -46 46 -48 48 49 50 51 -53 -54 -55 -56 56 -58 58 -60 -61 -62 -63
leaf_value=-0.11449390144788057 -0.077937210976534388 -0.10079363268313535 0.0013183478170756579 -0.037869403163779299 -0.026046508917226388 0.048031745788631654 -0.046928617394679482 -0.049522160963491053 -0.075118265025601011 0.034689257612274926 -0.078140741245484882 -0.033234827709213925 -1.4416806598230227 0.0054795100749084162 0.046123256476523947 -0.08319106688609787 1.0854763126175724 0.025533263397686492 -0.047606613651733555 0.043577279626819225 0.00056266930337028789 0.0967595536983928 -0.073772543479081382 -0.35862245868500997 0.0012765047243661959 -0.048496686392912922 0.039947383842293266 0.03161222273960574 -0.19608628646651946 -0.037318838610463888 -0.035130798101839084 0.03125957423177577 0.024232441300420515 -0.06860913563772153 -0.015213829030998766 -1.181813601692757 -0.013931025129603187 0.080638736025802432 0.077937923311959117 -0.013899981055058333 -0.033079992997136008 -0.1003919473735857 -0.0083144680477113143 0.019013012928152176 -0.092025496795555328 -0.25349137602269156 -0.012462716932783981 -0.055528965671272114 0.10662151563911436 -0.053119674044904468 0.012168486459325537 -0.019111733269542762 0.031788752646352794 0.22903802986490179 4.4318138264750404 0.0069894326731212084 -0.0061524687694817417 -0.10030688821532543 0.10269372316881309 0.1632594288050655 4.3477965307377309 0.16079583787578122
leaf_weight=18.404459863160696 24.799982204513071 49.165284624785272 506.89506791447502 122.96481390790905 38.390671338064863 146.7849045497955 72.639942799534424 43.631269657993414 34.803058905272337 17.233232907517959 18.897766008429247 26.633259357934378 0.066603569955076547 122.6024034588537 203.31844842175428 0.30992308552686054 0.25033790361703723 159.91939156117041 52.538674872816046 10.911770193071559 11690.711508231623 31.51006285729818 94.650618740946811 2.0630672742845482 71.621314374934627 78.563176138268318 251.89515405616112 101.06068826267438 8.6468136197508993 230.18710087723161 129.06480050144137 606.76278821506321 91.191122223739512 100.32118271083073 28.215042996226337 0.25122900467249465 129.94631134821842 57.279153479008137 38.178959352295351 69.067916099731519 65.790949547925266 0.044989980146055042 146.34869030661503 365.57082901516696 47.774640748953971 6.5831177075160658 135.18564821235486 104.1752164092768 17.479426834275273 99.709656454651849 272.25572859676686 841.25895359617243 203.27224061511879 1.8309786637764771 0.044130921356554609 132.72906351498074 202.85732870592619 0.059142669873834985 33.629748860072141 0.71930566865557921 0.089878698017855641 7.7307015638034491
leaf_count=437933 16356 94080 178681 2914 71412 53711 60903 190546 143516 3508 14017 22776 105 10255 112281 620 21 7874 2571 7123 313779 18868 18057 97 7285 3726 236868 24401 3076 220627 164622 169523 21952 111307 19343 50 6975 19145 14306 42225 14887 59 24508 28169 11174 275 7902 29413 5391 104711 174954 91988 26754 1074 75 146318 8874 93 1372 460 42 1357
internal_value=-0.000211027 -0.00964901 -0.00469676 -0.00246567 0.000323259 0.00309593 -0.00472901 0.000436301 0.0140793 -0.0387525 0.0254099 0.035551 -0.102608 0.0188412 0.0355956 -0.0193574 0.438997 0.00672678 -0.0104452 -0.0335859 -8.28331e-05 -0.00391996 -0.00464255 -0.00319388 -0.0414453 -0.0564322 0.00131732 0.0219597 -0.00385834 -0.00215793 0.000638821 0.0195102 -0.0175418 -0.0245163 -0.0145955 0.00965484 0.0110442 0.0490052 -0.010658 0.0187935 0.00610356 -0.00533568 0.0055765 -0.00287433 -0.0289161 0.00709004 -0.023655 -0.0109688 -0.0164678 -0.0131614 -0.0148872 -0.0114637 0.0344662 0.317914 2.14387 0.00644878 0.0129125 0.0350176 0.114668 0.57844 2.58246 0.0154547
internal_weight=18167.5 973.364 924.132 905.728 17194.1 782.763 579.535 17169.3 629.366 52.0363 203.228 173.418 49.2319 577.33 242.269 38.9509 0.560261 335.06 175.141 29.8095 16540 4421.85 4390.34 4224.07 166.272 80.6262 12118.1 427.394 175.498 4143.45 3506.06 843.074 637.391 546.2 445.879 215.692 215.441 85.4942 236.312 107.247 166.852 2662.98 906.655 701.463 194.123 507.34 141.769 1756.33 1334.88 1230.7 1213.22 1113.51 205.192 1.9201 0.0891209 421.446 377.815 174.958 34.4981 0.868327 0.149021 140.46
internal_count=3527285 872243 778058 340125 2655042 337211 239584 2638686 352058 147024 97627 76487 94185 205034 184334 72053 641 20700 12826 21140 2286628 1693617 1674749 1649407 25342 3823 593011 279232 42364 1645584 1246185 390676 399399 377447 266140 45513 45463 38488 221153 56531 39288 855509 99990 72028 35682 36346 8177 755519 406457 377044 371653 266942 27962 1208 134 349062 158516 149642 1967 595 135 147675
is_linear=0
shrinkage=0.1


Tree=101
num_leaves=63
num_cat=0
split_feature=1 3 11 3 7 16 8 0 6 8 7 11 0 15 8 18 11 2 6 25 16 3 6 2 17 8 7 0 2 0 8 2 23 3 18 17 23 1 25 3 2 2 15 15 18 0 0 0 18 7 2 6 8 16 3 0 3 2 10 6 0 3
split_gain=8.6497 11.3751 16.6668 33.2548 13.2211 23.992 21.1603 15.5452 14.9807 16.1398 13.5338 16.7039 61.2675 14.8538 13.3739 61.8235 12.7173 12.6 15.1958 21.3794 21.7013 30.584 22.9746 68.2111 16.4288 12.5285 13.5044 12.1805 12.961 21.2847 11.9929 11.8134 11.4334 14.1407 10.5135 13.139 10.4321 10.4154 10.1534 17.3079 21.3483 10.0456 16.7221 12.4693 44.0589 15.446 11.7698 17.2779 27.3228 11.1051 12.0323 10.8634 13.0431 10.6874 10.5262 9.8969 16.2603 14.2749 13.9675 9.88498 10.4872 10.5667
threshold=3.5000000000000004 1.5000000000000002 0.31666667759418493 30.500000000000004 53.907203674316413 67.615768432617202 52.97661209106446 0.37372957170009619 53.907203674316413 57.93287658691407 57.93287658691407 0.15476191043853763 0.30561311542987829 46.192501068115241 46.737588882446296 0.42481203377246862 0.087121214717626586 0.40504035353660589 24.440019607543949 1.5000000000000002 68.863315582275405 4.5000000000000009 23.940298080444339 0.44208782911300665 83.458904266357436 64.565757751464858 64.051280975341811 0.50150278210639965 0.71566942334175121 0.42356707155704504 58.123168945312507 0.26991586387157446 0.94444444775581371 3.5000000000000004 0.37715516984462744 51.630626678466804 -1.0000000180025095e-35 9.5000000000000018 1.0000000180025095e-35 13.500000000000002 0.58474561572074901 0.49804106354713445 62.084711074829109 1.0000000180025095e-35 0.04446640424430371 0.46943044662475591 0.27409748733043676 0.26971167325973516 0.070197045803070082 87.026645660400405 0.33285880088806158 82.972846984863295 87.026645660400405 92.880184173583999 51.500000000000007 0.38847184181213384 55.500000000000007 0.45628459751605993 91.977012634277358 71.010189056396499 0.50892266631126415 55.500000000000007
decision_type=2 2 2 2 2 2 2 2 2 2 2 2 2 2 2 2 2 2 2 2 2 2 2 2 2 2 2 2 2 2 2 2 2 2 2 2 2 2 2 2 2 2 2 2 2 2 2 2 2 2 2 2 2 2 2 2 2 2 2 2 2 2
left_child=-1 31 3 4 5 14 7 17 16 38 11 12 -11 30 -3 -16 -6 -7 19 20 21 -19 -22 24 -24 26 -4 28 41 -30 36 -2 33 -32 35 -8 -12 59 39 -10 -41 43 54 -27 -45 46 47 -46 -49 50 53 -52 -53 -48 -43 56 -51 58 -57 60 -29 -62
right_child=1 2 25 -5 8 6 34 -9 9 10 13 -13 -14 -15 15 -17 -18 18 -20 -21 22 -23 23 -25 -26 27 -28 37 29 -31 32 -33 -34 -35 -36 -37 -38 -39 -40 40 -42 42 -44 44 45 -47 49 48 -50 55 51 52 -54 -55 -56 57 -58 -59 -60 -61 61 -63
leaf_value=0.001905352166298334 -0.06384320507034795 -0.083880672216048738 0.017626987859589379 -0.064308614894190069 0.0088007182149395079 0.0073548765409890519 0.50502047025173735 -0.012175923439191161 0.11124591441399295 -7.882196753413786 0.94543384321762758 -0.087816969923262753 -0.10042822335282503 -0.0054602288560888102 -0.004162531246443185 -6.1116203288119211 -0.14384840978889926 5.4449296392501054 0.040272967867625686 -0.10516765975683946 0.22706100147529784 0.9514121983128373 5.03934697830252 -0.10035727554894816 2.2080271317670395 0.0031151063496064231 0.15451363790057382 0.092848977050088488 -0.073569220752982861 0.007407470334597409 0.11144139519339771 0.0060568899527971834 0.17508347027382909 -0.0064827814204784784 -0.11258733948610965 -0.024826629111020217 0.16458487440059327 -0.034337228535263685 0.037652695589975527 0.96056906269381437 0.096432803447302248 -0.0073672584589370149 0.061291214277416989 -0.098288655891067334 0.037910767652256011 -0.055407230128134859 -0.056119779990467994 1.0128837945454821 0.16728789802817071 0.062911216100255449 0.0040357852798533619 0.016043306262428652 -0.11994942476593418 -0.24588461524944477 0.022259178411113259 0.077524262706384114 -0.080823993795448912 0.058166820355683914 -0.05537863780654502 -0.0092900889246085964 0.014771722910310429 -0.044087432063831554
leaf_weight=9300.7325402423703 24.542373001757596 71.218344558627521 195.21657849979056 119.1509834922615 10.983354243583507 147.43077613471644 0.48527392616233456 784.44056633605567 14.076960605778366 0.012848313923312982 0.27672223396439222 11.759316138509801 0.04760249162427499 116.79155069911576 33.39313263970773 0.016582427248066689 10.848045542581131 0.018034367731160184 27.994162457996708 1.7315441030350482 5.273541564871266 0.094600900443765568 0.038913722393772221 0.13601614960498409 0.043296230447595008 2167.02740663031 7.4832593214596264 14.899195481601053 59.885968551225233 70.877803775278153 15.648589442382216 1628.0156109017769 6.6794170654575273 29.03823078032292 28.726202373803972 13.16130693985542 0.44823326089681259 144.86538135784212 24.493077435112355 0.55521692585534654 0.58936184574849904 228.11521083017578 67.696547838539118 55.741028463848124 24.19168376609014 50.826789057038695 22.367912694375267 0.44538844585258575 2.6899672056315467 63.68197820399655 135.70475719961178 12.078052064141959 16.949960174795706 3.421867966419085 252.85958656487492 9.4949773509288189 8.9804038627771643 24.495774399401853 47.302669217970106 1776.2785843889433 217.4577077365102 35.476675482888822
leaf_count=706054 6797 825999 96350 930551 1462 147141 60 187828 1092 86 71 9603 131 9408 104768 31 16159 89 21876 2479 2784 223 87 242 16 128129 3089 1008 7205 4310 4368 79713 695 16294 1755 2456 101 12025 5366 96 21 14792 1031 75562 3407 2131 5075 99 283 2587 15082 355 543 57 19507 314 229 759 1779 35123 5739 4813
internal_value=-0.000223764 -0.00246267 -0.00418171 -0.0136567 -0.00920741 -0.0138108 -0.00908687 -0.00605663 0.0119656 0.0197919 0.00710601 -0.0963404 -1.75438 0.014346 -0.0593931 -0.00719388 -0.0670508 0.0202084 0.0738455 0.201959 0.29685 1.67088 0.268668 1.27413 3.54822 -0.00173593 0.0226806 -0.00263354 0.00118012 -0.0296775 0.0587528 0.00501879 0.0530525 0.0348123 -0.0782551 -0.00598521 0.462642 -0.0084261 0.0775128 0.141652 0.515612 0.00244342 0.0147576 -0.000110613 -0.0147231 -0.00370162 0.00336667 0.0665367 0.287408 -0.00164453 -0.0177846 -0.00784113 -0.0633652 -0.0812984 0.00820805 0.018329 0.0451469 -0.0056416 -0.033161 -0.00658979 0.0113187 0.00651611
internal_weight=18145.4 8844.67 7192.11 1475.6 1356.45 1114.2 1009.57 967.201 242.249 220.417 180.703 11.8198 0.0604508 168.883 104.628 33.4097 21.8314 182.761 35.3301 7.33595 5.6044 0.112635 5.49177 0.218226 0.08221 5716.51 202.7 5513.81 3324.84 130.764 52.0912 1652.56 51.3662 44.6868 42.3728 13.6466 0.724955 2188.98 39.7146 15.2215 1.14458 3194.07 548.671 2645.4 478.373 422.632 371.805 27.327 3.13536 344.478 190.523 164.733 29.028 25.7898 480.975 153.956 72.6624 81.2934 56.7976 2044.11 267.834 252.934
internal_count=3527285 2821231 2734721 2293338 1362787 1297834 367036 362765 64953 47332 40757 9820 217 30937 930798 104799 17621 174937 27796 5920 3441 312 3129 345 103 441383 99439 341944 283236 11515 21529 86510 21357 20662 4271 2516 172 58708 6575 1209 117 271721 35330 236391 108262 32700 30569 3789 382 26780 21112 15980 898 5132 34299 5668 2816 2852 2093 46683 11560 10552
is_linear=0
shrinkage=0.1


Tree=102
num_leaves=63
num_cat=0
split_feature=22 18 21 0 18 18 22 21 22 23 24 3 0 11 3 3 1 18 3 15 0 11 15 25 15 25 11 9 11 8 0 2 3 0 14 0 8 6 2 9 3 9 2 3 6 10 25 21 2 8 3 11 22 0 0 11 11 25 1 9 6 6
split_gain=8.54534 84.4184 13.2013 13.4009 10.2172 9.91578 75.0867 83.7226 37.2941 31.2375 31.0316 26.5043 21.404 19.6783 20.4983 20.004 20.7809 19.0692 17.8733 70.9629 17.3115 17.2584 16.9777 29.4411 21.4456 20.2441 16.4398 20.4473 23.8561 43.6556 36.4993 54.5722 25.6697 32.4708 20.8309 19.8852 45.7077 18.9758 22.572 38.3025 17.8046 44.8956 15.8751 15.8472 14.8283 16.7269 17.4457 24.1362 14.6102 14.4319 14.1624 27.6749 14.155 14.1459 13.9917 18.0793 22.9767 14.9357 13.9707 15.364 32.209 13.9652
threshold=11.500000000000002 0.5577777922153474 14.500000000000002 0.31465947628021246 0.67424243688583385 0.2981481552124024 4.5000000000000009 7.5000000000000009 7.5000000000000009 0.10555555671453477 1.5000000000000002 4.5000000000000009 0.37571136653423315 0.26136364042758947 18.500000000000004 43.500000000000007 15.500000000000002 0.19399641454219821 7.5000000000000009 77.580982208251967 0.7231656312942506 0.86607143282890331 91.23447418212892 1.5000000000000002 91.844291687011733 1.5000000000000002 0.64583334326744091 86.57657623291017 0.38750000298023229 63.733076095581062 0.45817972719669348 0.39127855002880102 89.500000000000014 0.44786889851093298 11.500000000000002 0.44427827000617987 81.557067871093764 81.302967071533217 0.53999334573745739 85.053192138671889 288.50000000000006 80.243904113769545 0.26587998867034918 8.5000000000000018 68.13346099853517 64.565757751464858 1.5000000000000002 6.5000000000000009 0.53999334573745739 88.067794799804702 33.500000000000007 0.84523808956146251 2.5000000000000004 0.39728531241416937 0.36781999468803411 0.64583334326744091 0.53571429848670971 1.5000000000000002 9.5000000000000018 75.716625213623061 77.459678649902358 90.070423126220717
decision_type=2 2 2 2 2 2 2 2 2 2 2 2 2 2 2 2 2 2 2 2 2 2 2 2 2 2 2 2 2 2 2 2 2 2 2 2 2 2 2 2 2 2 2 2 2 2 2 2 2 2 2 2 2 2 2 2 2 2 2 2 2 2
left_child=2 -2 5 -4 -3 6 11 10 9 61 17 12 -1 18 43 16 50 -8 -13 -20 26 -19 25 53 -25 52 27 28 -17 30 31 -30 44 35 -29 40 48 -35 39 -39 -34 -42 -12 58 45 46 -31 -48 -37 -27 -16 -52 -7 -24 -45 56 -56 -57 -15 60 -60 -9
right_child=1 4 3 -5 -6 22 7 8 -10 -11 42 13 -14 14 15 20 -18 21 19 -21 -22 -23 23 24 -26 49 -28 34 29 32 -32 -33 33 37 -36 36 -38 38 -40 -41 41 -43 -44 54 -46 -47 47 -49 -50 -51 51 -53 -54 -55 55 57 -58 -59 59 -61 -62 -63
leaf_value=0.044987749261039184 -0.11568547516796331 -0.032017216207081457 -0.011175664828444117 0.037362558340518069 0.0019932487726883881 -0.18754828041239566 -0.099690276371374176 -0.040538883312655836 -0.07480187871214336 0.056974029385740324 1.0446952923428443 0.027470913913845176 0.008008968111485975 -0.0026810606241785924 0.010511622017558793 -0.022937673525467262 -0.058863036534190318 -0.071032337570863441 -0.052369297332514525 7.0920142618448425 -0.058475527736895017 0.0035431778517878623 0.032279387341034436 -0.05026724226497882 0.073675505739572197 -0.026801782625055511 0.0039606697941659778 -0.04756008077978803 -0.10018137694971292 0.031792717783176813 0.37369782824098102 3.4225390832553053 0.055031211157317676 -0.066691779811883414 0.041470674451395427 -0.10054135820494117 1.535674784859586 -0.10054267911109199 -0.10100404196150894 1.5725281926489201 2.2916760439414143 0.1366465211439106 0.08145653789700659 -0.052288788488129928 0.053665471963285742 0.36291099580011715 0.10241847861907057 0.91438954901715874 0.85142819960473037 0.0025069516344054113 -0.0017932584545017922 0.062996918931917389 0.0076986476800613357 -0.006294362457705426 0.0052779745322280589 -0.026778964040094062 0.13488927194940092 -0.00076502382220508232 0.16404988957021624 0.030314345338118817 1.5079287916793489 0.047853016597107355
leaf_weight=197.29789901865513 69.298579547590634 98.267255236394703 82.310211087005854 184.11119028065153 873.42675420135492 3.7158344866757025 163.74486428898228 74.14453036257062 47.833535422745911 119.69907430835518 0.17391705812667524 35.954225816644879 757.47143727626792 953.17117277494435 520.42281761559229 130.5613182771358 34.622876894707588 115.41746349128209 138.60277952178231 0.013904170577005881 50.845616229686129 42.443429000806645 98.029576065469882 17.016036216598877 77.739500504278112 308.35381587675693 2259.9437611553003 214.41711053334438 0.071786371790038994 5.609093920123998 0.42121089660213329 0.11351414360251511 30.711869080463661 37.950377311914053 29.951061219158873 0.69329763487621565 0.30556903760589194 0.25239678123034426 0.54507761140121147 0.29886191664263606 0.12540821853326534 0.42187237591133453 10.559720936768825 98.266073296906598 13.679738619495764 4.3301201674330514 0.96541311818873488 0.58971210336312652 0.21006483767996542 369.12883442410384 106.26110586258551 173.6913211667852 5135.7127211365068 3150.050856656344 170.24215623665441 678.39552799337253 14.872204802231861 327.1350129150087 4.4854362566211412 71.763216817256762 0.1857279029500204 23.551645350191393
leaf_count=30307 118265 6084 45348 27086 51113 242 671853 130926 136646 46524 437 33396 25222 12729 14855 149204 8314 239201 770049 61 865 635 4740 537 1566 107579 15011 37590 86 711 98 51 11435 11270 4860 244 82 60 108 73 75 167 4107 9362 1631 260 162 76 67 7492 10291 1244 482509 271031 8089 5903 190 2610 1924 3143 9 1480
internal_value=-0.000254783 -0.0090511 0.000281034 0.0223668 -0.00144622 -6.87283e-05 -0.00272296 -0.0367605 0.00513889 0.0227283 -0.070199 0.000155632 0.0156504 -0.0022652 -0.00129211 0.00341184 0.0169868 -0.0757815 -0.0353566 -0.0516527 -0.000661105 -0.0509815 0.00215192 -0.00352727 0.0514181 0.00541561 0.000414821 -0.0165547 0.00499469 0.0424773 0.888228 2.05782 0.0371721 0.00660167 -0.036648 0.0804962 0.478443 -0.0548431 0.355308 0.806504 0.0651059 0.630467 0.0970639 -0.00863256 0.124017 0.207744 0.11396 0.410322 0.120826 -0.0108328 0.0202679 0.0384046 0.00755748 -0.00513018 -0.0160217 -0.0130285 0.015691 -0.0183157 0.000617562 0.0417529 0.217483 -0.0192302
internal_weight=18130.6 1040.99 17089.6 266.421 971.694 16823.2 7663.44 597.568 265.229 217.395 332.339 7065.87 954.769 6111.1 5936.53 3618.01 834.998 321.606 174.571 138.617 2783.01 157.861 9159.75 3342.84 94.7555 5816.91 2732.17 472.225 227.857 97.2954 0.606511 0.185301 96.6889 71.5148 244.368 32.4681 1.20893 39.0467 1.09634 0.551259 31.2591 0.547281 10.7336 2318.52 25.1741 11.4943 7.16422 1.55513 0.903362 677.483 800.375 279.952 5139.43 3248.08 1288.91 1190.64 185.114 1005.53 1029.61 76.4344 4.67116 97.6962
internal_count=3527285 175462 3351823 72434 57197 3279389 2403693 1231809 315576 178930 916233 1171884 55529 1116355 312849 268890 34704 911689 803506 770110 234186 239836 875696 277874 2103 597822 233321 218310 175860 26656 235 137 26421 23581 42450 12070 393 11511 241 133 11677 242 4544 43959 2840 1209 949 238 311 115071 26390 11535 482751 275771 26154 16792 8279 8513 17805 5076 1933 132406
is_linear=0
shrinkage=0.1


Tree=103
num_leaves=63
num_cat=0
split_feature=9 3 18 9 11 0 9 9 18 5 2 15 22 18 2 6 10 6 10 6 10 14 11 9 6 10 14 10 22 0 2 2 25 15 15 6 5 3 8 11 11 14 14 3 3 3 3 11 15 3 3 3 9 2 7 7 7 8 9 6 23 3
split_gain=8.32758 28.8374 16.4168 15.0782 13.1887 12.7558 12.4123 24.9592 11.241 14.4512 11.7912 13.7259 13.3735 10.044 9.62431 8.70531 10.1477 10.2012 13.7002 9.69854 9.22691 9.16888 8.41094 8.35277 8.31543 8.67956 8.83231 8.11144 8.04444 9.37788 7.92016 10.3446 15.2977 64.3007 7.86222 7.84409 7.81355 13.4293 24.2399 25.3273 14.4691 19.0093 16.4109 14.4003 12.3311 22.4233 17.2681 29.2768 16.9228 13.9911 11.6658 15.063 11.265 11.1517 11.0655 11.0356 11.691 11.9365 11.7015 11.2751 10.984 14.3786
threshold=42.488718032836921 19.500000000000004 0.14039409160614016 40.270269393920906 0.19090909510850909 0.92782193422317516 42.967033386230476 44.033897399902351 0.90692642331123363 1.0000000180025095e-35 0.69402283430099498 94.510131835937514 10.500000000000002 0.68585526943206798 0.81455671787261974 34.851621627807624 21.132376670837406 23.940298080444339 27.072835922241214 19.112850189208988 37.884435653686531 1.0000000180025095e-35 0.23611111193895343 42.179391860961921 29.679679870605472 31.503759384155277 4.5000000000000009 18.019480705261234 13.500000000000002 0.73635315895080578 0.59031832218170177 0.44368705153465277 1.5000000000000002 80.812206268310561 24.509048461914066 41.955394744873054 1.0000000180025095e-35 209.50000000000003 92.422504425048842 0.58571431040763866 1.0000000180025095e-35 8.5000000000000018 1.0000000180025095e-35 2.5000000000000004 55.500000000000007 33.500000000000007 47.500000000000007 0.77500000596046459 16.965142250061039 52.500000000000007 227.50000000000003 245.50000000000003 83.935482025146499 0.58474561572074901 92.40384674072267 34.851621627807624 57.93287658691407 46.265329360961921 65.419578552246108 55.217784881591804 -1.0000000180025095e-35 7.5000000000000009
decision_type=2 2 2 2 2 2 2 2 2 2 2 2 2 2 2 2 2 2 2 2 2 2 2 2 2 2 2 2 2 2 2 2 2 2 2 2 2 2 2 2 2 2 2 2 2 2 2 2 2 2 2 2 2 2 2 2 2 2 2 2 2 2
left_child=1 2 -1 4 5 8 15 -8 10 14 12 -12 35 -14 -10 16 19 30 21 -2 22 -19 -17 34 -20 26 -26 -9 29 -16 31 32 -18 -34 -5 -4 37 40 39 -39 41 42 52 -43 45 -38 47 -47 -46 53 -40 54 -29 -48 -52 59 57 60 -59 -42 -57 -62
right_child=6 -3 3 23 -6 -7 7 27 9 -11 11 -13 13 -15 28 20 17 18 24 -21 -22 -23 -24 -25 25 -27 -28 36 -30 -31 -32 -33 33 -35 -36 -37 44 38 50 -41 55 43 -44 -45 48 46 49 -49 -50 -51 51 -53 -54 -55 -56 56 -58 58 -60 -61 61 -63
leaf_value=-0.10864717925448009 0.072900546888495996 -0.10025817676244018 0.0033056505170827146 0.81096356898652455 0.16343156055921385 -0.12896011147986308 -0.08327101713103105 -0.069771051449980567 0.0051194364493011846 0.031937643633332437 -0.040777142350353394 0.024324418851592238 -0.088012282299281708 0.013979367212316461 0.035383160126830064 -0.094041227239375302 0.0032422545301568555 0.86593181069725356 0.12341793561889557 -0.12462712832047096 0.043642802876640623 -0.056771103735651557 0.18397227400730512 -0.16580223864311464 0.11173458802401962 0.070096752327840614 -0.135006913245796 -0.031669712252868749 0.068139655830464441 -0.11545562722912034 0.059302433900891127 0.30459888917760947 -0.10050355826644655 4.1312399073860604 -0.03710728486693269 0.21365337842434445 -0.0014406483199368547 -0.054986430817743619 0.13795080775508725 2.4683341626962734 0.019067316248382846 0.012356281929236927 0.029168985765867607 -0.028150916286566369 -0.0070299477388834465 0.0016714232114773829 0.0046133612778769774 0.074859468503362336 -0.047470015285062568 0.045360642292263886 0.17099809739436969 0.12064316613584813 -0.27739739902964228 -0.055896164134196569 -0.027559130775542968 -0.056354820368744812 0.0013826243861066359 -0.048001613750447231 -0.0098449688665932893 0.11965125256209047 0.053698970727312091 0.29070034428992669
leaf_weight=15.292147132734042 4.2644771066200615 33.111016220434976 569.67109832888445 0.1094550118814358 4.8448099582237765 7.8478447595407479 35.881772775515856 16.541295126957266 68.815206737606786 191.15243242878933 163.2438808149418 40.401258856974891 28.707798570523664 14.548869336838832 5.1923751333961325 12.976423072728275 2.7452213203796405 0.10866517641443252 18.07781160077775 5.959325513769727 14.052156534009972 12.053466387923434 1.1878210236482107 5.2639399233294162 2.0727929542106009 18.831108512878927 4.8341402292817293 26.058011928963996 4.010290964622981 19.989252523751929 6.4065551889307244 4.57969499934552 0.14946405085265713 0.047260564890166279 85.615482851169872 1.7783633065218953 6731.1866113304704 20.907907502953098 19.640105327882338 0.039853980299084379 48.155839276287224 217.58817579387045 538.82042830745843 147.08866401846564 1384.5567274023792 100.00420882426511 86.182533564933919 120.53333591586852 111.83647534268357 49.778612472242457 3.2056665210693636 16.02039978915127 2.0094859831151544 47.10475389677049 22.552856976340991 6.730953790342844 6417.768734306449 99.406759538951974 419.72437073185961 14.500355184947692 15.554515408606429 3.0641119386342579
leaf_count=307473 1447 485226 267651 43 191 123 69502 11009 1754 4353 26943 955 64632 760 126 17266 1498 61 6511 2569 9727 6834 101 4377 1469 10694 7273 9386 61 415 445 606 522 22 49940 178 692665 33006 193 5 17089 15512 142955 98823 328519 62364 16696 2327 124692 10193 248 192 188 2994 145 6267 401450 76789 114155 2292 3386 1997
internal_value=-0.000326485 -0.0081693 -0.00568321 -0.00438322 -0.00120331 -0.00191844 0.000260462 4.18717e-05 -0.00101822 0.0159302 -0.00700683 -0.0278616 -9.78809e-05 -0.0537086 -0.0152907 0.0339982 0.0508187 0.064428 0.0453731 -0.0422358 -0.0137692 -0.048527 -0.0707269 -0.0435324 0.0714373 0.0349273 -0.060959 0.000221023 -0.0634042 -0.0843531 0.14101 0.210605 0.0642853 0.916119 -0.0360245 0.00396026 0.000290474 0.00253381 0.0427049 -0.0501857 0.00211795 0.0138284 0.0252857 -0.00398188 -0.00179891 -6.79005e-05 0.0228264 0.0416719 -0.0100523 0.000123485 0.0743865 0.0445052 -0.0492625 -0.0167712 -0.00284854 0.000565043 0.000189046 -0.0138796 -0.0171515 0.0423452 0.0531243 0.0927029
internal_weight=18090.4 1259.6 1226.48 1211.19 1120.2 1115.36 16830.8 16722.4 1107.51 289.16 818.351 203.645 614.706 43.2567 98.0071 108.346 80.13 69.9062 55.978 10.2238 28.2164 12.1621 14.1642 90.9889 43.8159 25.738 6.90693 16686.6 29.1919 25.1816 13.9282 7.52164 2.94195 0.196725 85.7249 571.449 16670 8038.84 82.3668 20.9478 7956.47 931.565 566.888 364.677 8631.18 7134.79 403.603 220.538 1496.39 183.066 61.419 41.7789 28.0675 133.287 25.7585 7024.91 6962.25 544.481 519.131 62.6562 25.3496 18.6186
internal_count=3527285 1215201 729975 422502 368142 367951 2312084 2245039 367828 6709 361119 27898 333221 65392 2356 67045 39951 35935 32842 4016 27094 6895 17367 54360 25947 19436 8742 2175537 602 541 3093 2648 2042 544 49983 267829 2164528 924078 33789 33011 890289 266864 152529 114335 1240450 787239 94574 64691 453211 29883 778 585 9574 19690 393 623425 604044 202594 190944 19381 11650 5383
is_linear=0
shrinkage=0.1


Tree=104
num_leaves=63
num_cat=0
split_feature=26 27 15 4 4 25 3 10 22 25 18 23 21 15 21 21 23 5 22 7 14 15 10 9 25 4 15 21 14 18 3 3 21 22 18 23 27 23 22 18 18 21 1 7 18 18 3 3 5 9 25 8 15 17 1 17 1 14 25 18 22 24
split_gain=8.22866 34.8113 16.3322 15.0017 13.9691 12.1515 12.6479 10.7697 10.6709 10.5551 10.0795 10.0149 9.43054 9.18296 14.8974 9.88093 9.81946 10.0296 8.76663 8.39389 8.17377 11.7512 7.89949 8.66453 8.54909 11.6677 7.30082 7.60383 9.79624 14.0206 7.24964 11.2443 7.94771 13.0013 30.8206 27.2765 18.3979 45.021 17.8942 17.7287 14.1142 12.5538 11.9655 15.4508 11.817 11.6247 13.1287 22.2393 16.5768 15.9592 15.7736 13.7966 25.6385 11.4505 11.1424 11.0836 10.9619 10.5788 10.2675 10.6657 110.632 40.0921
threshold=1.5000000000000002 1.0000000180025095e-35 98.048732757568374 1.0000000180025095e-35 1.0000000180025095e-35 1.0000000180025095e-35 5.5000000000000009 86.70682525634767 4.5000000000000009 1.5000000000000002 0.51086956262588512 0.30384616553783422 8.5000000000000018 93.364780426025405 11.500000000000002 4.5000000000000009 0.30384616553783422 1.0000000180025095e-35 8.5000000000000018 88.067794799804702 21.500000000000004 89.672946929931655 48.52813911437989 53.45238113403321 1.5000000000000002 1.0000000180025095e-35 62.084711074829109 9.5000000000000018 29.500000000000004 0.98076921701431286 274.50000000000006 313.50000000000006 9.5000000000000018 8.5000000000000018 0.40824915468692785 0.087121214717626586 1.0000000180025095e-35 0.86607143282890331 3.5000000000000004 0.46410256624221807 0.92450141906738292 10.500000000000002 10.500000000000002 1.0000000180025095e-35 0.057189542800188072 0.58957219123840343 16.500000000000004 6.5000000000000009 1.0000000180025095e-35 77.485187530517592 4.5000000000000009 69.028213500976577 48.900966644287116 83.192920684814467 14.500000000000002 78.446456909179702 14.500000000000002 10.500000000000002 2.5000000000000004 0.2981481552124024 3.5000000000000004 1.5000000000000002
decision_type=2 2 2 2 2 2 2 2 2 2 2 2 2 2 2 2 2 2 2 2 2 2 2 2 2 2 2 2 2 2 2 2 2 2 2 2 2 2 2 2 2 2 2 2 2 2 2 2 2 2 2 2 2 2 2 2 2 2 2 2 2 2
left_child=20 2 3 7 -3 6 13 -2 19 -10 18 -8 -6 15 16 -5 -15 -18 -11 -7 30 22 23 26 -24 -26 -22 -28 -29 -30 32 -32 58 35 -35 45 57 41 53 44 -39 -38 43 -42 -40 46 47 55 -48 -50 -49 52 -51 -37 -52 56 -34 -36 59 60 -1 -62
right_child=1 4 -4 5 12 8 11 -9 9 10 -12 -13 -14 14 -16 -17 17 -19 -20 -21 21 -23 24 -25 25 -27 27 28 29 -31 31 -33 33 34 36 38 37 40 39 -41 42 -43 -44 -45 -46 -47 48 50 49 51 54 -53 -54 -55 -56 -57 -58 -59 -60 -61 61 -63
leaf_value=-3.7470556654126987e-05 -0.075256327802717737 -0.071163623114869304 0.12900828158619507 -0.21590151684288694 0.072566654061522615 0.0034411808653849632 -0.094959051613373813 0.0064138254343808522 -0.0059834880492955307 -0.00036924907250913763 -0.098166751575706909 -0.39781078079343346 -0.045076158302304867 -0.10873966523878367 0.01392337441689849 -0.018997106953551973 -0.64471164509429579 -0.22059812895605041 -0.090385211204895899 0.11057102354953914 -0.095289621832676044 0.011618434774737764 0.0040485365023411541 -0.11669110636333871 0.62933144424367082 -0.086274331663198284 0.0092122189644736324 -0.10362933240350479 -0.10531250411062319 -1.5384528450637016 -0.031763561145346141 0.069686309129222732 0.011060360757732382 -0.078251758356840631 0.011349357431523592 0.011410798235310094 -0.11621597960023761 -0.015615318880513738 -0.095851956479559186 -0.01596019019649221 -0.77532616830678802 -0.046431769980696966 0.39496374380828986 0.031843542456326757 0.05218099844158032 0.095427093649469677 0.047628525032708043 -0.031295467905902791 -0.053154886333288909 0.15752109230192776 0.057139692097707896 0.01039038830657496 1.6563439809695446 -0.074004230505865048 0.47292545630103028 -0.03391807691030635 0.08555944368199625 -0.015324338475181054 0.017916214290610227 0.0016703942276697699 -0.057346193636495894 0.063228389568541585
leaf_weight=5598.256367849297 68.23142291498209 8.7259068224087724 7.7074865631293497 2.6633300487910523 75.032383370242314 16.724681514009717 2.8434371639814335 21.151944725323119 551.16286049654468 45.317316762799855 24.408293153370323 1.7726152613649899 7.4946869289142333 2.0628681960515669 3.3797714546089992 59.116233478432392 1.010370850446634 1.2442739547695965 14.212227287034528 12.997783096507193 14.456275437889685 49.444342910726846 7.1106247580373729 20.774377517386441 0.53751904461023503 0.39547811776719755 25.006359753841938 2.2642811000878278 0.15577269018831419 0.1215149387717247 122.74891255530886 11.992578836553063 339.5630498790498 50.412252049154404 995.40340165103953 64.952061668709348 34.935999295179499 123.77896655336372 5.4844505311837102 47.037978060616297 0.2376443911343803 98.348645711237623 0.90626031253486772 113.91184359687759 321.5769187437063 13.464545785405788 120.34476387098528 293.972342926252 42.660281521337424 3.5701175083231642 13.365625020041069 217.98609345011573 0.11789664963725943 20.695663539407178 0.67718053590972083 52.177276523660112 20.970565536853428 174.79483128544234 296.53259672772037 7337.1867042384547 452.10518475305355 29.368370060396842
leaf_count=685546 306270 14922 325 140 7420 1435 251 5397 16128 4250 803 80 492 20 78 3283 52 59 5732 148 51497 3240 2012 15333 438 24 13079 565 122 2 66550 12667 27134 74978 42276 20891 891 31639 13632 4024 8 3616 15 28467 45220 1018 41643 44319 114514 2622 1109 15656 30 1670 374 3369 10237 4845 65306 676081 1024358 8983
internal_value=-0.000310343 -0.0094857 -0.0158871 -0.0172354 0.0491606 -0.0125548 -0.050968 -0.0559297 -0.00827368 -0.0110144 -0.0440492 -0.211257 0.0618829 -0.0403184 -0.143315 -0.0274857 -0.266403 -0.410656 -0.0218599 0.0502896 0.000186042 -0.0257922 -0.0519103 -0.0638649 0.0413925 0.326001 -0.0377382 -0.00753711 -0.172333 -0.733353 0.000369614 -0.0227341 0.000553983 0.00506552 -0.00130888 0.0114969 0.00120607 -0.018162 0.0320032 0.0414429 0.00782213 -0.0647233 0.0330365 0.0301631 0.0496987 0.00307083 0.00194587 -0.00601598 0.016863 0.00285625 -0.0263495 0.0136354 0.205435 -0.00922864 0.07719 0.00915936 0.0153936 0.00736505 -0.000489347 -0.000896135 -0.00399349 -0.0499915
internal_weight=18067.1 927.26 836.007 828.299 91.253 738.916 74.0929 89.3834 664.823 635.101 83.9378 4.61605 82.5271 69.4768 7.69728 61.7796 4.31751 2.25464 59.5295 29.7225 17139.8 120.267 70.8222 62.7786 8.04362 0.932997 42.0042 27.5479 2.54157 0.277288 17019.5 134.741 16884.8 3171.35 1592.73 1578.62 1542.32 372.119 459.747 374.099 238.835 133.285 115.056 114.149 327.061 1118.87 1105.41 720.726 384.679 264.334 308.015 221.674 3.68801 85.6477 14.0428 412.711 360.534 1170.2 13713.4 13416.9 6079.73 481.474
internal_count=3527285 367285 344451 344126 22834 32459 3963 311667 28496 26913 10785 331 7912 3632 209 3423 131 111 9982 1583 3160000 86312 83072 80598 2474 462 65265 13768 689 124 3073688 79217 2994471 534197 186735 347462 111757 64636 85437 62876 60129 4507 28490 28475 58852 262025 261007 86542 174465 132822 45802 18308 2652 22561 1483 40740 37371 47121 2460274 2394968 1718887 1033341
is_linear=0
shrinkage=0.1


Tree=105
num_leaves=63
num_cat=0
split_feature=1 3 9 9 3 9 9 9 6 6 3 18 0 2 21 9 6 14 18 0 23 2 8 11 25 23 24 27 26 18 26 21 26 0 21 11 23 22 2 18 11 9 9 9 11 8 6 24 0 23 2 0 14 6 11 0 14 6 1 8 6 9
split_gain=7.46973 7.59512 7.43501 35.4894 16.8812 13.9458 30.7294 18.3445 14.9698 11.3373 11.1527 11.1011 11.2369 11.578 10.5071 10.1357 12.7014 31.1168 10.0195 9.90915 13.5181 51.5346 9.88388 9.8309 9.43908 14.5636 12.1721 39.3478 48.7197 34.2185 18.1575 21.3579 17.3327 21.2587 11.5473 11.1313 14.2123 11.9991 25.711 13.1985 11.5963 19.5187 15.6477 15.4673 14.4755 28.4664 17.1663 19.1158 13.9072 13.7108 13.0909 11.0206 10.9784 22.5986 10.5013 14.7765 14.1365 29.1477 14.5566 11.828 11.2582 13.1729
threshold=18.500000000000004 318.50000000000006 39.250699996948249 38.165266036987312 15.500000000000002 37.394067764282234 36.51515197753907 37.617923736572273 15.535444736480715 12.97335195541382 1.5000000000000002 0.38278388977050787 0.41540603339672094 0.52235546708107006 6.5000000000000009 27.842377662658695 21.132376670837406 9.5000000000000018 0.18350168317556384 0.40075610578060156 0.13392857462167743 0.61907640099525463 20.761494636535648 0.23611111193895343 1.0000000180025095e-35 0.84523808956146251 1.5000000000000002 1.0000000180025095e-35 1.0000000180025095e-35 0.58957219123840343 1.0000000180025095e-35 8.5000000000000018 1.5000000000000002 0.78591305017471325 14.500000000000002 0.84523808956146251 0.23611111193895343 12.500000000000002 0.70128422975540172 0.22653958946466449 0.15476191043853763 87.026645660400405 53.907203674316413 74.133811950683608 0.31666667759418493 58.123168945312507 60.158729553222663 4.5000000000000009 0.99999991059303295 0.23611111193895343 0.86771520972251903 0.59674537181854259 4.5000000000000009 54.669988632202156 0.6904762089252473 0.94227582216262828 5.5000000000000009 87.20676422119142 2.5000000000000004 93.813774108886733 96.60919570922853 96.922348022460952
decision_type=2 2 2 2 2 2 2 2 2 2 2 2 2 2 2 2 2 2 2 2 2 2 2 2 2 2 2 2 2 2 2 2 2 2 2 2 2 2 2 2 2 2 2 2 2 2 2 2 2 2 2 2 2 2 2 2 2 2 2 2 2 2
left_child=2 -2 3 4 5 6 8 18 10 -4 -1 -12 13 -13 -9 -10 17 -17 -7 20 21 -15 -19 -16 35 26 -26 30 29 34 31 -28 33 -32 -29 40 -37 39 -39 51 41 48 -42 44 45 -44 47 -47 52 -46 -48 -38 -11 -54 60 59 -57 -58 -59 -56 -45 -62
right_child=1 -3 9 -5 -6 7 -8 14 15 24 11 12 -14 19 23 16 -18 22 -20 -21 -22 -23 -24 -25 25 -27 27 28 -30 -31 32 -33 -34 -35 -36 36 37 38 -40 -41 42 -43 43 54 49 46 50 -49 -50 -51 -52 -53 53 -55 55 56 57 58 -60 -61 61 -63
leaf_value=0.072931616787694664 -0.022282801385110386 0.81313379974775613 -0.11701188362940565 -0.094750456357445625 -0.087684982695768021 -0.2629264261867918 -0.13865761845926239 0.030779730677374384 -0.040675999110036526 -0.0061562525245302197 -0.066725613693435618 0.081621013691160371 0.008655929997099486 3.0613449672275386 -0.086858580900306459 0.066727350264987481 -0.014793851919939744 -0.0029996275376724824 0.055643463504428753 0.056459206026257702 0.35314205902746804 -0.10054474526490553 -0.091378752009052877 0.78796694450231275 0.00010337300979235672 -0.5668287992321086 0.085818607105067946 0.045866328474380685 -0.082305326603243592 -0.099613901715331715 0.033351706649819651 -0.1300484624342062 -0.043225915727834512 -0.018228845844579622 0.19447904979373387 0.0016236788745928904 0.021494558030698746 -1.424349513692889 -0.022623016502218402 0.076300226021365394 0.076417422407965882 0.081890283164114633 -0.0030113652303579166 0.0054573162460319216 -0.053743381701132513 -0.15109108309983812 -0.095276315165114478 -0.82604447903100731 -0.14184732587619975 0.010693153534538119 0.10709716475616371 -0.17596134094985111 0.011079151554706552 0.074248186791619639 -0.68824822469644575 0.10227594094294748 -0.10478050648465634 -0.43742791694491345 -1.330546803009294 -0.0029201536650651388 -0.028505395128205713 -0.24159451930055989
leaf_weight=35.847350077773172 161.00562857952355 0.10889860946735908 8.2208533519260509 45.623347875629406 23.675430978822646 0.9981811332850431 17.385600329467024 14.58773385021547 97.68613384347924 306.32080155328958 16.568155305426671 11.252203688891312 81.920784119040036 0.094795618511851698 19.616944717657933 69.543476952747184 367.98004695403296 36.809233675990072 90.315614545796961 0.42293125781725394 0.41309288400225341 0.11298607224307489 19.282951057802123 0.12930150105967086 13681.867752961256 0.45414487330708553 6.00158762845422 43.193301475470435 143.51128550950943 17.317945226619486 239.85687631411929 19.39590029617375 56.906283073729355 119.81792075803969 5.948458378778013 118.9851565049903 14.100171324462282 0.13205109201953646 14.453254641972306 92.61113701362774 24.50588173909 37.944699866551673 44.469152824174131 900.02147161175367 47.11909990760708 28.663337106373607 9.5060054316636506 0.42584200366400082 6.0855143009976009 110.37087456471636 4.8157164173608171 3.5352990374958599 677.95013228228959 61.79556514410433 0.25340131320990522 2.4995788063679383 13.053020721854407 1.4493751452246204 0.20877892692806188 40.688155002164422 12.213382101748723 3.8048449889465692
leaf_count=1351 175837 338 6015 88487 325166 14692 20557 12277 35268 70098 20481 2030 2761 29 12995 17992 232078 8712 17024 37 49 74 7196 14 1834111 36 1037 4726 3932 2136 6081 2411 3595 1416 521 11123 811 40 13528 221262 3638 22123 7824 129785 6976 6239 1374 21 83 11547 276 517 131734 8921 60 2783 2277 586 40 8929 2518 710
internal_value=-0.000282504 -0.0217181 -8.92497e-05 -0.00869627 -0.00435635 -0.00211695 -0.00724856 0.0287312 -0.00415259 0.000394127 0.0244489 0.00876109 0.0220355 0.111176 -0.0335821 -0.0112453 -0.00542093 0.0220318 0.0521611 0.429774 0.684071 1.34199 -0.0333819 -0.0811301 0.000451197 -0.000550684 -0.000532743 -0.0138823 -0.0495253 0.0212589 0.00305062 -0.0790377 0.00805526 0.0161688 0.0638554 0.00602193 0.0263533 0.0499246 -0.0353138 0.0612014 0.0038982 0.011428 -0.00269968 -0.00428946 -0.0267291 -0.0592444 -0.116848 -0.160972 0.00888685 -0.00858548 -0.0272277 -0.0180885 0.00976375 0.0163561 0.00136242 -0.0398447 -0.117592 -0.15495 -0.549881 -0.00716188 0.00397835 -0.0791209
internal_weight=18031.9 161.115 17870.7 950.266 904.643 880.968 755.32 125.648 737.934 16920.5 146.632 110.785 94.2168 12.296 34.334 591.302 493.616 125.636 91.3138 1.04381 0.620875 0.207782 56.0922 19.7462 16912.3 14334.3 14333.8 651.95 209.971 66.4597 441.979 25.3975 416.581 359.675 49.1418 2577.98 243.817 124.832 14.5853 110.247 2334.16 1090.1 1244.07 1219.56 245.37 87.8801 43.4109 29.0892 1052.15 157.49 14.3217 17.6355 1046.07 739.746 974.192 58.1523 17.2108 14.7112 1.65815 40.9416 916.04 16.0182
internal_count=3527285 176175 3351110 819270 730783 405617 348615 57002 328058 2531840 26812 25461 4980 2219 25286 301246 265978 33900 31716 189 152 103 15908 13009 2525825 1860002 1859966 25855 11315 7383 14540 3448 11092 7497 5247 665823 247281 236158 13568 222590 418542 232959 185583 181945 34257 15734 7910 6260 210836 18523 1650 1328 210753 140655 147688 14675 5686 2903 626 8989 133013 3228
is_linear=0
shrinkage=0.1


end of trees

feature_importances:
addr_token_set=610
name_jaccard=552
n_s1_competitors=539
name_partial=453
addr_jaccard=410
score=297
name_nospace=290
addr_len_s1=281
addr_len_cand=273
num_only_cand=272
name_ratio=271
num_jaccard=254
name_len_diff=252
name_token_set=237
addr_ratio=236
name_token_sort=233
addr_partial=230
rank=223
score_ratio_to_top=205
num_only_s1=146
first_num_equal=103
is_best_s1_for_cand=82
num_shared=81
cand_is_s3=40
addr_empty_cand=2

parameters:
[boosting: gbdt]
[objective: binary]
[metric: binary_logloss]
[tree_learner: serial]
[device_type: cpu]
[data_sample_strategy: bagging]
[data: ]
[valid: ]
[num_iterations: 1000]
[learning_rate: 0.1]
[num_leaves: 63]
[num_threads: 0]
[seed: 0]
[deterministic: 0]
[force_col_wise: 0]
[force_row_wise: 0]
[histogram_pool_size: -1]
[max_depth: -1]
[min_data_in_leaf: 50]
[min_sum_hessian_in_leaf: 0.001]
[bagging_fraction: 1]
[pos_bagging_fraction: 1]
[neg_bagging_fraction: 1]
[bagging_freq: 0]
[bagging_seed: 3]
[bagging_by_query: 0]
[feature_fraction: 0.8]
[feature_fraction_bynode: 1]
[feature_fraction_seed: 2]
[extra_trees: 0]
[extra_seed: 6]
[early_stopping_round: 0]
[early_stopping_min_delta: 0]
[first_metric_only: 0]
[max_delta_step: 0]
[lambda_l1: 0]
[lambda_l2: 0]
[linear_lambda: 0]
[min_gain_to_split: 0]
[drop_rate: 0.1]
[max_drop: 50]
[skip_drop: 0.5]
[xgboost_dart_mode: 0]
[uniform_drop: 0]
[drop_seed: 4]
[top_rate: 0.2]
[other_rate: 0.1]
[min_data_per_group: 100]
[max_cat_threshold: 32]
[cat_l2: 10]
[cat_smooth: 10]
[max_cat_to_onehot: 4]
[top_k: 20]
[monotone_constraints: ]
[monotone_constraints_method: basic]
[monotone_penalty: 0]
[feature_contri: ]
[forcedsplits_filename: ]
[refit_decay_rate: 0.9]
[cegb_tradeoff: 1]
[cegb_penalty_split: 0]
[cegb_penalty_feature_lazy: ]
[cegb_penalty_feature_coupled: ]
[path_smooth: 0]
[interaction_constraints: ]
[verbosity: -1]
[saved_feature_importance_type: 0]
[use_quantized_grad: 0]
[num_grad_quant_bins: 4]
[quant_train_renew_leaf: 0]
[stochastic_rounding: 1]
[linear_tree: 0]
[max_bin: 255]
[max_bin_by_feature: ]
[min_data_in_bin: 3]
[bin_construct_sample_cnt: 200000]
[data_random_seed: 1]
[is_enable_sparse: 1]
[enable_bundle: 1]
[use_missing: 1]
[zero_as_missing: 0]
[feature_pre_filter: 1]
[pre_partition: 0]
[two_round: 0]
[header: 0]
[label_column: ]
[weight_column: ]
[group_column: ]
[ignore_column: ]
[categorical_feature: ]
[forcedbins_filename: ]
[precise_float_parser: 0]
[parser_config_file: ]
[objective_seed: 5]
[num_class: 1]
[is_unbalance: 0]
[scale_pos_weight: 1]
[sigmoid: 1]
[boost_from_average: 1]
[reg_sqrt: 0]
[alpha: 0.9]
[fair_c: 1]
[poisson_max_delta_step: 0.7]
[tweedie_variance_power: 1.5]
[lambdarank_truncation_level: 30]
[lambdarank_norm: 1]
[label_gain: ]
[lambdarank_position_bias_regularization: 0]
[eval_at: ]
[multi_error_top_k: 1]
[auc_mu_weights: ]
[num_machines: 1]
[local_listen_port: 12400]
[time_out: 120]
[machine_list_filename: ]
[machines: ]
[gpu_platform_id: -1]
[gpu_device_id: -1]
[gpu_device_id_list: ]
[gpu_use_dp: 0]
[num_gpu: 1]

end of parameters

pandas_categorical:[]
