tree
version=v4
num_class=1
num_tree_per_iteration=1
label_index=0
max_feature_idx=45
objective=binary sigmoid:1
feature_names=score rank score_ratio_to_top n_s1_competitors is_best_s1_for_cand cand_is_s3 name_exact cand_n_same_name_s1 s1_n_same_name_cands name_ratio name_token_sort name_token_set name_partial name_nospace name_jaccard name_empty_s1 name_empty_cand name_len_diff addr_ratio addr_token_set addr_partial addr_jaccard addr_empty_s1 addr_empty_cand addr_len_s1 addr_len_cand num_jaccard num_shared num_only_s1 num_only_cand first_num_equal score_margin_in_cand name_token_set_rank_in_s1 name_token_set_margin_in_s1 addr_token_set_rank_in_s1 addr_token_set_margin_in_s1 name_ratio_rank_in_s1 name_ratio_margin_in_s1 n_cands_of_s1 postal_conflict house_first_equal cand_name_vocab_frac sib_name_sim sib_addr_sim sib_best_sim sib_score
feature_infos=[0.039358381181955338:1.0000002384185791] [0:1148] [0.039358381181955338:1] [1:786] [0:1] [0:1] [0:1] [0:226] [0:202] [0:100] [0:100] [0:100] [0:100] [0:100] [0:1] none none [0:61] [0:100] [0:100] [0:100] [-1:1] none [0:1] [2:29] [0:28] [-1:1] [0:11] [0:12] [0:10] [-1:1] [-0.92341643571853638:0.91571211814880371] [1:1161] [-100:66.666671752929688] [1:1157] [-100:49.346401214599609] [1:1147] [-100:65.217391967773438] [3:1220] [0:1] [0:1] [0:1] [0:1] [0.045977011322975159:1] [0:1] [0.16952446103096008:1.0000002384185791]
tree_sizes=6880 6941 6917 6974 6960 6998 6987 6994 7039 7021 7009 7028 7026 7030 7039 7050 7022 7058 7070 7077 7094 7091 7064 7074 7071 7083 7100 7070 7118 7095 7096 7120 7111 7078 7116 7105 7080 7108 7101 7095 7100 7135 7121 7125 7098 7130 7111 7133 7106 7123 7082 7105 7121 7126 7112 7070 7138 7124 7074 7125 7127 7107 7082 7110 7156 7095 7153 7137 7088 7108 7119 7126 7132 7116 7152 7140 7120 7146 7093 7171 7119 7128 7154 7075 7145 7119 7110 7111 7116 7129 7107 7038 7115 7102 7096 7079 7087 7107 7157 7092 7033 7007 7102 7090 7073 7171 7085 7126 7040 7026 7090 6943 7086 7062 6966 7056 7050 6933 7057 7145 7102 7111 7079 7049 6999 6997 6856 7046 7035 7119 6942 7065 7052 6987 7090 7022 6972 7049 7070 6954

Tree=0
num_leaves=63
num_cat=0
split_feature=31 29 28 31 13 12 30 12 27 19 31 19 31 12 27 19 34 29 19 13 13 25 24 19 28 27 17 10 21 24 41 29 43 28 30 41 19 29 19 38 28 41 17 7 13 31 19 7 9 21 17 19 19 14 12 41 43 19 13 41 41 14
split_gain=3.66016e+06 629436 175507 49180.5 46873.7 38972 40542.9 28100 27778.7 23206 16725.1 16528.6 13113.2 24328.5 64367.7 17794.9 10226.5 9630.5 8035.34 7186.14 6749.5 5921.42 5490.7 4643.27 3935.88 3337.23 3209.34 3323.81 2953.86 2883.95 4280.54 2701.63 2687.16 2637.2 2454.4 2435.51 2240.85 2199.91 4367.28 2138.09 2134.57 1888.99 1796.14 3084.26 1886.17 1763.56 1711.02 4540.5 1601.52 1584.94 1532.94 1490.04 1441.15 1436.09 1403.11 1397.36 1293.7 1290.46 27247.4 1271.44 1259.33 1235.01
threshold=0.063830420374870314 1.0000000180025095e-35 1.0000000180025095e-35 0.0087758675217628496 91.945945739746108 60.158729553222663 1.0000000180025095e-35 50.373134613037116 1.0000000180025095e-35 97.833908081054702 0.20798033475875857 98.092205047607436 -0.080336645245552049 60.158729553222663 1.0000000180025095e-35 97.969490051269545 31.500000000000004 1.0000000180025095e-35 98.092205047607436 85.215545654296889 87.841831207275405 7.5000000000000009 7.5000000000000009 59.280792236328132 1.0000000180025095e-35 1.0000000180025095e-35 4.5000000000000009 80.901721954345717 0.65942031145095836 7.5000000000000009 0.76388889551162731 1.0000000180025095e-35 0.60479471087455761 1.0000000180025095e-35 1.0000000180025095e-35 1.0000000180025095e-35 99.052112579345717 1.0000000180025095e-35 64.01581192016603 26.500000000000004 1.0000000180025095e-35 0.63333335518836986 2.5000000000000004 6.5000000000000009 83.75235748291017 0.19109106808900836 57.790622711181648 1.5000000000000002 47.690120697021491 0.43874999880790716 5.5000000000000009 96.019802093505874 53.218408584594734 0.93750000000000011 50.373134613037116 0.76388889551162731 0.97572755813598644 97.833908081054702 60.136985778808601 0.26785714924335485 0.6904762089252473 0.31666667759418493
decision_type=8 2 2 10 2 2 2 2 2 2 10 2 10 2 2 2 2 2 2 2 2 2 2 2 2 2 2 2 2 2 10 2 8 2 2 8 2 2 2 2 2 10 2 2 2 8 2 2 2 2 2 2 2 2 2 10 10 2 2 10 10 2
left_child=3 7 8 12 18 -5 11 10 20 22 35 25 57 -14 15 32 46 23 26 29 55 -20 28 -16 52 37 27 -4 34 54 -31 -8 -15 -33 51 49 -23 38 39 -7 -27 -12 43 44 -34 -18 47 -9 -25 -2 -32 -6 -19 60 -10 -3 -30 -1 61 -46 -28 -59
right_child=1 2 4 5 9 6 31 16 19 -11 41 -13 13 14 17 -17 45 24 21 -21 -22 36 -24 48 -26 40 53 -29 56 30 50 33 42 -35 -36 -37 -38 -39 -40 -41 -42 -43 -44 -45 59 -47 -48 -49 -50 -51 -52 -53 -54 -55 -56 -57 -58 58 -60 -61 -62 -63
leaf_value=-2.0149242911940037 -1.9279712330046865 -1.6845195019084191 -1.9240006692727425 -1.9934028788527589 -1.7103662862882887 -1.6684274442513545 -1.1680386494055861 -1.1837364935706653 -1.6013825280039058 -1.2376672170279961 -1.1830470087560441 -1.2118649583483114 -2.0106842593944072 -2.0144670020744364 -1.8522726619822911 -1.2263007237882877 -1.8239625301508162 -1.9693201239538385 -1.3556671073677227 -1.1545626486091611 -1.3742023423336378 -1.8948212903588602 -1.5228534870263966 -1.5970544148769745 -1.7899119622816544 -1.2279005461938419 -1.8861144860162735 -1.6930947553219171 -1.8360262607392541 -1.2888035797705963 -1.4612740480637649 -1.2180268518298965 -1.9233388935062634 -1.7995494255045961 -1.3063775677637333 -1.9608148900250622 -1.4296470204857237 -1.9330598459051611 -1.2088058719618813 -1.9431019920142814 -1.7162497243903825 -1.5963208873729453 -1.971336438130225 -1.9891625122043639 -1.2043443535943121 -1.3236801353575771 -1.1411715495489414 -1.6887069078501464 -1.1936805566882658 -1.5152089169308309 -1.7599627835569929 -1.3004411605281363 -1.2754853788550555 -1.6384231167426384 -1.2002711618664359 -1.9298340119415751 -1.6547669835924523 -2.0108591304411463 -1.2625318525890652 -1.7568331872824547 -1.9902115643106248 -1.5339423020880221
leaf_weight=458980.58744519949 135.30347572267056 355.27052982151508 2280.3778773844242 6144.156830728054 2444.0532598793507 471.81011500954628 1411.7001740187407 1582.4967920780182 96.08016237616539 1224.4003751277924 844.03596760332584 451.91586962342262 32995.962398707867 6017.1049454212189 125.92153045535088 335.03717797994614 253.76466415822506 33.797610059380531 377.76459136605263 4747.603411719203 433.49108554422855 745.24295358359814 1317.3155439198017 105.5751431286335 699.01144015789032 107.38371089100838 1310.6464502960443 857.93933227658272 2876.5270260572433 746.71241489052773 299.43100015819073 165.03180831670761 904.39691667258739 147.85041457414627 173.17036324739456 553.30869980156422 120.26975619792938 2627.9619942158461 123.66082075238228 709.63677576184273 537.59676736593246 127.27795627713203 4333.2153231650591 1541.9170529097319 42.840448871254921 97.549623683094978 60748.434712350368 200.63798613846302 1453.862409979105 297.73546788096428 403.19757552444935 92.010884910821915 262.01625457406044 125.58242399990559 944.52451390028 670.30042693018913 456.21121805906296 15995.538467869163 504.02522827684879 1502.9198105335236 10257.405099794269 54.483103841543198
leaf_count=4060500 1197 3143 20174 54356 21622 4174 12489 14000 850 10832 7467 3998 291908 53232 1114 2964 2245 299 3342 42001 3835 6593 11654 934 6184 950 11595 7590 25448 6606 2649 1460 8001 1308 1532 4895 1064 23249 1094 6278 4756 1126 38335 13641 379 863 537428 1775 12862 2634 3567 814 2318 1111 8356 5930 4036 141509 4459 13296 90745 482
internal_value=-1.90173 -1.34023 -1.69323 -2.00406 -1.82945 -1.81115 -1.64537 -1.15864 -1.30697 -1.64077 -1.53175 -1.78883 -2.0088 -1.96027 -1.86443 -1.94672 -1.14703 -1.41379 -1.9302 -1.22672 -1.70502 -1.686 -1.70784 -1.26816 -1.66052 -1.84578 -1.95067 -1.86088 -1.74817 -1.36432 -1.45551 -1.22696 -1.96355 -1.49282 -1.67062 -1.8218 -1.83018 -1.88036 -1.77423 -1.83341 -1.63494 -1.2372 -1.92675 -1.87836 -1.80863 -1.68505 -1.14401 -1.24056 -1.22099 -1.64418 -1.63267 -1.69549 -1.35476 -1.97477 -1.23731 -1.84485 -1.81121 -2.01393 -1.9865 -1.74152 -1.97842 -2.00924
internal_weight=636983 98196.1 33355.5 538787 24658.9 12898.7 6754.55 64840.5 8696.61 8583.69 1957.66 5029.97 525888 50353.6 17357.6 14677.4 62882.9 2680.18 16075.2 7237.55 1459.06 1243.28 7359.29 1685.36 994.825 4578.05 14832 3138.32 6041.97 2489.95 1449.34 1724.58 14342.4 312.882 2709.23 986.348 865.513 3933.07 1305.11 1181.45 644.98 971.314 8325.29 3992.07 2450.16 351.314 62531.6 1783.13 1559.44 433.039 702.629 2536.06 295.814 11693.6 1040.6 1025.57 3332.74 475535 16554 1545.76 11568.1 16050
internal_count=5635248 868719 295089 4766529 218152 114112 59756 573630 76937 75938 17319 44499 4652417 445467 153559 129848 556311 23711 142214 64029 12908 10999 65106 14910 8801 40501 131215 27764 53452 22028 12822 15257 126884 2768 23968 8726 7657 34795 11546 10452 5706 8593 73652 35317 21676 3108 553203 15775 13796 3831 6216 22436 2617 103451 9206 9073 29484 4206950 146450 13675 102340 141991
is_linear=0
shrinkage=1


Tree=1
num_leaves=63
num_cat=0
split_feature=31 29 28 17 31 12 19 29 19 12 26 31 13 28 34 26 13 17 29 19 17 19 12 38 13 7 25 25 41 14 19 41 44 14 41 45 41 14 24 8 12 19 13 7 41 13 19 26 18 3 43 17 14 14 14 41 24 17 18 40 19 19
split_gain=2.11433e+06 181420 75266.3 31692.5 29420.2 40627 47406.7 19224.1 11580.4 10011.6 8096.92 7832.28 5411.47 4817.74 4370.57 3482.9 3128.66 3015.99 2695.05 2535.61 2426.38 2296.5 24096 1806.09 1895.44 1819.3 1616.59 1538.3 1458.98 1249.16 1165.67 1162.27 1142.3 1136.49 1128.4 1122.2 1048.46 1025.03 1015.41 988.714 972.288 963.842 955.265 1884.49 954.219 940.119 5709.76 2308.98 939.781 3024.23 917.77 871.832 858.306 778.927 778.619 739.768 735.707 725.403 712.443 702.725 694.745 690.095
threshold=0.047882422804832465 1.0000000180025095e-35 1.0000000180025095e-35 4.5000000000000009 -0.056046083569526665 60.158729553222663 64.882766723632827 1.0000000180025095e-35 97.833908081054702 48.834688186645515 0.23611111193895343 0.1734898462891579 84.028984069824233 1.0000000180025095e-35 42.500000000000007 0.10555555671453477 89.417694091796889 2.5000000000000004 1.0000000180025095e-35 98.092205047607436 8.5000000000000018 97.68778228759767 67.099567413330092 27.500000000000004 84.29276275634767 2.5000000000000004 8.5000000000000018 8.5000000000000018 0.53571429848670971 0.15476191043853763 98.830371856689467 1.0000000180025095e-35 0.98739472031593334 0.93750000000000011 0.6904762089252473 0.99999985098838817 0.35416667163372045 0.44949495792388922 8.5000000000000018 6.5000000000000009 52.73088455200196 47.84466743469239 73.375530242919936 1.0000000180025095e-35 0.80909091234207164 87.841831207275405 73.19250869750978 0.4083333313465119 1.0000000180025095e-35 21.500000000000004 0.9783390760421754 2.5000000000000004 0.18333333730697635 0.31666667759418493 0.31666667759418493 0.22500000149011615 6.5000000000000009 9.5000000000000018 61.298427581787116 1.0000000180025095e-35 99.052112579345717 64.01581192016603
decision_type=8 2 2 2 10 2 2 2 2 2 2 10 2 2 2 2 2 2 2 2 2 2 2 2 2 2 2 2 10 2 2 8 2 2 10 2 10 2 2 2 2 2 2 2 10 2 2 2 2 2 10 2 2 2 2 10 2 2 2 10 2 2
left_child=4 9 10 8 21 37 18 -8 12 11 16 31 32 -9 61 29 44 50 23 33 40 45 54 24 -7 51 -21 -10 -13 -14 -29 -2 -4 34 -5 41 -19 -6 -22 -16 -12 -31 43 -24 57 -1 48 53 49 -47 55 -26 -30 -48 -23 -15 -17 -3 -58 -43 -28 -11
right_child=1 2 3 19 5 6 7 13 27 14 20 28 15 17 39 56 -18 36 -20 26 38 22 42 -25 25 -27 60 30 52 35 -32 -33 -34 -35 -36 -37 -38 -39 -40 -41 -42 59 -44 -45 -46 46 47 -49 -50 -51 -52 -53 -54 -55 -56 -57 58 -59 -60 -61 -62 -63
leaf_value=-0.11252353822743139 0.11927165062872358 0.25688585005326386 -0.030269968701769203 0.0073060113770520435 -0.10447005697927383 -0.033575765551469676 0.40223147947626103 0.34422865770662614 0.40643015956449596 0.35997474936744195 0.17785169840034254 0.39100607117521585 0.57124059801530447 0.39169000963882089 0.29242648727524106 0.19295409505134684 0.33151796470446532 0.17393943973636514 -0.1054794523885136 0.2629453637571128 0.33037033196443955 -0.10747158295072481 0.36505886357513018 -0.068118590877623217 0.32594740583009663 0.022507599271662446 -0.047156835513482903 0.13667382279870199 -0.077282937829506487 -0.10124280105437643 0.38495441683154863 -0.087124296620844685 0.15043512649892843 0.19507867581981056 -0.085874480954797452 0.053434779645015154 -0.05335236386557464 0.48088958809195753 0.13741152294964543 -0.069004641851144244 0.39765912283527927 0.14578875431900007 0.42263087019257262 -0.10365177861872275 -0.025209971492970825 0.050831850720157293 0.63903448580408029 0.60191749112194859 -0.11219371890987802 -0.095765381587526219 0.35934384029758487 0.080305739179051372 0.58061623007429641 0.070497693411362139 0.31037354839722142 0.11003653191141072 0.44071721017578114 -0.010466620937700545 0.26400884836452254 0.5260667288806532 0.24574545796328998 0.40736152577780499
leaf_weight=385201.59089434147 487.91524766385555 288.11836855858564 2410.7386935278773 1488.8032981157303 27843.184840761125 1376.6401900351048 4480.565984852612 700.65582374483347 1720.3364260718226 3170.9324918836355 205.31979356706142 1290.4793778881431 59.44982323795557 100.61301404237747 112.36760371923447 1214.8778388574719 596.40786047279835 230.26823890209198 5470.8561432883143 366.39306975901127 560.74118933826685 15853.856661975384 314.6668928861618 2424.2606972455978 466.23040973395109 735.27291779965162 524.77239321917295 465.93104255199432 108.5389501452446 158.14096949249506 318.26791477203369 618.94864194840193 409.19164527207613 159.05893112719059 10226.70665641129 2236.2125020846725 1710.5207372605801 29.947356984019279 530.94428922981024 231.85727440565825 10122.765894509852 4032.2690264508128 778.51642618328333 117.92689997702837 688.36817248165607 1543.6771891564131 25.957396231591702 130.40903297811747 28876.862569741905 15919.474101498723 201.11595190316439 209.37245116382837 24.262853473424911 336.39567141234875 44.721638835966587 1274.8857467398047 283.11752134561539 156.67435527592897 1175.332989923656 49.186792314052582 95.757273495197296 99735.62117215991
leaf_count=3709644 3806 2185 21412 13091 266741 12357 25649 4244 10130 18784 1390 7349 459 750 815 9236 3715 1922 51345 2360 3361 152122 2064 22138 3622 6221 4602 3263 832 1255 1948 5764 3446 1176 96237 17934 15015 286 3661 1919 56831 31490 4505 855 6163 14491 208 1008 278002 153152 1413 1871 175 3109 298 10765 1998 1201 8286 352 615 544210
internal_value=-0.00310436 0.33096 0.151104 0.0567071 -0.101577 -0.0265225 0.0846732 0.257991 0.157891 0.399896 0.347765 0.203369 0.117159 0.104774 0.404711 0.154276 0.146129 0.0570749 -0.0564554 -0.0576279 0.378303 -0.109474 -0.0735422 -0.00499433 0.0499039 0.131358 0.0963871 0.353517 0.358527 0.114942 0.237439 0.00385684 -0.00404839 -0.0704284 -0.0740331 0.110753 -0.0263849 -0.103841 0.236524 0.0489797 0.393289 0.140986 0.356428 0.237286 0.0485544 -0.110897 -0.0975187 0.241086 -0.101119 -0.0828067 0.159813 0.249822 0.0429151 0.111225 -0.106296 0.130639 0.250433 0.162713 0.298312 0.150372 -0.00195751 0.405901
internal_weight=642723 146325 40543.9 27394.5 496398 47254.4 19381.3 8698.63 14533.1 105781 13149.3 2530.15 12028.5 4218.06 103251 9208.59 1729.57 3517.4 10682.6 12861.5 11419.8 449144 17109.7 5211.78 2787.52 1410.88 986.923 2504.54 1423.28 6535.26 784.199 1106.86 2819.93 11874.6 11715.5 6475.81 1940.79 27873.1 1091.69 344.225 10328.1 4239.6 1211.11 432.594 1133.16 432034 46832.8 492.762 46340 17463.2 1576.61 675.603 132.802 362.353 15898.6 1375.5 2673.33 444.793 1458.45 4081.46 620.53 102907
internal_count=5635248 891451 307797 229290 4743797 424339 157312 59758 111209 583654 78507 17926 95868 34109 565728 71010 13264 29865 97554 118081 65243 4319458 159844 46209 24071 11714 7577 15341 8356 51490 5211 9570 24858 110504 109328 51031 16937 267027 7022 2734 58221 33097 7424 2919 9549 4159614 449970 4325 445645 167643 12928 5493 1007 3317 152420 11515 19520 3386 10284 31842 5217 562994
is_linear=0
shrinkage=0.1


Tree=2
num_leaves=63
num_cat=0
split_feature=4 29 28 12 13 21 19 12 19 9 8 20 19 26 10 19 20 26 13 19 26 1 14 19 17 18 3 21 28 1 21 25 38 12 17 10 13 10 29 43 17 14 19 9 14 24 14 13 18 14 20 24 17 21 13 14 26 8 3 43 40 19
split_gain=1.49621e+06 139178 57217.6 29612 28462.6 9376.79 8226.93 37675.9 7326.29 7166.45 6932.8 6121 6082.13 3907.87 3437.95 3345.04 3215.19 2810.43 2769.39 14717.8 2891.63 2369.19 2305.4 2167.51 1927.12 1742.05 4820.94 1718.58 1496.19 1445.52 1359.42 1293.34 1206.34 1177.32 2118.08 1134.41 1066.34 1026.74 1021.82 1021.41 1004.24 875.03 822.617 715.357 696.971 671.897 661.405 1299.32 635.109 633.905 602.426 567.89 565.98 562.518 551.269 544.337 526.413 520.89 514.543 489.205 484.003 741.878
threshold=1.0000000180025095e-35 1.0000000180025095e-35 1.0000000180025095e-35 53.001201629638679 90.595520019531264 0.53452381491661083 97.448913574218764 62.622549057006843 55.193569183349616 45.867485046386726 6.5000000000000009 99.80237197875978 97.68778228759767 0.23611111193895343 85.028736114501967 98.092205047607436 97.81815338134767 0.10555555671453477 85.215545654296889 64.882766723632827 0.15476191043853763 5.5000000000000009 0.93750000000000011 53.218408584594734 5.5000000000000009 1.0000000180025095e-35 21.500000000000004 0.65942031145095836 1.0000000180025095e-35 6.5000000000000009 0.63961037993431102 8.5000000000000018 22.500000000000004 53.001201629638679 5.5000000000000009 91.476997375488295 69.282051086425795 79.337715148925795 1.0000000180025095e-35 0.56425985693931591 8.5000000000000018 0.31666667759418493 99.052112579345717 91.54584121704103 0.31666667759418493 8.5000000000000018 0.095454547554254546 65.545505523681655 92.342185974121108 0.18333333730697635 99.333301544189467 5.5000000000000009 4.5000000000000009 0.18350168317556384 69.00656890869142 0.11805555596947671 0.23611111193895343 11.500000000000002 5.5000000000000009 0.9783390760421754 1.0000000180025095e-35 48.397369384765632
decision_type=2 2 2 2 2 2 2 2 2 2 2 2 2 2 2 2 2 2 2 2 2 2 2 2 2 2 2 2 2 2 2 2 2 2 2 2 2 2 2 8 2 2 2 2 2 2 2 2 2 2 2 2 2 2 2 2 2 2 2 10 10 2
left_child=6 3 9 5 11 -2 18 41 10 29 14 15 16 24 32 22 17 23 35 25 38 28 33 -6 53 26 43 52 -7 56 51 -17 -5 -4 37 -1 -9 -35 -21 -37 -15 -8 -33 -20 -29 -42 47 -36 -46 -40 -18 -19 59 -11 -55 -26 -3 -12 -45 -25 -27 -62
right_child=1 2 4 8 12 21 7 36 -10 13 57 -13 -14 40 -16 31 50 30 19 20 -22 -23 -24 27 55 60 -28 44 -30 -31 -32 42 -34 34 46 39 -38 -39 49 -41 45 -43 -44 58 48 -47 -48 -49 -50 -51 -52 -53 -54 54 -56 -57 -58 -59 -60 -61 61 -63
leaf_value=-0.11012481428696241 -0.088720492360014752 -0.014811415539898827 -0.1058299822721392 0.20541022738742867 -0.10384351393559331 0.24105529971686859 -0.10321792288674432 0.1856580491191798 0.30364703668982512 -0.10937219331295887 0.053703361775954042 0.42515649405649247 0.28141370597213194 0.29543216802694577 0.29531911484515655 0.20452320297183252 0.29435646654625741 0.14082708520697981 -0.033946431422225608 0.34925447016754929 0.3209748981656626 0.001879997446948251 0.17328596222801074 0.1311377796815269 0.20793492250889656 -0.11125709408482842 -0.092022285114269353 0.42772163537779329 0.016451217339306972 -0.073387531616504131 0.096692671042965916 -0.029913988932738861 -0.016883777186885857 -0.022989910851590765 -0.017326800131582557 -0.10335443382516758 0.30587978124981202 0.085556977245640389 0.33492835066649707 0.31423533521835845 0.26814730020170402 0.33421745023385957 0.20974171946375281 0.18687310287027267 0.076023804820781651 0.10695973191522119 -0.080440573835016724 0.52269818797976786 -0.0097189624027692531 0.0033078478883585409 0.56122467085367522 0.2695155010459071 -0.086148738240037978 0.080556502432179308 0.265036420614227 -0.037851284027003274 0.18726088238530159 -0.080428886195694271 0.058609233663239557 0.2889071727326355 -0.0739130979908868 0.38462836062117073
leaf_weight=370845.31850580871 2326.045230358839 175.27272932976484 5244.7592571154237 440.21746727824211 704.032924503088 2388.6767631620169 16969.244999192655 1104.674248687923 122031.82775295526 51.523203022778034 483.27555581927299 274.83929369598627 2488.2263571619987 12446.866067118943 3225.2215265855193 619.31435082107782 433.33182238042355 469.08353092521429 694.52455956488848 113.85591462999582 903.86755831539631 658.92182841151953 414.11309642344713 2861.4718737304211 106.41205199807882 30251.618619762361 16324.458011075854 44.123249053955078 338.6325741186738 684.35235215723515 1202.282749928534 729.9836712628603 548.05125871300697 2791.443494476378 698.3092312887311 114.67765685915947 2221.4074143469334 1266.9225039109588 62.51048631221056 119.72377821058035 555.55228889733553 45.852929167449474 178.18731837719679 390.54734499007463 1535.6677527055144 483.82426851242781 10136.354923605919 47.590666897594929 1974.7783486023545 740.16627129912376 105.10516665130854 1274.9155624136329 112.74966359883547 201.06435095518827 833.3247321844101 588.017473988235 487.45036552101374 722.14125625789165 1570.3018562048674 211.03178821504116 124.35992558300495 49.26004321873188
leaf_count=3889050 22698 1384 52911 2458 6602 13848 176877 6637 558201 417 3537 1663 12207 58402 16570 3404 2961 3142 6602 804 5145 5986 2906 20280 737 317243 168422 258 2729 6360 7957 6317 4330 25308 6323 1200 10623 10135 327 895 2749 296 983 3108 11602 3108 100584 402 15268 6374 720 7646 1037 1624 4643 5085 2927 6427 13696 1445 1270 398
internal_value=-0.00405683 0.234273 0.0962682 0.288611 0.0251233 0.065866 -0.103985 -0.0418673 0.298595 0.249655 0.184818 -0.0438635 0.140309 0.269164 0.245317 -0.0496892 0.108183 0.0958352 -0.106977 -0.0851814 0.194061 0.172053 -0.0602768 0.0631152 0.129915 -0.0954705 -0.0716958 0.0805554 0.213168 0.0285518 0.178503 0.0930947 0.0821355 -0.0650685 -0.0507595 -0.109986 0.265951 0.0108958 0.0689005 0.109935 0.287547 -0.102039 0.0171076 0.0532657 0.0327542 0.193115 -0.0737529 0.0171284 0.0277898 0.0291336 0.34645 0.234902 0.133899 0.213114 0.229177 -0.00018783 0.133818 -0.0266526 0.0841559 0.141974 -0.110302 0.0561858
internal_weight=628242 185595 52432.3 133163 35818.6 5712.28 442646 20341.2 127451 16613.7 5418.91 22401.8 13416.8 15266.6 4213.49 22127 10928.6 10390.1 422305 51225.5 1820.4 3386.23 20599.5 7443.86 1780.34 49405.1 18979.8 6739.82 2727.31 1347.08 2946.28 1527.49 988.269 20185.4 14940.6 371080 3326.08 4058.37 916.533 234.401 13486.2 17015.1 908.171 2655.37 3554.57 1039.38 10882.3 745.9 3510.45 802.677 538.437 1744 3185.25 1085.91 1034.39 694.43 662.723 1205.42 1960.85 3072.5 30425.2 173.62
internal_count=5635248 1026281 389497 636784 302061 45261 4608967 194433 591523 87436 33322 210936 91125 76765 23358 209273 78918 75237 4414534 523389 12650 22563 198569 56492 12506 510739 191828 49890 16577 10671 18745 10704 6788 195663 142752 3891145 17260 35443 7505 2095 64259 177173 7300 23406 27128 5857 107309 6725 26870 6701 3681 10788 22762 6684 6267 5822 4311 9964 16804 21725 318911 1668
is_linear=0
shrinkage=0.1


Tree=3
num_leaves=63
num_cat=0
split_feature=4 29 28 13 9 21 35 13 34 13 20 43 13 26 35 26 43 21 35 28 14 20 24 8 18 3 10 17 13 34 36 1 9 17 21 14 35 36 35 14 37 17 10 17 8 29 10 30 9 24 13 14 43 24 17 26 18 14 3 11 43 14
split_gain=1.18617e+06 93868.2 40596 21591.5 17087.8 8892.36 7379.47 30347.1 6881.75 4841.45 4207.47 3666.79 2734.36 13924.4 2937.54 2702.51 2419.35 2336.26 2334.68 1972.79 1584.6 1570.05 1599.3 1485.29 1390.24 1608.45 3278.55 1369.28 1344.41 1296.79 1227.5 1100.38 1060.74 1669.42 1041.88 1013.66 989.474 1530.11 977.883 968.438 857.892 819.765 748.043 746.146 704.949 639.685 630.956 589.239 576.633 510.752 461.602 459.586 433.73 426.042 418.763 404.59 400.714 394.213 1573.16 390.808 387.143 385.466
threshold=1.0000000180025095e-35 1.0000000180025095e-35 1.0000000180025095e-35 90.595520019531264 41.444372177124031 0.5313725769519807 -2.3244094848632808 51.520736694335945 26.500000000000004 44.25611877441407 99.80237197875978 0.9783390760421754 56.33012771606446 0.44949495792388922 -21.51833343505859 0.23611111193895343 0.97969490289688121 0.054093567654490478 -44.577196121215813 1.0000000180025095e-35 0.93750000000000011 98.124923706054702 7.5000000000000009 8.5000000000000018 1.0000000180025095e-35 13.500000000000002 87.841831207275405 7.5000000000000009 84.028984069824233 5.5000000000000009 6.5000000000000009 6.5000000000000009 43.288288116455085 5.5000000000000009 0.65942031145095836 0.31666667759418493 -42.217306137084954 6.5000000000000009 -2.4993858337402339 0.095454547554254546 7.1772003173828134 5.5000000000000009 79.337715148925795 5.5000000000000009 5.5000000000000009 1.0000000180025095e-35 73.20508193969728 1.0000000180025095e-35 58.898942947387702 9.5000000000000018 72.834224700927749 0.18333333730697635 0.42631272971630102 7.5000000000000009 4.5000000000000009 0.23611111193895343 91.905540466308608 0.81666666269302379 35.500000000000007 98.07621002197267 0.98255756497383129 0.18333333730697635
decision_type=2 2 2 2 2 2 2 2 2 2 2 10 2 2 2 2 10 2 2 2 2 2 2 2 2 2 2 2 2 2 2 2 2 2 2 2 2 2 2 2 2 2 2 2 2 2 2 2 2 2 2 2 10 2 2 2 2 2 2 2 10 2
left_child=6 4 9 10 5 -2 12 35 36 29 16 17 -1 14 24 27 20 -5 -15 31 32 22 34 30 25 26 -14 52 60 55 -10 -7 -4 42 47 -8 37 44 56 48 -13 -17 -34 46 -6 -30 -18 54 -35 -43 -9 -47 -11 -44 -19 -3 -36 -27 -59 -38 -16 -51
right_child=1 2 3 11 8 19 7 50 23 15 -12 40 13 18 28 41 43 21 -20 -21 -22 -23 -24 -25 -26 57 -28 -29 45 -31 -32 -33 33 39 38 -37 59 -39 -40 -41 -42 49 53 -45 -46 51 -48 -49 -50 61 -52 -53 -54 -55 -56 -57 -58 58 -60 -61 -62 -63
leaf_value=-0.11008740499283186 -0.079140095155978751 -0.014071136540173996 -0.10171871729980386 -0.11111911641453265 0.23552206272919568 0.20543262466469658 -0.099869085431153248 0.17205928797463627 0.19887494512371567 -0.10082801351097632 0.31056206901928629 0.22982899478775831 -0.080485757138438432 -0.066001764663456142 -0.052397726315517069 0.24548862977182884 0.045988424068863915 0.10063465066260427 0.25316822955507962 -0.0062945421057944567 0.13255169203836645 0.24148284849685009 0.16587431467967406 -0.064375167654534993 -0.10901014009246782 -0.10443481299135181 0.089833344026412687 -0.033430126066876557 0.30529555032913303 -0.073591349091981215 -0.050341072347840493 0.026340835887525713 -0.023279176081324092 0.0045727851097485733 0.050887996046236228 0.21766528656820494 0.24074918593100342 0.017384417138703527 0.13416280377126749 -0.07837734669539663 0.030739888839382792 0.21918942445712083 0.037887388181062742 0.0064364946597899545 0.1046427679887853 0.28806205317953965 0.21939610755787139 0.23835515035781879 0.25633378160683268 0.22914172286294343 0.24875063308278844 0.043980769470901113 0.17099936941676064 0.17554447830973849 -0.084948944823420303 0.16771016435192132 -0.021859756353577356 0.013167122679208563 -0.09292243442227148 0.25288215037986628 0.23163042959767394 0.088599850640848188
leaf_weight=295614.59532180429 2251.2676087990403 162.38198225945234 5077.1532039269805 546.17673342674971 3512.0450677126646 3635.7161383852363 17715.882974199951 1179.6789373680949 674.32781541347504 61.39460776746273 334.45035915076733 2797.9425693228841 4216.7397080510855 275.78277708590031 1682.3853489011526 12292.131580866873 453.75348822027445 3560.2027118131518 1356.3522797301412 597.02687751501799 424.97462027519941 739.66008496284485 2203.0485851168633 720.7221842110157 51983.378098487854 14349.089786112309 1544.0419967621565 502.23239963501692 135.69080562889576 682.4801979586482 279.58051706850529 378.82460568845272 2733.6449047848582 385.79115474224091 1282.8806035965681 101.10713849961758 36861.441678658128 410.41394653916359 763.62897411733866 9037.4023912549019 234.58704809844494 1512.4253788590431 971.01538061350584 1357.1383106485009 466.16946364194155 86.522450149059296 390.32345942407846 307.62722865492105 119.04832462966442 267.78830555826426 2344.8032526448369 711.6414855197072 1337.1152206361294 292.57308782637119 125.88671082258224 497.74167883396149 1847.7301191389561 1579.0496819093823 12173.578600302339 94883.787510387599 49.398867264389992 719.47653441876173
leaf_count=3388655 22767 1319 54956 5541 16136 18187 199459 6502 3737 522 1663 13992 47113 3009 18024 52334 3500 23218 7859 4900 2670 3792 12188 6731 594447 162707 12347 4317 741 6372 2369 3293 25106 3468 9405 559 155536 2842 4582 94602 1324 6821 7435 12221 2768 421 2417 1502 837 1238 10321 5653 7729 2061 1185 2830 14396 15329 135372 397518 449 3954
internal_value=-0.00451324 0.195782 0.0833025 0.0219339 0.237783 0.0837773 -0.102271 -0.0450304 0.245453 0.205755 -0.0413648 0.11672 -0.105438 -0.0901919 -0.0955289 0.220449 -0.0469056 0.090676 0.199238 0.16331 -0.0583799 0.100852 0.0905442 0.0439714 -0.0987391 -0.0829718 -0.0348357 0.108203 0.00785451 0.0230647 0.125832 0.188533 -0.0627384 -0.0481212 0.0695051 -0.0980672 0.247931 0.20122 0.0327003 -0.0708479 0.214428 0.234873 0.0061322 0.052352 0.220186 0.104565 0.126177 0.105393 0.0639416 0.182668 0.223081 0.0704396 0.159066 0.0697607 0.0942966 0.122994 0.00795126 -0.0928396 -0.0807414 0.249487 -0.0442959 0.126721
internal_weight=605793 198693 54021.8 35986.6 144671 6862.84 407100 21341.5 137808 18035.2 21577.3 14409.4 385758 90143.7 88511.5 16692.6 21242.8 11376.8 1632.14 4611.57 19041.6 10830.7 10091 1674.63 85845.9 33862.5 5760.78 1900.74 2665.64 1342.6 953.908 4014.54 18616.6 13539.5 7887.96 17817 136134 4388.63 3894.24 9542.24 3032.53 14791.8 3997.23 2201.22 3978.21 933.855 844.077 3993.72 504.839 2499.69 3524.48 798.164 1398.51 1263.59 3686.09 660.124 3130.61 28101.7 13752.6 131745 1731.78 987.265
internal_count=5635248 1026281 389497 302061 636784 49147 4608967 216841 587637 87436 210936 91125 4392126 1003471 992603 76915 209273 75809 10868 26380 191135 70268 66476 12837 967315 372868 59460 12568 25288 10521 6106 21480 188465 133509 54288 200018 574800 21746 28383 98907 15316 64347 34602 18138 18904 6815 5917 25905 4305 12013 16823 6074 8251 9496 24403 4149 23801 313408 150701 553054 18473 5192
is_linear=0
shrinkage=0.1


Tree=4
num_leaves=63
num_cat=0
split_feature=31 29 28 31 12 19 17 29 19 12 31 26 10 29 20 26 34 31 12 19 29 20 21 41 21 17 10 7 9 10 14 17 41 24 18 17 44 26 21 41 28 8 0 14 9 26 41 25 12 17 8 19 29 34 31 9 14 41 41 14 26 38
split_gain=997864 52939.2 25051.2 19825.4 23204.9 21630.6 14573.5 5504.91 4059.55 3801.43 4901.64 2415.44 2252.37 2069.3 1713.48 1687.93 1646.7 1630.27 2432.42 8786.72 1435.83 1391.48 1681.11 1349.28 1159.35 1080.52 1054.3 1997.61 1051.37 948.073 917.103 872.982 868.091 833.399 833.289 778.517 869.333 658.179 641.671 618.741 606.506 591.539 563.033 539.876 537.925 514.607 466.987 453.673 451.031 434.49 430.98 424.379 416.503 408.539 612.255 403.527 400.119 391.679 387.68 434.571 385.721 381.222
threshold=0.03377801179885865 1.0000000180025095e-35 1.0000000180025095e-35 -0.070855408906936632 57.359306335449226 65.133895874023452 4.5000000000000009 1.0000000180025095e-35 97.969490051269545 52.73088455200196 0.13531848043203357 0.23611111193895343 76.028167724609389 1.0000000180025095e-35 99.80237197875978 0.23611111193895343 44.500000000000007 -0.16374940425157544 60.158729553222663 81.019149780273452 1.0000000180025095e-35 98.006622314453139 0.65942031145095836 0.73214286565780651 0.048809524625539787 8.5000000000000018 83.75235748291017 4.5000000000000009 89.386734008789077 86.319076538085952 0.93750000000000011 4.5000000000000009 0.88194444775581371 7.5000000000000009 91.905540466308608 8.5000000000000018 0.98739472031593334 0.21111111342906955 0.43874999880790716 1.0000000180025095e-35 1.0000000180025095e-35 6.5000000000000009 0.47210127115249639 0.2264957278966904 37.089946746826179 0.38750000298023229 0.45000000298023229 8.5000000000000018 60.943256378173835 4.5000000000000009 12.500000000000002 98.830371856689467 2.5000000000000004 22.500000000000004 0.13531848043203357 82.426471710205092 0.93750000000000011 0.35416667163372045 0.45000000298023229 0.58571431040763866 0.23611111193895343 26.500000000000004
decision_type=8 2 2 10 2 2 2 2 2 2 10 2 2 2 2 2 2 10 2 2 2 2 2 10 2 2 2 2 2 2 2 2 10 2 2 2 2 2 2 8 2 2 2 2 2 2 8 2 2 2 2 2 2 2 8 2 2 8 10 2 2 2
left_child=3 9 11 17 -5 13 8 44 12 10 39 25 28 26 23 31 53 -1 -19 42 -21 22 24 35 -14 55 -6 41 -4 32 -25 -9 -13 43 -24 36 48 52 -12 61 -17 -28 45 -34 -7 -20 -22 -10 -8 -42 -18 -49 -26 -11 -55 -3 -35 -40 -50 -60 -15 -2
right_child=1 2 6 4 5 7 14 15 47 16 38 29 21 60 -16 40 50 18 19 20 46 -23 34 30 37 -27 27 -29 -30 -31 -32 -33 33 56 -36 -37 -38 -39 57 -41 49 -43 -44 -45 -46 -47 -48 51 58 -51 -52 -53 -54 54 -56 -57 -58 -59 59 -61 -62 -63
leaf_value=-0.10818058270810614 0.11661609789395509 0.063319131578595284 -0.033192724624657548 -0.10136122749468415 -0.060352164303521895 0.0010795679863881867 -0.057584033277139748 0.064605993474746187 0.21614332105381964 0.21540079020691622 -0.032970656553292586 0.20172844186876465 -0.11141863621403846 -0.10738884123447921 0.27193027911747397 0.21192798891381553 0.11978550973762603 -0.10707675742835182 -0.090127947428123745 0.22342552581492914 0.22835691288078119 0.21566430434158762 0.080232625200726354 -0.074536229643560464 0.10496966872117799 -0.045584973183644295 0.13934464390479279 -0.063723467949552248 0.26843625768033136 0.21585201259699638 0.12362993679328099 -0.052536960637798252 -0.086867304091735251 0.05727503648229311 0.0035377798291671802 -0.028783556382584525 0.32371584568480172 0.16763157101551274 0.23042838044554018 -0.087058438631414728 0.14721915681159756 0.018657254117293697 -0.011548108330661021 0.19590430615229554 0.22028113830735874 0.094142201895105457 0.0032854995151313602 0.073406507260636175 0.22109812254668493 0.010045368039580997 -0.08740057628776382 0.20617645710492691 -0.053569123488231021 0.087050220789459273 0.21946126897336096 0.16446373949127802 0.37402097324621608 0.129060757860186 -0.041078471634874568 0.57474547860224523 0.038956114795053391 -0.040896651631257545
leaf_weight=300942.47109854221 336.99429002404213 664.08969476819038 2341.3849796801805 24253.328772641718 2689.9208862185478 114.30146892368793 233.68905811756849 1483.2538213953376 2304.9322132617235 138498.09025684744 113.40179211646318 2948.7008772715926 220.28841575980186 4799.9958735927939 162.28952465951443 725.50872363895178 193.38433649390936 24077.944381140172 13495.855968184769 1096.0300790965557 109.65502967685461 779.21721900999546 2609.5613600462675 9709.8689567521214 3709.139525577426 492.31333360821009 1126.0280705615878 1415.6358696073294 121.55983720719814 10233.502260029316 239.29437856376171 1113.9391650408506 71.511503919959068 1288.1726268455386 3099.0179589167237 1116.3127360716462 144.65699397772551 2076.8423847109079 1933.094459168613 836.48607968539 559.15093524754047 635.23616854846478 1034.727682583034 1209.1992604583502 5448.0809270888567 153.27457980811596 578.65370686352253 522.3984801992774 184.39066902548075 393.34112518280745 208.80927795171738 446.51672621816397 173.45885152369738 621.38621006906033 797.24349927902222 971.45666230469942 41.155202552676201 474.80691643804312 145.20882610231638 12.440784670412539 187.12271089851856 282.43206889927387
leaf_count=3761299 2383 4753 22698 295669 29059 773 2408 11002 9653 559590 926 12917 2175 57769 745 3196 1156 301293 163915 5601 803 3983 16496 106007 22582 4365 7715 14507 625 41453 1322 11371 468 6403 21833 10502 1163 10697 8243 8050 3645 5323 11026 4961 23323 1473 5621 2950 1423 3374 2070 1969 1059 3452 3377 4580 214 2458 1333 112 1684 2253
internal_value=-0.00475463 0.181214 0.0905631 -0.0974272 -0.034993 0.0427997 0.0352107 0.150196 0.0910416 0.21154 0.115132 0.184317 0.0691951 -0.0545397 -0.0507885 0.0648693 0.214273 -0.105644 -0.0868206 -0.0572042 0.152338 0.0862079 0.0777226 -0.0552323 0.113865 0.0842992 -0.0142827 0.0247249 -0.0183057 0.197794 -0.06977 0.0143632 0.164549 0.122545 0.0385973 0.0235168 0.104562 0.122193 0.199492 -0.0309598 0.143042 0.0958163 -0.0826672 0.180115 0.215777 -0.0880587 0.0391418 0.192008 0.0494972 0.0905719 0.0122195 0.134592 0.0978868 0.214854 0.161463 0.123395 0.0670813 0.21044 0.122657 0.00751875 -0.101898 0.044797
internal_weight=579002 192569 48272.6 386433 44944.8 20691.5 30352.5 9837.58 18404.3 144296 3977.22 17920.1 15130.5 10853.9 11948.2 4275.19 140319 341489 40546.1 16468.2 1784.34 12667.5 11888.3 11785.9 6179.73 2127.86 5866.82 3176.9 2462.94 15792.2 9949.16 2597.19 5558.74 2610.04 5708.58 1836.7 720.386 5959.44 2521.3 1455.91 1678 1761.26 14683.9 1280.71 5562.38 13649.1 688.309 3273.85 575.729 952.492 402.194 968.915 3882.6 139917 1418.63 1635.55 1329.33 2407.9 342.04 157.65 4987.12 619.426
internal_count=5635248 915807 321849 4719441 468410 172741 241735 56684 116720 593958 24313 80114 102148 116057 125015 32588 569645 4251031 489732 188439 12025 78825 74842 124270 36513 13698 56604 27545 23323 66416 107329 22373 24963 12046 38329 16941 6439 34338 11627 12686 10215 13038 176414 5429 24096 165388 6424 14572 5276 7019 3226 4919 23641 566419 6829 9333 6617 10701 2868 1445 59453 4636
is_linear=0
shrinkage=0.1


Tree=5
num_leaves=63
num_cat=0
split_feature=31 29 28 31 9 19 17 29 31 9 19 19 26 13 29 19 26 20 21 19 13 19 10 13 3 10 18 3 41 18 9 41 24 41 10 24 30 26 41 11 29 28 19 41 20 38 10 19 41 11 44 9 20 43 11 41 41 10 19 13 41 11
split_gain=832115 45162.2 20564.4 15711.9 18504.9 18801.9 11937.8 4176.84 3563.16 5156.82 3385.65 2805.26 2091.32 2042.07 1953.68 1590.74 1349.15 1168.94 1462 1204.24 1056.17 6116.08 919.658 888.114 862.899 1144.32 766.174 1465.64 735.738 733.875 715.779 648.483 637.225 636.917 665.855 610.542 576.171 554.375 519.018 488.07 486.783 477.635 473.298 623.563 463.077 461.687 436.558 426.316 393.045 375.964 416.067 459.94 368.604 365.57 363.584 363.202 341.197 407.763 339.076 2596.03 485.084 347.835
threshold=0.023559764027595523 1.0000000180025095e-35 1.0000000180025095e-35 -0.089956864714622484 47.124916076660163 59.585212707519538 4.5000000000000009 1.0000000180025095e-35 0.099579155445098891 43.792808532714851 97.833908081054702 49.890829086303718 0.23611111193895343 59.053649902343757 1.0000000180025095e-35 98.092205047607436 0.23611111193895343 97.81815338134767 0.65942031145095836 47.84466743469239 86.72955703735353 75.44385147094728 85.270011901855483 86.526824951171889 18.500000000000004 81.120250701904311 1.0000000180025095e-35 27.500000000000004 0.35416667163372045 91.905540466308608 52.851875305175788 0.88194444775581371 7.5000000000000009 1.0000000180025095e-35 85.270011901855483 8.5000000000000018 1.0000000180025095e-35 0.10555555671453477 0.80909091234207164 45.222154617309577 1.0000000180025095e-35 1.0000000180025095e-35 96.437637329101577 0.35416667163372045 99.333301544189467 34.500000000000007 95.101959228515639 60.479471206665046 0.80909091234207164 98.07621002197267 0.73357313871383678 43.288288116455085 81.848690032958999 0.41399715840816503 63.702239990234382 0.26785714924335485 0.35416667163372045 87.298336029052749 97.68778228759767 52.419982910156257 0.73214286565780651 89.825496673583999
decision_type=8 2 2 10 2 2 2 2 8 2 2 2 2 2 2 2 2 2 2 2 2 2 2 2 2 2 2 2 10 2 2 10 2 10 2 2 2 2 10 2 2 2 2 10 2 2 2 2 10 2 2 2 2 8 2 10 10 2 2 2 10 2
left_child=3 8 12 20 42 14 10 -7 9 55 13 45 23 -4 24 28 33 18 19 -15 58 26 31 38 25 -6 27 46 30 -20 -8 47 39 -9 -35 -17 -12 -21 -3 -33 -23 -18 -5 -44 -30 -11 -22 -14 -37 50 51 -10 -39 -27 -45 -2 -43 -58 -1 -60 -61 -62
right_child=1 2 6 4 5 7 15 16 49 11 36 -13 22 17 -16 35 41 -19 29 37 21 40 -24 -25 -26 53 -28 -29 44 -31 -32 32 -34 34 -36 48 -38 52 -40 -41 -42 56 43 54 -46 -47 -48 -49 -50 -51 -52 -53 -54 -55 -56 -57 57 -59 59 60 61 -63
leaf_value=-0.10792957358005179 0.019334147449270145 0.089011805298254393 -0.057819375010234875 -0.10451216552675929 -0.050205605058691288 0.19314055807488623 -0.035893357573040123 0.16811153103629639 -0.014189534305417695 0.070956095480447567 0.17299229660041815 0.18978528238067857 -0.087764903564701055 -0.087393241408683153 -0.10446837128566087 0.14550451365419845 0.19411683398196131 0.17376283369884848 0.061618495210678796 0.079117213745757128 -0.069099746675421625 0.22040281343687984 0.19138644118061221 0.14390073255102598 -0.063411708576070785 -0.089853308511461019 -0.10752906642640646 -0.08889769700751711 -0.070849117319040616 -0.0065405301025119548 0.14902311471814653 -0.090221608028619379 0.056225199804885828 -0.049621437961176323 0.062251168549693398 0.096957363433373328 -0.014328789797804884 0.17775501326451501 -0.039435737400947406 0.170645028096231 0.063883533832330613 0.23047433573117676 -0.013289927743429165 -0.10145568342547139 0.29017690823145931 -0.055084512875485409 0.048668901526540201 0.17806267418569743 -0.06688758572870683 0.19495050441455772 0.18465191371072243 0.16272282171702523 0.10098643211532743 0.071914887688731291 0.19358112994625892 -0.079001299260988533 -0.0056961784815630599 0.14318098029489465 -0.10167956293327768 0.22907591645573513 -0.011119355745781066 0.21379114080312364
leaf_weight=261033.73550275713 638.72572512924671 556.1084655970335 1411.3501784205437 22370.274440228939 1737.7178814709187 5198.5634695291519 677.28841079026461 234.10701877623796 217.96741522848606 1101.5584070682526 3453.0926288291812 6402.7581062242389 61.570414774119854 358.0028917491436 5000.7518131509423 503.31632979959249 667.63569306582212 977.93465149402618 2984.2962310388684 4336.3088101446629 440.01484628766775 603.18043534457684 10572.43455517292 951.61913147568703 2834.5915201380849 150.75868040323257 20169.211552239954 10909.411818809807 9892.7084406018257 3356.3458939194679 302.9651590436697 76.260671637952328 1326.2136473283172 1342.7731661945581 881.14832911640406 240.01343369483948 172.39996243268251 1214.2822524979711 724.30562972277403 1204.7504684627056 296.31266763806343 132.12432111799717 1398.4652974009514 2487.0580562874675 35.656491905450821 394.77231954783201 1105.7671884596348 2994.0656281560659 375.42907570302486 99672.88858332485 37205.433418467641 451.06895300745964 1289.7941000014544 1903.7300266474485 42.482254415750504 911.76744718104601 441.67640816420317 315.30665449798107 10370.099714167416 223.35190090537071 285.61179877817631 90.567514151334763
leaf_count=3580983 5169 3661 15021 299147 20139 22404 6955 1482 1717 5605 14887 25920 472 3686 65800 2481 2899 4958 18986 26088 5003 2574 42314 4165 32705 1603 275878 142754 114770 24622 2209 602 6502 13951 6290 1837 879 5971 6319 4852 2263 864 17028 31410 194 3625 10398 12613 3481 399549 150576 1828 6784 14292 224 9065 3717 1770 138294 1011 1622 380
internal_value=-0.00488528 0.159712 0.077665 -0.0968508 -0.0431147 0.0272667 0.0286476 0.13397 0.187647 0.128247 0.0768666 0.160976 0.16149 0.0570146 -0.057282 -0.0497457 0.0573529 0.0681789 0.0605525 0.0913935 -0.105142 -0.0883941 0.173968 0.0707316 -0.021674 0.00952406 -0.0954864 -0.0759852 -0.0613922 0.0255393 0.0212584 0.141448 0.104813 0.0112197 -0.00529597 0.0638157 0.164085 0.100751 0.0163515 0.155115 0.168842 0.130195 -0.0988906 -0.0668756 -0.0695525 0.0377032 0.0151454 0.172706 -0.00299049 0.191728 0.183246 0.105086 0.138213 0.0600443 -0.0965007 -0.038492 0.0821963 0.0563157 -0.107206 -0.0899826 0.11234 0.0430292
internal_weight=549712 197045 50048.5 352666 47139.2 20840.9 31581.2 9213.34 146997 9449.58 19553.8 7899.09 18467.3 15928.3 11627.5 12027.4 4014.77 14517 13539 7198.39 305527 33523.9 16235.3 2232.03 6626.8 3792.21 32624.4 12455.2 10908.6 6340.64 980.254 5662.86 2607.22 2458.03 2223.92 1118.76 3625.49 6840.39 1280.41 1281.01 899.493 1556.74 26298.3 3928.01 9928.36 1496.33 1545.78 3055.64 615.443 137547 37874.5 669.036 2504.08 2054.49 2529.54 1550.49 889.107 756.983 272003 10969.6 599.531 376.179
internal_count=5635248 938363 335309 4696885 535725 187916 253809 53377 603054 49384 121882 35150 81500 106116 134539 131927 30973 91095 86137 42529 4161160 438870 67355 14145 68739 36034 434033 158155 124128 43608 9164 25041 11956 21723 20241 7799 15766 38843 9980 5454 4837 9250 347809 48662 114964 9230 15401 13085 5318 553670 154121 3545 12755 15895 31634 14234 6351 5487 3722290 141307 3013 2002
is_linear=0
shrinkage=0.1


Tree=6
num_leaves=63
num_cat=0
split_feature=31 29 28 31 12 19 17 12 31 29 19 17 29 13 34 19 13 19 26 36 3 12 45 18 3 8 26 41 11 21 37 43 43 13 41 41 12 25 26 29 17 28 25 24 19 31 12 41 34 10 36 19 12 41 11 10 8 13 19 26 21 17
split_gain=704083 37937.4 16641 15088.5 16740.1 15335.7 9569.43 3951.25 3910.13 3446.85 2734.74 1852.79 1811.76 1702.84 1647.57 1344.43 1082.9 5244.73 968.32 941.63 1235.21 864.554 855.644 804.951 1351.83 750.75 680.351 677.955 638.893 609.566 625.48 628.631 597.099 542.184 532.014 481.012 542.613 479.458 458.434 451.628 432.537 410.542 402.18 395.785 375.026 926.564 370.683 432.615 359.749 356.835 351.166 344.537 2551.42 626.606 416.267 343.321 422.101 342.132 336.236 330.666 325.326 317.261
threshold=0.023559764027595523 1.0000000180025095e-35 1.0000000180025095e-35 -0.089956864714622484 57.359306335449226 65.720993041992202 4.5000000000000009 54.72370910644532 0.13531848043203357 1.0000000180025095e-35 97.969490051269545 8.5000000000000018 1.0000000180025095e-35 82.097072601318374 26.500000000000004 98.092205047607436 86.72955703735353 73.19250869750978 0.11805555596947671 7.5000000000000009 35.500000000000007 68.457099914550795 0.99999985098838817 1.0000000180025095e-35 27.500000000000004 7.5000000000000009 0.23611111193895343 0.6904762089252473 90.366767883300795 0.054093567654490478 1.0000000180025095e-35 0.9783390760421754 0.97969490289688121 51.520736694335945 1.0000000180025095e-35 0.63333335518836986 46.049896240234382 9.5000000000000018 0.23611111193895343 1.0000000180025095e-35 2.5000000000000004 1.0000000180025095e-35 9.5000000000000018 7.5000000000000009 53.218408584594734 0.11745354533195497 48.834688186645515 0.63333335518836986 6.5000000000000009 95.101959228515639 7.5000000000000009 97.68778228759767 62.622549057006843 0.63333335518836986 84.889995574951186 86.319076538085952 4.5000000000000009 38.529016494750984 99.052112579345717 0.23611111193895343 0.77097901701927196 8.5000000000000018
decision_type=8 2 2 10 2 2 2 2 10 2 2 2 2 2 2 2 2 2 2 2 2 2 2 2 2 2 2 10 2 2 2 10 10 2 8 8 2 2 2 2 2 2 2 2 2 8 2 8 2 2 2 2 2 8 2 2 2 2 2 2 2 2
left_child=3 7 11 16 -5 12 10 8 34 57 13 21 19 28 44 27 51 23 32 20 55 -3 29 24 49 50 -13 33 46 -15 31 43 40 -8 48 -10 -37 -17 -23 -19 -11 -20 -12 -31 45 -9 -4 -48 -2 -18 -16 -1 -53 -54 -55 -6 -57 -7 -44 -14 -45 -35
right_child=1 2 6 4 5 9 15 14 35 18 42 26 59 22 25 37 17 39 41 -21 -22 38 -24 -25 -26 -27 -28 -29 -30 30 -32 -33 -34 61 -36 36 -38 -39 -40 -41 -42 -43 58 60 -46 -47 47 -49 -50 -51 -52 52 53 54 -56 56 -58 -59 -60 -61 -62 -63
leaf_value=-0.1069854359336357 0.075396003994182587 0.078200068245392024 -0.095387706699658112 -0.099476665435953307 -0.010162777488266985 0.013586980415062786 -0.052825765570782626 0.070760904135690444 0.17038319226452298 0.035236331317140233 0.16769936864965249 -0.045876350402092758 -0.10524333518697636 -0.10632898682781092 0.14521351089621568 0.11594729312248356 -0.065951488453026036 0.1945185804436238 0.16559351306047437 -0.070155934607326983 -0.076827561700739386 0.11061962573621276 0.026783607340420058 -0.10675975583663473 -0.086557666088767971 -0.046102844053894476 0.088273359586419256 -0.069824653990035165 0.12601841990569859 0.069229687668327308 0.019016304967549923 0.15882005310091951 0.14491290972276868 0.12399146874748601 -0.082079516036609235 -0.067302157161691661 0.1487407631897337 -0.014135942833240531 0.16895800888678769 0.049372872621762834 -0.054818270652600601 0.065357272756228796 0.044182313826058008 0.14387710783729393 0.17573228632675025 0.17501535666072687 0.089266898665768757 -0.028832483185609565 -0.067464957426623715 0.042149591219753771 -0.04871989049241305 -0.10216604158079641 0.22817608841392892 -0.02609293985278472 0.1795603035146783 0.12030649652842047 0.029356288989004466 0.17450695669030097 0.1764042604115334 0.029998405518212104 0.028334963653524045 -0.0019279462058742548
leaf_weight=238171.03663273901 522.73898422718048 1300.2596250921488 648.67835627496243 23477.886863090098 913.12139760702848 135.54216329008341 944.27255205065012 1191.6184422895312 2448.0808335915208 1062.4310679510236 2609.553723551333 495.29765512049198 4695.5119677707553 167.76319739222527 654.48851852864027 615.4446974620223 416.17484569549561 625.23610889166594 697.707359790802 2414.787238791585 1235.8392895460129 1495.0517984479666 3878.5818198546767 18384.60256446898 10124.605089738965 443.00242441147566 1597.0920652300119 8627.5410805493593 293.73984943330288 4965.6589439064264 1211.3907971903682 1332.9630457535386 281.7768641859293 387.78269522637129 1022.8060134500265 195.58533055335283 286.61920783668756 525.0748393908143 13602.287528246641 326.22801249474287 1070.9972353950143 986.13204506039619 569.41893718391657 1456.4718920961022 135283.26742832363 2995.381558150053 369.93725277483463 1920.0076693594456 265.94335693866014 1146.7594698965549 108.90669337660074 9396.3102115765214 230.3403050750494 367.62913731485605 134.40885700285435 807.10399471968412 1387.5192164182663 5235.2688292562962 290.41576004773378 188.02690600603819 292.65588671714067 413.40869369357824
leaf_count=3580983 3441 6818 8030 340474 10409 1013 10313 5599 10200 7676 10664 4525 67767 2040 2981 3209 5003 2621 2957 28985 15685 7586 24329 275625 142754 4001 7528 106902 1698 28886 6774 6568 1529 2973 10787 1242 1260 4590 55043 2469 12111 6845 2889 6874 548198 12061 3182 17349 2492 10398 792 137186 1088 2470 563 5373 11069 22025 1180 1807 1419 3940
internal_value=-0.00495199 0.144949 0.0698185 -0.0953931 -0.0413742 0.0232402 0.0256382 0.170787 0.0810034 0.11774 0.0674362 0.145135 -0.0536284 0.0505025 0.173814 -0.0469948 -0.104016 -0.0864014 0.048681 -0.0200945 0.00773691 0.156442 0.0663184 -0.093715 -0.0731954 0.0574528 0.0565183 -0.0583257 -0.0146007 0.0825845 0.0860073 0.0960912 0.0080983 -0.00148797 -0.0344914 0.152402 0.0611123 0.0560593 0.163181 0.144753 -0.00997176 0.106891 0.148156 0.0836388 0.17482 0.145345 -0.0286567 -0.0097537 0.0272233 0.0133647 0.117547 -0.106217 -0.0881539 0.0916195 0.0289659 0.0413652 0.0628045 0.170446 0.0888413 -0.100036 0.124545 0.059018
internal_weight=519342 195429 50010.8 323913 44589.7 21111.8 31520.8 145418 4741.77 9469.86 20007.2 18490 11641.9 16537.8 140677 11513.5 279323 31023.6 4099.04 6758.37 4343.58 16397.6 13305.5 30072.1 11687.5 1206.4 2092.39 10373 3232.36 9426.9 9259.14 8047.75 2415.21 1745.46 1811.49 2930.29 482.205 1140.52 15097.3 951.464 2133.43 1683.84 3469.39 6714.79 139470 4187 2938.62 2289.94 788.682 1562.93 763.395 248300 10128.7 732.378 502.038 3107.74 2194.62 5370.81 859.835 4883.54 1749.13 801.191
internal_count=5635248 938363 335309 4696885 535725 195251 253809 603054 29422 54156 121882 81500 141095 107149 573632 131927 4161160 438870 31118 71521 42536 69447 76890 433780 158155 7774 12053 124128 30259 52561 50521 43747 21316 17226 16720 12702 2502 7799 62629 5090 19787 9802 14733 37179 565858 17660 28561 20531 5933 15401 3773 3722290 141307 4121 3033 26851 16442 23038 4069 69574 8293 6913
is_linear=0
shrinkage=0.1


Tree=7
num_leaves=63
num_cat=0
split_feature=4 29 28 13 12 13 19 34 34 29 13 19 19 26 41 18 3 10 26 12 41 14 41 19 10 8 14 19 17 19 25 14 36 19 45 13 14 7 17 7 19 7 36 17 17 25 41 37 44 7 17 7 12 19 41 12 14 41 25 14 43 41
split_gain=591840 40031.4 16000.6 8884.7 8273.57 6549.83 22851.9 3281.11 3175.21 2960.41 2307.23 2209.86 2143.22 2088.62 1817.12 1629.4 1342.71 1851.15 1236.49 1208.28 1661.88 1239.1 1126.15 1043.16 957.331 948.116 941.393 938.554 928.343 923.113 892.675 770.438 709.032 650.51 619.914 607.508 593.218 2137.24 1163.15 749.318 591.827 1063.51 774.289 544.8 506.022 473.196 452.413 431.93 427.048 416.386 396.407 379.943 1543.1 374.018 1267.27 1290.19 789.082 367.899 540.983 378.823 361.158 343.496
threshold=1.0000000180025095e-35 1.0000000180025095e-35 1.0000000180025095e-35 89.417694091796889 52.277431488037116 52.419982910156257 81.019149780273452 23.500000000000004 6.5000000000000009 1.0000000180025095e-35 84.028984069824233 97.833908081054702 97.833908081054702 0.26136364042758947 0.18333333730697635 1.0000000180025095e-35 10.500000000000002 82.972846984863295 0.31666667759418493 53.001201629638679 0.6904762089252473 0.93750000000000011 0.45000000298023229 47.84466743469239 79.337715148925795 8.5000000000000018 0.13392857462167743 49.890829086303718 4.5000000000000009 61.181842803955085 7.5000000000000009 0.2264957278966904 7.5000000000000009 98.830371856689467 0.9376225769519807 73.375530242919936 0.73214286565780651 9.5000000000000018 1.0000000180025095e-35 2.5000000000000004 55.705244064331062 1.5000000000000002 5.5000000000000009 8.5000000000000018 5.5000000000000009 4.5000000000000009 0.53571429848670971 1.0000000180025095e-35 0.98739472031593334 1.5000000000000002 5.5000000000000009 1.0000000180025095e-35 99.333332061767592 97.575668334960952 0.45000000298023229 52.73088455200196 0.31666667759418493 0.76388889551162731 9.5000000000000018 0.31666667759418493 0.97572755813598644 0.80909091234207164
decision_type=2 2 2 2 2 2 2 2 2 2 2 2 2 2 10 2 2 2 2 2 10 2 10 2 2 2 2 2 2 2 2 2 2 2 2 2 2 2 2 2 2 2 2 2 2 2 10 2 2 2 2 2 2 2 10 2 2 10 2 2 10 10
left_child=5 4 10 11 8 53 13 40 14 51 18 19 23 15 45 16 17 -7 61 -4 43 44 -11 -5 -24 32 -25 -15 34 -20 -13 46 49 -32 47 -29 -18 38 39 -38 41 42 -6 48 -22 -2 -16 60 -21 -9 -12 -8 -53 -1 55 -55 -56 -31 59 -59 -28 -3
right_child=1 2 3 12 7 6 9 25 -10 22 50 30 -14 27 31 -17 36 -19 29 20 21 -23 24 26 -26 -27 28 35 -30 57 33 -33 -34 -35 -36 -37 37 -39 -40 -41 -42 -43 -44 -45 -46 -47 -48 -49 -50 -51 -52 52 -54 54 56 -57 -58 58 -60 -61 -62 -63
leaf_value=-0.10625711405578581 0.0086157144624379508 0.051740851588972916 -0.098161758856694148 -0.090264630880715624 0.16443049719669212 -0.074929623306257354 0.17002201562273661 0.1505383156151526 -0.084466591595160179 0.16564412402428508 0.15852674377178974 0.13429464358488671 0.1440781109873438 -0.082785437341718726 0.041858478831155191 -0.10494601665277942 -0.098405077270067073 0.063668072535237624 -0.094158628714447856 0.054343275863436173 -0.021947318117567151 0.10036820766505612 -0.057132091739292623 0.25930447357930547 0.06280160845714787 -0.05331073631474146 0.071854190173192417 0.0062696359711603526 -0.077120441310687876 0.13797507229623682 -0.03991485925098489 0.25424362095380565 -0.052709201428804864 0.11589710968340455 0.026229504307955849 0.18899566241193752 0.26552702761559027 -0.084122782210639582 -0.070082074148588705 0.05846704301178747 0.16249181253628125 0.010405046215819024 0.023077668324910369 -0.02414428889495537 -0.072678398768465852 0.14776218112159789 -0.07882503168635159 0.015570902239109835 0.19265317773466303 0.030710296403897698 0.062665476946815152 -0.10749665258590678 0.16717997341961541 -0.042011399120867238 -0.10482560417947354 0.21595766784485038 0.16079984181276552 -0.047745240182940837 0.031953034531723594 0.13525274110920654 0.13101574854660722 -0.047167880261612949
leaf_weight=204250.3356808126 273.69691567122936 658.97039439529181 3629.2308881804347 511.57061562687159 3070.2382092177868 2405.466625213623 3060.0180719308555 971.91109324991703 1592.4632912650704 473.14887437596917 11388.961281426251 922.0709693133831 2923.074547894299 375.44638289883733 521.04942287504673 38034.465990699828 11290.347015988082 1607.7787072136998 226.75908017903566 1247.9215000942349 2758.3067278712988 520.08237874507904 1440.2197752445936 222.30264361202717 1237.3462954685092 711.76879960298538 5999.4560025706887 316.99221558868885 535.91169093549252 2708.4631002247334 917.73579586297274 102.89916127175093 309.13655402511358 378.44209410250187 4266.5437560304999 427.09917926043272 220.50965896248817 9732.1725696101785 629.74167634546757 842.62484783679247 133654.90256284177 685.27465329319239 443.49740672856569 770.39820394665003 6846.4315971285105 2283.0249021500349 769.17860975116491 1130.5251477733254 271.87425063550472 413.30396541208029 448.35668951272964 267.865209531039 864.97975923866034 1509.715848211199 9601.052147436887 222.43744136020541 113.15434463322163 121.97075076401234 1107.2217418700457 1559.1125876307487 1246.1882722228765 751.57986424863338
leaf_count=3362442 2170 4589 52808 6640 12738 36377 13444 4410 20224 2879 47129 4240 11924 5516 3924 620348 178937 12480 2488 9549 25451 2839 17769 970 8300 7164 32286 3522 6103 11752 7978 460 2778 2084 25536 2511 1659 143135 9073 7757 556827 3313 2643 7698 92073 10854 7182 6282 1770 2097 2090 2378 3589 23086 151431 1799 535 837 5248 6424 5830 6879
internal_value=-0.00497697 0.127321 0.0538309 0.0138364 0.154575 -0.0964986 -0.0706574 0.15931 0.034739 0.096667 0.127823 -0.034471 0.0662382 -0.0893082 0.0827991 -0.0916491 -0.0727279 -0.0194049 0.0829013 -0.0474054 -0.032568 -0.0499688 0.0234229 0.0498837 -0.0017088 0.0435403 0.0552337 0.0461135 0.0517914 0.103569 0.0590818 -0.00908656 0.0842259 0.0055772 0.0572558 0.111152 -0.0821488 -0.0660841 0.0376185 0.101414 0.16133 0.124364 0.146589 0.0443599 -0.0581094 0.132867 -0.0300879 0.0730596 0.0790854 0.114785 0.154896 0.151706 0.102232 -0.105271 -0.0876811 -0.00888386 -0.101732 0.111726 0.0862279 0.121975 0.0820295 -0.000960433
internal_weight=488795 199872 54069.5 35098.1 145802 288923 73226.2 140260 5542.31 7343.58 18971.4 18262.5 16835.6 65882.6 3949.85 64763.1 26728.6 4013.25 7134.08 16044.2 12415 10124.8 3150.71 13912.5 2677.57 2406.12 13400.9 1119.54 13178.6 5723.53 2218.25 1393.13 1694.35 1296.18 12642.7 744.091 22715.4 11425 1692.88 1063.13 137854 4199.01 3513.74 2290.19 9604.74 2556.72 1290.23 8376.17 1519.8 1385.22 11837.3 4192.86 1132.84 215697 11446.4 1732.15 9714.21 5496.77 2788.31 1681.08 7245.64 1410.55
internal_count=5635248 1026281 389497 302061 636784 4608967 1069674 591970 44814 48359 87436 206490 95571 1021315 24590 1009766 389418 48857 38217 192188 139380 120363 28948 83647 26069 16449 77007 11549 76037 26749 14302 11566 9285 10062 69934 6033 340561 161624 18489 9416 575521 18694 15381 19017 117524 13024 11106 44398 11319 6507 49219 19411 5967 3539293 176851 24885 151966 24261 12509 7261 38116 11468
is_linear=0
shrinkage=0.1


Tree=8
num_leaves=63
num_cat=0
split_feature=31 29 31 12 19 28 17 12 29 31 19 29 17 19 31 12 20 20 43 26 21 41 37 19 41 21 12 3 36 14 30 39 40 30 3 25 17 14 41 34 17 41 12 38 14 11 17 12 29 28 26 19 8 38 30 21 11 43 41 19 43 42
split_gain=518712 29378.2 13995.6 14136.5 11786.3 11458.6 6281.9 3031.75 2905.5 2841.75 1963.74 1749.41 1596.75 1283.72 1528.58 1032.42 1006.66 914.274 902.603 893.014 858.95 857.688 831.659 1700.95 822.999 753.727 747.592 745.489 924.287 682.557 635.957 559.647 812.715 581.469 526.628 576.127 524.24 509.131 473.034 447.138 442.624 426.612 977.33 415.049 412.17 408.144 401.937 390.85 369.968 364.202 348.709 342.031 341.688 324.648 309.101 305.127 297.668 296.814 293.698 592.367 291.963 314.383
threshold=0.023559764027595523 1.0000000180025095e-35 -0.10303979367017745 55.646631240844734 60.479471206665046 1.0000000180025095e-35 4.5000000000000009 54.72370910644532 1.0000000180025095e-35 0.15378896892070773 98.092205047607436 1.0000000180025095e-35 5.5000000000000009 49.890829086303718 0.13531848043203357 64.346244812011733 99.80237197875978 99.333301544189467 0.97253990173339855 0.23611111193895343 0.64495798945426952 0.35416667163372045 -9.2696075439453107 61.916847229003913 0.88194444775581371 0.048809524625539787 71.535182952880874 24.500000000000004 7.5000000000000009 0.93750000000000011 1.0000000180025095e-35 1.0000000180025095e-35 1.0000000180025095e-35 1.0000000180025095e-35 40.500000000000007 2.5000000000000004 4.5000000000000009 0.93750000000000011 1.0000000180025095e-35 3.5000000000000004 10.500000000000002 0.35416667163372045 60.158729553222663 28.500000000000004 0.2264957278966904 38.924964904785163 11.500000000000002 60.943256378173835 2.5000000000000004 1.0000000180025095e-35 0.58571431040763866 92.545253753662124 7.5000000000000009 26.500000000000004 1.0000000180025095e-35 0.43167701363563543 98.07621002197267 0.41399715840816503 1.0000000180025095e-35 96.019802093505874 0.98369517922401439 0.92907443642616283
decision_type=8 2 10 2 2 2 2 2 2 10 2 2 2 2 8 2 2 2 8 2 2 10 2 2 10 2 2 2 2 2 2 10 8 2 2 2 2 2 8 2 2 8 2 2 2 2 2 2 2 2 2 2 2 2 2 2 2 8 8 2 10 2
left_child=2 7 18 58 11 12 10 9 45 38 15 27 26 14 43 -7 21 20 -1 36 25 40 41 34 46 -17 -3 28 57 60 37 32 48 -34 35 -24 -10 -26 53 -22 47 42 -20 -9 -40 -6 -14 -8 -27 -21 -32 -41 -16 -2 -12 -11 -15 -5 59 -4 -23 -62
right_child=1 5 3 4 8 6 16 13 19 55 54 -13 24 56 52 17 -18 -19 22 49 39 29 23 -25 30 31 -28 -29 -30 -31 50 -33 33 -35 -36 -37 -38 -39 44 51 -42 -43 -44 -45 -46 -47 -48 -49 -50 -51 -52 -53 -54 -55 -56 -57 -58 -59 -60 -61 61 -63
leaf_value=-0.10532746262630355 0.078008644988370346 0.061748863798158415 -0.094191191668521912 -0.087292452948886656 0.018230288278972783 -0.06124122467827893 -0.011347631452912099 0.064041687029694719 0.036427732015517918 -0.036460407577506786 0.13169500085699323 -0.10090736424549868 0.1375941569783978 0.14472203700754094 0.15104045302306046 -0.10688968276047575 0.19365931621742283 0.21969478705292619 -0.074383026849620504 0.14505798787021593 0.044572800735708212 -0.066575812010529353 -0.00085007292195861525 0.15198346800386806 -0.034508789869223254 0.069009504183410411 0.14441307410307641 -0.066255358041879917 -0.056340563386031384 0.10553643258144596 0.13717540642182866 -0.04102053038210389 0.28070995964319351 0.11139055453556118 -0.085026202051937949 -0.10626728074710992 -0.051988660309974989 0.24744593668683146 -0.087093972111087881 0.071772573234233222 -0.035207484571678653 -0.10033978902892081 0.19431814991860497 -0.034072702136060305 0.27109430295507997 0.14908181485074154 0.036413377156399161 0.14725595778764716 -0.072246499541167172 0.053170986062452213 -0.019930130648374358 -0.01326622736651715 -0.05383843431195539 -0.043992376408728773 -0.015669669813107433 0.13952533812752449 0.15553310888795013 0.042707709554297944 -0.10426436316504667 -0.0087863264068042939 -0.065150245730313611 0.054314506385217447
leaf_weight=192262.65730273351 509.36968278884888 1197.0835147425532 3935.4752337932587 187.16513180360198 249.52148007228971 955.4165663048625 247.15298465639353 1348.902622833848 1630.6857702285051 102.34520012885332 3069.0364670529962 4528.0541704446077 1505.8859448805451 35259.349057562649 2972.1175383478403 245.27410520240664 178.62704952061176 296.52648372203112 1021.3698483034968 730.31411664187908 3782.1647096350789 8083.61340174824 1755.5315308384597 351.46779354289174 1250.0358479097486 6204.2153179980814 12708.55927324295 2480.7609226964414 1762.6406654827297 254.25150125473738 541.2560735270381 420.62700378894806 294.47066625952721 651.66687048971653 7525.1849746517837 735.70003394037485 1139.0054544843733 67.501132242381573 946.09337489306927 541.04503509402275 513.55521225184202 25494.531453419477 156.04438422620296 633.71127486974001 33.255022272467613 5334.8139223046601 531.07040768861771 418.4232410043478 191.12944513559341 1053.7372018359601 191.18285755068064 3758.933597818017 83.694275476038456 381.45772418379784 149.25814768671989 2636.099678941071 91712.270114563406 2849.5169713050127 16795.245005562901 1023.3006732687354 444.58963782340288 436.61018336564302
leaf_count=3471952 3160 5980 68896 2324 2112 12112 2861 6078 12324 713 13061 77254 6741 151854 12440 3217 763 1238 17693 3212 22770 109954 20124 1702 8277 33062 54214 35501 23868 1353 2349 2274 1441 3059 123261 13267 14463 313 11020 3311 5189 446645 850 5301 195 23735 2744 2525 1154 7329 882 24460 517 3137 723 11197 397442 23531 292259 14583 4877 4405
internal_value=-0.00497846 0.123934 -0.0926893 -0.0408242 0.0158022 0.0576157 0.0209037 0.147783 0.0948923 0.0680554 0.0531202 -0.052102 0.121147 0.150567 0.101063 0.0398064 -0.0417203 0.0456982 -0.102574 0.0356087 0.0424914 -0.0457638 -0.0882796 -0.0642459 0.0661967 0.0657044 0.137297 -0.0217461 0.00126061 -0.0560351 0.0214648 0.0711582 0.0775854 0.164089 -0.0718332 -0.0319814 6.74503e-05 -0.0200635 -0.0269653 0.0194932 0.0345421 -0.0976219 -0.0387717 0.032681 -0.0749312 0.143235 0.111215 0.0883606 0.064788 0.0907856 0.0961674 -0.00256622 0.145429 0.0257671 0.124861 0.132948 0.152531 0.0346952 -0.0979508 -0.0765669 -0.0606174 -0.00595876
internal_weight=458751 185748 273003 43700.2 21946.2 49129.2 31136.6 136619 10138.1 4608.62 20559.8 11808.1 17992.6 132010 5038.43 17341.5 10576.8 16386.1 229302 4553.74 16089.5 10398.2 37039.8 10367.9 4086.93 8007.38 13905.6 7280.08 4799.32 9219.06 2049.98 7762.11 7341.48 946.138 10016.4 2491.23 2769.69 1317.54 1870.18 8082.14 1179.13 26671.9 1177.41 1982.61 979.348 5584.34 2036.96 665.576 6395.34 1784.05 732.439 4299.98 3055.81 890.827 3218.29 2738.44 126972 3036.68 21754 4958.78 8964.81 881.2
internal_count=5635248 938363 4696885 601391 225653 335309 253809 603054 63175 29422 121882 162478 81500 573632 24336 108098 131927 95986 4095494 37328 94748 131164 623542 158354 21306 44207 60194 85224 49723 120589 11821 40990 38716 4500 156652 33391 26787 8590 17512 50541 10575 465188 18543 11379 11215 25847 9485 5386 34216 10541 3231 27771 12957 6297 13784 11910 549296 25855 375738 83479 119236 9282
is_linear=0
shrinkage=0.1


Tree=9
num_leaves=63
num_cat=0
split_feature=31 29 31 12 19 28 17 12 29 31 19 35 27 19 31 13 13 19 10 13 41 27 19 3 41 20 3 10 14 17 41 17 11 40 20 41 8 13 14 27 19 11 41 11 25 25 41 27 20 45 42 10 10 37 35 41 19 11 42 19 12 41
split_gain=448751 26710.8 13432.2 12720.5 9808.22 9676.42 5133.98 2763.78 2592.09 2375.43 1826.32 1777.97 1537.14 1251.83 1352.29 1051.08 957.189 3150.61 862.383 846.383 820.889 807.105 799.049 951.357 702.892 690.865 688.209 802.207 642.059 604.871 475.168 444.904 613.632 439.238 421.309 417.991 411.745 396.519 390.871 387.073 382.952 382.144 380.286 376.926 418.179 369.119 352.111 337.506 333.896 332.31 327.531 324.915 323.575 322.784 321.485 307.148 567.97 298.068 295.049 285.185 1705.85 318.971
threshold=0.023559764027595523 1.0000000180025095e-35 -0.10303979367017745 55.646631240844734 55.705244064331062 1.0000000180025095e-35 5.5000000000000009 54.72370910644532 1.0000000180025095e-35 0.1734898462891579 97.969490051269545 -95.065738677978501 1.0000000180025095e-35 49.890829086303718 0.15378896892070773 65.058139801025405 86.72955703735353 68.863315582275405 86.319076538085952 62.115564346313484 0.80909091234207164 1.0000000180025095e-35 1.0000000180025095e-35 31.500000000000004 0.45000000298023229 98.124923706054702 29.500000000000004 79.095325469970717 0.93750000000000011 4.5000000000000009 1.0000000180025095e-35 8.5000000000000018 91.734970092773452 1.0000000180025095e-35 99.80237197875978 0.88194444775581371 9.5000000000000018 97.70084381103517 0.2264957278966904 1.0000000180025095e-35 49.890829086303718 39.052425384521491 0.35416667163372045 43.951219558715827 8.5000000000000018 8.5000000000000018 0.35416667163372045 1.0000000180025095e-35 84.635734558105483 0.88673365116119396 0.73746865987777721 95.311355590820327 81.661396026611342 1.0000000180025095e-35 -1.0985221862792967 1.0000000180025095e-35 95.845661163330092 98.07621002197267 0.25143676996231085 97.68778228759767 61.651582717895515 0.6904762089252473
decision_type=8 2 10 2 2 2 2 2 2 10 2 2 2 2 8 2 2 2 2 2 10 2 2 2 10 2 2 2 2 2 8 2 2 10 2 10 2 2 2 2 2 2 10 2 2 2 10 2 2 2 2 2 2 2 2 8 2 2 2 2 2 8
left_child=2 7 16 55 11 12 10 9 41 30 15 26 37 14 36 50 59 22 35 46 31 25 23 51 -21 33 27 -5 34 47 58 32 42 40 -22 -14 52 -3 -32 -19 -17 -6 -8 -37 -45 -12 -10 -26 -23 53 -7 -18 -9 -42 -47 56 -4 -15 -2 -1 -61 -62
right_child=1 5 3 4 8 6 20 13 19 -11 45 -13 18 57 -16 21 17 39 -20 24 28 48 -24 -25 29 -27 -28 -29 -30 -31 38 -33 -34 -35 -36 43 -38 -39 -40 -41 49 -43 -44 44 -46 54 -48 -49 -50 -51 -52 -53 -54 -55 -56 -57 -58 -59 -60 60 61 -63
leaf_value=-0.10484504372347357 0.092378401592589934 0.0080911376212530629 -0.092684905312237678 -0.048241992418965672 0.013972275457169562 -0.053082076339421025 0.097627146788759833 -0.024287736041168129 0.05380658945495486 0.12610654500024851 0.13433340002298749 -0.09467016777726453 0.11847967632071706 0.13625891161117387 0.13961099376190819 -0.096078440872958318 -0.070824297434480918 0.0315304717603117 0.14224169922556471 0.17458812021118225 -0.068655518538606131 0.10736743280424502 -0.10496721587806156 -0.081304453631706491 0.034354934255896245 0.1318245635734335 -0.066524029841717458 0.040696239356674532 0.093233091535388946 -0.037699483481883816 -0.082990768862089559 -0.024413154087992474 0.3244253463995333 0.22292374725317271 0.17184350986716404 -0.099335530947489203 -0.056631799478328151 0.095240593343186242 0.22714015351891059 0.17067337209493905 0.047903161956503737 0.1377634296259517 -0.04574593474415798 0.11564703303714077 0.035453582182065249 0.0071016911701385736 -0.060608816732444649 0.11692768195263753 0.054375823946331871 0.0016277578493670509 0.068706625808021338 0.03221398644520141 0.07781338128307913 -0.022268676058926812 0.11423313647149239 -0.10338707755039703 -0.0084171216869726641 0.14732028744362879 -0.018601659287931262 -0.099439271564397802 0.16630180950372395 0.018777592558961793
leaf_weight=178061.66026580334 419.4296240657568 1585.9425502717495 3609.6671347878873 1623.9943077974021 261.81453434377909 1668.4018540382385 446.02399425953627 399.90675590187311 356.10090659931302 2552.9075302481651 2367.1806384325027 5000.4944546371698 3092.3491357415915 33780.586970455945 2748.2386895418167 285.59559158980846 418.88338233157992 352.06361127644777 9373.6086924672127 453.96470095217228 6683.1119848042727 1905.2835518121719 13632.606049008667 7695.5525457896292 1204.9605744890869 585.29464221000671 1783.6091648712754 2700.7696618027985 262.96807430684566 731.1231582313776 937.12470057234168 1502.0069014541805 83.038702800869942 105.77831164747477 73.6432795971632 133.0358549207449 405.73631200939417 778.27864289283752 42.481243647634983 462.65541206300259 4684.6720752865076 5247.2706244178116 316.12257554754615 1229.2107108384371 1380.5931355953217 520.04036520421505 1099.3357734568417 840.13329607993364 3162.9878370314837 4622.021501891315 254.50505381077528 1135.9950312823057 1386.7216232866049 762.16871796548367 607.12403933703899 15319.382411953062 1027.5178386680782 87365.279410004616 558.58703630417585 6945.469204723835 227.3613970912993 412.41941574215889
leaf_count=3533308 2737 10974 68686 23329 2241 20057 3145 2255 3094 11153 10036 88236 13344 151854 11999 3728 6242 2761 41656 2124 96911 8908 269854 135181 8715 2659 27507 21079 1313 7921 11383 17336 588 473 318 954 3886 3156 227 2098 26520 24052 3698 5198 6218 2639 13206 4149 16374 29861 2037 10418 6196 4506 2702 292259 14793 397442 3922 131724 1055 2853
internal_value=-0.00495518 0.115943 -0.0913421 -0.0391934 0.0145474 0.0525471 0.0188514 0.139472 0.0853773 0.0625582 0.0457375 -0.0504538 0.111793 0.142224 0.0928833 0.0329183 -0.10162 -0.0826942 0.123454 0.0307016 -0.0429497 0.0412574 -0.0895743 -0.0668893 0.0592304 0.0260973 -0.0142569 0.007299 -0.0600679 0.0403672 -0.0203144 0.00824554 0.0662844 0.0201814 -0.0660343 0.0932732 0.0343077 0.0367799 -0.0695417 0.110546 0.0181103 0.13188 0.038159 0.0648548 0.0732245 0.111906 -0.0326149 0.0682762 0.0742966 0.0213491 -0.0369628 0.00445553 0.0549598 0.0380841 0.0648059 -0.0965615 -0.0740127 0.144236 0.028993 -0.104036 -0.0850463 0.0712038
internal_weight=429673 179068 250605 41260.1 21303.6 48471 30898 130597 10194.7 4510.53 21531.1 11108.9 17573 126086 4940.6 18036.7 209345 23697.8 15208.8 4685.62 9366.92 16113.8 22883 9250.43 3230.18 11045.5 6108.37 4324.76 7019.72 2776.22 1957.62 2347.19 845.185 10460.2 6756.76 5835.19 2192.36 2364.22 979.606 814.719 10354.5 5509.09 762.147 2742.84 2609.8 3494.35 1455.44 2045.09 5068.27 10068.9 1922.91 1554.88 1786.63 5446.84 1127.16 19956.6 4637.18 121146 978.017 185647 7585.25 639.781
internal_count=5635248 938363 4696885 601391 225653 335309 253809 603054 65502 29422 130500 160151 81500 573632 24336 115123 4095494 426554 67370 39209 123309 93029 421695 151841 22909 67747 71915 44408 98542 20785 18269 24767 7431 65088 97229 25714 12337 14130 11610 4859 64615 26293 6843 12370 11416 15377 16300 12864 25282 60887 22094 16660 8451 31026 5341 375738 83479 549296 6659 3668940 135632 3908
is_linear=0
shrinkage=0.1


Tree=10
num_leaves=63
num_cat=0
split_feature=4 29 28 12 19 12 13 21 21 29 43 13 26 7 36 0 43 19 12 12 13 24 28 17 7 26 20 14 30 9 7 8 9 35 20 21 21 13 38 14 1 34 7 34 26 21 7 12 40 26 30 24 7 21 33 39 40 14 7 3 20 14
split_gain=385047 28601 9543.53 6427.39 15856.7 5580.89 5013.1 2456.05 2350.76 2253.51 1910.66 1829.89 1656.39 1531.26 1742.01 1520.19 1439.94 1438.62 1005.02 878.855 821.353 785.104 773.415 766.49 764.225 603.25 600.167 560.304 530.694 519.924 738.77 668.217 680.514 502.898 482.487 474.4 513.75 458.933 454.699 448.197 430.644 453.988 417.419 407.254 406.177 549.042 393.509 1378.82 390.562 389.831 385.166 375.034 352.525 325.388 324.455 323.786 637.715 320.924 293.83 286.217 282.316 275.942
threshold=1.0000000180025095e-35 1.0000000180025095e-35 1.0000000180025095e-35 61.651582717895515 82.832054138183608 54.72370910644532 89.417694091796889 0.12701612710952762 0.43167701363563543 1.0000000180025095e-35 0.55190372467041027 84.028984069824233 0.31666667759418493 1.5000000000000002 5.5000000000000009 0.43483147025108343 0.9783390760421754 97.833908081054702 52.73088455200196 52.73088455200196 64.051280975341811 8.5000000000000018 1.0000000180025095e-35 8.5000000000000018 7.5000000000000009 0.23611111193895343 97.81815338134767 0.13392857462167743 1.0000000180025095e-35 86.319076538085952 9.5000000000000018 7.5000000000000009 93.40579986572267 -77.556793212890611 98.006622314453139 0.15075758099555972 0.62731480598449718 69.00656890869142 27.500000000000004 0.13392857462167743 1.5000000000000002 2.5000000000000004 1.5000000000000002 5.5000000000000009 0.10555555671453477 0.57417583465576183 1.0000000180025095e-35 99.333332061767592 1.0000000180025095e-35 0.23611111193895343 1.0000000180025095e-35 10.500000000000002 1.0000000180025095e-35 0.75595238804817211 -2.0008010864257808 1.0000000180025095e-35 1.0000000180025095e-35 0.44949495792388922 1.0000000180025095e-35 7.5000000000000009 91.442928314208999 0.93750000000000011
decision_type=2 2 2 2 2 2 2 2 2 2 8 2 2 2 2 2 10 2 2 2 2 2 2 2 2 2 2 2 2 2 2 2 2 2 2 2 2 2 2 2 2 2 2 2 2 2 2 2 10 2 2 2 2 2 2 10 8 2 2 2 2 2
left_child=3 5 11 57 10 8 16 13 -2 46 -5 19 15 14 -7 29 18 21 -4 43 -11 26 38 34 33 -21 27 -8 35 52 31 32 59 61 44 -29 55 -14 58 -22 -18 -42 -34 -3 48 -46 -6 -48 -20 -13 -23 -27 -12 -43 -9 56 -37 -1 -10 -31 -30 -17
right_child=1 2 6 4 9 7 17 54 22 20 12 49 37 -15 -16 24 40 -19 23 25 39 50 -24 -25 -26 51 -28 28 60 30 -32 -33 42 -35 -36 36 -38 -39 -40 -41 41 53 -44 -45 45 -47 47 -49 -50 -51 -52 -53 -54 -55 -56 -57 -58 -59 -60 -61 -62 -63
leaf_value=-0.10360088442990843 -0.082320522632912063 0.041542749128149585 -0.09406500805669317 -0.10335531648671342 0.13726743608043609 0.13345736502698163 0.21673489988274711 0.12877772334180521 0.11343682109652763 -0.053684829796165449 -0.071133001763151724 0.070649711110127439 -0.0091833058500577474 -0.016847746041680069 -0.022156829898891318 -0.016106209141311237 -0.019483062581581886 0.11406849670783217 -0.035103064405363857 0.010136314926776909 0.15209694447287872 0.10414896943220389 -0.030827686451750165 -0.060743190347028964 -0.068952962127497852 0.10961678436123948 0.11662354736423963 -0.094913682692174234 0.14092407728621351 0.049476087621429951 -0.079403970598612247 -0.081164716609908719 0.19743291898708634 -0.087734784556306566 0.083512615513003777 0.037616672887062344 -0.0066882585386629908 0.13870306851599143 0.023922209627310197 0.027296921171378837 0.16214518281717127 0.074928551677553717 0.038308402609807168 -0.086120926794578403 0.095613073875245452 -0.014297289758701426 -0.10696719850611036 0.14059503457900765 0.30498433924991031 0.13352320914574192 -0.041280933634535846 0.049281788941933587 -0.10340608080632128 -0.036329380721570707 0.14049970128445602 -0.052774235145081699 0.2318914151941347 0.1224845922090539 -0.1020447491635324 -0.082532457788120198 -0.02230113114232856 0.072166296946476235
leaf_weight=158806.51589383557 1372.4188617728651 475.48799065127969 2882.1719410717487 26999.421722106636 3108.9583592936397 3417.4677248969674 143.13962475955486 32930.846704356372 2560.9236750341952 1283.1097186394036 5389.7450472861528 1099.9209551475942 384.99478664249182 1489.5260639376938 911.16893468052149 481.51079880073667 772.11487027257681 2758.4174043089151 4259.7750355117023 1137.8861190602183 345.70491954311728 1970.0152859389782 656.21657273173332 4353.5688627660275 1287.3180168606341 3349.5497561953962 682.19238570705056 396.55132795497775 501.5536418966949 218.36175669357181 7316.3052313029766 1156.5779704637825 204.90142460167408 316.62690250203013 540.85563534125686 4905.1332929767668 4981.6499909758568 461.24476600438356 848.90400364995003 1717.0173727758229 410.51680316403508 855.98800439015031 843.4522176720202 526.64018236845732 674.32634327560663 1394.1444220878184 319.85765878856182 758.43141474574804 34.038126468658447 9533.662125274539 200.66234969720244 1487.8450137637556 9097.736772056669 379.37149112299085 83453.510674588382 368.45162389054894 174.99165203794837 62.80989096313715 64.884730812162161 662.72619940340519 134.34869069978595 1338.6971556656063
leaf_count=3445616 20887 2683 51794 582631 15142 15489 595 155490 13110 19907 102008 4846 5289 9679 7676 7203 7369 11924 47777 8404 1874 9346 6347 63416 20301 14601 2988 6202 2139 2370 133528 20021 1566 6225 3980 25377 32647 2820 6199 13841 2498 6589 8018 5984 6085 13602 3528 3474 245 44373 889 6545 191991 3135 401322 2025 771 737 585 11426 668 9451
internal_value=-0.00492148 0.104228 0.0412275 -0.0927514 -0.0659123 0.129577 0.0101076 0.134013 0.0310687 0.0703222 -0.0841864 0.100908 -0.0664379 0.0706069 0.100701 -0.0705583 -0.0291797 0.0478884 -0.0413753 0.0611148 0.00913567 0.0352627 0.06874 -0.0278847 -0.0080867 0.0756491 0.0254687 0.0201107 0.0176553 -0.0791527 -0.0620961 -0.0210629 0.0149644 0.0285817 -0.00716194 0.0124407 0.0165222 0.0714225 0.0875438 0.048213 0.0421324 0.0710375 0.0694094 -0.0255473 -0.0148702 0.0215337 0.119213 0.0671596 -0.0324071 0.12702 0.0907051 0.0910595 -0.0913996 0.0407619 0.137183 0.0377436 0.0443087 -0.103512 0.108112 -0.0498165 0.106439 0.048815
internal_weight=401653 179091 51385 222562 63692.7 127706 33774 122203 5503.35 7533.08 56159.6 17611 29160.2 5818.16 4328.64 28314 16556.9 17217.1 14138.9 6977.41 3345.83 14458.7 4130.93 11256.7 3424.15 5975.28 12288 11605.8 11462.7 24889.8 10402.3 3086.02 1929.44 2136.83 6903.14 10826.8 10430.2 846.24 3474.71 2062.72 2417.99 1645.88 1048.35 1002.13 6362.28 2068.47 4187.25 1078.29 4293.81 10633.6 2170.68 4837.39 14487.5 1235.36 116384 5448.58 5080.12 158869 2625.81 881.088 635.902 1820.21
internal_count=5635248 1026281 389497 4608967 1162614 636784 302061 589656 47128 57766 1104848 87436 522217 32844 23165 514108 206490 95571 186899 38217 35622 83647 26241 135105 43180 29550 73412 70424 69829 470928 176929 43401 23380 22879 71689 67022 60820 8109 19894 15715 19591 12222 9584 8667 67709 19687 22144 7002 48022 49219 10235 21146 293999 9724 556812 28173 26148 3446353 13695 13796 2807 16654
is_linear=0
shrinkage=0.1


Tree=11
num_leaves=63
num_cat=0
split_feature=31 40 31 12 19 26 39 17 12 31 43 40 19 19 7 43 17 13 19 38 10 19 14 26 27 26 12 3 41 43 31 39 14 7 7 1 21 21 26 41 25 12 41 25 13 13 41 14 41 12 41 12 41 19 41 14 13 41 19 41 17 19
split_gain=340126 18368.1 12522.6 10578.9 7283.74 7097.76 3429.57 2940.94 2768.56 2029.9 1533.23 1521.14 1416.11 1223.3 1312.37 954.315 914.358 902.666 1348.17 842.762 841.355 839.355 691.598 1036.47 800.386 580.076 550.712 508.847 473.952 473.759 450.028 441.835 421.301 643.043 406.031 566.215 399.156 415.457 390.694 385.75 383.16 380.422 373.596 467.263 365.884 361.962 407.183 631.041 360.865 358.979 354.598 554.74 349.808 590.889 322.895 318.313 306.49 311.115 300.801 298.849 272.404 270.081
threshold=0.023559764027595523 1.0000000180025095e-35 -0.10760121047496794 55.646631240844734 66.821704864501967 0.44949495792388922 1.0000000180025095e-35 4.5000000000000009 56.070175170898445 0.13531848043203357 0.49390153586864477 1.0000000180025095e-35 97.575668334960952 56.615140914916999 1.5000000000000002 0.96571320295333873 8.5000000000000018 86.72955703735353 61.916847229003913 26.500000000000004 90.366767883300795 97.833908081054702 0.77500000596046459 0.88194444775581371 1.5000000000000002 0.34848485887050634 56.33012771606446 7.5000000000000009 1.0000000180025095e-35 0.97969490289688121 0.11745354533195497 1.0000000180025095e-35 0.73214286565780651 4.5000000000000009 14.500000000000002 6.5000000000000009 0.63961037993431102 0.048809524625539787 0.44949495792388922 0.88194444775581371 7.5000000000000009 48.074073791503913 0.86607143282890331 8.5000000000000018 68.614070892333999 60.943256378173835 0.35416667163372045 0.31666667759418493 0.35416667163372045 46.049896240234382 0.35416667163372045 58.919960021972663 1.0000000180025095e-35 95.845661163330092 0.88194444775581371 0.31666667759418493 58.123168945312507 0.35416667163372045 96.56854629516603 0.35416667163372045 5.5000000000000009 98.706874847412124
decision_type=8 8 10 2 2 2 10 2 2 8 8 8 2 2 2 8 2 2 2 2 2 2 2 2 2 2 2 2 8 10 8 10 2 2 2 2 2 2 2 10 2 2 10 2 2 2 10 2 8 2 8 2 8 2 8 2 2 10 2 10 2 2
left_child=2 5 15 52 10 7 8 12 9 48 -5 25 26 14 20 -1 41 50 34 27 30 59 23 24 42 29 -2 44 -11 56 -10 45 -29 -34 35 -19 37 -28 -8 -26 -14 -7 -15 -44 -12 46 -13 -48 -3 -30 51 -17 53 -4 -18 -50 -6 -58 -39 -9 -45 -42
right_child=1 6 3 4 11 16 38 21 13 28 19 31 40 22 -16 17 54 18 -20 -21 -22 -23 -24 -25 39 -27 36 32 49 -31 -32 -33 33 -35 -36 -37 -38 58 -40 -41 61 -43 43 60 -46 -47 47 -49 55 -51 -52 -53 -54 -55 -56 -57 57 -59 -60 -61 -62 -63
leaf_value=-0.10352147054368435 -0.082413308609806765 0.0071942198826958461 -0.089590806701416795 -0.098037940779382438 -0.066377509221299827 0.00030625326713343526 -0.035966113758238986 0.0084266667940838726 -0.023891223733023374 0.12690710730272578 -0.038069807291042708 0.13456508965637459 0.12118977804817316 0.12208403431785422 -0.018834364365668255 -0.067195165504224524 0.073407836041612176 0.029099717634277589 0.13819705367632226 -0.059177153799630559 0.13631446608004336 0.047862976117013248 0.1350701542143346 0.12750908926350987 0.080411269256744702 0.10425158962679022 -0.10487229653483157 -0.059402732301949403 -0.027052179436779462 0.11649050020824292 0.10274475405026812 -0.044240181484208524 0.081777125606807333 -0.04287393552781997 -0.078463199408745632 -0.069795148188586204 0.0061960382782953044 0.04194775898851389 0.12160810494370607 -0.016693754683852691 -0.0019410264237598033 0.11469940392722909 0.10153058224126166 0.07431754601366046 0.076239529500083503 0.13016357523842628 -0.05774128204032019 0.12635340022971206 -0.096782330256824867 0.091789221619274886 -0.098325053242862392 0.1489172950710716 -0.10188604478519421 -0.00041340908666389741 -0.014192306478360893 0.19034322973924281 0.13598307890186639 -8.806474954569678e-05 0.19194713668111987 -0.060498578418910959 -0.022525199931831705 0.10563880921432223
leaf_weight=143785.4002074711 505.52366000041366 928.76213192567229 3143.1487236469984 3444.7331138625741 651.38732873275876 298.60427208989859 1524.2565244026482 701.66181643307209 621.92835145816207 2013.7493459135294 353.35741136223078 560.04703249409795 2000.2020392008126 5336.2229421511292 1101.176081802696 839.76734384894371 909.09302123636007 965.39702175185084 338.90945195406675 2974.2631733976305 2630.5076012611389 931.59532374888659 65976.575497779995 37445.97480225563 768.10749454051256 788.58295314386487 190.16942968592048 1276.1624031290412 423.49333962798119 352.92638936638832 511.35660465806723 178.95103511214256 796.79228868335485 861.12225408107042 6294.5368035808206 1446.236311417073 6496.0149962827563 6476.9726472347975 175.46286093816161 875.25063570961356 544.76347285509109 11001.290391217917 3530.9370685555041 613.91719542443752 1349.0718349553645 4088.0148035250604 429.17201139777899 328.88669921085238 807.01334709301591 635.73550621420145 19574.216980841011 138.34370953589678 13244.381350085139 973.0276825837791 783.35415442287922 40.551116079092026 185.61368054524064 1773.7982786670327 136.50799460709095 6079.9769938699901 551.27148702740669 408.24513538181782
leaf_count=3436693 8339 7072 71224 74711 9256 2254 13791 7024 4092 9429 5258 3110 9211 26923 6583 18806 4805 11158 1645 44855 12412 6674 335273 188278 4114 3996 3090 21601 2629 1890 2389 1477 5896 11211 125806 27385 40805 33534 904 6472 2748 54524 20503 3404 10936 19998 3369 1669 10524 3216 449975 863 303326 15182 5727 226 962 14627 626 93967 4974 1827
internal_value=-0.00487462 0.103177 -0.0887912 -0.0366008 0.0122401 0.041673 0.12139 0.00995789 0.123311 0.0492343 -0.0426838 0.0772703 0.0334766 0.126305 0.0771879 -0.100155 0.10141 -0.0838034 -0.0574788 -0.0176297 0.105281 -0.0411408 0.128382 0.119398 0.0933842 0.0280281 0.0200317 0.00902242 0.0984245 0.00774674 0.033249 0.110353 -0.0162122 0.0170333 -0.065096 -0.0302067 0.0239256 0.0408536 -0.0196997 0.0286932 0.0963267 0.111677 0.103981 0.0834103 0.0525134 0.115471 0.0699017 0.0221289 -0.0358629 0.0442749 -0.0953888 -0.0366283 -0.0939726 -0.0685101 0.0328619 -0.083045 -0.00695318 0.0128019 0.0450439 -0.0533672 0.0284995 0.0441435
internal_weight=375112 163976 211136 37753.4 20392.9 37464 126512 24471.6 124813 4849.3 11055.5 9337.38 16758.4 119963 4864.97 173383 12992.3 29597.4 9045.08 7610.77 3763.79 7713.23 115098 49121.7 11675.7 3752.31 13805.2 4636.51 3072.98 2963.73 1133.28 5585.07 2934.08 1657.91 8706.17 2411.63 13299.7 6803.65 1699.72 1643.36 2953.21 11299.9 10032.3 4696.13 1702.43 5406.12 1318.11 758.059 1776.33 1059.23 20552.3 978.111 17360.6 4116.18 1692.45 847.564 2610.8 1959.41 6613.48 6781.64 1165.19 953.009
internal_count=5635248 938363 4696885 624554 234822 275155 663208 207845 648513 33096 174468 60354 100180 615417 25476 4072331 67310 635638 165994 99757 18893 107665 589941 254668 66390 30731 86394 54902 15274 26735 6481 29623 38708 17107 164349 38543 78055 37250 14695 10586 13786 56778 55804 28881 16194 28146 8148 5038 17822 5845 469644 19669 389732 86406 10532 10750 24845 15589 34160 100991 8378 4575
is_linear=0
shrinkage=0.1


Tree=12
num_leaves=63
num_cat=0
split_feature=31 26 31 12 40 19 17 12 40 19 31 19 10 19 26 17 13 19 19 19 25 41 26 10 36 13 13 8 41 13 41 14 36 41 24 20 14 41 34 41 24 17 0 13 41 38 17 26 11 24 20 14 44 19 12 41 31 41 26 31 24 26
split_gain=296727 17127.5 12014.4 9773.8 7254 6551.98 2429.17 2083.44 1651.37 1622.7 1545.39 1521.02 1254.4 1213.16 1175.46 1405.75 869.665 1866.24 774.099 710.11 643.36 710.931 611.95 512.644 511.953 477.279 457.75 449.324 436.148 434.159 444.081 635.039 420.402 450.706 403.927 397.328 362.906 352.966 558.513 349.706 349.663 340.458 331.726 319.605 314.976 305.031 300.827 293.807 288.286 287.485 271.577 264.709 261.135 260.99 1240.14 257.433 255.103 249.971 245.671 293.421 232.265 230.384
threshold=0.023559764027595523 0.44949495792388922 -0.11619138717651366 54.72370910644532 1.0000000180025095e-35 55.705244064331062 4.5000000000000009 56.070175170898445 1.0000000180025095e-35 1.0000000180025095e-35 0.11745354533195497 98.598102569580092 88.047618865966811 97.575668334960952 0.88194444775581371 5.5000000000000009 88.493064880371108 68.863315582275405 1.0000000180025095e-35 97.833908081054702 8.5000000000000018 0.88194444775581371 0.43650794029235845 76.63120269775392 7.5000000000000009 84.028984069824233 56.33012771606446 16.500000000000004 0.35416667163372045 60.943256378173835 0.45000000298023229 0.31666667759418493 15.500000000000002 0.86607143282890331 8.5000000000000018 97.57275772094728 0.84523808956146251 1.0000000180025095e-35 4.5000000000000009 0.35416667163372045 7.5000000000000009 11.500000000000002 0.43483147025108343 53.427228927612312 0.63333335518836986 26.500000000000004 4.5000000000000009 0.13392857462167743 98.213714599609389 7.5000000000000009 98.006622314453139 0.31666667759418493 0.98255756497383129 97.68778228759767 60.943256378173835 1.0000000180025095e-35 0.30716219544410711 1.0000000180025095e-35 -1.0000000180025095e-35 0.15378896892070773 8.5000000000000018 0.15476191043853763
decision_type=8 2 10 2 8 2 2 2 8 2 8 2 2 2 2 2 2 2 2 2 2 10 2 2 2 2 2 2 10 2 10 2 2 10 2 2 2 8 2 8 2 2 2 2 10 2 2 2 2 2 2 2 2 2 2 8 10 8 2 8 2 2
left_child=2 4 16 37 6 9 13 10 22 24 -3 12 32 25 15 23 53 18 42 50 -17 41 26 44 45 52 -7 58 -12 30 -10 -32 33 -6 35 57 -23 38 -4 -28 -15 -22 -18 -13 -9 -5 -41 -11 -16 -21 -8 56 -2 -1 55 -55 -30 -27 59 -14 -46 -19
right_child=1 7 3 5 11 8 19 14 29 47 28 43 27 40 48 20 17 61 -20 49 21 36 -24 -25 -26 34 39 -29 51 -31 31 -33 -34 -35 -36 -37 -38 -39 -40 46 -42 -43 -44 -45 60 -47 -48 -49 -50 -51 -52 -53 -54 54 -56 -57 -58 -59 -60 -61 -62 -63
leaf_value=-0.10322621908961892 -0.037571325727291154 -0.036533252642950209 -0.0053486192530003938 0.019226079921439196 0.08052690448839829 -0.065701067059918836 -0.054684194838854207 0.11477495522009894 0.12097039728741128 -0.10302339547813932 0.11433624134493646 0.061538976241340242 0.069330595861950936 0.11409398314601688 0.11828789054312439 0.089815782712691736 -0.067087663886199009 0.024220476253668272 -0.10339655976128387 0.10206665899289664 0.10485560262276612 -0.054962692743542867 0.097449582552074088 0.12148432916953665 -0.056749184509609786 0.17323593007429636 0.12745548056347691 -0.053597659833528669 -0.059768695405067934 0.11854309912860519 -0.061261601072614295 0.11238163201727472 -0.053404022668831153 0.0090316628501088715 0.07608236245175759 0.096991459243871911 0.1940820607031383 -0.10153555366205361 -0.089776668965779571 0.031395227042505879 0.040216515657375412 -0.025249730726466288 0.0044220824418701532 0.12234530509233439 0.081937555437481449 -0.035552024922630994 -0.049089592975893159 0.0043932164541824739 0.13125852622065151 -0.0083798322947770711 0.046829621955891916 0.12546661760687677 0.04231944616393863 -0.013088548663568927 0.058059363348193699 -0.10307461559052576 0.067466119624898555 0.012586268123412328 0.065576478086472031 0.11907825545740557 0.002205284477833767 0.14658739716491395
leaf_weight=133300.31844394282 2017.7597370669246 1357.3286878988147 1061.40285500139 3353.9332786314189 1368.9994153603911 789.43607176095247 6208.9924580529332 1026.3754700645804 613.3248736821115 3688.1674176454544 2259.8270477280021 954.58745293319225 1727.5159817188978 1908.1437850408256 24033.540871888399 2111.5263904966414 6340.5520869195461 279.57324254140258 9590.048592120409 434.98694025725126 791.02416748180985 1092.7214917242527 815.88212228938937 14355.945315018296 2080.0067195259035 97.888667941093445 277.23945856839418 218.65454912558198 347.99848806485534 4287.5084281042218 514.03179965540767 356.80588622018695 634.05407343804836 2477.2973692826927 1442.9738063514233 619.5248002409935 61.821579620242119 12788.037841249257 2993.0024611577392 1633.8846562616527 964.48176432028413 269.70431349053979 722.64086915552616 9149.3821731880307 738.6288590952754 1458.6652584709227 648.80675264820457 273.52006104588509 59703.977113567293 514.34352044016123 275.21933645755053 218.31843685358763 513.20076577365398 340.79273765534163 573.83688969910145 4736.093426104635 287.98733908310533 9189.3349849693477 2481.3605457618833 3779.6517423465848 722.9604264497757 342.16539421677589
leaf_count=3503121 21799 13482 18463 34853 8433 12706 97545 5109 3659 88403 10947 5666 8497 9071 127107 11893 129925 2341 250594 2059 3810 8287 4317 74641 35989 413 1415 2166 2367 22401 4978 1961 7077 21444 6519 2678 272 322485 72900 11380 4715 1535 9742 49229 3754 21107 8103 4247 326211 4615 3446 1071 3165 7673 3781 118704 1345 51820 13151 19188 3836 1637
internal_value=-0.00481894 0.0976737 -0.0874847 -0.0367628 0.047172 0.00910478 0.0090271 0.119364 0.0677755 -0.0446072 0.052514 0.0876522 0.0645987 0.030137 0.122213 0.101162 -0.0997032 -0.0785429 -0.0848937 -0.0385493 0.0503193 0.0126724 0.0197882 0.114222 -0.0152938 0.0178953 0.000870438 0.0878308 0.0913262 0.102407 0.0557905 0.00988475 0.0220417 0.0344787 0.0266518 0.019452 -0.0416273 -0.0933843 -0.0676742 0.0213999 0.0892897 0.0717746 -0.0597714 0.116601 0.0723153 0.00262322 0.00851912 -0.0956072 0.127536 0.0422272 -0.0503755 0.0304595 -0.0213719 -0.102334 -0.0812843 -0.0970342 -0.00215418 0.0142795 0.0917019 0.103473 0.0424988 0.0915634
internal_weight=350218 156358 193860 37633.7 46978.4 20791.2 24186.9 109380 9936.92 10854.3 4471.46 22791.5 12687.5 16753.3 104908 21170.7 156226 17275 16653.2 7433.54 4326.8 2215.27 4165.25 16843.9 6892.61 13880.7 3349.37 8207.18 3114.13 5771.67 1484.16 870.838 4480.35 3846.3 11349.7 9906.75 1154.54 16842.4 4054.41 2559.93 2872.63 1060.73 7063.19 10104 2487.96 4812.6 2282.69 3961.69 83737.5 949.33 6484.21 854.304 2530.96 138951 5650.72 5076.89 635.986 9287.22 7988.53 5507.17 1461.59 621.739
internal_count=5635248 938363 4696885 669367 342696 255519 207845 595667 70920 184599 29212 134851 79956 100180 566455 113137 4027518 394239 390261 107665 25797 13904 37921 87340 91949 86394 33604 43002 15730 32999 10598 6939 36954 29877 61430 54911 8559 413848 91363 20898 13786 5345 139667 54895 12699 55960 19483 92650 453318 6674 100991 4783 24964 3633279 130158 126377 3712 52233 40836 27685 7590 3978
is_linear=0
shrinkage=0.1


Tree=13
num_leaves=63
num_cat=0
split_feature=31 29 31 12 19 28 12 13 19 26 29 29 31 31 20 19 13 43 3 13 19 43 36 14 7 14 20 8 7 28 19 12 14 11 26 42 24 21 24 19 19 36 7 14 10 14 43 37 3 18 10 7 13 12 7 10 34 13 7 7 36 21
split_gain=259366 21360.4 10393.8 8343.82 5518.87 5454.43 2589.3 2337.15 1586.83 1510.99 1473.65 1416.87 1339.99 1088.34 991.249 953.714 889.314 795.802 732.415 719.444 815.339 711.5 661.81 559.467 511.86 508.665 461.152 457.403 455.026 428.147 426.446 424.453 455.687 419.055 370.938 356.575 351.973 415.504 340.2 343.567 319.03 297.565 311.379 295.231 332.714 278.336 267.615 343.005 262.767 377.706 276.369 554.039 261.644 261.473 319.185 250.989 249.627 249.312 248.774 242.895 245.929 238.936
threshold=0.015262134373188021 1.0000000180025095e-35 -0.12459006160497664 54.72370910644532 69.586528778076186 1.0000000180025095e-35 48.074073791503913 89.417694091796889 62.875112533569343 0.23611111193895343 1.0000000180025095e-35 1.0000000180025095e-35 0.22482423484325412 0.11745354533195497 99.80237197875978 98.092205047607436 88.493064880371108 0.97572755813598644 28.500000000000004 86.72955703735353 61.916847229003913 0.98894992470741283 6.5000000000000009 0.93750000000000011 3.5000000000000004 0.13392857462167743 99.333301544189467 1.0000000180025095e-35 1.5000000000000002 1.0000000180025095e-35 98.092205047607436 52.277431488037116 0.6904762089252473 98.07621002197267 0.15476191043853763 0.26138715445995336 7.5000000000000009 0.77097901701927196 9.5000000000000018 60.479471206665046 96.437637329101577 10.500000000000002 2.5000000000000004 0.095454547554254546 82.446311950683608 0.31666667759418493 0.97705537080764782 1.0000000180025095e-35 39.500000000000007 1.0000000180025095e-35 95.311355590820327 4.5000000000000009 55.245780944824226 75.181159973144545 1.0000000180025095e-35 89.699382781982436 7.5000000000000009 51.925926208496101 1.5000000000000002 1.0000000180025095e-35 6.5000000000000009 0.65942031145095836
decision_type=8 2 10 2 2 2 2 2 2 2 2 2 10 8 2 2 2 8 2 2 2 10 2 2 2 2 2 2 2 2 2 2 2 2 2 2 2 2 2 2 2 2 2 2 2 2 10 2 2 2 2 2 2 2 2 2 2 2 2 2 2 2
left_child=2 6 17 40 11 9 12 14 13 -3 53 18 35 41 21 25 38 -1 22 59 48 23 24 31 55 -9 36 -23 -15 -12 52 -7 43 -10 -13 56 46 -38 39 -11 -4 42 -8 57 -45 -42 61 -48 49 50 -21 -52 -31 54 -6 -5 -2 -33 -57 60 -19 -27
right_child=1 5 3 4 10 7 8 15 33 16 29 34 -14 28 -16 -17 -18 19 -20 20 -22 27 -24 -25 -26 26 -28 -29 -30 30 -32 32 -34 -35 -36 -37 37 -39 -40 -41 45 -43 -44 44 -46 -47 47 -49 -50 -51 51 -53 -54 -55 -56 58 -58 -59 -60 -61 -62 -63
leaf_value=-0.10266424785157963 0.057334522015009909 0.011159173925711984 -0.099135653766678614 0.019198670517899794 0.082542695652646561 -0.084668718048312719 0.054729332794467733 0.17505820505350247 0.11206576083415803 -0.088732905955216462 0.093190001145426166 -0.099484154730838922 0.10464642740761498 0.11835604471718811 0.15184250709361516 0.097191910082177313 0.11961049243988452 -0.014119957771829922 -0.062231323853906853 -0.07188977378405513 0.1266251639864496 -0.068487783198210986 -0.041396018579291829 0.068550202376723421 -0.018508928311737522 0.021773264709853635 0.16509669502264335 0.080987070235038025 -0.0236019534577404 -0.062043854898497577 0.12621742635323138 -0.021217598144013673 -0.073351330742684476 0.12655677995011227 0.028597219998513376 -0.06085049099315433 0.069068051009157527 -0.024396390228864903 0.036668049310453657 0.092476355510831137 -0.062932360496159634 -0.077668798685310583 -0.032980297940648211 -0.035555637545193398 0.022640863545989889 0.53717362301183946 0.074062313494838564 -0.068300222966784632 -0.074458954535045072 -0.10388833223582467 0.14647064165346019 -0.021078307457108869 0.011086971536056646 0.12115668245705671 -0.09837488796045038 0.1658693230780397 -0.066838670488901394 0.073748588753295805 0.064179977019216572 -0.10288410774422208 -0.084136972879725103 -0.0097713598956023495
leaf_weight=117606.16659493372 629.2301659360528 2450.9298697225749 13216.312430333346 816.07536986842752 1051.5368885137141 1560.5160245075822 1270.5809984244406 226.11087103188038 28250.972077459097 108.03448624163866 698.6418129093945 3484.4318810962141 1405.2207333669066 2543.7091175094247 327.19473434239626 2175.6262375488877 7381.1879256218672 568.34195858240128 2366.0793724171817 433.6237312592566 234.92457516491413 260.92283028364182 1960.1537132076919 533.99489717185497 1256.718749884516 5262.5094548724592 227.65270535647869 950.4429883249104 247.79186286777258 617.97679672762752 274.10475950315595 518.89286955073476 1862.0225258953869 67966.015389308333 241.80669029802084 1104.6715928167105 2516.4413480609655 586.50122905895114 2242.7494715750217 3318.9763462543488 2653.228550426662 319.43309742957354 593.97326390445232 6001.8216127306223 1174.6394209079444 7.7513968683779231 1206.9913765266538 196.84345052018762 5211.5399147830904 529.03451704978943 269.02992589399219 740.82425857335329 2348.1897479519248 3219.0233817398548 107.48495310172439 324.26964200288057 217.98013660311699 591.64353654161096 932.12877307459712 10770.526955708861 4275.1078225597739 4416.3102182596922
leaf_count=3399667 4452 14627 368195 10736 6500 30286 6046 947 158114 1097 3758 91790 6884 13306 1524 10459 40874 12260 46574 8719 1219 2707 33618 2605 11105 28952 996 8024 1264 10570 1279 5460 32079 397573 3080 12997 11409 2648 10322 16025 60586 3359 4426 77440 10658 67 5598 1123 120463 14128 2125 9018 18433 17084 1090 1760 3327 3667 5741 300942 114137 29329
internal_value=-0.00475706 0.0915841 -0.0871204 -0.0388323 0.00464625 0.034877 0.116588 0.010393 0.119454 0.0832025 0.0665658 -0.0406004 0.0301863 0.0643864 -0.0201347 0.0354145 0.0967321 -0.0993353 -0.0159847 -0.0823376 -0.0566982 -0.0243168 0.00470283 -0.03155 0.0318448 0.0262335 0.0238988 0.0487908 0.105755 0.0221878 0.00687888 -0.0361149 -0.0286493 0.122302 -0.0911726 -0.0234198 0.0216328 0.0514019 0.0669478 0.0867638 -0.0927751 0.0115104 0.0267885 -0.0186051 -0.0260301 -0.0611843 0.013298 0.0541005 -0.062693 -0.0316064 -0.00511504 0.0235575 -0.00414924 0.106493 0.0657648 0.0623786 0.0253858 0.0293761 0.0904254 -0.0945202 -0.075921 0.00737989
internal_weight=326864 150649 176215 35575.9 19698.6 46099 104550 30597.1 101192 15501.9 8316.96 11381.7 3357.1 4975.49 13782.1 16815 13050.9 140639 7655.43 23033 7418.98 13454.9 5289.35 12243.5 3329.19 14639.4 14413.2 1211.37 2791.5 3938.91 3240.27 11709.5 10149 96217 3726.24 1951.88 14185.6 3102.94 5669.76 3427.01 15877.3 2183.99 1864.55 8287 7176.46 2660.98 11082.7 1403.83 7184.05 1972.51 1443.48 1009.85 2966.17 4378.05 1159.02 2072.47 847.21 1110.54 1256.4 15614 4843.45 9678.82
internal_count=5635248 960604 4674644 691966 263118 348856 611748 265911 584088 82945 58714 204404 27660 28401 174450 91461 68318 3982678 109534 583011 155672 172926 62960 162195 29342 81002 80055 10731 14570 34040 30282 159590 129304 555687 94870 20776 79059 14057 27444 17122 428848 13831 10472 97225 88098 60653 65002 6721 154453 33990 19862 11143 29003 24674 7590 18237 7779 9127 7501 427339 126397 58281
is_linear=0
shrinkage=0.1


Tree=14
num_leaves=63
num_cat=0
split_feature=31 29 31 12 21 28 31 9 14 41 29 18 19 14 19 27 43 9 3 9 36 21 20 27 41 24 12 33 14 41 19 20 24 41 14 43 21 41 12 24 14 19 14 14 14 41 41 41 12 9 45 42 43 3 25 14 41 14 42 12 28 27
split_gain=227094 20015.6 10046.7 7754.48 4945.18 4687.43 2489.12 2080.78 1868.66 1672.33 1573.84 1568.18 1467.52 1451.38 823.816 788.208 724.537 703.4 699.984 693.552 634.964 566.138 532.857 493.787 429.228 422.774 413.82 408.049 384.118 376.022 588.742 364.41 370.927 363.727 362.001 329.508 313.539 313.472 564.734 311.685 390.117 303.733 296.129 293.45 290.211 790.667 281.738 279.6 544.313 279.216 277.035 284.492 328.307 274.547 379.645 264.779 258.749 314.671 250.362 248.732 242.901 242.177
threshold=0.015262134373188021 1.0000000180025095e-35 -0.13284322619438169 54.72370910644532 0.12701612710952762 1.0000000180025095e-35 0.11745354533195497 45.53429031372071 0.93750000000000011 0.80909091234207164 1.0000000180025095e-35 1.0000000180025095e-35 49.890829086303718 0.93750000000000011 97.969490051269545 1.0000000180025095e-35 0.96315684914588939 45.867485046386726 39.500000000000007 92.718276977539077 5.5000000000000009 0.26491229236125952 99.80237197875978 1.0000000180025095e-35 0.88194444775581371 6.5000000000000009 75.181159973144545 -2.0008010864257808 0.27922078967094427 1.0000000180025095e-35 95.67297744750978 98.421009063720717 6.5000000000000009 1.0000000180025095e-35 0.44949495792388922 0.98122024536132824 0.74456521868705761 0.84523808956146251 48.834688186645515 7.5000000000000009 0.64583334326744091 79.324596405029311 0.18333333730697635 0.73214286565780651 0.31666667759418493 0.63333335518836986 0.80909091234207164 0.53571429848670971 62.622549057006843 51.66851997375489 0.94701936841011058 0.97182542085647594 0.99760764837265026 41.500000000000007 3.5000000000000004 0.31666667759418493 0.35416667163372045 0.2264957278966904 0.2237871587276459 88.273490905761733 1.0000000180025095e-35 1.0000000180025095e-35
decision_type=8 2 10 2 2 2 10 2 2 10 2 2 2 2 2 2 8 2 2 2 2 2 2 2 10 2 2 2 2 8 2 2 2 10 2 10 2 8 2 2 2 2 2 2 2 8 10 8 2 2 2 2 10 2 2 2 10 2 2 2 2 2
left_child=2 6 16 29 11 13 7 41 9 17 26 18 -9 15 31 46 -1 -7 20 47 -5 53 28 35 49 55 44 37 -11 30 -4 32 -10 59 -35 -12 -34 -8 42 -36 -41 -2 -39 50 45 -6 -3 48 -18 -17 51 -30 -53 54 -21 -26 -43 -58 -32 -19 -25 -15
right_child=1 5 3 4 10 8 27 12 14 22 23 -13 -14 61 -16 24 19 33 -20 21 -22 -23 -24 60 25 -27 -28 -29 43 -31 58 -33 36 34 39 -37 -38 38 -40 40 -42 56 -44 -45 -46 -47 -48 -49 -50 -51 -52 52 -54 -55 -56 -57 57 -59 -60 -61 -62 -63
leaf_value=-0.1024011970349854 -0.095197305612010522 0.031858327263619222 -0.087201057151490444 0.030186654352601656 0.096267438382990317 -0.04276347882268753 0.11363161070998407 0.016865423807792285 0.010321355069332409 -0.09807216228641108 -0.024038635514172856 -0.096741359086927547 0.1122279744224934 0.058141549983845145 0.0954147324031967 0.040248388551417408 -0.074386339256368048 0.063283849400772182 -0.07045878291722811 0.012174429536727791 -0.038939793404268411 0.13196494038183967 0.13689649924285449 0.10592374665407883 -0.086913984190943913 0.010865371695542978 0.11781672595857554 0.12228016656164263 -0.027314262506495841 -0.10061074738475979 0.091811108034174665 0.11623499365202837 0.062905714744320648 0.0045740156044151116 0.048881450023014549 0.090842084619037422 -0.00080082214848292514 -0.12545371572069078 0.09346586346681697 0.088675113678028133 0.36304213055349432 0.031250458766464338 0.1716316824603763 -0.065363804202241679 0.13416915621868181 -0.088012381142927684 -0.048659338339100827 -0.096764719897123083 0.12481777089804527 0.10491432452264271 -0.05232333499647901 0.011911852631999606 0.16964705338485031 -0.070819034416011728 -0.10261027617328787 0.10442169700242741 -0.087250331653734511 0.15138630436685002 -0.026134896792428711 0.16955511722842762 0.028485739640089842 0.11975146404589231
leaf_weight=104903.74312390201 520.72186936810613 843.27979744970798 2784.131997924298 3226.3430201113224 593.81532661244273 1105.1007735542953 18605.801909171045 2194.2341468967497 8304.6818051971495 1114.7931525558233 2386.0387423709035 3591.2745692282915 6099.493190664798 715.94200338050723 1947.5119098722935 882.77997908368707 867.33328295126557 626.19096896052361 1779.677388060838 1022.5793449729681 2259.3321313783526 160.87536030262709 167.76305527240038 630.92598363384604 78.265922881662846 1969.6653968431056 3264.902053385973 62859.209225043654 2602.9346773140132 11697.67235834524 242.86215629801154 429.03223887085915 3095.6317184120417 2072.3658478409052 1207.0544533543289 278.85232054069638 1029.4533484876156 178.68274601921439 5994.0076764300466 168.86180578544736 74.771587669849396 790.16001980751753 41.308700188994408 2393.4342354461551 316.70669261366129 383.00031372345984 896.64940399676561 14758.201521338895 162.93602572008967 2740.7227618247271 2219.978624727577 1174.1209353990853 148.66132293641567 4309.7582075297832 401.192512024194 952.90606575459242 467.60122104734182 62.660968944430351 694.97695771604776 339.73003400862217 1131.4899154528975 5861.7873492240906
leaf_count=3338716 8923 4441 82453 28123 3873 17668 109430 13616 46459 21871 30299 101246 36441 3153 9715 4402 24658 3904 39057 12287 41443 852 819 3319 734 9469 18445 394459 28800 356396 4355 1826 14345 15617 9529 1540 5185 1332 35381 1206 554 5523 183 39193 1624 4061 7009 441982 1128 14347 28930 17354 1381 106426 11733 4857 6140 320 12368 1555 8260 34533
internal_value=-0.00468665 0.0871458 -0.0858119 -0.0386058 0.00273356 0.0320836 0.11257 0.0656495 0.00943123 -0.0149381 0.0576074 -0.042684 0.0869983 0.0779008 0.0348037 0.0502625 -0.0989617 0.0287042 -0.0159633 -0.0823209 0.00171621 -0.0530503 -0.0397952 0.0151414 0.0659952 0.0380237 0.0988518 0.117993 -0.0428657 -0.0918022 -0.0641179 0.0256239 0.0224963 0.0462982 0.0313934 -0.0120176 0.0470072 0.107137 0.0876905 0.069706 0.172879 -0.0305195 -0.0696688 -0.0356584 0.0509837 0.024013 -0.00963538 -0.0932487 -0.0428824 0.08916 -0.0240897 -0.0081237 0.029639 -0.0582416 -0.0201698 0.0898993 -0.00501316 -0.0590507 0.00440832 0.100661 0.0562077 0.113046
internal_weight=304827 142978 161849 35262 19842.4 45164.1 97813.9 10134.9 30222.1 15415.8 8985.73 10856.6 8293.73 14942 14806.3 8364.27 126587 5594.08 7265.35 21682.9 5485.68 5894.41 9821.69 4427.31 6624.34 3000.84 4558.42 87679 9653.92 15419.6 3721.97 12858.8 12429.8 4488.97 3523.05 2664.89 4125.09 24819.8 6214 1450.69 243.633 1841.14 219.991 8539.13 1293.52 976.816 1739.93 15788.5 1030.27 3623.5 6145.7 3925.72 1322.78 5733.53 1423.77 1031.17 1320.42 530.262 937.839 965.921 1762.42 6577.73
internal_count=5635248 960604 4674644 736862 281290 348856 611748 70963 265911 188381 71421 209869 50057 82945 77530 45259 3937782 50033 108623 599066 69566 131298 138348 43418 33809 15060 28003 540785 137529 455572 99176 67815 65989 32365 26906 31839 19530 146326 36896 11289 1760 20906 1515 115658 9558 7934 11450 467768 25786 18749 76465 47535 18735 130446 24020 5591 11983 6460 16723 5459 11579 37686
is_linear=0
shrinkage=0.1


Tree=15
num_leaves=63
num_cat=0
split_feature=4 29 9 19 28 11 21 13 29 13 29 21 1 7 36 20 41 9 41 7 40 41 10 26 20 10 7 19 41 45 11 26 21 44 24 7 10 41 19 26 11 41 3 38 10 41 7 24 8 25 45 30 40 26 21 30 34 13 7 41 34 9
split_gain=197419 20081.8 6258.96 9452.03 4422.34 3430.22 2230.28 1981.59 1857.69 1509.01 1494.14 1452.17 1066.23 958.371 1095.83 867.018 858.345 840.108 979.348 775.138 620.755 579.262 609.815 571.55 519.526 517.703 539.394 479.469 1135.63 475.308 454.855 393.527 380.069 370.538 369.689 367.459 358.805 347.443 337.597 335.471 318.214 315.146 306.392 303.476 279.089 338.318 284.341 268.086 268.846 267.97 265.863 236.832 330.818 238.724 293.922 236.098 233.962 229.49 507.652 225.561 327.29 222.735
threshold=1.0000000180025095e-35 1.0000000180025095e-35 50.31645584106446 75.568477630615249 1.0000000180025095e-35 41.897974014282234 0.12701612710952762 87.226108551025405 1.0000000180025095e-35 86.526824951171889 1.0000000180025095e-35 0.43874999880790716 5.5000000000000009 1.5000000000000002 4.5000000000000009 99.80237197875978 0.45000000298023229 41.206792831420906 0.6904762089252473 6.5000000000000009 1.0000000180025095e-35 0.35416667163372045 77.003208160400405 0.31666667759418493 99.80237197875978 95.311355590820327 1.0000000180025095e-35 97.575668334960952 0.45000000298023229 0.96441903710365307 98.07621002197267 0.23611111193895343 0.054093567654490478 0.6852499544620515 7.5000000000000009 1.5000000000000002 92.372333526611342 0.76388889551162731 98.092205047607436 0.23611111193895343 78.629974365234389 0.84523808956146251 21.500000000000004 28.500000000000004 82.972846984863295 0.88194444775581371 1.0000000180025095e-35 8.5000000000000018 1.5000000000000002 6.5000000000000009 0.94566515088081371 1.0000000180025095e-35 1.0000000180025095e-35 0.21111111342906955 0.45643940567970281 1.0000000180025095e-35 3.5000000000000004 65.058139801025405 1.0000000180025095e-35 1.0000000180025095e-35 4.5000000000000009 39.369100570678718
decision_type=2 2 2 2 2 2 2 2 2 2 2 2 2 2 2 2 8 2 10 2 10 8 2 2 2 2 2 2 10 2 2 2 2 2 2 2 2 10 2 2 2 10 2 2 2 10 2 2 2 2 2 2 10 2 2 2 2 2 2 10 2 2
left_child=2 5 27 8 9 11 13 17 12 23 57 -2 19 14 -7 29 43 59 51 25 44 -12 -23 -3 36 26 42 -1 61 32 41 -11 -9 -25 -35 -27 50 -36 47 -10 -30 -8 -4 -13 46 -46 -14 48 -34 -18 -20 52 53 -19 -55 -49 -31 58 -5 60 -6 -29
right_child=1 4 3 10 7 6 30 15 39 31 21 16 20 -15 -16 -17 49 18 24 -21 -22 22 -24 33 -26 35 -28 28 40 56 -32 -33 38 34 37 -37 -38 -39 -40 -41 -42 -43 -44 -45 45 -47 -48 55 -50 -51 -52 -53 -54 54 -56 -57 -58 -59 -60 -61 -62 -63
leaf_value=-0.10184657493865999 -0.073319681555285482 -0.0154655760113597 0.1037003352051224 0.093027262441298664 0.10018569985414723 0.11010928337386242 0.11064800137247111 -0.10251434795189243 -0.10159730997631199 0.042357258634600395 0.10688516142282192 0.10021293990702812 -0.058790620733023359 -0.020667476653888614 -0.011060328732042891 0.13767998323996627 -0.061618484866212589 0.017277990794547206 -0.02292371350020575 -0.057766329287958822 0.080455831291388599 -0.057374765347328688 0.034292836994011505 -0.064507007990764378 0.14608086295626882 0.23374330068537083 -0.083678101313575573 -0.0074239341516777989 -0.097581378977381533 0.036902632518946148 0.12017070470499228 0.11047811437579236 -0.014543898445852002 0.092127964983044278 0.070431873975828979 0.043121025316638861 0.061133776490590888 0.0028800296697274008 0.085443701556423973 -0.006786722104746061 0.17459989420457131 0.084612562347172696 -0.053650723828953799 0.02299667952897819 0.082682432227438374 -0.060981907530590719 -0.10161410538594913 0.077330257907543082 0.031039563149303076 0.034744962068114359 -0.060589905166342564 -0.043825949953366396 0.2029608569526028 0.24115663076133559 0.061866963514881614 -0.04852324632052054 -0.014586654053986528 0.11540364961535915 -0.09738797112679963 -0.095455048213368962 -0.070950033417440106 0.10498620539075219
leaf_weight=95463.161986302584 1106.1837662495673 1564.5970945581794 346.05695540830493 735.74684748798609 156.48529508709908 2572.3615811243653 17878.617947399616 202.10874115489423 16318.637939985842 969.14757355302572 489.90462375432253 2371.000152297318 2437.1942629143596 1474.7758642137051 1051.4479834884405 682.76421265304089 630.153494104743 1455.012928918004 5216.5609267819673 2438.1644428260624 274.58540009893477 1424.3023677244782 1479.6152904294431 254.4198907352984 167.14600622653961 108.23226844519377 751.56822083890438 1055.8450274113566 4741.5524338614196 1139.0301517285407 58911.347350135446 6786.0165164023638 1567.0982091240585 2037.6997706182301 1543.1492888331413 1540.1273864302784 395.04067558795214 1502.9541275799274 1227.9735930450261 381.93387569487095 43.346590265631676 6283.1273285001516 192.63185450434685 648.12118034437299 167.88125072792172 6943.4647611286491 4261.8620848674327 1607.0150989890099 7420.8164717555046 532.37855122610927 2924.4957728441805 298.06633525155485 134.65566370263696 104.69041460007429 722.27195076644421 164.3003239557147 3918.3181293010712 2522.4283989518881 172.91694610193372 1774.6640772297978 390.91698246262968 211.59471462294459
leaf_count=3325642 20389 11961 5723 4754 1939 14477 114117 4439 560677 4361 3502 13781 61801 9682 8977 3566 7101 12480 73773 54331 3899 28946 10545 3103 846 604 19648 22319 150959 6921 399905 42625 10710 10940 7541 12940 1860 6905 6270 8001 212 39548 4839 4521 1465 165748 141732 7138 39777 4286 44632 2051 735 715 4959 749 25869 15149 3146 44028 8604 2385
internal_value=-0.00461174 0.0801146 -0.0865731 -0.0545908 0.0262801 0.1068 0.111492 0.00526056 -0.0749618 0.0716942 0.0533467 0.0285699 -0.053966 0.0472938 0.0749519 0.0271582 0.055523 -0.0233138 -0.0121627 -0.0160824 -0.0684276 0.00630107 -0.0106679 0.0376854 -0.0285193 0.0185026 -0.0289387 -0.100116 -0.0728219 0.0227828 0.115432 0.101965 0.033476 0.0532636 0.0591574 0.0556374 -0.0319382 0.0371016 0.0357688 -0.099429 -0.0951157 0.103878 0.0474325 0.0836368 -0.0713878 -0.0575903 -0.0860344 0.0300993 0.0230918 -0.0174891 -0.0364545 0.0402763 0.0506495 0.0416618 0.0845644 0.0656566 -0.00299009 0.0998813 0.0567916 -0.0781453 -0.0220276 0.0113426
internal_weight=284290 139787 144503 42987.3 46327.4 93459.5 88171.7 31669.4 36162.3 14658 6824.91 5287.84 19461.8 5098.59 3623.81 17929.4 4181.65 13740 11417.9 5376.78 14085 3393.82 2903.92 6902.82 8703.24 2938.62 1290.26 101516 6052.34 17246.7 83073.1 7755.16 12189.3 5338.22 5083.8 1648.36 8536.1 3046.1 11987.2 16700.6 4784.9 24161.7 538.689 3019.12 13810.4 7111.35 6699.06 10759.2 8987.91 1162.53 8141.06 2714.7 2416.63 2281.98 826.962 1771.32 5057.35 3431.09 908.664 2322.07 547.402 1267.44
internal_count=5635248 1026281 4608967 1107450 389497 636784 586706 302061 1041408 87436 66042 50078 472730 33136 23454 105439 29689 196622 142051 98085 374645 42993 39491 40450 121111 43754 30210 3501517 175875 101873 553570 46986 69083 28489 25386 13544 120265 14446 64644 568678 151171 153665 10562 18302 370746 167213 203533 58374 50487 11387 118405 20940 18889 18154 5674 7887 32790 23049 7900 54571 10543 24704
is_linear=0
shrinkage=0.1


Tree=16
num_leaves=63
num_cat=0
split_feature=31 29 31 9 19 28 31 17 9 25 14 19 29 20 43 9 17 43 7 10 34 7 11 29 19 7 10 45 26 8 28 7 43 19 3 26 9 7 45 20 36 19 26 14 19 11 14 1 8 10 7 10 24 25 20 43 10 34 10 36 24 7
split_gain=174583 17638.8 9500.69 6484.33 3782.81 3517.98 2410.24 1766.37 1650.16 1383.7 1323.26 1306.9 1079.9 961.069 801.449 666.067 655.733 597.128 589.21 765.549 550.367 524.891 498.53 464.093 425.346 414.022 397.027 403.295 382.8 355.847 345.399 304.259 301.793 289.573 287.36 280.807 270.616 282.794 266.314 264.721 263.013 252.163 246.84 246.437 239.151 262.57 223.001 222.514 208.032 222.374 368.077 200.116 198.228 195.207 190.297 189.151 187.194 173.831 171.655 169.267 167.331 165.764
threshold=0.015262134373188021 1.0000000180025095e-35 -0.13284322619438169 45.867485046386726 55.705244064331062 1.0000000180025095e-35 0.11745354533195497 5.5000000000000009 49.65753364562989 2.5000000000000004 0.93750000000000011 49.890829086303718 1.0000000180025095e-35 99.80237197875978 0.97572755813598644 93.063350677490249 9.5000000000000018 0.98122024536132824 12.500000000000002 91.476997375488295 3.5000000000000004 13.500000000000002 98.07621002197267 1.0000000180025095e-35 98.295398712158217 3.5000000000000004 47.690120697021491 0.92710301280021679 0.31666667759418493 1.5000000000000002 1.0000000180025095e-35 1.0000000180025095e-35 0.98122024536132824 79.324596405029311 14.500000000000002 0.23611111193895343 67.017543792724624 1.0000000180025095e-35 0.465475544333458 98.312206268310561 8.5000000000000018 45.913782119750984 0.23611111193895343 0.2264957278966904 97.68778228759767 48.52813911437989 0.93750000000000011 9.5000000000000018 11.500000000000002 88.047618865966811 1.5000000000000002 39.369100570678718 10.500000000000002 10.500000000000002 97.57275772094728 0.44494949281215673 94.185260772705092 29.500000000000004 63.702239990234382 9.5000000000000018 6.5000000000000009 1.0000000180025095e-35
decision_type=8 2 10 2 2 2 10 2 2 2 2 2 2 2 8 2 2 10 2 2 2 2 2 2 2 2 2 2 2 2 2 2 10 2 2 2 2 2 2 2 2 2 2 2 2 2 2 2 2 2 2 2 2 2 2 10 2 2 2 2 2 2
left_child=2 6 14 20 9 10 8 13 33 18 16 48 -6 17 -1 31 28 26 19 34 43 23 61 -17 39 -21 -7 38 -3 -19 -14 40 56 -2 36 -11 -5 47 -28 46 44 -40 -12 -4 -16 -46 -9 -38 49 -10 -51 -30 -53 -26 -35 -37 -32 -24 -57 -49 -18 -8
right_child=1 5 3 4 12 7 22 24 11 35 42 -13 30 -15 15 21 60 29 -20 25 -22 -23 57 -25 53 -27 27 -29 51 -31 32 -33 -34 54 -36 55 37 -39 41 -41 -42 -43 -44 -45 45 -47 -48 59 -50 50 -52 52 -54 -55 -56 58 -58 -59 -60 -61 -62 -63
leaf_value=-0.10148092008461479 -0.090955410222445049 0.0083608548965523246 -0.04927791409744426 -0.061958438322116005 0.096018547645396468 -0.053640138003801012 0.099632162544941297 -0.047037213412146187 -0.023669797303960224 -0.10084791516417353 0.049534191959115265 0.10620832245181736 0.087244239425982154 0.13192132099462947 -0.056270599191698058 0.049112474368304668 0.035330662151602486 -0.0085993324873401642 -0.067683367418079329 0.082604662812055321 -0.095541823181269275 -0.065274632591188403 0.11710957410890213 -0.09191048015481651 0.078262658314562486 0.00039354579963102754 -0.050788471255894002 -0.0051801307141129509 0.0068076101984669568 0.073307773098509582 -0.019021736436156574 -0.10147011937050376 0.096018392823910267 0.025262957776541264 -0.06299158304186174 -0.047903824380681685 0.11592971696482163 -0.073198651012975804 -0.083442404857407865 0.056639118056349996 -0.08259392319111418 0.032543756045612791 0.11290182004094107 0.1583833722413478 -0.05699947615422845 0.13051104174963529 0.055000540898775402 0.06736199658466184 -0.062718350230184974 0.10983963786081791 0.001001769674860555 0.087922475492443863 0.043171269807765034 -0.023734466269478352 -0.05086945231193693 -0.041665508809059511 0.035660914510580517 0.039847364165705515 0.28713642630913955 -0.053458136029910765 -0.040928722981588006 0.0019128458530034685
leaf_weight=87578.515833292156 495.21755251660943 1347.2369294725358 2558.7884664107114 483.09353308007121 3777.6225822605193 896.78343137912452 21976.510430719703 6710.9134323168546 602.08214384317398 2777.5556726325303 698.75640628486872 5197.1140542030334 661.45719059184194 776.21977809816599 672.19032237306237 853.51878909021616 402.0410816334188 660.18665470555425 1445.0521108210087 1346.2076601888984 11274.894563710317 4094.7101361639798 53433.454526931047 321.17004345916212 471.03337070718408 1124.0834016986191 422.61413849145174 6324.0415475033224 481.87258422747254 2698.4985288307071 2050.345647579059 8496.9716701451689 348.93223369307816 910.75198387727141 1406.1040504612029 127.8777433577925 349.81767924316227 215.24580027535558 191.16555548273027 272.84455381520092 3030.2931916471571 9624.9217557087541 5111.725068256259 58.45266791805625 130.30191762186587 174.93758707866073 221.24455506727099 245.81981442682445 305.89322782680392 567.68168782442808 686.4768320992589 3292.3241150565445 1415.3312053196132 311.8736114539206 513.38886162638664 25.934061855077744 901.1847575455904 292.79695330560207 40.946454113349319 219.49304406344891 1012.0165188089013 174.97368747368455
leaf_count=3368936 9201 8223 67389 9431 24801 16486 146359 120095 3634 96019 3153 35533 3917 4290 21081 8951 2537 3774 32891 7713 401859 110916 391538 10861 2601 8982 2459 40043 2811 13370 25202 309454 1888 8280 32539 2393 4350 3251 3301 3023 102903 52426 34533 390 3724 956 1123 3082 3772 2787 3297 18592 7120 2920 4459 550 5796 1657 367 4052 5976 1231
internal_value=-0.00453007 0.0791683 -0.0831551 -0.0349118 0.00549781 0.027237 0.105601 0.00780595 0.0574905 -0.0357492 0.0690076 0.0790274 0.0577644 0.0226677 -0.0975517 -0.078191 0.0424986 0.0185941 -0.0109791 0.00422362 -0.0859521 -0.0483701 0.111484 0.0105556 -0.0323712 0.0451952 0.011166 0.0146749 0.0558557 0.057208 0.0212897 -0.0907573 0.00807155 -0.0250866 -0.030443 -0.0927089 -0.000203462 0.0287505 0.0269386 -0.0399778 -0.0680447 0.030285 0.105281 -0.0446401 -0.0229381 0.0504658 -0.0437806 0.0556714 0.0136927 0.0262846 0.0502661 0.0681856 0.0744683 0.0376318 -0.00218203 0.0233666 -0.00232559 0.116689 0.159638 0.0103698 -0.0192469 0.0988603
internal_weight=265292 128500 136792 31438.9 17546.8 43343.6 85156.3 29582.3 9278.61 9807.23 13761.3 7359.25 7739.54 21594.4 105353 17774.1 7950.82 20818.2 6834.92 5389.86 13892.1 5269.4 75877.7 1174.69 7987.91 2470.29 17459.5 16562.7 6536.76 3358.69 3961.92 12504.7 3300.46 1919.36 2919.57 2972.31 1513.47 1030.38 10238.7 7205 4007.72 9816.09 5810.48 2617.24 977.43 305.24 6932.16 815.131 2162.13 1856.24 1254.16 5189.53 4707.66 782.907 1424.14 194.758 2951.53 53726.3 66.8805 465.313 1414.06 22151.5
internal_count=5635248 960604 4674644 736862 267224 348856 611748 265911 70963 205620 82945 49023 61604 136149 3937782 568846 45259 131859 106291 73400 469638 130728 540785 19812 129762 16695 114715 98229 36746 17144 36803 438118 32886 21940 56705 99329 24166 14735 58186 124241 128664 55727 37686 67779 25761 4680 121218 11484 13490 9718 6084 28523 25712 5521 12739 3310 30998 393195 917 7134 8513 147590
is_linear=0
shrinkage=0.1


Tree=17
num_leaves=63
num_cat=0
split_feature=31 29 31 12 26 28 12 43 21 20 31 14 13 7 19 13 19 10 41 41 35 7 10 14 9 11 41 21 13 14 41 14 41 14 43 7 26 24 7 36 41 7 13 38 14 42 37 31 7 21 26 33 45 13 41 41 21 45 14 14 31 41
split_gain=152975 16610.9 9178.96 6257.18 3568.7 3036.39 2347.44 1837.46 1526.37 1283.17 1251.67 1251.49 1010.84 815.261 749.792 672.563 966.989 658.403 642.033 629.497 588.039 584.247 846.754 582.541 463.93 460.639 449 631.536 445.245 418.911 385.622 434.879 376.707 1044.05 371.887 348.103 330.625 328.361 326.08 347.475 301.321 300.776 284.121 276.96 265.029 263.369 260.938 258.033 255.718 255.082 252.052 244.682 231.572 227.674 228.258 225.953 222.766 228.691 218.902 214.183 288.509 210.081
threshold=0.015262134373188021 1.0000000180025095e-35 -0.1488952040672302 54.72370910644532 0.13392857462167743 1.0000000180025095e-35 57.359306335449226 0.66833332180976879 0.12701612710952762 99.80237197875978 0.24272128939628604 0.84523808956146251 89.417694091796889 1.5000000000000002 98.092205047607436 89.417694091796889 85.786437988281264 90.999099731445327 0.6904762089252473 0.88194444775581371 -92.257743835449205 12.500000000000002 92.372333526611342 0.93750000000000011 52.851875305175788 98.07621002197267 1.0000000180025095e-35 0.55277779698371898 62.115564346313484 0.13392857462167743 0.35416667163372045 0.2264957278966904 0.45000000298023229 0.31666667759418493 0.98122024536132824 2.5000000000000004 0.23611111193895343 6.5000000000000009 1.0000000180025095e-35 9.5000000000000018 0.84523808956146251 14.500000000000002 97.915760040283217 28.500000000000004 0.31666667759418493 0.99382716417312633 7.1772003173828134 0.1734898462891579 2.5000000000000004 1.0000000180025095e-35 0.23611111193895343 -73.902908325195298 0.96226152777671825 68.614070892333999 0.6904762089252473 0.80909091234207164 0.048809524625539787 0.87918603420257579 0.31666667759418493 0.31666667759418493 0.20798033475875857 0.35416667163372045
decision_type=8 2 10 2 2 2 2 8 2 2 10 2 2 2 2 2 2 2 10 10 2 2 2 2 2 2 8 2 2 2 8 2 8 2 10 2 2 2 2 2 8 2 2 2 2 2 2 10 2 2 2 2 2 2 8 8 2 2 2 2 8 10
left_child=2 6 15 26 7 11 10 -5 13 12 30 19 18 17 21 -1 20 47 28 24 41 22 38 44 -3 40 27 45 61 -14 43 -32 -6 55 56 -24 -21 58 39 53 -10 42 -17 -2 -20 -4 -36 -8 -44 -35 -13 -29 -46 -9 -55 -34 -31 -58 -38 60 -42 -7
right_child=1 5 3 4 32 9 8 14 25 -11 -12 50 29 -15 -16 16 -18 -19 23 36 -22 -23 35 -25 -26 -27 -28 51 -30 34 31 -33 33 49 46 -37 37 -39 -40 -41 59 -43 48 -45 52 -47 -48 -49 -50 -51 -52 -53 -54 54 -56 -57 57 -59 -60 -61 -62 -63
leaf_value=-0.10064262007912494 0.045371804119069811 0.014518813519952212 -0.08852873680110962 -0.094628499065883276 0.11608093246242979 0.0078798673392157879 -0.013116963507292637 -0.03313619791042121 0.10467054172644737 0.12747394765903161 0.094515883879215695 0.045093150693464742 0.14645245283431296 -0.022802012991541838 0.093085599074980985 -0.078016526665029701 0.1198755507604523 0.11163851176275344 -0.087003704299136744 -0.045122699554331361 -0.099521268398981677 -0.06586858965196303 0.072890218324697484 0.060093476881292157 0.08793363863619022 0.11523620971702334 -0.099187216398661959 0.059530296466964797 0.057813457984580152 -0.10226811910132026 -0.088384952557802501 0.12669633739214198 0.015615293813855036 -0.10264816560476991 0.063714122739600823 0.0082759208724458282 -0.087864918098737782 0.0022050903241672788 -0.082806887260827133 -0.049007926772696976 -0.11348113125489574 -0.063531394733730887 0.23348669120930576 -0.046221932183555303 -0.020045770272049467 1.0265117440182701 -0.049729249002541463 0.10045483202020267 0.020523507623837676 0.086522626976851633 0.10976864139641873 -0.035996548801990352 -0.057875255875918401 0.094388267760551037 0.0079006719867695599 -0.095177585765262487 0.025276944488911081 -0.0011120246179056985 0.090161520404819576 0.083258598531697106 0.062676375325056752 -0.066447510160722353
leaf_weight=83137.232025630772 1025.4333956390619 1227.6530917733908 2195.979399709031 3016.0631165914237 1401.8719201274216 1231.3538144044578 835.27845401316881 830.59002683870494 15479.868261910975 859.15656369924545 1764.6100540906191 690.05362398177385 257.6485033929348 1177.7436747178435 707.4077781829983 283.39775862917304 252.02541329711676 1869.1851898096502 1011.5293377581984 862.47462389618158 5723.6617610324174 1756.0393829289824 1466.5352413579822 638.37293421477079 2880.2269812375307 49989.827237490565 9988.402080943808 475.19203964434564 1582.6258073337376 170.50161423906684 862.58160051517189 105.50611869432032 313.6539751701057 73.065144130960107 2252.7909869328141 1932.4444542527199 75.35097923129797 1917.6031191162765 902.59765724465251 1846.8854547385126 131.38427766039968 3535.0737896505743 63.801849976181984 486.87734907865524 4950.8288081288338 2.1203281171619883 222.81233006343246 263.04734326899052 484.92458602041006 2918.4255639240146 4753.1611611098051 615.36001709848642 2403.8853644728661 422.88404403068125 1096.0933305900544 445.56209428422153 6930.6760553009808 6241.4246737807989 828.41694327443838 4981.4421489983797 318.01242196559906 550.17085254378617
leaf_count=3494952 6581 6655 81829 109865 9315 14110 5668 14207 112833 4956 10671 3156 1207 7337 4419 7634 1504 12136 23594 7005 235347 43437 8895 2973 16544 398163 399616 11654 10369 3520 13234 631 2745 1558 11026 15538 731 9453 22509 40573 775 102918 451 4918 72899 58 1225 1521 4635 18799 34549 15530 40053 3195 17507 5954 35395 35656 4852 35118 2162 8928
internal_value=-0.00444513 0.0754366 -0.081752 -0.0358908 0.000715882 0.0250239 0.102482 -0.0255078 0.106575 0.0070689 0.0301373 0.0647785 0.00343212 0.0475933 -0.00648912 -0.0976508 -0.0736026 0.0755317 -0.0180593 0.0390767 -0.0784348 -0.0133586 -0.00250787 -0.0319851 0.0659934 0.110023 -0.0886353 -0.0565865 0.0192151 0.0199676 -0.0156631 -0.0649445 0.0718535 0.0553229 0.0179074 0.0361546 0.00906171 0.0256255 -0.0282799 -0.0165519 0.0975604 -0.0507989 0.00329221 0.0158839 -0.039011 -0.0874531 0.0535039 0.0140833 0.0452853 0.0819023 0.10157 0.00562787 -0.0324103 0.00896019 0.0319789 -0.0494059 0.0113028 0.0127729 0.0753187 0.0772938 0.0111755 -0.0150739
internal_weight=247717 121830 125887 32407.2 19130.1 42538.7 79290.8 13977.5 75045.8 29303.8 4245.01 13234.9 28444.6 4145.25 10961.5 93480.1 10342.9 2967.51 12368.8 7791.73 10090.9 10254.1 8498.03 9004.62 4107.88 70900.5 13277.1 3288.65 3364.15 16075.9 2480.4 968.088 5152.58 3750.71 15818.2 3398.98 3683.85 2821.37 5099.05 4196.45 20910.7 4367.2 832.124 1512.31 8366.24 2198.1 2475.6 1098.33 548.726 2991.49 5443.21 1090.55 7354.71 2349.57 1518.98 759.216 13342.6 13172.1 903.768 5430.84 449.397 1781.52
internal_count=5635248 960604 4674644 827203 318516 348856 611748 280145 575713 265911 36035 82945 260955 26662 170280 3847441 352489 19325 172926 45240 350985 165861 122424 139519 23199 549051 508687 109071 33407 88029 25364 13865 38371 29056 86822 24433 22041 15036 97991 75482 150888 115638 12720 11499 136546 81887 12251 7189 5086 20357 37705 27184 112952 34909 20702 8699 74571 71051 5583 38055 2937 23038
is_linear=0
shrinkage=0.1


Tree=18
num_leaves=63
num_cat=0
split_feature=31 29 31 12 26 28 31 43 9 13 20 19 13 43 19 11 13 3 41 13 41 21 26 0 41 11 9 41 26 7 41 12 43 11 7 8 45 42 43 12 19 19 12 31 40 0 24 40 7 10 3 7 37 21 21 19 21 18 29 20 24 26
split_gain=134106 15658.6 8874.38 5686.7 3023.55 2624.48 2237.11 1674.42 1278.68 1152.49 1121.31 1108.37 828.603 702.971 634.417 586.025 582.056 549.445 545.794 527.896 439.761 578.421 360.161 359.466 351.405 786.501 342.037 337.67 337.478 330.846 323.384 449.85 306.399 303.172 266.114 265.329 251.854 258.27 270.11 250.183 805.505 248.14 224.242 246.748 223.543 312.381 221.421 240.642 214.668 300.187 301.558 236.51 213.429 207.218 200.681 250.124 195.894 212.19 204.037 225.22 212.99 193.609
threshold=0.015262134373188021 1.0000000180025095e-35 -0.1488952040672302 53.001201629638679 0.13392857462167743 1.0000000180025095e-35 0.11745354533195497 0.66833332180976879 49.65753364562989 88.493064880371108 99.80237197875978 49.890829086303718 89.417694091796889 0.97448912262916576 98.092205047607436 98.07621002197267 96.362434387207045 39.500000000000007 0.76388889551162731 62.593282699584968 1.0000000180025095e-35 0.55277779698371898 0.23611111193895343 0.89735862612724315 0.45000000298023229 77.032970428466811 49.65753364562989 1.0000000180025095e-35 0.31666667759418493 1.5000000000000002 0.84523808956146251 48.834688186645515 0.98122024536132824 45.222154617309577 1.0000000180025095e-35 10.500000000000002 0.94701936841011058 0.91476997733116161 0.97969490289688121 62.622549057006843 87.531093597412124 79.324596405029311 52.73088455200196 0.13531848043203357 1.0000000180025095e-35 0.42732143402099615 7.5000000000000009 1.0000000180025095e-35 4.5000000000000009 97.617694854736342 17.500000000000004 1.0000000180025095e-35 7.1772003173828134 1.0000000180025095e-35 0.63961037993431102 98.295398712158217 0.048809524625539787 91.905540466308608 1.5000000000000002 93.364780426025405 8.5000000000000018 -1.0000000180025095e-35
decision_type=8 2 10 2 2 2 10 8 2 2 2 2 2 8 2 2 2 2 10 2 8 2 2 2 8 2 2 8 2 2 8 2 10 2 2 2 2 2 10 2 2 2 2 10 10 2 2 10 2 2 2 2 2 2 2 2 2 2 2 2 2 2
left_child=2 6 13 20 7 9 8 -5 41 23 12 -10 18 -1 17 30 34 19 26 -9 21 -4 -11 28 -6 -26 -7 -14 -3 -18 -8 -32 56 -20 39 48 37 -35 -39 -15 -41 -2 43 -30 -23 -46 -44 -48 49 50 51 61 -34 -27 -28 -56 -29 58 59 60 -58 -21
right_child=1 5 3 4 24 10 15 14 11 22 -12 -13 27 16 -16 -17 29 -19 33 35 -22 44 -24 -25 25 53 54 32 42 -31 31 -33 52 36 -36 -37 -38 38 -40 40 -42 -43 46 -45 45 -47 47 -49 -50 -51 -52 -53 -54 -55 55 -57 57 -59 -60 -61 -62 -63
leaf_value=-0.10102813081403161 -0.087671507109217076 -0.0058981780997861399 -0.087514231341160209 -0.093490405937265653 0.10803678661834476 -0.031873571350143619 0.099051365160450933 -0.057973752469164502 0.011583758660245601 0.032565040118966493 0.12269405299639669 0.099588205502794069 0.1361240770639221 -0.089884062679187124 0.085790198513010202 0.11213407412784385 0.13662066418236513 -0.061875696027232113 -0.097733133810011502 0.060837930446250271 -0.09949296888395387 -0.036458272484173208 0.10194183126250232 -0.065681331970150178 -0.017409272316319998 -0.10116771047018423 0.071720037572067241 -0.10128073641425706 -0.071094061240646808 -0.050038824996412892 -0.07586995110160015 0.075800615626373663 0.057856763980400919 -0.032695674544256211 -0.10092708762983878 -0.034624741769211799 -0.050500664419504841 -0.0038138497329861572 0.084983767698127433 -0.069960526866391634 0.13077495183872559 -0.0018583169155900225 0.085799509141331748 0.060707065351541939 0.2237032369315653 0.01577610581178291 0.052192613337422547 -0.033393172149628163 -0.027466449632025471 0.057683693018200449 -0.051677089230055387 -0.065716223125397225 -0.045512255944908542 0.085400177177281267 -0.0050177134765461602 0.088550343221799027 0.012693932258337795 -0.0065572485898323114 -0.016091681677279826 0.073956074347755515 0.061741956046745643 -0.0018172541246800516
leaf_weight=70907.364100772887 445.2450710721314 1395.0422890670598 1989.1520352214575 2803.4030749090016 1404.4871593657881 1108.4029728285968 14491.676985658705 1401.5032347012311 2094.7614001743495 872.36417670547962 806.11421580612659 4517.2433701641858 238.29955737292767 1812.3287702612579 692.75447314977646 45686.293638549745 97.1683265324682 1882.843388453126 628.12442554347217 1214.0359039641917 8883.8971965070814 608.4184330906719 5261.1015987694263 357.57939936965704 1198.1124492976815 61.000139430165291 929.67249467223883 155.70438119210303 301.29184137657285 4172.2156152967364 203.74667656049132 4862.7883268669248 2239.6235059313476 2811.1850217748433 6861.6196206770837 1143.7293608561158 2646.287804203108 1844.0363279953599 420.71536679193377 1076.0687675308436 245.51257959380746 1385.6536863707006 1700.0957777015865 268.7330498918891 89.314158728346229 378.27109778113663 2169.6064225584269 387.14745425805449 875.42661152034998 1875.6025222931057 683.71850585192442 260.9117456804961 219.30263618379831 2474.1493409387767 1389.3916656970978 359.6449526026845 5627.4539276473224 4346.9738817550242 1306.0052301511168 890.24180227518082 1050.6453652009368 830.61516392417252
leaf_count=3306968 9201 9711 80691 111580 10326 18879 110428 32760 13490 3960 4956 35533 1178 75869 4634 393195 922 53218 17923 14937 391372 17416 40874 2169 13727 1427 7480 3520 2427 118647 1517 35645 11036 37437 302135 18178 43537 30297 3887 41330 1570 12739 10259 1157 2203 7147 10550 1838 10456 10278 17078 4999 1225 16324 11641 1845 29162 26503 6650 4253 4502 8452
internal_value=-0.00435706 0.0719467 -0.0803281 -0.0342813 2.08939e-07 0.0230019 0.0996652 -0.0245889 0.0512287 0.0608899 0.00640278 0.0717074 0.0030799 -0.0969533 -0.00680447 0.105933 -0.0766984 -0.0131128 -0.0166425 -0.00203169 -0.0882245 -0.0555644 0.0920744 0.0318195 0.0653982 0.0493572 0.0148457 0.017972 0.0374229 -0.0457906 0.0914483 0.0697013 0.0161941 -0.0309233 -0.0899 0.00935741 -0.025489 -0.0124494 0.0126818 -0.0657565 -0.0326695 -0.0227267 0.0499434 -0.00895762 0.00349964 0.0554926 0.0578307 0.0392331 0.0181206 0.0263239 0.00664751 0.0239438 0.0486377 0.080911 0.0341774 0.0142222 0.0102304 0.0115436 0.0204101 0.0267089 0.0204105 0.035385
internal_weight=231342 115418 115924 30751.3 18802.3 41730.8 73687.4 13664.5 8442.9 12713 29017.8 6612 28211.7 85172.3 10861.1 65244.5 14264.9 10168.4 12137.5 8285.54 11949.1 3065.16 6133.47 6579.5 5137.75 3733.26 3787.11 16074.3 6221.92 4269.38 19558.2 5066.54 15836 8350.35 9995.53 6884.04 7722.22 5075.94 2264.75 3133.91 1321.58 1830.9 4826.87 570.025 1076 467.585 4256.85 2556.75 5740.31 4864.88 2989.28 2305.56 2458.93 2535.15 2678.71 1749.04 13377 13221.3 8874.35 7568.34 6678.1 2044.65
internal_count=5635248 960604 4674644 827203 328374 348856 611748 286570 70963 82945 265911 49023 260955 3847441 174990 540785 540473 170356 172926 117138 498829 107457 44834 38111 41804 31478 39845 88029 35942 119569 147590 37162 86851 133081 420904 84378 115158 71621 34184 118769 42900 21940 26231 3584 26766 9350 22647 12388 66200 55744 45466 28388 12261 17751 20966 13486 74590 71070 44567 37917 33664 23389
is_linear=0
shrinkage=0.1


Tree=19
num_leaves=63
num_cat=0
split_feature=31 40 31 12 27 31 27 39 13 19 14 19 17 1 39 17 13 19 21 18 19 18 25 41 21 7 19 17 13 17 38 18 12 7 41 11 41 14 42 38 13 19 41 14 7 19 12 7 24 41 19 20 41 41 11 14 24 21 7 20 21 19
split_gain=117435 11132.9 8596.93 5158.48 2517.05 2431.28 2129.39 1644 1473.96 1167.95 928.345 874.309 840.053 814.421 787.759 781.527 747.014 896.269 692.458 667.438 544.462 531.955 475.414 452.733 536.704 433.709 403.217 402.218 374.813 361.012 360.818 309.337 326.197 279.378 277.018 329.407 262.809 305.747 246.419 243.527 235.797 227.436 225.252 472.077 242.467 218.541 749.565 341.486 216.956 276.501 213.658 210.552 208.842 206.835 203.746 190.994 181.335 208.749 181.271 179.97 244.182 186.591
threshold=0.015262134373188021 1.0000000180025095e-35 -0.1488952040672302 53.001201629638679 1.0000000180025095e-35 0.15378896892070773 1.0000000180025095e-35 1.0000000180025095e-35 49.018096923828132 52.111026763916023 0.77500000596046459 97.833908081054702 8.5000000000000018 6.5000000000000009 1.0000000180025095e-35 4.5000000000000009 88.493064880371108 68.863315582275405 0.28801843523979193 1.0000000180025095e-35 99.760765075683608 1.0000000180025095e-35 7.5000000000000009 1.0000000180025095e-35 0.55277779698371898 4.5000000000000009 98.830371856689467 8.5000000000000018 58.123168945312507 8.5000000000000018 27.500000000000004 73.980522155761733 48.834688186645515 20.500000000000004 0.84523808956146251 97.726097106933608 0.35416667163372045 0.27922078967094427 0.45199692249298101 52.500000000000007 97.915760040283217 55.193569183349616 0.45000000298023229 0.44949495792388922 1.0000000180025095e-35 97.68778228759767 60.158729553222663 1.0000000180025095e-35 7.5000000000000009 0.88194444775581371 98.706874847412124 99.80237197875978 0.26785714924335485 1.0000000180025095e-35 21.680376052856449 0.93750000000000011 7.5000000000000009 0.56385868787765514 5.5000000000000009 98.124923706054702 0.62731480598449718 91.813587188720717
decision_type=8 8 10 2 2 8 2 10 2 2 2 2 2 2 10 2 2 2 2 2 2 2 2 8 2 2 2 2 2 2 2 2 2 2 10 2 10 2 2 2 2 2 10 2 2 2 2 2 2 10 2 2 10 8 2 2 2 2 2 2 2 2
left_child=2 6 16 23 13 8 11 10 30 39 20 15 26 25 -11 38 45 19 21 33 27 -15 -13 24 -4 -5 31 -7 -20 42 36 32 -8 40 35 -14 -3 -38 -2 -10 -18 -40 -6 44 -44 -1 53 -48 -29 -50 -24 -33 -31 -47 -26 -36 -34 -58 -42 60 -43 -62
right_child=1 5 3 4 29 7 12 -9 9 14 -12 22 34 18 -16 -17 17 -19 28 -21 -22 -23 50 -25 54 -27 -28 48 -30 52 -32 51 56 -35 55 -37 37 -39 41 -41 58 59 43 -45 -46 46 47 -49 49 -51 -52 -53 -54 -55 -56 -57 57 -59 -60 -61 61 -63
leaf_value=-0.10098639648818952 -0.052253274197838442 0.046665364181895347 -0.085966378845876074 0.027786440245772644 0.11414005424158546 0.075940658994297208 -0.063004460495135403 -0.023524399620094654 0.016458771937342201 0.092935362121359624 0.10970836204383914 0.087669919383586439 -0.0031909116930996725 -0.033008501499207782 -0.041152684558252849 -0.048879989752122821 -0.072713345446202157 0.091104092283843405 -0.056666142741607251 -0.10122388549684778 0.094831107677964932 -0.092160802117437532 -0.060665321138679777 -0.098969282545497472 0.074642199418996955 -0.034463510200127105 0.085391155754035344 0.058694367931082271 0.039494477146859004 0.067972140472089451 -0.069805435973553431 0.029599368971767067 0.055116877029475632 -0.060026673726526217 -0.051124377347204056 0.12450950537047223 -0.079157793300273838 0.09869928460500782 -0.084954905420533092 -0.076885748396443437 0.096620950710096534 0.021199881608467013 0.029783265326333408 0.093469013000022833 -0.10555716395592039 0.01524001728390635 0.12125305543930386 -0.1006839985281778 0.038024588308308488 -0.070095897021658402 0.060477667108555899 0.1101898896352449 -0.030511870597535892 -0.10030471339026859 -0.023375080107770382 0.12809767514313466 0.1398245551724244 0.05775103051243733 -0.01111001563011981 0.065803026350328114 0.071665137366294915 -0.015832888671151301
leaf_weight=65726.984011711553 795.25998271256685 806.94781251065433 1830.6442477311939 3522.8414425477386 999.02680878899992 7029.9852658882737 162.56550778821111 1115.1440825536847 2011.2307219970971 6985.6531308405101 35556.442697834224 1452.8570081368089 839.29180297255516 3443.4876856151968 467.45950155332685 4318.2944275457412 286.3064939994365 335.30205451697111 585.62542819231749 4691.0007504355162 19415.32363498956 2722.1404480785131 398.87887801416218 8078.8879765048623 289.74640981853008 1640.3992865532637 3581.7984683997929 913.56309938803315 1316.6836957298219 332.66067898087204 967.55114820227027 6089.176524695009 1205.7941735610366 3169.9493880718946 1141.3809389453381 266.02458924800158 457.49806144274771 122.54307590611279 270.27419072762132 324.6003183554858 280.6027055233717 4633.610070142895 1187.0540833417326 1766.3758517112583 148.9861133992672 166.40300236828625 263.3602255564183 94.100304525345564 539.55195739492774 421.14867183752358 229.2677658572793 342.41356367990375 610.44199516624212 2246.2514052465558 791.08415423892438 62.729455798864365 819.34147495217621 498.4095090739429 352.26320772990584 511.20981714501977 257.72770032845438 4484.8099355157465
leaf_count=3371635 11022 5438 80691 43247 7274 55690 3011 10063 11301 57472 324285 8625 6706 75735 4051 86015 9011 2784 13794 237163 162109 110860 3144 391372 6534 32234 26726 7981 10619 2679 13595 42193 7967 104013 15620 2111 7252 863 4711 3841 2098 23870 9688 12640 1934 5715 1533 1508 4267 5057 1347 2335 7670 107547 20232 325 4877 3432 4434 2434 1530 29338
internal_value=-0.00426481 0.0685202 -0.0788321 -0.0326461 -8.89159e-05 0.0891737 0.0192914 0.096848 0.0481014 0.0651881 0.0989494 -0.00456549 0.046873 -0.0230039 0.0845254 -0.0128517 -0.0962479 -0.0693545 -0.0428514 -0.0754822 0.0854411 -0.0591244 0.0562418 -0.0867851 -0.052976 0.00800918 0.0569617 0.0649665 0.00989145 0.0600141 -0.0229359 0.0457935 0.0742951 -0.0459515 -0.00860491 0.0275437 0.00975991 -0.0415826 0.00135286 0.00348709 0.00258945 0.00554978 0.0728422 0.0595437 0.014691 -0.0998268 -0.0723128 0.0628289 0.0238048 -0.0093729 -0.0164492 0.03389 0.0042264 -0.0923355 0.00290115 -0.0417876 0.0831399 0.108782 0.0366562 0.00802375 0.00487349 -0.0110779
internal_weight=216374 109496 106879 29266.1 18275.7 77134.6 32361.1 64991.2 12143.5 9788.94 63876 17352.2 15008.9 13231.2 7453.11 15271.2 77612.5 9115.42 8067.94 8780.12 28319.6 6165.63 2081 10990.4 2911.47 5163.24 12699.5 8904.25 1902.31 5044.55 2354.54 9117.7 2686.11 4089.12 2309.43 1105.32 1386.99 580.041 10952.9 2335.83 919.172 10157.6 4101.44 3102.42 1336.04 68497.1 2770.11 357.461 1874.26 960.701 628.147 6431.59 943.103 2412.65 1080.83 1204.11 2523.55 1317.75 632.866 9887.36 9376.15 4742.54
internal_count=5635248 960604 4674644 827203 328374 673265 287339 569452 103813 76665 559389 172036 115303 286489 61523 158920 3847441 359503 211008 356719 235104 186595 13116 498829 107457 75481 90541 72995 24413 41885 27148 63815 19287 119556 24762 8817 13553 8115 72905 15142 15543 61883 31536 24262 11622 3487938 116303 3041 17305 9324 4491 44528 10349 113262 26766 15945 16276 8309 6532 57172 54738 30868
is_linear=0
shrinkage=0.1


Tree=20
num_leaves=63
num_cat=0
split_feature=0 10 19 29 11 21 29 10 41 25 28 19 41 3 20 27 7 14 17 27 11 7 10 14 7 41 41 21 28 19 18 17 14 45 44 41 45 41 10 41 41 21 28 11 10 7 10 41 14 7 14 34 36 7 17 14 24 30 17 28 27 24
split_gain=76300.7 15465.4 12776.6 12775.8 5923.88 2618.39 2530.54 2350.05 2036.51 2031.93 1855.62 1352.36 1280.45 1133.72 921.959 893.639 872.455 867.883 675.404 637.5 620.215 655.777 613.877 576.243 1006.18 558.23 538.282 451.044 420.653 408.035 405.127 382.229 351.335 341.333 328.077 533.064 327.822 327.545 327.033 329.326 319.856 307.926 302.951 283.128 261.521 297.634 260.862 498.374 265.165 251.506 246.596 245.038 241.796 240.743 239.153 238.511 236.437 234.675 224.85 223.246 222.858 212.113
threshold=0.4666274785995484 48.934240341186531 57.790622711181648 1.0000000180025095e-35 43.826219558715827 0.15075758099555972 1.0000000180025095e-35 45.867485046386726 0.45000000298023229 2.5000000000000004 1.0000000180025095e-35 96.437637329101577 0.45000000298023229 8.5000000000000018 99.80237197875978 1.0000000180025095e-35 1.5000000000000002 0.93750000000000011 5.5000000000000009 1.0000000180025095e-35 98.213714599609389 1.0000000180025095e-35 75.147060394287124 0.73214286565780651 7.5000000000000009 0.88194444775581371 0.35416667163372045 0.11882352828979494 1.0000000180025095e-35 97.833908081054702 48.900966644287116 5.5000000000000009 0.31666667759418493 0.88673365116119396 0.97489494085311901 0.45000000298023229 0.54049381613731395 0.45000000298023229 66.287876129150405 0.45000000298023229 0.84523808956146251 0.054093567654490478 1.0000000180025095e-35 97.915760040283217 94.804317474365249 1.0000000180025095e-35 63.702239990234382 0.45000000298023229 0.31666667759418493 1.0000000180025095e-35 0.93750000000000011 3.5000000000000004 4.5000000000000009 18.500000000000004 11.500000000000002 0.31666667759418493 6.5000000000000009 1.0000000180025095e-35 7.5000000000000009 1.0000000180025095e-35 1.0000000180025095e-35 8.5000000000000018
decision_type=2 2 2 2 2 2 2 2 8 2 2 2 10 2 2 2 2 2 2 2 2 2 2 2 2 10 10 2 2 2 2 2 2 2 2 10 2 8 2 8 10 2 2 2 2 2 2 10 2 2 2 2 2 2 2 2 2 2 2 2 2 2
left_child=1 11 9 4 8 16 46 26 59 13 17 34 42 22 18 29 44 25 27 -11 21 37 -3 -15 52 54 -5 -12 -17 38 61 43 -14 36 -1 -36 -29 -7 39 -8 -20 -21 -13 -27 45 -6 47 -4 -49 -10 -42 -35 -25 -18 -9 -28 57 -33 -39 -2 -19 -30
right_child=3 2 6 7 5 20 15 10 49 19 14 12 32 23 -16 28 53 60 40 41 -22 -23 -24 24 -26 31 55 33 30 -31 -32 56 -34 51 35 -37 -38 58 -40 -41 50 -43 -44 -45 -46 -47 -48 48 -50 -51 -52 -53 -54 -55 -56 -57 -58 -59 -60 -61 -62 -63
leaf_value=-0.098403893896497882 0.060691439619454161 -0.047005246815720436 0.11067922552572806 -0.0062427957803082605 0.065177147480858927 0.11008466264172843 0.052568908259972714 0.077601535272555033 -0.04355542436047119 -0.10108745354391938 -0.1009997920143888 0.096997500034193329 -0.091845557189710963 -0.079583347119128067 0.12299194625230166 0.094022021710463324 0.0046172078645381146 0.034698178927614599 0.019345964601256274 -0.10254218420774826 0.11027391521652415 -0.071267689692594741 0.051004166856340065 0.077178386419725006 -0.053583961092982482 0.0067282300193716466 -0.095063513294918134 -0.039934872809498811 0.031853473962552996 0.092415725350905531 0.013757913683223206 -0.073868398056660053 0.083733064198295432 0.025515074171238397 0.098751742885960878 -0.079533332489783323 0.032742896002792274 0.081250206114615267 -9.6097653341301848e-05 -0.073966848008892777 -0.052724010551811022 0.049430066547695661 0.001152640297148699 0.10499062941504266 0.1121331931522761 -0.11372184290253146 0.09961410441549591 -0.07268817083032153 0.053387843125241641 -0.10371001168262312 0.060466732234036841 -0.017105033161521104 -0.029872572513248243 -0.077992761443069991 -0.037913332432308745 -0.014602443782723818 -0.057552007159519518 0.099585328433425158 -0.0011784993124445862 -0.020599554430863247 0.10179252502318728 0.15908433406278077
leaf_weight=58730.987024536356 2420.3830623123795 964.08903442323208 688.5355933662504 1329.9243646971881 458.08038082532585 4879.7331740874797 246.64598636701703 2043.0765039194375 1516.3045230582356 10839.573378389701 354.95595799386501 591.62997885607183 1972.9559887256473 4579.415043938905 629.08245865441859 1486.5307583808899 2625.5193272866309 576.0142069850117 921.26384340412915 192.53805517032743 37274.382288895547 260.06698947027326 1895.6065558549017 876.72258543409407 4355.3282793890685 889.27491031773388 2470.3329797424376 677.02097113244236 218.23959911614656 401.09464310482144 2683.091785473749 121.19056233949959 120.95370156317949 1934.8986536357552 216.06483324803412 749.30996818095446 7451.6636086534709 9415.0557105708867 5527.2725617140532 1238.4685734231025 3499.8326680548489 433.5393177755177 745.15047562681139 437.48755857348442 1096.6720895692706 116.6852620113641 5922.4115927442908 338.66948878020048 328.76300620101392 1283.2590803671628 203.67085549980402 4454.7518102861941 277.86458807997406 407.5230910629034 196.46010906621814 432.98950405605137 1108.1524872053415 218.87229936942458 342.98486107587814 392.6321658026427 3522.4675382897258 327.9203841406852
leaf_count=3196068 24556 26620 5844 23760 4260 43440 3222 12701 41979 573918 18071 7267 92573 192060 4416 11201 20911 2808 9468 7168 379478 4767 17071 6589 137657 4951 116804 3801 1585 2179 23235 900 931 11449 3904 35075 40789 82499 55701 43535 73033 7751 14190 2888 8859 1935 52862 8050 3226 64094 1197 28898 7679 10000 962 3924 6895 1414 3157 5438 31496 2089
internal_value=-0.00417518 -0.0622613 -0.0166207 0.0605612 0.087266 0.096938 0.0439411 0.0107077 -0.0107476 -0.0647622 0.0207894 -0.0939447 -0.0328896 -0.037616 0.00383846 0.0159693 0.0254861 0.0582276 -5.89486e-06 -0.0954205 0.103381 0.0861347 0.0179623 -0.053369 -0.0315817 0.0303281 -0.0589296 0.0103724 0.0500021 -0.0056793 0.0297383 0.00035433 -0.0817033 0.0130954 -0.0974534 -0.0396306 0.0266897 0.0889312 -0.0112901 -0.0529519 -0.0333827 0.00269392 0.0435715 0.0391293 0.083497 0.0288582 0.0905555 0.0509903 -0.0105858 -0.071129 -0.0464992 -0.00419891 0.0514154 -0.00648236 0.0674682 -0.0830639 -0.0351689 0.0377704 0.0783529 0.0493451 0.0923629 0.108244
internal_weight=202912 106949 43822.3 95962.7 62489.3 56876.7 19407.6 33473.4 5612.58 24414.7 29240.1 63127.1 3430.69 12949 20127.1 12129.3 4704.48 9113 19498.1 11465.7 52172.2 14897.8 2859.7 10089.3 5509.92 5014.51 4233.25 14873.3 4715.78 7413.48 3229.25 2774.98 2093.91 14518.3 59696.4 965.375 8128.68 14637.8 7012.39 1485.11 4624.77 626.077 1336.78 1326.76 1671.44 574.766 7278.38 1355.97 667.432 2799.56 3703.5 6389.65 1154.59 3033.04 2239.54 2903.32 1448.22 340.063 9758.04 2813.02 4098.48 546.16
internal_count=5635248 4539250 1189242 1095998 695373 559306 212729 400625 136067 976513 256137 3350008 114961 387676 191122 142747 45965 65015 186706 588837 513341 133863 43691 343985 151925 30711 144488 103008 38110 104637 26909 17048 93504 84937 3235047 38979 44590 129096 102458 46757 83698 14919 21457 7839 15054 6195 69982 17120 11276 106073 74230 40347 14268 30911 13663 120728 9209 2314 85656 29994 34304 3674
is_linear=0
shrinkage=0.1


Tree=21
num_leaves=63
num_cat=0
split_feature=31 29 31 12 31 26 26 13 35 28 14 34 17 40 33 3 35 13 29 41 34 36 20 30 29 40 39 34 41 41 41 14 35 12 20 35 7 18 42 31 13 7 24 17 18 45 13 45 20 9 33 13 34 10 1 42 28 8 14 24 42 14
split_gain=90502 13273.2 7713.51 4585.31 2377.46 2234.41 1716.56 1079.4 1110.61 1033.46 795.398 765.211 764.542 635.921 605.76 555.005 531.187 526.408 478.151 448.497 480.317 406.169 388.137 593.353 442.498 407.916 878.979 378.185 312.517 301.19 297.83 348.567 276.049 273.243 281.806 259.798 259.446 245.939 236.085 231.575 226.494 375.219 224.028 220.216 217.57 217.239 207.858 207.388 203.123 200.181 198.224 193.093 181.494 181.485 178.607 170.855 165.624 165.605 157.625 156.038 151.446 149.338
threshold=0.0087758675217628496 1.0000000180025095e-35 -0.17549317330121991 53.001201629638679 0.13531848043203357 0.34848485887050634 0.21111111342906955 52.419982910156257 -47.164339065551751 1.0000000180025095e-35 0.84523808956146251 4.5000000000000009 5.5000000000000009 1.0000000180025095e-35 -2.0008010864257808 39.500000000000007 -46.666666030883782 92.907444000244155 1.0000000180025095e-35 1.0000000180025095e-35 4.5000000000000009 7.5000000000000009 80.604629516601577 1.0000000180025095e-35 1.5000000000000002 1.0000000180025095e-35 1.0000000180025095e-35 4.5000000000000009 0.88194444775581371 0.35416667163372045 0.84523808956146251 0.27922078967094427 -20.007972717285153 60.943256378173835 48.672149658203132 -38.774728775024407 4.5000000000000009 81.977397918701186 0.91476997733116161 0.39746910333633428 74.464202880859389 1.0000000180025095e-35 6.5000000000000009 5.5000000000000009 92.342185974121108 0.59420704841613781 58.123168945312507 0.92710301280021679 97.68778228759767 54.653680801391609 -73.902908325195298 59.053649902343757 29.500000000000004 69.804355621337905 3.5000000000000004 0.97726097702980053 1.0000000180025095e-35 14.500000000000002 0.31666667759418493 11.500000000000002 0.23606810718774798 0.73214286565780651
decision_type=8 2 10 2 10 2 2 2 2 2 2 2 2 8 2 2 2 2 2 8 2 2 2 2 2 10 10 2 10 10 8 2 2 2 2 2 2 2 2 10 2 2 2 2 2 2 2 2 2 2 2 2 2 2 2 2 2 2 2 2 2 2
left_child=2 4 17 19 7 11 12 32 57 10 28 -5 27 16 30 21 -13 -1 35 20 50 36 37 25 -25 47 -27 45 51 49 -6 39 -2 -29 -35 -19 59 -11 -31 60 41 -7 58 53 -36 -3 -18 -24 56 -14 -4 -8 -16 -44 55 -47 -34 -9 -30 -15 -32 -40
right_child=1 6 3 5 14 40 9 8 -10 22 -12 13 29 15 52 -17 46 18 -20 -21 -22 -23 23 24 -26 26 -28 33 42 38 31 -33 48 34 44 -37 -38 -39 61 -41 -42 -43 43 -45 -46 54 -48 -49 -50 -51 -52 -53 -54 -55 -56 -57 -58 -59 -60 -61 -62 -63
leaf_value=-0.099785640475088283 -0.082459533518883035 -0.026253457909745294 0.055740459118299349 0.042898312351828914 0.091522848797455175 0.06151580413694481 0.02991404531976205 0.017962144538440066 0.093274830885569773 0.042454226174640342 0.09987220025784066 -0.099156845833952137 -0.01318023637498069 0.023604267205506707 0.10740496427189972 -0.057447832425976536 -0.074567163367531622 -0.049209576131320293 -0.098561594190465229 -0.098595188372915268 -0.081340919738530901 -0.037864463834362115 0.024293536852471858 -0.0655257827575466 0.17085903585048559 0.20278560753600866 -0.037309507648217437 -0.084727570211110562 -0.084495148630552422 -0.070449806369885695 0.040582799374598806 0.071658966734224588 0.055543782564874133 -0.10433334046424342 0.011578031365297068 0.099884297784342588 -0.021041442592457559 0.17045572641270734 -0.0041434625708619962 0.061382236677463987 0.099504144393042226 -0.098304719205181482 -0.012245771612823114 -0.040794932820042921 -0.030558267065787445 -0.0029750993000069357 -0.0046345627719590107 -0.018770147333940859 -0.045087040215287866 0.0895488926274218 -0.036114100254954699 0.083077201176398219 0.016656281998403355 0.075340441028862101 0.059406346155958648 0.032161157508698031 -0.022916506249930618 -0.06851814624486581 0.074156324538291171 0.096562714496146562 -0.11240229117949736 -0.049635938641248184
leaf_weight=55202.555736543611 489.85819604620337 809.5163892749697 434.66767330467701 1719.9621864594519 11477.31850457564 1614.6614879071712 1129.6694557163864 2169.2068191021681 4474.010475859046 2192.2473826725036 3591.9681579992175 1925.8180240020156 571.48463858291507 3200.8147414457053 35028.840475328267 2177.2543322723359 608.63382905721664 3292.1648604646325 3016.2751496825367 7721.4596739858389 1871.0360645409673 1967.4823399614543 3301.3228486254811 1391.7459426429123 83.968067612498999 342.43039366975427 274.88003596290946 435.34584157541394 68.865615397691727 1940.3071457259357 90.285806208848953 3626.2045018523932 734.83352160081267 263.86369099840522 4915.0160995125771 121.17524243146181 1366.8110639005899 161.13909921981394 1545.6093692239374 237.52540238946676 1526.1077529378235 161.60156025364995 507.51881149038672 882.04133003018796 1632.4232655279338 2040.3075304497033 1408.8214096054435 1691.1869770176709 594.26323260739446 283.92579380422831 511.29215796850622 1728.6254645362496 221.77994734793901 443.14204217493534 1482.9820680096745 4301.9013638570905 424.44749144464731 246.60525722429156 690.89531338214874 322.69676019251347 228.4120420627296 1353.4788040667772
leaf_count=3391539 12171 5015 9729 15237 106135 14200 6492 12450 43712 17470 34614 107473 7538 39194 387679 76596 20857 117974 182035 455003 97806 55472 26001 12554 575 1841 2424 12835 864 41882 616 31785 6359 6043 27582 897 19847 923 28467 1715 12623 2822 2363 4416 11500 13801 16444 15642 5676 1484 13282 12801 1385 2787 9787 24053 5000 3843 4882 3387 1684 25985
internal_value=-0.00406379 0.061393 -0.076729 -0.0337481 0.0911355 -0.00307852 0.0168113 0.0441554 0.0637722 0.039178 0.0633376 -0.0197785 -0.0023475 -0.0280848 0.0995637 -0.0134612 -0.0615913 -0.0966316 -0.0695518 -0.0861347 -0.0519802 0.000503954 0.0160326 0.00434586 -0.0520755 0.019188 0.0958745 0.00892471 0.0392618 -0.0337828 0.0831978 0.0603525 -0.0160909 -0.00791999 -0.00301082 -0.0439167 0.0159404 0.0512186 -0.0434516 -0.0133582 0.0712503 0.0469756 0.0141195 -0.0048078 0.00107251 0.0230616 -0.0257321 0.00970594 0.00244933 0.0209174 0.00609299 0.0620658 0.106834 0.0285818 0.0281632 0.0208577 0.0268171 0.00913427 0.059776 0.0302861 -0.0690622 -0.0253822
internal_weight=190273 100101 90171.3 28539.1 60043.6 18000.7 40057.8 9133.22 6889.82 18481.6 9042.73 14698.3 21576.2 12978.3 50910.4 9035.06 3943.27 61632.2 6429.62 10538.5 2817 6857.8 9438.92 7085.53 1475.71 5609.82 617.31 15881.4 5450.76 5694.81 15659.7 4182.43 2243.4 7246.65 6811.3 3413.34 4890.32 2353.39 4839.4 556.223 3302.37 1776.26 2592.46 1832.7 6547.44 8634.71 2017.46 4992.51 1753.54 855.41 945.96 2858.29 35250.6 950.661 7825.19 6342.21 1159.28 2415.81 759.761 3523.51 318.698 2899.09
internal_count=5635248 982831 4652417 959972 620210 384152 362621 89211 60005 146649 69219 354507 215972 339270 530999 194496 144774 3692445 300906 575820 120817 117900 77430 59037 13129 45908 4265 110616 34605 105356 141935 35800 29206 57960 45125 118871 62428 18393 96334 4015 29645 17022 15312 9566 39082 52656 37301 41643 17035 9022 23011 19293 389064 5150 47641 37854 11359 16293 5746 42581 2300 54452
is_linear=0
shrinkage=0.1


Tree=22
num_leaves=63
num_cat=0
split_feature=31 29 31 31 13 26 19 36 13 28 19 19 14 19 33 29 43 17 3 19 21 43 13 38 19 30 29 21 40 17 21 20 19 29 39 20 21 7 13 21 19 33 31 20 13 31 14 19 14 24 30 19 0 7 10 34 1 13 7 24 24 14
split_gain=79168.8 13396.6 4852.64 3825.63 3095.52 1817.08 1728.97 1516.61 1238.4 1033.4 945.868 864.942 814.917 809.652 715.247 520.529 506.631 495.295 486.388 469.95 453.828 403.973 427.058 381.653 376.956 365.182 475.687 356.849 297.459 291.559 288.816 356.373 285.108 271.837 270.297 263.54 261.838 471.565 258.767 267.253 281.501 257.105 235.694 228.482 227.049 414.482 220.877 219.497 214.429 210.968 357.267 205.536 196.506 187.974 270.917 186.386 183.469 181.682 181.827 172.443 166.642 165.178
threshold=-0.023041337728500363 1.0000000180025095e-35 -0.19403144717216489 0.11745354533195497 45.867485046386726 0.21111111342906955 54.595132827758796 12.500000000000002 44.25611877441407 1.0000000180025095e-35 1.0000000180025095e-35 67.806350708007827 0.84523808956146251 53.717523574829109 -2.0008010864257808 1.0000000180025095e-35 0.98894992470741283 8.5000000000000018 35.500000000000007 97.833908081054702 0.70710784196853649 0.97705537080764782 97.220077514648452 23.500000000000004 96.437637329101577 1.0000000180025095e-35 1.5000000000000002 0.75595238804817211 1.0000000180025095e-35 9.5000000000000018 0.64852941036224376 98.006622314453139 91.813587188720717 2.5000000000000004 1.0000000180025095e-35 94.513019561767592 0.17752101272344592 1.5000000000000002 37.590579986572273 0.41885964572429663 96.884704589843764 -57.885099411010735 0.11745354533195497 96.881942749023452 41.444372177124031 0.30716219544410711 0.58571431040763866 98.441547393798842 0.11805555596947671 8.5000000000000018 1.0000000180025095e-35 54.211238861083991 0.89735862612724315 2.5000000000000004 64.89996719360353 3.5000000000000004 2.5000000000000004 65.058139801025405 1.0000000180025095e-35 9.5000000000000018 5.5000000000000009 0.44949495792388922
decision_type=8 2 10 8 2 2 2 2 2 2 2 2 2 2 2 2 10 2 2 2 2 8 2 2 2 2 2 2 10 2 2 2 2 2 10 2 2 2 2 2 2 2 10 2 2 10 2 2 2 2 2 2 2 2 2 2 2 2 2 2 2 2
left_child=2 3 21 7 24 8 10 11 42 12 18 53 29 -10 44 57 20 19 46 30 38 -1 -23 -9 -4 28 -27 -21 47 51 33 32 -32 35 -30 59 37 -16 -11 49 43 -13 -3 60 45 -5 -6 -22 -46 -40 -51 -7 -53 54 -2 56 -34 58 -8 -15 -41 -50
right_child=1 5 4 14 6 9 15 23 13 16 -12 41 -14 17 36 -17 -18 -19 -20 27 25 22 -24 -25 -26 26 -28 -29 34 -31 31 -33 55 -35 -36 -37 -38 -39 39 40 -42 -43 -44 -45 48 -47 -48 -49 61 50 -52 52 -54 -55 -56 -57 -58 -59 -60 -61 -62 -63
leaf_value=-0.10074688811430908 -0.054827154310063145 -0.090227164022642969 -0.095314299084384935 0.0053632160258563358 -0.040483074191368623 -0.095281653132469835 0.059135024825451077 0.025577605501042017 -0.093964553980490223 -0.067334894246254481 -0.094126546444208495 0.010256480108329233 0.09755036744888626 0.0098235348432666562 0.088123467764013391 0.009687500558599519 0.07724193537863544 -0.036451405381899338 -0.052317181675013251 0.081011683002565033 -0.031303683687994271 -0.091407816537064104 -0.041877018381107196 -0.055410690106388411 -0.045086274875201428 -0.10907761276065109 0.20609637232419342 0.0077136526862641433 0.17529361353179751 -0.012632728111048716 0.060726114637545209 0.055881130933363887 -0.017564824925549082 -0.0769542394360474 -0.051936868675345305 0.08232505870243273 0.10677052934658188 -0.06432359470486558 0.035281509238192017 -0.027112729693447142 0.12559921722978123 0.087819838796521513 -0.0065961616856924409 0.096982601967279855 0.10157928494990975 0.091361977171342965 0.014432022749899437 0.044145628669954091 0.061647968898880912 0.16982563302640713 -0.050795169902149787 0.053632293531172687 -0.052060648151127265 -0.021381770951002299 0.044346925335789475 -0.037744124496679958 0.040395335624665567 0.10366412057118167 -0.098312724690678421 0.064280549726460287 0.01811259673518175 0.089220451781254609
leaf_weight=45740.108446662314 322.34580058325082 1970.6954243276268 7548.4311821972951 1097.6389562878758 925.0558545878157 100.50000865198672 574.69091548584402 817.85965023562312 876.17649973556399 305.26679899543524 2050.5601863944903 474.44726237282157 3367.4742599725723 5744.4704287173226 1340.2938462793827 2078.3560311812907 1067.044087767601 2613.6613949304447 2475.4794326471165 1504.2595526892692 2067.0208528116345 5938.9105768240988 2462.541729843244 2016.5418612044305 1862.9183788048103 677.12287041638047 51.531740674749017 1189.3613694887608 158.09951683878899 1033.5526374597102 442.43086232896894 741.44612113106996 2349.9476985540241 292.13200873881578 78.262755746953189 646.69068600423634 31447.309281401336 239.10953469574451 668.70240711700171 1231.8781364094466 220.47820433415473 4306.3055107481778 406.49828599952161 277.19696128275245 4441.6956711374223 1145.0861699432135 3517.4437643410638 474.00377608090639 4629.7934864163399 353.80000383779407 92.614839038811624 4308.7571683963761 183.39434410817921 1054.0930142095312 1893.2568639088422 3560.5910830078647 711.49322147853673 1280.9115918548778 84.078533654101193 646.9756986387074 2406.0774189047515 4093.9265102818608
leaf_count=3131500 6326 92425 480425 7545 27185 3136 5212 13685 32270 12667 121723 7193 34908 39717 12472 28465 6773 47707 93778 9621 19271 361322 88260 50485 77298 6692 323 6544 898 7678 3107 4203 18039 2435 765 3994 381967 1224 5183 9923 1400 42633 5521 2049 45580 8989 47736 3116 45787 2222 791 30309 961 10079 11236 31588 5439 10349 1755 4243 18764 40357
internal_value=-0.00395543 0.0536664 -0.0808497 0.084436 -0.0417019 0.0110399 -0.0100543 0.0308663 -0.00746537 0.0339716 -0.0344769 0.0530149 0.058642 0.000168198 0.0964748 0.0444588 0.0120667 0.00420259 -0.0167961 0.010162 0.00439239 -0.0970449 -0.0768899 -0.0320417 -0.085372 -0.0237788 -0.086788 0.0486471 -0.0072482 0.0353539 0.00331326 -0.0100727 -0.0169949 0.0175678 0.100055 0.0214912 0.104775 0.0650442 0.0221694 0.027373 0.015658 0.0801224 -0.0759263 0.00946681 0.0786836 0.0492723 0.00299712 -0.0172293 0.0836938 0.0708201 0.124055 0.0461531 0.0493173 0.01338 0.0299182 -0.0221876 -0.00409461 0.081716 0.03904 0.015336 0.00279848 0.0745874
internal_weight=178679 102139 76539.5 59319.7 22397.9 42819.6 12986.6 10884.8 23696.8 19122.8 8968.54 8050.45 8993.68 21319.6 48434.9 4018.04 10129.1 20443.5 6917.98 17829.8 9062.06 54141.6 8401.45 2834.4 9411.35 3506.04 728.655 2693.62 2777.39 5626.2 15136.2 7805.91 7064.46 7330.27 236.362 7038.14 33026.7 1579.4 5556.01 5250.75 4135.63 4780.75 2377.19 3915.15 15408.1 2242.73 4442.5 2541.02 13165.4 1115.12 446.415 4592.65 4492.15 3269.7 2215.6 6622.03 3061.44 1939.68 658.769 6391.45 3637.96 8723.72
internal_count=5635248 1160240 4475008 685558 893926 474682 336203 141637 306853 167829 290422 77467 76992 208907 543921 45781 90837 176637 168699 128930 84064 3581082 449582 64170 557723 31065 7015 16165 24050 42084 112765 62376 58173 50389 1663 47954 395663 13696 52999 40332 32136 49826 97946 30736 148258 16534 74921 22387 131724 8196 3013 34406 31270 27641 17562 55066 23478 17316 6967 43960 28687 86144
is_linear=0
shrinkage=0.1


Tree=23
num_leaves=63
num_cat=0
split_feature=31 29 31 31 12 12 26 36 26 21 11 19 31 44 34 35 29 3 40 9 19 21 29 29 41 12 35 14 41 19 41 20 21 41 45 36 14 19 13 29 41 14 7 14 41 20 13 18 7 7 12 2 25 34 7 14 14 14 19 13 41 34
split_gain=69332.8 12263.8 4797.77 3675.7 3008.46 1710.71 1485.89 1388.81 1225.85 879.663 746.997 735.096 574.029 539.651 509.766 498.784 618.176 438.413 415.926 390.659 384.079 567.296 376.718 347.954 323.652 308.661 307.985 306.231 299.039 415.855 292.265 284.7 371.061 283.307 267.488 258.498 253.014 251.658 246.295 245.955 243.888 505.829 230.194 272.588 225.344 221.111 210.705 205.071 204.103 201.855 200.331 186.108 195.383 181.91 177.953 174.567 173.625 169.195 172.693 169.113 167.378 214.878
threshold=-0.023041337728500363 1.0000000180025095e-35 -0.19790396094322202 0.13531848043203357 55.646631240844734 52.73088455200196 0.13392857462167743 10.500000000000002 0.21111111342906955 0.12701612710952762 98.07621002197267 49.890829086303718 0.13531848043203357 0.99760764837265026 8.5000000000000018 -4.164165496826171 1.0000000180025095e-35 41.500000000000007 1.0000000180025095e-35 93.40579986572267 97.833908081054702 0.75595238804817211 1.0000000180025095e-35 1.5000000000000002 0.84523808956146251 63.733076095581062 -30.434782028198239 0.27922078967094427 1.0000000180025095e-35 95.67297744750978 0.86607143282890331 98.124923706054702 0.64852941036224376 1.0000000180025095e-35 0.94834014773368847 5.5000000000000009 0.93750000000000011 91.813587188720717 74.464202880859389 2.5000000000000004 0.45000000298023229 0.31666667759418493 1.5000000000000002 0.84523808956146251 0.26785714924335485 83.645103454589858 91.734970092773452 95.862876892089858 3.5000000000000004 1.0000000180025095e-35 65.419578552246108 0.60829696059227001 4.5000000000000009 29.500000000000004 1.0000000180025095e-35 0.31666667759418493 0.13392857462167743 0.31666667759418493 64.882766723632827 99.206348419189467 1.0000000180025095e-35 7.5000000000000009
decision_type=8 2 10 10 2 2 2 2 2 2 2 2 10 2 2 2 2 2 10 2 2 2 2 2 8 2 2 2 8 2 8 2 2 8 2 2 2 2 2 2 8 2 2 2 8 2 2 2 2 2 2 2 2 2 2 2 2 2 2 2 8 2
left_child=2 3 19 7 28 12 15 9 11 42 24 -7 60 30 25 16 17 35 20 -1 31 -22 -21 -20 -5 44 -18 50 29 -4 59 32 39 -14 -15 48 -32 -34 49 47 -8 -42 43 54 51 -36 -39 -13 -6 -11 -26 52 -9 -12 -2 -46 -52 -30 -59 -10 61 -3
right_child=1 5 4 10 6 8 40 14 13 38 53 18 33 34 -16 -17 26 -19 23 22 21 -23 -24 -25 27 -27 -28 -29 57 -31 36 -33 37 -35 45 -37 -38 46 -40 -41 41 -43 -44 -45 55 -47 -48 -49 -50 -51 56 -53 -54 -55 -56 -57 -58 58 -60 -61 -62 -63
leaf_value=-0.099610546869022432 0.024119389540878979 0.032911542521988434 -0.083923787683321149 0.085502065344002162 0.039630069763326281 -0.096297243343952579 0.11137466195383733 -0.0099351066526240459 0.028965445045010418 0.057749593868071096 0.10492312136437246 0.009452519018638925 0.098841735889666216 0.059183041723942093 -0.065669775314091003 0.058624125688884615 -0.097816645353939219 -0.054338256037489076 0.19742287645584991 -0.043019104301383435 0.074146455304935605 -0.01051307865815386 -0.098627720681078571 -0.083602202796144276 -0.076101725330902051 0.072221171442798424 -0.026604779249252326 0.062780374672993813 -0.099048955965524418 0.012895287295718667 -0.023822918210155024 0.054381554828810047 0.046282716675212533 -0.043244815916661072 0.066731673838444042 -0.031296498308085487 0.035970939094961012 -0.045084972286287946 0.097064678410869368 -0.078273196939024195 -0.054736886009771592 0.068636296854170289 -0.011942633211309991 0.10073077134478331 -0.080099199127187937 0.0096830933099244509 -0.011703379901508009 0.14805709791469693 -0.0097078846285391842 -0.118323381032296 0.10533418504136016 -0.02648659031788116 0.12117129276413477 0.012200077085065804 -0.12881449674837972 0.13882605545599566 -0.071737302183280477 -0.055749066781885875 0.51039389550314251 0.12281178474187193 -0.099142094538432979 -0.084378202397894092
leaf_weight=44047.387383019552 953.0956730665639 249.71935112588108 1455.7023987472057 10153.860755514354 1688.6816012337804 769.22932180389762 648.13566856272519 206.38927602116019 2799.1921228636056 1764.5392917124555 29326.432769142091 7860.7268199762329 284.86105401441455 7641.9569922890514 1448.1488221734762 643.50254439655691 1762.1792643480003 2241.8576381085441 189.82638202421367 2530.5394604010507 1655.8122759275138 1516.3705336842686 2349.1532818665728 57.375477913767099 285.20106788724661 598.1922107078135 926.72300788480788 3269.0346869602799 6245.1319344071671 638.08864799421281 2527.6814580596983 791.81582764163613 503.98141157161444 276.58177727274597 938.98835268989205 1866.4688554247841 982.83556856587529 3428.2870558071882 3264.569012966007 318.55547463707626 431.8120866175741 1442.4010743871331 1668.7827574014664 518.4963777475059 502.7974329451099 2457.4340203106403 4216.4157966189086 108.21474551595747 1665.3519275849685 67.60550198610872 166.83615800738335 486.3160211276263 253.01558445766568 213.12116062641144 82.68554356880486 39.267158754169941 82.885972179472446 13.094170921482148 9.1549988985061628 206.15972757339478 1791.4111628439277 417.06690476555377
leaf_count=3286791 8060 5015 94758 107108 20296 31926 5294 3008 18971 18439 386445 68745 1886 59929 44601 5541 118822 91692 1015 99164 10803 9782 171931 493 1962 5579 17831 32035 445780 15220 23355 5199 4225 3648 7883 59303 6484 52657 36557 3541 7363 12304 12929 3131 14107 22041 25945 704 21895 989 1345 3780 2416 1384 687 276 720 892 131 1669 91766 17000
internal_value=-0.00384275 0.050878 -0.0792848 0.0817934 -0.040123 0.0101258 -0.0106049 0.0324298 0.0157443 0.0547385 0.095246 -0.000312742 -0.0623854 0.0353342 -0.0200878 -0.0267517 -0.0321638 -0.0173507 0.00326321 -0.0966364 0.00170084 0.0336774 -0.0697899 0.132197 0.0761817 0.0115565 -0.0732737 0.051303 -0.0871374 -0.0544179 0.0125134 -0.00418699 -0.00700854 0.0288461 0.0488052 -0.00146699 -0.0070825 -0.0221612 0.0805963 0.00789035 0.0584974 0.0402116 0.0138489 0.0415405 -0.0128348 0.025455 -0.0266734 0.0113347 0.0151327 0.0512526 -0.0188378 0.0166295 0.0622713 0.104254 0.0119108 -0.0642403 0.0465619 -0.0980683 0.177205 0.0354031 -0.0832223 -0.0404518
internal_weight=167947 97341.8 70605.4 55351.3 21678.3 41990.5 13317.1 11853.9 38970.9 8319.77 43497.4 21416.6 3019.64 17554.2 3534.13 10794.8 10151.3 7462.36 20647.4 48927.1 20400.2 3172.18 4879.69 247.202 13957.8 2085.98 2688.9 3803.96 8361.17 2093.79 6515.87 17228 16436.2 561.443 11038.4 5220.5 3510.52 8148.68 5096.71 8287.5 2522.35 1874.21 3223.06 1554.28 1487.79 3396.42 7644.7 7968.94 3354.03 1832.14 534.923 945.721 459.405 29539.6 1035.78 542.065 249.722 6267.38 22.2492 3005.35 2458.2 666.786
internal_count=5635248 1160240 4475008 685558 917122 474682 360341 154559 355367 80792 530999 215035 119315 140332 73767 335380 329839 193186 183109 3557886 181601 20585 271095 1508 143170 29166 136653 36062 556781 109978 50479 161016 155817 5534 89853 101494 29839 82827 55985 72990 24961 19667 24807 11878 23587 29924 78602 69449 42191 19428 4027 9204 5424 387829 8747 14383 2065 446803 1023 20640 113781 22015
is_linear=0
shrinkage=0.1


Tree=24
num_leaves=63
num_cat=0
split_feature=31 26 31 19 12 12 12 19 13 14 41 26 11 43 41 21 29 13 41 41 14 41 9 41 14 43 13 43 20 29 8 1 44 29 14 42 21 43 14 29 28 14 24 14 19 41 13 43 21 43 42 33 18 24 14 37 12 42 27 32 41 31
split_gain=60675.2 11648.9 3982.12 3246.65 2612.24 2279.94 1814.94 1408.73 946.673 917.875 1516.18 930.554 788.731 762.166 580.274 445.86 454.461 428.65 428.509 424.886 392.911 534.595 438.433 390.831 567.126 323.75 352.183 322.192 308.231 333.957 451.442 307.634 304.554 303.563 303.352 291.168 284.547 283.636 293.461 280.111 637.329 273.112 345.573 392.333 269.738 366.155 267.548 254.873 246.236 209.758 206.475 203.877 190.07 188.229 184.182 183.12 175.759 168.772 167.803 166.27 164.886 157.29
threshold=-0.036646515130996697 0.88194444775581371 -0.2123737037181854 99.052112579345717 57.359306335449226 52.73088455200196 48.331480026245124 68.194953918457045 53.427228927612312 0.93750000000000011 0.80909091234207164 0.44949495792388922 98.213714599609389 0.49390153586864477 1.0000000180025095e-35 0.8834841549396516 1.0000000180025095e-35 98.213714599609389 0.45000000298023229 1.0000000180025095e-35 0.44949495792388922 0.53571429848670971 91.715686798095717 0.45000000298023229 0.31666667759418493 0.97705537080764782 97.498435974121108 0.39464733004570013 99.80237197875978 1.0000000180025095e-35 4.5000000000000009 7.5000000000000009 0.89731609821319591 1.0000000180025095e-35 0.31666667759418493 0.28759397566318518 0.71714287996292125 0.43316149711608892 0.73214286565780651 1.0000000180025095e-35 1.0000000180025095e-35 0.44949495792388922 6.5000000000000009 0.31666667759418493 97.575668334960952 0.35416667163372045 60.943256378173835 0.9783390760421754 0.18350168317556384 0.98122024536132824 0.97726097702980053 -73.315315246582017 97.446762084960952 7.5000000000000009 0.18333333730697635 7.1772003173828134 85.215545654296889 0.24068965762853625 1.5000000000000002 2.5000000000000004 0.63333335518836986 0.29153905808925634
decision_type=8 2 10 2 2 2 2 2 2 2 10 2 2 8 8 2 2 2 8 8 2 10 2 8 2 8 2 8 2 2 2 2 2 2 2 2 2 8 2 2 2 2 2 2 2 8 2 10 2 10 2 2 2 2 2 2 2 2 2 2 8 8
left_child=2 3 25 5 44 19 14 13 -5 10 17 27 18 -6 35 -10 -17 20 -8 32 21 22 46 -9 60 -1 -27 -11 29 30 -29 -15 -2 -26 -12 -3 37 -36 47 40 -38 42 43 51 -4 -46 -7 -39 -32 -31 -49 -20 -18 -22 -16 -51 -53 -34 -13 -45 -25 -37
right_child=1 6 4 8 7 9 12 23 15 11 34 58 -14 31 54 16 52 -19 41 -21 53 -23 -24 24 33 26 -28 28 -30 49 48 -33 57 -35 36 61 39 38 -40 -41 -42 -43 -44 59 45 -47 -48 50 -50 55 -52 56 -54 -55 -56 -57 -58 -59 -60 -61 -62 -63
leaf_value=-0.10048138999694434 -0.058864843393134858 0.07148495055407153 -0.096047586319976147 0.0043384142395565773 -0.095992627256874921 0.0096041594752912102 0.10063051717002247 0.10896637299237047 0.093788663210097989 -0.079628793650921181 -0.087540189060894905 0.099119229113085766 0.10661489499745402 -0.00074699043795699999 -0.072418523014331979 0.097610975598158289 0.023353676263923262 0.12513248385983092 0.072466892550337336 -0.093286589002711751 0.043387319122224439 -0.056469401764719464 -0.054691489294768796 0.063614179581347727 0.094862727890336784 -0.091210137348620962 -0.039997746228434307 0.077668376384656512 0.11410158590732128 0.0066255712094835471 -0.0035860483378192982 -0.042204867993424267 0.13859154908277438 0.014094013237391673 -0.093389962455964787 -0.055742242819284332 0.061278161165467561 -0.0054592367392819648 -0.040695276491749241 -0.044045386212455288 -0.49563488930512706 0.083642525223412381 0.072185752469517014 -0.11203834300020586 0.013759875796060647 -0.090471268226310589 0.060869648501477969 0.013494444227466732 0.10231741176018086 0.051141585894584556 0.11534705049041637 -0.13217010552942704 -0.069683075576911627 0.10830163066867174 0.16670530468039868 -0.054082638929146644 0.043074160490681454 0.003774130208559818 0.054162808951753974 0.044972882922632934 -0.088287961589877062 0.085080162108650825
leaf_weight=36731.13619547803 715.07530729006976 1016.5986185912043 6473.5181637238711 1924.8129943758249 1607.9696970684454 1933.0772182466462 4396.0557603025809 719.70426493231207 6858.7874499484897 325.59806625917554 700.35520543530583 1645.6482053734362 22749.5828843005 3884.7085420694202 798.98298202268779 806.47985444962978 875.57522328943014 455.69068973883986 86.999859916046262 2440.780339310877 1973.8542515803128 977.14701883681118 603.83309456892312 84.576421876437962 859.66301175951958 4601.8030821233988 1896.1158075667918 2018.4107181522995 346.82969173789024 11949.782181435265 1692.2434036191553 3319.1461701290682 138.98939368408173 1014.4452401427552 409.99977823253721 357.11946921981871 39.071216247975826 6117.3976544653997 2145.1849868576974 2338.2116968631744 43.346120588481426 3399.6322856098413 2519.032165421173 70.113711357116699 573.33824897464365 817.72133962064981 2150.5294794831425 507.4768100567162 252.2791386153549 1821.7320744358003 327.4618967063725 292.9026041822508 293.0911697819829 577.3449400709942 33.563841622322798 181.90189446881413 71.129051748663187 279.75268894713372 1675.677501514554 1772.192132037133 460.73439098894596 101.96032835915685
leaf_count=3055578 29718 10494 506329 20626 117603 17424 50970 6431 78596 10940 14403 20179 328953 88026 24403 10724 6322 3599 842 136299 17596 12969 3524 990 6788 337881 75422 18719 3097 66190 14835 122956 2315 10041 17894 5310 417 81852 38974 26562 430 38483 27105 796 13886 54901 14071 4119 3241 9411 2761 3273 1932 4424 197 1027 760 5330 13980 19470 11911 949
internal_value=-0.00373297 0.0466533 -0.0798259 0.0183539 -0.042705 0.00696319 0.0898874 -0.0132513 0.0678864 0.0133126 -0.00146939 0.0276829 0.095496 -0.0337432 0.00397438 0.0817328 0.0398683 0.0307276 0.0754335 -0.0697886 0.0254914 0.0108153 0.0248415 0.0442716 0.0250269 -0.0968415 -0.0762662 0.0189717 0.0207295 0.018922 0.0445404 -0.0198485 -0.0192043 0.051143 -0.0235777 0.0416349 -0.0198222 -0.0120289 -0.0083622 -0.050432 -0.231622 0.061945 0.0466171 0.0185322 -0.0874627 -0.0475114 0.0366018 0.00161436 0.0101537 0.0116461 0.0534409 -0.0650609 2.08838e-05 0.0580776 -0.0627783 0.0415887 -0.0979287 0.0485229 0.0764378 0.0389974 -0.0647283 -0.024466
internal_weight=158254 95209.3 63044.6 57543.4 19815.5 46784.7 37665.9 11950.9 10758.7 43210.1 21300 21910.1 35357.6 8811.82 2308.23 8833.93 1975.15 8671.48 12608.1 3574.6 8215.79 5664.59 4687.44 3139.12 2419.42 43229.1 6497.92 18588.8 18263.2 17916.3 3962.93 7203.85 1133.82 1874.11 12628.5 1475.68 11928.2 9507.52 9097.52 2420.63 82.4173 8212 4812.37 2293.34 7864.58 1391.06 4083.61 6952.34 1944.52 13953.4 834.939 451.032 1168.67 2551.2 832.547 2003.63 364.032 418.742 3321.33 1842.31 545.311 459.08
internal_count=5635248 1226505 4408743 714500 939862 596300 512005 364746 118200 422638 261019 161619 470652 328585 41353 97574 18978 73607 141699 173662 70008 47988 35019 36161 29730 3468881 413303 127460 116520 113423 36795 210982 37363 16829 187412 16753 173009 145600 127706 27409 847 90729 52246 25141 575116 68787 31495 88732 18076 76628 6880 4875 8254 22020 24600 10438 4033 7645 34159 20266 12901 6259
is_linear=0
shrinkage=0.1


Tree=25
num_leaves=63
num_cat=0
split_feature=31 26 31 19 12 12 12 17 19 28 14 11 29 21 29 31 3 13 25 26 34 14 14 17 29 13 35 14 19 19 42 40 35 7 26 36 20 42 14 21 13 7 19 14 7 7 13 42 14 33 25 10 29 19 25 14 17 25 8 44 21 14
split_gain=53094.7 10789.6 3942.2 2843.63 2459.09 1943.33 1697.69 1288.18 1203.91 915.518 890.136 844.569 696.017 521.495 484.068 409.341 397.396 379.596 456.249 361.927 330.643 326.199 382.983 321.451 320.5 314.037 330.263 301.373 279.94 279.476 243.52 239.901 233.895 227.432 538.891 394.252 225.419 224.52 224.024 214.895 209.196 201.111 193.805 200.022 216.385 184.435 174.948 173.618 171.661 265.406 183.44 182.25 169.882 214.42 168.587 162.383 159.248 157.7 156.711 156.377 150.44 147.978
threshold=-0.036646515130996697 0.88194444775581371 -0.21587483584880826 98.441547393798842 57.359306335449226 52.73088455200196 48.074073791503913 5.5000000000000009 68.194953918457045 1.0000000180025095e-35 0.93750000000000011 98.213714599609389 1.0000000180025095e-35 0.70710784196853649 1.5000000000000002 0.30716219544410711 41.500000000000007 49.018096923828132 10.500000000000002 0.095454547554254546 7.5000000000000009 0.93750000000000011 1.0000000180025095e-35 10.500000000000002 1.0000000180025095e-35 97.220077514648452 -92.257743835449205 0.6904762089252473 97.311748504638686 97.575668334960952 0.26138715445995336 1.0000000180025095e-35 -12.194816589355467 1.5000000000000002 -1.0000000180025095e-35 3.5000000000000004 99.333301544189467 0.91476997733116161 0.73214286565780651 0.41885964572429663 69.00656890869142 3.5000000000000004 67.806350708007827 0.15476191043853763 1.0000000180025095e-35 1.0000000180025095e-35 65.545505523681655 0.25143676996231085 0.44949495792388922 -7.1428585052490225 7.5000000000000009 75.716625213623061 1.0000000180025095e-35 96.884704589843764 6.5000000000000009 0.15476191043853763 10.500000000000002 5.5000000000000009 1.5000000000000002 0.76961538195610057 0.81534090638160717 0.2264957278966904
decision_type=8 2 10 2 2 2 2 2 2 2 2 2 2 2 2 8 2 2 2 2 2 2 2 2 2 2 2 2 2 2 2 10 2 2 2 2 2 2 2 2 2 2 2 2 2 2 2 2 2 2 2 2 2 2 2 2 2 2 2 2 2 2
left_child=2 3 25 5 29 20 15 9 12 40 17 42 16 14 19 30 27 -5 -19 28 47 22 23 -9 -10 -1 -27 45 31 -4 -3 33 -28 34 35 -11 60 -24 58 -21 -7 -29 -8 44 -44 -6 -25 -2 49 50 51 -45 -41 54 -54 -20 -40 -36 -39 -37 -15 -31
right_child=1 6 4 10 8 7 11 21 24 13 -12 -13 -14 36 -16 -17 -18 18 55 39 -22 -23 37 46 -26 26 32 41 -30 61 -32 -33 -34 -35 57 59 -38 38 56 52 -42 -43 43 48 -46 -47 -48 -49 -50 -51 -52 -53 53 -55 -56 -57 -58 -59 -60 -61 -62 -63
leaf_value=-0.099391068166626767 0.04352871457618649 0.020459808933745431 -0.095523372534987661 -0.0019022766466676819 -0.011467825409841386 0.017140873037194974 -0.044224717277857484 0.06210298202140805 0.073264849505090712 0.092181983810064705 0.093698512122506447 0.10563657735904655 -0.091940683571012649 -0.01097241873245855 -0.026395227576486643 0.07767574022540788 -0.052069452221242422 0.070815041483966959 0.06298421305604876 0.084794217104866454 -0.090281476297379051 0.065535047875691976 -0.054472047098129583 -0.042602413889326243 0.0088207133104824184 -0.033643051280237257 -0.099117033296068691 0.051421585948710963 0.08757995542820704 -0.048447475101811951 -0.056166954604034806 0.18943308088223471 0.097528331934091064 -0.0058629828816700869 -0.0039320909863131605 -0.051868349592757379 0.11517953064189966 0.040590795509452042 -0.059197140148917353 0.08108037230321212 0.073940662025846995 -0.0035089625050762374 0.092294224363290892 0.015353670272241007 -0.16709370084432776 -0.077636066318790484 0.17362421198843719 -0.047533920545380234 0.080952549800417065 -0.01952196879469879 0.088035165905687732 0.071971223070960211 -0.0019581507631722169 0.12781560252940258 0.046017851539080334 -0.0094821383545657754 0.047126097485747018 0.027378114243587673 -0.015134680043543161 0.036566916696388556 -0.069737795040519204 0.28684780485334666
leaf_weight=35269.326684944332 290.5759697323665 758.69015828613192 6025.7285563489422 1791.5187582541257 1428.3715240070596 791.90494027547538 141.20905080903322 865.42599757015705 1540.4031033655629 1596.8663184326142 4770.4307834692299 20765.609449032694 1572.4135312354192 4944.7502954797819 1922.8316170275211 554.99202698655427 2347.1763776764274 3711.3173175621778 408.03841913118958 1263.0190342944115 2248.1340436078608 425.994922099635 2974.5140047259629 636.96055625844747 1546.5019471915439 1551.5609573004767 2179.3390520671383 1163.3061274085194 554.73302426934242 1333.6723225265741 914.83022480923682 78.478957396000624 62.212514076381922 4011.9510786272585 4272.1814199248329 276.5475609479472 133.92560292035341 619.64273810386658 1537.3370668552816 720.21696603111923 3578.8368285400793 1560.7210372556001 4400.6267165346071 1213.8036417718977 32.397596999071538 597.45306950062513 39.754309467971325 749.18098468333483 3185.4171804301441 483.85828848928213 1381.8349247053266 1069.5015891939402 1568.4517972739413 198.54502385482192 1374.1597122149542 1276.8408930115402 155.07952894922346 2580.1913472646847 2719.4060632204637 721.8975585764274 477.7211635466665 13.293800283223389
leaf_count=3197743 9130 12920 518324 19865 43836 5095 2587 7439 14642 16573 61860 328953 124268 32247 18343 5020 106527 36970 2836 9073 137033 3051 52579 8598 22030 61266 188036 12245 3967 69999 23153 405 432 34656 32004 4516 1044 8956 33036 9692 36670 21103 53179 12675 411 28202 225 26780 38630 5797 15899 12781 7905 1147 7127 9111 2662 16498 47890 6568 2949 90
internal_value=-0.00360526 0.0440195 -0.0782366 0.0169329 -0.0410426 0.00525898 0.0877017 0.0111852 -0.0126492 0.0212235 0.0602087 0.0934614 -0.0317444 0.0142776 0.021443 0.00325277 -0.0184074 0.0379817 0.0512231 0.0262296 -0.0687152 -0.0200822 -0.023902 0.0217307 0.0409791 -0.0964506 -0.0691098 -0.00177304 0.0179542 -0.0863182 -0.0214282 0.0151013 -0.0936593 0.0140848 0.0225556 0.0613629 -0.0129842 -0.032692 -0.0198159 0.048988 0.0636495 0.0199493 0.0722312 0.0736286 0.0903986 -0.0309821 -0.0299 -0.0220851 0.0634927 0.0500877 0.0592773 0.0418734 0.0372762 0.0272326 0.020446 0.00806752 -0.0494545 0.00785745 -0.00479345 0.0120723 -0.0161497 -0.0451383
internal_weight=149382 91190.1 58191.5 56287.4 19129 44329.2 34902.8 41041.3 11756.3 31067.2 11958.1 32674.3 8669.44 26696.5 21140.1 2228.51 7097.03 7187.72 5396.2 19217.2 3287.89 9974.12 9548.12 1542.14 3086.91 39062.4 3793.11 4749.85 14092.8 7372.69 1673.52 13538.1 2241.55 13459.6 9447.68 2595.31 5556.4 8005.98 5031.47 5124.39 4370.74 2724.03 11908.6 11767.4 4433.02 2025.82 676.715 1039.76 7334.42 4149 3665.14 2283.31 3861.37 3141.16 2942.61 1684.88 1692.42 6852.37 3339.05 998.445 5422.47 1346.97
internal_count=5635248 1226505 4408743 714500 961266 583858 512005 410915 372853 246479 130642 470912 336181 204714 168474 41093 211913 68782 48917 150131 172943 164436 161385 16262 36672 3447477 249734 105386 115187 588413 36073 111220 188468 110815 76159 27657 36240 145123 92544 34944 41765 33348 141959 139372 53590 72038 8823 35910 85782 47152 41355 25456 25871 16179 15032 11947 35698 48502 56846 11084 35196 70089
is_linear=0
shrinkage=0.1


Tree=26
num_leaves=63
num_cat=0
split_feature=31 26 31 19 9 11 9 21 17 13 19 18 26 34 19 20 14 21 40 39 7 10 19 31 13 3 14 21 29 21 35 14 29 20 14 13 42 14 17 40 29 21 24 20 34 19 30 27 7 42 10 7 3 7 42 19 13 9 38 0 8 20
split_gain=46428.6 9938.54 3902.34 2478.77 2251.68 1693.9 1688.61 1015.81 996.257 811.664 715.874 690.349 670.792 410.683 395.014 393.968 388.41 383.731 370.683 505.67 544.827 362.784 362.664 359.24 423.328 353.901 351.968 347.86 345.382 339.718 334.366 329.689 281.452 273.179 233.325 223.93 196.031 217.387 189.23 187.702 185.485 196.03 282.408 290.768 280.341 186.468 176.649 194.496 169.923 168.946 168.495 162.859 159.647 159.429 154.516 154.115 432.681 152.331 150.781 146.977 146.905 147.872
threshold=-0.036646515130996697 0.88194444775581371 -0.21587483584880826 99.052112579345717 46.247655868530281 98.07621002197267 41.444372177124031 0.17519181966781619 5.5000000000000009 62.593282699584968 70.023040771484389 1.0000000180025095e-35 0.44949495792388922 5.5000000000000009 95.093433380126967 99.80237197875978 1.0000000180025095e-35 0.86811593174934398 1.0000000180025095e-35 1.0000000180025095e-35 1.5000000000000002 77.459678649902358 96.437637329101577 0.33672162890434271 77.032970428466811 46.500000000000007 0.93750000000000011 0.18350168317556384 1.0000000180025095e-35 0.048809524625539787 -92.257743835449205 0.93750000000000011 1.0000000180025095e-35 97.309360504150405 0.6904762089252473 70.396453857421889 0.91476997733116161 0.73214286565780651 9.5000000000000018 1.0000000180025095e-35 2.5000000000000004 0.58578431606292736 9.5000000000000018 95.393455505371108 3.5000000000000004 96.787097930908217 1.0000000180025095e-35 1.5000000000000002 1.0000000180025095e-35 0.90661337971687328 74.601570129394545 3.5000000000000004 11.500000000000002 1.0000000180025095e-35 0.21132376790046695 97.68778228759767 49.018096923828132 57.321428298950202 29.500000000000004 0.77194768190383922 1.0000000180025095e-35 59.65881538391114
decision_type=8 2 10 2 2 2 2 2 2 2 2 2 2 2 2 2 2 2 8 10 2 2 2 8 2 2 2 2 2 2 2 2 2 2 2 2 2 2 2 10 2 2 2 2 2 2 2 2 2 2 2 2 2 2 2 2 2 2 2 2 2 2
left_child=2 3 30 6 22 10 13 11 12 49 57 25 15 54 50 18 35 -11 29 20 21 -20 -4 24 33 34 36 -22 -19 -8 31 -1 59 -12 48 38 -18 60 -10 -13 41 42 43 -31 45 -43 -16 -48 52 58 -14 -36 -6 -24 -2 -32 -57 -3 -5 -9 61 -38
right_child=1 5 4 9 7 -7 8 32 16 17 23 39 14 -15 46 -17 26 28 19 -21 27 -23 53 -25 -26 -27 -28 -29 -30 40 55 -33 -34 -35 51 -37 37 -39 -40 -41 -42 44 -44 -45 -46 -47 47 -49 -50 -51 -52 -53 -54 -55 -56 56 -58 -59 -60 -61 -62 -63
leaf_value=-0.093844715011257254 0.097089269178227397 -0.095903873563173411 -0.094803540610302731 0.017546214573112583 0.036638941071268236 0.10471631481832278 -0.10055341061482873 0.079170138301863327 0.051418544045980813 0.092308807938647028 0.045680477348438456 -0.094518498343234614 0.027969295552504617 -0.082065055149178764 0.03119669045341722 0.10544382991617218 -0.049453420551279395 0.093945719355777377 0.0073334625618605639 -0.032029719447544791 -0.017509337214128198 0.071255794583827956 -0.022828666101979769 0.080256896807980649 0.077393160864444088 -0.050424180448877226 0.062157863993651079 0.075394120787651786 0.0060424673122298801 0.0080703991520139958 -0.10036931111263624 -0.031227983391842837 0.0094887789186140631 -0.0077485435080720012 0.048265814418911215 0.14898920682101952 -0.052059839696512067 -0.046561185893727666 -0.029057461052521119 0.060466745725547555 -0.079506541857560967 -0.0015467667801418964 0.080431572083505598 0.12165890675506091 -0.018780652049465735 0.038735575316077464 0.054564620280935977 -0.088029806088510298 -0.074413340532450675 0.080380816218702703 0.081536398025222001 -0.0012679695885510489 -0.034990524037685232 -0.10117795661146588 -0.020429901109209073 -0.089340003804079957 0.078858786570762465 0.074976924172076992 -0.044024407496074142 -0.056674346987103968 -0.0067460945768135945 0.18255401399350787
leaf_weight=1895.993595902808 131.40563013777137 355.11829970777035 5571.5917281834409 1745.6625490579754 505.01351855508983 18957.277850814164 310.74790545925498 1346.1548902448267 725.85857755690813 5309.2796039544046 2732.7130488818511 1571.1084546120837 735.23675655666739 2546.7839132314548 1404.3020287929103 455.94114297721535 2972.8088759034872 726.03946116566658 1147.6300113964826 1202.3313422258943 2089.9860646147281 3922.3870014343411 1197.3448666520417 6043.9763924684376 2756.3613275140524 1926.2906579682603 446.769192378968 499.32301487587392 1162.9396027699113 5650.1433876305819 30972.059665103443 1510.9643835546449 1535.5500520719215 1472.6657430017367 1130.5726942429319 148.81286938488483 40.083405289798975 1691.9078987622634 489.03961283992976 82.232584855519235 255.93748885951936 2815.1117164138705 685.27326989918947 234.72282946947962 5145.4409834286198 1941.804454789497 141.73181699588895 294.22890651226044 533.24835979193449 327.37332549784333 2916.532588455826 1607.5407951101661 810.57554719597101 331.65420904755592 752.97684299200773 994.73346713092178 180.72737895604223 61.150883961468935 515.10522997565567 84.655093368142843 3330.6719698077068 81.459792224690318
leaf_count=171220 2950 16460 517564 16158 10586 329165 18130 14326 7009 71650 34475 130364 6137 151691 11215 4380 52492 11330 12866 7625 17134 34008 54140 76084 36916 90549 3151 4244 9089 35265 3124389 61916 24667 18360 10015 921 556 36120 5248 1699 2342 16928 4506 1222 34548 11921 1634 2317 26846 2894 32912 22842 29912 26776 20033 88013 1939 545 7079 980 55852 943
internal_value=-0.00348061 0.041517 -0.0765745 0.0156379 -0.0389621 0.0854707 0.00575991 -0.0108974 0.0112987 0.0612683 0.0582881 -0.0291026 0.0199204 -0.0616779 0.0517131 0.0132957 -0.0163611 0.0785369 0.0116736 0.0282622 0.0377266 0.0567866 -0.0829644 0.0624199 0.0469343 -0.0144539 -0.0242544 0.000406189 0.0398286 0.00304622 -0.0958635 -0.0660746 0.0392225 0.0269704 0.000651763 0.0332063 -0.0290107 -0.0171967 0.0190241 -0.08681 0.00497069 0.00628323 0.0196758 0.012601 -0.00260263 0.0148968 0.013934 -0.041672 -0.0267953 0.01324 0.0707514 0.0191846 -0.00749421 -0.0398234 -0.00296836 -0.0990204 -0.0634794 -0.0708011 0.00351764 0.0711328 -0.00280543 0.105181
internal_weight=141161 87373.1 53788 54993.8 18233.5 32379.3 45207.4 11132.9 41776.2 9786.4 13422 8166.58 31848.8 3431.17 5492.03 26356.8 9927.41 7198.26 25900.8 8861.66 7659.33 5070.02 7100.59 13005.7 6961.74 6513.24 8563.7 2589.31 1888.98 17039.2 35554.5 3406.96 2966.36 4205.38 4586.95 1363.71 8116.93 5144.12 1214.9 1653.34 16728.4 16472.5 6570.14 5884.87 9902.36 4756.92 1840.26 435.961 1848.84 2588.14 3651.77 2738.11 1315.59 1529 884.382 32147.5 1175.46 416.269 2260.77 1430.81 3452.22 121.543
internal_count=5635248 1226505 4408743 714500 961266 512005 596300 362786 421626 118200 182840 322813 259334 174674 54215 205119 162292 92069 200739 75877 68252 46874 598480 165835 89751 190750 149114 21378 20419 124862 3447477 233136 39973 52835 100201 13178 145963 93471 12257 132063 106732 104390 40993 36487 63397 28849 15166 3951 67344 26131 39049 32857 40498 80916 22983 3214341 89952 17005 23237 15306 57351 1499
is_linear=0
shrinkage=0.1


Tree=27
num_leaves=63
num_cat=0
split_feature=31 26 31 43 12 11 12 17 43 28 12 41 42 19 41 21 41 43 41 40 43 29 38 13 35 41 24 19 17 7 29 20 8 14 24 14 41 11 41 12 7 26 14 42 21 19 17 24 24 13 14 14 42 20 18 20 37 20 13 41 21 42
split_gain=40553.6 9116.75 3857.5 2230.2 2122.89 1742.8 1414.62 1031.62 951.072 777.816 762.22 729.198 670.999 486.133 474.775 445.01 443.325 435.481 433.815 397.279 377.023 345.977 337.608 331.396 328.916 378.319 327.484 404.129 326.696 509.072 315.556 304.168 267.237 265.412 309.225 326.958 244.869 282.927 263.269 236.013 235.979 226.91 224.251 210.935 209.952 273.384 205.846 227.657 203.719 194.301 189.29 188.749 179.79 179.604 247.791 241.939 178.409 171.462 171.139 194.98 167.168 165.723
threshold=-0.036646515130996697 0.88194444775581371 -0.21587483584880826 0.99760764837265026 60.943256378173835 98.07621002197267 52.73088455200196 8.5000000000000018 0.47089621424674993 1.0000000180025095e-35 48.074073791503913 0.45000000298023229 0.87585616111755382 99.052112579345717 1.0000000180025095e-35 0.70710784196853649 0.45000000298023229 0.39464733004570013 1.0000000180025095e-35 1.0000000180025095e-35 0.97705537080764782 1.5000000000000002 24.500000000000004 97.498435974121108 -2.4993858337402339 0.45000000298023229 5.5000000000000009 97.22989654541017 2.5000000000000004 8.5000000000000018 1.0000000180025095e-35 99.80237197875978 1.0000000180025095e-35 0.44949495792388922 6.5000000000000009 0.31666667759418493 0.88194444775581371 90.054946899414077 0.53571429848670971 53.001201629638679 1.0000000180025095e-35 -1.0000000180025095e-35 0.44949495792388922 0.28759397566318518 0.81534090638160717 98.441547393798842 14.500000000000002 7.5000000000000009 11.500000000000002 65.545505523681655 0.31666667759418493 0.93750000000000011 0.24068965762853625 97.22989654541017 91.905540466308608 93.364780426025405 7.1772003173828134 96.67456436157228 97.915760040283217 0.88194444775581371 0.048809524625539787 0.2237871587276459
decision_type=8 2 10 10 2 2 2 2 8 2 2 8 2 2 8 2 8 8 8 10 8 2 2 2 2 8 2 2 2 2 2 2 2 2 2 2 10 2 10 2 2 2 2 2 2 2 2 2 2 2 2 2 2 2 2 2 2 2 2 10 2 2
left_child=2 3 20 6 24 10 18 9 -6 58 14 -10 32 15 43 17 -12 60 22 28 -1 26 52 -22 -4 -26 27 53 29 -13 -14 44 -5 34 35 61 37 38 49 -34 -30 -32 -21 -3 45 -17 47 -39 57 -9 -27 -38 -2 54 55 -19 -43 -28 59 -8 -11 -18
right_child=1 5 4 12 8 -7 7 36 11 13 16 19 30 -15 -16 31 33 21 -20 42 23 -23 -24 -25 25 50 48 -29 40 -31 41 -33 39 -35 -36 -37 51 46 -40 -41 -42 56 -44 -45 -46 -47 -48 -49 -50 -51 -52 -53 -54 -55 -56 -57 -58 -59 -60 -61 -62 -63
leaf_value=-0.099953754127580785 0.13709314108150072 0.061233289993933265 -0.093854962301431699 -0.040938577949332547 -0.091988933969156153 0.10386838538078239 0.062849475455009074 -0.018790250476917198 0.10386926841619482 -0.11309608080663525 0.094575537052066214 0.027717664773336616 0.1023452135594575 0.083679702177604412 -0.063034285847266114 -0.019495220991750467 0.074781389863018854 0.0027562740335342877 -0.087961502063362992 0.0039262943566447843 -0.087887610040302364 -0.024648760846808931 -0.058160137486391129 -0.03332756259064118 0.020905333328891731 -0.09317208772454566 0.024906035345929792 0.082555351803168656 -0.020282836181557806 -0.035599438135530806 -0.016258401074972215 0.11078503945990491 -0.0149352029300657 0.075461377160768395 0.062247808818954899 0.028724541556844143 -0.052144967564087166 0.036045257814139468 -0.10496946276477002 0.047117210806252335 -0.080566837896763055 0.069938042342273674 0.10927073319173325 -0.023386567431565669 -0.065417176244576838 0.060743961347796277 -0.056607589580715038 0.18314388086977187 0.075668983614508883 0.11363947886281718 0.20100523679358409 0.048533386357334514 0.0083075335845256334 0.070791471608525919 -0.032216131404015205 0.092892469226710461 -0.046848447993486614 0.094775613883551546 0.070884266313531313 0.01325656617160733 0.0084040387229160421 -0.094818642819156709
leaf_weight=27260.262553103268 166.94782184809446 967.40347589738667 5117.7514364076778 546.35554257314652 1252.0060061402619 17286.181599777192 1423.1337015936151 941.36364103574306 639.06199877150357 367.267767556943 3619.6725119939074 3094.2235625712201 2618.0176424747333 851.04960300214589 754.92854191362858 4881.9324189703912 68.223066287115216 5412.9169895155355 2024.9675415148959 379.17175847385079 3460.201574136503 1900.1067779008299 628.70922303479165 1641.3387048859149 599.42401653993875 759.10282676760107 9045.6626071734354 638.71279493719339 2007.5215800823644 2153.5991732710972 377.79796314053237 183.2378687672317 777.049505116418 2789.9523562863469 2161.1913686282933 1643.1218759026378 3338.476280736737 315.42558678146452 333.73396399244666 2902.2321278043091 959.7753250785172 3331.8377740662545 432.6485360134393 423.55723398085684 872.66806838195771 465.07032565027475 130.82150906603783 157.87027671188116 973.64586890488863 125.56923861801624 22.521995402872562 197.21442189440131 309.10098713636398 343.13666504248977 2132.6212400542572 315.12387459818274 136.15235796198249 365.41910845600069 2315.6173013485968 1789.815476750955 163.72023785673082 370.51340310834348
leaf_count=3040954 3135 10486 519909 6128 116330 329165 11658 8948 6014 20257 51086 39535 44884 11045 24404 40145 657 49097 136344 3529 333295 17343 27520 73228 15789 61670 74770 4669 62815 80746 2373 1791 12048 38277 27160 20266 72758 4794 5957 27350 51075 28804 3727 6203 6321 2953 2091 1336 7625 913 127 1391 7430 2168 19962 2410 995 2447 29530 12640 2470 4301
internal_value=-0.0033586 0.0390727 -0.0748624 0.0144204 -0.0369166 0.0831583 0.00428218 0.00935033 -0.00998111 0.015793 0.0551866 0.000641103 0.0553084 0.00922151 0.000813353 0.00696332 0.0661396 0.0138104 -0.0604621 -0.00666693 -0.0952844 0.0160584 -0.010057 -0.0703338 -0.0821683 -0.038861 0.0200812 0.00593809 -0.0132617 0.00173362 0.0755658 -0.0161976 0.0243212 0.0515045 0.035752 0.00824656 -0.030699 -0.00278016 -0.0274517 0.034012 -0.0397818 0.0573358 0.0600682 0.035466 -0.0199386 -0.0125162 0.0544217 0.0851108 0.032124 -0.00320436 -0.0846956 -0.0465293 0.053472 -2.70045e-05 -0.0031184 0.00771505 0.065353 0.027619 0.0501596 0.0352231 -0.0756338 -0.068446
internal_weight=133664 83885.2 49778.6 53800.5 17416.8 30084.7 43111.1 39981.3 10918 34440.9 12798.6 9666 10689.4 28912.3 2145.89 28061.2 10652.7 21658.3 3129.73 9026.94 32361.8 21127.3 1104.76 5101.54 6498.8 1381.05 19227.2 8842.51 8215.12 5247.82 6463.81 6402.91 4225.64 7033 4243.05 2081.86 5540.47 2004.78 1400.67 3679.28 2967.3 3845.79 811.82 1390.96 6219.67 5347 604.117 473.296 10384.7 1066.93 781.625 3535.69 476.049 8203.8 7860.66 5728.04 3467.99 9411.08 5528.57 3212.95 530.988 438.736
internal_count=5635248 1226505 4408743 714500 961266 512005 591918 417489 363771 319301 182840 247441 122582 265473 41093 254428 141747 203218 174429 241427 3447477 180491 38085 406523 597495 77586 163148 78306 234171 120281 77056 51210 45526 90661 52384 25224 98188 24039 15818 39398 113890 32172 7256 16689 49419 43098 8221 6130 84842 9861 61797 74149 10565 73637 71469 51507 29799 77217 53828 24298 22727 4958
is_linear=0
shrinkage=0.1


Tree=28
num_leaves=63
num_cat=0
split_feature=31 26 12 43 43 11 12 26 17 31 12 42 26 43 25 41 41 41 19 30 3 29 21 34 34 19 41 14 31 41 14 13 26 44 39 8 13 41 11 41 31 21 14 19 30 13 41 29 29 42 14 33 41 27 17 25 21 7 29 14 7 25
split_gain=35387.9 8651.52 3317.1 2088.18 1958.87 1847.21 1430.9 1087.32 924.452 762.24 713.118 637.618 554.807 500.572 499.451 435.245 430.305 388.98 384.893 377.57 374.812 348.69 329.289 359.375 301.926 292.076 538.465 258.139 259.454 246.613 296.175 244.027 231.879 231.011 220.691 214.313 218.697 214.002 250.832 251.253 194.595 187.178 186.826 184.372 187.51 171.612 170.045 168.596 168.067 166.169 165.307 163.704 163.025 162.692 162.645 164.028 162.406 238.948 248.278 326.485 187.312 177.586
threshold=-0.051063805818557732 0.88194444775581371 62.622549057006843 0.56021979451179515 0.99760764837265026 98.07621002197267 48.074073791503913 0.44949495792388922 8.5000000000000018 -0.23779517412185666 48.074073791503913 0.87585616111755382 0.44949495792388922 0.44494949281215673 8.5000000000000018 0.45000000298023229 1.0000000180025095e-35 1.0000000180025095e-35 98.441547393798842 1.0000000180025095e-35 46.500000000000007 1.0000000180025095e-35 0.70710784196853649 50.500000000000007 7.5000000000000009 97.575668334960952 0.45000000298023229 0.44949495792388922 0.33672162890434271 0.45000000298023229 0.44949495792388922 97.498435974121108 0.23611111193895343 0.87533783912658703 1.0000000180025095e-35 1.0000000180025095e-35 53.427228927612312 0.88194444775581371 90.054946899414077 0.53571429848670971 0.29153905808925634 0.048809524625539787 0.31666667759418493 97.22989654541017 1.0000000180025095e-35 63.702239990234382 0.84523808956146251 1.0000000180025095e-35 1.0000000180025095e-35 0.25143676996231085 0.93750000000000011 -7.1428585052490225 0.35416667163372045 1.5000000000000002 14.500000000000002 7.5000000000000009 0.58957219123840343 1.5000000000000002 1.0000000180025095e-35 0.84523808956146251 1.0000000180025095e-35 5.5000000000000009
decision_type=8 2 2 8 10 2 2 2 2 10 2 2 2 8 2 8 8 8 2 2 2 2 2 2 2 2 8 2 8 10 2 2 2 2 10 2 2 10 2 10 10 2 2 2 2 2 10 2 2 2 2 2 8 2 2 2 2 2 2 2 2 2
left_child=2 4 25 -4 6 10 17 9 12 31 16 35 13 41 -14 -12 40 24 22 47 33 -13 23 29 -2 -1 -27 28 42 -15 -31 -5 -23 -11 43 -6 -37 38 39 45 49 -8 -17 44 56 -10 -29 -16 -38 -3 -39 -30 -35 -21 55 -40 57 58 59 60 -32 -58
right_child=1 5 3 7 11 -7 8 -9 37 20 15 21 14 18 19 27 -18 -19 -20 53 -22 32 -24 -25 -26 26 -28 46 51 30 34 -33 -34 52 -36 36 48 50 54 -41 -42 -43 -44 -45 -46 -47 -48 -49 -50 -51 -52 -53 -54 -55 -56 -57 61 -59 -60 -61 -62 -63
leaf_value=-0.099429406797627101 0.039806919061298046 0.050217012408390507 -0.096113855326295183 -0.092287817149494952 -0.036705015494098998 0.10308599516748063 -0.11300029461034133 0.077823688174044198 -0.019223432658250703 -0.031967482397179746 0.091770069045044658 0.10114918231460442 0.064907895552016981 0.069605655975233688 -0.1390393620124632 -0.034041004161361653 -0.060466404422788611 -0.093598797266212452 0.055466631910879471 0.026269128138136241 -0.045679470243596837 0.026929724874365416 -0.015933508009198627 -0.063779098440763266 -0.069147834679936557 0.023650717476945398 -0.092407447550584026 0.095779065665871174 0.068306116232528274 -0.020142502494391798 0.03216409741645572 -0.035706836283809905 0.076420550342272797 0.11589598958677956 -0.035127583086517963 -0.0014094845029150749 0.083854565560641386 -0.049608027435258641 0.043451873039123887 -0.1018304715147977 0.096424895931368604 -0.0082981415037961213 0.028838981066678201 0.0787257900047591 0.068159096971215485 0.093756853882794658 0.044699359232633545 0.031333777476151965 0.028207330634462457 -0.028719647703202084 0.043598490871502492 -0.022865304413857104 0.011452181057063587 -0.094460189298283648 -0.050421799749368806 0.17994746479146179 -0.015413571487930057 0.0010270784174836859 0.0188342218444538 0.093665557472048064 -0.11893744789479743 0.02787940812339882
leaf_weight=25688.127941300161 493.13203138113022 536.80571456439793 4748.8970807231963 1832.790802879259 554.62582241557539 15787.516493737698 458.78440803848207 1083.8173522325233 1031.2961273621768 1372.9020122690126 3411.8176465975121 2414.4125205567107 3601.9948720699176 782.29601714108139 59.572266180068254 700.38959537446499 769.68608255591244 1816.016329376027 1731.8835012530908 151.01314699742943 2146.8472245922312 1830.2382542761043 5130.0046744961292 603.10616206005216 525.22464788984507 558.43044490832835 1407.0028146412224 1432.5628336928785 1794.8696531318128 2455.5836936207488 1164.049409288913 1304.9852792313322 1961.0789308175445 155.27583701442927 776.75121353846043 1395.3756700698286 857.25028907507658 3411.0186185548082 372.14809338003397 341.58353247307241 355.55671798437834 271.95556650310755 1452.2814091332257 507.97659334726632 699.70262055844069 154.59859194047749 1195.7016108781099 2322.6855595037341 1479.363091243431 529.96529700607061 201.52430718205869 221.21626795083284 3981.5620046677068 427.88451030291617 129.27802201081067 115.32184466533363 2896.2748802807182 3722.7370870057493 4803.8329520896077 1256.3436953127384 88.260849699378014 1408.1464088112116
leaf_count=3122881 9930 5685 551202 193455 6412 329560 28632 12581 12764 54362 51726 45147 43552 6365 679 8478 28348 145723 16066 1665 110960 11791 43512 11944 31148 16198 138298 22170 23548 31839 10778 62363 20499 1291 5893 18299 12655 82487 5449 7711 4120 5102 18352 3783 4973 1133 16242 18956 11132 8296 1466 2901 78281 3605 2179 913 24741 25959 33543 15166 970 9389
internal_value=-0.00323537 0.035435 -0.0753638 -0.0400666 0.0121384 0.0803982 0.002863 -0.0176589 0.00760476 -0.027246 0.0515144 0.0509571 0.0136611 0.00767379 0.0398958 0.0626263 -0.000236891 -0.0658576 0.00980413 0.00947081 -0.0102345 0.0714453 0.00679664 0.012306 -0.0163873 -0.0965867 -0.0594323 0.0479974 0.0325235 0.0145377 0.0123597 -0.0687561 0.0525291 0.00357643 0.0169667 0.0212963 0.0299161 -0.0295544 -0.00452845 -0.0262616 0.032356 -0.0740339 0.00838045 0.0194121 0.0175335 -0.00449481 0.0725409 0.0270733 0.048623 0.0110018 -0.0444085 0.0583023 0.0153725 -0.0629663 0.0492972 0.0757429 0.0152243 0.0216506 0.0321499 0.0576481 0.0215147 -0.00125073
internal_weight=126873 82592.7 44280.6 16627.1 54404.3 28188.4 43912 11878.2 41077.6 10794.4 12400.9 10492.3 35320.8 28757.7 6563.15 10208.8 2192.01 2834.37 28026.9 2961.16 7656.59 6205.73 26295.1 21165.1 1018.36 27653.6 1965.43 6797.02 4168.76 20562 19779.7 3137.78 3791.32 5509.74 17324.1 4286.61 3731.99 5756.77 2144.23 1527.48 1422.33 730.74 2152.67 16547.3 16039.3 1185.89 2628.26 2382.26 2336.61 1066.77 3612.54 2016.09 4136.84 578.898 616.748 487.47 15339.6 11035.2 7312.49 2508.65 1252.31 4304.42
internal_count=5635248 1293376 4341872 1064495 773950 519426 648015 513293 461214 500712 189866 125935 347112 278655 68457 143417 46449 186801 244921 24905 244894 77437 228855 185343 41078 3277377 154496 91691 53279 173399 167034 255818 32290 133934 135195 48498 42086 114102 30149 21608 18101 33734 26830 129302 125519 13897 38412 19635 23787 13981 83953 26449 79572 5270 8541 6362 120546 86416 60457 26914 11748 34130
is_linear=0
shrinkage=0.1


Tree=29
num_leaves=63
num_cat=0
split_feature=4 26 12 43 19 33 26 17 14 19 41 1 41 28 12 41 14 41 14 20 14 29 13 7 14 8 41 19 13 19 19 7 42 45 45 45 12 29 18 7 24 17 12 7 14 14 0 3 13 38 41 14 7 9 28 18 9 14 43 8 12 33
split_gain=29965.9 6983.38 5124 2530.76 1534.96 1501.03 1008.76 743.446 706.599 635.308 745.804 568.737 528.036 469.725 465.221 446.969 408.249 365.601 355.047 336.122 313.743 313.332 316.563 420.314 313.261 295.028 291.367 275.358 275.277 274.932 263.852 243.4 242.279 228.676 268.323 209.688 199.456 358.919 261.186 188.007 183.213 170.035 169.267 289.252 169.06 163.501 218.35 161.751 160.567 160.239 154.244 151.947 239.315 147.261 146.687 145.198 249.096 136.53 191.974 187.876 135.344 134.613
threshold=1.0000000180025095e-35 0.88194444775581371 60.158729553222663 0.49390153586864477 99.052112579345717 -1.6671295166015623 0.44949495792388922 5.5000000000000009 0.81666666269302379 96.56854629516603 0.45000000298023229 6.5000000000000009 0.84523808956146251 1.0000000180025095e-35 60.158729553222663 0.6904762089252473 0.58571431040763866 0.45000000298023229 0.58571431040763866 99.80237197875978 0.93750000000000011 1.0000000180025095e-35 65.545505523681655 1.5000000000000002 0.2264957278966904 8.5000000000000018 0.35416667163372045 52.111026763916023 69.00656890869142 77.563388824462905 52.111026763916023 7.5000000000000009 0.91476997733116161 0.89058306813240062 0.54049381613731395 0.89943489432334911 61.651582717895515 1.0000000180025095e-35 97.067424774169936 1.0000000180025095e-35 6.5000000000000009 10.500000000000002 86.72955703735353 1.0000000180025095e-35 0.31666667759418493 0.44949495792388922 0.77194768190383922 19.500000000000004 71.834934234619155 27.500000000000004 0.84523808956146251 0.58571431040763866 1.0000000180025095e-35 91.945945739746108 1.0000000180025095e-35 98.048732757568374 75.716625213623061 0.73214286565780651 0.61296501755714428 1.0000000180025095e-35 85.215545654296889 -78.319625854492173
decision_type=2 2 2 8 2 2 2 2 2 2 8 2 10 2 2 8 2 8 2 2 2 2 2 2 2 2 10 2 2 2 2 2 2 2 2 2 2 2 2 2 2 2 2 2 2 2 2 2 2 2 10 2 2 2 2 2 2 2 10 2 2 2
left_child=2 4 9 30 7 14 11 13 36 -1 61 31 18 28 29 48 39 -16 26 21 32 22 -15 53 -12 47 41 -25 -2 -3 -4 51 -14 34 -23 57 -6 -38 -39 44 -20 -9 43 -8 -17 46 55 -18 -13 -31 -47 52 -5 -24 -40 -19 -57 58 -34 -60 -52 -11
right_child=1 5 3 6 8 -7 42 12 -10 10 24 15 20 19 17 16 25 45 40 -21 -22 33 23 27 -26 -27 -28 -29 -30 49 -32 -33 35 -35 -36 -37 37 38 54 -41 -42 -43 -44 -45 -46 50 -48 -49 -50 -51 60 -53 -54 -55 -56 56 -58 -59 59 -61 -62 -63
leaf_value=-0.097674575679853229 0.00027270205900533343 -0.083604550197285882 -0.098201387687557595 0.015017669288986582 -0.0048173066196395414 0.10163674854884026 0.047890941143478527 0.046892469819081628 0.092404308969954524 0.085330187091037416 -0.094355053349391538 -0.019777136562813633 -0.070157694432970957 -0.056149542883753345 0.095976295679377419 -0.099887918108224033 0.019329618758102879 0.035587831887232045 0.028376785417745715 0.10333272012137414 0.048913047183750211 -0.03571778047812732 0.030138559268320261 -0.018813956617009738 0.18810674833720797 -0.057651206446184204 -0.043915384849768216 0.090673144622777369 0.061910130437276868 0.042279849841008403 0.042882291886448896 -0.026568633939736672 -0.053931545030828858 -0.0094344315984510596 0.016966682914482983 -0.048486437367604641 0.079526062192789501 0.034092029193104896 -0.082169745001216044 -0.099146207755091809 0.13908170262314998 -0.012704904809612498 0.086051976105517181 -0.10115855389195921 -0.026148055380415487 0.093775180543673606 0.074539718110636338 -0.027044580430261797 0.053579611814671184 -0.015895390153560965 0.076370170786575653 0.028815098157800575 -0.092922896066428715 0.083936273673255957 0.049706536094601121 -0.10233318829180277 0.023164275303705698 -0.039157765103242377 0.25205332479483911 0.03056766729771726 0.0057498242509135856 0.00026123444989729005
leaf_weight=24421.613500375766 957.5225043008104 252.32342968229204 4372.4488189569674 721.63480747584254 1159.9071515249088 14327.872170276009 1055.5023500355892 1141.622952349484 3066.0987838543952 243.78839182108641 1646.1548267784528 527.72670557443053 1890.9381898092106 366.84168483130634 2493.7060983031988 444.08860276825726 1329.9027780685574 1630.8479402735829 298.61959980521351 377.80046237446368 418.08692307211459 1064.0362918768078 735.20650304295123 1287.5739901997149 40.22268242482096 1830.0214244578965 1022.4015553090721 279.58395656943321 2978.2577263787389 1713.1114010615274 136.70237950235605 1715.8859898843803 283.39624692033976 8495.2870126692578 10567.90837121103 2054.7748290058225 1563.7979253679514 1895.3927009701729 346.42533611506224 1424.7187084998004 299.35480722971261 824.44089968968183 944.71448739618063 148.52225028350949 1036.746743270196 1279.6952904984355 1020.9617323987186 1731.2451540972106 686.59681289177388 654.30685737915337 566.72707702964544 3193.3616294930689 287.12538696359843 1652.3726290650666 111.48969135433435 236.79171090200543 476.28391686081886 643.34180072601885 40.055666582658887 872.98739887960255 520.73949146270752 784.90326695982367
leaf_count=3225182 8251 8569 554890 14571 10173 328610 10046 12057 56440 5699 177768 14034 53091 7192 43384 31763 27481 21500 3919 4249 2697 8399 7083 8827 354 86958 21253 4622 36120 16867 4860 69612 4670 64670 74083 42947 25112 14354 2127 154133 2426 11725 10717 4004 38139 21655 13997 87263 6737 7693 8011 38388 24115 24152 624 2738 6725 13791 508 13470 7500 22253
internal_value=-0.00310765 0.0379367 -0.0636493 -0.0272898 0.0150493 0.0803917 -0.00969597 0.00671672 0.0544988 -0.0925728 -0.0466836 -0.0189165 -0.0170856 0.0148185 0.0523251 -0.034734 -0.0435235 0.0640132 0.0134586 0.00973023 -0.034744 0.00828382 0.032715 0.0409581 -0.0876179 -0.0258869 -0.000615728 0.00071875 0.0469146 0.0156253 -0.0939242 0.00516813 -0.0407894 0.00303813 0.0121474 -0.0265302 0.031607 0.0423927 0.0177171 -0.0732127 0.0837973 0.0219012 0.0543664 0.029505 -0.0482619 0.0501078 0.0359423 -0.00689751 0.0216999 0.0262014 0.070244 0.0181275 -0.0157057 0.0673704 -0.0500615 0.0191301 -0.0185098 -0.0020081 0.0179678 0.0402844 0.0425532 0.0204216
internal_weight=120593 71868.9 48723.6 21586.9 46695.5 25173.4 17077.8 38552.4 8143.11 27136.7 2715.07 14929.1 9790.02 28762.4 10845.5 9011.05 7796.72 8225.75 3586.44 24826.6 6203.58 24448.8 4321.58 3954.74 1686.38 4891.17 2988.47 1567.16 3935.78 2619.74 4509.15 5918.01 5785.49 20127.2 11631.9 3894.56 5077.01 3917.11 2353.31 2905.55 597.974 1966.06 2148.74 1204.02 1480.84 5732.05 3364.89 3061.15 1214.32 2367.42 2367.16 4202.12 1008.76 2387.58 457.915 2343.92 713.076 1839.78 1196.44 913.043 1087.47 1028.69
internal_count=5635248 1026281 4608967 1177711 539032 487249 617961 430202 108830 3431256 206074 593194 182554 247648 158639 446508 425737 125510 51380 203277 131174 199028 51876 44684 178122 201702 45035 13449 44371 33129 559750 146686 128477 147152 82482 75386 52390 42217 17105 224035 6345 23782 24767 14050 69902 82126 44960 114744 20771 24560 37166 77074 38686 31235 2751 30963 9463 32439 18648 13978 15511 27952
is_linear=0
shrinkage=0.1


Tree=30
num_leaves=63
num_cat=0
split_feature=4 26 12 43 32 19 26 14 13 36 19 41 17 12 28 3 41 19 21 41 19 21 19 34 19 39 38 29 26 43 24 41 14 7 7 34 34 35 14 24 14 41 42 12 41 14 30 10 29 21 14 41 10 7 14 26 9 19 24 38 24 17
split_gain=25940.9 6404.38 4961.81 2284 1528.12 1331.11 947.683 673.674 666.46 647.736 506.349 570.306 486.64 434.607 420.434 418.144 349.556 329.419 317.655 276.952 244.727 269.288 285.105 238.368 238.058 228.517 221.477 220.33 215.506 256.278 228.433 198.902 240.132 578.581 315.864 227.742 196.104 211.499 192.451 241.734 224.379 190.927 187.823 186.715 208.033 184.491 176.929 175.065 314.085 296.737 163.92 446.674 159.111 147.888 146.824 143.717 141.342 140.794 140.405 139.562 137.63 315.077
threshold=1.0000000180025095e-35 0.88194444775581371 55.646631240844734 0.49390153586864477 1.5000000000000002 99.052112579345717 0.44949495792388922 0.81666666269302379 64.051280975341811 23.500000000000004 97.575668334960952 0.53571429848670971 8.5000000000000018 48.074073791503913 1.0000000180025095e-35 64.500000000000014 0.45000000298023229 98.092205047607436 0.81534090638160717 0.53571429848670971 98.295398712158217 0.62731480598449718 96.315685272216811 5.5000000000000009 52.111026763916023 1.0000000180025095e-35 32.500000000000007 1.5000000000000002 0.095454547554254546 0.50882384181022655 4.5000000000000009 0.45000000298023229 0.93750000000000011 1.0000000180025095e-35 2.5000000000000004 17.500000000000004 3.5000000000000004 1.0000000180025095e-35 0.44949495792388922 7.5000000000000009 0.31666667759418493 1.0000000180025095e-35 0.97999200224876415 93.643951416015639 0.84523808956146251 0.18333333730697635 1.0000000180025095e-35 41.955394744873054 1.0000000180025095e-35 0.8834841549396516 0.44949495792388922 0.63333335518836986 86.319076538085952 15.500000000000002 0.31666667759418493 -1.0000000180025095e-35 91.945945739746108 92.120048522949233 9.5000000000000018 25.500000000000004 7.5000000000000009 10.500000000000002
decision_type=2 2 2 8 2 2 2 2 2 2 2 8 2 2 2 2 8 2 2 10 2 2 2 2 2 10 2 2 2 8 2 8 2 2 2 2 2 2 2 2 2 10 2 2 10 2 2 2 2 2 2 8 2 2 2 2 2 2 2 2 2 2
left_child=2 5 10 24 -3 9 8 47 23 12 -1 -12 14 19 42 17 -15 26 20 59 21 22 25 -5 -4 27 31 28 29 -16 -30 -10 33 35 -34 -33 37 -23 39 40 -18 -14 -2 -43 -45 -21 -20 -7 -49 55 51 -8 -40 -31 -13 -50 -41 -38 -59 -6 61 -46
right_child=1 4 3 6 13 7 50 -9 15 -11 11 54 41 16 18 -17 38 -19 46 45 -22 36 -24 -25 -26 -27 -28 -29 30 53 -32 32 34 -35 -36 -37 57 -39 52 56 -42 43 -44 44 60 -47 -48 48 49 -51 -52 -53 -54 -55 -56 -57 -58 58 -60 -61 -62 -63
leaf_value=-0.097665984372408074 0.021778077913396511 0.10088427724260446 -0.097892892352163377 -0.0038042638602462709 0.045937537557567638 -0.0058800847231030842 0.076270518721767322 0.090412410325364692 0.10633619383124199 -0.07407333454461569 0.0084248278457775289 -0.098361249973809087 0.030001684431947076 0.088396774846648707 -0.081606914783605475 -0.059901230768241401 -0.048519298181609445 0.087113519510404525 -0.031814821831066369 -0.10540511002349334 0.056203827409614826 0.01745107161889518 0.12125366301427543 -0.076388412436023123 0.02989251457853891 -0.050335239870923171 -0.042205420200455042 -0.018181360503790111 -0.043865077381795181 0.018462114913137082 0.050154411776145158 -0.021010288400302904 0.055441706374554173 -0.079873207273969141 -0.0026415205079533574 0.040182444326346933 0.02530944524967297 -0.045649435424780831 0.040535560525702036 0.074977074796364354 0.027401776467974537 -0.064751893436207561 0.062200965094768003 0.036819677833918533 -0.036482629459893764 0.15891205117433474 -0.15913112501880355 0.075315955040780494 -0.0094225074733883824 -0.027467160833482707 0.09018473661680762 -0.030270202577330593 0.093307805117027132 -0.082276631833807568 0.24294361162673439 0.063501411243214886 -0.02395211536060976 -0.028979165026571493 0.019798515412366553 -0.019470513903390444 -0.058052818336395799 0.064260156490792406
leaf_weight=21687.359801417217 2460.7103267107159 13044.746664769016 4044.1195357036777 557.27646993799135 915.33305669203401 1101.9908950692043 936.91585107147694 2832.3626899756491 170.8807149650529 981.01690437365323 1000.4357947390527 1147.3596391184255 639.05426439456642 2711.1070978315547 274.04865250177681 1471.5775148342364 500.72215429879725 390.29812736436725 833.11945561040193 285.96549418848008 1103.3190883425996 4655.6486503826454 257.90549632534385 2405.1405798476189 151.23986874241382 513.43431722279638 1486.2572198165581 1527.878885904327 280.45489351917058 8197.6566611109301 3288.7510392395779 1417.977240701206 1235.4332650322467 1177.5468674479052 3866.3674946567044 1064.9888947675936 706.66663228999823 599.59116258565336 1105.8602517433465 1236.855834797956 1749.0046295188367 1071.259336175397 2157.1039768904448 595.21728189848363 1219.5048741353676 29.094075624831021 125.60837796796113 1487.5191155010834 361.20261204615235 926.40516368299723 675.53220985177904 678.48281043535098 1182.0049541071057 148.36402840260416 12.744107786566017 1073.2879015225917 163.51053699478507 4347.7638990120031 682.79365209629759 506.8528100065887 991.50857367552817 416.46786074992269
leaf_count=3171689 22049 328279 564188 19894 8543 9826 9723 56440 1263 43246 32763 137830 6511 48228 7653 86546 5040 3563 6059 7752 8910 36488 1578 219471 6067 3955 61782 16923 2031 68792 29883 35669 11445 102125 97962 24438 6641 4879 16903 17625 23771 25021 27075 7207 28667 179 1149 25316 2032 5745 7546 14934 21168 2773 69 9471 2366 42047 5331 7395 18615 6719
internal_value=-0.00297794 0.0355647 -0.0615714 -0.0270063 0.0780968 0.0138328 -0.0111481 0.0515165 -0.0201606 0.00613 -0.0930668 -0.0469008 0.00825113 0.0494768 0.012737 -0.00989125 0.0586446 -0.00308317 0.00805535 0.00383402 0.0100948 0.00809826 0.0170527 -0.0627342 -0.0932863 0.0151642 -0.00646181 0.0176158 0.0221029 0.0135469 0.0427667 -0.000514984 -0.00259877 -0.0221424 0.0114237 0.00523638 -0.00370398 0.0102517 0.0450605 0.0308076 0.010504 -0.0209945 0.0406607 -0.028584 -0.0165615 -0.0809968 -0.0484953 0.0292623 0.0393253 0.0166488 0.0488203 0.0315224 0.0677999 0.0166713 -0.0946119 0.0451393 0.0634258 -0.0164872 -0.0223586 0.0226268 -0.0286542 -0.0108366
internal_weight=114867 69288.7 45577.9 21730 23431.1 45857.6 17534.7 7782.77 15243.7 38074.8 23847.9 2160.54 37093.8 10386.3 32160.8 12281.3 8649.07 10809.7 27543 1737.25 26584.3 25481 14488.5 2962.42 4195.36 14230.6 10419.5 13717.2 12189.3 8620.07 3569.21 8933.19 8762.31 3660.51 5101.8 2482.97 10992.5 5255.24 5937.96 3650.09 2249.73 4933.01 4617.81 4293.96 3222.7 315.06 958.728 4950.41 3848.41 2360.9 2290.93 1615.4 2287.87 8346.02 1160.1 1434.49 1400.37 5737.22 5030.56 1422.19 2627.48 1635.97
internal_count=5635248 1026281 4608967 1266616 487249 539032 696361 108830 664158 430202 3342351 170662 386956 158970 294216 424793 135101 338247 245092 23869 237884 228974 133588 239365 570255 132010 334684 128055 111132 79218 31914 272902 271639 162232 109407 60107 95386 41367 86873 48802 28811 92740 49124 86229 61208 7931 7208 52390 42564 17248 32203 24657 38071 71565 137899 11503 19991 54019 47378 15938 54001 35386
is_linear=0
shrinkage=0.1


Tree=31
num_leaves=63
num_cat=0
split_feature=31 26 12 33 43 43 43 12 17 31 32 29 28 26 37 31 7 19 19 14 13 7 12 34 29 19 19 42 31 7 13 24 14 17 14 19 14 12 14 3 13 14 12 9 19 7 8 37 33 42 19 9 0 42 13 30 42 7 37 12 33 32
split_gain=23920.9 7312.55 2168.92 2044.7 1511.16 1501.35 785.604 663.673 591.043 580.813 567.25 525.309 504.165 320.231 303.002 288.842 265.629 253.811 244.775 242.529 507.977 281.39 238.976 234.673 229.426 389.398 229.101 223.087 212.157 208.619 207.091 215.141 203.851 247.236 205.699 192.573 182.767 171.93 170.095 168.469 166.661 161.554 157.477 188.34 151.664 179.771 150.416 149.229 186.483 147.073 146.585 144.017 138.073 129.327 128.132 124.622 124.519 122.185 121.596 117.126 116.518 114.101
threshold=-0.13284322619438169 0.88194444775581371 52.73088455200196 -2.0008010864257808 0.99760764837265026 0.95845660567283641 0.39464733004570013 48.074073791503913 5.5000000000000009 0.099579155445098891 5.5000000000000009 1.0000000180025095e-35 1.0000000180025095e-35 -1.0000000180025095e-35 1.0000000180025095e-35 0.30716219544410711 1.0000000180025095e-35 99.052112579345717 97.156337738037124 0.44949495792388922 98.213714599609389 15.500000000000002 57.359306335449226 6.5000000000000009 1.0000000180025095e-35 49.890829086303718 61.916847229003913 0.21132376790046695 0.20798033475875857 1.0000000180025095e-35 97.915760040283217 6.5000000000000009 1.0000000180025095e-35 10.500000000000002 0.93750000000000011 97.68778228759767 0.44949495792388922 55.646631240844734 0.44949495792388922 74.500000000000014 69.00656890869142 0.73214286565780651 92.718276977539077 84.561214447021499 1.0000000180025095e-35 5.5000000000000009 1.0000000180025095e-35 -3.5577430725097652 -9.062461853027342 0.23606810718774798 43.847633361816413 94.185260772705092 0.72551110386848461 0.24068965762853625 64.461452484130874 1.0000000180025095e-35 0.95040985941886913 1.0000000180025095e-35 -33.441602706909173 68.457099914550795 1.0000000180025095e-35 4.5000000000000009
decision_type=8 2 2 2 10 8 8 2 2 8 2 2 2 2 2 8 2 2 2 2 2 2 2 2 2 2 2 2 8 2 2 2 2 2 2 2 2 2 2 2 2 2 2 2 2 2 2 2 2 2 2 2 2 2 2 2 2 2 2 2 2 2
left_child=5 2 9 7 6 18 50 15 12 23 26 36 40 -13 46 27 30 19 -1 20 51 24 -20 53 25 28 39 -3 -21 35 31 38 33 59 42 -12 -6 -37 61 41 -8 57 -34 52 45 -43 -15 48 58 -11 -4 56 -44 -2 -35 -48 -14 -7 -26 -10 -49 -9
right_child=1 3 4 -5 11 10 8 16 32 49 29 13 17 14 -16 -17 -18 -19 22 21 -22 -23 -24 -25 47 -27 -28 -29 -30 -31 -32 -33 34 54 -36 37 -38 -39 -40 -41 -42 44 43 -45 -46 -47 55 60 -50 -51 -52 -53 -54 -55 -56 -57 -58 -59 -60 -61 -62 -63
leaf_value=-0.097609493915064946 0.0020465081843074619 0.03626820445875964 -0.099322470268870353 0.10005146708876973 0.045943821623002236 -0.0070878615773279433 0.008197880694838712 -0.023614805358035996 0.0087452805699916661 0.077568807981888407 -0.081063866891426167 -0.028549479022810062 -0.021554839043638571 -0.025081898430316135 -0.049818728019156516 0.06624667503920087 -0.072706431215520048 0.071289113742763671 -0.081635399427524902 0.011324142659980562 0.12741479160922706 -0.045444425307586751 0.11125156144901799 -0.089405146750273279 0.090933706792797553 0.084666260111461819 0.06874993458882861 -0.042204231426843916 0.077151733240139381 -0.099655566545541141 0.10531439135460426 0.068534530708573668 -0.051315217211896982 -0.036145552555343179 0.044612930776963294 -0.0390579132467892 0.09845939382261279 0.08499213921412152 0.061144509870363933 -0.068707954110053412 0.056461076779730217 0.057442486363761647 -0.0017659372865442868 -0.0540229472377197 -0.10051195350702358 -0.011702024518415385 0.043301143810450519 0.0030479831764121113 0.047624109951946721 -0.0095593415106479448 -0.0023114891212955139 -0.093212234441971228 -0.042185215270255538 -0.059527337034071086 0.12971376992527658 0.085300988869392733 0.073724662680609732 -0.085229586351171824 -0.012065572286131039 0.075534744058109005 -0.061739444414024569 0.030042710438342279
leaf_weight=20443.186047371943 482.86094886064529 482.84236123925075 855.64102021418512 12133.039584688377 956.6771074263379 327.97032207995653 923.78828145004809 483.00086556188762 458.60017192782834 263.4508898044005 650.38348542619497 773.33324135560542 3755.0064358958043 269.81163854151964 344.69035989232361 451.19620259478688 163.79374500503764 620.20660274196416 152.97290545422584 4853.8382888142951 237.32534136064351 859.21926429402083 110.72278884006664 2688.684937404003 126.79051434854046 1044.5644103456289 268.1933352118358 1450.8400736087933 544.52486162260175 1745.2598104155622 771.69380526989698 3786.7497154735029 1720.3679120824672 766.05204893741757 455.93630638439208 346.37479979265481 2156.6733197551221 164.92595853842795 1656.1199002992362 772.89019660372287 3173.1026190882549 471.12041083257645 4388.9920288720168 1154.439339265693 153.01956411171705 1862.6502540386282 3465.9617019337602 12412.398592702113 1746.0845187478699 732.15042344853282 190.42054422385991 272.95865540578961 1046.6965999789536 1161.9640779793262 49.593236338347197 887.35361487371847 142.36280926782638 513.24379924638197 1193.810321837198 614.241450057365 283.94402018701658 2207.8843299942091
leaf_count=3306240 22007 11514 80730 332165 13525 22973 6616 6820 7697 2329 82222 4722 43169 2704 3078 5017 3134 10299 19512 42081 1926 32071 1042 323497 1545 17518 7946 58329 8370 250135 16420 61267 34162 14813 3974 32126 49735 1761 29007 52255 41792 6610 96600 24506 14567 81732 26806 76188 12397 8525 2653 1484 16765 75562 328 12242 1060 58661 11734 4406 1579 32598
internal_value=-0.00285254 0.0244896 0.00541872 0.0714444 0.0115615 -0.0826442 0.00395898 0.0411418 0.00604945 -0.05538 -0.0435687 0.0492464 0.0128068 0.0313098 0.0406281 -0.00579883 0.0534854 0.00802759 -0.0963747 0.00659945 -0.0148939 0.0107067 -0.000644383 -0.0712039 0.0128794 0.0287782 -0.0207934 -0.0226096 0.0179641 -0.0777995 0.0558064 0.0511093 -0.0143654 0.015436 -0.0207852 -0.0449639 0.0823223 0.000955862 0.0359299 -0.0266495 0.0455784 -0.0168819 -0.0243732 -0.0173399 -0.00406739 0.00225624 0.0473716 0.00638097 0.0261785 0.0134961 -0.081663 -0.0229924 -0.00954908 -0.0414515 -0.0260609 0.0518621 -0.0180745 -0.0547639 -0.00217664 0.0469847 0.00159906 0.0204114
internal_weight=109645 81661.7 58074.5 23587.2 52745.4 27982.9 43890.9 11454.1 42844.8 5329.11 7276.03 8854.5 32189.9 5741.15 4967.82 2384.88 9069.24 28093 20706.9 27472.8 4407.65 23065.2 263.696 4333.51 22206 6442.93 4369.09 1933.68 5398.36 2906.94 8905.45 8133.75 10654.9 1888.49 8766.43 1161.68 3113.35 511.301 4347.01 4100.89 4096.89 3328 8310.5 6590.13 2486.79 2333.77 4623.13 15763 3066.69 995.601 1046.06 4170.33 5435.69 1644.83 815.645 4353.32 3897.37 841.214 1320.6 1072.84 12696.3 2690.89
internal_count=5635248 1697466 1141195 556271 709275 3937782 596463 224106 513080 431920 610988 112812 309829 49552 44830 74860 149246 261421 3326794 251122 47639 203483 20554 421066 171412 67969 244744 69843 50451 366244 146112 129692 203251 27244 176007 116109 63260 33887 68425 236798 48408 184543 172033 137871 102909 88342 41752 103443 25676 10854 83383 45713 113365 97569 15141 39048 44229 81634 13279 12103 77767 39418
is_linear=0
shrinkage=0.1


Tree=32
num_leaves=63
num_cat=0
split_feature=31 26 33 12 43 19 43 41 31 14 33 20 21 26 41 34 7 35 21 21 24 19 0 27 30 20 21 19 41 41 21 9 20 44 9 21 39 40 30 14 25 19 19 12 40 14 41 41 7 40 31 3 21 0 25 21 14 34 41 9 12 1
split_gain=21064.6 6621.27 2061.72 2032.51 1325.68 1325.02 767.847 715.111 623.818 542.646 514.297 505.151 514.37 535.056 411.164 372.347 362.89 337.726 332.062 321.146 294.889 338.921 282.337 281.334 439.676 273.85 398.945 354.904 272.928 271.347 270.447 268.989 267.625 259.636 235.907 234.718 223.868 280.922 221.95 214.382 202.776 197.465 195.734 188.209 185.247 180.837 181.849 179.809 179.131 229.802 253.003 172.302 171.02 170.912 163.566 159.111 156.421 147.811 145.852 182.27 161.677 145.586
threshold=-0.14507149159908292 0.88194444775581371 -2.0008010864257808 48.074073791503913 0.95845660567283641 98.706874847412124 0.44494949281215673 1.0000000180025095e-35 0.22482423484325412 0.93750000000000011 -6.6300354003906241 99.80237197875978 0.77097901701927196 0.44949495792388922 0.53571429848670971 50.500000000000007 1.0000000180025095e-35 -31.702217102050778 0.43874999880790716 0.84807693958282482 11.500000000000002 97.68778228759767 0.57938244938850414 2.5000000000000004 1.0000000180025095e-35 97.68778228759767 0.62731480598449718 96.315685272216811 0.45000000298023229 0.45000000298023229 0.98275861144065868 46.247655868530281 50.153373718261726 0.76961538195610057 24.048192977905277 0.35388994216918951 1.0000000180025095e-35 1.0000000180025095e-35 1.0000000180025095e-35 0.27922078967094427 3.5000000000000004 97.156337738037124 91.813587188720717 57.359306335449226 1.0000000180025095e-35 0.86607143282890331 0.80909091234207164 0.76388889551162731 4.5000000000000009 1.0000000180025095e-35 0.19109106808900836 74.500000000000014 0.29520697891712194 0.80898490548133861 7.5000000000000009 0.74456521868705761 0.31666667759418493 3.5000000000000004 0.88194444775581371 72.438781738281264 82.972846984863295 2.5000000000000004
decision_type=8 2 2 2 8 2 8 8 8 2 2 2 2 2 8 2 2 2 2 2 2 2 2 2 2 2 2 2 10 8 2 2 2 2 2 2 10 10 2 2 2 2 2 2 10 2 10 10 2 8 8 2 2 2 2 2 2 2 10 2 2 2
left_child=4 3 8 7 41 6 32 18 16 19 14 12 13 15 55 20 17 -3 -2 -7 21 25 29 45 -25 26 27 33 -10 40 47 -24 -5 -8 -20 51 37 48 44 -31 -19 -1 -28 -43 -14 46 -15 -21 49 -35 52 -12 -51 58 57 -6 -9 61 59 -30 -60 -44
right_child=1 2 -4 5 10 9 11 56 28 -11 35 -13 38 23 -16 -17 -18 22 34 30 -22 -23 31 24 -26 -27 42 -29 53 39 -32 -33 -34 36 -36 -37 -38 -39 -40 -41 -42 43 54 -45 -46 -47 -48 -49 -50 50 -52 -53 -54 -55 -56 -57 -58 -59 60 -61 -62 -63
leaf_value=-0.097757456646841934 -0.068621930089218436 -0.076699389546179025 0.099288343975933294 -0.10030165172043344 -0.039879956852794711 0.051939026238195324 -0.029893835403072416 -0.094398113171486164 0.08927148407129222 0.08447872690001032 -0.011977906289415316 0.096280637426202645 -0.028141575468503596 0.059217760209407361 -0.090462821457986731 -0.062305353831650589 -0.10986890575113624 -0.03231210549405987 0.071233321906291322 0.017967110900286687 0.043681518844261122 0.050712319515487596 -0.037611326285066277 0.035087125333226735 -0.10705230293288875 0.051240100682570025 0.027608232621480155 0.12857237164459243 -0.018103736065263235 -0.039736021364777704 0.087552556846652765 0.039783164600040444 0.0037862809741029259 0.00081487868092527819 -0.018403322730369646 0.13285782089153678 -0.052031124944258648 0.064584519389666958 -0.097684624129087266 0.04523695073332562 0.097299770324620116 -0.08198336826083602 -0.025488181240401694 0.10145264836161705 0.11562033705832997 0.073628970882682415 0.0073576664334413832 -0.042981411683711515 -0.021896337608139062 0.010563691451271822 0.069824628414900364 -0.067899743197499599 0.070390534983535258 0.081288145745169682 0.013104554025610322 0.090230958899891189 0.17950479039621733 -0.041133560450763489 0.033803273490562093 0.064523365371251737 -0.041171039310586521 0.020723625161996221
leaf_weight=18260.898353311233 663.89628534624353 350.10977130848914 11072.872743941378 941.05830599088222 198.74374552303925 2715.2562066093087 1936.1387046943419 2689.2515222500078 2049.0326275490224 2704.0049773454666 2796.7660976932384 607.28066239506006 2631.7873803726397 1279.4686226188205 2469.5478737480007 852.06148440390825 233.88489650562406 136.57208175119013 508.49812497524545 951.14859308674932 1829.1998116266914 1390.4251617472619 1046.0992222861387 667.34006824623793 322.93174108769745 1018.5083030466922 840.16730387089774 234.8578043775633 320.65043067932129 451.24890051688999 309.98594485549256 786.85140418447554 334.93163331132382 8748.7952308333479 694.77744943508878 99.389075573068112 589.22605875553563 915.0107830921188 469.57926428178325 868.10330734495074 1038.9782264614478 132.15120107354596 2526.4367488012649 96.980426150839776 92.792598191648722 1670.9528355486691 1433.9387266412377 985.63929534098133 1824.6407519406639 4650.3407182097435 1084.4822852164507 686.13951861625537 532.52391186263412 973.13132789731026 1097.8645402356051 178.31474430207163 21.012721958570182 4068.8342148186639 797.06785396300256 1594.8430074453354 450.00739491730928 933.67201873799786
leaf_count=3262155 58646 25119 332254 97900 19363 34672 58985 328146 40346 59268 150821 6700 25501 13452 360406 27096 15250 2495 12413 8119 21305 9871 21272 5884 3215 8170 8997 1531 4242 16043 5374 12447 8802 92141 22543 916 5607 7599 4927 13631 16991 18722 25181 937 598 26286 14721 8210 41891 57004 14836 49333 7330 15556 10971 6595 461 51232 10344 28630 6796 8999
internal_value=-0.00272258 0.0223019 0.0687601 0.00447301 -0.0829994 0.00997551 0.00349886 -0.0594679 0.0382972 0.0484375 -0.0438834 0.00570423 0.00444385 0.00749467 -0.0756124 0.00299233 0.0116916 0.0177693 -0.0118479 0.0287973 0.00461815 0.00241221 0.0254115 0.0368756 -0.0112651 0.000245939 -0.00148631 0.00634939 0.059427 0.047304 0.000830206 -0.00438732 -0.0729799 0.00493404 0.0194767 -0.0186706 0.00860978 0.0106222 -0.0341888 0.0161742 0.0822418 -0.0965999 -0.0184672 -0.0043437 -0.0232454 0.0477489 0.0318116 -0.0130498 0.00769021 0.0112853 0.0259014 -0.0229946 0.0167107 0.0446406 -0.0229545 0.0216508 -0.0922745 -0.0282126 0.033364 0.0506917 0.00674878 -0.0130184
internal_weight=104857 79938.2 22169.5 57768.7 24918.9 53191.3 45525.2 4577.44 11096.6 7666.04 6428.9 44249.3 43642 40447.8 2846.61 35073.2 4911.85 4677.96 1867.17 4962.03 34221.1 32391.9 4327.85 5374.63 990.272 31001.5 29983 20516 6184.73 2494.9 2246.77 1832.95 1275.99 20281.2 1203.28 3582.29 18345 17755.8 3194.16 1319.35 1175.55 18490 9466.97 229.132 2724.58 4384.36 2713.41 1936.79 16840.8 15016.1 6267.35 3482.91 5182.86 4135.7 8626.81 377.058 2710.26 7528.94 3162.57 1915.49 1247.08 3460.11
internal_count=5635248 1766000 561416 1204584 3869248 782375 666732 422209 229162 115643 587434 560030 553330 522304 386364 458746 123248 107998 93602 56375 431650 410345 82879 63558 9099 400474 392304 286924 105914 49160 21703 33719 106702 285393 34956 201070 226408 220801 31026 29674 19486 3281814 105380 19659 26099 54459 28173 16329 213202 171311 79170 200154 64334 65568 96383 25958 328607 85412 50012 32872 17140 34180
is_linear=0
shrinkage=0.1


Tree=33
num_leaves=63
num_cat=0
split_feature=31 26 11 9 43 43 43 31 44 29 28 20 32 7 14 7 21 26 34 21 26 38 31 7 29 7 34 1 9 20 21 14 21 3 29 24 19 3 1 14 19 14 7 19 21 19 8 10 9 9 26 3 25 8 14 14 33 32 8 1 34 14
split_gain=18574.1 6155.42 2184.15 2067.89 1229.8 959.61 724.028 659.714 531.833 499.431 425.367 408.093 405.599 385.275 349.522 346.826 355.629 300.49 289.177 279.692 293.203 279.465 265.185 253.015 361.528 651.639 235.408 336.827 218.222 227.26 205.275 199.743 198.417 196.853 205.214 179.75 190.448 179.378 171.354 170.947 167.154 154.478 150.324 176.674 136.847 127.891 126.642 120.167 118.197 118.091 117.124 112.048 128.941 111.908 111.783 242.994 223.099 112.285 110.143 107.713 106.872 295.154
threshold=-0.17549317330121991 0.88194444775581371 98.213714599609389 41.444372177124031 0.99760764837265026 0.97705537080764782 0.39464733004570013 0.099579155445098891 0.73713615536689769 1.0000000180025095e-35 1.0000000180025095e-35 99.80237197875978 3.5000000000000004 1.0000000180025095e-35 0.93750000000000011 1.0000000180025095e-35 0.62731480598449718 0.73214286565780651 4.5000000000000009 0.8834841549396516 0.23611111193895343 35.500000000000007 0.44417363405227667 15.500000000000002 1.0000000180025095e-35 1.5000000000000002 3.5000000000000004 2.5000000000000004 85.270011901855483 95.093433380126967 0.18350168317556384 0.93750000000000011 0.048809524625539787 19.500000000000004 1.5000000000000002 11.500000000000002 96.019802093505874 34.500000000000007 1.5000000000000002 0.44949495792388922 78.065486907958999 0.10555555671453477 1.0000000180025095e-35 96.787097930908217 0.45643940567970281 98.295398712158217 1.5000000000000002 76.028167724609389 47.690120697021491 48.331480026245124 0.31666667759418493 74.500000000000014 3.5000000000000004 5.5000000000000009 0.18333333730697635 0.36931818723678594 -7.9872398376464835 5.5000000000000009 1.0000000180025095e-35 3.5000000000000004 5.5000000000000009 0.58571431040763866
decision_type=8 2 2 2 10 8 8 8 2 2 2 2 2 2 2 2 2 2 2 2 2 2 8 2 2 2 2 2 2 2 2 2 2 2 2 2 2 2 2 2 2 2 2 2 2 2 2 2 2 2 2 2 2 2 2 2 2 2 2 2 2 2
left_child=5 3 8 7 6 45 32 18 40 39 31 14 44 22 15 16 21 26 -2 20 38 33 28 24 25 53 27 -18 29 -10 37 41 -5 34 35 36 -12 -27 46 -6 -3 -8 43 -14 51 -1 -11 59 -47 -45 -33 52 -7 -16 -30 56 -56 -58 -22 -31 61 -17
right_child=1 2 -4 4 9 12 10 -9 13 19 11 -13 42 -15 23 60 17 -19 -20 -21 58 -23 -24 -25 -26 30 -28 -29 54 47 -32 50 -34 -35 -36 -37 -38 -39 -40 -41 -42 -43 -44 49 -46 48 -48 -49 -50 -51 -52 -53 -54 -55 55 -57 57 -59 -60 -61 -62 -63
leaf_value=-0.098503691507887736 -0.031312531984733945 -0.082032994668208237 0.09974255819816609 -0.10640790513734839 0.043049488761577617 -0.0060373453968628858 0.050431215201043725 0.014993881913100058 0.044623819825780647 -0.06273920574925243 0.015026746504729196 0.098041981550682153 -0.090053119046518706 -0.078236135311563176 0.095791805270078689 -0.07778750722488012 -0.028386027957968397 -0.28091772067953275 -0.084915481559894701 -0.028520969125688602 -0.013934945567152832 -0.040250034074891625 0.072888821880757099 -0.035322184578094877 0.0024032479936726219 -0.00094881979204836098 -0.040309245706375299 0.036676160226391412 0.1007635894273053 0.01176379942371801 0.091243327849588038 0.023451512202622895 -0.0087297923461786692 -0.039301108171300593 -0.032340568263854327 0.077536313632647999 0.12686790563799047 0.1149578542465243 0.038208429594597873 0.096667710591812284 0.025890397600638045 0.0059240508003238004 -0.099200204969938754 -0.030412231046043819 0.12735968390446642 -0.077094607390504985 0.0073022298342685366 0.054486694687371412 0.090946975634904004 0.095737394896085556 0.075457558754053911 -0.064711556025811662 -0.095441205664400328 0.021885846044738033 0.056241407308914616 0.08636854952801204 -0.10997418592871462 0.006041376502078092 0.068004550241140757 -0.032739737229092181 -0.07877990845374519 0.24205114317811691
leaf_weight=16134.73268651776 1429.9657442178577 483.94641694100574 10043.053536077961 758.23224251484498 872.53664645506069 1896.1718699359335 1040.4754029172473 1158.3770506307483 2702.9739448893815 379.11137597821653 5757.3206626349129 425.13999955262989 378.69687352934852 264.77275127964094 1429.1686410275288 99.480357452295721 2082.3009313014336 45.294339509680867 3398.0539833931252 770.70970704220235 177.59288096707314 1148.5752331358381 2405.736548723653 1227.9061486474238 12868.02588591259 3385.9583333320916 3596.056614826899 1287.802555329632 550.63581251166761 1436.0781237622723 289.3154442794621 682.49677041685209 286.55599231598899 670.00634561944753 744.85064420895651 554.36277819192037 156.39114719070494 139.00295116892084 1229.3344245869666 1866.7998494356871 204.00860975310206 3113.1890706080012 1360.7628513295203 239.043671595864 60.939816670492291 110.04729768214747 809.05006648320705 396.65940248966217 67.551214144565165 107.61364998808131 1184.8485987484455 541.99592169374228 176.31654243869707 239.167745009996 415.46315030381083 808.5149587392807 171.48191225528717 162.45542445778847 2150.7921320870519 875.34900806238875 918.78970668837428 40.639678853098303
leaf_count=3188837 77132 37194 330853 98467 14255 107594 11101 12722 48660 3816 90494 5896 57243 14908 24103 2154 29292 400 468073 5940 1585 33123 45317 53845 80506 21562 56951 13256 13595 21978 5710 9083 9932 26777 16248 7034 1809 1930 8267 49853 4288 26672 234189 24814 971 16397 5199 7005 644 930 21730 41504 19322 3909 6933 17252 2612 2505 24800 20839 44472 766
internal_value=-0.00259554 0.0195715 0.0661153 0.00290164 0.0092595 -0.0860457 0.00263808 -0.0527788 0.0350693 0.0446858 0.00463082 0.000630221 -0.0465492 0.0408145 -0.000498818 -0.0109433 -0.00728469 -0.0241826 -0.0690393 0.0273541 0.0364279 0.00583369 0.0439903 0.00862448 0.0115651 0.0330685 -0.0225133 -0.00352411 0.0347449 0.0241107 0.010268 0.0292852 -0.0796175 0.0125483 0.0173645 0.0230885 0.0179844 0.00362183 0.0120346 0.0795892 -0.050029 0.0170729 -0.0796015 -0.0428343 -0.0207772 -0.0975747 -0.0150462 0.0036364 -0.0131785 0.00874869 0.0564498 -0.0242301 -0.0136434 0.0851969 0.0620347 0.0483462 0.00732466 -0.0535344 0.0617548 -0.00508991 -0.0663736 0.0149768
internal_weight=100409 79334.8 20921.1 58413.7 52427.3 21073.9 44171.4 5986.4 10878.1 8255.93 43126.6 37105.6 4761.54 10190.1 36680.4 17101.9 16043 7011.45 4828.02 5516.59 4745.88 9031.51 9925.35 19578.5 18350.6 5482.61 6966.16 3370.1 7519.61 5411.06 3814.28 6021.01 1044.79 7882.93 7212.93 6468.07 5913.71 3524.96 2417.5 2739.34 687.955 4153.66 2086.12 725.354 2675.42 16312.3 1188.16 2708.09 177.599 346.657 1867.35 2614.48 2072.49 1668.34 2108.55 1557.92 749.4 333.937 2328.39 2311.43 1058.91 140.12
internal_count=5635248 1942803 573939 1368864 810937 3692445 697222 557927 243086 113715 588823 520237 486567 201604 514341 322776 275384 99899 545205 49607 43667 175485 186696 191565 137720 57214 99499 42548 141379 98482 29202 68586 108399 142362 115585 99337 92303 23492 17282 64108 41482 37773 317176 82987 169391 3205878 9015 49822 17041 25744 30813 168420 126916 28012 42897 29302 12050 5117 26385 42817 47392 2920
is_linear=0
shrinkage=0.1


Tree=34
num_leaves=63
num_cat=0
split_feature=31 26 33 12 43 43 41 43 12 17 41 14 29 41 41 14 26 34 7 27 14 8 26 14 24 37 41 33 42 14 13 13 7 42 40 30 33 30 14 41 13 12 19 31 7 17 29 3 7 14 1 42 7 12 25 31 41 14 19 24 41 17
split_gain=16409.2 5438.7 2023.65 1820.66 1038.01 977.019 759.168 639.65 553.973 465.125 460.549 525.846 440.306 436.775 434.642 389.152 380.707 301.51 285.509 281.476 272.01 270.975 254.934 233.744 239.19 225.948 217.315 324.888 212.81 209.882 197.218 186.311 185.75 183.363 179.641 168.096 161.015 157.166 152.931 150.823 182.555 172.906 146.016 143.035 140.381 200.485 291.832 200.118 133.652 130.682 129.991 182.544 129.987 126.035 124.083 123.019 121.743 229.523 121.738 121.649 121.446 146.756
threshold=-0.17549317330121991 0.88194444775581371 -1.6671295166015623 52.73088455200196 0.99760764837265026 0.97448912262916576 1.0000000180025095e-35 0.39464733004570013 48.074073791503913 8.5000000000000018 0.45000000298023229 0.44949495792388922 1.0000000180025095e-35 1.0000000180025095e-35 0.45000000298023229 0.93750000000000011 0.44949495792388922 9.5000000000000018 1.0000000180025095e-35 1.5000000000000002 0.31666667759418493 16.500000000000004 -1.0000000180025095e-35 0.31666667759418493 6.5000000000000009 1.0000000180025095e-35 0.63333335518836986 -8.523002624511717 0.26138715445995336 0.44949495792388922 94.826045989990249 69.282051086425795 8.5000000000000018 0.28759397566318518 1.0000000180025095e-35 1.0000000180025095e-35 -73.315315246582017 1.0000000180025095e-35 0.18333333730697635 0.84523808956146251 68.614070892333999 86.72955703735353 43.847633361816413 -0.30524194240570063 1.5000000000000002 1.5000000000000002 1.0000000180025095e-35 19.500000000000004 43.500000000000007 0.58571431040763866 1.5000000000000002 0.96362432837486278 1.0000000180025095e-35 87.226108551025405 4.5000000000000009 0.29153905808925634 0.63333335518836986 0.31666667759418493 98.295398712158217 7.5000000000000009 0.76388889551162731 5.5000000000000009
decision_type=8 2 2 2 10 8 8 8 2 2 10 2 2 8 8 2 2 2 2 2 2 2 2 2 2 2 10 2 2 2 2 2 2 2 8 2 2 2 2 10 2 2 2 10 2 2 2 2 2 2 2 2 2 2 2 8 8 2 2 2 10 2
left_child=5 3 8 6 7 58 17 42 13 10 30 26 29 33 -10 18 21 28 43 -18 55 32 -14 24 36 50 27 31 54 56 -9 -12 34 -3 37 -21 -16 60 -15 40 -11 -41 -5 -7 45 46 49 52 -17 -36 51 -24 -47 -38 -2 -8 -6 -58 -1 -37 61 -13
right_child=1 2 -4 4 12 15 20 9 14 39 11 16 22 38 23 48 19 -19 -20 35 -22 -23 25 -25 -26 -27 -28 -29 -30 -31 -32 -33 -34 -35 44 59 53 -39 -40 41 -42 -43 -44 -45 -46 47 -48 -49 -50 -51 -52 -53 -54 -55 -56 -57 57 -59 -60 -61 -62 -63
leaf_value=-0.098239943472881675 -0.014521154396632492 0.04794719417086829 0.097785801638368586 -0.096513949471762728 0.06131370281917406 -0.077179870623099167 -0.093524780396162091 0.039510969018590289 0.080739110625297858 -0.021278478572938075 -0.02413883970355532 0.027011531106210792 -0.028569514997600895 -0.072765275767182766 0.062222800242867776 0.018045869333236163 0.07345005164296424 -0.067929851152272291 -0.095656473697361369 0.036460841135625491 0.128574121150487 -0.052782397710306218 -0.023050015879928262 0.040916216270848321 0.030353291129585649 -0.046036699055407054 -0.038220996013954553 -0.05590035748651867 -0.019524776216163414 0.095505846680246101 0.12042449744472022 0.056445309749423911 -0.026240043793136509 -0.027705465950792138 0.020500990307283778 0.020348494669991522 -0.10877505867978879 0.21209789263259143 0.16855435263231811 -0.089681942278222834 0.042468883719481501 -0.025790696148188581 0.00053113476439095347 0.0047091078431912466 0.006272829264728063 0.029256270827821174 0.017429591690573072 -0.048855168750679002 -0.033913527001917874 0.090562522628433756 0.054923536972847464 0.042084105319582656 -0.077599971493752695 0.051223684114863811 0.079648462213746385 -0.001238850260033317 -0.11856725985429795 0.060113273659875094 -0.01249017699567612 -0.06707591703147002 0.00015817028197749388 0.18108252016935952
leaf_weight=14626.979651670903 188.86569636268541 1008.1388005632907 9207.3207390508614 790.84185919817537 614.59056275524199 339.40805385774001 2912.7230911366642 1775.5321608576924 2483.0837005320936 1358.1127459951676 417.09906251449138 780.82041089516133 762.70112262712792 846.71153289824724 87.492756274994463 869.51398274395615 1546.5411411980167 591.12542120693251 1616.636170711834 1366.733471442014 58.587028117384762 748.99972576415166 646.57525753695518 4459.532810121309 657.18621654016897 330.31731640920043 3467.4968767361715 628.26821066904813 796.82003218494356 1712.4587449580431 362.78303614258766 919.16325447987765 1470.8014495712705 469.62074999278411 333.40021134028211 302.24209939315915 361.04847116023302 35.880064751952887 27.101458585355431 485.67568686557934 671.26956846937537 3312.4529667701572 192.85205632448196 574.08059708075598 4009.2244373708963 1916.6112098977901 1697.1495157829486 480.12476920383051 1149.5013807779178 1321.4241022816859 2468.5852786498144 1286.243824403733 121.02983672963455 57.006877112202346 539.96344976685941 151.98147356975824 126.49113691598177 166.54641846753657 167.4571323604323 336.22004905156791 13076.482718415093 67.139502004720271
leaf_count=3186885 6899 15391 331953 106474 10200 49552 435745 14541 53852 19865 5780 4781 4746 63585 1600 35061 28377 68082 284633 13233 1207 18321 6104 78356 11809 3080 56274 4211 29804 49892 4154 6981 60734 10114 5063 4127 6409 169 209 22277 9119 88791 2909 51840 30611 22135 10928 18755 67681 21427 23187 12665 2610 661 14034 1581 1697 2202 16793 3715 110724 653
internal_value=-0.00246615 0.0182161 0.0635985 0.00265454 0.00830496 -0.084807 -0.0535328 0.00224324 0.0334966 0.00406686 0.00818391 0.00543467 0.0411682 -0.009235 0.0458941 -0.0442779 0.0106814 -0.00729794 -0.0704051 0.0413949 -0.0848679 0.00649525 0.0250824 0.0305048 -0.00942705 0.0337305 -0.0231658 0.0034073 0.0161944 0.0749008 0.0532386 0.0312919 0.00824945 0.0239054 0.0103773 0.0166718 -0.0611394 0.00307495 -0.0652807 -0.0222011 -0.000192425 -0.0339606 -0.0774884 -0.0257169 0.0206966 0.0305485 0.0465657 0.00922421 -0.0115366 0.0764471 0.0397169 0.0202951 0.0229093 -0.0869573 0.0552457 -0.0889482 0.0360244 -0.0170151 -0.0972693 -0.02569 0.00253635 0.0392105
internal_weight=96354.8 77011.2 19664.2 57346.9 52106.9 19343.6 5240.07 43992.4 10456.9 43008.7 37181.2 35042.9 8114.51 2351.57 8105.35 4549.14 29610.8 2116.77 2530.12 3551.74 3123.29 26059.1 5494.42 5622.27 1162.73 4731.72 5432.03 1964.53 1525.65 2620.09 2138.32 1336.26 25310.1 1477.76 23839.3 2005.2 505.548 13960.3 873.813 5827.51 2029.38 3798.13 983.694 913.489 9878.96 5869.74 3351.97 2517.77 2019.02 1654.82 4401.4 1932.82 2037.64 418.055 728.829 3064.7 907.628 293.038 14794.4 638.462 13924.4 847.96
internal_count=5635248 1942803 573939 1368864 811512 3692445 557352 697739 241986 588356 448304 429609 113773 89299 152687 488767 356363 118819 386025 49452 438533 306911 49782 98835 20479 45036 73246 16972 50737 63991 18695 12761 288590 25505 227856 21075 8670 116327 63794 140052 28984 111068 109383 101392 111529 80918 37418 43500 102742 26490 41956 18769 24745 7070 20933 437326 14099 3899 3203678 7842 116158 5434
is_linear=0
shrinkage=0.1


Tree=35
num_leaves=63
num_cat=0
split_feature=31 28 13 12 19 43 42 35 43 27 20 30 34 21 7 32 19 21 20 7 24 19 18 21 30 36 39 40 13 17 43 33 24 10 42 12 42 42 10 45 34 1 18 20 20 40 36 17 24 27 9 10 10 17 7 19 30 18 12 34 30 6
split_gain=14493.3 4630.02 2256.52 1839.68 1093.31 727.762 696.113 541.97 515.927 495.31 443.931 395.99 394.658 372.062 360.955 310.301 277.68 264.646 312.55 290.072 292.731 308.829 274.662 264.019 253.092 218.534 207.13 204.881 193.442 191.99 188.932 165.36 158.332 156.554 183.011 243.748 154.086 154.017 147.35 142.312 129.705 127.424 127.042 126.807 189.634 182.513 144.563 125.817 123.607 121.733 114.801 114.456 126.874 110.363 109.537 139.262 108.248 125.771 107.708 105.876 104.107 103.42
threshold=-0.19790396094322202 1.0000000180025095e-35 97.915760040283217 62.622549057006843 99.052112579345717 0.97705537080764782 0.97726097702980053 -31.702217102050778 0.45792327821254736 1.0000000180025095e-35 99.80237197875978 1.0000000180025095e-35 7.5000000000000009 0.77097901701927196 1.0000000180025095e-35 3.5000000000000004 97.833908081054702 0.62731480598449718 97.81815338134767 5.5000000000000009 11.500000000000002 96.315685272216811 92.342185974121108 0.048809524625539787 1.0000000180025095e-35 20.500000000000004 1.0000000180025095e-35 1.0000000180025095e-35 74.133811950683608 5.5000000000000009 0.9783390760421754 1.0000000180025095e-35 8.5000000000000018 78.456192016601577 0.21132376790046695 42.740047454833991 0.92031747102737438 0.97498434782028209 59.122919082641609 0.98098206520080578 2.5000000000000004 1.5000000000000002 95.565387725830092 95.393455505371108 85.212245941162124 1.0000000180025095e-35 9.5000000000000018 5.5000000000000009 7.5000000000000009 1.5000000000000002 27.639257431030277 66.287876129150405 24.068965911865238 5.5000000000000009 1.0000000180025095e-35 96.787097930908217 1.0000000180025095e-35 76.21183013916017 53.907203674316413 4.5000000000000009 1.0000000180025095e-35 1.0000000180025095e-35
decision_type=8 2 2 2 2 8 2 2 8 2 2 2 2 2 2 2 2 2 2 2 2 2 2 2 2 2 10 8 2 2 10 2 2 2 2 2 2 2 2 2 2 2 2 2 2 10 2 2 2 2 2 2 2 2 2 2 2 2 2 2 2 2
left_child=5 2 6 12 8 -1 7 38 23 -4 13 29 37 16 31 -7 17 19 22 20 21 25 47 -5 27 26 30 40 -6 -8 43 33 -25 34 -9 50 53 51 -2 -31 -15 -32 -20 44 45 46 -10 -19 59 -37 -36 52 -3 -35 55 -17 -47 -58 -57 -24 -45 -21
right_child=1 3 9 4 28 15 11 14 10 -11 -12 -13 -14 24 -16 54 -18 18 42 61 -22 -23 48 32 -26 -27 -28 -29 -30 39 41 -33 -34 36 35 49 -38 -39 -40 -41 -42 -43 -44 60 -46 56 -48 -49 -50 -51 -52 -53 -54 -55 -56 58 57 -59 -60 -61 -62 -63
leaf_value=-0.097863281727544701 -0.091011009700371251 0.00025730151953772028 0.023945766657000815 -0.10455012943642515 0.021465305044201383 -0.021532906293304697 0.080261998067173573 0.05969779343056858 0.013886938432523869 0.096331531515398514 0.10877612499447804 0.086189408439021731 -0.084697937721358987 -0.00054822140898163393 -0.071461923091123952 -0.090966575348738643 0.04735488209469646 0.00653126913228035 -0.0066478460718538586 -0.091242732229478263 0.058091080246275476 0.1201635577321138 -0.027889675409411507 -0.056138730257888098 -0.12256726782491463 -0.061737436605425682 -0.049054561810228894 0.089142948331051367 0.087159902313182075 0.024516655769110635 0.0070984129846749624 -0.078180204870142142 0.069559126306113092 0.062327716865780938 0.0039093731240991058 0.012796658359480932 0.0093122880897567664 0.093589013558227505 0.02193205049478162 -0.053151451313132883 -0.055771166659636398 0.085312047225061596 0.071956223869168792 0.068480329132743309 -0.012277119161958972 0.16757194315622514 -0.018716510657082949 -0.030105846845758413 0.02312482525088649 0.039339863790000471 -0.053926345716744942 0.12241335621033123 -0.050546032980383349 0.0002653019194603791 -0.098889731613302889 -0.041399238447333314 0.017007695055945717 0.10108131070580749 0.090485490832703769 -0.061607761545894882 -0.075495065833379407 -0.017772456135352329
leaf_weight=13004.8620750173 557.06567276921123 648.7312368908897 1066.8306991178542 698.20900817168877 602.77015973627567 2045.8049263958819 436.32664562528953 1021.8813517936505 10240.808812805451 8298.3650908293203 385.90076724626124 2785.5689097759314 2699.666667674901 694.7450809283182 398.81444536615163 299.16902580298483 1385.4973325515166 4326.5359726264141 313.58204361377284 208.07049332791939 1275.4013159670867 245.12882236205041 2685.5616115406156 239.7563245119527 308.87660076282918 449.01143350591883 597.80254728160799 145.22046684008092 1748.1198820415884 830.11938456771895 334.56884318962693 153.5571441045031 172.17293098662049 2509.3456448409706 718.89393245289102 4963.1157689383253 984.24709032475948 95.552125749178231 145.73154646810144 329.58046063268557 1096.7593504083343 551.91537569183856 597.20048002805561 520.35307034337893 3949.8373434445821 80.352361963130534 1568.2313154651783 1196.578356242273 340.37668143678457 2650.5845825821161 656.73174041183665 45.093692509457469 2029.1860085627995 323.46266944892704 1065.2538223350421 162.61786857200786 520.46081232372671 270.36736881081015 100.00550184305757 1425.6125469119288 55.58808284625411 2419.5169545286335
leaf_count=3115622 57866 39215 19814 114037 8240 142722 5878 17609 119689 295522 4942 86866 433510 5972 25867 53044 9965 28739 2547 16043 15297 1572 29751 12333 3583 16669 5557 1027 49674 8792 2967 2437 5043 46888 20545 73787 18660 1983 3903 3609 10934 4606 3977 4787 36148 556 50966 26180 3288 38729 25903 471 140251 5509 224550 20568 6066 3080 1380 19576 545 79392
internal_value=-0.002344 0.0161811 0.0477523 -0.00311549 0.00407288 -0.0867619 0.0283468 0.0181543 0.000110288 0.0880858 0.00206378 0.0634338 -0.0573724 0.000974468 0.0223448 -0.0474542 0.00346754 0.00168818 -0.0111833 0.00770483 0.0116851 0.00863177 -0.0163036 -0.0670919 -0.0385025 0.00720331 0.00885953 -0.0250955 0.0703158 0.023718 0.0107731 0.0250205 -0.00360114 0.0261665 0.0195965 0.0150379 0.0433982 -0.0311995 -0.0675912 0.0024438 -0.0343557 0.0557934 0.0448929 0.00845357 0.00685595 0.0128158 0.00955723 -0.00140613 -0.0347872 0.0220372 -0.0237017 -0.0355784 -0.0382388 0.0552412 -0.0800471 -0.0443181 0.0569867 0.0457507 0.00882172 -0.0395819 0.0545843 -0.0235903
internal_weight=92677.1 75999.3 28830.2 47169.1 41650.9 16677.7 19465 15083.4 39300 9365.2 38189.9 4381.6 5518.23 37804 14380.6 3672.85 35558.4 34172.9 10885.4 23287.4 20659.8 19384.4 9974.67 1110.14 2245.6 19139.3 18690.3 1936.72 2350.89 1596.03 18092.5 13981.8 411.929 13828.3 10011.2 8989.33 3817.06 2818.56 702.797 1159.7 1791.5 886.484 910.783 17206 16630.1 12680.2 11809 5523.11 4451.55 7613.7 1375.63 2723.01 2677.92 2832.81 1627.05 561.792 871.181 790.828 262.623 4111.17 575.941 2627.59
internal_count=5635248 2077362 758184 1319178 703748 3557886 442848 337703 645834 315336 514421 105145 615430 509479 275934 442264 487963 477998 114058 363940 268505 253208 107534 131413 21516 251636 234967 17933 57914 18279 229410 250067 17376 247630 176573 158964 71057 181920 61769 12401 16906 7573 6524 221837 216505 180357 170655 54919 52615 112516 46448 179937 179466 52397 299542 74992 9702 9146 21948 49327 5332 95435
is_linear=0
shrinkage=0.1


Tree=36
num_leaves=63
num_cat=0
split_feature=31 26 11 9 19 41 13 21 41 14 41 14 29 17 26 41 9 29 9 41 21 14 13 33 7 32 31 41 14 14 38 11 38 13 24 17 19 41 14 14 13 27 27 0 14 24 10 10 21 20 35 18 14 21 14 10 35 0 29 21 0 24
split_gain=12811.8 4388.03 2087.64 1500.31 814.844 716.426 698.342 477.169 449.242 540.659 411.233 683.679 373.09 353.658 418.91 362.076 342.734 333.615 295.977 283.768 278.312 257.348 248.304 235.859 233.988 231.742 231.191 227.442 273.538 226.451 212.419 201.38 197.443 195.266 341.913 295.904 186.617 223.617 218.603 184.007 180.769 176.442 174.765 174.231 171.506 186.029 191.641 170.889 170.473 169.879 166.768 166.291 165.834 165.626 165.367 431.029 164.657 162.566 153.335 149.092 142.74 142.248
threshold=-0.19790396094322202 0.88194444775581371 98.213714599609389 39.369100570678718 98.706874847412124 1.0000000180025095e-35 85.215545654296889 0.8603896200656892 0.80909091234207164 0.31666667759418493 0.35416667163372045 0.44949495792388922 1.0000000180025095e-35 5.5000000000000009 0.44949495792388922 0.76388889551162731 42.94755935668946 1.0000000180025095e-35 71.516754150390639 0.63333335518836986 0.38278388977050787 0.81666666269302379 94.826045989990249 -8.3333339691162092 13.500000000000002 1.5000000000000002 0.30716219544410711 0.45000000298023229 0.36931818723678594 0.31666667759418493 23.500000000000004 93.419914245605483 25.500000000000004 69.00656890869142 6.5000000000000009 4.5000000000000009 97.68778228759767 0.35416667163372045 0.31666667759418493 0.31666667759418493 61.651582717895515 1.5000000000000002 1.5000000000000002 0.57938244938850414 0.93750000000000011 7.5000000000000009 82.972846984863295 23.629112243652347 0.26491229236125952 99.333301544189467 1.9230766296386721 97.446762084960952 0.34848485887050634 0.71714287996292125 0.31666667759418493 60.660173416137702 -12.429565429687498 0.83491453528404247 2.5000000000000004 0.15504807978868487 0.32111087441444403 7.5000000000000009
decision_type=8 2 2 2 2 10 2 2 8 2 10 2 2 2 2 10 2 2 2 10 2 2 2 2 2 2 10 10 2 2 2 2 2 2 2 2 2 10 2 2 2 2 2 2 2 2 2 2 2 2 2 2 2 2 2 2 2 2 2 2 2 2
left_child=6 3 8 5 10 20 36 21 16 47 22 19 59 14 24 61 26 41 -11 23 -2 -6 53 40 49 -20 32 -18 31 -7 -22 33 43 34 35 54 -1 -38 -39 -21 -12 -9 -16 48 45 46 60 -10 -3 50 58 -19 -41 -5 -29 -56 -14 -27 -13 -8 -17 -15
right_child=1 2 -4 4 7 29 12 17 9 18 11 13 56 15 42 44 27 51 25 39 30 -23 -24 -25 -26 57 -28 28 -30 -31 -32 -33 -34 -35 -36 -37 37 38 -40 52 -42 -43 -44 -45 -46 -47 -48 -49 -50 -51 -52 -53 -54 -55 55 -57 -58 -59 -60 -61 -62 -63
leaf_value=-0.098220120324800861 -0.066186542018593184 -0.075812953181518275 0.09769583250061116 0.044798380550444009 0.040080614741982032 -0.087625318790173656 -0.019383359209595809 0.079794212040440751 0.0093070439691292188 0.05772731133725531 -0.039992435579116789 0.0094781208659996171 -0.098819902650226332 0.014874556166728774 0.076506284745332831 -0.041978166515438786 0.08446238979025561 -0.0020670535065595488 -0.63736827263223061 -0.074557848813156039 0.049296936784041498 0.090646036298154681 0.11988443099089513 -0.054050035014800261 -0.031060074730325366 -0.039042542929804212 0.079796503768547564 -0.17035371028122354 0.083017105984153391 0.06233660841229216 -0.025277865803852356 -0.066902093041664348 -0.041915304829544066 0.051344013212125145 0.044584679089875713 -0.0017196746148054173 0.087138961989995767 -0.092939859185788967 0.10663046397900477 -0.018304321725478832 0.039660032012920593 -0.29956480409783798 0.02533942470024288 -0.016261384963981756 0.034464472360450742 -0.052637220582417099 -0.045959825948699906 -0.090121328510625084 0.082451680151252302 0.095185351806412133 -0.055527302309453345 -0.074930909667729653 -0.077561321201423769 -0.011743776668267794 -1.060401482377 -0.21594871001053009 0.16868750936064741 0.065488799099139031 -0.067967594467631731 0.11945695806979638 0.010744097815529019 0.10219768825108194
leaf_weight=11958.235193616245 563.40557899535634 78.576757870381698 7680.1296126870438 1730.1423144191504 2698.2179957777262 2850.8358512364794 1723.100394920446 514.96280622621998 227.03311976231635 1168.1917954511009 378.84591691358946 22806.195551677374 881.24546426627785 461.44402085640468 1157.5885844454169 658.94707176578231 1904.0813622183632 1233.1215369473211 6.0317866764962664 1452.8299297345802 853.39649249007925 1605.3243569768965 332.77395264618099 600.61348118330352 1612.4925429432187 655.82597736548632 405.01124981418252 55.070370265282691 945.07932986877859 104.38320025452413 691.40001373365521 249.04581516608596 786.70586372562684 1136.299024797976 248.41532623185776 77.913781044771895 109.6734656598419 470.59000051999465 62.133214702829719 2239.8203639842104 1149.2421848224476 12.559302775189279 1576.8508309354074 572.57450897525996 498.2220280081965 1897.5049741759431 1379.3991352061275 724.42175542656332 508.47955384198576 222.95578683353961 412.66072336211801 419.86240873811767 598.46152649470605 739.49357931665145 8.5759935788810271 20.476301942020655 23.62640073755756 192.43193716369569 258.54932996025309 80.978312107967213 2326.8206659571733 313.13749138754793
leaf_count=3127911 65485 6538 330958 23025 39689 464504 117165 13727 11976 17663 11104 236872 214741 8376 24771 37190 48891 10578 118 78034 30303 48178 3978 3955 90750 10990 6549 688 23427 4196 32539 3902 25770 21430 4047 876 4710 91403 465 37606 9168 219 16768 10396 5697 49015 41614 43819 10674 3581 2444 3102 20367 5798 122 289 322 3654 6135 1169 62094 3723
internal_value=-0.0022261 0.0150008 0.0585109 0.00137281 0.00649958 -0.0505578 -0.0854967 0.0396329 0.0283265 -0.00423133 0.00170462 -0.000770003 -0.0394342 0.00464913 0.00981664 -0.0145845 0.042166 0.00152218 0.0250134 -0.0308063 -0.00602274 0.0589427 0.0387943 -0.000956061 0.00579986 -0.019721 0.0110577 0.0579135 0.03947 -0.0823284 0.0159197 0.0165524 -0.0032461 0.0299896 -0.0291282 -0.142136 -0.0953995 -0.0428932 -0.0696633 -0.0456142 0.0199125 0.0707624 0.0470002 0.0229875 -0.0220041 -0.0264964 -0.0151332 -0.066396 0.0612682 0.00830768 0.00748264 -0.0205747 -0.0307989 0.0278677 -0.272189 -0.465224 -0.0918352 -0.015329 0.00860998 -0.0131513 -0.000891496 0.0501764
internal_weight=89312.4 74002.8 17650.4 56352.5 51289 5063.42 15309.6 6484.05 9970.24 2973.94 44805 42002.6 2708.95 35582.8 28047.3 7535.48 6996.31 2180.51 2022.48 6419.81 2108.2 4303.54 2802.41 2128.7 25312.9 854.29 2351.35 4644.96 2740.88 2955.22 1544.8 1795.8 1946.34 1546.75 410.452 162.036 12600.6 642.397 532.723 4291.11 1528.09 527.522 2734.44 1159.63 6760.89 6262.67 4365.17 951.455 587.056 23700.4 23477.4 1652.98 2838.28 2469.64 84.1227 29.0523 904.872 848.258 23064.7 1804.08 2985.77 774.582
internal_count=5635248 2077362 582777 1494585 897558 597027 3557886 115493 251819 88220 782065 749264 333397 589030 381321 207709 163599 27626 32425 160234 128327 87867 32801 24227 339782 14762 59927 103672 54781 468700 62842 31354 53378 27452 6022 1975 3224489 96578 91868 136007 20272 13946 41539 27608 195610 189913 140898 55795 17212 249032 245451 13680 57973 28823 1099 411 215063 14644 243007 118334 99284 12099
is_linear=0
shrinkage=0.1


Tree=37
num_leaves=63
num_cat=0
split_feature=31 26 11 12 43 41 43 43 31 41 17 41 11 12 36 21 21 8 8 28 12 20 13 41 9 19 20 19 21 17 44 40 3 3 19 12 41 12 12 41 17 41 35 41 0 32 17 41 25 13 19 31 39 40 30 20 27 21 31 17 10 43
split_gain=11357.4 3942.78 2026.45 1492.86 727.535 683.021 583.67 571.065 410.105 382.288 361.894 367.061 347.655 346.69 265.866 258.441 257.401 209.824 204.123 207.841 203.404 203.058 185.397 182.889 167.72 164.864 182.332 149.069 184.133 142.338 140.096 136.196 134.374 126.852 126.246 123.078 119.295 247.178 172.636 166.528 124.11 116.223 115.789 114.775 113.366 121.02 112.668 112.655 112.348 111.832 110.719 110.249 109.384 179.288 219.529 273.81 114.1 105.938 101.643 101.249 183.919 97.4924
threshold=-0.21587483584880826 0.88194444775581371 98.213714599609389 48.074073791503913 0.99760764837265026 1.0000000180025095e-35 0.43847632408142095 0.97067424654960643 0.35236643254756933 0.84523808956146251 8.5000000000000018 0.45000000298023229 77.032970428466811 78.629974365234389 3.5000000000000004 0.048809524625539787 0.43874999880790716 1.0000000180025095e-35 18.500000000000004 1.0000000180025095e-35 48.834688186645515 99.80237197875978 94.826045989990249 0.35416667163372045 26.158231735229496 61.181842803955085 96.881942749023452 99.052112579345717 0.70710784196853649 8.5000000000000018 0.99760764837265026 1.0000000180025095e-35 64.500000000000014 5.5000000000000009 97.311748504638686 81.302967071533217 1.0000000180025095e-35 96.60919570922853 87.226108551025405 0.86607143282890331 13.500000000000002 0.26785714924335485 1.9230766296386721 0.53571429848670971 0.82171362638473522 1.5000000000000002 5.5000000000000009 0.22500000149011615 7.5000000000000009 97.498435974121108 93.295883178710952 0.25958010554313665 1.0000000180025095e-35 1.0000000180025095e-35 1.0000000180025095e-35 91.442928314208999 1.5000000000000002 0.41421568393707281 0.39746910333633428 4.5000000000000009 28.718704223632816 0.94670608639717113
decision_type=8 2 2 2 10 8 8 8 10 8 2 10 2 2 2 2 2 2 2 2 2 2 2 10 2 2 2 2 2 2 2 8 2 2 2 2 10 2 2 10 2 10 2 10 2 2 2 10 2 2 2 8 10 10 2 2 2 2 10 2 2 8
left_child=7 3 8 5 6 16 15 -1 9 13 11 22 30 25 -9 -5 -2 -6 19 46 -11 27 -8 -10 33 -3 -27 28 32 31 -13 -19 34 -18 42 59 38 43 -12 40 48 -15 52 -38 45 -25 61 -16 -39 -33 -30 -7 53 -21 -55 56 -56 -20 -41 -22 -61 -14
right_child=1 2 -4 4 17 51 10 14 23 20 36 12 18 41 47 -17 24 29 57 21 35 -23 -24 44 -26 26 -28 -29 50 -31 -32 49 -34 -35 -36 -37 37 39 -40 58 -42 -43 -44 -45 -46 -47 -48 -49 -50 -51 -52 -53 -54 54 55 -57 -58 -59 -60 60 -62 -63
leaf_value=-0.097991971172961351 -0.063218876450341882 -0.091628620325567067 0.097018943027714119 -0.10540197650253998 -0.023682094689526752 -0.094395343831985487 0.034131518235498974 -0.015758354565979391 0.092451558080717922 -0.09156368858577954 -0.0035591999977399019 -0.02854870309824218 0.059480982029152696 0.097507251920908034 0.025628620935285392 -0.0082627576383566183 0.096799650503797352 0.02940441567697151 -0.079874330985543196 0.0073935339011044782 0.033340519655659553 0.09714834117185582 0.11825534196840247 -0.31233063774424125 -0.022791979580167737 0.031394279292235018 -0.022900207690146886 0.071029491819982027 0.040213301548386836 0.0048825008134834036 0.08219577188554178 0.041214588891444012 -0.041658198527054338 0.009282059910700028 0.060433133538339991 -0.052820431752741051 -0.02226366154688765 0.035194502335214616 0.13191525730305315 -0.011975591573723682 -0.047444360032349357 0.043714482352642393 -0.060436076267820042 -0.081619720267542314 0.076181520829570193 0.028358483364665073 -0.0089512049545462987 -0.083613851087546709 0.15542183958712541 0.079626370514112518 -0.018326683253146195 0.0082494461795876353 -0.028718209854251192 0.14008736751258138 0.069700970521691261 -0.074329753064381887 -0.016284593135864094 0.024028148896796466 -0.055627071944876684 0.067253354909085516 -0.089352435017934981 0.018897283267665869
leaf_weight=10406.376870533451 605.33989567146637 166.94532039901242 7010.0832783915102 733.89131638384424 584.94289946276695 2376.0364786558785 1869.3233505771495 1367.4176757459063 953.78885320387781 384.24885811167769 594.58623391157016 3657.1971408412792 1405.5508862978313 578.43768686242402 101.06266305409372 436.96187376487069 313.79479529662058 2981.7594398711808 400.91530420677736 19070.03999710409 646.89686710480601 239.25431452505291 304.67635994404554 10.494810773059724 585.66319924942218 1634.766230717767 994.96148815192282 333.93994821421802 348.5858937818557 1062.1142078854609 117.91291136294603 1593.3669791335706 540.43798789870925 350.72688073338941 463.8234130050987 450.8370469477959 497.72401887783781 349.44292990164831 111.73951014643535 2455.1846738872118 134.86651387391612 1314.1311176391318 246.54119878076017 942.99094921979122 629.26061609946191 1603.9539309795946 518.75831252429634 1431.7633399483748 99.957862507319078 1445.5852933768183 4416.5849651740864 109.46192774642259 761.54368763440289 206.32133539766073 729.07041725702584 212.70916923135519 195.7614350952208 129.93160004075617 681.49648832436651 115.16946372180246 214.96074105915613 1022.5625694165938
leaf_count=3033219 81843 16796 331014 133339 7509 489063 20501 87475 27196 48603 11536 88655 24320 17115 9150 20441 7868 28839 13255 234703 10261 4637 4177 205 26468 33965 18757 7797 3005 13655 1452 25989 35568 14520 3356 6897 9051 5032 1026 78613 2220 27606 1880 59564 12694 30602 4344 317633 813 42850 35786 1315 6183 1289 9284 1714 2291 1169 14390 2586 5433 16731
internal_value=-0.00209412 0.0134039 0.0560559 0.000731748 0.00544381 -0.0556022 0.00051405 -0.0870555 0.0264489 0.012028 0.00240831 0.00604981 0.00357447 0.0271022 -0.0478144 -0.0691497 -0.00969356 0.0338803 0.00703804 0.00810074 -0.0269798 0.00542064 0.0459211 0.0557702 0.0162234 0.00473438 0.0108519 0.00462333 0.00380779 0.0386342 -0.0250897 0.0445883 0.00760104 0.0506089 0.00881743 -0.00959984 -0.0206715 -0.025946 0.0178726 -0.0123292 0.0366877 0.0601555 0.00769986 -0.061114 0.0401772 0.0261438 0.0333519 -0.0764112 0.061936 0.0594865 -0.0140443 -0.0898748 0.00849315 0.00988132 0.0451843 0.0279712 0.0515002 -0.0544429 -0.0214596 0.0103438 -0.0347188 0.0423898
internal_weight=86254.6 72948 16708.9 56239.1 51898.1 4341.02 44230.3 13306.6 9698.85 6501.35 43059.4 37191.4 35017.4 4689.24 2900.24 1170.85 1855.52 7667.77 31242.3 30711.5 1812.11 27764.6 2174 3197.5 1250.18 2796.67 2629.73 27525.4 27191.4 7082.83 3775.11 6020.71 22426.2 664.522 21885.8 1427.86 5867.99 5161.66 706.326 3720.95 584.267 1892.57 21422 1440.71 2243.71 1614.45 2946.87 1532.83 449.401 3038.95 4765.17 2485.5 21175.4 20413.9 1343.86 1137.54 924.832 530.847 3136.68 977.027 330.13 2428.11
internal_count=5635248 2187771 589730 1598041 976964 621077 858122 3447477 258716 188019 704342 522097 497419 114239 414258 153780 130699 118842 407312 392888 73780 347493 24678 70697 48856 69518 52722 342856 335059 111333 90107 97678 296268 22388 260700 25177 182245 169683 12562 101068 8065 44721 257344 68615 43501 30807 45395 326783 5845 68839 38791 490378 255464 249281 14578 13289 11575 14424 93003 18280 8019 41051
is_linear=0
shrinkage=0.1


Tree=38
num_leaves=63
num_cat=0
split_feature=31 26 11 12 41 43 43 43 41 14 12 29 12 34 41 14 12 41 14 21 1 14 41 31 10 26 26 11 27 37 21 14 14 11 12 21 20 42 14 32 20 9 24 14 14 37 12 40 37 1 42 14 35 42 41 14 2 24 42 21 31 11
split_gain=10083.4 3526.9 1958.53 1441.9 663.34 618.573 545.084 399.364 368.171 445.929 358.366 357.242 297.774 271.097 264.735 594.112 275.357 263.542 263.368 262.731 244.143 241.306 237.551 235.09 231.161 222.019 216.641 209.235 201.028 178.259 169.521 161.032 190.259 245.3 178.49 147.683 180.146 146.495 143.679 142.166 137.185 136.813 131.004 128.698 126.152 142.208 125.194 118.513 118.489 116.969 127.777 116.524 117.002 112.44 108.51 203.703 107.525 106.748 105.588 104.432 102.214 99.8753
threshold=-0.23779517412185666 0.88194444775581371 98.213714599609389 48.074073791503913 1.0000000180025095e-35 0.44494949281215673 0.99760764837265026 0.97067424654960643 0.80909091234207164 0.31666667759418493 81.302967071533217 1.0000000180025095e-35 78.830558776855483 50.500000000000007 0.35416667163372045 0.44949495792388922 88.067794799804702 0.76388889551162731 0.93750000000000011 0.048809524625539787 6.5000000000000009 0.44949495792388922 0.63333335518836986 0.30716219544410711 95.311355590820327 0.44949495792388922 -1.0000000180025095e-35 92.031745910644545 1.5000000000000002 1.0000000180025095e-35 0.91106721758842479 0.15476191043853763 0.38750000298023229 92.031745910644545 88.416816711425795 0.26201373338699346 95.093433380126967 0.20144928246736529 0.31666667759418493 2.5000000000000004 75.484191894531264 64.89996719360353 8.5000000000000018 0.31666667759418493 0.34848485887050634 -9.2696075439453107 48.834688186645515 1.0000000180025095e-35 -13.719886779785154 1.5000000000000002 0.96362432837486278 0.73214286565780651 -96.747753143310533 0.30860805511474615 0.63333335518836986 0.31666667759418493 0.82469150424003612 7.5000000000000009 0.78629973530769359 0.71714287996292125 0.29153905808925634 95.69842910766603
decision_type=8 2 2 2 8 8 10 8 8 2 2 2 2 2 10 2 2 10 2 2 2 2 10 10 2 2 2 2 2 2 2 2 2 2 2 2 2 2 2 2 2 2 2 2 2 2 2 10 2 2 2 2 2 2 8 2 2 2 2 2 8 2
left_child=7 3 8 4 20 19 13 -1 12 37 -11 21 23 14 16 22 40 57 51 -5 53 54 27 35 -9 48 -13 41 -27 30 49 -14 33 -33 -35 -3 -37 46 58 -12 -7 -16 -21 60 45 59 -10 -22 -20 50 -28 -19 -53 -2 -8 -56 -41 -17 -24 -40 -6 -36
right_child=1 2 -4 5 43 6 11 24 9 10 39 26 31 -15 15 17 -18 18 25 42 47 -23 38 -25 -26 28 29 -29 -30 -31 -32 32 -34 34 61 36 -38 -39 44 56 -42 -43 -44 -45 -46 -47 -48 -49 -50 -51 -52 52 -54 -55 55 -57 -58 -59 -60 -61 -62 -63
leaf_value=-0.098472458566090285 0.052306245951568298 -0.073073199775175249 0.096279545512472559 -0.10500220094010247 -0.095711944095037402 0.059284348316147664 0.050351389551774053 -0.079011899731604107 -0.099490635689865631 0.061701926830864832 -0.19459259442912236 -0.032285516242705044 0.094952382601844507 -0.054863959505194682 -0.027826700465673367 0.027324259731492058 0.092812279325258595 -0.0039107634812938262 0.045457297921352759 -0.054906848046716777 -0.058837148543460074 0.091875151101015504 -0.073691957968536406 0.063249503560602646 -0.015311215290074939 0.08160563556637529 -0.022222684347628925 -0.05335901983711016 0.01608045722771749 -0.046718286420051075 -0.050989460023099731 0.050322438052594176 0.083781391401175243 -0.30235158912813692 0.0033820367472468579 0.035352844883302939 -0.019319096575559483 -0.079960269971157488 0.0058193013396141908 -0.04501719095024892 0.004487056068569726 0.038077585250573795 0.051558615416193769 0.14420193680871637 -0.072600131666406081 -0.10327999401881714 0.085166089201926393 0.030190626791615639 0.0052945524535943055 0.050867523991532326 0.035397369097510976 0.019481015130539202 -0.041368910242907127 -0.029505614438352208 -0.099552567069628242 0.059311882887647986 0.02646255023724757 0.078826882570387724 0.033045552378646391 -0.042543557493809885 0.013329581305332613 -0.11708950184270175
leaf_weight=9138.0792641607113 606.35831199330278 231.1205162643455 6397.4164768646006 712.61674966965802 2345.1777026788332 591.40033514727838 608.46312446892262 1350.3572163288482 55.021058224607259 1056.1189469981473 46.336254878900945 763.03703722218052 947.81322210282087 819.76587226125412 442.1176745458506 1616.2145841857418 586.42715934291482 7362.6466271451209 765.03419075743295 266.41200090898201 845.02772439084947 1328.1801911015064 1356.2235907248687 867.72479143925011 985.37490209657699 780.5962298582308 576.52627235278487 537.38967932248488 1169.9742471668869 319.26492745988071 239.0613995003514 895.16289445804432 791.61782264895737 25.146026164293289 273.61378020979464 1329.8567269160412 1102.2168362194207 773.44811887294054 1384.2760913295206 497.60054002795368 2008.3285570179578 1095.4924186114222 204.13497283030301 23.345262320712209 504.93571635801345 176.73711122060195 110.35943122720346 181.67112525040284 18446.170903582126 2230.2636213873047 1157.6581710681785 385.35113530280069 1755.5480268239044 232.36904924432747 164.00027105631307 158.93241257732734 364.67629680922255 535.87379069672897 99.476856074761599 659.06622748589143 89.236885878257453 91.939434096217155
leaf_count=2940029 17047 20183 331054 147499 545171 11368 11379 312473 6694 17077 684 4940 30788 36448 11245 14963 6611 172604 6354 16337 105730 50021 91840 20405 59737 22017 5830 3684 14536 3083 1920 18896 22207 417 4590 27926 20850 58053 29834 7910 24081 8787 7465 577 15628 1430 1888 11006 208712 23620 12131 7966 43856 8172 4314 2274 6846 5041 2605 5952 1056 1407
internal_value=-0.00197682 0.0118998 0.0535439 0.000135138 -0.055348 0.00476504 0.00643552 -0.0890402 0.0246429 -0.0050017 0.0220883 0.0312294 0.0377716 0.00209282 0.0031977 0.000937537 0.030915 0.00632124 0.00394725 -0.0667103 -0.0103859 0.0645093 -0.0273053 0.0180448 -0.0521385 0.0101577 0.0170029 0.000354912 0.0423029 0.0253183 0.0307896 0.0607954 0.0452119 0.0214674 -0.0446449 0.00331619 0.0105755 -0.0616942 -0.0410338 -0.0239563 0.0169526 0.0191278 -0.00871948 -0.089474 -0.0274844 -0.0172232 0.0237319 -0.043084 0.00689392 0.035721 0.0162417 -0.00988175 -0.0304162 0.0296403 0.0254853 -0.0213669 -0.0147868 0.0401485 -0.0663979 -0.00977981 -0.0917149 -0.0269175
internal_weight=83461.8 71988 15857.2 56130.8 4323.19 51807.6 50624.4 11473.8 9459.77 2903.56 1964.73 7545.39 6556.21 43079 42259.3 39073.1 3186.16 32817.4 30665.3 1183.16 1865.43 2259.58 6255.72 3530.92 2335.73 21161.8 5285.81 2075 1950.57 4522.77 4203.51 3025.29 2077.48 1285.86 390.699 2663.19 2432.07 938.829 4180.72 908.613 2599.73 1537.61 470.547 2457.76 2725.02 2220.08 165.38 1026.7 19211.2 3964.45 1734.18 9503.55 2140.9 838.727 931.396 322.933 862.277 2152.09 1455.7 2043.34 2434.41 365.553
internal_count=5635248 2323009 597875 1725134 688759 1036375 865074 3312239 266821 99152 32517 119512 167669 745562 709114 667054 42060 496049 476045 171301 141955 67988 171005 89364 372210 251619 51524 23716 36553 46584 43501 78305 47517 25310 6414 68959 48776 66635 147289 15440 35449 20032 23802 546804 52844 37216 8582 116736 215066 41581 17961 224426 51822 25219 17967 6588 14756 20004 94445 35786 546227 5997
is_linear=0
shrinkage=0.1


Tree=39
num_leaves=63
num_cat=0
split_feature=31 26 11 9 41 19 43 25 43 31 7 14 34 44 33 45 34 36 14 41 14 26 41 14 17 42 26 41 14 0 11 25 30 41 14 1 19 3 24 0 10 17 32 42 25 7 18 36 7 24 45 24 17 43 30 2 32 30 18 19 25 18
split_gain=8944.35 3090.3 1873.6 1211.4 636.68 594.514 473.602 425.527 395.907 329.688 309.321 256.254 255.275 228.441 224.671 251.13 248.081 214.754 210.971 203.53 343.154 201.104 173.754 162.523 160.745 172.658 171.1 153.763 293.685 213.331 210.614 147.72 131.705 130.447 256.312 130.245 128.37 127.196 124.881 109.206 108.723 108.499 108.01 100.814 94.7513 94.1089 139.257 92.6806 91.8175 105.449 89.8494 88.8012 90.5971 176.302 100.284 87.8395 87.1249 86.0293 102.561 88.2192 92.3697 84.5479
threshold=-0.24137575924396512 0.88194444775581371 98.213714599609389 39.369100570678718 0.35416667163372045 98.441547393798842 0.43847632408142095 10.500000000000002 0.97067424654960643 0.35236643254756933 1.0000000180025095e-35 0.84523808956146251 7.5000000000000009 0.58863818645477306 1.0000000180025095e-35 0.96441903710365307 38.500000000000007 3.5000000000000004 0.31666667759418493 0.80909091234207164 0.31666667759418493 0.13392857462167743 0.35416667163372045 0.93750000000000011 5.5000000000000009 0.91715687513351452 0.44949495792388922 0.45000000298023229 0.27922078967094427 0.67998474836349498 43.826219558715827 3.5000000000000004 1.0000000180025095e-35 0.88194444775581371 0.31666667759418493 1.5000000000000002 96.168525695800795 4.5000000000000009 7.5000000000000009 0.84885936975479137 86.526824951171889 9.5000000000000018 2.5000000000000004 0.30860805511474615 9.5000000000000018 1.0000000180025095e-35 51.295475006103523 6.5000000000000009 4.5000000000000009 9.5000000000000018 0.98098206520080578 7.5000000000000009 10.500000000000002 0.84243625402450573 1.0000000180025095e-35 0.49985277652740484 2.5000000000000004 1.0000000180025095e-35 93.112571716308608 97.575668334960952 6.5000000000000009 95.565387725830092
decision_type=8 2 2 2 10 2 8 2 8 10 2 2 2 2 2 2 2 2 2 10 2 2 10 2 2 2 2 8 2 2 2 2 2 10 2 2 2 2 2 2 2 2 2 2 2 2 2 2 2 2 2 2 2 10 2 2 2 2 2 2 2 2
left_child=8 3 9 4 12 6 21 11 -1 10 13 33 37 -3 15 16 19 -10 -6 35 -21 -5 -11 44 26 -26 48 29 38 31 -31 -15 41 -7 -35 -8 -28 43 -29 56 51 50 -30 -2 45 46 47 -17 49 57 -9 52 54 -54 -27 -51 -24 59 -59 -22 -61 -36
right_child=1 2 -4 5 18 7 14 32 17 22 -12 -13 -14 27 -16 23 -18 -19 -20 20 24 -23 39 -25 25 40 36 28 42 30 -32 -33 -34 34 61 -37 -38 -39 -40 -41 -42 -43 -44 -45 -46 -47 -48 -49 -50 55 -52 -53 53 -55 -56 -57 -58 58 -60 60 -62 -63
leaf_value=-0.098401194543240006 0.07090081133345956 -0.072397948615548588 0.095429241565149314 -0.088344948970836515 -0.091061548022827302 0.051293099309818194 -0.0094620436314005497 0.024029894405244803 -0.016447653361119779 0.089870045103034119 -0.096442059201066202 0.080583503994304168 -0.059040383876228911 -0.036140416648991647 -0.059330976702105846 0.045707215443830822 -0.04286290261557061 -0.079635208146850087 0.051528762290427979 -0.076029587316778627 0.0037382889861413988 0.020088845280080869 -0.081879630135475945 0.0013616485471280174 -0.04028090732625262 0.0021366078314321683 0.052384400495965933 -0.062791583367275777 -0.071450922301789149 -0.035345167261868156 0.076487400025250452 0.067531014191290692 -0.091343847187296434 -0.11416962590409421 0.039994458823344216 0.03313485656951879 -0.0046782380524284803 -0.01509799722671667 0.0069825342892766403 0.082515899476132831 -0.04698196580091183 -0.055231888412832941 0.031694875579604397 -0.0033369921025727931 -0.05357171576031039 -0.064545389255304217 -0.023428727648474035 -0.008024693064016623 -0.011757957991395668 0.060306960576493242 -0.030545460085562331 -0.018858727417632989 0.013936900373701395 0.15477348608879929 0.090503481448317435 0.015309275148715096 0.029297346077286096 0.060730994940273501 -0.10681199196904001 0.075962555356502176 -0.011050425304436805 -0.017960342001833478
leaf_weight=8242.5481783840805 447.03098927508108 286.82779540633783 5839.226779174991 833.52144110947847 2278.5413656763267 1589.5655009245966 846.88365350104868 1344.3959961468354 1003.0757833470125 817.00063163787127 261.36590139940381 1658.2527659013867 781.25489460746758 151.0701795630157 590.4954287102446 565.12120536109433 935.90072941291146 1159.7536487211473 108.71366263157688 507.04994378378615 11344.036675082287 215.19499137252569 73.672597248107195 6827.2129947680514 1327.7007534834556 1291.0243020372 1572.3229198004119 699.34032939118333 106.94884524308145 596.77998745837249 234.60543871391565 1523.5965984298382 161.75681751035154 149.71514340187423 922.4305922165513 4709.4575945134275 526.16925237514079 900.4234583734069 405.09718675352633 400.59912482649088 375.99896728526801 280.71099338610657 2000.6653480217792 309.62109145266004 792.44203283707611 374.14061600947753 3264.327558505116 743.16529539856128 2103.4936061582994 718.94142120145261 388.93422755645588 728.85268802847713 241.77472617407329 140.55847702315077 142.61231766408309 1093.8883417595644 1630.4339990615845 467.93591540819034 39.631196580827236 346.27102807722986 188.36713849566877 346.19842564873397
leaf_count=2924587 10321 29413 331061 160617 543941 25786 7315 13660 69485 27196 31931 55307 126151 2960 6973 8467 38599 296217 4994 44002 97754 6922 1393 82596 41283 33792 25715 30414 1955 7568 6604 32794 1510 4155 14354 57822 5720 42989 14708 8935 7929 2406 39012 7128 11585 30113 66976 24644 71364 9539 4189 15825 10407 2112 1627 7942 33173 3335 268 3333 1140 3235
internal_value=-0.00185854 0.0109069 0.0511366 1.8602e-05 -0.0478583 0.0045758 0.000298447 0.0319921 -0.0884093 0.0229875 0.0100528 0.0490216 -0.0119174 0.0146881 0.00192504 0.00278187 0.00780317 -0.0503301 -0.0845681 0.00945463 0.00533051 -0.0660945 0.0507288 -0.00906527 0.0071519 -0.0103805 0.0111999 0.0190564 0.0045719 0.0376215 -0.00378757 0.0581789 -0.00452899 0.0316217 0.0095755 0.0266423 0.0380767 0.0102995 -0.0371991 0.0355351 0.00321116 0.00244351 0.0264608 0.0405228 -0.0214689 -0.0163262 -0.0123808 0.0151851 0.00774023 0.0106287 0.011784 0.0106272 0.0224616 0.0657131 0.010927 0.0331547 0.0244909 0.00733189 0.0476491 0.00560916 0.0453056 0.0241791
internal_weight=80954.6 70549.3 15027.2 55522 4825.59 50696.5 43854.5 6841.96 10405.4 9188 6266.3 4666.16 2438.33 6004.93 42805.8 42215.3 29648.9 2162.83 2387.26 28713 23156.6 1048.72 2921.71 12566.4 22649.6 4248.52 18401.1 5718.1 3212.05 2506.05 831.385 1674.67 2175.8 3007.91 1418.34 5556.34 2098.49 1657.08 1104.44 2104.71 2920.82 2014.04 2107.61 756.652 5739.2 4946.75 4572.61 1308.29 16302.6 14199.1 1733.33 2544.82 1815.97 382.333 1433.64 1812.83 1704.11 12386.2 507.567 11878.7 534.638 1268.63
internal_count=5635248 2344959 599117 1745842 735524 1010318 885716 124602 3290289 268056 197359 102837 186589 165428 718177 711204 486823 365702 548935 448224 383087 167539 70697 224381 339085 112975 226110 136015 86089 49926 14172 35754 21765 47530 21744 65137 31435 60438 45122 43501 71692 20255 40967 17449 141785 130200 100087 33111 194675 123311 17849 63763 47938 12519 35419 17481 34566 105830 3603 102227 4473 17589
is_linear=0
shrinkage=0.1


Tree=40
num_leaves=63
num_cat=0
split_feature=12 28 41 13 43 34 14 19 30 29 42 20 13 20 13 3 21 41 45 42 41 14 10 7 42 29 30 12 44 25 10 1 30 42 18 20 30 20 20 18 42 8 32 19 33 41 14 2 21 21 20 19 21 38 20 25 14 7 7 29 21 44
split_gain=6143.03 3045.77 1849.07 1239.16 1177.31 900.437 606.348 604.295 569.615 409.506 395.273 363.981 326.815 300.873 253.09 236.88 231.639 231.481 208.998 200.504 200.264 199.731 198.899 195.91 186.496 181.822 385.356 178.138 174.44 170.95 189.507 169.512 168.104 157.543 150.737 245.849 262.313 202.226 206.133 196.313 149.659 147.28 128.557 123.161 122.751 131.971 135.093 121.142 119.315 117.619 191.36 146.743 114.373 112.648 111.219 202.789 117.975 290.502 134.603 242.636 150.008 110.238
threshold=53.907203674316413 1.0000000180025095e-35 0.53571429848670971 98.07621002197267 0.45792327821254736 6.5000000000000009 0.31666667759418493 98.830371856689467 1.0000000180025095e-35 1.0000000180025095e-35 0.98213714361190807 99.80237197875978 58.123168945312507 53.866081237792976 74.133811950683608 79.500000000000014 0.77097901701927196 0.18333333730697635 0.95148769021034252 0.24068965762853625 0.45000000298023229 0.43650794029235845 86.319076538085952 1.0000000180025095e-35 0.92031747102737438 1.5000000000000002 1.0000000180025095e-35 88.067794799804702 0.98739472031593334 6.5000000000000009 73.20508193969728 1.5000000000000002 1.0000000180025095e-35 0.99382716417312633 91.905540466308608 94.03479385375978 1.0000000180025095e-35 98.006622314453139 88.664871215820327 97.68778228759767 0.99382716417312633 17.500000000000004 5.5000000000000009 97.68778228759767 -27.260702133178707 0.73214286565780651 0.31666667759418493 0.45796641707420355 0.89736840128898632 0.62731480598449718 95.84293365478517 95.845661163330092 0.52786380052566539 31.500000000000004 84.870288848876967 6.5000000000000009 0.58571431040763866 1.0000000180025095e-35 2.5000000000000004 1.0000000180025095e-35 0.12701612710952762 0.81848689913749706
decision_type=2 2 8 2 8 2 2 2 2 2 2 2 2 2 2 2 2 10 2 2 8 2 2 2 2 2 2 2 2 2 2 2 2 2 2 2 2 2 2 2 2 2 2 2 2 10 2 2 2 2 2 2 2 2 2 2 2 2 2 2 2 2
left_child=2 3 5 9 13 19 -4 11 -5 10 20 12 23 -3 -9 16 17 27 31 53 -2 24 -23 28 29 34 -27 -14 -6 30 44 -11 -18 61 35 41 -37 38 -36 49 -21 43 -26 54 45 -22 -47 -42 -16 50 51 -40 -52 -1 55 56 57 -19 59 60 -58 -7
right_child=1 4 6 8 7 33 -8 14 -10 18 -12 -13 15 -15 48 -17 32 25 -20 40 21 22 -24 -25 42 26 -28 -29 -30 -31 -32 -33 -34 -35 37 36 -38 -39 39 -41 47 -43 -44 -45 -46 46 -48 -49 -50 -51 52 -53 -54 -55 -56 -57 58 -59 -60 -61 -62 -63
leaf_value=0.056343966648392724 0.064429815775592578 -0.096616353162951918 -0.097346199536843481 0.031965869921839148 -0.036994262134414035 -0.086383029776740741 0.10932010305430753 0.006975959491520323 0.097472876724419233 -0.0097856960094915828 0.082531052454081572 0.1049158563948393 0.015220349684938612 0.012462524113400011 0.078189587332160748 -0.058286680527300828 -0.024068830503323806 -0.00069056549514250173 -0.027372269918025049 -0.011595181959311966 -0.088847083829136905 0.017277269190285056 0.082213128738052144 -0.093064943554592522 -0.12188118699698697 -0.034581182202199238 0.14133725573049627 0.11922804996923811 0.026287003430293599 0.040664090387880124 0.03532757410233308 0.033256717368891499 -0.11902287156056575 0.309453811794762 0.17085026188478961 0.064531835799190404 -0.083582373670159943 0.038140115386712851 -0.028067945025361269 0.036024207196427488 0.4605903940420622 -0.048792120107484183 -0.0042545404982414995 0.057338512660518495 -0.11391647765230165 -0.052341838446238909 0.040920852798917585 0.08128094429769793 -0.21315092858477691 -0.031960598195117831 0.17890608720409928 0.11396402049912685 0.027249758462652835 -0.019463435532123669 -0.0094993449383896107 0.039140859068639455 0.026315177205417435 -0.093227363218452625 -0.0042700263170687884 -0.002736179961424938 0.09095638595761793 -0.038457114803375311
leaf_weight=1084.2822120466735 1272.4187485189177 1634.930149739841 7839.341492400039 1846.6711707916111 2112.9249222190119 1511.0328320765402 144.58364770910703 865.87578753987327 4720.7467229489703 1480.0227874580305 1736.426361580845 311.15789402811788 382.55395306111313 299.14003434218466 1432.4980183262378 708.60276635829359 1475.8250998174772 2064.8886592141353 1477.8972872847226 2155.8633877299726 206.24582932982594 1067.6806801133789 845.02791737439111 484.79188115545548 180.44129264890216 2359.5394397042692 131.45757012534887 289.13598195742816 548.73610023409128 1316.5785414997954 631.15416878811084 2396.5493086003698 213.40549090784043 10.928655987838281 58.100625276798382 1146.1335691509303 133.49845971073955 760.43017612746917 803.89206458069384 595.87445107940584 9.4669473639223707 515.55242616822943 191.54982559289783 445.18946951255202 163.18615758745 261.43699531257153 382.63475068099797 76.128656767774373 14.196276923641561 4268.5983372223563 87.255194753408432 79.978789480403066 115.62500923895277 239.27725703874603 4675.2170815195423 1853.3464262404013 3912.9277430814691 405.94484160142019 5423.6256989857648 3673.2769195465371 395.26496065966785 703.34145659161732
leaf_count=38498 33027 524760 2695461 50850 121003 418875 4569 13013 272808 11076 87735 4911 3012 13643 50785 63616 14059 43583 18344 116559 2675 29112 26766 127843 2724 48162 938 2748 10111 29093 12265 32511 2733 307 734 10417 1436 5117 6873 4601 104 22739 3141 3431 3323 9015 7257 989 191 51400 518 500 963 7315 45645 25523 72838 87998 160405 46448 9400 118752
internal_value=-0.00175044 0.0111307 -0.0624014 0.0433787 -0.00343206 -0.0193785 -0.0936036 2.08355e-05 0.0790532 0.0261632 0.0401339 -0.00282272 -0.00365827 -0.0797453 0.0497372 -0.00102547 9.33404e-05 0.00185979 0.00462509 0.0117773 0.0288397 0.0202073 0.0459657 -0.0345972 0.00542626 0.00070817 -0.0252974 0.0599916 -0.023948 0.0138099 -0.0076874 0.0168237 -0.0360647 -0.0692913 0.00277026 0.00640077 0.0490797 -0.0104464 -0.0165946 -0.0184246 -0.00644644 0.00406339 -0.0613116 0.00525596 -0.0344747 -0.0192289 0.00306433 0.123233 0.0753307 -0.0244829 0.00488828 -0.0152159 0.0924745 0.0426393 0.00422105 0.00783912 0.00418498 -0.0158939 0.00788592 0.0161462 0.0322458 -0.0711605
internal_weight=78630.3 64856.1 13774.2 20176.7 44679.4 5790.32 7983.93 42745.3 6567.42 13609.3 8254.78 40432.8 40121.6 1934.07 2312.57 36975.1 36266.5 34577.3 5354.47 3565.02 6518.35 5245.94 1912.71 3146.45 3333.23 33905.6 2491 671.69 2661.66 2961.24 1644.66 3876.57 1689.23 2225.3 31414.6 24644.9 1279.63 6769.75 6009.32 5951.22 2241.46 23365.2 371.991 22849.7 1013.5 850.318 644.072 85.5956 1446.69 5355.35 1086.75 883.871 202.88 1323.56 22404.5 17729.3 15875.9 2470.83 13405.1 7981.47 4308.19 2214.37
internal_count=5635248 2233819 3401429 631722 1602097 701399 2700030 1063694 323658 308064 246133 999705 994794 538403 63989 735837 672221 655429 61931 163465 158398 125371 55878 258957 69493 649669 49100 5760 131114 63628 34535 43587 16792 537934 600569 529863 11853 70706 65589 64855 117652 518010 5865 495271 22270 18947 16272 1093 50976 60254 8854 7373 1481 45813 491840 446195 420672 131581 289091 128686 82238 537627
is_linear=0
shrinkage=0.1


Tree=41
num_leaves=63
num_cat=0
split_feature=12 28 41 13 43 35 30 19 14 29 42 13 27 13 3 42 19 41 12 18 21 19 38 41 14 41 27 24 24 42 12 14 8 30 24 42 12 35 25 41 25 40 29 44 11 42 42 3 41 14 3 27 29 18 29 21 8 38 14 17 17 17
split_gain=5330.02 2609.41 1743.8 1168.14 1044.66 818.439 578.648 507.082 459.069 354.488 373.845 296.636 261.556 240.426 209.608 203.248 197.872 195.061 193.751 193.386 180.38 191.878 177.061 176.37 177.886 177.864 171.351 164.839 162.176 172.008 154.323 154.272 155.22 147.73 142.693 134.581 125.068 122.992 122.835 121.466 120.307 114.334 111.811 111.576 110.934 109.332 107.995 107.092 103.183 139.287 140.265 102.372 194.598 134.244 99.5586 301.77 102.398 95.2882 94.4873 163.998 116.19 93.035
threshold=52.73088455200196 1.0000000180025095e-35 0.53571429848670971 98.07621002197267 0.45792327821254736 -13.856636047363279 1.0000000180025095e-35 98.830371856689467 0.2264957278966904 1.0000000180025095e-35 0.98213714361190807 58.123168945312507 1.0000000180025095e-35 74.133811950683608 103.50000000000001 0.28759397566318518 76.964214324951186 0.18333333730697635 88.067794799804702 96.92779922485353 0.77097901701927196 97.68778228759767 25.500000000000004 0.45000000298023229 0.43650794029235845 0.84523808956146251 1.0000000180025095e-35 11.500000000000002 6.5000000000000009 0.92031747102737438 43.951219558715827 0.44949495792388922 16.500000000000004 1.0000000180025095e-35 10.500000000000002 0.99382716417312633 83.795948028564467 3.2283477783203129 11.500000000000002 0.63333335518836986 6.5000000000000009 1.0000000180025095e-35 2.5000000000000004 0.98739472031593334 90.645832061767592 0.8029850721359254 0.99382716417312633 4.5000000000000009 0.86607143282890331 0.93750000000000011 24.500000000000004 1.0000000180025095e-35 1.0000000180025095e-35 38.608591079711921 1.0000000180025095e-35 0.2828571498394013 2.5000000000000004 20.500000000000004 0.6904762089252473 4.5000000000000009 10.500000000000002 9.5000000000000018
decision_type=2 2 8 2 8 2 2 2 2 2 2 2 2 2 2 2 2 10 2 2 2 2 2 8 2 10 2 2 2 2 2 2 2 2 2 2 2 2 2 10 2 8 2 2 2 2 2 2 10 2 2 2 2 2 2 2 2 2 2 2 2 2
left_child=2 3 5 9 12 46 51 11 -4 10 23 16 -3 45 17 22 -6 18 -13 26 21 27 47 -2 28 -26 -11 31 57 -30 -17 39 37 41 -28 -32 -27 42 -15 -19 -23 -22 48 -18 -38 -9 -1 -7 -33 50 58 52 53 -5 55 56 -51 -25 -50 -60 -61 -45
right_child=1 4 8 6 7 15 -8 13 -10 19 -12 14 -14 38 -16 30 43 20 -20 -21 33 40 -24 24 25 36 34 -29 29 -31 35 32 -34 -35 -36 -37 44 -39 -40 -41 -42 -43 -44 61 -46 -47 -48 -49 49 54 -52 -53 -54 -55 -56 -57 -58 -59 59 60 -62 -63
leaf_value=-0.078074124125497246 0.060129736030181041 -0.092167830776874252 -0.097340336208646017 -0.0013207538441498102 -0.068892388234349816 0.076145289135936073 0.09670868868798034 -0.013563884065958218 0.082121732757493349 -0.019370168736061275 0.080190213088458542 0.0092710673944209326 0.024811804771045696 0.081781545511961498 -0.061049177963287786 -0.045931624600641062 -0.02726047967422919 -0.0017075473451060833 0.11135490259777858 -0.052014823972551749 -0.030557567964563256 0.053824290529085383 -0.012996114516144269 -0.049487763054687828 0.079683891894803488 0.062574308874976795 0.036794614104482308 0.027417164837012106 0.038022210958443339 -0.070096953939261852 0.003031897044799098 0.025276558102122676 -0.04455031764453974 -0.11489227916556495 -0.0061633277986674652 0.16327725059928661 -0.048707914507195686 -0.06413161677308743 -0.025249400107267807 -0.043101280329787744 -0.017804608344292656 0.072243968081384322 -0.062404998972450089 0.059480696924693002 0.031963211814773206 0.069707638441160777 0.34227266139294843 0.021633392176165653 0.0016176261496829653 0.049559512051844737 -0.051243635741298692 0.056719855144986543 -0.03593557615204953 0.099289094535687961 -1.036769055630301e-05 0.092764583375627874 0.0051603730038821353 0.00018122110317297024 0.048315193005722581 -0.04907583203708403 0.058293114283701923 -0.030389161734334355
leaf_weight=1688.8955967524089 1255.3574289828539 1580.0247252031695 6976.3149577151053 255.53401750442572 996.5878499224782 679.27242841012776 4303.5842285319231 684.13152361358516 145.51187139400281 1370.4267646740191 1623.7501766879577 461.37732580117881 217.44110208074562 1240.0949229877442 558.09221494314261 945.63675908837467 1732.7546374246012 1298.8664175374433 311.41024869587272 549.83830248424783 1283.9372018815484 1059.1142082558945 736.90818153391592 588.30393190658651 777.18613984435797 381.83523727790453 2306.5330224921927 2004.4440814380068 1467.4274353622459 163.54328699363396 625.30189726920798 1878.6007491501514 757.59655218198895 194.51490890514106 1163.1876753489487 57.204288895707577 345.49022062076256 283.88245613500476 117.37552559934556 1560.7188627205323 301.16041238419712 118.1425574158784 266.55118512711488 314.15900202421471 336.47681549261324 204.89480525068939 6.1342910153325638 767.70095018506981 4310.6223507428076 574.9926467242185 778.64167943783104 778.97922025225125 501.98317992337979 275.7171782955993 11496.053082664963 468.99477921123616 5377.1114725666121 1124.6124942745082 246.04226745688356 1249.036862739129 109.6357156583108 181.87960575195029
leaf_count=483670 33751 528412 2658447 7221 179687 19869 272808 9917 7410 24357 87873 3511 11906 49811 54460 73563 104247 9547 3172 3684 12962 10050 39884 11231 27471 8569 27303 42980 35469 2630 30927 18627 32540 2663 8877 662 6804 3012 1165 82480 2613 870 5853 3798 13083 3904 118 46031 115308 9264 69966 23180 9613 10836 83486 13975 116913 23072 2305 40421 3542 3468
internal_value=-0.00164254 0.0101086 -0.0609975 0.0405111 -0.00334658 -0.0187403 0.0767482 -0.000182679 -0.0936736 0.0240388 0.0373095 -0.00276804 -0.0780167 0.0460524 -0.00022929 0.00696633 -0.0318517 0.000703432 0.0504078 0.00418438 -0.000374961 0.00116664 0.0269037 0.0264982 0.0183553 0.0433186 0.0105686 -0.000365947 0.00461167 0.0271807 -0.0197763 -0.00218247 9.27488e-05 -0.0332252 0.0223934 0.0164629 0.0167511 0.00134353 0.072527 -0.0242996 0.0379659 -0.0218953 0.00203822 -0.0152892 -0.00890546 0.00562779 -0.0765529 0.0472237 0.00268668 0.000962361 -0.0113455 0.0293468 0.0087097 0.0508953 0.00556066 0.0155348 0.00944947 -0.0168777 -0.00609364 -0.0268078 -0.0404119 0.0265286
internal_weight=76417.5 63788.7 12628.9 19569.8 44218.9 5507.05 6115.8 42421.4 7121.83 13454 8063.98 40174.9 1797.47 2246.5 36949.5 3812.02 3225.38 36391.4 772.788 5389.99 35618.7 34022.1 2183.88 6440.23 5184.88 1840.99 4840.15 32661.8 3343.89 1630.97 1628.14 30657.3 27797.8 1596.59 3469.72 682.506 1063.8 27040.2 1357.47 2859.59 1360.27 1402.08 26756.3 2228.79 681.967 889.026 1695.03 1446.97 26489.7 24611.1 6693.98 1812.21 1033.23 531.251 17917.2 6421.1 5952.1 1712.92 5915.34 1604.71 1358.67 496.039
internal_count=5635248 2274667 3360581 637832 1636835 694724 323658 1096517 2665857 314174 249953 1031720 540318 64797 740520 210936 291200 686060 6683 64221 679377 662882 105784 162080 128329 55927 60537 650219 72402 38099 105152 607239 515212 16495 36180 31589 28456 482672 50976 92027 12663 13832 479660 111513 19887 13821 483788 65900 473807 455180 231542 50850 27670 18057 223638 140152 126177 34303 161576 46268 43963 7266
is_linear=0
shrinkage=0.1


Tree=42
num_leaves=63
num_cat=0
split_feature=31 26 14 9 31 43 19 21 43 31 29 30 21 26 40 18 7 19 30 34 40 39 21 13 21 13 42 1 18 34 28 21 14 45 21 36 8 31 19 31 7 17 34 7 7 45 26 19 30 21 29 29 45 26 8 10 17 14 9 18 32 21
split_gain=6482.01 2067.42 1484.09 794.54 459.396 382.519 366.531 348.773 335.3 301.595 251.099 438.077 279.995 362.015 343.364 270.089 240.41 226.4 229.004 225.227 215.942 296.922 206.119 191.088 181.859 180.353 176.951 172.091 168.428 160.762 159.221 152.844 151.688 142.812 126.884 120.252 128.873 116.507 113.28 107.44 98.5185 95.0743 94.871 94.3045 93.591 90.5665 90.3889 89.529 88.5333 156.799 241.73 126.273 87.9511 84.3486 83.5221 82.8134 136.043 122.401 171.702 100.643 81.7901 79.2092
threshold=-0.24854313582181928 0.88194444775581371 0.61250001192092907 39.369100570678718 0.081058889627456679 0.97067424654960643 98.441547393798842 0.83666664361953746 0.39464733004570013 0.44417363405227667 1.5000000000000002 1.0000000180025095e-35 0.70710784196853649 0.10555555671453477 1.0000000180025095e-35 54.912120819091804 1.0000000180025095e-35 93.295883178710952 1.0000000180025095e-35 4.5000000000000009 1.0000000180025095e-35 1.0000000180025095e-35 0.98275861144065868 98.07621002197267 0.048809524625539787 97.220077514648452 0.98213714361190807 9.5000000000000018 97.067424774169936 4.5000000000000009 1.0000000180025095e-35 0.26201373338699346 0.44949495792388922 0.90812420845031749 0.28801843523979193 7.5000000000000009 7.5000000000000009 -0.13284322619438169 97.311748504638686 -0.13284322619438169 18.500000000000004 9.5000000000000018 3.5000000000000004 1.0000000180025095e-35 1.0000000180025095e-35 0.48723213374614721 0.38750000298023229 73.086681365966811 1.0000000180025095e-35 0.41885964572429663 1.0000000180025095e-35 1.0000000180025095e-35 0.54581287503242504 0.4083333313465119 9.5000000000000018 79.095325469970717 4.5000000000000009 0.38750000298023229 90.595520019531264 98.425098419189467 3.5000000000000004 0.58957219123840343
decision_type=8 2 2 2 8 8 2 2 8 10 2 2 2 2 10 2 2 2 2 2 10 10 2 2 2 2 2 2 2 2 2 2 2 2 2 2 2 8 2 8 2 2 2 2 2 2 2 2 2 2 2 2 2 2 2 2 2 2 2 2 2 2
left_child=5 3 9 4 19 -1 8 32 24 16 12 53 13 14 27 37 23 -14 20 -2 29 -22 28 26 -5 44 31 38 41 52 -20 -3 43 39 35 36 -29 -15 40 -17 45 -9 -34 -8 -7 -10 -21 -48 49 50 -39 -50 -19 -12 -27 56 59 58 -57 -33 -60 -47
right_child=1 2 -4 6 -6 25 7 22 10 -11 11 -13 17 15 -16 33 -18 18 30 46 21 -23 -24 -25 -26 54 -28 34 -30 -31 -32 55 42 -35 -36 -37 -38 48 -40 -41 -42 -43 -44 -45 -46 61 47 -49 51 -51 -52 -53 -54 -55 -56 57 -58 -59 60 -61 -62 -63
leaf_value=-0.098124290166884343 -0.023249876782860779 -0.062837092265649139 0.092960329493284186 -0.10459547406712369 0.019495454283412532 -0.031301166960148674 0.026996432547303502 0.015707468095716021 -0.041679304304435449 0.058046222899104029 -0.032044842712449818 0.098755994136208544 0.045762520356085926 0.23068224251776034 0.21327449394585632 0.2187892138451038 -0.085827570136663422 -0.061385921517002007 -0.010283088055884468 -0.086412222363229929 0.1892071523496891 -0.06348455430670967 0.081816446051011849 0.10285477845727449 0.0012373783800388638 0.011385321161842887 0.084034797897389005 0.00061608789147710934 -0.051253713362759967 -0.038949930455232533 -0.10596849975621464 0.00012961910010499586 0.071068330297519508 -0.0034714992258198193 0.006569058604887045 -0.051755062921674505 -0.057341522187546984 -0.049754373716030025 0.052805512957881551 0.027541704125702171 -0.022478734494904496 -0.051463540143801105 0.0010879573022858282 -0.10195979431597023 -0.096773934373338144 0.012214184705085798 -0.085943018353664163 0.022878815768049648 0.072639096776098575 0.021813562864085961 0.13071418732021367 -0.032241248118323025 -0.0011152810817202188 -0.10332499941996885 -0.055527817824243646 0.049145245632745069 0.02057166635639042 0.06529847193264246 -0.1202890031613483 -0.049034131327895344 -0.014853268849313274 -0.0032338797730266941
leaf_weight=6225.7042496637441 1145.4148323524278 289.22059159260243 4253.9142520711757 464.80476301512681 960.29404830699787 327.88829697808251 1345.7341003299225 1568.9743494919967 380.47014531004243 1749.629237334244 2787.6349583622068 261.39090597257018 605.08228315482847 41.497665889794007 76.594714740756899 29.598844375927001 244.33797692530788 256.95463691861369 276.63322282861918 1852.679669671692 120.1852791919373 75.846442277310416 275.21355386986397 239.57685975823551 249.53098488785326 544.65007029147819 323.25474943476729 1712.7000696915202 693.77238849643618 1962.7851919936948 468.29689998971298 1358.3755031540059 1902.0653408551589 2074.6440176146571 1810.6493134570774 1194.6337057340425 494.40372132346965 85.644123669248074 498.56242049112916 3879.0330639400054 1259.7554998886772 243.40700486884452 215.69075113162398 59.20325244567357 653.41834158985876 11323.103691013763 140.96713028335944 163.04265522491187 251.19412281364202 329.8129404745996 556.46724792616442 211.40699454210699 4193.6694858819246 176.52506720623933 283.71543050417677 470.6005102051422 2401.0065223649144 633.37744574528188 95.421880474314094 600.4387312210165 321.34130750596523 4695.5769480294548
leaf_count=2892874 103282 32383 312976 138651 13464 70640 19349 24179 5618 55316 59295 3332 8259 2707 513 2612 33484 2936 3720 580135 789 720 9589 12650 13278 29446 12785 58912 6047 25893 6475 30772 59296 25257 41318 78982 29692 2002 4932 43333 73697 2186 2099 2035 228647 156004 37310 25359 5047 2957 5340 2722 44205 1744 24063 11006 60993 19827 1334 13041 5303 52436
internal_value=-0.00153494 0.00873768 0.0445305 3.25025e-05 -0.0413824 -0.086361 0.00362709 0.026139 0.000311683 0.0209226 0.00146468 -0.025346 0.00368978 0.0079972 0.00189265 0.0271853 0.011613 -0.0130355 -0.0178731 -0.0590865 -0.011949 0.0914385 -0.000331991 0.0151493 -0.0676261 -0.0458924 0.0119132 0.00119984 -0.00935313 -0.0151091 -0.0704353 0.00813452 0.0470393 0.0177343 -0.0148164 -0.0261993 -0.0123667 0.0654967 0.00579756 0.02899 0.00447038 0.00668625 0.0639409 0.0215623 -0.0748972 0.00654057 -0.0781193 -0.0275811 0.0607183 0.0778573 0.106643 0.0247092 -0.00459498 -0.0362898 -0.0115324 0.0116251 0.00461642 0.0317182 0.00774948 -0.0149406 -0.0389938 0.00768587
internal_weight=74387.4 66352 12980.5 53371.5 4262.4 8035.38 49109.2 6304.06 42805.1 8726.58 42090.8 3225.55 38865.2 30905.7 23446.5 7459.3 6976.95 7959.45 7354.37 3302.1 6609.44 196.032 2781.37 6732.61 714.336 1809.67 6493.04 23369.9 2506.15 6413.41 744.93 6169.78 3522.69 5983.28 5212.39 3401.74 2207.1 1476.02 18157.5 3908.63 17658.9 1812.38 2117.76 1404.94 981.307 16399.2 2156.69 304.01 1434.53 971.924 642.111 462.601 4450.62 2964.16 828.366 5880.56 4359.82 1520.74 887.364 1958.81 416.763 16018.7
internal_count=5635248 2389578 601870 1787708 759550 3245670 1028158 124780 903378 288894 751449 64371 687078 594081 502104 91977 233578 92997 84738 746086 74543 1509 42001 200094 151929 352796 187444 501591 32412 73034 10195 174659 82779 71202 208904 167586 88604 20775 292687 45945 287755 26365 61395 21384 299287 214058 642804 62669 18068 10299 7342 7769 47141 61039 53509 142276 104806 37470 17643 43813 6637 208440
is_linear=0
shrinkage=0.1


Tree=43
num_leaves=63
num_cat=0
split_feature=31 26 11 12 41 41 17 42 19 35 12 11 31 41 12 41 21 45 13 43 12 17 12 33 31 10 13 7 10 43 7 17 24 42 42 40 19 26 27 30 41 17 11 41 41 41 41 38 17 24 17 31 21 7 19 12 7 35 21 17 39 40
split_gain=5750.58 1812.77 1517 829.422 569.502 362.895 472.953 374.183 308.503 295.261 270.124 246.571 229.636 230.54 238.027 203.804 178.787 168.199 166.754 162.258 153.255 152.75 149.479 139.276 137.454 136.67 157.082 135.835 123.523 127.026 154.71 122.804 138.351 122.23 178.787 118.024 143.427 117.92 165.657 135.238 109.614 109.315 107.945 248.12 115.401 106.129 105.115 109.052 104.4 108.921 105.478 103.331 100.708 98.6681 98.6151 104.77 97.5784 98.5987 96.6481 96.6239 93.9422 163.704
threshold=-0.26600576937198633 0.88194444775581371 98.213714599609389 48.074073791503913 1.0000000180025095e-35 0.35416667163372045 4.5000000000000009 0.91476997733116161 99.052112579345717 -92.257743835449205 88.067794799804702 97.915760040283217 0.44417363405227667 0.84523808956146251 81.302967071533217 0.84523808956146251 0.30602006614208227 0.96665692329406749 97.498435974121108 0.35734237730503088 48.834688186645515 10.500000000000002 81.302967071533217 1.0000000180025095e-35 0.20798033475875857 74.601570129394545 72.176685333251967 15.500000000000002 87.298336029052749 0.71465584635734569 1.0000000180025095e-35 13.500000000000002 7.5000000000000009 0.91476997733116161 0.75181159377098095 1.0000000180025095e-35 93.764953613281264 0.4083333313465119 1.5000000000000002 1.0000000180025095e-35 0.26785714924335485 4.5000000000000009 87.226108551025405 0.80909091234207164 0.63333335518836986 0.18333333730697635 0.45000000298023229 32.500000000000007 5.5000000000000009 7.5000000000000009 10.500000000000002 0.11745354533195497 0.048809524625539787 1.0000000180025095e-35 97.68778228759767 55.646631240844734 1.0000000180025095e-35 -98.026229858398423 0.86811593174934398 8.5000000000000018 1.0000000180025095e-35 1.0000000180025095e-35
decision_type=8 2 2 2 8 10 2 2 2 2 2 2 8 8 2 10 2 2 2 8 2 2 2 2 8 2 2 2 2 10 2 2 2 2 2 10 2 2 2 2 10 2 2 10 10 10 10 2 2 2 2 8 2 2 2 2 2 2 2 2 10 8
left_child=9 3 12 4 16 10 8 42 19 18 21 -10 13 14 41 31 -2 28 -1 52 -15 33 -22 25 35 53 -27 37 29 56 48 32 -9 34 -5 -18 -37 60 -39 -40 -16 -3 44 -44 -8 -12 47 -43 -31 50 59 -6 -7 -21 -11 -56 57 -17 -13 -50 61 -28
right_child=1 2 -4 5 51 6 7 15 11 54 45 58 -14 20 40 17 24 -19 -20 23 22 -23 -24 -25 -26 26 27 -29 -30 30 -32 -33 -34 -35 -36 36 -38 38 39 -41 -42 46 43 -45 -46 -47 -48 -49 49 -51 -52 -53 -54 -55 55 -57 -58 -59 -60 -61 -62 -63
leaf_value=-0.087271762657059604 -0.078950124314214332 -0.020436695528113561 0.091673975402564278 0.032659307449634051 -0.093570657060542448 -0.10444051840990057 -0.0023222822200438579 0.024990881013878294 0.005981731020739991 -0.09883793914751432 0.10327824564769919 0.083905071173345003 0.051582558428364747 -0.085514738596202899 0.094132688175812607 0.034862169652480776 -0.020801775698478155 -0.03094680074032885 -0.0020016379260525078 -0.0086291931405213709 0.015091907468870583 -0.016195475254282648 -0.045928932247459198 -0.05251925686853634 0.081398281995384458 0.065084203364391094 0.001058964415135939 -0.01893710125257974 -0.046426177578797377 0.11374991776706041 0.18916146109942344 -0.047019118871016591 0.11677885991077502 0.08414684786043633 -0.061961576808974773 0.19428715352741988 0.015915567051602419 0.064910949921519787 0.02913704229224431 -0.036395855802732073 0.036311183393241943 0.04436310242924809 0.055976027204911398 -0.03894687126768024 -0.063932355287882631 0.006789673127293081 -0.03218479880977617 -0.022513216430690954 0.049353899303856849 -0.015832727676863279 0.09586516255334164 -0.016708350011174902 0.0088937865039772895 -0.071727865668358315 -0.080036792723390593 0.050829898246960104 -0.06033964910678688 -0.031878945967484661 0.026864622611633523 -0.011291596081474084 -0.023960485817896539 0.019216294474855573
leaf_weight=382.55422632046975 277.93740499182604 1126.0327562462771 4123.4899445830379 1879.9486058466136 1651.9572412875714 223.66603199532256 357.90901054989081 424.22009159764275 1217.7080994509161 5733.7466236870969 616.32897960743867 1013.0369727760553 1600.0703325411305 294.53308334061876 432.83159890118986 450.12372110621072 958.4386395419715 2238.21483445575 572.63689958536997 3262.7265884510707 1086.297772500664 891.71030876715668 636.7610041948501 425.44308519025799 220.04214017372578 465.42224226903636 13727.333603217266 1948.7203958514147 438.34147838724311 112.96237173117697 55.632794160395861 125.42898784345016 267.92730723856948 381.26939144753851 223.42515296745114 57.51870437792968 208.44942497415468 854.29459286015481 1069.9905515455175 446.23337591532618 1351.8498265848029 1178.1867897032062 330.96115285973065 1639.4949343845947 2019.2808257829165 139.86305250693113 325.97046188742388 307.46241384535097 533.63294562848751 730.33212969836313 218.44536067428999 195.61770605109632 120.72377712710295 268.19020341092255 191.30419527017511 89.935673806350678 349.78721696650609 435.52683603181504 420.28806141112 517.48187017953023 984.64254782348871 7779.2987628759583
leaf_count=133743 59113 31725 331108 27084 619802 73463 10472 7943 19797 2896400 10403 48626 46276 60550 20378 11962 89211 82834 34055 63839 23547 17039 9996 3576 1607 5003 108352 113910 11172 1255 1074 2882 3225 3388 1864 3392 3414 24254 11333 6082 34438 24129 5823 59018 139573 1164 17761 8476 9426 11027 3306 4326 4958 29678 68547 2508 31695 25768 11572 11495 6118 89293
internal_value=-0.00143904 0.00773157 0.0420578 -0.000313895 -0.0468688 0.00303649 0.000458073 -0.017334 0.00630374 -0.0878004 0.0314087 0.0390692 0.0175265 0.00944148 0.0215303 -0.00285251 -0.00550204 -0.00915538 -0.0361523 0.00355291 -0.0188534 0.0193093 -0.00745851 0.00430564 0.00863067 0.00509039 0.00748684 0.00648696 0.00353866 0.00997289 0.0245539 0.0440232 0.0605216 0.0320515 0.0226085 -0.00444663 0.0544905 0.00847976 0.0296932 0.00985034 0.0503344 0.00403124 -0.0403105 -0.0230035 -0.0546564 0.085432 0.0192396 0.0305227 0.0202197 0.0149367 0.0326373 -0.0854326 -0.0647119 -0.0134218 -0.0960022 -0.0381879 -0.0156203 0.00204161 0.0671793 0.0194971 0.00624391 0.00762677
internal_weight=72609.6 65639.4 12463.5 53175.9 3569.96 49606 45473.4 11245.7 34227.7 6970.18 4132.55 2651.03 8340 6739.93 4722.33 6898.06 1722.39 6080.48 955.191 31576.7 2017.59 3376.35 1723.06 31232.3 1444.45 30806.9 27275.9 26810.5 3842.27 3403.93 2168.49 817.576 692.147 2484.64 2103.37 1224.41 265.968 24861.8 2370.52 1516.22 1784.68 2937.65 4347.65 1970.46 2377.19 756.192 1811.62 1485.65 2112.85 1999.89 1269.56 1847.57 344.39 3530.92 6014.99 281.24 1235.44 885.651 1433.33 1051.11 22491.3 21506.6
internal_count=5635248 2499995 608384 1891611 780865 1110746 1049804 429950 619854 3135253 60942 79995 277276 231000 136907 215064 156737 201014 167798 539859 94093 49375 33543 461438 97624 457862 364345 359342 118180 107008 37583 14050 11168 32336 28948 96017 6806 245432 41669 17415 54816 82091 214886 64841 150045 11567 50366 32605 36509 35254 24227 624128 78421 93517 2967455 71055 69425 37730 60198 20921 203763 197645
is_linear=0
shrinkage=0.1


Tree=44
num_leaves=63
num_cat=0
split_feature=31 26 11 12 41 43 19 41 14 19 29 17 13 20 33 13 31 20 30 7 14 41 17 21 7 31 44 9 45 20 9 11 9 3 17 10 26 27 20 31 14 29 26 19 20 30 14 31 12 19 8 12 10 7 3 11 27 30 14 7 24 19
split_gain=5112.15 1551.9 1429.61 712.633 526.593 310.15 299.305 278.792 493.805 345.234 311.798 292.764 247.862 247.125 246.638 207.274 203.212 202.343 192.113 177.71 158.44 157.352 183.699 156.553 155.992 155.045 143.848 133.664 127.32 124.874 123.181 151.737 155.651 135.485 117.501 114.185 105.803 129.733 105.109 103.596 100.487 100.387 128.179 99.0247 96.4771 94.3899 93.3833 92.6788 125.725 97.4587 92.4586 91.7442 91.5033 90.004 88.7652 88.3778 88.241 87.0135 93.3933 84.9048 82.5187 81.6067
threshold=-0.26600576937198633 0.88194444775581371 98.213714599609389 48.074073791503913 1.0000000180025095e-35 0.45792327821254736 1.0000000180025095e-35 0.35416667163372045 0.44949495792388922 99.760765075683608 1.0000000180025095e-35 7.5000000000000009 94.826045989990249 50.153373718261726 -6.2209739685058585 98.07621002197267 0.49211810529232031 99.80237197875978 1.0000000180025095e-35 1.0000000180025095e-35 0.93750000000000011 0.76388889551162731 5.5000000000000009 0.30602006614208227 1.0000000180025095e-35 0.39746910333633428 0.59476566314697277 24.048192977905277 0.99999985098838817 97.22989654541017 69.631092071533217 91.476997375488295 86.70682525634767 7.5000000000000009 18.500000000000004 84.660633087158217 0.4083333313465119 1.5000000000000002 82.940685272216811 0.11745354533195497 0.93750000000000011 1.0000000180025095e-35 0.58571431040763866 97.68778228759767 89.296943664550795 1.0000000180025095e-35 0.44949495792388922 -0.10303979367017745 48.331480026245124 97.833908081054702 14.500000000000002 65.419578552246108 86.319076538085952 6.5000000000000009 5.5000000000000009 81.01672744750978 1.5000000000000002 1.0000000180025095e-35 0.34848485887050634 4.5000000000000009 8.5000000000000018 43.847633361816413
decision_type=8 2 2 2 8 8 2 10 2 2 2 2 2 2 2 2 10 2 2 2 2 10 2 2 2 10 2 2 2 2 2 2 2 2 2 2 2 2 2 8 2 2 2 2 2 2 2 8 2 2 2 2 2 2 2 2 2 2 2 2 2 2
left_child=6 3 15 4 23 13 20 12 11 17 -11 14 34 -5 24 16 19 21 56 26 -1 55 30 -2 28 35 -3 54 57 47 -23 -32 33 -33 38 53 50 -38 -7 -6 41 42 44 -8 -27 -39 -31 48 -28 -50 -34 -45 -48 -24 -25 -10 -12 58 -9 -22 -20 -4
right_child=1 2 61 5 39 7 43 8 9 10 18 -13 -14 -15 -16 -17 -18 -19 60 -21 59 22 25 27 -26 40 29 -29 -30 46 31 32 36 -35 -36 -37 37 45 -40 -41 -42 -43 -44 51 -46 -47 52 -49 49 -51 -52 -53 -54 -55 -56 -57 -58 -59 -60 -61 -62 -63
leaf_value=-0.086916530208774448 -0.076826530571279084 -0.064252392781192311 -0.084893902095833237 -0.092882534051311777 -0.09277537353279465 0.049657957444639453 -0.098755391895100075 0.01697955336778055 -0.078233248839119196 0.084346848746286132 -0.029878917692572046 -0.065985926356427846 0.11050943867895956 0.012973923947463918 -0.079702533749319418 0.10257101148112265 0.054815493200113391 0.087081544595454974 0.090269365988613959 -0.077639071199559137 0.17859753841369244 0.044957409428174236 0.0033085446816717707 0.081871014360489311 -0.074841152264206998 0.062443665186465797 -0.0031327174641805249 -0.018796835176587309 -0.028704369999001941 -0.013226499377382218 -0.028140166345592577 0.065198118719264717 0.0034419131768936248 -0.021432396924344798 -0.05795503751413314 -0.037757726353096786 0.067091152834300505 0.027087996660556519 0.013137579323122584 -0.0151599462955898 0.061059894537907479 -0.046719328319410974 -0.38178323357077282 -0.073728806171376809 -0.22472795852397562 -0.035751418692547894 -0.006859577339066893 0.020197236406260671 0.26764088144253717 0.090145151673205082 -0.028581389570633164 0.055418634600417183 0.081627657664500378 -0.089889940989162406 0.0060455937612122678 0.032059644332345233 0.033520715497473395 -0.029914263352730765 -0.054003498348827096 -0.010445208249876471 -0.14641207159250422 0.091722131145179853
leaf_weight=358.20299819635693 258.08996827062219 250.62120104080532 26.345406556036323 598.74505638377741 1506.9306671433151 1190.553385157953 5178.8274583719904 3100.2193622417981 75.128124089213088 1036.2820731513202 698.48461535014212 1260.077897996176 341.6293087862432 349.13512297673151 508.35159180965275 268.24449921306223 1021.531800089404 288.92260958161205 304.87147418409586 239.3189973445842 24.816407005069777 747.21904739562888 3930.6366427167086 300.03492638620082 318.96082783665042 23.333479471504688 103.03460888192058 815.91192155820318 1395.0690856706351 2086.0751221932005 1407.7017789784586 753.63622973777819 19913.502887923038 237.39805876114406 177.27061678178143 945.3672188972123 564.6138931713067 810.56941552367061 2331.188373370911 194.12049899855629 80.989640092477202 1052.4103347989731 20.424824353307486 190.11234736978076 23.462072875350714 339.00710990745574 240.09683490358293 3595.2766053653322 42.879913365351968 111.04592964891344 944.35935723804869 77.399886628147215 227.68307142611593 106.42575226805639 318.04066693363711 2204.3878047687467 320.15521227382123 559.5277332062833 197.1426388702821 557.1287803936284 15.478610798716543 3751.1197279724292
leaf_count=136953 59113 31442 303 179649 619802 21415 2892173 52778 1082 56279 7727 96225 7691 15047 4494 16701 30696 5613 10071 36773 481 12163 113141 12232 29265 249 13986 63533 27750 49624 32173 6663 230993 8995 4112 24955 19838 9098 25442 4326 530 23600 117 69987 217 5007 5404 81107 1491 1572 26646 1068 8480 14990 21859 19859 4824 7228 4702 34591 118 330805
internal_value=-0.00135145 0.00709521 0.0396025 -0.00030303 -0.0446275 0.00275555 -0.0866964 0.00386899 0.00156968 0.00628798 0.0431628 -0.022117 0.0290118 -0.0538922 -0.0130241 0.0161196 0.0131906 0.00374696 0.0112892 0.00702459 -0.0345913 0.00304254 0.00122885 -0.00512849 -0.00693959 -0.0142475 0.0100684 0.00777576 -0.0028158 0.012976 0.00494962 0.00375244 0.00565777 0.0444461 0.0214849 -0.00647412 0.00395475 0.0278366 0.0254836 -0.0839181 -0.046506 -0.0542869 -0.172766 -0.0956908 -0.0815367 0.00855682 -0.00417142 0.0243439 0.0823624 0.139591 0.00199203 -0.0363623 0.0362099 0.00085163 0.0428538 0.0284246 -0.00995262 0.0065483 0.0127356 -0.00238369 0.0788334 0.0904903
internal_weight=70915.5 64529 11963.3 52565.8 3393.13 49172.6 6386.49 48224.8 44184.1 36844.8 2375.27 7339.35 4040.64 947.88 6079.27 8185.81 7917.56 34469.5 1338.99 6896.03 940.148 34180.6 31901.1 1692.08 5570.92 6183.05 6656.71 1433.99 5251.96 6406.09 25718 24970.8 23563.1 991.034 3699.01 4982.43 22572.1 1714.19 3521.74 1701.05 1200.62 1119.63 67.2204 5446.34 46.7956 1149.58 2553.86 3852.24 256.96 153.926 20857.9 267.512 467.78 4037.06 618.076 2279.52 1018.64 3856.89 3297.36 581.945 320.35 3777.47
internal_count=5635248 2499995 608384 1891611 780865 1110746 3135253 916050 857390 634948 79019 222442 58660 194696 126217 277276 260575 555929 22740 229879 172025 550316 529375 156737 121723 177799 193106 97624 92458 161664 351576 339413 307240 15658 50969 153086 291582 33943 46857 624128 24713 24183 583 2963228 466 14105 63508 98156 17049 3063 257639 71055 13884 128131 34091 20941 12551 64708 57480 35072 10189 331108
is_linear=0
shrinkage=0.1


Tree=45
num_leaves=63
num_cat=0
split_feature=31 26 11 12 41 35 43 43 29 42 13 45 34 1 21 36 41 14 31 21 41 14 12 14 12 26 31 19 7 42 26 1 42 24 12 24 42 42 30 26 40 39 41 17 12 19 31 21 0 19 29 14 13 14 33 41 21 17 14 24 19 29
split_gain=4542.69 1323.38 1347.22 608.97 487.468 305.128 268.789 244.887 205.253 199.655 192.447 184.975 214.028 297.715 287.796 230.941 181.204 266.441 177.043 170.498 156.241 195.234 278.039 166.191 147.126 143.559 140.11 137.274 131.853 130.102 128.735 125.448 121.205 118.955 116.512 113.074 112.977 112.001 111.036 255.218 135.061 127.78 110.029 122.004 112.437 108.541 103.326 102.798 123.587 98.6078 96.7402 96.6873 96.4545 190.149 149.51 93.1749 93.0736 91.006 92.3729 87.7142 87.6666 87.4616
threshold=-0.26600576937198633 0.88194444775581371 98.213714599609389 48.074073791503913 1.0000000180025095e-35 -92.257743835449205 0.39464733004570013 0.99760764837265026 1.0000000180025095e-35 0.97726097702980053 98.07621002197267 0.39515814185142523 2.5000000000000004 1.5000000000000002 0.70710784196853649 13.500000000000002 0.80909091234207164 0.31666667759418493 0.49211810529232031 0.048809524625539787 0.84523808956146251 0.31666667759418493 81.120250701904311 0.44949495792388922 99.333332061767592 -1.0000000180025095e-35 0.20798033475875857 93.563182830810561 4.5000000000000009 0.23606810718774798 0.19090909510850909 1.5000000000000002 0.98213714361190807 5.5000000000000009 48.834688186645515 12.500000000000002 0.96362432837486278 0.25143676996231085 1.0000000180025095e-35 0.31666667759418493 1.0000000180025095e-35 1.0000000180025095e-35 0.63333335518836986 4.5000000000000009 63.733076095581062 95.093433380126967 0.11745354533195497 0.3514705896377564 0.56907349824905407 97.68778228759767 1.5000000000000002 0.73214286565780651 69.282051086425795 0.18333333730697635 -9.6347427368164045 0.22500000149011615 0.8834841549396516 1.0000000180025095e-35 0.44949495792388922 7.5000000000000009 78.492839813232436 1.5000000000000002
decision_type=8 2 2 2 8 2 8 10 2 2 2 2 2 2 2 2 10 2 10 2 8 2 2 2 2 2 10 2 2 2 2 2 2 2 2 2 2 2 2 2 10 10 10 2 2 2 8 2 2 2 2 2 2 2 2 8 2 2 2 2 2 2
left_child=5 3 10 4 26 24 19 11 9 30 18 -8 13 -13 15 16 33 -18 20 -5 23 29 -23 32 -1 -10 37 -16 35 34 -9 36 42 -14 -22 61 -27 -2 40 -40 -29 -42 43 52 47 -41 -6 -45 -49 -7 -35 -30 53 -3 -54 -51 -33 58 -24 -55 -17 -19
right_child=1 2 -4 6 46 49 7 8 25 -11 -12 12 14 -15 27 60 17 28 -20 -21 21 22 57 -25 -26 31 -28 38 51 -31 -32 56 -34 50 -36 -37 -38 -39 39 45 41 -43 -44 44 -46 -47 -48 48 -50 55 -52 -53 54 59 -56 -57 -58 -59 -60 -61 -62 -63
leaf_value=-0.097401637673480132 0.012616106345606129 -0.018025533408251772 0.089382080422828344 -0.10371378548304076 -0.091918736422330505 -0.098484255268302401 -0.067326162928217317 0.052931786521384354 -0.029793990309080733 0.094794946659394766 0.10238313674878639 -0.0021684835522091609 -0.00068048440030518513 0.041128491778849419 0.019393744914893783 -0.04920427464273066 -0.081087301926490288 0.0064436233462614109 0.05197316071134777 0.00087091203671428152 -0.094503407022287211 0.048501295533871058 -0.28848489199992544 0.071175931630391626 -0.0065412370468366406 -0.031248354722984928 0.071518931354387513 -0.025341146133251637 -0.085488280957552218 -0.082600224879249853 -0.01952683282869146 0.041620352100489123 0.097930096535495018 0.042722172653933091 0.076727475365387487 0.042340984404968376 0.018292419827310537 -0.042709711661431338 0.21832884585248974 0.0029209924416060667 0.13515591401130495 -0.072707711864246155 -0.049912182166655591 -0.06292946627205441 0.06937333476896608 -0.10648006766649235 -0.013744815057631005 0.061381918006722852 -0.0027845796143089055 0.10019443680111949 -0.019479416970913752 -0.010929742694001689 0.048870833736551572 -0.26125780112346353 -0.029818105900794197 -0.061742906386962816 -0.024510229046480283 -0.026259022885068973 -0.065186227081513656 0.020721190109669274 -0.0055402781005227161 -0.018851823625962119
leaf_weight=246.29023397376295 714.86063779774122 786.80697384173982 3458.3973058797419 386.16018995898776 1375.6043693078682 4710.9108852489153 397.95415803045034 612.96516676293686 734.52600734052248 651.36741449264809 243.1404369585216 3406.8810913891066 1287.9867544258013 2974.8673636914464 709.59250135475304 1128.9404778890312 386.90344991255552 16531.061911342549 972.27521716617048 261.3906013937667 61.22013835713733 731.32384552690201 27.228260899428278 498.56292801490054 644.74449988594279 735.24952343478799 210.66519459336996 4534.9397778875427 182.92103280837182 543.91123812051956 408.67338843387552 1972.6392908052076 151.47406178084202 2411.9451824411517 113.24565998872276 819.12838686536998 1231.0633597942069 749.56930488429498 29.430032010888681 114.29606715834234 100.02209360618144 41.988646441372111 315.23636247473769 152.33401816012338 513.01952485507354 439.07047909346875 192.77051249658689 517.26699671812821 715.15764997992665 42.689330288209021 278.95507703686599 3538.5706970923347 553.71710450481623 49.196183227351867 428.16841554455459 211.88439851114526 238.56268940935843 613.72711674286984 57.961534276604652 14.220242235343902 775.80669985793065 1490.0966943814419
leaf_count=113741 60136 21479 331108 150149 619802 2896400 7148 17215 4951 40344 16701 41531 18447 36121 10755 91661 50017 243021 30696 14776 12904 12568 371 20046 54057 7845 1576 56397 25217 58109 11050 23246 4328 31583 2334 11635 13712 95025 179 1884 831 448 15616 12791 14847 5477 4326 9445 11553 2033 5379 131209 14376 540 7264 69022 2011 9941 1073 294 31908 24599
internal_value=-0.00126371 0.00649974 0.037173 -0.000286646 -0.0422455 -0.0855392 0.00250133 0.00336173 0.0212794 0.0515309 0.0147687 0.000524196 0.00117983 0.0180145 -0.00190722 0.00223054 0.00461083 0.00119507 0.0120432 -0.0614971 0.00637052 -0.015965 0.00539842 0.0165918 -0.0316559 0.0109759 -0.00473321 -0.0218929 0.0026061 -0.058498 0.0239471 0.0181444 0.0101071 0.0243116 0.0166425 0.00600371 -0.000232013 -0.0157024 -0.0274629 -0.0686225 -0.022334 0.0736964 0.00681845 0.0116131 0.0293833 -0.0838836 -0.0823103 0.014568 0.0241471 -0.0952084 0.036274 -0.0145945 -0.00679403 -0.0314515 0.0145571 -0.0345877 0.0344856 -0.039703 -0.136557 -0.198028 -0.0314199 0.00435205
internal_weight=69431.5 63575 11517.6 52057.4 3243.47 5856.52 48814 48166.4 6585.05 1673.01 8059.19 41581.4 41183.4 6381.75 34801.7 28832.3 26927.6 22948.7 7816.05 647.551 6843.78 2148.62 1430.24 4695.16 891.035 4912.04 1675.1 5969.34 22561.8 718.377 1021.64 4177.51 4196.6 3978.89 174.466 18840.3 1966.31 1464.43 5259.75 582.797 4676.95 142.011 4045.12 3729.89 1897.78 553.367 1568.37 1384.76 1232.42 4965.48 2690.9 3721.49 1832.11 850.223 981.886 254.574 2211.2 698.917 85.1898 63.4164 1904.75 18021.2
internal_count=5635248 2499995 608384 1891611 780865 3135253 1110746 945821 120374 68609 277276 825447 818299 77652 740647 664676 541107 485698 260575 164925 229879 97300 23953 132579 167798 51765 156737 75971 435681 73347 28265 46814 112533 55409 15238 279255 21557 155161 65216 7540 57676 1279 108205 92589 48636 7361 624128 33789 20998 2967455 36962 156426 43953 22313 21640 71055 25257 11385 1444 834 123569 267620
is_linear=0
shrinkage=0.1


Tree=46
num_leaves=63
num_cat=0
split_feature=31 40 13 12 29 41 30 39 29 43 19 21 1 41 10 44 30 29 24 31 13 27 45 21 20 21 7 45 20 12 2 10 29 7 41 12 2 20 8 39 30 24 29 1 34 17 17 38 25 24 41 31 17 37 41 41 19 33 20 2 25 7
split_gain=4032.05 975.546 998.625 629.954 547.158 355.208 324.689 498.778 405.962 304.443 272.756 262.11 216.403 215.575 261.999 210.681 206.655 200.806 601.549 195.468 183.597 178.575 163.277 151.877 151.699 164.511 146.878 137.75 135.51 132.24 125.598 144.161 115.199 114.299 107.465 142.784 123.791 105.695 104.478 101.986 203.678 338.716 150.211 95.9722 93.9826 91.3052 124.656 88.9167 87.3154 87.3111 85.3577 84.9221 81.2446 81.1215 86.8663 103.673 79.3258 77.5437 76.4923 75.804 75.5256 75.2156
threshold=-0.27650307118892664 1.0000000180025095e-35 98.07621002197267 48.834688186645515 1.0000000180025095e-35 0.53571429848670971 1.0000000180025095e-35 inf 1.5000000000000002 0.45792327821254736 1.0000000180025095e-35 0.98275861144065868 7.5000000000000009 0.35416667163372045 63.702239990234382 0.59476566314697277 1.0000000180025095e-35 1.0000000180025095e-35 7.5000000000000009 0.47627118229866033 94.826045989990249 2.5000000000000004 0.51242661476135265 0.048809524625539787 99.80237197875978 0.85357144474983226 1.0000000180025095e-35 0.99999985098838817 84.870288848876967 99.333332061767592 0.36342030763626104 78.08689117431642 1.0000000180025095e-35 1.0000000180025095e-35 0.45000000298023229 70.087718963623061 0.78133010864257824 89.48822402954103 18.500000000000004 1.0000000180025095e-35 1.0000000180025095e-35 7.5000000000000009 1.5000000000000002 25.500000000000004 3.5000000000000004 10.500000000000002 4.5000000000000009 36.500000000000007 9.5000000000000018 8.5000000000000018 0.26785714924335485 0.25958010554313665 9.5000000000000018 -7.8847846984863272 0.53571429848670971 0.88194444775581371 97.833908081054702 1.0000000180025095e-35 92.60501861572267 0.84802827239036571 3.5000000000000004 4.5000000000000009
decision_type=8 10 2 2 2 8 2 8 2 8 2 2 2 10 2 2 2 2 2 8 2 2 2 2 2 2 2 2 2 2 2 2 2 2 10 2 2 2 2 10 2 2 2 2 2 2 2 2 2 2 10 8 2 2 10 10 2 2 2 2 2 2
left_child=10 3 6 5 -4 12 7 -3 32 23 29 13 51 20 33 -8 22 19 21 26 45 37 -16 -5 27 -26 30 38 -29 -1 47 34 -9 43 35 60 58 -19 57 40 42 -42 -6 52 -30 46 -11 50 -47 -25 -17 -2 -15 -33 -55 -56 -12 61 -36 -21 -32 -24
right_child=1 2 4 9 39 -7 15 8 -10 11 56 -13 -14 14 16 17 -18 18 -20 59 -22 -23 24 49 25 -27 -28 28 44 -31 31 53 -34 -35 36 -37 -38 -39 -40 -41 41 -43 -44 -45 -46 48 -48 -49 -50 -51 -52 -53 -54 54 55 -57 -58 -59 -60 -61 -62 -63
leaf_value=-0.09747571610017941 -0.0034881723430389895 -0.04211898457739581 0.0955451924807421 -0.10323875826767966 0.13839113459909128 -0.094216046064576467 -0.061044790239412887 0.023890694842586997 -0.1105387694589985 -0.0018789427311807036 -0.098684444139028715 0.064816870644712588 -0.056307937548603561 -0.0078542615098162426 -0.035579875873899006 0.10508979458214461 0.089127524548774373 0.062397998289039074 -0.071000337801184504 0.019953146071553088 0.1102193425575379 -0.14280334984564422 0.0092629293306633782 -0.055399967678279274 0.070433258147200972 -0.0052017834173991957 -0.061717848433284497 0.0024417200603312006 0.0024185870560299973 -0.0058121834771794516 -0.11194100959456188 0.048865540863352014 0.23398637716384707 -0.078398990413672709 -0.010947100344119564 0.073809475692681925 0.013321881438576672 0.0044169249121288837 -0.048078210244421771 -0.045875133464665006 0.05038948100710211 -0.072441960523707813 -0.18292969084441627 -0.084504236463737545 -0.03007442554248126 0.017784563867529152 0.048133767035053614 -0.023430205326654567 -0.050717961334700648 0.045666959133594386 0.036759718381954458 0.06807115073553803 -0.048215245801848494 -0.031594331432882365 0.08206671027784665 -0.028708310128556111 -0.037557676781267813 -0.039508867153743243 -0.057528325943635522 0.068309744727172259 0.0080728433540723215 -0.009686458174675899
leaf_weight=218.53589124581777 676.01457540283445 179.82068500912283 2714.9296169390436 405.28100728406571 211.07869411131833 1033.1394377565011 414.61076777323615 29.19506382686086 45.56775749323424 778.03643200721126 4181.7137038391083 663.62975507357623 853.07421771623194 2638.9063349503558 1150.4132408859441 291.68874552892521 271.02625757874921 740.21457851107698 1047.557542403345 488.84544069506228 242.121462254785 57.200145741458982 19922.367508694879 205.95725711609703 671.43825762439519 503.01233155559748 261.45676267566159 5218.0275203605415 1222.376608181512 562.48238746379502 54.144229934317991 1171.8798780618235 246.04975852381904 367.57599826029036 722.37333066272549 356.82561984006315 929.52897265600041 546.53490774997044 355.9190289080143 203.70146565884352 711.48911787802354 327.99422915268224 15.625706007471306 214.74665417172946 3275.2855745125562 460.67727231106255 1386.4923303811811 143.28399271005765 312.14994549576659 146.12161351670511 489.81008698814549 219.74812430981547 614.95935211970937 328.12561877071857 220.67561779450625 136.89610543381423 223.65542298171204 360.08475390262902 688.5567782811122 962.36255900096148 1662.2237785839243 2340.7945222515846
leaf_count=111489 44481 4819 261846 171148 1868 517445 66515 2387 1102 9796 2842734 33211 199120 64020 23089 7351 10786 15435 19510 17863 5493 887 250600 19571 22355 6722 38765 111631 14632 48218 877 49063 2421 61874 26085 13203 30357 9808 14117 1070 16949 2970 85 25117 39449 12041 17178 5877 3213 7264 19541 1979 38738 5330 9774 4003 66795 4479 22814 53651 26547 97690
internal_value=-0.00117741 0.00580935 0.0267799 -0.00158534 0.0689391 -0.047726 0.0123368 0.0912023 0.165931 0.00135017 -0.0859252 0.00245793 -0.0202617 0.00147975 -0.000555123 0.00896652 0.00214281 0.0115353 -0.0141933 0.018442 0.026521 0.0300856 0.00146961 -0.0615002 0.00272805 0.0380391 0.0119077 0.00145962 -0.00852281 -0.0314605 0.0145828 0.00950952 0.211702 -0.0253746 -0.000326558 0.0162527 -0.0150126 0.0377711 0.00568023 0.0197969 0.030362 0.0116318 0.116244 -0.0197555 -0.0212435 0.0196219 0.0301568 0.0489862 -0.00988405 -0.0134546 0.0622634 0.0140667 -0.0154822 0.0328803 0.00556099 0.0396566 -0.0955811 0.00652598 -0.0336795 0.0520206 0.00428691 0.00727055
internal_weight=68096 62909.6 16400.2 46509.4 4184.82 2781.98 12215.4 500.633 320.813 43727.4 5186.39 42970 1748.84 42306.4 39126.9 11714.8 35290.7 11300.2 2391.51 8908.68 3179.48 1343.95 35019.7 757.36 33869.3 1174.45 7457.47 32694.9 9715.69 781.018 7196.01 6271.23 275.245 3836.19 4413.65 2073.19 2340.46 1286.75 22979.2 1469.89 1266.19 1039.48 226.704 3468.61 4497.66 2937.36 2164.53 924.783 772.827 352.079 781.499 895.763 3253.87 1857.58 685.697 357.572 4405.37 22623.2 1410.93 1451.21 1716.37 22263.2
internal_count=5635248 2566012 738773 1827239 284788 763025 453985 10729 5910 1064214 3069236 866231 245580 833020 785299 443256 595550 376741 45640 331101 47721 26130 584764 197983 561675 29077 259587 532598 165712 159707 220822 188053 4808 189749 119883 40627 79256 25243 366886 22942 21872 19919 1953 127875 54081 42228 26974 32769 15254 26835 26892 46460 102758 68170 19107 13777 2909529 352769 48899 71514 27424 348290
is_linear=0
shrinkage=0.1


Tree=47
num_leaves=63
num_cat=0
split_feature=31 28 14 12 30 13 19 19 31 43 21 19 24 43 38 10 30 26 45 29 31 0 25 33 29 21 39 29 12 0 25 26 19 42 36 21 19 43 24 29 43 1 17 30 24 25 25 10 7 29 10 7 14 12 31 45 25 38 26 29 21 9
split_gain=3587.61 1018.7 930.232 619.51 470.326 257.877 235.974 231.431 224.806 213.392 205.476 269.455 198.449 218.949 181.481 160.848 158.267 170.502 147.448 131.197 198.777 183.236 129.639 129.224 124.497 123.036 115.489 114.744 114.59 111.643 110.3 133.606 103.285 102.382 101.194 107.164 209.249 141.549 114.309 114.702 112.523 110.6 97.962 96.4134 110.843 92.8452 89.7745 107.097 85.3752 112.069 264.541 190.004 83.7847 80.4136 124.733 96.1361 79.5766 80.4651 77.9041 92.1008 97.6811 91.6631
threshold=-0.28744086623191828 1.0000000180025095e-35 0.81666666269302379 53.001201629638679 1.0000000180025095e-35 98.07621002197267 1.0000000180025095e-35 98.706874847412124 -0.060845836997032159 0.63661757111549389 0.73030304908752453 97.448913574218764 11.500000000000002 0.46446608006954199 23.500000000000004 59.611795425415046 1.0000000180025095e-35 0.31666667759418493 0.91681328415870678 1.0000000180025095e-35 0.30716219544410711 0.80898490548133861 11.500000000000002 1.0000000180025095e-35 1.0000000180025095e-35 0.07275132462382318 1.0000000180025095e-35 2.5000000000000004 99.333332061767592 0.30231609940528875 10.500000000000002 0.10555555671453477 97.448913574218764 0.97999200224876415 23.500000000000004 0.57417583465576183 95.531894683837905 0.9783390760421754 6.5000000000000009 1.0000000180025095e-35 0.98369517922401439 9.5000000000000018 9.5000000000000018 1.0000000180025095e-35 7.5000000000000009 5.5000000000000009 3.5000000000000004 22.378716468811039 1.5000000000000002 1.0000000180025095e-35 97.825057983398452 1.0000000180025095e-35 0.73214286565780651 42.740047454833991 -0.10303979367017745 0.71831494569778453 7.5000000000000009 21.500000000000004 0.63068181276321422 1.0000000180025095e-35 0.2709790319204331 86.526824951171889
decision_type=8 2 2 2 2 2 2 2 8 10 2 2 2 8 2 2 2 2 2 2 8 2 2 2 2 2 8 2 2 2 2 2 2 2 2 2 2 10 2 2 10 2 2 2 2 2 2 2 2 2 2 2 2 2 8 2 2 2 2 2 2 2
left_child=6 2 5 8 58 9 28 10 32 -2 11 12 13 25 -10 -9 24 -18 23 20 29 -22 -17 33 -12 -5 -15 34 -1 -20 31 -14 -3 46 35 36 37 41 39 -37 43 48 -35 -40 -45 -38 -11 -48 49 50 51 56 -50 -49 55 -55 57 -28 59 60 -4 -61
right_child=1 3 4 7 -6 -7 -8 15 14 18 16 -13 30 26 -16 22 17 -19 19 -21 21 -23 -24 -25 -26 -27 27 -29 -30 -31 -32 -33 -34 42 -36 38 45 -39 40 -41 -42 -43 -44 44 -46 -47 47 53 52 -51 -52 -53 -54 54 -56 -57 -58 -59 -60 61 -62 -63
leaf_value=-0.098054943200633321 -0.037823872442240392 -0.091510233949937958 0.002954717358001156 -0.10116058985034027 0.091990783154064948 0.10348984065491398 -0.095852254689365313 -0.011744614899595192 0.01591251561640138 -0.051654218005109755 -0.14127533065370845 0.046129677126489591 0.023408014490710061 0.1167194951859901 -0.053362793692349392 0.063685665893234975 0.1673690899867957 -0.10256161978962515 0.058410671176609377 -0.017742905791676537 0.011869677970218248 0.076079699434919046 -0.019695467824263652 -0.079435963934258044 -0.014229773497114705 -0.014253623767948049 0.043026120813100158 -0.062799114915956467 -0.0057141882712555131 -0.015263868748844767 -0.016758212392398747 0.088472911350245542 -0.021879080281264056 0.06836758937838526 -0.055389968778391745 0.066586091047519752 0.15518771727995373 0.049025147628071475 0.011177140471363537 -0.016986440698309416 0.072614842685138334 -0.012345721768070844 0.0055244467666172277 0.039741506338012225 -0.080855854217042 0.041018109110122131 0.067724784960449411 -0.018913471630877934 -0.058831375614558382 0.0031694921004681697 0.08015017327769236 -0.073914099662192909 -0.0012752154518092702 0.20884298172848556 0.018463812125033053 0.055597217588451278 -0.23089544996167255 -0.00020610736392909741 0.061981700807151666 0.12268548745869245 0.098479051020642638 -0.019436582543188041
leaf_weight=186.5127534965286 850.03671551344451 1087.0874055015156 230.31609013408888 347.61279657611158 2615.712887999136 306.47694542072713 3915.4574197460897 574.80940709763672 693.5736821530154 172.19323041301686 79.133731459034607 1245.2616993297124 1138.8241379106184 81.765135518857278 831.54106809536461 1213.0624802892562 25.013251272961497 362.93388694652822 229.74708937492687 2134.2258449048968 1143.4537436515093 726.9977167127654 220.33514196798205 120.992911366513 3050.2849043681053 306.56379488459788 922.65679128537886 310.17188999522477 480.8627928935457 1963.6227677311981 410.52302766137291 436.5875306352973 264.94347103883047 897.31242184620351 346.60806113330182 167.80765173293184 118.59293461462948 620.2296525600832 1917.2156225675717 7696.1670673771296 252.1269332068041 4951.8023537620902 342.81999175727833 108.54437613720074 255.87257020385005 178.34946435142774 464.36239794676658 540.51786361937411 264.46968980680685 4964.6115639865166 724.99377309717238 239.72763265832327 5790.8545350802597 56.787652686238289 4902.9871113921981 146.65576806222089 12.447745301877147 807.13467552035581 386.25261163711548 48.442195799318142 200.01356888748705 718.06671111134347
leaf_count=105226 92242 609990 5646 163054 273646 20249 2852993 7726 63063 6151 829 12616 37664 1370 157516 55335 157 5326 10611 31761 34686 37529 2071 2111 33446 22878 18676 8035 41771 69190 5418 5639 37722 29599 23583 4101 775 6128 19844 87467 2064 191206 11877 1395 3096 1373 13467 34877 27372 51546 15433 18124 98293 2487 93358 10600 173 15008 14109 479 10389 14682
internal_value=-0.00109488 0.00519466 0.0243492 -0.00335316 0.0659536 0.0127027 -0.086484 -0.000140507 -0.0481773 0.0108089 -0.00188291 0.000456895 -0.00124735 -0.00318709 -0.0218586 0.0329469 -0.024911 -0.0851576 0.0137953 0.00233332 0.0128769 0.0368265 0.0508687 0.0230884 -0.0174424 -0.0604338 -0.00196852 -0.00228514 -0.0315208 -0.00754674 0.0294089 0.0414392 -0.0778653 0.0247372 -0.00166649 -0.00104566 0.00330843 0.00202663 -0.00925151 -0.0152031 0.00922032 0.000466039 0.0509953 0.00221504 -0.044935 0.0866152 0.0195548 0.0215612 0.00508772 0.0120943 0.0284625 0.00955546 -0.00378901 0.017765 0.0216474 0.0983731 0.0210407 0.0228536 0.0229328 0.0103306 0.0473536 -0.0104547
internal_weight=66801.1 62218.2 19198 43020.2 4198.8 14999.2 4582.83 40143.1 2877.15 14692.7 38134.9 34617.5 33372.3 31386.3 1525.11 2008.21 3517.37 387.947 13842.7 6198.05 4063.82 1870.45 1433.4 7644.63 3129.42 654.177 30732.2 30650.4 667.376 2193.37 1985.93 1575.41 1352.03 7523.64 30340.2 29993.6 19595.9 19298.9 10397.7 7863.97 2533.76 18678.7 1240.13 2281.63 364.417 296.942 6283.5 6111.31 13726.9 7671.57 2706.96 1981.97 6055.32 5646.95 5106.43 203.443 1742.24 1729.79 1583.09 1196.84 430.33 766.509
internal_count=5635248 2635258 819746 1815512 318951 500795 2999990 947221 868291 480546 882089 842331 829715 780994 220579 65132 39758 5483 388304 183777 152016 72215 57406 204527 34275 185932 595062 593692 146997 79801 48721 43303 647712 202416 585657 562074 444107 441959 117967 91568 26399 435831 41476 24335 4491 2148 160940 154789 244625 118960 67414 51981 125665 141322 106445 13087 33857 33684 45305 31196 16035 15161
is_linear=0
shrinkage=0.1


Tree=48
num_leaves=63
num_cat=0
split_feature=31 28 14 12 30 20 41 14 34 35 13 9 12 41 14 36 26 18 43 37 17 11 32 12 17 14 21 0 31 33 34 1 21 43 8 26 18 11 31 41 14 32 32 21 7 40 10 7 3 39 9 1 12 18 0 14 21 9 11 10 31 41
split_gain=3184.61 850.747 838.319 532.647 454.565 361.421 354.112 302.707 278.148 238.25 210.443 266.886 195.734 187.854 179.006 156.802 146.706 138.972 134.716 127.068 186.374 225.207 201.157 128.537 167.587 125.98 124.08 158.333 156.289 120.578 146.539 343.408 275.467 201.561 154.795 130.621 164.402 128.688 127.214 120.331 281.42 119.362 118.9 118.52 115.636 117.742 255.843 190.103 162.923 151.822 116.941 107.079 105.598 105.133 100.292 98.2367 93.3279 86.0579 85.0699 92.6485 84.5313 82.9074
threshold=-0.28744086623191828 1.0000000180025095e-35 0.84523808956146251 62.622549057006843 1.0000000180025095e-35 99.80237197875978 0.88194444775581371 0.43650794029235845 7.5000000000000009 -92.257743835449205 98.213714599609389 93.063350677490249 48.834688186645515 0.63333335518836986 0.18333333730697635 9.5000000000000018 0.73214286565780651 71.063507080078139 0.36120072007179266 -69.21856307983397 5.5000000000000009 98.07621002197267 2.5000000000000004 86.425064086914077 1.0000000180025095e-35 0.31666667759418493 0.30602006614208227 0.4310914427042008 0.22482423484325412 1.0000000180025095e-35 3.5000000000000004 2.5000000000000004 0.57417583465576183 0.9783390760421754 9.5000000000000018 0.10555555671453477 53.977993011474616 97.726097106933608 0.13531848043203357 0.35416667163372045 0.31666667759418493 6.5000000000000009 9.5000000000000018 0.81534090638160717 1.5000000000000002 1.0000000180025095e-35 94.804317474365249 1.0000000180025095e-35 19.500000000000004 1.0000000180025095e-35 99.295776367187514 9.5000000000000018 99.333332061767592 74.203693389892592 0.70274078845977794 0.2264957278966904 0.048809524625539787 25.176055908203129 82.097072601318374 73.499401092529311 -0.10303979367017745 0.6904762089252473
decision_type=8 2 2 2 2 2 10 2 2 2 2 2 2 8 2 2 2 2 8 2 2 2 2 2 2 2 2 2 8 2 2 2 2 10 2 2 2 2 8 8 2 2 2 2 2 8 2 2 2 10 2 2 2 2 2 2 2 2 2 2 8 8
left_child=9 2 6 8 -4 16 7 10 39 52 11 13 14 15 -8 60 18 -18 56 -14 21 22 -21 55 -25 -10 -17 57 54 30 31 37 33 34 35 42 -37 -20 -33 -3 -41 -13 44 -34 45 -32 47 48 -47 -48 -46 -36 -1 -7 -29 -24 -5 -28 59 -9 -2 -15
right_child=1 3 4 5 -6 53 12 58 25 -11 -12 41 19 61 -16 26 17 -19 29 20 -22 -23 23 24 -26 -27 27 28 -30 -31 32 38 43 -35 51 36 -38 -39 -40 40 -42 -43 -44 -45 50 46 49 -49 -50 -51 -52 -53 -54 -55 -56 -57 -58 -59 -60 -61 -62 -63
leaf_value=-0.097749356955738068 0.12659023189899063 0.0013347459340503477 0.021304055855287076 -0.10160680093773136 0.090849223211960137 -0.17435820523048962 -0.099540750746783799 -0.31648711288365311 -0.077916886264387003 -0.095176872827921227 0.10389194193722961 -0.10258245048115243 0.082908991913928337 -0.057921726828898415 0.14222519030049494 -0.057458232302807014 0.040029232859361219 -0.1910025405697606 -0.028164570632774673 -0.11036210751324976 -0.02910694677714672 0.069720183775418748 -0.057457852730904618 -0.16983693405381303 -0.015544093412943853 0.05216010105911803 0.10624303490375725 0.0013230974759805424 0.030509801635330677 -0.048953827352940266 -0.00091520436299636883 0.019612655984981353 -0.015867733381598314 0.069319325295316134 -0.0052397073442875426 0.064748553022535377 0.009840521262527116 0.0054638570776639134 0.058918937390019577 -0.07850558314660433 0.055462940188012039 0.011371743846148285 -0.035304686960431618 -0.073211390497628454 -0.058382528728277865 0.032415255582411331 0.082574811888321706 -0.071052216301052545 -0.028060236952757719 -0.046263723979626671 -0.0025929573971324644 -0.045682764379826518 -0.0047095649779172683 0.084836718740856687 -0.056837222246682084 0.021787983588350147 0.00053412913460133241 0.032166225419588426 0.078615486816989821 0.046201755740634128 0.037480473451759304 0.012559342640613813
leaf_weight=164.52695347194094 110.47192282835022 1427.6996645559557 1549.0531630945625 221.37259810499381 2389.8600087948143 16.084189766319469 335.55332471278962 11.414534705341795 1470.8008416200755 3574.4431117700879 271.90750967245549 271.72310717497021 169.59949604817666 424.78574825101532 33.70088380377274 257.76040672836825 39.339868251699954 76.994783317670226 1458.0630039441166 160.86954426742159 2028.6641191191738 519.71608760417439 169.30061347805895 81.06319825979881 534.95620826061349 78.426217015716247 228.42425134708174 730.12690610706341 1030.2469103746116 492.85123335605022 3348.3495705238311 1813.1085992999142 7597.7053047944792 454.53022630140185 1865.99144663068 778.65811266435776 1819.5467966110446 5183.3508403362939 1508.4442679081112 648.24216249294113 206.83084202976897 138.91035140678287 811.75753873516805 378.38159649493173 406.03837814985309 1862.5394472439075 869.48842047562357 266.06435726943891 585.51727068261243 102.21465953346342 5031.430995700066 1008.4705285887467 471.82096903468482 578.43173485598527 499.21317649423145 2057.7386943645542 150.11990235559642 500.36223613109905 1055.7764657248044 18.391382042784244 2927.8692460767925 274.90688756690361
leaf_count=102367 4097 66641 45281 124355 273102 234 100490 278 651065 2856644 19820 3640 5077 17778 390 33532 767 831 15753 1730 56107 24128 6634 1280 9099 6265 5948 15069 19566 6770 58667 22001 88008 4740 47316 8567 18435 65336 20838 203677 2922 2202 51479 4528 48138 28521 14659 25675 28059 597 103314 65180 40979 24324 7627 30393 7850 14899 49542 550 61025 10462
internal_value=-0.00101478 0.00476025 0.0224875 -0.00306362 0.0634993 0.000455652 0.0116044 0.0244897 -0.0386282 -0.0851405 0.0174916 0.0143147 -0.00691015 0.0189211 -0.0774754 0.0243935 -0.000750657 -0.112877 -0.000407517 -0.00235633 -0.00496082 0.0089408 -0.00157477 0.00458077 -0.0358478 -0.071332 0.00911163 0.0148536 0.0017812 0.000183873 0.000835765 0.0112106 -0.00296626 0.0035198 0.00192523 0.00579014 0.026296 -0.00191896 0.0374631 -0.0164333 -0.0461004 -0.0640337 0.00177924 -0.0185881 0.00419297 0.0126589 0.0249902 0.009226 0.0179509 0.0690221 -0.006759 -0.0194287 -0.0287649 0.0778244 -0.0222948 0.0157637 -0.0603317 0.0553842 0.073912 -0.0926943 0.0407204 -0.03023
internal_weight=65550 61339.2 18782.4 42556.8 3938.91 38724.8 14843.5 8752.29 3832 4210.79 7666.71 7394.8 6091.16 6984.17 369.254 6284.48 38130.3 116.335 38014 5721.91 5552.31 3523.64 3003.93 2843.06 616.019 1549.23 3246.13 2988.37 2259.59 37642.5 37149.7 9962.97 27186.7 19210.6 18756.1 15881.6 2598.2 6641.41 3321.55 2282.77 855.073 410.633 13283.4 7976.09 12471.6 7034.17 3685.82 2714.12 2448.06 971.703 5437.47 2874.46 636.348 594.516 1229.34 2227.04 371.493 728.786 1085.58 29.8059 3038.34 699.693
internal_count=5635248 2635258 819746 1815512 318383 884942 501363 266035 930570 2999990 215665 195845 235328 190003 100880 161763 860384 1598 858786 134448 129371 73264 49136 47406 10379 657330 96641 63109 42262 726581 719811 123928 595883 503347 498607 386111 27002 81089 42839 273240 206599 5842 359109 92536 307630 156178 97511 82255 56580 15256 151452 112496 143346 24558 22696 37027 132205 20847 50370 828 65122 28240
is_linear=0
shrinkage=0.1


Tree=49
num_leaves=63
num_cat=0
split_feature=31 26 11 36 25 45 45 29 19 40 31 26 12 43 18 24 40 29 13 0 31 31 31 7 0 24 35 26 13 13 29 19 45 28 35 25 32 3 36 5 17 19 25 0 17 24 27 0 30 27 26 30 29 29 25 19 43 19 18 9 7 31
split_gain=2829.51 740.02 1048.9 397.965 215.455 192.119 208.787 177.539 159.714 155.623 164.058 151.16 230.521 188.373 160.82 152.671 147.56 168.637 144.428 122.815 132.71 120.747 119.803 128.239 125.177 114.352 105.846 96.8618 96.1645 95.5509 94.7211 94.2644 94.1288 107.851 87.2005 84.0611 82.6502 80.6866 80.1626 78.1266 77.7711 174.507 177.119 115.218 80.0462 71.8467 70.9947 94.3359 66.5293 72.4845 60.6779 60.239 189.55 110.978 95.0708 59.9441 59.9097 59.7702 72.3357 67.5736 59.4514 59.0051
threshold=-0.29812398552894587 0.88194444775581371 99.275363922119155 23.500000000000004 3.5000000000000004 0.39515814185142523 0.97628468275070202 1.0000000180025095e-35 98.295398712158217 1.0000000180025095e-35 0.20798033475875857 0.10555555671453477 52.73088455200196 0.49390153586864477 55.453865051269538 7.5000000000000009 1.0000000180025095e-35 1.5000000000000002 99.206348419189467 0.84885936975479137 -0.0069816559553146354 -0.041247799992561333 0.35236643254756933 1.0000000180025095e-35 0.84885936975479137 6.5000000000000009 -8.5684776306152326 0.63068181276321422 97.498435974121108 97.915760040283217 1.0000000180025095e-35 43.847633361816413 0.88673365116119396 1.0000000180025095e-35 5.8914871215820321 3.5000000000000004 4.5000000000000009 102.50000000000001 48.500000000000007 1.0000000180025095e-35 5.5000000000000009 99.760765075683608 7.5000000000000009 0.84885936975479137 9.5000000000000018 8.5000000000000018 1.5000000000000002 0.53297358751297008 1.0000000180025095e-35 1.5000000000000002 -1.0000000180025095e-35 1.0000000180025095e-35 1.0000000180025095e-35 1.0000000180025095e-35 7.5000000000000009 55.193569183349616 0.99760764837265026 80.106952667236342 99.783550262451186 57.321428298950202 35.500000000000007 -0.10303979367017745
decision_type=8 2 2 2 2 2 2 2 2 8 10 2 2 8 2 2 10 2 2 2 8 8 8 2 2 2 2 2 2 2 2 2 2 2 2 2 2 2 2 2 2 2 2 2 2 2 2 2 2 2 2 2 2 2 2 2 10 2 2 2 2 10
left_child=4 3 18 5 28 -2 8 9 11 25 -11 12 21 55 15 -13 34 -18 22 20 -9 -7 23 38 36 -8 -5 -12 -1 35 -31 -4 33 45 37 -10 -24 -15 46 -35 -33 42 -42 44 -44 -16 57 -48 -34 -50 -22 52 -17 -53 -54 -14 -46 59 61 -3 -30 -59
right_child=1 2 31 26 -6 6 7 19 29 10 27 14 13 16 32 51 17 -19 -20 -21 50 -23 24 -25 -26 -27 -28 -29 60 30 -32 40 48 39 -36 -37 -38 -39 -40 -41 41 -43 43 -45 56 -47 47 -49 49 -51 -52 53 54 -55 -56 -57 -58 58 -60 -61 -62 -63
leaf_value=-0.082888711443329474 -0.064298763841122084 -0.072920554336553631 -0.098162695687771223 -0.078428848752026478 -0.095933562190638214 -0.089927260413687954 0.011251985468156436 -0.049335048468972215 -0.060134871171281946 0.0026514458916320153 0.070806979408768844 0.0069912463091359942 -0.088263542029862016 0.0019813503405556538 0.06038863801868713 -0.042515267157563402 0.1893038650560592 -0.1382030904176996 0.10254078476337612 -0.065075815984743712 -0.054738347014213797 -0.0050971310171565847 -0.02547091759039526 -0.077864015585797031 0.078178105715469876 -0.17331089035094563 -0.020540911601276968 -0.11962217791360211 0.088790782626596468 0.091940127890165813 0.028724542884210971 0.095718384019594094 -0.00049141413487326427 0.019428630163599123 -0.081266734150394329 0.017296712894552677 0.027875094644457196 -0.05452368042356856 -0.081268369873407742 -0.0067513412532385483 0.021375502530788602 0.083124591153838467 -0.25597680764572611 0.018011290897318073 -0.78666202360705184 0.014526139838270917 0.052039276093545223 0.0025974660068456934 -0.011280182310458842 -0.087005567859335331 -0.0081928140943406374 0.082286032545902665 0.13590360357530107 -0.046420023879498687 0.027427297712638462 0.0014013584600218122 0.10106960402954797 0.070458714907898706 -0.021231844477198399 0.028018189156132262 -0.017412759437263305 0.0069288025111897428
leaf_weight=218.46339700894896 449.7466988589149 231.28989328176249 27.977220243541524 781.98465972265694 3136.6794220573502 445.206992007792 56.71793759195134 970.01913817832246 145.53020616003778 4182.8524402440526 517.08671100996435 673.74211227998603 314.61965140292887 18825.667214360554 707.71774085913785 92.57707926328294 78.415131846559234 19.664996622828767 165.87930688541383 510.06249077944085 291.47528782079462 269.28485374618322 369.55697157839313 202.78631811926607 405.79432369535789 82.256626042537391 529.90668437001295 28.165664038620889 63.488593836431392 335.37051406130195 808.31153068877757 1969.5304687283933 1412.630592757836 2262.4698520245729 129.01720754615963 3830.4882005441468 1356.409858412575 256.15122064051684 109.84402575343847 2297.329557094723 88.701465857680887 431.85426264954731 15.693244470283391 10.846267401706426 5.778397590853273 660.24619181093294 643.35117358563002 964.40880205226131 309.16391836479306 213.83107662573457 7160.8391575587448 173.2842165279435 390.35012070927769 109.22068584838416 101.88062286400236 97.716274472419173 0.87537527130916704 158.35947098722681 976.4404928406002 92.986550956731662 310.43759424204472 1903.2041454007849
leaf_count=130109 11165 32423 313 273246 2777405 281867 4930 228838 6201 181553 22354 25920 134612 357614 15652 9292 570 219 16710 5491 2472 44632 10091 42801 15978 5544 54739 639 3701 27033 17017 272989 26080 41855 1495 74494 38832 30584 8396 44579 8021 46138 1504 1160 524 9371 20581 24400 7088 3672 104031 9834 8680 3148 3792 2235 87 9454 26212 1692 21541 41648
internal_value=-0.000940475 0.00425769 0.0289235 -0.000688823 -0.0854877 0.000760325 0.00136042 -0.00905498 0.00547162 0.00631116 0.00937685 0.00267194 -0.0021563 -0.000134721 0.0131637 0.0427029 0.00129348 0.123639 0.010257 -0.0174277 -0.0145421 -0.0579556 0.00819239 0.000117473 0.0282027 -0.0979876 -0.0550464 0.0609701 -0.030177 0.0217895 0.0472617 0.0843854 0.00737462 0.0136267 0.000668848 0.0144626 0.0164529 0.00122284 0.00323045 0.00623857 0.0864094 0.0533 -0.0523639 -0.249416 -0.379213 0.0382532 0.00509798 0.0223818 -0.011772 -0.0422412 -0.0100133 0.0704443 0.0887614 0.0325263 0.113451 -0.0670146 -0.669871 -0.00316671 0.0011893 -0.0439763 0.000619445 0.0118089
internal_weight=64381.6 60652.6 10131.6 50521 3729.07 49209.1 48759.4 13799.5 34959.9 4867.08 4728.1 29840.2 20435.7 19721.3 9404.44 1541.05 19308.9 98.0801 7580.31 8932.4 8422.33 714.492 7414.43 5282.67 2131.76 138.975 1311.89 545.252 592.39 5119.7 1143.68 2551.26 7863.39 5927.76 19210.8 3976.02 1725.97 19081.8 5079.88 4559.8 2523.28 553.749 121.895 33.1933 22.347 1367.96 4970.04 1607.76 1935.63 522.995 7452.31 867.313 584.808 282.505 492.231 412.336 6.65377 3362.28 3038 324.276 373.926 2061.56
internal_count=5635248 2702492 619954 2082538 2932756 1754553 1743388 555852 1187536 215020 204546 1062791 853828 527329 208963 60666 390482 789 289218 340832 335341 326499 272508 207607 64901 10474 327985 22993 155351 124745 44050 330736 148297 111457 389693 80695 48923 388198 164806 86434 330423 57434 11296 3275 2115 25023 156410 44981 36840 10760 106503 34746 21764 12982 12472 136847 611 111429 77314 34115 25242 51102
is_linear=0
shrinkage=0.1


Tree=50
num_leaves=63
num_cat=0
split_feature=31 26 11 44 9 41 12 12 17 25 12 13 20 45 45 29 31 20 14 31 41 14 12 14 12 17 11 12 2 34 9 19 18 8 25 19 41 17 9 20 26 18 0 19 25 20 30 24 29 24 30 29 19 13 29 17 19 24 41 14 17 9
split_gain=2523.79 636.978 968.821 382.261 289.921 182.564 444.941 289.702 220.039 154.479 148.694 132.923 123.707 115.003 123.48 114.636 118.23 110.733 107.112 103.77 101.791 153.147 231.716 123.328 108.86 99.6604 96.749 98.9125 93.8136 99.3959 91.8381 89.6862 102.023 101.983 89.223 86.2072 82.1565 99.8551 81.9613 81.5495 81.216 81.1925 85.8738 90.573 79.5329 79.1857 88.4363 122.339 123.234 114.659 80.3426 85.2511 87.3687 78.6763 78.2001 77.6573 146.022 116.193 179.795 95.6764 101.776 79.351
threshold=-0.31882283091545099 0.88194444775581371 99.275363922119155 0.7556847631931306 45.222154617309577 1.0000000180025095e-35 46.049896240234382 88.273490905761733 8.5000000000000018 3.5000000000000004 97.498435974121108 99.206348419189467 79.082908630371108 0.99999985098838817 0.55098927021026622 1.0000000180025095e-35 0.20798033475875857 98.312206268310561 0.44949495792388922 0.50945833325386058 0.76388889551162731 0.31666667759418493 77.032970428466811 0.44949495792388922 98.549507141113295 4.5000000000000009 23.629112243652347 48.834688186645515 0.94277468323707592 3.5000000000000004 39.369100570678718 98.295398712158217 92.342185974121108 22.500000000000004 10.500000000000002 57.220077514648445 0.63333335518836986 17.500000000000004 81.53021621704103 91.442928314208999 0.63068181276321422 48.198949813842781 0.33707202970981603 79.324596405029311 4.5000000000000009 93.88999176025392 1.0000000180025095e-35 7.5000000000000009 1.0000000180025095e-35 9.5000000000000018 1.0000000180025095e-35 1.5000000000000002 96.437637329101577 18.350168228149418 1.5000000000000002 5.5000000000000009 99.760765075683608 7.5000000000000009 0.80909091234207164 0.81666666269302379 9.5000000000000018 73.499401092529311
decision_type=8 2 2 2 2 10 2 2 2 2 2 2 2 2 2 2 10 2 2 10 8 2 2 2 2 2 2 2 2 2 2 2 2 2 2 2 10 2 2 2 2 2 2 2 2 2 2 2 2 2 2 2 2 2 2 2 2 2 10 2 2 2
left_child=9 3 11 4 40 7 -7 12 13 -1 36 19 -5 14 -8 16 -15 31 -17 20 23 26 -23 25 -25 -3 27 -22 29 -20 41 32 33 45 -33 -4 37 -10 -12 -34 -2 -27 43 -43 -14 46 49 -48 -49 -16 51 52 -47 -29 -51 -37 57 -57 -59 60 -60 -62
right_child=1 2 35 5 -6 6 8 -9 10 -11 38 -13 44 15 17 18 -18 -19 28 -21 21 22 -24 24 -26 30 -28 53 -30 -31 -32 34 39 -35 -36 55 -38 -39 -40 -41 -42 42 -44 -45 -46 50 47 48 -50 54 -52 -53 -54 -55 -56 56 -58 58 59 -61 61 -63
leaf_value=-0.033769721608151997 -0.081640157872606298 -0.0091778887557371 -0.056320761641369711 0.048933770856398426 -0.014175815047456929 -0.07660125521956776 -0.019567523349406021 0.09775743974191646 -0.0013999611923173111 -0.096653586447469159 -0.0014396403908545768 0.10245207652224841 -0.041073932532779869 0.0027287023840322682 0.00097019030508677529 -0.039006810608251653 0.058067828650441161 0.034398315467322908 0.017648294870229338 0.04373651108284099 -0.093373032639331305 0.055126798713457173 -0.026934471544800193 0.067876383011470587 -0.95727017759563626 -0.066329341709049028 -0.073319405760312414 -0.085576750775540153 -0.15552651481540236 -0.013168411275056399 0.048900694581764298 0.040990692233047715 0.074873125205620727 -0.06743652338116167 -0.0048747806653223758 0.095586333218307756 -0.068221644534475212 -0.12258139755173184 -0.039663201921595941 -0.01264843587135972 0.069605665410329934 -0.044983944895885503 0.0039348992032493474 0.12958487764546953 0.0093395272574631188 0.063977880746379445 0.05800458510876997 0.071118401551258745 -0.040062038568147967 0.030366443235149379 -0.038153594808442624 -0.019977290350620878 0.0019092339856472806 0.1220196943789834 -0.030818203938599537 0.033740700692163381 0.081576360957476293 0.08020233392330034 -0.26637202318439446 0.10415697879365732 -0.5032559710912955 -1.2464494545025646
leaf_weight=455.97038613917539 1010.2922430853359 1968.2041946719983 43.595134619390592 726.97485095076263 2650.8184443091741 749.46256558742607 1593.7322568547679 452.79810421925504 492.38775655935751 2727.0562257991405 3183.3502216726192 150.49542443314567 364.14942478534067 3399.3087621336454 11967.052800174512 1252.2240003191982 435.52967677824199 1623.0752989272005 1387.8683861448662 714.04493888979778 54.038982911093626 553.01681332895532 910.82773488352541 398.7127728825435 1.0385424033738662 139.25067737768404 534.15563196653966 23.773378472367767 42.041948141530156 4256.9211786869564 796.3908093511709 1432.9720185074257 109.83623855595943 174.67637491528876 602.45129557838663 1781.8562101689167 767.41617566382047 78.893437670194544 680.98350593156647 3464.5494923957158 36.796906484523788 40.21976196335163 1022.5563728205161 113.86018883436918 2225.0516318784212 905.9265213747276 753.97638947190717 142.29692405683454 332.99863147555152 2235.8014351659222 152.90639509190805 214.44293502968503 302.51225308573339 78.660755471966695 230.42049834190402 78.312986005563289 398.67065840074793 18.675314411520958 18.173461178783334 4.5988319953903547 5.0888013970106831 2.0017697401344776
leaf_count=132731 504943 52577 632 30913 174743 395223 31690 9671 8732 2667971 116230 16714 21716 100351 264388 30326 21394 27740 16152 27399 15563 10045 16008 19892 63 11715 71068 764 423 85668 23245 43455 1284 11129 6811 272734 74533 2022 26139 33215 5577 5546 21776 2397 72950 9903 14192 3432 3296 46182 2205 2074 2812 1660 5849 7575 46139 1487 1389 450 240 105
internal_value=-0.000862796 0.00371944 0.0269788 -0.000823432 -0.0317738 0.00162552 -0.000225603 0.0227282 0.00113028 -0.0876454 -0.0181255 0.00941927 0.0124835 0.00383708 0.00740884 -0.00486187 0.00901367 0.00915328 -0.0125301 0.00751405 0.00361569 -0.014246 0.00406695 0.0122051 0.0652131 0.00701208 -0.0530619 0.0160918 -0.00670004 -0.0055916 0.0220978 0.00737354 0.00542983 0.00858871 0.0274153 0.0829912 -0.0468475 -0.018135 -0.0081755 -0.00995901 -0.0763251 0.00587631 0.0144216 0.0840169 0.0022493 0.00935907 0.0072093 0.0329572 -0.00677615 0.00501636 0.0307268 0.0381288 0.04844 0.0738398 0.0246499 0.0856233 0.0518423 -0.0416065 -0.163174 -0.315374 -0.391742 -0.71307
internal_weight=63466.1 60283.1 9850.22 50432.9 3697.91 46735 42966 3768.97 42216.6 3183.03 5203.03 7499.25 3316.18 37013.5 26239.6 10773.9 3834.84 24645.9 6939.06 7348.75 6634.71 2154.47 1463.84 4480.23 399.751 4080.48 690.629 156.473 5686.83 5644.79 2112.28 23022.8 20987.4 17413 2035.42 2350.97 1338.7 571.281 3864.33 3574.39 1047.09 1315.89 1176.64 154.08 2589.2 17238.3 15662.5 1229.27 475.296 14433.3 1575.79 1422.88 1208.44 102.434 2466.22 2307.38 525.522 126.851 48.5382 29.8629 25.264 7.09057
internal_count=5635248 2834546 627183 2207363 685263 1522100 1386850 135250 991627 2800702 227656 296432 125579 763971 509657 254314 121745 477967 132569 279718 252319 115108 26053 137211 19955 117256 89055 17987 102243 101820 64679 450227 399961 365462 50266 330751 85287 10754 142369 34499 510520 41434 29719 7943 94666 354333 337339 20920 6728 316419 16994 14789 12715 2424 52031 330119 57385 11246 3671 2184 1734 345
is_linear=0
shrinkage=0.1


Tree=51
num_leaves=63
num_cat=0
split_feature=44 11 26 11 41 43 21 12 41 45 29 40 21 21 33 35 27 1 42 26 9 24 18 13 13 20 24 0 43 29 19 26 9 24 20 2 41 12 9 37 12 3 17 9 36 29 17 19 43 33 18 19 18 20 21 45 12 41 35 0 30 0
split_gain=1340.9 899.365 596.392 817.574 250.46 238.448 191.069 164.52 458.249 149.729 202.972 211.685 175.418 165.765 175.555 166.02 145.118 137.818 161.935 136.953 140.696 130.287 110.745 110.158 109.677 107.369 99.8675 96.7349 94.558 91.0774 87.4349 86.5958 85.6613 82.9049 76.1902 76.1667 74.0085 82.8893 88.1531 81.1878 74.148 72.6308 72.039 71.5547 71.3694 96.0354 71.0281 126.279 70.4541 70.0561 68.9348 66.2398 65.8866 65.8833 86.9523 82.7038 65.7119 62.7771 60.9909 62.9705 60.1458 58.2379
threshold=0.85254532098770153 43.826219558715827 0.88194444775581371 99.275363922119155 0.35416667163372045 0.45792327821254736 0.048809524625539787 48.074073791503913 0.53571429848670971 0.87790751457214367 1.0000000180025095e-35 1.0000000180025095e-35 0.12701612710952762 0.17519181966781619 1.0000000180025095e-35 -77.556793212890611 1.5000000000000002 1.5000000000000002 0.97726097702980053 0.10555555671453477 66.287876129150405 7.5000000000000009 70.109020233154311 97.70084381103517 99.206348419189467 92.60501861572267 7.5000000000000009 0.86401242017745983 0.47089621424674993 1.0000000180025095e-35 80.106952667236342 0.73214286565780651 24.048192977905277 7.5000000000000009 84.458244323730483 0.81346824765205394 0.88194444775581371 83.43881988525392 91.331184387207045 -23.997885704040524 48.834688186645515 64.500000000000014 5.5000000000000009 40.862709045410163 2.5000000000000004 1.0000000180025095e-35 5.5000000000000009 99.760765075683608 0.8445824682712556 -74.973686218261705 70.460433959960952 82.070419311523452 86.576263427734389 99.180271148681655 0.82085561752319347 0.98098206520080578 35.948717117309577 0.63333335518836986 -37.775087356567376 0.27415786683559423 1.0000000180025095e-35 0.76043426990509044
decision_type=2 2 2 2 8 8 2 2 8 2 2 8 2 2 2 2 2 2 2 2 2 2 2 2 2 2 2 2 8 2 2 2 2 2 2 2 8 2 2 2 2 2 2 2 2 2 2 2 10 2 2 2 2 2 2 2 2 8 2 2 2 2
left_child=1 4 5 24 16 6 -2 8 32 13 11 21 41 15 17 -9 30 18 -15 20 51 -11 26 31 25 -4 -21 36 -22 -20 -1 50 56 -8 52 44 37 38 49 40 -38 -13 -23 -29 45 -19 -5 -48 -31 -27 -14 -3 -12 -36 -55 -56 -7 -30 -18 -60 -52 -42
right_child=2 19 3 46 -6 7 33 9 -10 10 34 12 23 14 -16 -17 58 35 29 22 28 42 -24 -25 -26 27 -28 43 57 48 -32 -33 -34 -35 53 -37 39 -39 -40 -41 61 -43 -44 -45 -46 -47 47 -49 -50 -51 60 -53 -54 54 55 -57 -58 -59 59 -61 -62 -63
leaf_value=-0.077302316999581025 -0.10210859233945031 -0.067113407148756687 0.027672535408274131 0.093188821107955844 -0.095812716572426349 0.018045268724765792 -0.051303783323188835 -0.00291418959342802 -0.091526615098617259 0.011209037244406963 -0.00020489317920898876 0.0091871730265694583 0.073882775697436828 -0.017260368401775115 -0.052725621457145322 -0.073115706125169891 -0.087792446066838864 0.07157960475461253 0.073241349909055189 -0.003746054896663833 -0.083792926409259644 -0.094488168779474538 -0.016770136894565239 0.086353997207633149 0.10283150124501515 0.02591099035819714 0.061176571354181308 -0.0082579383330767444 0.047706796893877176 -0.019158360893149318 -0.018028199307587828 -0.13881141418643109 -0.013128141829907895 0.055071520986773814 -0.01671752383950437 0.039310380803879719 -0.081653361792986823 0.028381944311629295 -0.52276992777949516 -0.067071328062905708 -0.019760675585801499 -0.034865375449690726 -0.25944898341524841 0.068816712343210656 0.025714049266019324 0.0028498942178061884 -0.032772564702860114 0.080503767164145673 0.018102829308877893 -0.021732278586019269 0.032314743285840511 -0.0027633104911718108 0.072379698515924781 0.055099943219011606 0.01923210991380097 -0.050436909182613343 0.097223522592284173 -0.010542887445658542 0.1756814114065588 0.02853588779603751 -0.0360708256322076 0.036506927657592531
leaf_weight=598.59257860283833 403.51911353471223 803.67016430542571 2227.3082443099702 1627.0869329393608 2280.7551571665099 422.40503500262275 141.09077310771681 3682.7106424872763 704.70030847616727 68.76601699332241 3775.1163405535626 4574.8855644910946 276.23890032031341 2414.2349770532455 394.77626966207754 370.79313094320241 26.157029425608926 216.34421121003106 257.70935930626001 406.82643348508282 166.79177014686866 62.100657706789207 765.10626295156544 449.25034570519347 129.58068549400195 429.42983887088485 567.37992912298068 188.9878569401335 199.97862690011971 613.21614403423155 425.9410968744196 30.690781187964603 809.61398073402233 152.40685027267318 9547.903214934573 2010.5096055402537 122.81184146826854 931.6515549775213 3.3382397601380935 336.00482692063088 476.26213036692934 407.61081437394023 46.144237274653278 332.14862748025917 4707.6127347818692 3372.443753728061 134.43551552772988 367.27898588124663 2942.0915769938729 1097.18765482452 493.11165110580623 199.71500226471107 129.34176244697301 301.7102210574667 420.07101958384737 286.67167206841987 139.41111334756715 2473.1488870305475 44.618172993941698 83.530741707247216 173.98925448511727 299.69608461030293
leaf_count=293133 327170 261005 80744 270219 2119479 32505 33680 115008 568896 3088 76452 108247 7674 31634 5274 47543 7350 8380 16470 20640 109741 1234 18100 29783 15852 8016 19303 5763 2347 6247 78193 361 99010 11231 148073 26233 40355 31877 91 6311 11216 40330 742 12959 108502 24294 11018 45862 29463 31216 18197 16746 1964 4624 3980 2608 8853 146791 6498 4998 4648 7027
internal_value=-0.000789757 -0.0364064 0.00522966 0.0291835 -0.0764688 0.000576115 -0.0574563 0.00149329 -0.0259864 0.00285082 -0.00310939 0.0114468 0.0144278 0.00882839 0.0131777 -0.00933585 -0.0390432 0.0147512 0.00300556 -0.0115794 -0.022116 -0.0964294 0.0117031 0.0453898 0.0117428 0.00991135 0.034065 0.000531515 -0.0107432 0.0158371 -0.0526596 0.026496 0.00769104 0.00393457 -0.00973561 0.0218477 -0.00515505 0.00486654 -0.00945293 -0.0251338 -0.00945545 0.0055833 -0.16481 0.0408659 0.0176159 0.00699315 0.0830457 0.0501511 0.0116761 -0.00833047 0.0318741 -0.0543051 0.00219959 -0.0141501 0.0101584 -0.0090273 0.0376929 -0.00618519 0.0513643 0.0797682 0.0144788 0.0019714
internal_weight=62544.6 9042.21 53502.4 8703.21 3459.59 44799.2 697.017 44102.2 2076.13 42026 21043.6 6582.79 6405.78 20982.4 16928.9 4053.5 1178.84 16534.2 6227.25 5582.62 3843.3 177.011 1739.31 1423.28 6574.41 6444.83 974.206 4217.52 2839.92 3813.02 1024.53 974.031 1371.43 293.498 14460.8 10306.9 3696.38 2461.61 1529.96 1234.77 898.77 4982.5 108.245 521.136 8296.4 3588.79 2128.8 501.715 3555.31 1526.62 943.34 1003.39 3904.46 10556.4 1008.45 706.743 561.816 2673.13 154.306 128.149 667.101 775.958
internal_count=5635248 3104324 2530924 578526 2509651 1952398 372081 1580317 709264 871053 452005 214304 209240 419048 256497 162551 390172 251223 83814 594673 536630 5064 58043 60663 251427 235575 39943 154831 258879 52180 371326 30880 140368 44911 237701 167409 136109 71200 39323 64909 58598 148577 1976 18722 141176 32674 327099 56880 35710 39232 30519 277751 78416 159285 11212 6588 41358 149138 18846 11496 22845 18243
is_linear=0
shrinkage=0.1


Tree=52
num_leaves=63
num_cat=0
split_feature=31 28 14 30 12 13 31 20 12 25 19 1 20 29 38 25 29 24 30 40 19 43 21 20 19 3 29 25 21 20 20 30 30 19 20 3 31 14 20 19 29 0 38 43 29 19 19 1 36 29 30 30 21 29 21 19 34 36 24 13 34 20
split_gain=2045.51 476.956 554.052 391.553 365.885 185.212 182.624 176.52 183.795 157.415 134.697 130.314 115.907 115.049 112.382 109.4 293.232 241.387 183.212 371.309 179.191 161.808 172.418 202.775 222.75 157.296 143.938 141.417 118.731 221.647 118.462 181.836 154.478 114.827 109.225 106.365 101.874 121.01 97.556 111.993 93.8309 92.5605 92.4302 90.4056 90.0434 88.9366 88.8839 83.4443 80.8143 77.5301 201.852 106.59 74.9063 74.7561 114.449 76.395 74.4067 73.315 72.6353 72.258 70.9999 70.6717
threshold=-0.31882283091545099 1.0000000180025095e-35 0.84523808956146251 1.0000000180025095e-35 48.834688186645515 99.206348419189467 -0.060845836997032159 99.80237197875978 74.133811950683608 3.5000000000000004 59.585212707519538 29.500000000000004 92.60501861572267 2.5000000000000004 23.500000000000004 9.5000000000000018 1.0000000180025095e-35 9.5000000000000018 1.0000000180025095e-35 1.0000000180025095e-35 98.192703247070327 0.5247064232826234 0.70710784196853649 97.309360504150405 97.22989654541017 4.5000000000000009 1.5000000000000002 6.5000000000000009 0.58957219123840343 94.716903686523452 84.237243652343764 1.0000000180025095e-35 1.0000000180025095e-35 96.019802093505874 57.795139312744148 109.50000000000001 0.19109106808900836 0.11805555596947671 98.219570159912124 93.03940582275392 1.5000000000000002 0.57938244938850414 20.500000000000004 0.98894992470741283 1.0000000180025095e-35 97.68778228759767 99.760765075683608 5.5000000000000009 28.500000000000004 1.5000000000000002 1.0000000180025095e-35 1.0000000180025095e-35 0.11882352828979494 1.5000000000000002 0.81534090638160717 98.830371856689467 4.5000000000000009 19.500000000000004 7.5000000000000009 87.226108551025405 2.5000000000000004 96.791351318359389
decision_type=8 2 2 2 2 2 8 2 2 2 2 2 2 2 2 2 2 2 2 8 2 8 2 2 2 2 2 2 2 2 2 2 2 2 2 2 10 2 2 2 2 2 2 10 2 2 2 2 2 2 2 2 2 2 2 2 2 2 2 2 2 2
left_child=9 2 5 59 6 10 45 11 46 -1 -2 13 48 15 57 17 -17 20 19 43 21 34 23 24 27 -19 -21 28 29 33 31 -29 -32 35 -6 -23 41 -38 39 40 -24 -14 -39 53 -30 -3 -9 -43 -12 51 -51 56 -5 54 61 -55 -41 -8 -33 -4 -56 -18
right_child=1 4 3 52 7 -7 14 8 -10 -11 12 -13 36 -15 -16 16 18 25 -20 26 -22 22 38 -25 -26 -27 -28 30 44 -31 32 58 -34 -35 -36 -37 37 42 -40 49 -42 47 -44 -45 -46 -47 -48 -49 -50 50 -52 -53 -54 55 60 -57 -58 -59 -60 -61 -62 -63
leaf_value=-0.03017625156435251 -0.050289723372835451 -0.090040587178179185 0.10532077058448237 -0.079072364889280114 -0.087699400741634723 0.10422971484272064 -0.0061006584809117489 0.11073863909609327 0.086094189940058297 -0.095918168867019676 0.021836761814555225 -0.045936074008896231 0.010364823212709186 -0.061006406084625153 -0.045734195403133726 -0.14611257936655761 -0.0032736115623910158 0.050532662446966026 -0.080200686987169492 0.17459411973332406 0.030268620442968304 -0.0012585356119492242 0.058269480801881393 0.059109602110591332 0.083321161355480192 0.0072570435357144124 -0.086806230525992567 0.020947165585195035 0.06404830864919818 0.076760792333278691 0.0095211776260162168 0.13549459639208206 -0.081387252814386968 0.12331545193016508 0.0035913910865274195 -0.055096850360929685 0.034615720300464448 -0.017827841898308383 0.032265944645743665 -0.017428360940451353 -0.074084850739019714 -0.017739658002341206 0.012824316575495815 0.042921526426199799 -0.020488183574526708 -0.018785905202875361 -0.07265683331568655 -0.071928965682326582 -0.037859022280964827 -0.051027869054749986 0.18328407881608622 -0.097595933782054306 0.089072799519098453 -0.059353396306192574 -0.0022651828236099187 0.12720660575447409 -0.049137567862419691 0.074896275997716963 0.022499317578955166 0.011172485523541158 -0.064835621353922943 0.053839539123730046
leaf_weight=433.09166302584345 396.13387040304951 778.13188610854559 86.567068114876747 26.907966015744023 371.81144141446566 199.4901751880534 383.93197277968284 32.878228223591577 448.03375009051524 2290.3156068053213 5641.0832084990107 643.02510833967244 820.82170686550671 312.12517049000598 585.2305930404691 167.98133629740914 805.2903314580326 1543.1766965762945 337.06641776498873 151.82975850388175 1717.7782269174932 14496.611798178696 264.74892086448381 593.59314801148139 316.17262503190432 1843.0074953294243 24.458482738642488 1608.2263994027744 129.5142179041286 365.97844463441288 1404.759962490527 219.45478222926613 215.61026023398153 72.754143222700804 202.40459483058657 376.48935264145257 1323.3284025629982 1715.0165179185569 330.39215248939581 2315.0020818047342 67.149094423861243 1131.1437480720924 2307.2454871209338 273.08786100137513 4640.9000687173684 226.05566127394559 134.6800300294999 379.50222317385487 236.27648045046953 94.357749015034642 60.23637539090123 232.16377799963811 1722.5825028265826 500.95264900586335 311.87481371930335 22.955468531697989 1087.7169126340887 157.63537200808059 76.796676994068548 1398.0678840326145 433.32071858318523 296.40172871097457
leaf_count=132731 75913 661400 1526 366 166369 19884 46881 452 23562 2667971 173976 73020 30042 19210 143407 2080 11797 26757 5303 1142 43678 374577 4176 5347 2510 84794 273 22375 4016 4469 16094 2306 2797 460 6870 49413 28245 47436 2698 26632 937 36712 67236 2125 59123 38081 3326 23244 18324 1433 358 3808 272754 9472 2954 196 17921 10446 1041 44495 5355 2952
internal_value=-0.000730077 0.00317734 0.0170914 0.0544335 -0.00262691 0.00855653 -0.04299 -0.000451716 0.0526787 -0.0854635 0.00718842 -0.00129192 0.00886825 -0.000542068 -0.0153541 -4.50593e-05 -0.0173711 0.0016178 -0.0105214 -0.00219331 -0.00112934 -0.00295499 -0.00191303 0.00137443 -5.81155e-05 0.0269789 0.138327 -0.00117482 -0.00441742 -0.000125614 0.0172994 0.0342092 -0.00257531 -0.00200833 -0.0555204 -0.00262137 0.000777138 0.00838481 -0.0200178 -0.0242092 0.0314918 -0.0166657 -0.000245185 -0.0115629 -0.0181931 -0.0740002 -0.036671 -0.031353 0.0194369 -0.0290877 0.0402699 -0.0320375 0.0864866 -0.0178389 -0.00838121 -0.0511791 -0.0275646 0.0174753 0.106203 0.0166621 -0.038649 0.0120922
internal_weight=61781.3 59057.9 17384.2 3234.13 41673.8 14150 2130.99 39542.8 615.592 2723.41 13950.6 38927.2 13554.4 38284.2 1126.8 37972 3325.22 34646.8 3157.24 2820.17 31260.6 29542.8 28968.6 24516.9 23923.3 3386.18 176.288 23607.1 20082.2 15311.8 3524.85 1904.48 1620.37 14945.9 574.216 14873.1 7677.06 5345.59 4451.77 4121.37 331.898 2331.47 4022.26 2643.88 4770.41 1004.19 167.558 1510.65 5877.36 3789.48 154.594 3634.88 1749.49 2370.8 1846.89 523.908 3402.72 541.567 296.251 1484.63 745.196 1101.69
internal_count=5635248 2834546 840153 319141 1994393 521012 900215 1094178 27340 2800702 501128 1066838 425215 993818 200734 974608 43649 930959 41569 36266 819408 775730 602491 544528 539181 111551 1415 536671 492058 428919 44613 25722 18891 424450 173239 423990 232915 142917 57963 55265 5113 89998 114672 34851 63139 699481 3778 59956 192300 50152 1791 48361 273120 32726 23058 9668 44553 57327 3347 46021 8309 14749
is_linear=0
shrinkage=0.1


Tree=53
num_leaves=63
num_cat=0
split_feature=44 11 26 11 41 43 41 12 12 14 9 41 41 17 37 11 7 10 17 17 20 21 26 9 7 42 8 34 34 29 26 2 10 13 42 20 9 32 25 17 43 7 29 7 20 21 3 7 4 3 3 21 17 21 28 37 43 17 0 20 9 14
split_gain=1016.15 759.524 446.426 705.12 255.251 184.593 142.042 445.633 221.599 164.398 194.466 227.547 157.435 159.959 147.506 161.068 160.467 138.577 130.238 123.924 119.25 118.381 106.404 111.602 105.614 104.298 132.961 98.3785 95.9771 208.781 97.2891 91.4894 89.5963 88.4148 92.0025 85.8686 85.0574 82.5866 74.7434 72.7454 71.5644 71.5387 92.0017 374.777 111.041 97.4255 99.8185 73.381 91.8543 107.277 72.5453 69.653 69.5119 114.202 69.2679 67.8126 74.1778 67.6538 67.3959 86.5929 68.75 67.0882
threshold=0.85014969110488903 45.222154617309577 0.88194444775581371 99.275363922119155 0.45000000298023229 0.39464733004570013 1.0000000180025095e-35 46.049896240234382 88.273490905761733 0.44949495792388922 93.063350677490249 0.63333335518836986 0.76388889551162731 5.5000000000000009 -27.495515823364254 94.804317474365249 1.0000000180025095e-35 84.660633087158217 17.500000000000004 7.5000000000000009 50.153373718261726 0.048809524625539787 0.23611111193895343 66.287876129150405 1.0000000180025095e-35 0.91476997733116161 1.0000000180025095e-35 8.5000000000000018 2.5000000000000004 1.0000000180025095e-35 -1.0000000180025095e-35 0.99996608495712291 89.699382781982436 99.206348419189467 0.99382716417312633 82.940685272216811 96.824596405029311 6.5000000000000009 2.5000000000000004 4.5000000000000009 0.47089621424674993 51.500000000000007 1.0000000180025095e-35 1.5000000000000002 46.827678680419929 0.30602006614208227 22.500000000000004 17.500000000000004 1.0000000180025095e-35 38.500000000000007 45.500000000000007 0.41885964572429663 5.5000000000000009 0.98275861144065868 1.0000000180025095e-35 15.735805511474611 0.82870009541511547 12.500000000000002 0.86401242017745983 95.093433380126967 40.862709045410163 0.18333333730697635
decision_type=2 2 2 2 8 8 10 2 2 2 2 10 10 2 2 2 2 2 2 2 2 2 2 2 2 2 2 2 2 2 2 2 2 2 2 2 2 2 2 2 8 2 2 2 2 2 2 2 2 2 2 2 2 2 2 2 10 2 2 2 2 2
left_child=1 4 5 24 27 21 8 61 35 10 11 18 54 14 -14 -16 20 25 51 -13 -17 -2 23 -3 33 -15 -27 -1 29 38 -31 -24 -22 34 58 -7 -30 -12 -18 -34 -25 42 43 50 -44 46 -45 48 49 -48 -38 -9 -5 -54 57 56 -32 -11 59 -4 -60 -8
right_child=2 22 3 52 -6 6 7 9 -10 12 37 19 13 17 15 16 28 -19 -20 -21 32 -23 31 40 -26 26 -28 -29 36 30 55 -33 39 -35 -36 -37 41 -39 -40 -41 -42 -43 44 45 -46 -47 47 -49 -50 -51 -52 -53 53 -55 -56 -57 -58 -59 60 -61 -62 -63
leaf_value=-0.001941791392729874 -0.10120969748835218 -0.049662452617980579 0.019205421042393457 0.091537819129246675 -0.094270724370267622 0.040017187727254239 -0.082271574624373275 0.074429183497789028 0.092005783977847228 0.090969155669330864 -0.09847837136086092 -0.01569755178771913 0.047287054603893861 -0.037106254316096605 -0.032344888396077819 -0.0054856930403825695 -0.32779005108967452 -0.043404630417357003 -0.12046323182954083 -0.062689749096743297 0.073368288926717151 0.0044012565102676702 0.02183565478371564 -0.077061638572678171 -0.060524618707797087 0.088220603907562534 -0.0023562862625239669 -0.061285410899884742 -0.076858049782958737 -0.057006714828618334 -0.023644961643609904 -0.044654618956252862 0.034992050838652304 0.10285034478292049 0.073185087173650507 0.0014174802750335403 0.070430534794061306 -0.010995513736266626 0.090722574896013264 -0.062681528088829749 -0.005582673405314824 -0.029857541846785664 -0.095065503601664589 -0.010398490691272903 -0.0020602532902760417 0.088130548435264078 0.04897214845302527 0.0021126231067493634 -0.014785978535675919 0.18152251396931471 0.28902437717566543 0.012838552929580247 -0.018114638805721447 0.084128939512673362 0.022543063302208302 -0.0422191793197692 0.02535940068334926 -0.054119043684414239 -0.0032898344999311743 -0.0060394001138280662 0.077007060666077792 0.13862037554961956
leaf_weight=508.19539335917216 290.89352063462138 913.07418599171797 2494.888492115133 1376.8345289321151 1958.4844919464085 783.4311174727045 714.19983481266536 199.53313057991909 387.82824055035599 271.01914844458224 362.89926635712618 2737.1365801021457 818.48061902471818 850.75199055054691 1153.2956004402949 588.5232355085318 4.3135204454883924 1171.1494797256892 70.08553907671012 705.91358909162227 709.03813984547742 167.10715367476223 1345.6386110961321 147.92248115042457 204.69423797854688 168.91628290474182 3995.5946521224687 620.36138183029834 141.72464591823518 204.46261033788323 357.66389449057169 244.55478941212641 678.4433703563991 106.39904741337523 228.41423510591267 2180.0771340824431 818.21581673185574 153.57788610929856 398.48488394124433 85.907396907277871 2638.0985194173991 722.98278096958529 129.94479534577113 3219.8276557680801 10600.646559078887 127.82616457040422 399.01289463695139 913.48571063106647 179.64232344273478 72.089506589516532 15.469180865213273 2301.7749154038029 171.27383403060958 301.64461590023711 1867.911963131628 196.57096778508276 2265.1429948033765 36.462555029545911 174.5152620212175 2983.7011719209841 274.11146515421569 14.019378457334822
leaf_count=88239 284649 253375 71304 270305 2133298 34682 586901 4036 9184 5015 2875 101217 11936 22852 30330 14690 142 38552 1932 103941 8908 18671 40084 109124 55061 6075 147893 305750 13995 1518 2728 5429 7947 15880 9472 76792 22537 1427 40463 1269 148246 57694 41234 24323 100176 4260 4929 49587 1140 2218 189 29796 15879 41018 22917 1704 28165 370 3670 85864 11059 332
internal_value=-0.000679828 -0.0330268 0.0044764 0.025733 -0.0724427 0.000479702 0.0011405 -0.000499718 0.020924 0.000922441 -0.0135795 -0.00852283 0.00377836 0.00195279 0.00554113 0.00411643 0.00595838 -0.0124328 0.0139846 -0.0253322 0.0325658 -0.0626762 -0.0100221 -0.0193216 0.0101598 -0.00520034 0.00131759 -0.0345626 0.00331665 0.0186097 0.00960068 0.0116102 0.0477649 0.0124704 0.0109081 0.0116217 0.000294679 -0.0724648 0.0862408 0.0240143 -0.00937782 0.000930434 0.00228143 0.0124935 -0.00318652 0.00197156 -0.000330535 0.0203934 0.0460552 0.0692554 0.0744866 0.0177517 0.0801766 0.0471 0.0297829 0.0144311 0.0186768 0.0737639 0.00850821 0.00545681 0.0457717 -0.0780191
internal_weight=60924.3 8376.33 52548 8316.48 3087.04 44231.5 43773.5 40422.1 3351.34 39693.9 6530.92 6014.44 33163 30987.6 24801.2 23982.7 22829.4 6186.41 2571.39 3443.05 2061.91 458.001 5289.29 3699.1 6466.72 5015.26 4164.51 1128.56 20767.5 3426.64 3023.84 1590.19 1473.39 6262.03 6155.63 2963.51 17340.9 516.477 402.798 764.351 2786.02 17199.1 16476.2 5745.57 10730.6 4911.88 4784.06 1564.23 650.745 471.102 833.685 2501.31 1849.75 472.918 2175.39 2819.38 2622.81 307.482 5927.22 5478.59 448.627 728.219
internal_count=5635248 3083545 2551703 579512 2527287 1972191 1668871 1548213 120658 960980 245224 240922 715756 687454 472082 460146 429816 215372 35764 205158 32814 303320 556258 510745 252310 176820 153968 393989 397002 74720 34115 45513 18124 197249 181369 111474 322282 4302 40605 9216 257370 308287 250593 109183 141410 86457 82197 57874 8287 7147 22726 33832 327202 56897 28302 32597 30893 5385 171897 157168 14729 587233
is_linear=0
shrinkage=0.1


Tree=54
num_leaves=63
num_cat=0
split_feature=31 21 11 36 17 41 12 12 28 30 42 24 43 29 24 20 10 41 41 21 31 21 32 14 14 29 3 13 10 19 24 21 21 20 19 18 20 28 19 30 29 21 24 21 41 17 24 31 17 14 17 39 12 42 32 39 9 24 2 17 18 19
split_gain=1655.08 363.507 543.862 349.666 178.257 231.169 267.486 194.331 215.732 169.3 203.83 163.606 158.512 149.735 138.894 135.789 129.352 123.553 123.37 117.232 109.803 106.353 100.51 98.6651 94.2924 92.6505 86.9608 86.2196 89.9143 84.7587 93.7623 120.862 98.0228 99.4679 110.97 153.53 151.513 128.375 107.612 105.699 97.1118 93.2121 83.4136 89.0331 83.0555 118.029 109.165 104.675 100.067 119.114 76.6555 76.1706 71.7533 72.6113 70.6112 68.8286 68.7318 81.1302 72.7579 81.9426 68.1841 67.1293
threshold=-0.31882283091545099 0.98275861144065868 99.275363922119155 23.500000000000004 8.5000000000000018 1.0000000180025095e-35 95.916667938232436 43.951219558715827 1.0000000180025095e-35 -1.0000000180025095e-35 0.98213714361190807 7.5000000000000009 0.9783390760421754 1.0000000180025095e-35 7.5000000000000009 99.80237197875978 56.294013977050788 0.63333335518836986 0.53571429848670971 0.47913043200969702 -0.085241213440895067 0.21980676054954532 3.5000000000000004 0.18333333730697635 0.93750000000000011 2.5000000000000004 3.5000000000000004 84.028984069824233 25.176055908203129 98.706874847412124 12.500000000000002 0.85357144474983226 0.77097901701927196 97.45212554931642 97.448913574218764 92.601715087890639 94.513019561767592 1.5000000000000002 97.448913574218764 1.0000000180025095e-35 1.5000000000000002 0.84807693958282482 7.5000000000000009 0.11882352828979494 0.84523808956146251 14.500000000000002 7.5000000000000009 0.39746910333633428 10.500000000000002 0.61250001192092907 18.500000000000004 1.0000000180025095e-35 78.830558776855483 0.32305501401424414 3.5000000000000004 1.0000000180025095e-35 80.178569793701186 7.5000000000000009 0.4325492531061173 10.500000000000002 68.096607208251967 97.833908081054702
decision_type=8 2 2 2 2 10 2 2 2 2 2 2 8 2 2 2 2 10 8 2 8 2 2 2 2 2 2 2 2 2 2 2 2 2 2 2 2 2 2 2 2 2 2 2 10 2 2 10 2 2 2 8 2 2 2 10 2 2 2 2 2 2
left_child=12 3 14 4 7 11 17 18 9 13 20 52 -1 21 22 25 -17 50 26 -5 61 -9 -3 -20 -19 29 -2 28 -24 30 32 -32 33 34 35 36 51 -37 55 40 60 -31 43 -12 45 46 48 56 49 -8 -7 -10 53 -6 -14 -35 57 58 -46 -60 -38 -11
right_child=1 2 -4 19 5 6 44 8 15 10 42 -13 54 -15 -16 16 -18 24 23 -21 -22 -23 27 -25 -26 -27 -28 -29 -30 41 31 -33 -34 38 -36 37 39 -39 -40 -41 -42 -43 -44 -45 47 -47 -48 -49 -50 -51 -52 -53 -54 -55 -56 -57 -58 -59 59 -61 -62 -63
leaf_value=-0.097513490218424828 0.023425886053897896 -0.05947489676737782 0.093261450085246111 -0.077229511437107809 0.060471876696020437 -0.013833508024415356 0.1192993746010443 -0.0061243257254549139 0.10753090862464065 0.14133982372218093 -0.15613947812050644 -0.011070743087273145 -0.0077955755410997031 -0.021638195123089669 0.04420542193675215 -0.043366103990425453 0.083735331580373135 -0.081896560780839164 -0.096427867765082775 -0.020048583912845783 0.012737511174897199 0.071601825737495031 0.036940964152445153 0.16933332456604011 0.10047417737894536 -0.057182223329456022 -0.037959135518785062 0.039567968108514526 -0.014822996515884391 0.043182497359073632 0.03145896207049708 -0.060546850124784279 -0.03046032741808509 0.03989206948376306 0.032890828387987479 -0.023461037373769523 -0.085052770121099977 0.07524411294025754 -0.030015352416412622 -0.068042287020087244 -0.023251904749771547 -0.022209538172676208 0.035933550064318698 0.082519373258831907 -0.015774048730857648 -0.062961757596900647 0.10440650675891557 -0.045281686642034462 0.11140350045528657 -0.046315314907500071 -0.12875334437442906 -0.0011319604491760492 0.11317691390039811 -0.012384634931180047 -0.080738063444966951 0.21706810195751913 -0.036265182875372136 -0.027365878872539558 0.0090139824878884191 0.069144999480466998 0.063181941605839467 0.021794124924274256
leaf_weight=1787.4950203862973 362.7545893311617 255.55947866034694 1033.6306456224993 710.9052808447741 443.30325693479972 691.08146368688904 53.278393878077623 340.73914999805856 64.697783974639606 109.60119451122591 15.922917283023706 801.04611546132946 338.34712673991453 1535.4499411298311 968.07180425152183 102.95580165466527 360.21354681940284 1002.0964399438235 328.69131091504823 723.38621170946863 4206.9746182006202 364.20891432149801 427.06884752510814 14.589550670469178 29.176329105219338 271.7986402787501 634.3402490071021 597.79578034393489 1566.1050159960287 912.02860980719561 1574.1503431347082 157.01950555073563 1075.6255590746296 915.1070023245411 938.99428288574563 3887.1711749269161 32.17186909209704 136.38826346886344 247.33651676558657 90.034429022634868 175.99679753149394 286.44623664976098 1013.6230945367133 853.65557694144081 441.7071505736094 127.34001761768013 193.7711715126643 816.88642612798139 78.910299421637319 234.87719564774306 63.365461245528422 22191.587145832833 158.25764087651623 197.84482886258047 218.36280949797947 22.464223370421678 520.01235230441671 562.0168169925455 558.01840242982144 381.61086700425949 874.35142772243125 82.202715490944684
leaf_count=2567878 29961 6486 200455 282225 30337 35150 1289 11872 1429 9596 224 27905 46883 20238 35131 3550 22051 268569 275481 98633 104117 13307 12221 588 472 18921 97808 26150 51737 36021 36491 1481 10405 7263 8646 44887 1037 1047 2171 940 1906 7653 58163 90646 39632 3078 3348 19906 1942 4597 4701 656677 2925 9335 185941 115 24521 24867 17370 13055 10670 3147
internal_value=-0.000629185 0.00271066 0.0289194 0.000311742 0.00166722 -0.0127475 -0.0220976 0.00406686 0.00524002 0.01948 0.0278971 0.0208692 -0.0830016 -0.00412121 0.0114849 0.00170358 0.0554825 -0.0542388 -0.0334277 -0.0483903 0.016111 0.0340326 0.000356981 -0.0851329 -0.076737 0.000967792 -0.0156266 0.00625848 -0.00373175 0.00143844 0.000471951 0.0231139 -0.000806829 0.000271604 -0.000913123 -0.00206937 0.00102974 -0.0201152 0.0286587 0.0360653 0.044724 0.0275532 0.0554269 0.0781493 -0.00763464 0.0239502 0.0436839 -0.0142609 0.0116288 -0.0156941 -0.0234855 -0.000816084 0.0528746 0.0379899 -0.0364064 0.0441372 -0.00397403 0.0046666 0.0176995 0.0334349 0.0579212 0.0901053
internal_weight=60160.6 57816.4 4848.23 52968.2 51533.9 7354.6 5754.15 44179.3 42838.9 8522.38 6281.98 1600.45 2344.2 2240.4 3814.6 34316.5 463.169 1785.72 1340.38 1434.29 4398.78 704.948 2846.53 343.281 1031.27 33853.4 997.095 2590.97 1993.17 33581.6 32383.1 1731.17 30651.9 29576.3 28391.4 27452.4 23428.8 4023.56 1184.91 1172.55 1082.52 1198.47 1883.2 869.578 3968.43 688.177 560.837 3280.25 367.066 288.156 754.447 22256.3 799.406 641.148 556.71 937.571 2463.37 1943.35 1381.34 939.629 906.523 191.804
internal_count=5635248 2834546 332180 2502366 2121508 532999 462497 1588509 1184671 311310 265893 70502 2800702 45417 131725 873361 25601 308892 403838 380858 116860 25179 96594 276069 269041 847760 127769 90108 63958 828839 785165 37972 747193 736788 727239 718593 672659 45934 9549 14553 13613 43674 149033 90870 153605 14254 11176 139351 7828 5886 39851 658106 42597 39672 232824 7378 119445 94924 70057 30425 11707 12743
is_linear=0
shrinkage=0.1


Tree=55
num_leaves=63
num_cat=0
split_feature=31 0 1 28 14 30 41 14 41 43 9 14 41 14 20 36 14 25 19 20 10 24 11 45 35 14 37 42 41 41 24 20 44 0 31 21 0 29 42 31 11 10 29 10 21 32 42 14 14 21 11 9 25 27 9 32 37 41 26 14 10 10
split_gain=1466.42 320.962 297.574 217.434 237.17 258.947 236.054 221.743 166 161.505 151.985 150.269 333.097 310.551 236.795 149.193 135.198 119.974 112.377 119.206 110.377 162.026 106.068 102.268 97.0316 96.3432 137.265 96.1705 94.6518 105.131 92.3902 91.9156 103.973 89.0349 154.127 124.458 89.5621 84.0143 83.6822 78.4098 77.8738 96.1122 77.0766 76.6239 93.7227 76.2885 75.7768 103.493 72.3575 71.5689 71.3337 66.7225 68.0016 66.4143 64.9258 64.7707 63.9128 63.6051 63.6977 63.0642 69.0654 61.7513
threshold=-0.31882283091545099 0.99999997019767772 28.500000000000004 1.0000000180025095e-35 0.84523808956146251 1.0000000180025095e-35 0.88194444775581371 0.43650794029235845 0.35416667163372045 0.9783390760421754 93.40579986572267 0.44949495792388922 0.63333335518836986 0.31666667759418493 99.80237197875978 6.5000000000000009 0.34848485887050634 8.5000000000000018 99.760765075683608 96.881942749023452 71.89255523681642 6.5000000000000009 74.133811950683608 0.465475544333458 5.8914871215820321 0.31666667759418493 -27.984675407409664 0.17445652186870578 0.80909091234207164 0.73214286565780651 6.5000000000000009 80.604629516601577 0.70620203018188488 0.4615634977817536 0.22482423484325412 0.3514705896377564 0.70274078845977794 1.0000000180025095e-35 0.89512962102890026 0.20798033475875857 83.457714080810561 75.147060394287124 1.0000000180025095e-35 60.660173416137702 0.28801843523979193 6.5000000000000009 0.82446309924125682 0.27922078967094427 0.2264957278966904 0.93933823704719555 43.557312011718757 25.176055908203129 3.5000000000000004 1.5000000000000002 86.70682525634767 3.5000000000000004 -56.248792648315423 0.86607143282890331 0.73214286565780651 0.36931818723678594 62.575302124023445 90.595520019531264
decision_type=8 2 2 2 2 2 10 2 8 8 2 2 8 2 2 2 2 2 2 2 2 2 2 2 2 2 2 2 8 10 2 2 2 2 8 2 2 2 2 10 2 2 2 2 2 2 2 2 2 2 2 2 2 2 2 2 2 10 2 2 2 2
left_child=9 2 3 4 6 54 7 8 15 -1 20 12 31 28 18 -2 17 22 24 -20 21 46 50 -8 57 27 42 -25 29 -14 -31 32 -5 35 36 53 49 -36 -22 -29 41 -9 56 -4 -45 -12 47 -10 -23 -35 -15 52 -37 -17 -6 -11 -27 -13 -59 60 -49 -21
right_child=1 -3 43 11 5 -7 23 40 10 55 45 14 13 16 -16 33 -18 -19 19 61 38 48 -24 25 -26 26 -28 39 -30 30 -32 -33 -34 34 37 51 -38 -39 -40 -41 -42 -43 -44 44 -46 -47 -48 59 -50 -51 -52 -53 -54 -55 -56 -57 -58 58 -60 -61 -62 -63
leaf_value=-0.097208200685092117 0.057687609951503904 0.094947977267040296 -0.074194618795880893 -0.02952328841175933 0.099725445042768091 0.078913833429310673 -0.10544571212137054 -0.26456697037293203 -0.053414316199572091 -0.0070698602587913927 -0.098727811532267923 0.017572208556067087 -0.056754651398811952 0.252478509627238 0.092865206189492136 -0.055373789457042834 -0.065932687951660629 -0.043059067785663617 0.063548225853923807 -0.70516221274679625 0.041215855212087503 0.026419174309264555 -0.026728726284553334 0.057366556838243744 -0.066608335013276967 0.13126012471007523 -0.015347313699266006 -0.070890557706194804 -0.089978113790008168 -0.067430062478304895 0.1658859225976429 -0.0054577317592275701 0.036333030611274734 -0.026919366444922006 0.059711711719971951 -0.1033524711396008 -0.052599971186064159 0.0031390807974868598 -0.022063537614535778 -0.0078759280481780457 0.072609262627762891 0.052549550793309911 -0.00035529877667633326 -0.06137221832275163 0.02297373305788087 0.0020571657674597048 0.052528556831774723 -0.31782615470902065 -0.043688012031357942 0.039441785723846594 0.032796299680637762 0.040134256979910236 0.12064572158212916 0.067101238611498124 0.0078206427347181848 -0.07866953310162339 0.032251034828882627 7.5363003367131013e-05 -0.10423067707455597 0.0098213685375628315 -0.11841430788812156 -0.024866481579454675
leaf_weight=1622.2216575301718 1058.894663152867 372.81856995075941 586.12659658276243 296.60123432916589 81.639114518882707 1050.3767513730563 105.92111046344507 15.545682623516766 328.22383288963465 335.9051523093367 243.98082341067493 2183.8443219785695 307.54505676095141 15.056448916031512 285.12393487384543 172.4628100732225 383.43996192206396 468.8041117649409 359.02552072517574 3.0615321779623619 842.06669503229205 610.5301569502335 385.81819174671546 99.573835126007907 212.94899720512331 70.142308952636085 2598.5714187916601 512.52814487263095 993.42968984821346 27.339507595170289 44.756905778718647 3585.9220046700211 1250.3035676079453 360.22563328564866 521.0955066550523 14.502959274977909 518.01798817026429 528.9902192633599 277.96701050619595 321.22258145315573 838.54263302707113 24.811316132545471 972.63622553710593 280.047584922635 248.76165827590739 108.50639134086668 49.177797367272433 34.545583890634589 193.99520908726845 296.10340079339221 808.06930349580944 505.28689350705827 206.87306451564655 59.56866334908409 1315.051799072884 202.51789534563432 925.0424386030063 28193.536025656736 58.668841649778187 14.793710919213479 34.929929566336796 2.3650295655243099
leaf_count=2567878 38085 89303 243015 75398 1546 187186 2818 366 17954 46883 3023 26489 39598 821 20420 19176 28617 6395 29711 64 19373 23586 16773 8818 2645 1976 70179 108877 575116 11295 7397 140414 70207 6939 22204 205 7135 3746 6269 3339 48881 880 8058 35813 3408 1820 2252 421 3794 4652 32068 12192 3584 3147 41762 185941 27885 665822 711 330 401 187
internal_value=-0.000585783 0.00246551 0.00185947 0.00288197 0.0127644 0.0414027 0.00755992 0.0187417 0.0127817 -0.0814572 -0.00641011 -0.0010626 -0.0127975 -0.0369038 0.0021495 0.0251722 -0.0123603 -0.000116575 0.0013155 0.056517 0.00264391 -0.0175838 0.0165357 -0.00811794 0.00065909 -0.00624347 -0.000259768 -0.0355194 -0.0737475 -0.0312758 0.0774107 0.00333143 0.0237058 0.0143557 0.00337619 0.0398312 -0.0215149 0.0312127 0.0255113 -0.0466127 0.0660791 -0.069605 0.0196638 -0.049294 -0.0216943 -0.0677031 -0.0648059 -0.0787947 0.00951423 0.00301952 0.0368147 0.0601912 0.105971 -0.0239312 0.0131926 -0.0340008 0.0392294 0.00112973 -0.00014124 -0.17765 -0.217569 -0.408673
internal_weight=59426.4 57265.8 56892.9 55778 15912.3 2447.07 13465.3 7859.64 6980.74 2160.64 2738.72 39865.7 8567.09 3434.26 31298.6 4242.02 2061.19 1677.75 31013.5 364.452 2386.23 1266.2 1208.94 5605.64 30649 5499.72 4566.39 933.325 1373.07 379.641 72.0964 5132.83 1546.9 3183.13 2224.43 958.694 1174.35 1050.09 1120.03 833.751 878.9 40.357 1967.82 1114.94 528.809 352.487 461.671 412.493 804.525 656.329 823.126 726.663 221.376 232.031 1396.69 538.423 995.185 30436 28252.2 84.2692 69.4755 5.42656
internal_count=5635248 2834546 2745243 2463007 712859 230494 482365 250415 200288 2800702 79223 1750148 1004099 718080 746049 121065 84674 56057 725629 29962 74380 48738 49662 231950 695667 229132 108098 121034 633406 58290 18692 286019 145605 82980 44676 38304 18726 25950 25642 112216 50127 1246 37919 282236 39221 4843 21358 19106 27380 11591 32889 15981 3789 22323 43308 232824 29861 693022 666533 1152 822 251
is_linear=0
shrinkage=0.1


Tree=56
num_leaves=63
num_cat=0
split_feature=31 0 1 11 41 45 34 42 29 41 43 21 35 1 21 43 42 31 38 3 13 17 24 19 26 29 24 27 35 38 26 40 21 24 43 7 35 10 7 8 3 31 6 45 3 31 26 3 40 29 29 32 3 29 43 21 3 6 0 27 21 43
split_gain=1297.58 289.161 264.161 248.627 213.327 186.14 166.566 245.042 343.174 179.022 163.803 163.058 174.241 159.938 146.723 117.833 108.697 104.642 102.067 148.001 99.2523 97.7978 94.3918 87.5862 85.1983 79.0994 78.3895 75.9353 73.5927 72.4688 68.4447 141.84 85.9258 109.08 68.6287 87.2641 93.8279 114.974 145.345 125.446 85.9198 79.253 77.5583 65.0711 63.4393 62.9276 61.3933 60.3925 60.2542 71.042 67.7079 59.0808 57.2234 57.1615 55.7997 78.9066 55.1703 60.2162 53.4268 81.4251 59.5971 52.637
threshold=-0.31882283091545099 0.99999997019767772 9.5000000000000018 43.27110671997071 0.53571429848670971 0.48723213374614721 2.5000000000000004 0.97726097702980053 1.0000000180025095e-35 0.35416667163372045 0.9783390760421754 0.12701612710952762 -96.747753143310533 1.5000000000000002 0.70710784196853649 0.9734981656074525 0.97498434782028209 -0.1369587033987045 33.500000000000007 4.5000000000000009 91.945945739746108 5.5000000000000009 8.5000000000000018 93.295883178710952 -1.0000000180025095e-35 1.5000000000000002 5.5000000000000009 1.5000000000000002 -39.99999809265136 21.500000000000004 0.095454547554254546 1.0000000180025095e-35 0.41885964572429663 7.5000000000000009 0.92872086167335521 1.5000000000000002 -96.747753143310533 97.825057983398452 1.0000000180025095e-35 7.5000000000000009 24.500000000000004 -0.16777454316616056 1.0000000180025095e-35 0.88673365116119396 17.500000000000004 0.47627118229866033 0.63068181276321422 6.5000000000000009 1.0000000180025095e-35 1.0000000180025095e-35 1.0000000180025095e-35 3.5000000000000004 6.5000000000000009 1.5000000000000002 0.93557819724082958 0.86811593174934398 17.500000000000004 1.0000000180025095e-35 0.34066767990589147 1.5000000000000002 0.35388994216918951 0.98255756497383129
decision_type=8 2 2 2 8 2 2 2 2 8 8 2 2 2 2 10 2 10 2 2 2 2 2 2 2 2 2 2 2 2 2 10 2 2 10 2 2 2 2 2 2 8 2 2 2 10 2 2 10 2 2 2 2 2 10 2 2 2 2 2 2 10
left_child=10 2 5 4 16 45 7 9 -9 20 -1 12 56 -10 15 25 18 -13 19 28 21 -7 -14 53 -15 30 -17 -27 -4 -11 31 34 33 -32 35 36 37 38 40 -39 41 -8 -37 -25 -38 -2 -31 -19 49 -35 -50 -12 -24 -16 -26 -56 -5 -58 59 60 -30 -28
right_child=1 -3 3 11 -6 6 14 8 13 29 51 17 22 24 23 26 -18 47 -20 -21 -22 -23 52 43 54 27 61 -29 58 46 32 -33 -34 48 -36 42 44 39 -40 -41 -42 -43 -44 -45 -46 -47 -48 -49 50 -51 -52 -53 -54 -55 55 -57 57 -59 -60 -61 -62 -63
leaf_value=-0.096872551342421939 -0.022498426472402515 0.094213783614958274 -0.081806186259331809 0.0056220347490724826 -0.09121782838275326 -0.0031667780555639392 0.22634556484295476 0.077123479563769401 0.0016004507230998348 -0.013197850904880513 -0.0064071446160326607 0.066509123093029268 -0.081936704780422684 -0.021622776178936997 0.036200013503034957 0.0096117541454510576 0.17863565148775712 0.0068108727760134748 -0.064488620781661121 -0.046490582780807393 0.1006746197583544 0.034679872585002151 0.044006447936100104 -0.0031527328563453871 0.025864751080880256 -0.011475069041348016 0.0077821335671865348 -0.087225551894291264 -0.024083077751122419 -0.0073954395637041955 0.0050360009633740087 0.19079893246492549 0.008434212521867223 -0.024233869221073047 -0.012330670406113152 -0.051755492004198426 0.0069172628882964889 0.077372559234568553 -0.06587660199158886 -0.26475194454351153 -0.025343260143391069 0.035252971898941214 -0.0012726035949469354 -0.024390543708665099 -0.048165672203241888 -0.080238781494023956 0.020950303849556401 -0.029325649928387661 0.074477504373408332 0.12330715136569484 -0.028042717300774622 -0.07647033120003148 -0.071003045996906822 -0.05499121810794888 0.08294408049051949 -0.0044068492447827713 -0.047869892496827805 -0.004119873151876419 -0.015882375199068446 0.16453153810902793 0.07722932942667543 0.065021076772138073
leaf_weight=1472.681995651481 997.07842267787782 339.83931941911578 50.30439496319741 1245.5475409592618 647.67274705355521 1069.721629797481 22.119008271023631 1283.2052726041875 2401.3257380205323 3688.4597779511241 333.70566838793457 273.32618583145086 610.9410083758994 174.77213895577006 532.58913507370744 926.78665840247413 26.483605013345368 4263.4842034658068 460.26015857630409 475.41217793192482 165.0330939788837 1887.5028862664476 112.88536091736751 2516.3593247527024 475.65564016171265 1327.6129849738209 211.42370880511589 146.98578753875336 91.227403020893689 1443.8404231304885 461.20700080262031 39.549026049207896 3827.3279381125467 37.705726439249702 3014.1272807892528 321.35708025062922 3684.2047513149446 517.90527648478746 188.80385847511934 10.943811222910879 253.44427280244417 1155.135144214204 5742.5498389427084 3381.1533472602605 221.66569676465588 232.82131010340527 1622.9909545723349 518.74765410309192 180.73347478575306 242.69704455917235 100.0987153116148 188.25125404907158 70.143804569030181 78.924428244703449 661.18732265784638 122.58705258334521 576.72067579923896 692.17939614289207 104.50423959072214 66.938198030344211 159.71765346522443 669.12484457786195
leaf_count=2567878 27784 89303 19570 39516 578319 20261 2372 202176 28316 107530 46883 34282 178673 1326 17754 17136 346 66631 105272 105364 17232 33866 14264 48779 5154 57539 3517 3544 16250 38099 22193 382 103203 3501 52107 51350 121134 10468 20135 76 13820 14267 127042 74252 62046 5687 60740 11825 9734 4859 1654 185941 20246 1766 10742 1591 67312 43992 6541 2309 16066 13331
internal_value=-0.000535651 0.00224706 0.00169375 -0.0126626 -0.0435798 0.0049513 0.00600474 0.0146012 0.0323583 0.00539911 -0.079812 -0.00496461 -0.0222245 0.0173818 0.00168057 0.0053882 -0.0220766 0.00633048 -0.0258509 -0.00709403 0.0252015 0.0209895 -0.0630644 -0.0115934 0.0438048 0.00332633 0.0299118 -0.0190258 0.0325292 -0.00375342 0.00497257 0.00166688 0.015314 0.0410671 0.00117257 0.00453121 0.0130239 0.0298098 0.0165901 0.0702928 0.0274729 0.0388433 -0.00394795 -0.0153288 0.0037912 -0.0334287 0.00760535 0.002891 0.0706764 0.103467 0.0379356 -0.0316764 -6.96065e-05 0.0244305 0.0528843 0.0692819 -0.00932878 -0.0240044 0.0461461 0.0665379 0.0403987 0.0512777
internal_weight=58819.7 56825.1 56485.2 10446.5 2082.52 46038.7 44808.8 14996.3 5118.73 9877.55 1994.64 8363.98 3308.42 3835.53 29812.5 23303.5 1434.85 5055.56 1408.36 948.104 3122.26 2957.22 793.97 6509.03 1434.2 21496.2 1807.34 1474.6 472.692 6755.29 20021.6 15171.8 4849.77 1022.44 15132.3 12118.1 6054.22 2148.35 1619.5 528.849 1430.7 1177.25 6063.91 5897.51 3905.87 1229.9 3066.83 4782.23 561.235 280.403 280.832 521.957 183.029 611.514 1259.43 783.774 2514.45 1268.9 422.387 317.883 250.945 880.549
internal_count=5635248 2834546 2745243 1326778 850037 1418465 1384994 527033 249305 277728 2800702 476741 364003 47129 857961 715410 271718 112738 271372 166100 71359 54127 213183 142551 18813 681426 33984 61083 60736 206369 620343 475199 145144 41941 474817 422710 244318 61138 50594 10544 30459 16639 178392 123031 183180 33471 98839 78456 19748 8360 11388 232824 34510 19520 17487 12333 150820 111304 41166 34625 32316 16848
is_linear=0
shrinkage=0.1


Tree=57
num_leaves=63
num_cat=0
split_feature=31 1 36 21 11 34 45 3 7 24 45 20 33 24 20 43 34 32 24 27 27 40 28 42 29 3 41 34 14 28 20 13 33 36 7 1 34 14 30 29 29 29 43 35 39 1 30 29 29 37 40 39 31 12 2 7 31 32 28 35 31 13
split_gain=1150.49 254.455 263.557 221.215 425.097 173.548 151.963 136.35 123.497 121.958 109.349 134.51 115.584 94.9566 101.01 92.277 92.1957 90.8279 79.3318 69.6285 69.0675 123.776 108.884 73.933 130.085 64.2897 65.3525 84.1339 65.0935 61.0858 63.0186 57.1839 68.987 55.6045 55.1233 54.7813 137.655 110.552 53.1788 132.225 72.2988 56.1751 53.0049 52.7115 49.9768 49.8771 64.4511 66.7908 52.5125 52.4985 53.6349 81.9806 49.2826 63.1537 48.0014 47.5518 47.464 47.2861 47.2046 46.8952 60.9082 68.2115
threshold=-0.35399240255355829 9.5000000000000018 11.500000000000002 0.98275861144065868 99.275363922119155 7.5000000000000009 0.39515814185142523 5.5000000000000009 14.500000000000002 7.5000000000000009 0.92710301280021679 84.635734558105483 1.0000000180025095e-35 7.5000000000000009 83.087757110595717 0.48299005627632147 4.5000000000000009 4.5000000000000009 6.5000000000000009 1.0000000180025095e-35 1.0000000180025095e-35 1.0000000180025095e-35 1.5000000000000002 0.97999200224876415 1.0000000180025095e-35 4.5000000000000009 1.0000000180025095e-35 1.5000000000000002 0.31666667759418493 1.0000000180025095e-35 97.57275772094728 83.047893524169936 -74.973686218261705 6.5000000000000009 1.0000000180025095e-35 1.5000000000000002 2.5000000000000004 0.93750000000000011 1.0000000180025095e-35 1.0000000180025095e-35 1.0000000180025095e-35 1.5000000000000002 0.77286669611930858 -3.7037010192871089 1.0000000180025095e-35 1.5000000000000002 1.0000000180025095e-35 1.0000000180025095e-35 1.5000000000000002 -19.143199920654293 1.0000000180025095e-35 1.0000000180025095e-35 -0.098543122410774217 63.733076095581062 0.6850685477256776 1.5000000000000002 0.58191394805908214 1.5000000000000002 1.0000000180025095e-35 -2.3244094848632808 -0.18276628851890561 87.226108551025405
decision_type=8 2 2 2 2 2 2 2 2 2 2 2 2 2 2 8 2 2 2 2 2 10 2 2 2 2 8 2 2 2 2 2 2 2 2 2 2 2 2 2 2 2 8 2 10 2 2 2 2 2 10 10 8 2 2 2 8 2 2 2 8 2
left_child=8 3 7 6 9 25 -2 13 -1 17 12 44 20 15 19 -3 18 57 -13 -15 21 35 -23 45 -25 26 27 -4 -28 -26 -31 32 54 -9 -11 37 -37 -8 40 -40 -21 -42 -7 -18 55 58 47 -47 49 50 -49 -52 53 -48 -19 -12 -34 -5 -22 60 61 -55
right_child=1 2 5 4 -6 42 10 33 -10 34 11 16 -14 14 -16 -17 43 31 -20 38 23 22 -24 24 29 -27 28 -29 -30 30 -32 -33 56 -35 -36 36 -38 -39 39 -41 41 -43 -44 -45 -46 46 52 48 -50 -51 51 -53 -54 59 -56 -57 -58 -59 -60 -61 -62 -63
leaf_value=-0.093581072698669804 -0.058320806728820923 -0.083286216552608178 -0.0060531734588988532 -0.19306038596107264 0.091252444029406271 -0.081797200678100965 -0.028698842599444482 -0.011470856358809903 -0.0018655571937084966 0.048015649411536326 0.016852503170220866 0.01084926594864587 -0.04150446600489658 0.017133790561652328 -0.018625399351652114 0.0020950810018464899 -0.016297875922142834 0.092919245187026545 -0.013842231296684292 -0.039269238977465315 0.0083256804525729707 0.17917944113259132 -0.12674388374642853 0.064793580085084929 0.040150052831959215 -0.038411682222762478 -0.059056429273599102 0.099581166204797844 0.013762773253945157 0.0047303082354338381 0.057458448030947101 0.040295206816734368 -0.013974122111409751 -0.044042516757692045 -0.10222493842275877 0.0347949343806606 0.0025836099857596937 0.0047397074495868913 0.076426776763340934 -0.076904967082460779 0.13111084099670189 0.0024493588171398445 -0.045006975413494105 -0.043598840379103304 -0.056883387376987254 -0.024939694504655937 0.0015937050983760228 0.048483231241427234 -0.012469143654732548 0.016430484617886969 0.23882049704966218 -0.022089123340108374 -0.0022068305770852246 0.88581615091663124 0.015208139725015366 -0.00095279967226757532 0.075511297418119017 -0.031614629547561335 -0.022297632159178734 0.043989095930513637 0.15907512704338939 0.17902309315998038
leaf_weight=1433.9880099407164 402.74945788903278 131.97611497557955 158.73931825027103 18.855740579776466 822.00396276940592 617.01905645892839 1450.6035629747494 2026.3728233797592 163.56024586802232 854.65331099688774 3441.4593218457885 2317.9042530248989 476.98564878397156 528.30397743740468 338.75464649047353 3096.3828607048199 2538.4015487066063 114.19753473001765 2966.6351766328735 35.293697008833988 1129.7993207321269 67.746439547045156 14.046478569507597 677.76800140872365 863.86862234701402 496.53723170160083 200.1479774331965 143.6102701939526 317.47174300058396 2452.9140935827163 249.74237585335504 474.92635534144938 1255.325595134811 706.97810025091167 25.139181837090291 1545.8025692313386 9360.3454067376151 3105.1472174235096 213.50493247414124 76.352878324658377 237.23056899613584 39.599435911601176 1071.9464563492802 980.33961369190365 117.01800633015228 222.05202698882204 77.294579692475963 898.9033824794169 219.98099670486408 594.62364961305866 35.828619250329211 18.140291066025384 1998.6592364369426 2.6983725610771216 261.49495831510285 2658.6676194092433 62.210801029577851 479.13681932183681 907.82623769243946 26.691221609245986 24.635426557040777 2.7641835566610098
leaf_count=2550327 9685 66407 2807 321 200154 450347 28890 169722 25152 29066 144360 67807 8468 30429 9127 97041 88487 2605 71325 1690 30967 661 224 83652 23655 110160 53925 7287 5786 19384 2453 22722 40291 140984 3726 35254 350569 30869 6864 1616 4071 2066 323682 23188 2030 14853 26038 25611 7967 6059 413 952 52828 213 7627 82295 2205 12971 14163 421 293 36
internal_value=-0.000500798 0.0018592 -0.0122441 0.00504393 0.0264586 -0.0372318 0.00280875 -0.00213753 -0.0841911 0.0114383 0.00340279 -0.00341015 0.0072754 0.00819558 0.0292725 -0.00139533 -0.0113628 0.000784942 -0.00301205 0.0436279 0.00817209 0.00395111 0.126643 0.0144782 0.0246336 -0.010014 0.0071823 0.0441211 -0.0143942 0.0170018 0.00960272 0.00963068 0.00102972 -0.0198955 0.0437227 0.00330208 0.00714914 -0.00590751 0.0668793 0.0360369 0.0955215 0.112706 -0.0584473 -0.0239041 0.00785049 0.00748085 0.0138073 0.0267534 0.0332477 0.0397465 0.0542965 0.151122 0.00173045 0.0604197 0.0388296 0.00909227 -0.00974884 -0.0377275 -0.00531797 0.140487 0.226062 0.528162
internal_weight=58249.8 56652.2 10436.2 46216 4367.94 3005.47 41848 7430.75 1597.55 3545.94 41445.3 15020.4 26424.9 4697.4 1469.04 3228.36 8803.28 2666.15 5284.54 1130.29 25947.9 15543.7 81.7929 10404.2 4244.29 1316.51 819.969 302.35 517.62 3566.53 2702.66 2168.16 1693.23 2733.35 879.792 15461.9 10906.1 4555.75 601.982 289.858 312.124 276.83 1688.97 3518.74 6217.14 6159.9 4122.27 1989.53 1767.48 1547.5 952.872 53.9689 2132.74 134.084 375.692 6100.13 1317.54 497.993 2037.63 56.7892 30.098 5.46256
internal_count=5635248 3059769 1484011 1575758 321688 953994 1254070 530017 2575479 121534 1244385 479492 764893 219311 55863 163448 250807 88742 139132 46736 756425 446467 885 309958 129144 179965 69805 10094 59711 45492 21837 75450 52728 310706 32792 445582 385823 59759 16307 8480 7827 6137 774029 111675 228685 180814 135684 55855 41002 33035 26976 1365 79829 27001 10232 226655 42496 13292 45130 963 542 249
is_linear=0
shrinkage=0.1


Tree=58
num_leaves=63
num_cat=0
split_feature=31 0 1 41 14 24 13 41 17 26 14 17 31 7 35 36 41 12 38 32 12 12 14 9 14 41 17 10 19 24 14 41 17 10 17 25 11 35 7 21 25 0 10 21 1 25 7 27 0 14 11 41 12 38 31 32 31 18 11 17 17 12
split_gain=1022.53 239.806 216.085 146.851 494.614 292.907 258.24 188.836 235.773 168.799 298.038 148.372 130.95 115.515 113.328 108.272 107.77 106.933 101.362 125.008 95.1917 91.6137 88.1569 183.588 131.845 104.712 107.766 136.178 114.382 110.097 137.648 99.7705 97.6115 93.3613 82.8388 103.37 82.4816 81.9664 82.3857 102.794 80.6356 80.4662 90.6257 79.3868 75.2992 73.3308 72.225 71.1479 72.3117 70.9909 141.132 113.822 100.116 77.3968 69.6278 69.5065 69.4412 69.4203 110.689 69.2311 67.3554 67.3299
threshold=-0.36082166433334345 0.99999997019767772 28.500000000000004 0.35416667163372045 0.31666667759418493 7.5000000000000009 92.422504425048842 0.80909091234207164 8.5000000000000018 0.88194444775581371 0.81666666269302379 4.5000000000000009 0.11745354533195497 15.500000000000002 5.8914871215820321 6.5000000000000009 0.73214286565780651 89.725547790527358 22.500000000000004 19.500000000000004 70.087718963623061 58.919960021972663 0.44949495792388922 90.595520019531264 0.34848485887050634 0.86607143282890331 5.5000000000000009 82.972846984863295 98.598102569580092 7.5000000000000009 0.93750000000000011 0.6904762089252473 9.5000000000000018 73.20508193969728 13.500000000000002 7.5000000000000009 98.332870483398452 -96.747753143310533 1.0000000180025095e-35 0.36939570307731634 8.5000000000000018 0.84885936975479137 78.456192016601577 0.85357144474983226 3.5000000000000004 2.5000000000000004 60.500000000000007 2.5000000000000004 0.32111087441444403 0.36931818723678594 90.645832061767592 0.88194444775581371 86.72955703735353 21.500000000000004 0.30716219544410711 4.5000000000000009 -0.036646515130996697 99.783550262451186 91.476997375488295 10.500000000000002 10.500000000000002 35.948717117309577
decision_type=8 2 2 10 2 2 2 10 2 2 2 2 8 2 2 2 10 2 2 2 2 2 2 2 2 10 2 2 2 2 2 10 2 2 2 2 2 2 2 2 2 2 2 2 2 2 2 2 2 2 2 10 2 2 8 2 8 2 2 2 2 2
left_child=13 2 3 6 5 17 11 8 16 14 20 -2 -9 -1 21 -13 -7 54 19 40 -11 44 23 24 33 34 28 29 46 47 32 -26 -31 -23 35 59 -37 -29 -39 -40 61 42 57 45 -6 -30 -27 48 -28 50 -44 -51 -52 -54 -5 -25 -43 -22 -59 -24 -50 -17
right_child=1 -3 -4 4 9 7 -8 12 -10 10 -12 15 -14 -15 -16 18 -18 -19 -20 -21 41 22 25 55 31 26 27 37 43 30 -32 -33 -34 -35 -36 36 -38 38 39 -41 -42 56 49 -45 -46 -47 -48 -49 60 51 52 -53 53 -55 -56 -57 -58 58 -60 -61 -62 -63
leaf_value=-0.09367232337278332 -0.011595365149671273 0.092818622438662485 -0.044167620581819417 -0.073453076482110191 0.010392461400913948 0.034433730076445145 0.1031773061327612 -0.078198918332689771 -0.064017731633406738 0.05803386039294494 0.083611778441927964 0.047755586562960681 0.010363106472526844 -0.00021655431451015562 -0.058720763247229094 -0.020662565240981784 0.1470704760350128 0.026968698856897916 -0.0045392698010999176 0.077436339614284769 -0.0059562327864779597 -0.0073800414462759194 0.013121049819218428 -0.086781573657458991 0.0654450429384828 0.003349535543572891 -0.022442145520372783 0.015839375283849402 -0.33296762669338165 -0.010356776568975573 0.092454411232379949 -0.069886304595961138 -0.061980455782838 0.028897818498504868 -0.05631266682857386 0.029903025352157081 0.11935186720473374 -0.05012824329880225 -0.071977517910078559 0.20673785215291587 -0.011110770369094853 -0.21954196083903349 0.040745246981058442 0.0049331281119966994 0.124421803046669 0.058340096318542922 -0.036558240872648147 -0.14631411686096329 0.0097621177537699881 0.076176450932546297 -0.23889541217658825 -0.0049121845315223487 -0.064817069332039248 0.014597367849818785 -0.017033108838084555 -0.028812228187326712 0.057304661240157019 -0.082466648043581142 0.073628546819321503 0.10488598385871716 0.049820441009446735 0.044408085072701227
leaf_weight=1280.8404930670222 2054.589977086056 287.06856971769594 1031.1511325132451 1675.2358437141229 123.04137794865528 724.18783715320751 318.21692991489545 440.93918649165425 245.72720242661308 376.08812062506331 663.43989259749651 1116.0282424127799 268.70150997070596 147.48964268571581 315.3496427196078 193.68387455490301 96.233230881625786 131.9459173589421 1864.1446718660009 404.00166035731672 800.41135737329023 2080.9127690914902 1895.2118835333677 368.60858840539004 62.890379161020974 24082.25921214206 510.38242869346868 262.16313200490549 4.8219105037860563 999.15345139260171 98.69457280082861 407.16418416690431 578.24552440206753 1076.3006518762268 126.89933837746503 218.73455495110829 194.98073513503186 1315.673785920284 24.78406487882603 28.391363388858736 683.65754761348944 9.307609355542807 400.18509843549691 546.52705328725278 109.40093715360854 702.72459755418822 462.19882300612517 28.790389605797827 1803.7531809073698 372.27481879945844 23.741375005804002 323.55279035714921 269.66006072703749 225.22047505294904 251.58335679769516 471.29514906235272 340.86958332918584 302.59361457079649 53.452887762337923 85.942581922892714 547.04889380937675 888.35782618325902
leaf_count=2508603 108808 89303 315399 707236 1304 43038 25501 224944 21025 8030 174884 22942 4764 22230 5205 18367 4231 3766 99504 19913 26822 63810 27582 2928 1578 472715 54422 9837 148 32073 1691 31923 22219 14351 2949 2600 2321 46435 7705 537 18510 76 11573 17383 5336 45873 47247 306 57204 26184 351 17412 4156 3834 3034 4407 36236 5442 7180 1887 19688 48286
internal_value=-0.000463663 0.00165363 0.00118698 0.00203652 -1.8292e-05 -0.034454 0.0150186 -0.00469522 0.0219094 0.00300382 0.0221625 0.0111247 -0.0446654 -0.0840221 0.000987359 0.0201891 0.0476457 -0.0601225 0.0125624 0.0272557 0.0105058 0.00146748 0.00109427 -0.0121243 -0.00236923 0.00280499 0.00125872 -0.0105826 0.00410313 -0.00172293 -0.0221128 -0.0517798 -0.0292811 0.00498716 0.0224237 0.0265958 0.0720596 -0.0353855 -0.0451962 0.0768339 0.0157741 0.004779 -0.000928677 0.0335607 0.0640613 0.0556733 0.00259803 0.0101026 0.0116765 0.0143761 -0.00387134 0.0384711 -0.0382989 -0.0286755 -0.0660864 -0.0542532 0.0499462 -0.0222971 -0.0590322 0.0171018 0.019084 0.0327605
internal_weight=57796.9 56368.6 56081.5 55050.4 47527.7 3834.55 7522.68 1775.79 1066.15 43693.1 4160.8 7204.46 709.641 1428.33 39532.3 5149.87 820.421 2058.77 4033.85 2169.7 3497.36 39217 38984.6 4467.17 3627.27 34517.4 31995.6 6197.08 25798.5 4566.07 1676.09 470.055 1577.4 3157.21 2521.77 2394.87 413.715 1631.01 1368.85 53.1754 1765.7 3121.27 2771.09 1254.07 232.442 707.547 24544.5 2889.97 2861.18 1614.63 918.807 695.828 518.622 494.881 1926.82 839.904 350.177 1156.46 356.047 1981.15 2350.8 1082.04
internal_count=5635248 3104415 3015112 2699713 2337882 1012038 361831 298002 68294 1325844 322180 336330 229708 2530833 1003664 227522 47269 714036 204580 105076 147296 998459 991819 118997 111662 872822 835483 252117 583366 187603 55983 33501 54292 78161 37339 34390 4921 64514 54677 8242 85163 139266 102954 63404 6640 46021 519962 131620 131314 63510 19914 43596 8341 7990 710270 7335 36312 39444 12622 29469 76892 66653
is_linear=0
shrinkage=0.1


Tree=59
num_leaves=63
num_cat=0
split_feature=31 0 36 28 14 30 41 14 12 41 13 7 13 20 18 12 14 33 17 29 3 25 30 40 19 29 39 29 29 18 35 20 18 20 30 20 30 34 0 8 29 40 14 25 39 40 30 29 27 18 29 43 20 18 18 20 18 40 31 29 25 20
split_gain=908.076 215.257 192.797 147.704 148.072 212.202 164.394 170.032 134.41 233.577 111.938 108.56 106.683 105.046 132.49 92.346 130.277 114.045 139.051 87.5434 78.2298 77.788 158.66 219.233 91.9169 84.8076 83.121 82.0047 80.2392 77.7442 77.6855 82.622 107.507 133.377 128.534 125.454 145.655 118.814 83.8751 78.9005 77.4975 90.1412 77.4597 77.0069 74.4218 106.39 260.509 219.301 174.39 118.294 135.546 90.4644 80.5191 74.0147 72.3497 70.9806 132.011 78.0312 69.1843 68.9065 77.8835 68.3677
threshold=-0.36419391632080073 0.99999997019767772 37.500000000000007 1.0000000180025095e-35 0.84523808956146251 1.0000000180025095e-35 0.88194444775581371 0.58571431040763866 48.074073791503913 1.0000000180025095e-35 98.07621002197267 15.500000000000002 95.488464355468764 99.80237197875978 78.958660125732436 48.834688186645515 0.18333333730697635 -71.398048400878892 9.5000000000000018 2.5000000000000004 102.50000000000001 10.500000000000002 1.0000000180025095e-35 1.0000000180025095e-35 98.369518280029311 1.5000000000000002 1.0000000180025095e-35 1.0000000180025095e-35 1.5000000000000002 96.162029266357436 1.9230766296386721 98.219570159912124 92.342185974121108 89.48822402954103 1.0000000180025095e-35 94.03479385375978 1.0000000180025095e-35 4.5000000000000009 0.71415531635284435 2.5000000000000004 1.5000000000000002 1.0000000180025095e-35 0.31666667759418493 7.5000000000000009 1.0000000180025095e-35 1.0000000180025095e-35 1.0000000180025095e-35 1.5000000000000002 1.5000000000000002 82.548908233642592 1.0000000180025095e-35 0.38126567006111151 90.49356842041017 70.286651611328139 86.876968383789077 86.192878723144545 90.018451690673842 1.0000000180025095e-35 -0.14098112285137174 1.5000000000000002 7.5000000000000009 51.693037033081062
decision_type=8 2 2 2 2 2 10 2 2 8 2 2 2 2 2 2 2 2 2 2 2 2 2 10 2 2 8 2 2 2 2 2 2 2 2 2 2 2 2 2 2 10 2 2 10 10 2 2 2 2 2 8 2 2 2 2 2 8 8 2 2 2
left_child=11 2 3 4 6 -6 7 10 9 29 12 -1 -2 19 -15 16 -8 -17 -19 20 21 24 23 27 26 -25 -10 -23 -26 -5 31 32 35 -34 37 44 40 39 -33 -35 41 43 -16 53 45 51 47 -47 49 50 58 -28 -51 -37 -54 56 -53 -57 -48 60 -52 -7
right_child=1 -3 -4 8 5 61 15 -9 13 -11 -12 -13 -14 14 42 17 -18 18 -20 -21 -22 22 -24 25 28 -27 30 -29 -30 -31 -32 38 33 34 -36 36 -38 -39 -40 -41 -42 -43 -44 -45 -46 46 48 -49 -50 52 59 55 54 -55 -56 57 -58 -59 -60 -61 -62 -63
leaf_value=-0.093270664352872845 0.012688078514795488 0.091862874891409485 -0.055263222407599115 -0.0078522015671799051 0.0093878445738224941 -0.093919984853828686 -0.096970144065364097 0.086141207229194688 0.10159187705482137 -0.079128203615185022 0.10381200200343305 -0.00018710711089333504 -0.063425959105006521 -0.14981295110157741 -0.0030392266067701362 0.083549547936171753 0.12696693693838115 -0.0011419121094801631 -0.053932132868656738 -0.055037549549808544 -0.044769362422045211 -0.11497996871277277 -0.090435246170375544 0.16554477851782751 0.02050554759014174 -0.099527047335996432 -0.057992195229197067 -0.01175081811560405 0.14232403822884759 0.10283385006965579 -0.038562624777688126 0.073164661578641141 0.13393918062183277 -0.018820704139862386 -0.08774096967186884 -0.053939047239413479 -0.071616769603273733 -0.032481995866560316 0.00093176079333821729 0.012117327521259796 -0.017531322827151596 0.17768222521454302 0.085776792605422481 0.0025797280150065037 -0.029352613460243544 0.1865968432628754 0.24444697957407704 -0.14463016972226944 -0.046718458010008963 0.10244240950620903 -0.064392244144312216 0.0027255295414318889 -0.12804359240207555 0.06604629448221952 0.051582872743304725 -0.014074449791140912 0.17264399351691162 0.056905772535935865 0.047543722641302258 0.11163819122512134 0.029183865203715877 0.077345134649190073
leaf_weight=1155.5532811603916 6884.3547522772569 262.31926510529593 601.12240423393087 937.22028660320211 1375.7918038852513 23.972806955920532 204.9321816356678 326.41868108400377 80.395455291349208 601.80213368975092 131.37532928981818 140.52911881086766 189.20769955241121 32.532648919965141 140.74948263162514 143.1999103401613 29.749880428891629 4547.2905311215145 560.45707919824054 296.73774936210248 395.09950336345355 80.262071027798811 265.98410010614316 92.957148993242299 1500.9190041347756 13.871107110666342 268.28967828818713 1867.4078363183944 56.091173631488346 68.065996406599879 519.91719353204826 311.35392543510534 61.022581175435334 1396.5604401236342 230.85797521087807 54.916897502058418 130.93129008886172 1772.1896303982357 332.34851871081628 2011.7497883301403 211.67061452846974 51.309453116322402 324.79080786369741 346.95364188760868 804.06719329606858 149.10159966960782 19.017382772697601 23.083501209534006 376.25435305817518 295.50595498154871 301.62078643977293 17880.003882334771 30.562432136095595 805.4672876749537 84.197131747467211 4005.4145868738706 45.839545287424698 161.10898029254167 289.3094114678097 33.740592083428055 126.1410110159195 841.02800786285661
leaf_count=2487542 211179 89303 231564 157556 44451 408 113392 25329 1880 726268 19934 21386 4478 738 4660 5586 393 111504 20946 27044 62665 955 4361 766 48748 149 179210 27129 497 1654 6234 3053 862 18540 3940 1418 1737 30253 2530 20951 3038 455 22047 3924 11537 1497 1827 324 5989 4979 3543 580751 434 12262 1039 55851 332 6405 8723 518 1415 187165
internal_value=-0.000426292 0.00148871 0.00106344 0.00167746 0.0100453 0.0337888 0.00595798 0.015549 -0.00152357 -0.0298548 0.0123508 -0.083178 0.0106521 -0.000334103 0.0452904 -0.00720975 -0.0685824 -0.00446681 -0.00693442 -0.000935591 -0.000507293 -3.5773e-05 -0.0177629 -0.00835439 0.00114737 0.131127 3.40661e-05 -0.0160048 0.024894 -0.000357862 -0.000212377 0.000399049 -0.000315219 -0.0130755 -0.0147333 0.00232038 0.029452 -0.0114799 0.0358703 -0.000559579 0.0384522 0.0478671 0.0589245 0.0423502 0.000575146 0.0015741 0.0254765 0.142192 0.0125638 0.031465 0.00835194 -0.000273618 0.0748348 0.0583878 0.00374528 0.000427316 0.00316004 -0.0113298 0.0596886 -0.0259457 -0.0367979 0.0725987
internal_weight=57302.7 56006.6 55744.3 55143.2 15257.8 2240.79 13017 7531.36 39885.4 1607.09 7204.94 1296.08 7073.56 38278.3 498.073 5485.63 234.682 5250.95 5107.75 37780.2 37483.5 37088.4 2320.48 2054.5 34767.9 106.828 33210.9 1947.67 1557.01 1005.29 33130.5 32610.6 31966.9 5472.38 5411.36 26494.5 1601.25 5180.5 643.702 3408.31 1470.32 1258.65 465.54 1207.34 24893.3 24089.2 1728.53 172.185 1556.35 1180.09 769.829 22360.7 410.266 860.384 114.76 22092.4 17925.8 4166.52 308.327 461.502 427.762 865.001
internal_count=5635248 3126320 3037017 2805453 744765 232024 512741 260920 2060688 885478 235591 2508928 215657 1175210 27445 251821 113785 138036 132450 1147765 1120721 1058056 33360 28999 1024696 915 975451 28084 49245 159210 973571 967337 961754 74546 73684 887208 22834 69744 5583 39491 21097 18059 26707 17604 864374 852837 30288 1821 28467 22478 16026 822549 6452 13680 1473 643339 581083 62256 10550 5476 4958 187573
is_linear=0
shrinkage=0.1


Tree=60
num_leaves=63
num_cat=0
split_feature=31 0 44 9 45 28 27 29 21 34 0 31 42 30 31 20 31 35 1 26 37 35 24 35 12 25 41 12 42 27 36 3 20 30 19 21 19 30 24 39 26 20 35 19 25 39 10 7 14 41 7 25 12 7 12 34 24 25 29 31 17 32
split_gain=809.997 193.164 185.188 179.008 125.496 127.104 113.985 102.718 99.5644 102.357 98.7874 94.3268 91.5361 123.443 85.5259 85.094 97.8463 84.3756 75.5234 75.2064 66.8096 66.2072 62.1886 59.8526 59.3631 58.1553 58.2688 65.5201 68.823 56.7819 56.6661 55.985 52.5734 131.404 84.8828 70.6682 121.862 120.883 99.4117 74.1209 75.7263 88.9584 72.7281 63.8365 84.5668 55.7936 48.4459 61.4727 56.6378 56.8067 56.1105 48.1422 47.843 55.0014 47.7665 53.5445 47.2269 87.1319 51.4924 47.1297 75.729 150.772
threshold=-0.38470481336116785 0.99999997019767772 0.7556847631931306 45.222154617309577 0.99999985098838817 1.0000000180025095e-35 1.5000000000000002 1.0000000180025095e-35 0.75595238804817211 3.5000000000000004 0.83491453528404247 0.15378896892070773 0.97726097702980053 1.0000000180025095e-35 -0.10303979367017745 86.501670837402358 -1.0000000180025095e-35 -98.026229858398423 2.5000000000000004 0.63068181276321422 15.735805511474611 -15.319324493408201 5.5000000000000009 -37.775087356567376 42.740047454833991 3.5000000000000004 0.35416667163372045 80.982517242431655 0.68457102775573742 2.5000000000000004 25.500000000000004 54.500000000000007 97.45212554931642 1.0000000180025095e-35 97.448913574218764 0.57417583465576183 97.448913574218764 1.0000000180025095e-35 6.5000000000000009 1.0000000180025095e-35 1.0000000180025095e-35 80.096618652343764 -1.4701728820800779 95.531894683837905 6.5000000000000009 1.0000000180025095e-35 78.08689117431642 2.5000000000000004 0.77500000596046459 0.88194444775581371 1.5000000000000002 12.500000000000002 53.45238113403321 1.5000000000000002 64.346244812011733 2.5000000000000004 7.5000000000000009 7.5000000000000009 1.5000000000000002 -0.20883500576019284 18.500000000000004 19.500000000000004
decision_type=8 2 2 2 2 2 2 2 2 2 2 8 2 2 8 2 10 2 2 2 2 2 2 2 2 2 8 2 2 2 2 2 2 2 2 2 2 2 2 10 2 2 2 2 2 8 2 2 2 10 2 2 2 2 2 2 2 2 2 8 2 2
left_child=17 2 3 6 5 12 21 10 9 18 46 -12 15 19 -11 16 -4 -1 -9 -14 30 -2 -5 -8 -15 -17 27 28 -27 -26 31 32 35 34 -34 39 45 38 59 40 43 56 -40 52 -45 -37 -6 48 49 -48 -50 -44 -7 -54 -36 -56 57 -42 -59 60 -38 -62
right_child=1 -3 4 22 7 20 23 8 -10 14 11 -13 13 24 -16 25 -18 -19 -20 -21 -22 -23 -24 -25 29 26 -28 -29 -30 -31 -32 -33 33 -35 54 36 37 -39 42 -41 41 -43 51 44 -46 -47 47 -49 50 -51 -52 -53 53 -55 55 -57 -58 58 -60 -61 61 -63
leaf_value=-0.01145203582715314 -0.084687340199259747 0.090809681293024413 0.060441452802434917 -0.033783736954968523 -0.010548105557828466 -0.049663474319085396 -0.08779866209894667 -0.0043463431517610099 -0.04040175218190685 -0.07657090078161688 -0.032779823787292266 0.068388596828163867 0.0013118260736886839 -0.12224037561368306 -0.012289285042789685 -0.091678304319770851 0.013666004048800551 -0.095820631073752632 0.040463367920451659 0.049266895563622168 -0.032158355397946606 -0.015920894888564116 0.0011866897897162849 0.079132119376259219 0.06985347473760925 0.016323732785259785 -0.0039846181379124008 0.0664040397741643 -0.077960961546671551 -0.0066060050616143923 -0.03789194806043155 -0.022898463827694383 0.050609357175745412 -0.070216873865197718 -0.03420574530909757 0.1270642940692632 0.16937241494077537 -0.028467725067651262 -0.026777449053611835 -0.041217163265237083 0.0075864846315484534 0.0040055687869310621 0.050309595210710101 0.091464955599398268 -0.056818539810381624 -0.0097772468797194638 0.024412036175105321 -0.0065335323380708507 0.062391840540818561 -0.016962445683761613 0.012395683715639134 -0.023241535407292249 0.010911039736635909 -0.0047499298508875279 0.039470314123262122 -0.013352983257238916 0.059737585931793624 0.14191005092653755 0.010205388159054599 0.053567286790673588 0.25395546531326918 3.2823832857150017
leaf_weight=135.17451516923029 673.37013510012184 239.97292651236057 581.48393351049162 679.85531532915775 2540.4051079413039 166.36356742729549 28.841087117849384 903.74163670183043 1128.6188393021584 215.43648546637269 119.29805967421271 405.14259557821788 1222.1388957472518 17.891037279303418 5271.6456752711674 65.423344190989155 1936.6212624918553 963.10335441463394 644.26884700541268 446.50831792815006 562.93932585945004 176.75971291048336 2017.820121085766 84.141227929387242 892.65683658714988 1223.6137130215648 3474.748850552598 248.2246692397166 82.648952803894645 108.98728939663852 339.88817532142275 795.32056110232952 831.47824690386187 150.68976201070473 215.82375571303419 29.908808175998274 19.631160267395902 434.25301459667389 355.69064946903381 302.95519469908322 616.70497377382708 1223.82333205131 371.1385946283699 170.31832835052046 49.678641017555492 7852.477345780906 711.8557858398126 1828.5762172039831 452.91552853627945 621.62735294920276 445.05946083078743 117.05956738564419 5429.9390069093788 3820.2571095898165 489.67811749491375 315.55458979750983 683.07771017865161 87.164143775094999 45.016364594019251 720.58421712490963 0.53962575644254585 0.23641803849022835
leaf_count=55159 642125 89303 40493 68175 165808 145495 14159 12269 18562 210914 5033 56164 26699 1841 131356 2943 45804 2321430 14657 13626 5747 48078 147811 10796 135031 22027 120113 15107 1563 12467 114814 100879 12064 2724 11160 1263 2888 24622 4655 6985 11579 31047 8771 4115 1434 179037 25110 65732 36243 21711 7633 1245 165794 135052 13278 3885 23340 1463 857 14922 135 56
internal_value=-0.000392477 0.00128475 0.000897298 -0.0208391 0.00243381 0.00561979 -0.0578479 -0.00517223 -0.0128297 -0.00840637 0.00360169 0.0453751 0.0150308 0.0308943 -0.0148131 0.00942914 0.0244674 -0.0854367 0.0143031 0.014144 0.00191945 -0.0703894 -0.00762639 0.0365196 0.0583091 0.00199625 0.00321483 0.0193078 0.0103582 0.061534 0.00266779 0.00321278 0.0040604 0.0195841 0.0268887 0.0026781 -0.00364318 0.0182763 0.031084 0.00764743 0.00885174 0.0238027 0.00761558 0.00473132 0.0579803 -0.00925802 0.000282565 0.00705943 0.0181982 0.00512457 0.0376125 0.0326736 0.00348728 0.00444318 0.0075723 0.0187699 0.0407224 0.0233781 0.0970557 0.0578114 0.207673 1.17655
internal_weight=56786.8 55688.5 55448.5 3660.79 51787.7 36499.1 963.112 15288.6 8163.71 7035.09 7124.88 524.441 10300.9 2688.18 5487.08 7612.76 2518.11 1098.28 1548.01 1668.65 26198.2 850.13 2697.68 112.982 1019.54 5094.66 5029.24 1554.49 1306.26 1001.64 25635.3 25295.4 24500 2003.22 1852.53 22496.8 9901.52 2019.13 1584.88 12595.3 12292.3 2655.79 843.889 9636.56 219.997 7882.39 6600.44 4060.03 2231.46 1333.48 897.975 488.198 9416.56 9250.2 1021.06 805.233 1431.96 748.885 132.181 740.991 20.4072 0.776044
internal_count=5635248 3258659 3169356 931144 2238212 1467020 715158 771192 387758 369196 383434 61197 437714 189664 342270 248050 86297 2376589 26926 40325 1029306 690203 215986 24955 149339 161753 158810 38697 23590 147498 1023559 908745 807866 43111 40387 764755 237594 57294 32672 527161 520176 68286 14671 451890 5549 180300 322237 156429 90697 46821 43876 10016 446341 300846 28323 17163 37239 13899 2320 18001 3079 191
is_linear=0
shrinkage=0.1


Tree=61
num_leaves=63
num_cat=0
split_feature=31 0 44 9 41 14 13 31 17 37 14 20 25 14 10 25 40 14 37 19 17 35 31 9 25 0 35 17 39 17 21 42 31 3 0 11 37 7 20 10 17 6 14 32 43 26 26 7 17 7 21 35 10 37 12 0 31 38 12 14 37 25
split_gain=720.088 172.815 153.375 159.351 108.421 389.323 219.929 155.991 140.493 149.267 130.109 129.512 116.605 109.5 125.761 107.83 107.679 163.324 166.84 158 129.266 97.829 91.0954 97.4496 89.7727 87.1618 83.5321 79.5353 77.6303 76.2069 104.043 69.4846 67.1679 66.5254 66.474 65.0577 182.362 155.922 106.843 93.6605 81.1276 76.6684 76.5526 69.1246 64.928 64.7719 63.0309 62.8542 62.5377 62.2421 92.6288 65.8969 58.3881 57.1682 67.2373 58.8228 55.1195 54.3988 52.5553 123.254 52.5084 53.2021
threshold=-0.38470481336116785 0.99999997019767772 0.7556847631931306 45.222154617309577 0.86607143282890331 0.31666667759418493 99.206348419189467 0.11745354533195497 5.5000000000000009 -56.521738052368157 0.58571431040763866 82.940685272216811 3.5000000000000004 0.93750000000000011 83.75235748291017 7.5000000000000009 1.0000000180025095e-35 0.64583334326744091 -24.432747840881344 99.760765075683608 1.5000000000000002 -15.544643402099608 0.27561780810356146 93.063350677490249 7.5000000000000009 0.32733508944511419 -98.026229858398423 9.5000000000000018 1.0000000180025095e-35 10.500000000000002 0.95119047164917003 0.19139194488525393 0.19109106808900836 4.5000000000000009 0.15813034027814868 97.915760040283217 -24.999998092651364 1.0000000180025095e-35 52.206359863281257 85.89511871337892 4.5000000000000009 1.0000000180025095e-35 0.58571431040763866 4.5000000000000009 0.89670634269714367 0.63068181276321422 0.38750000298023229 1.0000000180025095e-35 1.0000000180025095e-35 1.0000000180025095e-35 0.36939570307731634 -95.065738677978501 87.841831207275405 -78.355854034423814 37.394067764282234 0.43483147025108343 -0.15282650291919705 21.500000000000004 65.419578552246108 0.13392857462167743 -7.8847846984863272 10.500000000000002
decision_type=8 2 2 2 10 2 2 8 2 2 2 2 2 2 2 2 10 2 2 2 2 2 8 2 2 2 2 2 10 2 2 2 10 2 2 2 2 2 2 2 2 2 2 2 10 2 2 2 2 2 2 2 2 2 2 2 8 2 2 2 2 2
left_child=26 2 3 21 6 7 10 31 9 32 11 34 -13 14 15 25 35 18 -18 28 -20 -2 53 29 46 -10 -1 -17 60 -24 -31 -6 -7 -27 -4 36 42 38 -37 -40 56 -39 43 -11 47 -43 -12 57 -25 51 -51 -16 -22 55 -55 -14 -41 -35 -9 -60 -19 -62
right_child=1 -3 4 -5 5 8 -8 58 13 16 24 12 22 -15 49 27 17 19 20 -21 52 -23 23 48 -26 33 -28 -29 -30 30 -32 -33 -34 44 -36 37 -38 41 39 40 -42 45 -44 -45 -46 -47 -48 -49 -50 50 -52 -53 -54 54 -56 -57 -58 -59 59 -61 61 -63
leaf_value=-0.01042819907229656 -0.073747054717888602 0.089651695423450806 0.079706791818278611 -0.0069004748749973187 0.003468499114635871 0.19523538074265778 0.10661891129551915 -0.039382065793075433 -0.026736286887294854 -0.029300239884399761 0.013976946844088534 -0.082180599574895347 0.075488700325973213 0.033903777220799326 0.023617250870423795 -0.014726954042119678 0.021890540018374514 0.082516552190429318 -0.081487836495953647 0.089890273729617415 -0.017842029830026244 0.0028983492620537903 0.026269333751863296 0.0083896030686291447 0.093555023393989301 -0.0036223675182997135 -0.095292962428153147 -0.064046802488206669 -0.033594183029140461 -0.034007308396362797 0.076311717791497369 -0.08572117106466598 0.046835744125671805 0.071594463382942439 0.017714319895143119 -0.0048150159273560676 -0.035955932058979352 -0.074137703438119193 0.094125346973109425 0.354445138864526 -0.031413561930311154 0.00041486205705027368 0.10144648591707839 0.016642633955995561 0.05830078338906728 0.043808126935705363 0.077167922367065336 -0.036292066260774324 -0.070381939700655968 -0.027139146701332946 0.18168911070503466 -0.06074682643912184 0.078781297481135409 -0.044562637114540851 -0.0070805191757015848 0.0026607312434921027 0.040648580055850307 0.0021841815544548552 0.11522856485666458 -0.027531574620295759 0.032175027550498392 -0.030075302745967619
leaf_weight=133.68333006021567 691.77916848799214 219.80222910945304 181.88135545540717 2686.3903323185223 97.701536678418051 55.943745944357943 229.57478717295453 268.87530899292324 847.31716562356451 432.2073222178733 853.10009297417128 175.07220653808326 153.17228504223749 486.46176245805691 102.59295551909599 984.28953184612328 1147.7450786969857 179.20585319033125 364.56103011121741 459.0310795919504 327.97019265848212 219.33011783275288 2538.6266341002192 190.20630921702832 239.33759855941753 1505.0029953079647 876.03950866786181 489.62869537930237 207.08739268046338 471.74643824249506 104.41012529283762 824.3747609705315 67.059829093050212 185.66065847995924 3530.8549492186576 639.45441364767612 1605.4542843654053 135.991471027839 298.78418572631199 5.6294375180441421 174.90170572433271 18644.513324567641 87.245008958008839 1351.6473902952857 443.57507354480913 350.4524868610315 193.6876321422169 210.46165967584238 214.38518291013315 83.728964904643362 28.460636356845498 949.31506459190859 77.27610065182671 535.30420825805049 4517.0657635487732 401.9030011734867 992.69764065759955 288.16334259483847 94.088451656978577 169.29082646500319 1162.7829335207643 155.67281349166296
leaf_count=55159 663943 89303 10966 215986 52880 627 23669 5121 98931 6177 15153 7905 19206 13143 1792 21723 21190 8885 5847 119106 6579 51215 55130 4013 8107 51380 2321430 14295 1168 5848 8438 522047 1024 5677 155400 21303 58258 16006 3843 274 2685 366874 2327 33054 16886 22559 18839 20056 3805 11278 960 41582 2158 52915 147502 10739 11522 10631 1440 2930 77511 8848
internal_value=-0.000368908 0.00115833 0.000805381 -0.0191573 0.00219952 -0.000676161 0.00951864 -0.0513883 0.00139973 0.00440472 0.00795986 0.00496138 -0.00134094 -0.0117598 -0.0153906 -0.00844072 0.00393524 0.0189833 -0.00226657 0.0378151 -0.0382836 -0.0552963 0.000209736 0.0128204 0.0383022 0.00116045 -0.0840572 -0.0311108 0.0237931 0.0188177 -0.0140155 -0.0762708 0.11433 0.0101383 0.0207512 0.00145066 -0.0112306 0.00352608 0.0293147 0.0441409 0.0314114 0.000679813 0.00998445 0.00551121 0.0285003 0.00121546 0.0256692 0.0091827 -0.0333499 -0.0449672 0.0258371 -0.0525188 0.000582997 -0.00770504 -0.0110518 0.0227575 0.042418 0.0293815 -0.00828181 0.0234674 0.0317282 0.024825
internal_weight=56339.7 55329.9 55110.1 3597.5 51512.6 36982.3 14530.3 1454.33 35528 28923.3 14300.8 13014.6 9301.89 6604.66 6118.2 4954.1 28800.3 4081.33 1917.55 2163.78 769.807 911.109 9126.82 3519.37 1286.13 3480.18 1009.72 1473.92 1704.75 3114.78 576.157 922.076 123.004 2632.86 3712.74 24719 3476.55 21242.4 2111.47 1472.01 1173.23 19131 1871.1 1783.85 1127.86 18995 1046.79 684.286 404.591 1164.1 112.19 1051.91 405.246 5607.45 5052.37 555.075 998.327 473.824 532.255 263.379 1497.66 1318.46
internal_count=5635248 3258659 3169356 931144 2238212 1690577 547635 584418 1106159 797825 523966 481867 315501 308334 295191 239579 796174 251292 35774 215518 14584 715158 307596 77234 42099 203561 2376589 36018 96412 69416 14286 574927 1651 104630 166366 544882 99816 445066 39627 18324 14481 405439 41558 39231 53250 389433 33992 36364 7818 55612 12238 43374 8737 230362 200417 29945 11796 16308 9491 4370 95244 86359
is_linear=0
shrinkage=0.1


Tree=62
num_leaves=63
num_cat=0
split_feature=31 1 0 33 43 45 43 29 40 31 31 2 35 35 36 21 7 37 7 18 24 11 31 41 29 10 21 36 1 18 7 21 18 35 1 34 1 19 24 30 29 40 2 26 31 21 19 31 31 19 18 9 21 0 44 43 41 10 21 0 31 32
split_gain=639.336 158.208 152.248 117.32 118.67 114.424 160.357 157.074 131.746 138.098 107.014 94.5415 82.7761 72.8735 72.2954 71.903 67.3992 63.5429 59.6103 90.5203 64.2041 58.4301 247.563 133.378 77.0602 173.014 77.1607 68.4338 71.524 68.4284 60.7755 56.9829 62.684 58.2582 55.7434 55.091 177.374 128.825 84.9109 223.601 101.348 121.653 55.0074 61.4433 56.5242 54.437 73.5858 53.6595 53.2231 91.6368 92.2543 80.8846 100.07 91.4637 54.2212 75.9634 53.0528 74.2484 51.0683 58.3748 50.776 109.583
threshold=-0.38470481336116785 34.500000000000007 0.99999997019767772 1.0000000180025095e-35 0.36120072007179266 0.87790751457214367 0.50882384181022655 1.0000000180025095e-35 1.0000000180025095e-35 0.44417363405227667 -0.16777454316616056 0.84802827239036571 -92.257743835449205 -98.026229858398423 10.500000000000002 0.048809524625539787 1.0000000180025095e-35 15.735805511474611 2.5000000000000004 93.112571716308608 12.500000000000002 45.773809432983406 -0.14507149159908292 0.53571429848670971 1.0000000180025095e-35 98.147510528564467 0.90238094329833995 3.5000000000000004 1.5000000000000002 40.114942550659187 13.500000000000002 0.12701612710952762 1.0000000180025095e-35 1.9230766296386721 4.5000000000000009 4.5000000000000009 3.5000000000000004 96.019802093505874 8.5000000000000018 1.0000000180025095e-35 1.5000000000000002 1.0000000180025095e-35 0.64417582750320446 0.23611111193895343 0.24272128939628604 0.35388994216918951 97.68778228759767 0.13531848043203357 -0.22662822902202603 94.297328948974624 74.519054412841811 80.901721954345717 0.61721614003181469 0.361463412642479 0.95675548911094677 0.93112570047378551 0.35416667163372045 76.028167724609389 0.93933823704719555 0.76043426990509044 -0.075651429593563066 2.5000000000000004
decision_type=8 2 2 2 8 2 10 2 8 8 8 2 2 2 2 2 2 2 2 2 2 2 8 8 2 2 2 2 2 2 2 2 2 2 2 2 2 2 2 2 2 10 2 2 8 2 2 10 10 2 2 2 2 2 2 10 10 2 2 2 8 2
left_child=12 2 3 4 15 6 13 8 -7 14 -9 -11 -1 -6 18 -2 -16 21 19 20 -10 23 45 29 25 56 27 -26 -29 -8 -27 32 -15 -33 -25 36 -12 38 -37 40 41 -40 43 60 58 -23 48 -38 49 54 51 52 -51 -54 -47 -56 -24 -58 -44 -60 61 -31
right_child=1 -3 -4 -5 5 7 17 10 9 11 35 -13 -14 31 16 -17 -18 -19 -20 -21 -22 22 24 34 26 30 -28 28 -30 42 -32 33 -34 -35 -36 37 47 -39 39 -41 -42 -43 44 -45 -46 46 -48 -49 -50 50 -52 -53 53 -55 55 -57 57 -59 59 -61 -62 -63
leaf_value=-0.013003113164834391 -0.1021189094778453 -0.047504877061627607 0.088382039900777198 -0.041631103817618642 0.0011288465924489427 -0.057460693375594535 -0.061008336476034777 -0.077578985686074742 0.018744393599342022 0.014499891674598732 -0.011043429473208377 0.070092783393473218 -0.095376637236970443 -0.024577146303986701 -0.0066776870800822124 -0.012509031364295767 -0.074126514306321514 -0.030663931215522029 -0.0027633972122097848 -0.0096704882887621336 0.063503923714300303 0.016840065090682931 0.049717218583730211 -0.0097868336704778295 0.0047548957171616654 0.083511604839971526 -0.051847767531556656 -0.0015956385584374282 0.025854724160125027 3.6526022800580176 -0.16954556444357105 0.0089762778931529921 -0.080739422439658204 -0.053422446565413 -0.072628983114731344 -0.014934182710093828 0.0076221068302218297 -0.041599605631538465 0.033110276302494683 -0.09258846813870758 -0.033651174780642376 0.20650249972762383 -0.033829602081608089 0.049872935815184156 0.028502880078245085 0.11862709124251054 0.08667074030378058 0.04232654436285898 0.16919409570075664 0.85697658746714012 0.28462307396975167 0.6382288039751578 4.3096444464005401 1.5713403139405733 1.33521455677941 0.28944253589763341 -0.0076406502793027178 0.028884388243719875 0.05273099924310426 -0.053630136229300067 0.027712091494211933 -0.05121547439488331
leaf_weight=144.43036286492134 172.10503020122997 663.00328888671356 201.6007312675938 628.6085398637224 3789.6400959330495 315.6039041155891 131.05611686038901 226.25459625004441 3384.9444225988991 677.78382495581172 5463.9319863036508 557.53477628598921 785.21080167678883 1116.0167020913505 2168.5618046974996 186.66026821476407 159.01497803023085 359.8650687491172 2801.2974056777603 1098.4315755173157 353.98758367999108 48.831045925791841 398.198658389505 254.10230247685104 8673.8129492535372 517.5276414679829 203.40292686130852 1249.2059531118721 3952.3185760034539 0.0799264820816451 9.6678442673291993 788.14238157376531 241.78742364956997 184.68767667774227 317.55469319131225 4347.2572722210607 875.48176752100699 1407.067873985623 1035.9546432819916 177.30007288890192 226.87382014532341 42.108216734020971 543.55402024387149 625.71410697075771 425.50088543747552 8.852356183138907 126.00358094170224 907.20040014246479 64.343516401742818 0.41463301816838727 1.5678628392051903 0.84549442888237536 0.24927139634382911 0.23886654496891424 0.97249222360551302 2.4306914535118267 1146.5840868273517 1081.5231910778675 173.14779911981896 73.507781733060256 223.90496487400378 139.72078694414813
leaf_count=61733 171570 262710 89303 12852 161539 27655 10470 325166 147240 43032 67120 81973 2314856 50911 146681 21440 96886 6623 112081 52399 12988 9818 22940 58499 79751 99388 1855 16637 51976 39 282 57857 69811 4328 350505 171425 20618 25712 32104 3822 15233 415 20801 32040 6683 5522 2292 10715 3244 74 516 15 48 59 103 219 31792 49812 3052 786 21839 75393
internal_value=-0.000342522 0.00104866 0.0016416 0.0013183 0.00182332 0.00221058 0.00679623 -0.00248844 0.00625751 0.00805278 -0.00933632 0.0395906 -0.082579 -0.00742846 0.00414366 -0.0554962 -0.0112856 0.0109909 0.00884512 0.0155676 0.0229821 0.0117259 0.0139086 -0.00140004 0.0124619 0.0265915 0.00929699 0.0101933 0.0192622 0.00919423 0.078871 -0.0213428 -0.0345781 -0.00286986 -0.0446956 -0.00827024 -0.00210704 -0.014442 -0.00788697 0.0127818 0.0270983 0.0398828 0.0133665 0.0308738 -0.000881946 0.111767 0.134278 0.0252831 0.209341 0.375231 0.841587 1.34108 1.99934 2.96968 0.249043 0.588282 0.0160971 0.0100886 -0.0167047 0.0210335 -0.00181205 -0.0490979
internal_weight=55883.2 54953.5 54290.5 54088.9 53460.3 53101.6 26875 26226.6 11517.2 11201.6 14709.4 1235.32 929.641 6120.27 9966.24 358.765 2327.58 20754.7 7638.66 4837.36 3738.93 20394.8 17487 2907.84 17232.2 3153.5 14078.7 13875.3 5201.52 2336.19 527.195 2330.63 1357.8 972.83 571.657 14483.2 7246.61 7236.56 5829.49 1482.24 1304.94 1078.06 2205.13 989.42 1215.71 254.75 205.919 1782.68 79.9152 15.5717 3.31613 1.74827 0.902771 0.488138 12.2555 3.40318 2626.31 2228.11 790.21 246.656 363.706 139.801
internal_count=5635248 3258659 2995949 2906646 2893794 2700784 1307519 1393265 720935 693280 672330 125005 2376589 344446 568275 193010 243567 963073 324708 212627 160228 956450 376343 580107 354433 204214 150219 148364 68613 171103 99670 182907 120722 62185 409004 347164 98453 248711 222999 51574 47752 32519 160633 129311 31322 21910 12092 31333 9800 6556 712 196 181 107 5844 322 104544 81604 24639 3838 97271 75432
is_linear=0
shrinkage=0.1


Tree=63
num_leaves=63
num_cat=0
split_feature=31 36 0 29 41 12 13 35 17 10 42 41 13 17 10 17 26 10 25 41 8 35 36 37 43 12 17 37 3 41 10 38 12 19 1 12 12 38 41 41 17 41 11 41 11 25 31 13 11 0 19 41 12 9 8 13 19 29 26 25 20 38
split_gain=566.479 146.611 136.962 115.837 109.691 330.596 202.929 127.142 121.835 107.127 137.029 134.132 118.125 122.581 116.636 142.483 108.46 163.718 94.3751 92.1673 91.061 81.7841 81.5314 91.1746 80.5441 73.686 67.8947 111.39 169.113 92.9637 82.6018 79.0091 77.9186 78.501 70.29 66.7884 65.7343 65.5835 63.4501 61.5243 62.0536 60.7945 64.2547 60.2564 61.3593 77.2528 61.1416 59.5563 64.84 57.091 56.8915 54.9095 54.0466 68.2823 72.4455 65.8157 53.9681 92.3935 68.2137 55.6977 54.8618 53.3915
threshold=-0.38470481336116785 49.500000000000007 0.99999997019767772 2.5000000000000004 0.35416667163372045 46.049896240234382 94.826045989990249 5.8914871215820321 2.5000000000000004 68.801231384277358 0.9104277789592744 0.6904762089252473 81.302967071533217 3.5000000000000004 23.629112243652347 7.5000000000000009 0.88194444775581371 99.295776367187514 7.5000000000000009 0.53571429848670971 1.0000000180025095e-35 -92.257743835449205 6.5000000000000009 -78.355854034423814 0.96571320295333873 84.924243927001967 5.5000000000000009 -10.520027160644529 15.500000000000002 0.53571429848670971 86.526824951171889 22.500000000000004 95.488464355468764 47.84466743469239 3.5000000000000004 93.643951416015639 72.065574645996108 21.500000000000004 0.63333335518836986 0.80909091234207164 2.5000000000000004 0.63333335518836986 86.72955703735353 0.84523808956146251 91.734970092773452 6.5000000000000009 0.42913320660591131 18.808961868286136 17.467581748962406 0.31957960128784185 62.236938476562507 0.63333335518836986 35.948717117309577 27.639257431030277 4.5000000000000009 23.90476226806641 99.052112579345717 1.0000000180025095e-35 -1.0000000180025095e-35 2.5000000000000004 99.80237197875978 21.500000000000004
decision_type=8 2 2 2 10 2 2 2 2 2 2 10 2 2 2 2 2 2 2 10 2 2 2 2 10 2 2 2 2 10 2 2 2 2 2 2 2 2 10 10 2 10 2 10 2 2 10 2 2 2 2 10 2 2 2 2 2 2 2 2 2 2
left_child=21 2 3 4 6 19 8 9 -2 10 11 12 13 18 47 20 26 37 24 -6 -16 -1 -10 -24 -7 52 27 28 32 31 35 -29 34 -34 -11 38 -36 -18 -28 -22 -41 -15 -43 44 -37 -46 49 -13 -49 -45 -19 -38 -25 55 -55 -54 60 59 -59 -58 -31 -57
right_child=1 -3 -4 -5 5 7 -8 -9 22 16 -12 14 -14 41 15 -17 17 50 -20 -21 39 -23 23 25 -26 -27 30 29 -30 56 -32 -33 33 -35 36 43 51 -39 -40 40 -42 42 -44 46 45 -47 -48 48 -50 -51 -52 -53 53 54 -56 61 57 58 -60 -61 -62 -63
leaf_value=-0.011859614037957886 -0.019317029331239875 -0.065682468226701485 0.087235895640100453 -0.056875303019687601 -0.012151668269550428 -0.082915902851626033 0.10556297233029861 -0.054690876575343543 0.037795742498033337 -0.0023744596017827848 0.02171214389173318 -0.050147910488265057 0.078731915889556636 -0.0032961908676774746 -0.048388743716565402 -0.050509483534994272 -0.0030849320216699153 -0.054656437301756969 -0.02477773816387965 -0.085172018626941431 0.074710413281890278 -0.094798548533291838 0.04134674662538166 -0.032533025542057468 -0.18464933721743587 0.04968185457032398 0.0827428214224665 -0.054468667434828061 -0.044686951252442042 0.0011347365748288875 -0.041318434330293641 0.0076570980527005022 0.003202604108141396 0.069285657871808543 0.088278300465275572 -0.050363695200537253 0.052125880676891514 0.029473651962432981 -0.049707768882802213 0.011872885977906748 -0.015164251884269725 -0.075166419372163951 0.094634791066253943 -0.02378995018852691 0.012286690129254069 0.085797487260119834 -0.028593536827506524 0.20643846928011844 0.056710465555040036 0.0075931665123320407 0.085342035286468831 0.013286149627425534 -0.030598942313709594 -0.01615220176990426 0.017386571328713001 0.10937821529799381 -0.2519625393381148 -0.042929423630783455 0.031832020304412213 0.081389070440245126 0.076646352574026716 0.027144387708568446
leaf_weight=142.62008971304749 1194.9275695750839 328.46187376734451 184.95335894159507 343.21502931314171 247.12271125032566 213.62932148057735 228.40551863418659 409.99991266569123 1301.4235703100567 1201.3230167516449 1160.9971973836655 31.435193508252269 73.968658264988335 458.46306161145912 402.29305943622603 763.88467660531751 1373.4781620922731 31.093473412562162 150.89468970752205 575.19949554090272 112.13954450510209 714.60702526275418 749.33050353871658 468.78466782957548 122.41832321241964 313.402039037348 39.337991795822745 540.34970003116177 392.21591412034468 22335.138047554094 651.17025236110203 329.55806042876793 251.62094481100212 629.43819949650788 166.06093897359096 91.247547073726309 481.54649478857755 1125.7785550197586 448.82713494007476 1845.2128514779033 1572.1234858710668 273.48225481197005 24.262674500205321 731.02353345844313 419.80792000767542 216.78032747481484 863.28286141995341 41.689420556242112 94.444980962260161 2799.5873788731406 436.73319594142959 1491.0950531996496 97.120004715252435 1527.3382147911179 1113.649592642003 141.13818434203858 5.107891264371573 197.79268527030945 318.67771734809503 267.65772167686373 96.631262199021876 179.19750745248166
leaf_count=61733 66398 174486 89298 78174 79388 10331 24721 11262 28383 13834 65328 7074 1282 20626 24624 149627 67586 679 3595 755973 3744 2314856 46905 49548 1596 7605 506 4888 43487 439139 26304 3034 9706 8083 2462 2042 5054 54867 19405 85214 116589 16687 1000 74825 9686 3177 17152 2561 14813 92058 165313 41144 8003 87315 37967 9797 137 1393 15033 40219 4056 13476
internal_value=-0.000338254 0.000926349 0.00132891 0.00103556 0.00140486 -0.000385561 0.0127881 0.000745626 0.00979779 0.00124766 -0.00980951 -0.015731 -0.044039 -0.051344 -0.00806421 -0.0109897 0.00338764 0.0217439 -0.0904759 -0.0632281 -0.00331162 -0.0809997 0.015703 0.00943894 -0.119976 0.00321353 0.00182996 0.00388799 0.0181235 0.00116196 -0.00760517 -0.0309328 0.0239597 0.0504131 0.0169816 -0.0036919 0.027854 0.0115809 -0.0390345 0.00182631 -0.000565374 -0.0261459 -0.0613296 -0.000323308 0.0263269 0.0373197 -0.00473785 0.073915 0.102563 0.0010952 0.0760372 0.0227674 -0.000915288 0.00393094 -0.0020096 0.0415131 0.0023643 0.0280657 0.00320063 0.0751466 0.00146002 0.0633762
internal_weight=55534.6 54677.4 54348.9 54164 53820.7 46506 7314.72 45683.7 7086.31 45273.7 7341.34 6180.34 1317.12 1243.15 4863.22 4695.65 37932.4 2967.08 486.942 822.322 3931.77 857.227 5891.38 4589.96 336.048 3840.63 34965.3 28704.2 4613.3 24090.9 6261.06 869.908 4221.08 881.059 3340.03 5609.89 2138.7 2499.26 488.165 3529.48 3417.34 756.208 297.745 5121.73 727.836 636.588 4393.89 167.57 136.134 3530.61 467.827 1972.64 3527.23 3058.44 2640.99 417.456 23221 789.236 516.47 272.766 22431.8 320.336
internal_count=5635248 3258659 3084173 2994875 2916701 2536583 380118 1701222 355397 1689960 524691 459363 55117 53835 404246 379798 1165269 288445 15522 835361 230171 2376589 288999 260616 11927 213711 876824 631669 123770 507899 245155 7922 80283 17789 62494 218851 48660 122453 19911 205547 201803 38313 17687 198940 14905 12863 184035 24448 17374 166883 165992 46198 206106 156558 125282 31276 499977 56782 16426 40356 443195 23273
is_linear=0
shrinkage=0.1


Tree=64
num_leaves=63
num_cat=0
split_feature=31 1 36 34 0 45 19 7 13 26 35 10 42 26 41 13 42 17 12 34 1 19 14 41 29 41 32 14 42 7 10 25 21 17 26 17 21 0 0 31 36 35 41 10 12 31 20 24 7 43 43 2 24 0 0 35 43 31 43 26 31 20
split_gain=501.403 128.855 155.949 139.989 116.033 112.555 98.8654 90.8669 97.0975 81.1736 80.5203 79.421 83.7622 232.951 91.3192 152.665 134.929 104.931 92.106 81.1628 154.373 97.9765 73.95 99.4896 72.0011 71.4682 70.2487 156.164 133.201 123.617 64.8267 64.0817 62.9932 60.502 60.1415 59.331 68.7692 58.2606 53.1019 79.1719 59.6252 58.7558 52.7146 54.7709 112.802 52.3906 51.6162 50.9862 52.83 90.4847 58.1768 76.2379 53.013 50.6267 48.8686 47.376 46.5798 46.1897 47.565 44.7055 63.4086 57.231
threshold=-0.38470481336116785 9.5000000000000018 9.5000000000000018 7.5000000000000009 0.99999997019767772 0.35799026489257818 99.052112579345717 1.0000000180025095e-35 99.206348419189467 0.38750000298023229 -92.257743835449205 21.132376670837406 0.97726097702980053 0.88194444775581371 0.35416667163372045 92.422504425048842 0.75181159377098095 7.5000000000000009 70.087718963623061 3.5000000000000004 2.5000000000000004 96.019802093505874 0.31666667759418493 0.73214286565780651 1.0000000180025095e-35 1.0000000180025095e-35 4.5000000000000009 0.44949495792388922 0.90366768836975109 1.0000000180025095e-35 87.298336029052749 3.5000000000000004 0.60434782505035411 7.5000000000000009 0.84523808956146251 8.5000000000000018 0.98275861144065868 0.93393263220787059 0.45672771334648138 0.22482423484325412 6.5000000000000009 -18.747905731201168 0.53571429848670971 33.520599365234382 63.245613098144538 -0.19403144717216489 97.309360504150405 4.5000000000000009 1.5000000000000002 0.98122024536132824 0.93298792839050304 0.91510540246963512 5.5000000000000009 0.6228548288345338 0.49591204524040228 -6.666667938232421 0.66833332180976879 -0.080336645245552049 0.91533857583999645 0.15476191043853763 -0.094046041369438158 79.557674407958999
decision_type=8 2 2 2 2 2 2 2 2 2 2 2 2 2 10 2 2 2 2 2 2 2 2 10 2 8 2 2 2 2 2 2 2 2 2 2 2 2 2 8 2 2 10 2 2 8 2 2 2 8 10 2 2 2 2 2 8 10 8 2 8 2
left_child=10 4 7 6 5 -2 9 54 -9 -4 -1 -7 14 19 15 16 18 26 31 20 24 47 42 -24 33 -11 27 28 -16 -28 -29 -13 -23 -14 -32 -15 -37 46 41 40 -40 -33 -19 44 -44 -5 -26 -21 49 50 -49 55 -51 -42 59 -52 -47 -50 -59 -3 -61 -62
right_child=1 2 3 45 -6 11 -8 8 -10 25 -12 12 13 35 17 -17 -18 22 -20 21 -22 32 23 -25 37 -27 29 30 -30 -31 34 38 -34 -35 -36 36 -38 -39 39 -41 53 -43 43 -45 -46 56 -48 48 57 52 51 -53 -54 -55 -56 -57 -58 58 -60 60 61 -63
leaf_value=-0.010804066485081459 -0.063407499508898527 0.0038806709752637718 -0.0027922516081285227 -0.086532608996483074 0.085514682301674111 0.032430075388463146 -0.036706702224087055 -0.070262431537817541 -0.0081605326381837141 0.12317172228911162 -0.094161459873211312 -0.086752789214223636 0.078411972393858664 0.073666976997458361 -0.021403940381934994 0.100311934295087 -0.053824804833415632 -0.0063250239527626101 0.035553224818305119 -0.030510496886866009 0.042304664259911647 0.061398116145715255 0.061260386384362001 -0.024898316646346619 -0.00029803078665686868 0.017137944856119098 0.0070556387909897393 -0.021537337947092353 -0.088084018761754118 -0.055234760122499449 0.003410145309169531 -0.040706617381889396 -0.023636035791591174 -0.03194309666084439 0.062911388996595694 -0.067199591107879972 0.058683785997089261 -0.061515833968810808 0.033295229921063069 0.019630066971284759 -0.006495677953879681 0.041138051330243237 -0.080824233266053536 -0.096144575434940566 0.09880234658077508 -0.073419611575622643 0.025274676216526022 0.0102794162821204 0.0096045467337783491 0.007120258199971809 -0.055885042980270555 0.048931817675311261 0.0399363918964276 -0.053238886689392521 -0.031589690249476741 -0.010776402686379088 -0.030051638224078466 0.013192669135937259 -0.014307622559276069 0.091845449305869631 0.039013072939707572 -0.0054091020411470283
leaf_weight=140.98828718610457 255.19238119237707 2252.4239459354139 646.76248283823952 270.71654071999365 170.30401752097532 910.16960033841315 581.63789393182378 280.50264523713849 2457.5994568588503 112.99562507370138 650.76212361361831 79.40081698607537 227.11032753787003 631.27650234606699 1518.1168140409573 181.36858520493843 339.53153610779555 162.31683669608901 1154.2709860294126 420.58680059536709 1490.1761858939135 91.248589673195966 154.49197763061966 1011.5532373713504 3898.1717696808628 145.31069554344867 6624.3568026245339 1083.8531206599146 373.23679719213396 334.68827482385677 3189.8260789554042 103.62941710671294 1924.3969605983293 63.590899006492691 179.42756444052793 71.907198497676291 109.4525712718023 135.83135061548091 167.89966687874403 811.25792254693806 434.06913686374901 571.13980187624111 112.50126863294281 321.16614834082429 50.722760279779322 310.42633384329383 989.66620289062848 3899.024637408409 2142.257268609741 776.96452427166514 290.44431627591257 181.82206033606781 1343.4993575899862 497.02216645661974 271.32690333534265 1173.7353389640048 1224.9187088831386 790.20073039887939 3082.0110479552532 135.6020500419836 664.98877818961046 514.34394095186144
leaf_count=61733 6160 145712 154048 485476 89303 75918 46157 115508 152063 3684 2314856 2528 30759 186279 27524 22860 6336 8108 24443 8553 29571 741 5074 38853 44998 14800 208637 25592 3803 120344 61843 25019 25227 2814 27909 7047 23342 1775 2468 13606 14358 31424 81832 46152 1701 190983 12321 63253 111379 15299 3368 2193 26955 7846 8442 16997 269810 12294 28706 15084 13413 9967
internal_value=-0.000311607 0.000838387 -0.00949937 -0.0272645 0.00312989 0.00281357 -0.00453872 -0.000604974 -0.0145225 0.0161339 -0.0793179 0.00319677 0.00258071 0.00656804 -0.00228326 0.0105033 0.00658613 -0.00595404 0.0119575 0.00470257 0.0138605 0.000835944 -0.0285246 -0.013483 0.00588458 0.0635222 -0.00287855 -0.0104891 -0.0345625 0.00405984 -0.000264423 0.00173537 -0.0197865 0.0542718 0.00657885 0.0591842 0.00877238 0.00308459 0.00445335 -0.00406501 -0.0215563 0.0285685 -0.0556455 -0.0721726 -0.0250043 -0.0459719 0.00487981 0.00378389 0.00483826 0.0103429 0.00362423 -0.0121405 0.0279121 -0.0314475 0.00932229 -0.0197244 -0.0388201 -0.00217741 -0.00869565 0.012434 0.0270854 0.0196392
internal_weight=55186.2 54394.4 9869.56 3292.77 44524.9 44354.6 1486.71 6576.79 2738.1 905.069 791.75 44099.4 43189.2 23733.4 19455.8 4339.59 4158.22 15116.3 3818.69 22920.7 6804.55 16116.2 1812.75 1166.05 5314.37 258.306 13303.5 6344.46 1891.35 6959.05 4453.11 2664.42 2015.65 290.701 3369.25 812.636 181.36 5023.67 2585.02 1910.25 1098.99 674.769 646.707 484.39 163.224 1806.06 4887.84 14100.5 13680 7665.49 5545.03 1646 2120.46 931.091 3838.69 1464.18 1535.35 6014.47 3872.21 3567.36 1314.93 1179.33
internal_count=5635248 3258659 1625147 1164958 1633512 1544209 218689 460189 267571 172532 2376589 1538049 1462131 653871 808260 150888 128028 657372 121692 437203 122238 314965 181720 43927 92667 18484 475652 146671 31327 328981 115344 97249 25968 33573 89752 216668 30389 59094 94721 38278 24672 56443 137793 129685 83533 946269 57319 288997 280444 128065 85811 22558 42254 22204 192618 20365 460793 152379 41000 184176 38464 23380
is_linear=0
shrinkage=0.1


Tree=65
num_leaves=63
num_cat=0
split_feature=31 36 0 29 33 3 42 12 17 42 26 42 38 25 17 13 26 0 21 38 17 14 24 35 14 11 21 26 17 21 31 14 21 7 29 10 31 38 32 24 19 40 21 19 24 25 40 20 21 20 19 18 20 20 30 27 25 18 29 20 19 14
split_gain=443.012 118.095 108.427 96.7837 89.8716 89.201 82.3969 166.379 95.9244 92.2417 88.1837 145.581 132.974 87.0027 92.8915 81.7444 76.588 64.4549 78.5322 59.7973 68.2619 84.7667 81.2499 68.3878 92.579 63.811 59.2898 66.3389 75.3673 55.3461 54.7988 51.0807 49.2323 48.9338 48.6173 59.7406 48.0569 46.345 55.3281 45.7005 70.176 61.2517 49.6814 92.8137 87.7189 84.0517 76.0372 66.3982 63.5616 65.3127 74.9486 81.6549 134.582 77.9406 87.9204 109.848 78.8095 73.6342 60.4734 60.1572 52.3723 51.598
threshold=-0.38470481336116785 49.500000000000007 0.99999997019767772 2.5000000000000004 1.0000000180025095e-35 79.500000000000014 0.20144928246736529 42.740047454833991 8.5000000000000018 0.30860805511474615 0.63068181276321422 0.99382716417312633 21.500000000000004 9.5000000000000018 9.5000000000000018 94.201679229736342 0.88194444775581371 0.78429833054542553 0.56385868787765514 28.500000000000004 10.500000000000002 0.64583334326744091 7.5000000000000009 -99.765258789062486 0.61250001192092907 92.031745910644545 0.2709790319204331 0.38750000298023229 11.500000000000002 0.11882352828979494 -0.075651429593563066 0.2264957278966904 0.28801843523979193 1.0000000180025095e-35 1.0000000180025095e-35 68.801231384277358 0.29153905808925634 26.500000000000004 19.500000000000004 4.5000000000000009 96.677703857421889 1.0000000180025095e-35 0.8441295623779298 98.706874847412124 11.500000000000002 3.5000000000000004 1.0000000180025095e-35 99.014755249023452 0.74456521868705761 97.309360504150405 97.448913574218764 91.905540466308608 88.664871215820327 93.364780426025405 1.0000000180025095e-35 1.5000000000000002 8.5000000000000018 81.977397918701186 1.0000000180025095e-35 81.505073547363295 94.146202087402358 0.44949495792388922
decision_type=8 2 2 2 2 2 2 2 2 2 2 2 2 2 2 2 2 2 2 2 2 2 2 2 2 2 2 2 2 2 8 2 2 2 2 2 8 2 2 2 2 8 2 2 2 2 10 2 2 2 2 2 2 2 2 2 2 2 2 2 2 2
left_child=15 2 3 4 5 6 37 9 10 30 39 12 17 19 34 -1 -13 18 -12 20 23 33 26 -10 25 -25 -23 28 36 -18 -8 -11 -6 -22 35 -15 -28 38 -2 40 -9 -42 43 44 47 46 -45 48 49 50 51 53 -53 54 -41 57 -55 59 -44 -56 -50 -59
right_child=1 -3 -4 -5 32 -7 7 8 13 31 11 16 -14 14 -16 -17 29 -19 -20 -21 21 22 -24 24 -26 -27 27 -29 -30 -31 -32 -33 -34 -35 -36 -37 -38 -39 -40 42 41 -43 58 45 -46 -47 -48 -49 60 -51 -52 52 -54 56 55 -57 -58 61 -60 -61 -62 -63
leaf_value=-0.094209428165391157 0.01491283873861423 -0.061224739325290857 0.084166011177943242 -0.053275872790120041 0.046439655985745121 -0.038827189806060258 -0.046411850090160793 -0.029914453092540757 0.03732727928706632 -0.060188544802620064 0.034984163165706482 0.020861075653004827 0.024063448611869404 0.017575456126460817 -0.047383223446177215 -0.010618257239307061 -0.095430058033320803 0.019910442924352217 -0.022787133148127178 -0.024355101566368591 0.005742226855318765 0.028411987799652899 -0.013551888197265428 -0.00038631112563971447 -0.031768125260341985 0.082093198877944695 0.26805660625002764 0.026796858037648037 0.075486334461895177 0.075756508701658662 0.0010797542450400339 0.15134637131699991 -0.046207926595198456 -0.08644460253856058 0.026901131428195692 -0.17780890328975163 0.10358691491970823 -0.0041929629529956474 0.060466053922976375 -0.00078619907809384835 0.123655151190671 -0.022692825106883557 0.028609686693334836 -0.16955483984022102 0.020786706852317757 0.035920254104386394 0.02861476336878372 0.052772097139819757 0.035342736746236503 0.026585930764429246 0.03299488340642618 0.15150458269253331 -0.015490007407667842 0.036775043676773242 0.034361300518137357 -0.047431412091474064 -0.024568545667272068 0.0076075722736725984 -0.02374731970681461 -0.039897155369267724 -0.02080776981933722 0.093628256541167701
leaf_weight=586.40656573731394 570.12272034594207 305.66295986867044 156.71838092710823 328.14212743502867 63.953272882645251 539.01097563402436 327.57169236594927 813.5063243642071 266.66720017523039 678.06409464524768 268.63411744000041 624.18891981127672 2604.8325590405584 35.298147668450838 984.31585371842084 146.14180550361925 19.495620068337303 668.20638115622569 1896.306520262704 1033.5421090542513 1353.9345333692618 215.7531780974241 170.36200772601296 460.92488957707246 1285.4011277354439 117.76609095896129 49.212456603243481 84.06471044733189 94.739117106364574 604.31332251540152 940.63162031615502 11.61091286112787 556.04586329025915 60.137486145613366 315.92233329059673 28.112578248139471 27.80252110818401 386.14020081894705 500.87189447504352 18706.041456102146 59.799417283124058 54.811987204651814 266.87948325806065 39.105537671566708 2454.1969941974094 1247.3276089153078 38.350153378909454 246.62347206688719 181.6656637598935 1037.10002191682 711.65684728155611 48.883622245397419 3780.3767512367631 1130.9057733292284 515.03109058729024 170.48174542588822 257.02969900387689 90.960253566707252 1272.2854767723766 138.41053806527634 1939.8207541153533 298.77648954093456
leaf_count=2234997 57309 174486 89298 78174 1666 134463 316768 27328 13858 313906 10735 16175 94432 1700 31670 141592 285 27740 56995 107439 107809 13120 8751 40374 57516 5188 726 6698 1889 188473 87145 456 11176 37891 7002 1636 492 53695 53192 700427 1170 1415 17776 1765 69185 63213 1887 5824 3116 9795 7238 774 50027 18313 17523 2283 2900 1970 13289 2988 21971 6154
internal_value=-0.000288067 0.000757214 0.00110917 0.000866655 0.00119971 0.00164481 0.00206284 0.00138938 0.00253686 -0.0271937 0.00428891 0.0148241 0.0077551 -0.00868925 -0.0311808 -0.0775332 0.0456262 -0.007239 -0.0156186 -0.002814 0.00250362 0.0155025 0.0456389 -0.0100392 -0.0168152 0.0163986 0.0670223 0.0995856 0.135212 0.0704065 -0.0111871 -0.0566273 -0.0366513 0.00182172 0.0108622 -0.0690465 0.208683 0.0255082 0.0362167 0.00230475 -0.0195933 0.0536654 0.00289262 0.00371091 0.00262743 0.0296435 -0.0714364 0.00110398 0.000664692 0.00197963 0.00099237 8.63388e-05 -0.0133582 0.0025025 0.000906038 0.0269883 0.0254149 0.0391504 -0.014669 0.018632 -0.0159995 0.073552
internal_weight=54867.1 54134.5 53828.8 53672.1 53344 52724 52185 50727.8 48770 1957.88 42186 6685.98 5437.98 6583.96 1363.65 732.548 1248 2833.15 2164.94 5220.31 4186.77 2056.01 641.934 2130.76 1864.09 578.691 471.572 255.819 171.754 623.809 1268.2 689.675 619.999 1414.07 379.333 63.4107 77.015 1457.13 1070.99 35500 928.118 114.611 34571.9 33032.7 31708 1324.78 77.4557 29253.8 29007.1 26885.7 25848.6 25136.9 3829.26 21307.6 19919.7 1213.66 1387.94 1043.18 1539.16 653.442 2121.49 389.737
internal_count=5635248 3258659 3084173 2994875 2916701 2903859 2769396 2605200 1886925 718275 1443166 394835 189902 443759 42008 2376589 204933 95470 67730 401751 294312 177376 31676 116936 103078 45562 22925 9805 3107 188758 403913 314362 12842 145700 10338 3336 1218 164196 110501 1048331 29913 2585 1018418 987353 920488 66865 3652 851303 845479 820392 810597 803359 50801 752558 731345 30918 21213 28635 31065 20511 25087 8124
is_linear=0
shrinkage=0.1


Tree=66
num_leaves=63
num_cat=0
split_feature=44 9 27 0 45 45 28 25 35 24 0 38 42 27 25 0 10 18 35 33 34 13 21 24 19 25 21 19 24 43 34 43 25 18 34 19 30 34 27 25 3 18 33 14 41 14 34 27 9 43 24 43 43 30 13 0 19 2 19 14 41 18
split_gain=171.87 219.819 110.301 94.8054 93.8662 88.5734 82.9399 74.1966 70.2976 54.3872 50.8731 49.5846 49.4504 81.8673 68.3529 48.5406 46.2788 56.3706 46.0099 44.6087 45.5089 43.7858 43.3555 83.1848 49.69 64.4898 56.3089 100.232 61.0228 144.57 79.2518 72.5149 61.0416 47.1861 44.4047 48.2885 55.0059 43.8072 42.8931 61.9116 51.0406 45.7004 44.5738 42.3124 72.8777 98.7216 59.2718 46.0037 42.3716 41.7317 41.089 37.9863 39.8929 37.7856 37.5588 36.7012 36.5714 35.326 58.1284 32.9393 32.6846 38.3813
threshold=0.7556847631931306 45.222154617309577 1.5000000000000002 0.99999997019767772 0.99999985098838817 0.55098927021026622 1.0000000180025095e-35 10.500000000000002 -15.319324493408201 6.5000000000000009 0.60060089826583873 32.500000000000007 0.97999200224876415 1.0000000180025095e-35 7.5000000000000009 0.38690181076526647 24.068965911865238 48.900966644287116 -37.775087356567376 -60.697162628173821 3.5000000000000004 63.702239990234382 0.82480818033218395 12.500000000000002 98.295398712158217 3.5000000000000004 0.70710784196853649 97.067424774169936 5.5000000000000009 0.98255756497383129 2.5000000000000004 0.61586838960647594 9.5000000000000018 93.764953613281264 2.5000000000000004 96.56854629516603 1.0000000180025095e-35 3.5000000000000004 1.0000000180025095e-35 5.5000000000000009 16.500000000000004 94.349296569824233 -51.996379852294915 0.93750000000000011 1.0000000180025095e-35 0.31666667759418493 2.5000000000000004 1.5000000000000002 48.714567184448249 0.98894992470741283 4.5000000000000009 0.49390153586864477 0.96437636017799389 1.0000000180025095e-35 94.826045989990249 0.23710072040557864 92.768566131591811 0.99996608495712291 49.890829086303718 0.13392857462167743 0.53571429848670971 89.808139801025405
decision_type=2 2 2 2 2 2 2 2 2 2 2 2 2 2 2 2 2 2 2 2 2 2 2 2 2 2 2 2 2 10 2 8 2 2 2 2 2 2 2 2 2 2 2 2 10 2 2 2 2 8 2 8 10 2 2 2 2 2 2 2 8 2
left_child=1 2 8 4 5 10 12 11 -1 21 49 43 15 -14 -15 16 17 -7 -4 -13 -21 -3 23 24 26 -26 27 28 31 32 -31 -8 38 -34 35 -28 -37 -24 41 40 -40 42 60 44 54 47 -45 -46 -47 -2 -33 -44 -53 -27 -6 -20 -36 58 -11 -10 61 -30
right_child=3 9 18 -5 7 6 22 -9 59 57 -12 19 13 14 -16 -17 -18 -19 55 20 -22 -23 37 -25 25 53 34 -29 29 30 -32 50 33 -35 56 36 -38 -39 39 -41 -42 -43 51 46 45 48 -48 -49 -50 -51 -52 52 -54 -55 -56 -57 -58 -59 -60 -61 -62 -63
leaf_value=-0.085118758851601417 0.010242979987644662 -0.051027904601597486 -0.084684440050174503 0.082116473647462801 0.013138779324098399 -0.035806252198224253 -0.076690146197983172 -0.028719882355826922 -0.024328291250745544 -0.0049199095245348089 -0.039214453898623658 -0.059962243525712659 0.00016260423400141951 0.064501300503678041 0.021547038134951416 0.005507756624003002 0.021412989087779995 0.12600590987444113 0.16360003620990121 0.019404337268987146 -0.023928304478839365 -0.0092415402318340324 -0.0082790552510087576 0.028015437869281082 -0.055428291193860807 0.034733026793094382 -0.019037410892332199 0.054416273789693374 -0.029500896192188465 -0.012393733687523504 0.076202252348452695 -0.033559888210825568 -0.037360665853468901 0.059911876857656136 0.024109510608243623 0.028089931900368723 -0.0852640883553549 -0.061322926450053564 0.052297760315942021 0.0076303974226718243 -0.096479331638486307 0.064016483242267261 -0.04990117493573934 0.042289353618860159 -0.056996160420098863 0.057886043030275718 0.0021545022480454717 0.0054028452185272691 -0.0075338084765101364 -0.024179401678404201 -0.0021909230893703857 0.0047359609005672848 -0.039654348578202353 -0.016820530159401541 0.1052058497416814 0.023856591298725242 -0.022693771493078663 -0.046022068571490639 0.037171260294658691 0.18376905091934898 -0.093416834434345272 0.16240970405690006
leaf_weight=743.8403364297701 766.4504852246755 361.18765236875333 25.700292284469469 144.57929516618606 1004.5103465091088 28.167626159920474 141.40260328141449 1273.5529349720309 168.69379318972642 863.69866300107969 658.21827552421018 240.6860152783629 823.70141856349073 630.716109537374 897.80389260443917 6066.5143748349219 849.6542130401067 91.352944340353133 27.32945646517328 323.42173817352159 967.01457057423249 820.22401467735472 840.41951519684517 1242.8281788594468 102.34547050698893 996.00208807081799 519.66321678491659 365.95286739546282 130.86529114049335 131.58912247093394 433.88231588556664 447.91563111382129 520.17336635818356 55.15731694875285 180.73533002009208 677.35642537247622 45.697099100303603 191.09765828463424 548.59888960536045 1569.2984865622857 24.070937947210041 115.46952044373029 137.4496420637588 395.47724550717976 613.87551689625252 101.21724217072187 5289.0048608922807 146.3112005454168 4528.9933796837577 651.62852327234577 6162.6169998752594 6028.6541485617345 209.48545437424036 165.84309041145025 46.354959417833015 60.175413628327078 2189.0319656281936 117.52520488604205 529.09027288662037 7.9656027985620304 82.251904877659399 11.322992356144821
leaf_count=1691442 64484 120149 28905 89180 58251 2276 115317 90768 88321 110170 16710 106441 21233 110549 53879 207902 58898 9246 15217 13667 66958 79142 41258 93159 7596 39768 9542 6084 55120 1322 9229 25881 100341 861 16622 7933 710 3688 16211 60636 3480 1770 139514 47658 388600 5554 159875 15166 227469 31733 351135 165130 1978 7324 7283 14914 74197 1988 40883 505 232046 1980
internal_value=-0.000265787 -0.020998 -0.0601958 0.00125442 0.00102366 0.0038061 0.00504274 -0.00563525 -0.0716513 -0.00594485 -0.016239 -0.00348252 0.0130242 0.0255762 0.0392713 0.0088277 0.0296088 0.0878713 0.0329514 -0.0204395 -0.0130679 -0.0220167 0.00195507 0.00284565 0.00142329 0.0206707 0.000249437 0.00264387 0.00151276 0.00647283 0.0555854 -0.00583211 0.00352867 -0.0280351 -0.0110955 0.00421458 0.0209259 -0.0181059 0.00557887 0.0179006 0.0460442 0.00164874 0.000557599 -0.00134137 -0.00689068 -0.0115872 0.00494674 -0.0449864 -0.00610372 -0.00557462 -0.00431642 0.0020995 0.00324527 0.0273742 0.0172 0.0675012 -0.0191242 0.00662702 0.0110696 -0.0149451 -0.0432427 -0.0142183
internal_weight=54531.8 3725.43 1033.7 50806.4 50661.8 35731.4 33655.1 14930.4 920.5 2691.73 2076.3 13656.9 9387.91 2352.22 1528.52 7035.69 969.175 119.521 113.205 1531.12 1290.44 1181.41 24267.2 23235.7 21992.8 1264.19 20728.6 17116.2 16750.2 9998.27 565.471 6751.94 9432.8 575.331 3612.48 1242.72 723.054 1031.52 8857.47 2141.97 572.67 6715.5 6600.03 12125.7 6441.26 5390.4 5684.48 760.187 4630.21 1418.08 6610.53 6375.59 6238.14 1161.85 1050.87 87.5049 2369.77 1510.31 1392.79 176.659 224.44 142.188
internal_count=5635248 2191636 1839304 3443612 3354432 2166742 2053815 1187690 1780268 352332 112927 1096922 463983 185661 164428 278322 70420 11522 59036 187066 80625 199291 1589832 1544886 1451727 54688 1397039 1288035 1281951 789618 10551 492333 779067 101202 109004 18185 8643 44946 677865 80327 19691 597538 595768 909856 702323 636789 207533 403766 233023 96217 377016 306622 167108 47092 65534 30131 90819 153041 151053 88826 289146 57100
is_linear=0
shrinkage=0.1


Tree=67
num_leaves=63
num_cat=0
split_feature=31 43 36 0 37 45 21 35 20 34 25 21 1 25 14 36 20 45 26 14 10 41 41 12 19 39 38 1 19 10 21 21 26 12 20 21 31 40 36 31 25 31 26 11 27 7 36 18 7 2 10 36 31 7 41 11 38 31 0 36 9 7
split_gain=365.425 98.0943 90.2654 84.2751 82.3668 92.0125 127.734 99.2566 90.3004 116.967 79.9653 74.1356 64.7376 74.2063 71.2179 96.2652 69.594 69.3708 59.2021 57.3908 85.2522 68.9153 68.7272 93.2982 55.4025 53.3519 52.6775 50.7733 49.6354 92.2273 91.5162 48.795 96.1974 159.904 48.2 48.9512 47.8065 46.9138 46.8747 44.2214 42.9967 42.9873 42.3926 54.1455 42.247 40.7979 49.3229 91.784 81.516 59.0036 41.6817 40.8686 42.4711 58.3953 40.5396 53.4629 37.1495 36.3759 42.1267 38.7251 37.314 34.8424
threshold=-0.38470481336116785 0.36120072007179266 49.500000000000007 0.99999997019767772 15.735805511474611 0.87790751457214367 0.22902098298072818 -96.747753143310533 82.388591766357436 3.5000000000000004 3.5000000000000004 0.048809524625539787 1.5000000000000002 3.5000000000000004 0.93750000000000011 2.5000000000000004 86.849620819091811 0.77923342585563671 0.86607143282890331 0.43650794029235845 89.022754669189467 0.76388889551162731 0.63333335518836986 86.72955703735353 98.192703247070327 1.0000000180025095e-35 29.500000000000004 5.5000000000000009 78.964126586914077 48.934240341186531 0.62731480598449718 0.8834841549396516 0.73214286565780651 42.740047454833991 99.80237197875978 0.79583334922790538 0.22482423484325412 1.0000000180025095e-35 4.5000000000000009 -0.01899527013301849 3.5000000000000004 0.30716219544410711 0.23611111193895343 45.773809432983406 1.5000000000000002 1.5000000000000002 4.5000000000000009 56.928691864013679 1.0000000180025095e-35 0.38809353113174444 83.75235748291017 3.5000000000000004 -0.085241213440895067 3.5000000000000004 0.76388889551162731 97.915760040283217 28.500000000000004 0.29153905808925634 0.70274078845977794 6.5000000000000009 32.049383163452156 1.5000000000000002
decision_type=8 8 2 2 2 2 2 2 2 2 2 2 2 2 2 2 2 2 2 2 2 10 8 2 2 10 2 2 2 2 2 2 2 2 2 2 10 8 2 10 2 8 2 2 2 2 2 2 2 2 2 2 10 2 10 2 2 8 2 2 2 2
left_child=10 11 3 4 5 6 7 36 25 19 -1 -2 14 16 15 54 44 -15 -16 20 22 -21 23 57 -17 28 42 38 29 -7 37 -12 33 -33 35 39 -3 -30 -24 -11 -6 -19 -9 -44 -14 46 47 -31 49 -48 -51 52 53 -47 -8 -56 -22 58 -10 -60 -59 -38
right_child=1 2 -4 -5 40 8 12 26 9 34 31 -13 13 17 18 24 -18 41 -20 21 56 -23 27 -25 -26 -27 -28 -29 30 45 -32 32 -34 -35 -36 -37 61 -39 -40 -41 -42 -43 43 -45 -46 51 48 -49 -50 50 -52 -53 -54 -55 55 -57 -58 60 59 -61 -62 -63
leaf_value=-0.0080367399813678821 -0.10167326767924745 -0.0010014349889845018 -0.055480293313785858 0.080589721536985071 0.044370322548828056 -0.048631457111935963 -0.0067598062078576097 -0.02628957548702824 0.0043150203661030725 -0.042005488622214232 -0.09698366699740156 -0.0099968338309650712 -0.021878779537127732 0.021892941165344196 0.0099335607597049371 -0.012678688132293831 -0.097398080661011494 0.0025284377593448571 0.083462239059420573 0.049993052055027777 -0.05830720315306296 0.0053774793848273897 -0.045169100670583856 0.063962849707253605 0.014153903465302967 -0.051157680945625811 -0.054015147416279378 -0.064558267299843791 0.015815201627367586 0.043468160406936657 -0.0049453669650170399 -0.10013970168816458 0.1176000346739053 8.8926906111898081 0.047362970272477337 -0.043943890943717943 0.084537249896654607 0.045441976703744315 0.00025717733375694052 -0.012669734107668551 -0.038692696316870896 0.020964237084497524 -0.065537812195528844 0.046943776800483027 0.10197338488835149 0.049149358034009646 -0.004824460985489748 -0.022068092917237738 -0.077975943876444881 0.063204322442700467 -0.0025294149598158321 -0.055388039485236379 -0.013171659251604734 0.0007427008190110003 -0.090805943568210021 -0.027604012615400377 0.033157445471363192 0.070409224377910709 0.023736559235013346 -0.049447600763261067 0.009002872342359863 -0.096442504105965152
leaf_weight=141.03527437701996 161.75029339274624 3949.5228660852008 281.40050401652115 133.73357893072534 68.380041721160524 366.97001014457783 286.71637991708121 850.08096186484909 792.5116560892784 562.49874056996487 502.56154239118041 194.0098256420315 132.92612564377487 6540.9729040279635 3312.3255561999977 1528.5958801940287 114.33608629539958 4847.3811349937168 113.24623472522944 389.4160268411506 399.95875759935006 3120.5790551957325 306.00137245547376 268.94381708023138 1549.5152533512155 170.65130557243538 537.55825549074507 212.15440510386543 1408.1144511791063 885.88303838859429 1473.3160591375199 0.048547498343395001 7.8336592321575154 0.033359726046910509 115.24994361096469 652.19637691458047 99.987861026078463 861.46951598965097 881.60054506440065 5941.6322177662514 703.07034333600313 1711.2946911236504 55.53462882238091 186.56390657825978 34.739392519491958 299.78177818184486 1126.7909386253014 281.63872690402786 121.60856596282974 264.49648222164251 151.84419941034866 149.04144491179613 1708.8072033866774 1477.3209588570462 224.02092672325671 332.48725701402873 49.952578943222761 116.08095380431041 91.215614769840613 348.72726146300556 670.79989728052169 11.904186375439165
leaf_count=75351 189540 172766 167872 89258 1511 312743 7659 109961 18782 226515 2291370 27747 7316 386904 45607 34494 6429 295826 57333 22100 8921 133737 4969 13328 50381 7817 88704 35791 65979 21056 62395 96 9723 49 4382 17884 2758 41797 37128 113327 13021 36265 28175 3778 1112 10415 56698 4092 31721 6785 3536 35094 18937 77796 3020 10563 1307 2708 1674 5527 15651 67
internal_value=-0.000247189 0.00065716 0.00100666 0.00130662 0.00110603 0.00158643 0.00572914 -0.00754095 -0.00267772 -0.00771199 -0.0746888 -0.0516785 0.00937253 0.0135134 0.00183036 -0.00737184 -0.0372405 0.014606 0.0123644 0.000921712 -0.00705658 0.0103273 -0.00204325 0.00863349 0.000828787 0.00431062 -0.0283887 -0.0194973 0.00520555 0.000135946 0.0144622 -0.0931035 0.153247 3.56252 -0.0167926 -0.0178258 0.000824698 0.0270607 -0.0114475 -0.0152068 -0.0313301 0.00733872 -0.0157757 0.0211418 0.00378272 0.00290316 0.0119011 0.027659 0.000849708 0.00706167 0.0392305 -0.0041078 -0.00191529 0.00890848 -0.0373075 -0.0530458 -0.0481521 0.00126448 -0.00945988 -0.034274 0.0180616 0.0652828
internal_weight=54280.8 53629.3 53273.5 52992.1 52858.4 52087 26419.7 5691.15 25667.3 14919.5 651.512 355.76 20728.6 13381.7 7346.91 3921.34 282.002 13099.6 3425.57 7647.94 4137.95 3510 3688.04 2288.28 3078.11 10747.7 1629.74 1399.76 10577.1 6834.18 3742.9 510.477 7.91557 0.0819072 7271.58 7156.33 4061.41 2269.58 1187.6 6504.13 771.45 6558.68 1092.18 242.099 167.666 6467.21 2832.26 1167.52 1664.74 1543.13 416.341 3634.95 3485.91 1777.1 843.225 556.508 449.911 2019.34 1232.45 439.943 786.881 111.892
internal_count=5635248 3258659 3041372 2873500 2784242 2769710 1349118 406209 1420592 663731 2376589 217287 942909 733852 209057 106117 14857 718995 102940 301623 145786 155837 135558 57670 84875 756861 230618 77888 749044 578873 170171 2301238 9868 145 362108 357726 175591 107776 42097 339842 14532 332091 141914 31953 8428 266130 123888 25148 98740 67019 10321 142242 107148 88211 21242 13583 10228 44342 25983 7201 18359 2825
is_linear=0
shrinkage=0.1


Tree=68
num_leaves=63
num_cat=0
split_feature=1 12 26 36 21 11 21 18 20 3 43 20 20 9 3 45 20 11 20 45 34 1 17 38 21 3 38 45 7 10 30 29 10 7 18 3 4 0 0 29 29 3 43 37 27 0 39 0 12 32 2 33 27 2 13 10 26 32 10 17 36 7
split_gain=149.978 201.669 93.8893 90.8638 83.719 223.637 93.0174 111.864 83.9014 84.7965 82.172 111.331 80.9632 67.4283 66.7531 64.1171 58.029 76.3412 68.4889 88.0249 59.612 71.0388 57.0883 56.8438 65.1368 55.2707 55.3193 54.6247 52.7568 65.3214 61.4255 57.7107 192.178 144.387 71.9096 64.0893 109.889 52.3085 50.7832 53.6038 49.0888 49.0735 48.5684 47.8011 47.5317 45.6243 45.2784 44.4319 44.6622 51.5402 50.7399 140.666 128.669 95.1325 44.0968 41.7572 41.7323 40.7525 43.7142 47.7778 40.1628 79.1996
threshold=9.5000000000000018 48.074073791503913 0.44949495792388922 2.5000000000000004 0.98275861144065868 99.275363922119155 0.8834841549396516 97.68778228759767 97.68778228759767 7.5000000000000009 0.47089621424674993 52.206359863281257 99.80237197875978 43.288288116455085 4.5000000000000009 0.39515814185142523 99.014755249023452 43.826219558715827 85.212245941162124 0.87790751457214367 3.5000000000000004 2.5000000000000004 7.5000000000000009 39.500000000000007 0.29520697891712194 3.5000000000000004 24.500000000000004 0.61465257406234752 1.5000000000000002 84.028984069824233 1.0000000180025095e-35 1.0000000180025095e-35 97.825057983398452 1.0000000180025095e-35 89.808139801025405 22.500000000000004 1.0000000180025095e-35 0.86401242017745983 0.89735862612724315 1.0000000180025095e-35 1.0000000180025095e-35 16.500000000000004 0.96315684914588939 -72.405994415283189 1.5000000000000002 0.40724894404411321 1.0000000180025095e-35 0.26942645013332372 59.317129135131843 7.5000000000000009 0.15206374228000644 -56.094758987426751 1.5000000000000002 0.14616002142429355 97.498435974121108 68.457099914550795 0.76388889551162731 4.5000000000000009 79.337715148925795 12.500000000000002 6.5000000000000009 1.0000000180025095e-35
decision_type=2 2 2 2 2 2 2 2 2 2 8 2 2 2 2 2 2 2 2 2 2 2 2 2 2 2 2 2 2 2 2 2 2 2 2 2 2 2 2 2 2 2 10 2 2 2 8 2 2 2 2 2 2 2 2 2 2 2 2 2 2 2
left_child=4 2 3 13 6 8 15 12 9 43 11 -3 56 -2 23 -1 18 40 28 27 21 54 -22 47 -25 26 -4 -20 31 -30 -31 32 33 35 46 36 -17 41 -19 -40 -18 57 -5 -6 -14 -42 -33 48 49 50 51 52 53 -12 -21 -26 -8 -10 59 -59 -16 -62
right_child=1 10 25 42 5 -7 7 -9 37 -11 14 -13 44 -15 60 16 17 38 19 20 22 -23 -24 24 55 -27 -28 -29 29 30 -32 34 -34 -35 -36 -37 -38 -39 39 -41 45 -43 -44 -45 -46 -47 -48 -49 -50 -51 -52 -53 -54 -55 -56 -57 -58 58 -60 -61 61 -63
leaf_value=-0.04078489684361189 -0.10077474198131875 -0.086778471262925427 0.072332955955186476 -0.080042570726187479 0.075276032242709817 0.083257126432154827 -0.045059467940160997 -0.083301762520799835 -0.04273309244688106 0.092776845028058386 -0.10081121038290497 0.019922574938302132 0.00024536056865251204 2.2268989798692682 -0.0056999960584263416 0.046037386303790166 -0.039312479106966142 0.043091442058417299 -0.01476870098187966 -0.023224877511416189 -0.011687817659799421 0.019390581599293188 -0.038653447162477095 -0.062023544021840786 -0.032934168877932365 -0.044219359100707262 -0.019844910035277732 0.007022367604413212 -0.052120477113766918 -0.00080861763910606069 0.06149278638221635 0.09861242479510067 0.0662239169325472 -0.061480763478690054 0.13185848380011594 -0.022835660319458471 0.0053755726985604954 0.032788101774923209 0.073070386964774803 -0.052607862730415067 0.40553863438090282 0.060859220815677656 -0.0120266294521839 0.00873446767658617 0.070697724137961826 0.028343149635299832 0.0030446695060266284 -0.0018054389434565285 0.015622491463578199 0.036459537118811454 0.14533667062271929 0.15062398440214944 4.8948482089515046 2.8021646899415158 0.0050196888283176302 0.023039526757418848 0.0024281304158574667 -0.025543025168326402 0.023972400394961981 0.0313144835139735 -0.017521715644227161 -0.087274362161636074
leaf_weight=349.90405170252779 0.21256747186998737 272.46992083998339 108.21127238163899 682.41827994240157 125.16345412808005 442.37330528080929 554.98591473873239 258.73261109206942 378.77024718641769 181.26982692870661 0.24900542988325503 152.52758441846527 279.03799234615872 0.30021776333160233 2208.2670039535587 1060.338990137534 278.36477574823948 972.99290725850733 1340.8148676604324 1207.9569225473679 4719.9938916038664 1262.7773988121335 941.74813734300551 251.43707240137155 230.19591926343855 325.5578340888751 163.44371002507978 8098.4225449343503 242.54748034522345 6468.2122243479971 162.22239087936759 49.92437262594467 721.38274702199851 264.64592414189246 44.05991933515179 386.83374388913217 1780.9386872248724 337.60595058335457 47.509570133523084 118.79545096727088 3.30665968050016 93.157751202263171 124.07446839982003 785.3187798425497 145.79710601302213 106.1192665969138 7097.8641387933894 1852.9133473587135 1899.1136989342485 98.361848011132679 36.238576573174214 1.5398633654112917 0.12008668623457197 0.2065058884472819 1019.1012148493901 316.56542682963482 277.63808248526766 888.56084945332259 365.94957570591941 177.27790662055486 1085.9803223671479 191.48178711340006
leaf_count=12804 425 426454 25131 1918888 3396 200160 7781 3046 10143 7195 276 22564 3252 99 170314 66991 21410 33201 39753 25101 148282 42864 84105 59576 44821 159517 77140 251575 110402 214858 14958 1842 49902 107006 569 42743 43154 15242 8794 1777 226 3898 47184 28124 3068 2351 486450 50933 49650 39392 6152 359 33 64 26802 4605 22454 37716 15294 7951 138931 186100
internal_value=-0.000298112 -0.0113524 -0.0464884 -0.0687326 0.00221251 0.016451 0.000877363 -0.0234206 0.00758437 0.0303171 -0.00561379 -0.0484845 -0.0110996 1.262 -0.00338442 0.00182816 0.00221649 0.0213184 0.00142531 -0.00284836 -0.0098367 0.000443261 -0.0161732 0.0044095 -0.0198983 -0.0164301 0.0168733 0.00392701 0.0057719 -0.00114892 0.000715669 0.00994222 0.0192346 0.0095296 0.00449724 0.0153511 0.0205502 -0.0034888 0.0343629 -0.0167044 -0.0170052 -0.00992217 -0.0695787 0.0178819 0.0244236 0.0397413 0.00371217 0.0093989 0.0195965 0.0747999 0.173127 0.649176 1.98292 1.21525 -0.0103002 -0.000526361 -0.0292248 -0.013564 -0.00584757 -0.0160861 -0.0138642 -0.0279771
internal_weight=54040.3 10001.9 1404.22 807.006 44038.4 3775.45 40263 1516.19 3333.07 1091.75 8597.67 424.998 1257.46 0.512785 8172.67 38746.8 38396.9 1527.09 36869.8 18590.8 9151.58 3489.84 5661.74 4686.94 798.198 597.213 271.655 9439.24 18279 6872.98 6630.43 11406 4214.14 3492.76 7191.85 3228.11 2841.28 2241.32 1139.3 166.305 387.791 1903.72 806.493 910.482 424.835 109.426 7147.79 3888.74 2035.83 136.716 38.354 2.11546 0.575598 0.455511 2227.06 546.761 832.624 1810.56 1431.79 1065.84 3485.73 1277.46
internal_count=5635248 3428608 2228384 1966596 2206640 329119 1877521 39601 128959 38715 1200224 449018 36555 524 751206 1837920 1825116 67759 1757357 618482 327154 94767 232387 255861 109002 261788 102271 291328 1138875 340218 229816 798657 309796 259894 488861 152888 110145 90244 43772 10571 23987 75002 1966072 31520 6320 2577 488292 146859 95926 46276 6884 732 373 340 51903 49426 30235 71104 60961 45667 495345 325031
is_linear=0
shrinkage=0.1


Tree=69
num_leaves=63
num_cat=0
split_feature=12 41 42 43 29 30 41 14 7 24 13 17 12 10 24 35 19 21 28 17 17 13 42 12 14 42 42 42 19 41 3 38 12 13 0 13 21 12 28 7 14 9 14 10 41 9 35 19 10 29 41 9 11 38 41 43 42 12 2 43 41 42
split_gain=133.633 399.952 129.355 95.4248 82.7715 268.493 101.132 173.883 226.165 171.684 144.026 119.418 115.209 102.129 94.181 91.3947 82.4398 78.574 78.2421 74.2941 100.563 79.5221 81.2662 72.118 71.8143 70.0451 86.109 67.6777 67.2509 67.2151 65.561 63.3268 63.0825 63.0787 60.4908 58.8126 58.1155 57.298 56.0314 55.7523 61.2434 138.324 134.54 100.881 130.783 135.015 98.8453 97.7635 101.405 103.498 93.4326 81.817 80.6772 80.2461 73.7153 73.3293 68.4698 67.7206 64.2358 63.9291 63.44 62.4533
threshold=42.740047454833991 1.0000000180025095e-35 0.33534134924411779 0.36120072007179266 1.5000000000000002 1.0000000180025095e-35 0.35416667163372045 0.31666667759418493 1.0000000180025095e-35 7.5000000000000009 94.826045989990249 7.5000000000000009 58.919960021972663 26.747966766357425 8.5000000000000018 1.0000000180025095e-35 98.514816284179702 0.048809524625539787 1.0000000180025095e-35 2.5000000000000004 9.5000000000000018 70.396453857421889 0.52704679965972911 87.226108551025405 0.2264957278966904 0.96362432837486278 0.72065576910972606 0.97014257311820995 82.380176544189467 0.53571429848670971 3.5000000000000004 22.500000000000004 88.273490905761733 71.834934234619155 0.99999997019767772 39.250699996948249 0.57417583465576183 75.181159973144545 1.0000000180025095e-35 50.500000000000007 0.44949495792388922 90.366767883300795 0.34848485887050634 74.601570129394545 0.53571429848670971 69.113357543945327 -0.70838546752929676 94.602687835693374 89.386734008789077 1.0000000180025095e-35 0.73214286565780651 72.065574645996108 74.133811950683608 28.500000000000004 0.76388889551162731 0.98122024536132824 0.91476997733116161 87.609649658203139 0.82469150424003612 0.97156339883804332 0.73214286565780651 0.94201681017875682
decision_type=2 8 2 8 2 2 8 2 2 2 2 2 2 2 2 2 2 2 2 2 2 2 2 2 2 2 2 2 2 10 2 2 2 2 2 2 2 2 2 2 2 2 2 2 8 2 2 2 2 2 10 2 2 2 10 8 2 2 2 10 10 2
left_child=1 2 30 17 6 16 10 8 9 13 19 27 36 28 -7 34 33 -2 -18 -5 25 22 31 38 29 26 37 32 -8 -3 -1 -22 -11 -6 39 -27 -9 -21 -15 40 41 42 43 44 45 -14 -42 55 51 -50 -44 -49 -46 57 -53 -48 58 -43 -56 -51 -54 -59
right_child=3 24 -4 4 5 14 7 12 -10 11 -12 -13 15 23 -16 -17 18 -19 -20 20 21 -23 -24 -25 -26 35 -28 -29 -30 -31 -32 -33 -34 -35 -36 -37 -38 -39 -40 -41 46 53 50 -45 52 -47 47 48 49 59 -52 54 60 -55 56 -57 -58 61 -60 -61 -62 -63
leaf_value=0.040754618719258458 -0.10094660681575054 -0.04332077147442865 -0.061453722894514166 -0.016320397491577161 -0.054673218724049691 0.083229755291113691 -0.10823789587325744 0.14141101712154491 -0.11449924820042015 0.013988477070495159 0.10563538273596261 -0.034611851741758674 -0.13064965290650829 -0.037302722064167258 -0.12595075040707002 -0.024108474593763123 -0.012898399218457066 -0.005940339438351548 0.11297805308064944 0.021352548812863394 0.032471423235322788 0.10161490005029056 -0.045073958452303726 0.015030977443314792 0.15013365641608362 0.21611578161449763 -0.035044979913437538 0.13039442145658905 0.076945691330253335 -0.098630107620268193 0.00023437099455145185 -0.018391080054757057 0.098833286108966481 -0.019667658329688892 0.078578895656676265 0.063035577523266592 0.039076787388713091 0.061613334007092381 -0.08385726277650199 -0.02183219951912059 0.0031788596397942211 -0.11961871437761336 0.049813548783356386 0.031024224463778716 0.013596970002548043 0.0038783522128183357 0.028977951311062813 0.044311931651076671 0.078261537609448678 0.061459968533680735 -0.068227089635096924 0.056164022049847356 0.09296424985120319 0.029826317626968912 -0.094559972024836417 -0.07393509303424807 0.010666622860686901 -0.018048327103236127 -0.016357485932202407 0.0039160528962945643 -0.049446680844656102 -0.070393483906117368
leaf_weight=585.00388219192973 166.16728496860014 352.27004581777146 266.38677711087803 729.45977665366081 689.05959921193426 322.6428946533124 23.908104722737335 74.240339007228613 246.63647297341959 734.71414995517989 173.90777899260866 388.47693363142025 153.67810974888562 578.15475901693571 23.062421221038676 1288.377920922765 124.47139685828006 182.83313329961675 81.852411538129672 1323.2214897129161 513.73362137310323 70.449206430173945 403.54329875347321 154.71074282610789 14.027551668928934 27.816288719070144 213.53229484005715 64.54410057910718 109.10187188927375 583.93722727042041 1257.8911562431313 467.59253278649703 99.498622684564907 2035.0810129666788 105.53025506902486 256.78742405993398 219.77859656146029 482.34225562674692 467.63594857889984 899.75042940449202 28141.435694689542 109.80455699133745 80.853867666141014 1303.6179809271853 1879.0464291123644 144.98636187109514 113.7196154819103 454.37525337783154 589.33103104040492 294.85853140614927 392.92738826703862 159.03303919394966 34.354239397624042 164.24457776937925 165.62145122815855 177.00221955578309 432.6562047097832 634.6820006344642 287.13155489019118 559.22524142963812 349.63796095178986 355.65571374620777
leaf_count=63524 342193 200104 52901 27157 270660 12819 35400 6521 506497 61239 24224 60333 2884 33842 4039 45554 1731 26347 826 63652 26153 2296 6729 3627 734 409 4188 1416 16302 1814170 196596 28258 1874 74501 82472 6161 3168 11571 231015 91171 760810 1212 3338 27170 69376 2203 1689 20624 150816 4048 39764 15097 1511 2167 3413 2662 28345 8410 8020 11387 24290 3638
internal_value=-0.000289666 -0.0205857 0.0036818 0.000934616 0.00129566 -0.0140736 0.00236482 0.000828759 -0.0229502 -0.0143346 0.0163447 0.0117163 0.00255206 -0.0394813 0.0692751 0.00208515 -0.0239062 -0.0511751 0.0370391 0.0128851 0.0185526 -0.002026 -0.00729828 -0.048693 -0.0744536 0.0315527 0.0250061 0.0317411 0.0436596 -0.0778187 0.013097 0.00823593 0.0241081 -0.0285222 0.00297363 0.0779972 0.0649164 0.0321079 -0.0581201 0.00276298 0.00336144 -0.00626836 0.0022129 0.00837774 -0.00314676 -0.0653432 0.00508133 0.0216415 0.0271077 0.0460255 -0.0480827 0.00888917 0.00506161 -0.0353742 -0.00652118 -0.0336793 -0.0177804 -0.0451082 -0.0449647 0.0237822 -0.0367057 -0.0368468
internal_weight=53780 3059.52 2109.28 50720.5 50371.5 3276.17 47095.3 42432.9 2867.38 2620.75 4662.39 1287.23 39565.6 1333.51 345.705 39271.5 2930.46 349 206.324 4488.48 3759.02 1455.32 1384.87 1200.5 950.235 2303.7 2019.1 898.757 133.01 936.207 1842.9 981.326 834.213 2724.14 37983.2 284.604 294.019 1805.56 1045.79 37877.6 36977.9 5603.49 4339.1 3865.32 2561.7 298.664 31374.4 3232.95 2942.23 1443.41 473.781 1498.82 2263.04 1264.39 1044.44 290.722 885.409 1100.14 452.753 854.084 383.992 990.338
internal_count=5635248 2328029 313021 3307219 2938679 364576 2574103 2373305 951545 445048 200798 124862 1421760 320186 16858 1412071 347718 368540 2557 176574 149417 63436 61140 268484 2015008 85981 79411 64529 51702 2014274 260120 54411 63113 345161 1366517 6570 9689 75223 264857 1284045 1192874 185963 170536 127434 100264 5087 1006911 246101 241750 166251 43102 75499 95177 15427 54875 4351 39778 13260 11433 15435 25801 12048
is_linear=0
shrinkage=0.1


Tree=70
num_leaves=63
num_cat=0
split_feature=31 12 29 45 45 21 29 40 0 31 35 31 37 30 27 40 39 29 28 29 25 36 27 20 28 31 12 41 29 21 20 40 14 39 30 19 21 14 39 37 45 29 37 13 40 0 29 27 21 41 20 31 30 8 1 32 13 31 21 34 1 25
split_gain=315.413 94.7002 76.9155 65.0711 70.2922 97.0201 96.2359 128.613 109.916 131.42 87.9277 79.2805 63.9231 59.5196 187.068 145.633 221.474 183.041 101.429 66.4634 59.1997 58.4671 52.9815 52.135 48.9568 86.1099 66.4468 51.033 48.3725 47.3196 46.7905 66.0394 76.4879 181.709 64.13 65.4134 57.4974 45.0551 44.203 43.647 43.4262 43.0665 48.9237 45.6756 42.4846 42.3679 43.2845 61.5904 107.572 41.2215 40.9448 72.6086 40.891 40.7506 39.6405 47.5731 40.4983 39.3526 37.7771 56.5092 66.5615 49.1485
threshold=-0.38470481336116785 91.476997375488295 2.5000000000000004 0.50548562407493602 0.87790751457214367 0.22902098298072818 1.0000000180025095e-35 1.0000000180025095e-35 0.86401242017745983 0.13531848043203357 -96.747753143310533 -0.17919361591339109 15.735805511474611 1.0000000180025095e-35 1.5000000000000002 1.0000000180025095e-35 1.0000000180025095e-35 1.5000000000000002 1.0000000180025095e-35 1.5000000000000002 3.5000000000000004 10.500000000000002 1.5000000000000002 55.289335250854499 1.0000000180025095e-35 -0.10760121047496794 48.566747665405281 1.0000000180025095e-35 1.0000000180025095e-35 0.94590643048286449 97.067424774169936 inf 0.31666667759418493 1.0000000180025095e-35 1.0000000180025095e-35 95.531894683837905 0.41885964572429663 0.81666666269302379 inf -73.908271789550767 0.71831494569778453 1.0000000180025095e-35 -17.853055953979489 69.00656890869142 1.0000000180025095e-35 0.95763123035430919 1.5000000000000002 1.5000000000000002 0.41885964572429663 0.6904762089252473 93.88999176025392 0.24272128939628604 1.0000000180025095e-35 12.500000000000002 3.5000000000000004 5.5000000000000009 83.935482025146499 0.22482423484325412 0.82480818033218395 2.5000000000000004 1.5000000000000002 7.5000000000000009
decision_type=8 2 2 2 2 2 2 8 2 8 2 8 2 2 2 10 10 2 2 2 2 2 2 2 2 8 2 8 2 2 2 8 2 10 2 2 2 2 8 2 2 2 2 2 10 2 2 2 2 10 2 8 2 2 2 2 2 10 2 2 2 2
left_child=1 -1 3 -2 5 10 7 29 50 -10 57 -8 20 15 18 45 17 -17 -15 44 22 23 -7 -12 25 26 27 39 -3 -6 31 36 49 -34 35 -32 -26 -27 -16 -22 -28 43 -43 -37 -20 46 47 58 -49 -33 51 -9 -39 -25 55 -52 -56 -5 59 60 -13 -60
right_child=2 28 -4 4 6 12 11 8 9 -11 21 13 -14 14 38 16 -18 -19 19 -21 24 -23 -24 53 30 37 40 -29 -30 -31 34 32 33 -35 -36 41 -38 52 -40 -41 -42 42 -44 -45 -46 -47 -48 48 -50 -51 54 -53 -54 -55 56 -57 -58 -59 61 -61 -62 -63
leaf_value=-0.10251057125060391 -0.018633938535181676 0.021347098672002494 -0.049256822602977639 -0.00029131144293259023 -0.07257527896945988 -0.054772506782613785 -0.074849306661728274 0.0042852003173148856 -0.028883727835726958 0.074069911956611681 -0.031356313624194006 -0.011354171097423829 -0.028821918051701947 0.038904621025681832 0.082203288458565171 0.17284997958424583 -0.040351182529617835 -0.10344525124244251 0.16814089381564681 0.095098455698217427 0.15592265777254696 -0.067211030765020122 0.065502005231669908 0.020150537775099314 0.020891635928093701 0.0115284012517864 0.16880364636121026 -0.077643975348195102 -0.096038026690916697 0.049182440321416908 0.082653137452915068 0.00058929068852403143 0.095079353728260693 -0.0022705544389567582 -0.058775799268455144 -0.055890257473527716 -0.00049958211462060645 0.019616628337870312 -0.084347143608893671 -0.014325931639197495 0.069639335950914288 0.053754276810213178 0.010540743845671248 0.065404929970945477 -0.045385573349360019 -0.091864658647316327 -0.024186330146259094 0.13146280909636918 0.0091510004291855736 -0.10278518813011112 -0.018142791332423063 0.035712656260291624 0.07201222038868578 -0.11720453729984506 -0.030993171144537292 0.018664748215353279 0.015937946652687978 0.062401531464544371 -0.11081391317490255 -0.0077700211427364149 0.038837043004356246 -0.019934415124646471
leaf_weight=386.56376509027905 1666.0814552652591 120.248141371776 308.59994881336752 3838.8373880689178 276.78450560278725 237.95465655678709 173.60550425505789 6879.2490299358033 168.64560504691326 468.22375845222268 858.06663039527484 473.02954568658606 450.36507265327964 382.24500176912989 16.526280822843546 159.51420439666254 125.31555759118055 28.219091080565704 9.5205896397092129 39.105850746243959 28.157010479073506 290.49109703593422 43.287595459652948 378.39138174202526 1447.5553858610074 4704.8211495879805 68.737867259042105 42.958988411322935 49.579556841243175 36.079595069400966 190.6433110817452 192.00169195869239 368.79126602874021 399.37231266958406 90.389568564583897 129.88151981976989 9522.4426975962706 381.14693626726512 445.62005345821672 32.371120204421459 123.51371863980603 424.12039208973874 685.32587694923859 40.79708046943415 438.13742487430864 57.812087133061141 1191.3322379758902 76.406929195145494 1220.5138734138454 48.272357363108313 586.50428501720307 823.09828747960273 244.49661183438729 22.907116968970513 878.23588420903252 875.04290267077158 232.56194047967438 102.80523424595594 64.146944584499579 8012.6027247413294 598.56072129006498 822.94254968332825
leaf_count=2122153 93241 37278 87869 167989 27930 15346 365273 428222 7456 141892 128573 5275 9700 14635 392 1758 2152 508 274 755 1939 178901 1539 20438 165556 136506 2564 39783 217158 2346 5050 28608 11218 3974 1768 8328 336450 14964 7896 3721 6191 10287 7259 5849 7738 599 61010 1842 17510 64068 42294 58624 103643 1102 54304 31636 15459 2949 639 278390 7311 9166
internal_value=-0.000266069 -0.0751655 0.000521363 0.000813327 0.00144928 0.00517614 -0.00225269 0.00468174 0.00649431 0.0468074 -0.00659076 -0.00768235 0.00842369 -0.00685895 -0.026986 -0.00477077 0.0625981 0.131319 0.000351763 -0.029923 0.00928624 -0.0267703 -0.0362604 -0.017442 0.0099546 0.017795 0.0703177 0.00571146 -0.0129224 -0.0585341 0.00669662 0.00457436 0.0290639 0.0444666 0.0229803 0.0280048 0.00232311 0.014881 -0.0783913 0.0648718 0.105095 0.0198663 0.0270605 -0.0268972 -0.0408444 -0.00645561 -0.00605931 -0.00414283 0.0163569 -0.0201792 0.00399553 0.00764364 0.0400924 0.01231 -0.00692797 0.00389425 -0.0211674 0.00134383 -0.00680914 -0.0048857 0.0166813 -0.0265061
internal_weight=53479.6 556.391 52923.2 52614.6 50948.5 25388.9 25559.6 11224.4 10911.6 636.869 5491.5 14335.2 19897.4 14161.6 1331.16 12830.4 313.049 187.733 869.009 486.764 19447 1549.86 281.242 1259.37 19165.8 5626.2 295.739 103.487 169.828 312.864 13539.6 11978.4 1008.44 768.164 1561.16 1470.77 10970 5330.46 462.146 60.5281 192.252 1280.12 1109.45 170.679 447.658 12517.3 12459.5 11268.2 1296.92 240.274 10274.7 7702.35 625.644 401.298 2572.35 1461.55 1110.8 3941.64 9971.28 9084.19 1071.59 887.089
internal_count=5635248 2376589 3258659 3170790 3077549 1484263 1593286 810163 779887 149348 499952 783123 984311 417850 31690 386160 4418 2266 23402 8767 974611 329014 16885 150113 957726 309311 54198 45443 254436 30276 648415 609874 107868 15192 38541 36773 502006 255113 8288 5660 8755 31723 17546 14177 8012 381742 381143 320133 19352 92676 630539 486846 118607 21540 143693 73930 69763 170938 300781 290976 12586 9805
is_linear=0
shrinkage=0.1


Tree=71
num_leaves=63
num_cat=0
split_feature=12 41 42 43 21 41 13 11 37 21 12 42 12 2 3 32 21 36 37 12 13 11 10 41 24 42 41 42 12 11 41 12 11 10 11 12 11 36 12 13 4 35 34 1 21 35 21 8 29 10 25 19 12 11 5 1 41 24 12 25 21 35
split_gain=101.085 342.253 123.068 75.443 74.3179 65.1179 155.687 148.461 212.126 177.501 98.4271 72.6769 96.9631 70.0135 65.2226 73.157 67.2842 59.4277 58.1299 57.7991 62.7499 157.92 99.1815 104.652 164.46 92.4199 135.824 88.9342 64.6267 75.8604 58.5543 65.5301 56.9189 53.6123 60.3106 63.0132 67.4926 52.7355 58.5156 50.6593 49.339 47.6441 60.2119 139.47 64.4337 67.1005 54.32 51.7819 49.2288 57.9601 57.1052 47.8537 46.6864 46.0351 45.5709 49.0989 45.1303 44.4675 44.3827 43.4879 43.3926 63.9677
threshold=42.740047454833991 0.53571429848670971 0.30860805511474615 0.36120072007179266 0.048809524625539787 0.80909091234207164 99.206348419189467 97.915760040283217 -18.911825180053707 0.95119047164917003 48.834688186645515 0.98213714361190807 58.919960021972663 0.42466525733470922 22.500000000000004 3.5000000000000004 0.61721614003181469 7.5000000000000009 -80.93202972412108 42.967033386230476 73.375530242919936 72.821968078613295 80.901721954345717 0.45000000298023229 7.5000000000000009 0.90661337971687328 0.53571429848670971 0.74133810400962841 88.273490905761733 94.494949340820327 0.35416667163372045 90.399383544921889 87.226108551025405 23.629112243652347 51.66851997375489 84.273937225341811 78.629974365234389 6.5000000000000009 70.087718963623061 18.808961868286136 1.0000000180025095e-35 1.0000000180025095e-35 2.5000000000000004 1.5000000000000002 0.86811593174934398 -4.9166412353515616 0.79583334922790538 16.500000000000004 1.0000000180025095e-35 86.319076538085952 7.5000000000000009 96.56854629516603 56.070175170898445 17.467581748962406 1.0000000180025095e-35 4.5000000000000009 0.6904762089252473 13.500000000000002 87.026645660400405 2.5000000000000004 0.36939570307731634 -92.257743835449205
decision_type=2 10 2 8 2 10 2 2 2 2 2 2 2 2 2 2 2 2 2 2 2 2 2 8 2 2 10 2 2 2 10 2 2 2 2 2 2 2 2 2 2 2 2 2 2 2 2 2 2 2 2 2 2 2 2 2 10 2 2 2 2 2
left_child=1 2 18 4 -2 6 11 8 10 41 -7 19 13 40 15 -12 -16 -14 -1 -5 22 -22 23 27 56 30 28 37 -27 -30 31 -23 33 39 -35 36 52 -21 -39 -17 -13 42 43 48 45 -45 47 57 49 50 -9 -48 -36 -41 -20 -56 58 -44 -25 -47 61 -49
right_child=3 -3 -4 5 -6 7 -8 9 -10 -11 14 12 17 -15 16 32 -18 -19 54 20 21 25 -24 24 -26 26 -28 -29 29 -31 -32 -33 -34 34 35 -37 -38 38 -40 53 -42 -43 46 44 -46 59 51 60 -50 -51 -52 -53 -54 -55 55 -57 -58 -59 -60 -61 -62 -63
leaf_value=0.035955448425574944 -0.10033393747529272 -0.091815448721313489 -0.045222137705721088 0.061893340709681346 -0.0043134874463092851 -0.073038654200981698 0.10561499472600665 0.037480330587194646 -0.045262561919091102 0.076550730882516377 -0.033936909058910114 0.44043417776307481 0.036081841347111308 0.071138494015154971 -0.080181397478152228 -0.058769567913501644 0.025879775772669613 -0.0068527850555492702 -0.020298496277933127 0.026199987595347918 0.094440145085226329 -0.058398190611032352 0.10516171975695468 -0.071785289460153612 0.0065417125691194442 -0.098697833258769019 0.019684851551445483 -0.058423602418709634 -0.0010693255143040974 -0.061644349882463013 0.021538506081497256 0.049418560688213403 0.052349311174344097 -0.032522983329792282 0.083006878610804607 -0.022328717230238031 0.042712478292255725 -0.0110362357825083 0.022836286013875558 0.1846905105648759 0.15714829905576655 -0.023081349544286055 0.0009136435901700179 0.0012465455710531492 -0.018230345478608818 -0.22457651902553286 0.028431152862395531 -0.01648525772620171 -0.0046810617695967945 0.077686500725642482 -0.17026538305552547 -0.041176886137908209 0.0014683340248313522 0.048769348159590643 0.046191618641193824 -0.0087871718213738039 -0.0045764117787211352 0.025971925027304166 -0.00062767011005933327 0.057011537562311247 0.015214310282742749 -0.09961928531841889
leaf_weight=574.30562211813231 145.4356477860274 520.55349650487187 527.34027748997323 165.66334973991616 180.82603804100654 203.74875886365771 159.32267701526871 35.041619017836638 1637.2024640295567 318.10374568961561 568.91378168137453 9.1688301505200815 812.64700700656977 99.94069271312037 202.26030129761784 28.36383627509349 84.929519401965081 534.37582901892893 676.78492707698024 1015.7832950830343 214.21968042723893 193.45084332226543 80.596736798805068 727.56472467955609 829.94467086953227 140.62317256898677 787.19054960247013 220.66103783265862 511.28062656661496 347.09142054588301 2798.5893901583477 79.555585312424228 231.31103973422432 516.75061404702137 72.043377428271924 758.1994577278092 519.91844430843776 1708.3147208664741 727.07084705626767 35.80679959844565 18.661330628208816 771.0348312597489 22483.408390902114 286.90807500728988 187.27352049341425 5.5123627784196279 121.28294502070639 255.32105304166907 2475.3538561604655 153.21003801550251 21.258797227637842 531.91012284776662 2775.4379410920665 81.941486837502453 303.12257405395212 349.98168327398889 156.01810558725265 731.20519616545062 99.660548856321839 1086.4872758660931 158.35098863474559 145.18691615339776
leaf_count=69502 342193 1814877 163007 32166 26347 559432 24251 3345 60534 181157 17526 106 25751 1810 136432 15197 6918 20471 149510 26601 7000 3808 1901 66566 53100 1741 18603 3345 7278 3617 56915 2424 9425 248327 8488 38141 20330 132069 13610 4166 148 20813 668622 3879 6170 235 3619 15223 32169 52768 1396 13703 152806 23936 9723 121410 23293 19798 3072 49694 2456 32328
internal_value=-0.000242021 -0.0182258 -0.00247144 0.000814548 -0.0471159 0.0011278 0.00739776 -0.000952623 -0.013313 0.00225172 -0.00470923 0.00612327 0.0269464 0.110201 -0.00233987 4.8447e-05 -0.0488163 0.0190493 0.00936778 0.00328064 0.00236784 0.0104133 -0.00496407 -0.00658226 -0.0262387 0.00670787 -0.0113798 0.00312431 -0.0358582 -0.0255634 0.0172262 -0.0269798 0.00390016 0.00155978 -0.000317409 0.00371649 0.0095808 0.00705956 -0.000923782 0.0612029 0.250479 0.00144914 0.00210867 0.0130925 0.036808 0.0442829 0.000197128 0.000978796 -0.000741638 0.0458024 -0.0409636 -0.0282523 0.00353132 0.0901024 -0.00211397 0.0167299 -0.0539083 0.00170292 -0.0632125 0.0555901 -0.0291008 -0.0466219
internal_weight=53199.4 2952.09 2431.54 50247.3 326.262 49921.1 12437.4 37483.7 7716.83 29766.8 6079.63 12278.1 1474.79 127.771 5875.88 5588.69 287.19 1347.02 1904.19 10803.3 10637.6 5072 5565.61 5485.02 1813.19 4857.78 1786.19 3671.83 998.995 858.372 3071.6 273.006 5019.77 4788.46 4642.35 4125.6 3367.4 3451.17 2435.39 146.112 27.8302 29448.7 28677.7 4251.05 1566.18 1378.91 24426.7 23773.5 2684.86 209.51 56.3004 653.193 2847.48 117.748 1329.89 653.104 983.243 23214.6 827.225 1092 558.859 400.508
internal_count=5635248 2328029 513152 3307219 368540 2938679 529646 2409033 1301658 1107375 1241124 505395 48286 2064 681692 538342 143350 46222 350145 457109 424943 101386 323557 321656 146031 94386 31239 175625 12636 10895 63147 6232 520816 511391 468092 219765 181624 172280 145679 43299 254 926218 905405 149656 59978 53808 755749 738427 89678 57509 4741 17322 161294 28102 280643 131133 92931 688420 69638 49929 50007 47551
is_linear=0
shrinkage=0.1


Tree=72
num_leaves=63
num_cat=0
split_feature=31 35 29 30 18 24 31 3 33 36 42 12 41 14 24 13 41 12 31 31 28 35 12 14 9 9 36 8 20 12 34 42 29 19 20 30 18 1 21 35 20 7 14 25 28 20 30 41 41 13 34 1 12 28 3 7 31 21 31 3 20 37
split_gain=256.704 75.4424 64.4875 240.361 97.4998 87.6334 71.01 58.0683 54.0134 51.4868 55.9184 90.5496 64.1953 162.82 179.871 119.9 105.64 100.606 86.1043 81.4307 66.5363 57.3024 56.0529 68.7855 66.9466 56.9752 77.3794 58.6907 52.6221 52.4706 48.923 107.045 116.092 84.5629 116.587 84.2448 81.3039 80.2282 77.0518 99.4297 74.1248 66.6654 61.9629 52.001 50.7901 49.8016 49.6049 47.9941 108.242 48.0016 45.0254 88.1329 45.7892 45.5351 44.6688 77.7404 52.9086 50.2402 44.605 43.8478 43.1312 43.0027
threshold=-0.40188594162464136 -98.026229858398423 1.5000000000000002 1.0000000180025095e-35 98.253242492675795 9.5000000000000018 -0.041247799992561333 109.50000000000001 1.0000000180025095e-35 49.500000000000007 0.21132376790046695 35.948717117309577 0.35416667163372045 0.31666667759418493 6.5000000000000009 94.826045989990249 0.63333335518836986 60.158729553222663 -0.031939744949340813 0.13531848043203357 1.0000000180025095e-35 1.0000000180025095e-35 90.399383544921889 0.13392857462167743 84.561214447021499 26.158231735229496 10.500000000000002 6.5000000000000009 71.079357147216811 56.33012771606446 2.5000000000000004 0.99382716417312633 1.0000000180025095e-35 93.295883178710952 94.55533599853517 1.0000000180025095e-35 91.239036560058608 1.5000000000000002 0.65942031145095836 -3.4458007812499996 88.021739959716811 2.5000000000000004 0.73214286565780651 4.5000000000000009 1.5000000000000002 99.80237197875978 -1.0000000180025095e-35 0.6904762089252473 0.80909091234207164 81.892700195312514 4.5000000000000009 3.5000000000000004 96.684982299804702 1.0000000180025095e-35 22.500000000000004 17.500000000000004 0.0087758675217628496 0.26491229236125952 -0.20883500576019284 35.500000000000007 93.88999176025392 -67.996875762939439
decision_type=8 2 2 2 2 2 8 2 2 2 2 2 10 2 2 2 10 2 8 8 2 2 2 2 2 2 2 2 2 2 2 2 2 2 2 2 2 2 2 2 2 2 2 2 2 2 2 10 8 2 2 2 2 2 2 2 10 2 8 2 2 2
left_child=1 -1 7 4 6 -5 -4 8 9 10 -2 -12 15 14 20 22 -16 19 -18 -15 -14 30 24 -24 25 29 28 61 -27 -13 31 58 -33 34 36 -36 41 -34 39 43 -38 -32 -43 -35 45 50 -39 49 -49 -20 51 52 -40 -52 57 56 59 -44 -19 -56 -42 -28
right_child=2 -3 3 5 -6 -7 -8 -9 -10 -11 11 12 13 17 16 -17 18 21 47 -21 -22 -23 23 -25 -26 26 27 -29 -30 -31 33 32 37 38 35 -37 40 46 44 -41 60 42 54 -45 -46 -47 -48 48 -50 -51 53 -53 -54 -55 55 -57 -58 -59 -60 -61 -62 -63
leaf_value=0.0035205292447428073 0.020923893833912986 -0.096405022480235955 -0.075463042200859587 0.075533123039267347 0.12155529140832788 -0.1650881723821008 -0.019838806269954965 -0.038420092336584846 -0.029343339451197693 -0.045820107913600167 -0.03257514477919024 0.061622666734336799 -0.032310100204377426 0.11027274127653508 0.031650011428574321 0.10375381298719477 -0.075774049651778058 0.1169662092309095 -0.052498257813807382 0.015128435140337458 -0.082224225751566168 -0.019551142874618597 0.09326083486779474 -0.010607257794950616 -0.085512207751244365 0.054995881682288306 0.0073956552664703528 0.015632538569428516 0.011719366033121084 -0.10928313943908044 0.0083080066138585176 0.062327140521006311 0.0011304208719664977 -0.053540919391173364 0.062247041412226423 -0.017072094034233171 0.11512843323564514 -0.021974817755938097 -0.037870121603021473 0.07202569532575602 -0.05332634161014356 -0.059026150761614549 -0.016038315467230849 0.0081801567554222378 0.084697040022486805 0.04902041236979169 0.042927817834475655 0.1015964055964908 -0.011444422602631281 0.094087152100225752 0.0041529316619245806 0.022004059654661415 -0.0082135409217035781 -0.028638338253464086 0.037700293026966897 -0.002594653336420468 -0.022014363106986977 0.016066612914129381 -0.0017065494413926179 0.11044099979090152 0.0032038550876906562 -0.036155088063294961
leaf_weight=95.873044318286702 1545.7755963930758 356.51083982612181 251.04088348123332 338.68335781378846 46.359342292125802 15.843716137271256 2675.2530419505638 364.67581622795115 556.51669874615618 224.20488256172393 762.9893674414925 286.03577431169106 602.07394037178165 152.98343577534251 596.79057426092186 141.08526208560215 226.18758531141066 31.908583439828362 249.94358414497401 218.33656501630321 479.95510857097543 1192.5273869268131 170.08660172243253 101.98846986285935 75.928548399722786 322.69758816304966 316.75432711307076 571.74610508950718 2173.0180009603937 19.167777290960657 12572.948757990263 610.37823686469346 1779.1648215737659 151.40275536006084 563.74398105568253 175.61458674137248 33.354842269909568 133.60171223431826 663.31783269584412 234.36869919564924 485.15174947003834 202.21793763119058 2683.2534742395655 1387.1362996275711 53.956512355129234 128.37272102292627 993.18167856908985 107.4929310035659 399.62965341316885 24.532204983523116 510.27267536410363 836.53499890258536 2420.0516783205094 2489.637928314507 358.93379747755534 1752.3722045397881 112.09795786993345 595.62322763868724 4279.8713006527978 107.74476561990741 186.98737607640214 797.73101621905516
leaf_count=45652 183783 2219156 301221 16214 515 2368 85418 99267 13020 139291 275027 20287 67845 7452 32921 23950 196345 353 5996 3394 380199 42941 6616 2290 1689 13575 32833 21656 53997 598 415106 250713 20879 1809 6330 6642 640 1089 9321 2911 6695 53563 81298 15621 436 5419 13149 2910 21063 444 19537 13012 44214 34636 7074 122640 929 8397 115837 3676 2554 50835
internal_value=-0.000220996 -0.0752279 0.00042482 -0.0130491 -0.0223312 0.0647798 -0.0246107 0.00133574 0.00163253 0.00198949 0.00221249 0.00159078 0.00216045 0.000852126 -0.0229411 0.0128831 -0.00169315 0.00253003 -0.0214383 0.0543278 -0.0544505 0.0020202 0.0102316 0.0543254 0.00760245 0.00917808 0.00613395 -0.0104147 0.017315 0.0508892 0.00272434 0.00973186 0.0226809 0.000813336 0.0044444 0.0434069 0.00293543 0.0143535 -0.00729976 0.0113493 -0.030379 0.0042138 -0.00464271 0.00210638 -0.0119551 -0.012695 0.0352324 -0.00571402 0.0125164 -0.0393967 -0.01384 -0.00678332 -0.0145935 -0.0230607 -0.00268242 0.0079003 0.0396761 -0.0102063 -0.000828332 0.0544944 -0.0375998 -0.0237773
internal_weight=52993.6 452.384 52541.2 3327.18 2972.65 354.527 2926.29 49214.1 48849.4 48292.9 48068.7 46522.9 45759.9 40783.7 2686.61 4976.24 1604.58 38097.1 1007.79 371.32 1082.03 37725.7 4835.15 272.075 4563.08 4487.15 4181.95 1686.23 2495.72 305.204 36533.2 7828.11 3516.33 28705.1 19830 739.359 19090.7 2905.95 8875.05 1772.91 705.494 18385.2 5812.24 1538.54 7102.14 7048.19 1126.78 781.598 507.123 274.476 6919.82 3919.9 3083.37 2999.91 5610.03 2331.15 578.777 3278.88 4311.78 466.679 672.139 1114.49
internal_count=5635248 2264808 3370440 405736 387154 18582 386639 2964704 2865437 2852417 2713126 2529343 2254316 2025990 707723 228326 259679 1318267 226758 10846 448044 1307421 204376 8906 195470 193781 172896 105324 67572 20885 1264480 402020 285830 862460 715544 12972 702572 35117 146916 20341 9889 692683 277577 17430 126575 126139 14238 30413 23973 6440 120720 66547 53535 54173 224014 134319 11679 89695 116190 10750 9249 83668
is_linear=0
shrinkage=0.1


Tree=73
num_leaves=63
num_cat=0
split_feature=31 29 17 41 12 13 24 12 41 13 14 31 31 10 21 41 17 14 2 35 35 2 26 45 13 19 39 20 20 21 31 35 20 12 14 13 32 19 24 20 20 19 31 40 43 17 3 24 21 17 14 33 13 12 3 0 10 1 2 19 31 45
split_gain=226.604 60.7652 57.8058 105.881 142.587 102.938 74.2626 70.8143 99.2735 82.6537 77.531 68.6874 64.7243 62.1676 60.6714 57.0879 70.3286 64.9229 55.5718 61.2498 53.5447 62.0786 104.345 77.1629 68.0193 53.1696 50.337 73.5313 55.0798 80.1516 189.699 111.634 145.018 95.4891 76.5744 84.7264 78.2344 71.6141 102.263 69.7078 69.3135 61.2158 58.4694 58.3666 56.0843 55.8332 61.4673 53.3865 51.3047 49.5112 56.9397 48.9472 49.7649 53.652 47.5925 47.0091 49.3189 46.9259 124.439 77.4437 46.3937 48.9881
threshold=-0.45063313841819758 2.5000000000000004 8.5000000000000018 1.0000000180025095e-35 97.825057983398452 70.087718963623061 6.5000000000000009 42.206478118896491 0.53571429848670971 38.165266036987312 0.2264957278966904 -0.11619138717651366 0.27561780810356146 78.456192016601577 0.98275861144065868 0.63333335518836986 18.500000000000004 0.84523808956146251 0.64417582750320446 -13.042026519775389 5.8914871215820321 0.81346824765205394 0.84523808956146251 0.98098206520080578 98.07621002197267 99.760765075683608 1.0000000180025095e-35 98.124923706054702 88.47040176391603 0.12701612710952762 -0.1369587033987045 -96.747753143310533 60.054645538330085 56.070175170898445 0.44949495792388922 98.213714599609389 3.5000000000000004 1.0000000180025095e-35 9.5000000000000018 60.894552230834968 95.256843566894545 95.260559082031264 0.25958010554313665 inf 0.54708918929100048 1.5000000000000002 22.500000000000004 7.5000000000000009 0.58578431606292736 10.500000000000002 0.61250001192092907 -68.148880004882798 16.53005409240723 48.834688186645515 5.5000000000000009 0.56907349824905407 19.139194488525394 1.0000000180025095e-35 0.99996608495712291 76.016529083251967 0.13531848043203357 0.65596821904182445
decision_type=8 2 2 8 2 2 2 2 10 2 2 8 8 2 2 8 2 2 2 2 2 2 2 2 2 2 10 2 2 2 10 2 2 2 2 2 2 2 2 2 2 2 10 8 8 2 2 2 2 2 2 2 2 2 2 2 2 2 2 2 8 2
left_child=-1 2 7 5 14 6 18 8 12 11 -10 -9 55 -6 15 16 -5 -17 19 -4 21 26 23 57 60 -21 28 -28 29 31 33 42 37 -31 35 36 -30 -33 -39 47 41 -36 45 44 -41 -11 -47 -32 -42 50 -15 52 -16 -54 -40 56 -2 -23 -59 -60 -24 -62
right_child=1 -3 3 4 13 -7 -8 9 10 20 -12 -13 -14 49 51 17 -18 -19 -20 25 -22 22 24 -25 -26 -27 27 -29 34 30 39 32 -34 -35 40 -37 -38 38 54 43 48 -43 -44 -45 -46 46 -48 -49 -50 -51 -52 -53 53 -55 -56 -57 -58 58 59 -61 61 -63
leaf_value=-0.082736812610313654 0.044019596004968672 -0.045153599914640817 -0.017108491604781995 -0.015237336074728491 0.0048107705883650154 0.1256916012771615 -0.0096206989534487839 -0.050380049033494613 -0.094682726548691143 0.0049358590031936258 0.15380385185198719 0.048669312494133282 0.048312153954454803 0.083383596383241831 -0.1139964373503182 -0.067619127028977474 -0.12500732601101588 0.08606550664021817 -0.0047770665784245591 0.10154621911253479 -0.034756045084537751 -0.002672046570399603 -0.014342990321941787 -0.027083328717305205 0.079052360005779698 0.033949504691149969 -0.025811474837348206 0.22118148799999987 -0.053729950531545667 -0.045951532521508388 0.0093778009417843297 -0.019807326783824339 0.075395922979964156 0.10252745621205382 -0.014272118241611424 0.10421863482923528 -0.012143413557512426 -0.097234420063764149 0.080023183422920557 0.058122603045057945 0.05664491505175745 0.017398465411661981 0.072343926765155844 0.028823405265447233 0.0014889229994023495 -0.0036392515047292138 -0.043803710017052792 0.065487185888391572 0.0095654756195790377 0.02389336452589955 -0.038469859323130795 -0.035537908455887252 -0.037325136056081357 0.10570127212297782 -0.077484593797146714 -0.042383540186550245 -0.015295996339873689 0.0092262842459230974 -0.013738981726037661 0.10176240386098219 -0.011746336166586137 0.041714251673668393
leaf_weight=330.61949114150775 180.21765796279942 292.3171402092994 120.18021248941659 687.21256547184021 2711.4796293507898 76.288279495958705 1142.8354736407055 79.163403196951549 212.09810007698979 5954.2289738279651 13.346673391773946 605.64863480161875 175.44291298370808 40.125413430323533 17.350086893507978 816.91618124249362 63.783925709794858 28.444708744871605 324.05948515601631 202.96566751145292 388.51473621035984 2962.1629807179561 265.41203179121658 699.20406142596039 259.3195165473735 272.7095379444072 923.97466110717505 12.212526830378918 523.40700544421998 50.431764397893858 327.78430567470787 505.06956266875204 110.2499277017414 306.87150753217429 2758.7480578357936 57.771297919098288 3333.0205743120314 369.29165119806567 54.755495662990143 178.55840666085714 256.27197481476469 783.68397989709047 113.86096660792828 946.38247821833647 8443.3388978540897 1380.3216885290021 526.31871575428522 351.32980438513914 2391.6969581370649 183.49105884112214 865.55338958303037 152.05833512273966 36.230350992045715 94.993519602634478 29.52955645514885 451.21678377594799 630.91057677622302 5198.2140933576156 76.583479102380807 239.89378619639319 209.36044119019061 945.45312742562965
leaf_count=1948159 27689 109660 45582 61510 150993 3041 59781 138156 549101 183533 524 49916 3388 2055 1749 578347 10086 551 7276 13773 11955 46305 7342 16119 203779 4279 13208 73 6794 71520 7064 28995 5018 27301 31124 10377 81974 247829 9211 3703 3670 21298 4376 25363 150052 61543 74902 6882 57348 10733 45273 9508 9500 2619 19050 11358 189873 71386 2748 5472 8708 64746
internal_value=-0.000208321 0.000312294 0.000567301 -0.00734925 -0.0144713 0.0116213 0.0074026 0.00196833 -0.0182745 0.00275834 -0.0799719 0.0372193 -0.00860032 -0.00329507 -0.0368631 -0.044624 -0.0245604 -0.0624479 0.0285511 0.0466768 0.00219556 0.00254112 0.00904059 0.00484613 0.0319567 0.0627923 0.00024207 -0.0225895 0.000960473 0.00404599 0.00994414 -0.00287026 -0.0332174 0.0815703 -0.0050393 -0.0159869 -0.0177877 -0.0457085 -0.0745502 0.0074467 0.00188291 -0.00726571 0.00119732 0.0052494 0.0026618 0.000166799 -0.0147265 0.0384052 0.0141219 -0.0234745 -0.0330712 0.00434734 0.045168 0.0662123 0.0248398 -0.0165101 -0.00211717 0.0074798 0.0129328 0.0738125 0.0233575 0.0320222
internal_weight=52740.9 52410.3 52118 7836.68 5697.64 2139.04 2062.75 44281.3 1663.23 42618 225.445 684.812 1437.79 3800.65 1896.99 1596.36 750.996 845.361 919.915 595.855 41933.2 41544.7 10855.6 9176.06 1679.55 475.675 30689.1 936.187 29752.9 19648.3 10604.7 9043.63 1068.9 357.303 10104.6 3914.2 3856.43 958.646 453.577 10247.4 6190.4 3542.43 7974.73 9568.28 8621.9 7860.87 1906.64 679.114 2647.97 1089.17 905.679 300.632 148.574 131.224 84.2851 1262.35 811.128 8476.85 5514.69 316.477 1420.23 1154.81
internal_count=5635248 3687089 3577429 1016656 882924 133732 130691 2560773 781933 1778840 549625 188072 232308 209054 673870 650494 71596 578898 70910 63634 1590768 1578813 426605 142030 284575 18052 1152208 13281 1138927 926342 291885 634457 310103 98821 212585 99145 88768 305085 276090 193064 113440 52422 324354 179118 153755 319978 136445 13946 61018 58061 47328 23376 13868 12119 28261 228920 217562 125911 79606 8220 80796 73454
is_linear=0
shrinkage=0.1


Tree=74
num_leaves=63
num_cat=0
split_feature=31 1 37 3 18 43 21 21 17 42 35 32 38 12 37 41 14 31 37 2 40 31 27 43 43 42 40 3 2 31 12 24 17 12 21 41 17 41 14 29 17 42 43 30 28 17 28 24 18 30 14 42 30 12 35 9 42 43 29 36 3 14
split_gain=200.421 56.3848 49.5405 49.0431 47.4418 45.5614 47.9967 44.5586 42.7729 81.0152 87.0522 67.9009 82.7848 53.3404 84.9507 79.4972 88.722 59.5916 55.7598 49.825 83.8653 66.1357 104.015 68.9472 67.7413 55.7804 50.4649 48.8386 53.5704 48.265 49.2062 47.9718 104.088 163.515 81.4888 81.1056 71.0556 48.398 70.6868 69.9821 59.1656 47.587 47.385 45.7089 51.7589 45.42 77.1329 45.3188 71.2953 44.4787 43.5974 43.1081 42.6424 52.9007 42.2219 41.2183 40.3829 49.7532 38.8819 38.6467 37.5463 37.1881
threshold=-0.45063313841819758 34.500000000000007 15.735805511474611 74.500000000000014 24.417344093322757 0.35339365899562841 0.048809524625539787 0.4220647811889649 8.5000000000000018 0.26344709098339086 -98.026229858398423 16.500000000000004 22.500000000000004 43.951219558715827 -62.96002006530761 0.53571429848670971 0.18333333730697635 0.30716219544410711 -71.428569793701158 0.81346824765205394 1.0000000180025095e-35 -0.085241213440895067 1.0000000180025095e-35 0.69783049821853649 0.92344322800636303 0.98213714361190807 1.0000000180025095e-35 4.5000000000000009 0.27251021564006811 -0.14507149159908292 53.907203674316413 6.5000000000000009 10.500000000000002 84.273937225341811 0.29520697891712194 0.26785714924335485 9.5000000000000018 0.84523808956146251 0.64583334326744091 1.0000000180025095e-35 18.500000000000004 0.53889366984367382 0.95845660567283641 1.0000000180025095e-35 1.0000000180025095e-35 11.500000000000002 1.0000000180025095e-35 9.5000000000000018 66.813507080078139 1.0000000180025095e-35 0.93750000000000011 0.35767590999603277 1.0000000180025095e-35 64.747306823730483 -2.3244094848632808 56.294013977050788 0.43951219320297247 0.99760764837265026 1.5000000000000002 10.500000000000002 5.5000000000000009 0.64583334326744091
decision_type=8 2 2 2 2 8 2 2 2 2 2 2 2 2 2 10 2 8 2 2 10 8 2 8 8 2 10 2 2 10 2 2 2 2 2 10 2 10 2 2 2 2 8 2 2 2 2 2 2 2 2 2 2 2 2 2 2 10 2 2 2 2
left_child=4 2 3 5 -1 6 -2 -3 13 11 -11 -10 -13 15 59 17 -17 18 -7 21 -21 22 23 26 47 43 -16 -25 -29 30 -24 32 52 35 -35 -34 -33 38 40 42 41 -38 55 -22 51 46 -36 -23 -49 58 -41 -45 -12 -54 -32 -39 -4 -58 -50 -15 -31 -48
right_child=1 7 56 -5 -6 8 -8 -9 9 10 31 12 -14 14 19 16 -18 -19 -20 20 25 24 29 27 -26 -27 -28 28 -30 60 54 36 33 34 45 -37 37 39 -40 50 -42 -43 -44 44 -46 -47 61 48 49 -51 -52 -53 53 -55 -56 -57 57 -59 -60 -61 -62 -63
leaf_value=-0.0011463850272312463 -0.098265919539717014 -0.055856459357591072 -0.059994958396090571 -0.028579575484517547 -0.10044428710667946 0.0029328138910745052 -0.0075865476213373417 0.0034111195673012839 -0.023750208526920419 0.022095580369136027 -0.030673623286054521 0.060117430159065191 0.00018510406474180451 0.10435217092155301 -0.067347896349648606 -0.090455485590930751 0.1364905653950752 0.049943224834279765 -0.038979097041042604 0.0042909817893802028 0.098871671156127577 0.0027657192326684659 -0.04766300444541386 0.049181715384663781 -0.0048994119070014221 0.049696577158419984 1.2380464301536669 -0.021624052209333364 0.011533807674692564 0.063262717999843066 0.15924520295047154 0.00040731191181697825 0.0096148961296677153 -0.049625587095310592 0.018668477103904773 -0.075148822104477611 -0.00088022550425854843 -0.054248056593767226 0.066606782883079627 -0.042619564617778702 -0.083874075214089322 -0.041238553366396168 -0.0613722773981797 -0.0277350703662156 -0.037165858121682015 0.048877199987169433 0.059627086052775169 0.03770947551377328 0.022511329650351145 -0.063441119095945367 0.076971869224386216 0.025758549135310799 -0.060928049553560182 0.037771671629754436 0.065223139718314407 -0.21412488689385129 0.0060911509202235484 -0.069450703065720723 -0.056802537865956876 0.030242791944906824 -0.01489522650099699 0.20007190895803975
leaf_weight=59.845277333733975 92.869380992051447 317.89522379629489 227.75565906871634 554.92462070465263 245.47380518229329 817.59890146315593 157.13183200161438 211.08137126536894 292.41353445146524 749.18250261123467 1101.0602162522046 483.35817765047977 440.53648944915039 106.15125415546208 130.61015659924306 199.51868186213687 18.853861129231518 167.44893099204637 518.88188531289779 8359.0742999577924 63.483116348492331 7647.3094508767972 22.669776519462175 285.91892069161258 16152.275948842114 687.39893252610636 0.29681933030224072 579.3803042708314 3064.1689564673725 132.15006666579575 87.797408006612386 957.22037754060148 283.97773546713142 66.253556002033292 55.70578375243349 187.36141938601941 644.73533794371178 22.936169627762865 85.990102029914851 571.7632820538056 160.55905839169282 534.2595710131427 95.736900220974348 172.32492950965388 186.18710893204116 368.26644123203005 25.075150407472393 975.76106614511809 324.05699236423243 113.89143711840734 32.199887840310112 1197.4125567696756 72.842108415621624 213.3736610923952 104.73970543785254 54.308082782088604 418.89428260348359 110.1017022919259 76.376257297059055 208.73446440424595 114.90933459321968 75.98588396148989
leaf_count=37801 183291 222927 4659 171212 1910358 109080 20198 82558 54471 52488 95788 77742 107231 18338 119177 519923 849 3348 106393 134322 741 129914 24204 27645 292763 208535 23 91400 202021 3870 7762 48746 19301 13088 3841 143549 48486 10579 3106 73337 11136 11507 11040 9895 3930 17912 669 18170 3627 2722 257 65424 9675 12535 2279 1225 8380 3938 1051 49408 4148 1255
internal_value=-0.00019662 0.000276061 0.000608719 0.000986354 -0.080981 0.00131227 -0.0412717 -0.0322065 0.00152481 -0.00539805 -0.00992102 0.0182478 0.0315402 0.00275828 0.00348608 -0.01448 -0.0708614 -0.00629334 -0.0133393 0.00308359 0.0089492 0.000985071 0.0121228 0.00700579 -0.00100672 0.025829 -0.064388 0.00938421 0.0062612 0.0570685 0.0916897 -0.0141969 -0.00369485 0.0198566 0.0548798 -0.0240794 -0.0223398 -0.0322259 -0.0212823 -0.0523054 -0.0269241 -0.0191685 -0.108385 0.0156977 0.0123042 0.0680673 0.113147 0.00587442 0.0218287 -0.00829984 -0.0362436 0.0190286 -0.0217348 0.0126525 0.108097 -0.166653 -0.0247892 -0.00963163 0.00738347 0.0552258 0.0269108 0.165225
internal_weight=52486.5 52181.1 51652.2 50895.4 305.319 50340.5 250.001 528.977 50090.5 7575.1 6358.79 1216.31 923.895 42515.4 40793.1 1722.3 218.373 1503.93 1336.48 40478.2 10665.9 29812.3 4522.64 4060.38 25289.7 2306.81 130.907 3929.47 3643.55 462.266 215.207 5609.61 2449.9 1062.63 591.287 471.339 3159.71 2202.49 1425.54 776.944 1339.55 1178.99 172.981 1619.41 1555.92 525.033 156.767 9137.4 1490.09 514.325 603.963 1369.74 1387.28 286.216 192.537 77.2443 756.752 528.996 400.433 314.886 247.059 101.061
internal_count=5635248 3687089 3381604 3364627 1948159 3193415 203489 305485 2989926 828964 589520 239444 184973 2160962 1421369 739593 520772 218821 215473 1353623 422847 930776 482529 440266 448247 288525 119200 321066 293421 42263 34245 537032 317613 199615 36765 162850 219419 170673 74235 96438 71129 59993 22844 79990 79249 23677 5765 155484 25570 7400 73594 75319 117998 22210 10041 11804 16977 12318 4678 67746 8018 1924
is_linear=0
shrinkage=0.1


Tree=75
num_leaves=63
num_cat=0
split_feature=31 38 25 29 41 14 31 13 37 14 26 17 37 17 7 24 30 40 14 27 10 37 9 25 33 21 14 29 31 20 29 7 25 13 33 13 17 14 30 24 26 42 17 31 41 13 31 17 33 42 32 41 10 14 10 30 42 19 35 20 31 14
split_gain=177.054 50.9886 47.2802 45.9544 46.9986 282.898 144.876 124.105 90.5806 121.573 149.928 95.987 179.678 94.1775 135.531 98.106 134.329 112.061 83.3428 78.5699 73.1062 72.0241 69.3402 68.1977 65.8526 118.867 65.1187 64.9365 59.7453 59.5543 145.108 55.8897 51.4827 62.8918 50.8138 78.891 50.2438 76.4385 49.5375 49.3761 48.1079 47.5538 218.997 63.8538 53.4945 44.4297 123.647 108.481 88.5444 75.4148 75.3088 97.3679 67.4404 148.861 74.5739 69.1752 64.6291 62.6146 60.0624 59.6817 58.251 54.9855
threshold=-0.45063313841819758 153.50000000000003 3.5000000000000004 2.5000000000000004 0.86607143282890331 0.31666667759418493 0.11745354533195497 99.206348419189467 -35.469207763671868 0.93750000000000011 0.84523808956146251 1.5000000000000002 -17.638385772705075 5.5000000000000009 1.0000000180025095e-35 7.5000000000000009 1.0000000180025095e-35 1.0000000180025095e-35 0.58571431040763866 2.5000000000000004 80.217391967773452 -11.11111259460449 96.590469360351577 7.5000000000000009 -10.182683944702147 0.059714796021580703 0.44949495792388922 1.5000000000000002 0.11745354533195497 64.022472381591811 1.0000000180025095e-35 1.0000000180025095e-35 8.5000000000000018 35.388994216918952 -82.532417297363267 18.808961868286136 1.0000000180025095e-35 0.38750000298023229 1.0000000180025095e-35 8.5000000000000018 0.38750000298023229 0.97014257311820995 9.5000000000000018 -0.089956864714622484 0.73214286565780651 73.375530242919936 -0.094046041369438158 4.5000000000000009 -30.393541336059567 0.68457102775573742 3.5000000000000004 0.73214286565780651 72.281322479248061 0.18333333730697635 62.115564346313484 1.0000000180025095e-35 0.90661337971687328 56.615140914916999 -33.333333969116204 75.484191894531264 0.22482423484325412 0.2264957278966904
decision_type=8 2 2 2 10 2 10 2 2 2 2 2 2 2 2 2 2 10 2 2 2 2 2 2 2 2 2 2 10 2 2 2 2 2 2 2 2 2 2 2 2 2 2 8 10 2 8 2 2 2 2 10 2 2 2 2 2 2 2 2 10 2
left_child=2 3 -1 4 7 6 34 18 32 11 21 12 -10 14 24 19 17 29 22 20 26 39 41 40 -13 -26 -15 -19 -16 31 -31 -17 33 -7 35 -6 37 -14 -22 -11 -20 45 43 -43 -45 47 -47 52 -48 58 57 56 53 -2 55 -55 61 -50 -49 -60 -61 -52
right_child=1 -3 -4 -5 5 8 -8 -9 9 10 -12 13 36 15 28 16 -18 27 23 -21 38 -23 -24 -25 25 -27 -28 -29 -30 30 -32 -33 -34 -35 -36 -37 -38 -39 -40 -41 -42 42 -44 44 -46 46 48 49 50 -51 51 -53 -54 54 -56 -57 -58 -59 59 60 -62 -63
leaf_value=-0.0016472356614369564 -0.012451887129655944 -0.038784196317306896 -0.10069087482957895 -0.040254256335255041 -0.069460284584892715 0.12713770618641576 -0.0021250316892874495 0.10492130055060499 -0.0044333337496976028 0.020178859059889528 0.066304098944024989 -0.0027710035789677264 -0.16682413156894776 -0.078468691140403141 -0.081006733669110154 0.041339879300966276 -0.09265256432835306 0.33217215804197453 0.0094837995287118133 -0.15102039712285334 -0.026082596865594859 0.0012013498019937075 -0.05083446535844989 0.080649505150315853 -0.0125770757947248 0.04008933168275676 0.013341981686580016 -0.1122697078430805 0.042430226788173403 -0.16592082624017912 -0.024210981192458351 -0.062824519129097034 -0.0032233657482133881 0.024243331896952092 -0.075974565983534623 0.16147630171791225 -0.047976339253958444 -0.059515387727734029 0.034430894163212343 0.085080412501997479 0.069710076870716439 0.23825193674729755 -0.037405648526543843 0.047142543244029181 0.15754743674137436 0.11563435869773978 0.086165797509923481 -0.049417718317095363 0.12989653080543537 -0.03112511508372039 -0.016895256202041558 -0.06591751127530901 0.035450738738035809 -0.074944450901283238 -0.034647742668593051 -0.19005999482648406 -0.0042456043956516981 -0.028033308056713332 0.036573525917292148 -0.0022676703776607836 0.023975472831937628 0.033173821878423888
leaf_weight=61.630777056379884 1929.7003401111506 332.64836207059852 221.13080097042257 275.30942358675384 39.475139819987817 61.480236279167002 497.65722864307463 124.52326538786292 1104.2131400977669 716.6387291971987 373.42556714836974 1778.3007794939404 109.01764053459192 80.507327521328989 236.10987819682487 220.71187237216509 313.68931536350283 13.82942438387545 866.05501901978278 36.150616118102334 1308.7374202564606 20494.092396382832 240.79417761359946 215.13424925812433 622.42411256113701 1375.7694901430514 1911.5872745114102 4.3126212158240369 47.020321663003415 77.558459721301915 1057.4985861224122 67.19144343228254 763.19784280085878 1758.4858064910295 832.77046727464767 23.657773542458017 473.74344466125331 169.72747312194406 150.87407958072436 140.14500447925093 156.61561374411394 20.062542067877075 348.64919217717397 508.85399524503737 48.028944885736564 107.92899514858436 137.15823385192198 168.20688194774266 25.944207296532113 511.08299261459615 252.96876490965951 154.6330755452218 204.61349831524421 141.97850165360433 212.76382925390499 82.554290885906084 1065.3251796615077 775.40852030622773 783.34059411670023 2593.1626758320199 1255.22062219074 1649.7117550415569
leaf_count=38597 216449 115578 1909562 103086 60668 4861 10236 24199 42940 12690 257197 40335 1451 14585 65056 16961 9672 142 16998 727 81068 480149 3705 8143 24418 36027 111642 154 719 1267 23089 17001 12623 108117 1128369 16429 12044 6551 9246 2357 18948 844 12285 11585 1323 3857 5673 103886 250 13880 6302 3745 4107 5550 3835 915 18236 12238 88927 216868 24358 32528
internal_value=-0.000187151 0.000241574 -0.0791033 0.000492598 0.000710675 -0.00119039 -0.0453864 0.00551667 0.000546173 -0.000870264 0.00348756 -0.00935408 -0.0301136 -0.00521054 0.00622381 -0.0140647 -0.0333505 -0.0204421 0.00466039 -0.00436169 -0.0028257 0.0023889 0.00233684 0.0294729 0.0112267 0.0236841 0.0096316 0.226522 -0.0605072 -0.0235908 -0.033894 0.0170298 0.0185772 0.0277192 -0.0694173 0.0170785 -0.0677972 -0.101484 -0.0198276 0.0307949 0.0187071 0.00332343 0.0251665 0.062979 0.0566645 0.00164584 0.00999471 -0.00276984 0.00718724 0.00539326 0.00442664 0.0114446 -0.0196287 -0.02439 -0.0770702 -0.117269 0.0154751 -0.0229202 0.00928163 0.0114134 0.00629201 0.0265169
internal_weight=52331.1 52048.4 282.762 51715.7 51440.4 36860 1393.56 14580.4 35466.4 32883.3 21724.3 11159 1856.7 9302.27 4059.62 5242.65 1754.79 1441.1 14455.9 3487.86 3451.71 21350.9 13218.1 1237.8 3776.49 1998.19 1992.09 18.142 283.13 1422.96 1135.06 287.903 2583.16 1819.97 895.903 63.1329 752.489 278.745 1459.61 856.784 1022.67 12977.3 925.595 576.945 556.883 12051.7 4169.08 7882.62 4061.15 5311.01 3923.99 3122.64 2571.61 2367 437.297 224.533 2968.01 801.353 4799.93 4631.72 3848.38 1902.68
internal_count=5635248 3687089 1948159 3571511 3468425 2608791 1215702 859634 1393089 1267488 752393 515095 62986 452109 166555 285554 68286 58614 835435 217268 216541 495196 791346 44089 100780 60445 126227 296 65775 58318 24356 33962 125601 112978 1205466 77097 20046 8002 90314 15047 35946 787641 26037 13752 12908 761604 82829 678775 78972 447919 73299 60811 230856 226749 10300 6465 57066 12488 434039 330153 241226 38830
is_linear=0
shrinkage=0.1


Tree=76
num_leaves=63
num_cat=0
split_feature=31 36 25 45 45 29 40 31 31 18 20 37 27 30 27 40 39 29 28 5 20 18 36 1 42 26 45 43 7 13 29 27 18 18 20 18 39 1 20 3 0 34 12 36 25 31 20 34 31 31 9 0 20 12 37 20 18 37 32 0 3 44
split_gain=156.184 46.8722 46.019 45.5414 46.1603 75.6964 99.2117 72.5795 71.6965 55.0742 76.745 61.8797 61.4501 51.7185 146.057 118.626 178.428 153.288 76.5677 57.5227 98.6977 51.0952 51.0337 41.5982 62.7233 50.8111 49.1977 41.8395 40.0864 42.7062 37.1828 46.833 80.7342 42.1223 36.9993 36.1341 35.18 34.6179 51.1748 39.5668 50.8651 46.2697 46.4406 37.3835 34.5238 57.4161 46.3293 33.0451 32.7919 32.6049 34.0676 32.0041 40.6259 43.2841 35.6236 30.5831 40.2695 30.5767 30.4324 32.2315 51.2065 33.7069
threshold=-0.45063313841819758 49.500000000000007 3.5000000000000004 0.35799026489257818 0.87790751457214367 1.0000000180025095e-35 1.0000000180025095e-35 0.58191394805908214 -0.1865224093198776 51.628047943115241 85.212245941162124 15.735805511474611 1.5000000000000002 1.0000000180025095e-35 1.5000000000000002 1.0000000180025095e-35 1.0000000180025095e-35 1.5000000000000002 1.0000000180025095e-35 1.0000000180025095e-35 91.442928314208999 81.977397918701186 10.500000000000002 1.5000000000000002 0.97999200224876415 0.63068181276321422 0.77923342585563671 0.89296942949295055 2.5000000000000004 97.498435974121108 1.5000000000000002 1.5000000000000002 62.755527496337898 98.557659149169936 86.501670837402358 90.939495086669936 inf 2.5000000000000004 97.22989654541017 4.5000000000000009 0.30231609940528875 9.5000000000000018 53.001201629638679 12.500000000000002 2.5000000000000004 0.099579155445098891 53.866081237792976 4.5000000000000009 0.38370320200920111 0.22482423484325412 37.573530197143562 0.77194768190383922 97.45212554931642 96.922348022460952 -79.952995300292955 98.715198516845717 97.23496246337892 15.735805511474611 6.5000000000000009 0.53297358751297008 15.500000000000002 0.74944934248924266
decision_type=8 2 2 2 2 2 8 10 8 2 2 2 2 2 2 10 10 2 2 2 2 2 2 2 2 2 2 10 2 2 2 2 2 2 2 2 8 2 2 2 2 2 2 2 2 10 2 2 10 8 2 2 2 2 2 2 2 2 2 2 2 2
left_child=2 3 -1 -2 9 6 -6 37 57 10 12 23 22 15 18 30 17 -17 -15 20 21 34 28 24 25 -11 -25 35 48 -30 31 51 -33 -32 -20 -26 -16 -8 39 40 41 42 -39 -43 45 -31 -46 -3 -5 -28 -51 52 -10 54 -54 -34 -57 -7 -41 60 61 -60
right_child=1 47 -4 4 5 8 7 -9 13 11 -12 -13 -14 14 36 16 -18 -19 19 -21 -22 -23 -24 26 27 -27 49 -29 29 44 33 32 55 -35 -36 -37 -38 38 -40 58 -42 43 -44 -45 46 -47 -48 -49 -50 50 -52 -53 53 -55 -56 56 -58 -59 59 -61 -62 -63
leaf_value=-0.0014849672670389517 -0.041443822821033371 -0.003932926195720091 -0.10033208876268854 0.0048526796886250827 -0.052393212692050245 -0.076551559097744734 0.015752037529308364 0.048083490209033651 -0.0060779516998170592 -0.01750196793090834 -0.065536746922745664 -0.027947952252037018 0.046482495974980505 0.033580083965699642 0.075354994205274139 0.16264872416080675 -0.03565981570459955 -0.097956599034959735 0.030575208736487759 -0.065964249313626017 -0.064391020674586394 0.11517181457702259 -0.026990985249860155 0.017463613367269371 0.0063858618416696338 0.0074671011266849927 -0.0017569614915984553 0.017421335047605499 -0.068162081690337342 4.4966652370559892e-05 -0.024565590354345732 0.10196810601548104 -0.0028029771758596362 0.13010588183067215 -0.15989229440981423 -0.03832076081415204 -0.077144297852642207 0.1304993468971074 -0.018425400984430511 0.0025268820491378165 0.004674651882093114 0.029513312104613072 0.04126965485101447 -0.048160390730044168 -0.094666480436774281 -0.084237985160977566 -0.0085597089028050573 -0.078643675787061287 0.061037610774735455 0.077732972233332642 0.011150668254687151 -0.018501796366139894 0.20008646528847127 0.05087665774858921 -0.0041182615199524845 0.067270021336042554 -0.0057996336747632871 3.0062099486107829 -0.043436588070242081 -0.054489082481690758 -0.050868553077729417 0.026747705212442699
leaf_weight=61.534247587893333 258.54921657434897 110.25462989642983 200.76818126482249 3190.0447744887642 305.41474472522532 150.59800454867946 1965.0742689704057 384.24172249046387 7318.9453157481767 2196.703560392787 196.30141346874007 510.90419681486674 250.62417204242229 362.70592867810046 15.676782559516141 147.5783605708566 120.02741313957085 26.64572436841263 57.886499403466587 213.49820698917028 117.6766203212901 76.38849212579953 841.41595363355009 5818.4733679376077 532.38576160249067 1295.711114335485 3453.5111606526407 2485.6258865445561 119.84411939159327 2183.1253146251838 1241.4289011540968 95.911004922687425 885.43385877062974 17.860585717717186 12.380062069685662 273.75161823358212 431.53141259204131 85.214768565550912 1166.5974707948335 4018.1141558156451 1575.8428867606199 406.5860811595121 184.86707271561318 73.10389461536397 100.60941803923924 83.934084658802021 164.90156896995904 127.85669791315013 107.37513955676695 79.399782191845588 2389.62707883236 1834.1763003137457 8.7135971803654666 265.96815403364599 436.11430930405913 165.43075191523531 138.62336950929603 0.032181328766454409 86.457392582720786 192.66921329836623 187.46177957215696 328.1557982729064
leaf_count=38597 9567 10370 1909562 173275 32381 505078 136238 102596 264145 39032 13502 11118 15933 14651 396 1755 2179 558 1388 4507 2053 776 246811 438684 13995 59447 321987 103860 37210 78162 75619 2112 13215 209 179 9461 8013 7612 73317 183305 69560 13728 5583 24209 57138 696 4657 192425 3692 1246 48794 20200 422 3452 8065 2709 1642 24 45323 13043 121475 34310
internal_value=-0.000173117 0.000216101 -0.0771433 0.000420234 0.000630917 -0.00243582 0.00380201 0.00541289 -0.0072703 0.00356072 -0.00386406 0.00638387 -0.00214485 -0.00653147 -0.0256274 -0.00459563 0.0581582 0.122792 -0.00106201 -0.0273577 0.00382436 0.0585607 -0.00393939 0.0073307 0.0010968 -0.00823826 0.0109328 0.0110009 -0.000679474 -0.0098314 -0.00608375 -0.00424404 0.0137098 -0.0223719 -0.00298271 -0.00879581 -0.0717985 0.00381643 0.000992331 0.00416565 0.0148758 0.0363162 0.0694229 0.017676 -0.00707112 -0.00307547 -0.0411879 -0.0440497 0.00668225 0.00451668 0.0132918 -0.00658367 -0.00386129 0.0189633 -0.000118158 0.00659335 0.0339563 -0.0758929 -0.00100958 -0.0188894 -0.00749725 0.0121125
internal_weight=52134.3 51872 262.302 51633.9 51375.3 25101 10959.8 10654.4 14141.2 26274.3 7238.18 19036.1 7041.87 13990.6 1287.74 12702.9 294.251 174.224 840.536 477.83 264.332 146.655 6791.25 18525.2 6784.18 3492.41 11741 3291.76 5949.83 2652.41 12408.6 11149.3 1285.4 1259.29 70.2666 806.137 447.208 10270.1 8305.07 7138.47 2325.61 749.772 270.082 479.69 2532.57 2267.06 265.511 238.111 3297.42 5922.54 2469.03 9863.92 8029.74 710.796 444.828 1189.49 304.054 150.63 4812.86 794.744 602.075 414.613
internal_count=5635248 3687089 1948159 3484294 3474727 1796027 862680 830299 933347 1678700 631076 1047624 617574 428245 31963 396282 4492 2313 23554 8903 4396 2343 601641 1036506 225795 98479 810711 127316 354830 177863 391790 315962 19678 75828 1567 23456 8409 727703 591465 518148 120692 51132 13195 37937 140653 78858 61795 202795 176967 372027 50040 296284 276084 11939 8487 17566 4351 505102 397456 214151 201108 79633
is_linear=0
shrinkage=0.1


Tree=77
num_leaves=63
num_cat=0
split_feature=31 25 1 3 33 38 21 11 31 1 7 33 42 12 7 6 7 41 3 31 3 41 14 12 11 19 41 12 17 11 31 19 31 42 20 37 19 34 17 42 31 29 14 38 30 37 21 34 35 7 29 14 10 13 17 8 38 12 32 28 25 10
split_gain=137.464 44.6551 41.7976 80.1345 63.2416 62.2505 61.5703 49.149 42.6207 55.8959 53.1005 41.53 38.6233 33.9441 46.3364 67.1184 46.552 40.5072 38.4936 39.3023 35.0086 31.1281 75.5926 83.7438 30.4057 45.354 38.6776 29.5237 43.08 42.7016 32.7491 30.9428 29.2845 28.4013 27.9367 31.578 36.8979 43.4549 27.7904 52.0956 46.884 91.857 178.853 75.1749 58.9873 55.6507 50.9209 46.7998 45.2778 44.1608 69.7443 40.3274 42.348 47.4095 38.7254 37.537 36.9644 36.3785 35.3801 34.4792 50.7198 47.6301
threshold=-0.45063313841819758 3.5000000000000004 9.5000000000000018 4.5000000000000009 -60.697162628173821 35.500000000000007 0.29520697891712194 40.270269393920906 -0.098543122410774217 4.5000000000000009 3.5000000000000004 1.0000000180025095e-35 0.17445652186870578 48.566747665405281 1.0000000180025095e-35 1.0000000180025095e-35 2.5000000000000004 1.0000000180025095e-35 15.500000000000002 -0.2123737037181854 26.500000000000004 0.63333335518836986 0.2264957278966904 59.317129135131843 51.355310440063484 94.767265319824233 0.35416667163372045 84.273937225341811 3.5000000000000004 83.795948028564467 -0.094046041369438158 68.438713073730483 -0.34353439509868616 0.44610279798507696 75.484191894531264 -69.990253448486314 98.830371856689467 6.5000000000000009 8.5000000000000018 0.32305501401424414 0.20798033475875857 1.0000000180025095e-35 0.81666666269302379 23.500000000000004 -1.0000000180025095e-35 -63.636362075805657 0.82480818033218395 27.500000000000004 -98.026229858398423 1.0000000180025095e-35 1.0000000180025095e-35 0.93750000000000011 78.456192016601577 79.80582427978517 6.5000000000000009 2.5000000000000004 23.500000000000004 52.73088455200196 18.500000000000004 1.0000000180025095e-35 7.5000000000000009 84.028984069824233
decision_type=8 2 2 2 2 2 2 2 8 2 2 2 2 2 2 2 2 8 2 10 2 10 2 2 2 2 8 2 2 2 8 2 10 2 2 2 2 2 2 2 8 2 2 2 2 2 2 2 2 2 2 2 2 2 2 2 2 2 2 2 2 2
left_child=1 -1 8 5 -5 21 -7 -8 9 10 24 12 -10 17 18 -16 20 -11 -15 -20 -17 34 -23 -24 25 -2 -27 28 30 -29 31 -25 -18 -13 -4 36 37 -36 40 56 -14 42 43 44 -42 -43 54 -44 -41 51 -51 52 53 57 55 -47 58 -50 -40 60 61 -46
right_child=2 -3 3 4 -6 6 7 -9 11 13 -12 33 38 14 15 16 32 -19 19 -21 -22 22 23 27 -26 26 -28 29 -30 -31 -32 -33 -34 -35 35 -37 -38 -39 39 48 41 45 47 -45 59 46 -48 -49 49 50 -52 -53 -54 -55 -56 -57 -58 -59 -60 -61 -62 -63
leaf_value=-0.0013384653195726234 -0.074590495313247435 -0.099905221731072219 0.036317095060007278 -0.047484804672072341 -0.011541580473897554 -0.054558862664738354 -0.049525914080790968 0.010736315010822046 0.025515157435515641 -0.0041511369858714502 0.0087282692002162137 -0.056604136658135233 -0.0027046129092385997 0.059126532402560876 -0.062119767756293257 0.045617690786261149 0.07273607743920435 -0.093636413311792038 0.11453362117637469 -0.016475331546111097 0.21310856766611883 -0.06412920779445215 0.15855414439348212 -0.0040887464409983141 0.058398063611163675 0.071924232531155166 -0.045687280663512575 -0.055523444443823435 -0.019420722607547795 0.0020500348825065024 0.03409890756283001 0.24052453036882651 -0.0042557454937272509 -0.0089540974548638196 0.16578254396924991 -0.0036753652409291983 -0.016439642518239452 0.02330230831218999 0.011886094195931902 0.023338816081227787 0.044262560252939301 0.078389152390294425 0.068249580895919801 0.033145677568986412 -0.025122522786662882 -0.0062736630491093074 -0.015171205817347162 -0.034811962661380397 -0.053388519073516563 -0.030501621034909068 0.19280742288135677 0.036224301269286517 -0.037915469201527913 0.10223906979022886 0.022979204461826132 0.0056597602086602018 -0.01108166837974889 -0.009969878446616974 0.065170116042330195 -0.046815168148012308 0.024545440886822204 0.012166402413559778
leaf_weight=61.44735495497298 46.088350998077658 182.40094701087946 599.75270354141685 575.35884087682643 3281.0756223127173 339.0373427306331 176.39779122068285 581.45501771186537 628.20304762094747 143.84837371349568 795.26860239275265 203.46474647510331 14198.446646431083 256.50543442134949 169.84762972130557 88.614397900404583 51.677183547777531 78.023843584174756 26.351905524970789 174.76034191228973 14.524875149858415 163.84357389829529 35.428075606796483 7.8573933258448987 532.56576265101467 102.10616075550206 38.506310705182841 137.89576869981101 165.60907093584683 1958.3923743209161 393.4453222737211 15.127197358233387 1122.2960250525648 324.7182522721414 40.239421259480878 560.13577739188622 52.446945053205127 45.734729791729478 313.57893854587746 363.77314662943536 259.48661945573986 92.655753173166886 713.88615897943964 885.97948930400889 951.90800113597652 4124.3880985688884 1780.7034549880773 46.958900654921308 206.76609415764688 29.713432798758731 26.423685850648326 149.75426913431147 755.24459387120442 36.200492431933526 892.68913405580679 7303.7307773293578 298.53393813633011 2892.3293449426856 206.78961632822757 190.45035292883404 521.30793366592843 535.10957757587312
leaf_count=38597 76461 1909562 67490 621078 453260 216586 166885 25635 16379 44431 42297 4440 270026 37397 85189 6555 11492 244305 9499 12198 217 214986 2923 8355 26964 4091 35526 8185 18219 87741 7213 450 66412 7738 3139 19466 1318 10005 12075 7254 9240 1055 282306 40066 32768 40191 21393 859 11067 2497 1842 3554 31382 1608 16201 70367 11885 83313 5573 4875 32985 28182
internal_value=-0.000162135 -0.0750674 0.00019114 -0.00594891 -0.0169041 0.00206353 -0.0191369 -0.00329032 0.00150776 0.0118541 0.0265356 0.000540179 0.000923198 0.00139748 0.00570976 -0.00306197 0.00479233 -0.0356196 0.0334454 0.000690881 0.0692051 0.00763227 0.00183298 0.00581546 0.0462245 0.0114992 0.0397167 0.00379508 0.0237203 -0.0017372 0.040877 0.156902 -0.000866639 -0.0273097 0.0204859 0.00689394 0.0496637 0.0899889 0.00051425 -0.00621522 0.00160742 0.00495314 0.0181276 0.00817158 -0.00082931 0.00114296 0.000635408 0.0618887 -0.0104718 -0.0134742 0.0746097 -0.0146981 -0.0166582 -0.0115377 0.00291991 0.00135301 0.0169684 -0.0128667 0.0330607 -0.00615079 -0.00229457 -0.0117039
internal_weight=51947.3 243.848 51703.4 9129.23 3856.43 5272.8 1096.89 757.853 42574.2 3640.99 1514.54 38933.2 38405 2126.45 1904.58 1446.96 1277.11 221.872 457.618 201.112 103.139 4175.91 2877.6 2713.76 719.267 186.701 140.612 2678.33 582.039 2096.29 416.43 22.9846 1173.97 528.183 1298.31 698.557 138.421 85.9742 37776.8 5279.11 32497.7 18299.3 4105.09 3344.24 2458.26 14194.2 14101.5 760.845 4460.21 4096.43 56.1371 4040.29 3890.54 3135.3 12320.8 11428.1 818.902 3099.1 520.369 2198.78 2008.33 1487.02
internal_count=5635248 1948159 3687089 1932934 1074338 858596 409106 192520 1754155 703034 185339 1051121 1038943 517695 228959 169865 84676 288736 59094 21697 6772 449490 348072 133086 143042 116078 39617 130163 34237 95926 16018 8805 77904 12178 101418 33928 14462 13144 1022564 172050 850514 580488 431281 148116 108050 149207 148152 283165 142517 135263 4339 130924 127370 95988 126759 110558 29533 94380 17648 98810 93935 60950
is_linear=0
shrinkage=0.1


Tree=78
num_leaves=63
num_cat=0
split_feature=31 25 29 45 45 25 43 24 21 0 21 11 12 41 17 41 14 12 13 11 25 12 2 31 31 12 31 10 5 33 26 25 20 21 0 31 2 24 31 12 13 2 32 17 27 24 10 12 25 32 13 10 12 12 31 2 24 21 36 41 25 31
split_gain=120.706 43.1934 39.2522 38.3386 48.5297 42.1584 40.815 58.4133 44.493 37.9421 37.9318 62.4729 47.1527 93.5741 67.2064 60.9737 132.878 66.9772 61.0644 55.2974 55.2861 54.1325 52.297 70.5284 50.4261 49.5986 45.5465 44.4523 59.3122 43.3522 50.2746 41.7399 38.4835 45.5203 42.7042 36.0407 48.5751 35.021 34.9451 78.2417 48.5004 57.9627 53.3167 51.0482 45.1345 42.3243 60.1264 42.9663 42.2858 36.3944 39.9022 42.0626 34.5877 33.4766 33.3748 33.3725 33.2193 32.852 32.7095 32.0041 31.1331 30.3489
threshold=-0.45063313841819758 3.5000000000000004 2.5000000000000004 0.99999985098838817 0.55098927021026622 10.500000000000002 0.73713615536689769 7.5000000000000009 0.2709790319204331 0.67998474836349498 0.96275860071182262 98.213714599609389 42.206478118896491 1.0000000180025095e-35 16.500000000000004 0.86607143282890331 0.18333333730697635 65.419578552246108 99.206348419189467 98.07621002197267 8.5000000000000018 60.158729553222663 0.71215134859085094 0.27561780810356146 0.0087758675217628496 98.629108428955092 0.047882422804832465 30.341388702392582 1.0000000180025095e-35 -83.192092895507798 0.73214286565780651 4.5000000000000009 99.333301544189467 0.8441295623779298 0.89735862612724315 -0.19016160815954206 0.40789571404457098 7.5000000000000009 -0.094046041369438158 53.45238113403321 42.462121963500984 0.41250723600387579 7.5000000000000009 10.500000000000002 1.5000000000000002 7.5000000000000009 91.331184387207045 62.622549057006843 4.5000000000000009 2.5000000000000004 76.533164978027358 81.661396026611342 97.402160644531264 99.333332061767592 -0.046158589422702782 0.9008869230747224 13.500000000000002 0.29520697891712194 7.5000000000000009 1.0000000180025095e-35 6.5000000000000009 -0.01071973145008087
decision_type=8 2 2 2 2 2 8 2 2 2 2 2 2 8 2 8 2 2 2 2 2 2 2 8 8 2 10 2 2 2 2 2 2 2 2 10 2 2 8 2 2 2 2 2 2 2 2 2 2 2 2 2 2 2 10 2 2 2 2 8 2 10
left_child=1 -1 3 4 9 6 7 8 -5 -2 12 27 13 22 15 18 17 -17 19 25 58 24 31 -24 -18 29 -19 28 -12 30 -14 -6 33 56 52 -33 54 59 39 -31 41 44 -43 45 48 49 47 -47 -40 57 51 -51 -34 -29 -37 -30 -23 -42 -21 -16 -45 -7
right_child=2 -3 -4 5 10 61 -8 -9 -10 -11 11 -13 14 -15 37 16 21 26 -20 20 -22 32 23 -25 -26 -27 -28 53 55 38 -32 35 34 -35 -36 36 -38 -39 40 -41 43 42 -44 60 -46 46 -48 -49 -50 50 -52 -53 -54 -55 -56 -57 -58 -59 -60 -61 -62 -63
leaf_value=-0.0012062393438740156 -0.005126463838338674 -0.099404518562183089 -0.037899336721620679 -0.083531853362171171 -0.027085598000960966 -0.084704564944840272 -0.0010477322091783383 0.011004229788749499 -0.019659359280076935 -0.035610612821276012 -0.013685984728367124 0.074391245854804194 0.11957104624346976 -0.064234774655347326 0.035697341222443404 -0.10147203704847887 0.13515584002760414 -0.050857436772759251 0.10607734286892373 0.044691701047327802 0.10011810946180343 0.00089249013038479792 -0.064192531045962412 0.074428542701403491 0.02565934744372286 -0.17555100140400803 0.11275456472388068 0.0033104279716369583 0.093880106797195648 -0.041866568308376817 0.73604403352623138 -0.06035445045716506 0.01814166903698677 -0.022366351272645552 -0.0082601966232594727 0.011187084172814886 0.01367634938484563 -0.059202082225389058 -0.010176785298399955 0.070264923572589386 0.13033144567305499 0.066522315183982092 -0.0035992587889897769 0.014071931257567147 0.15675366905615767 -0.0097694764306325392 -0.022773950986790411 0.028701914375869893 0.092259822287070276 -0.02259499788694334 0.0096624468560107743 0.094337902288351302 0.080579227079491139 -0.17729238466227037 0.11349976500682271 0.026562561317507141 0.021464537586922551 -0.059700139042327127 -0.011420653669616639 -0.0361630822407343 -0.047734767333647871 -0.017899612552999822
leaf_weight=61.369138898306119 2046.0983498891874 165.83392519558402 269.45073810945905 196.39623366136948 202.69201596333005 72.354538602856337 12561.337177984635 269.64277864924952 245.24524607233616 510.07852305620327 146.46014567832754 170.87863121269038 8.1850609450120793 310.65466839927103 104.68298696621059 187.40445799721783 51.010722467406595 44.242013877519639 68.033816086361185 287.5705177223499 122.80180113517417 20670.653383720615 213.73061954257719 44.313112869858742 239.65662238516961 14.652516831018145 27.647437624400482 1315.9233033775818 166.00207182901795 84.657819920656038 1.5779038325199515 44.502661406906554 183.24114606057992 817.62594746780815 212.97032088920241 46.323491301023751 361.00097581697628 254.46320066230692 70.254190157051198 234.86405141271825 9.6635715439624601 142.87612301777699 449.79114776218194 112.30283309736114 50.362529597245157 350.725802745088 350.38623522606213 1685.0789028506406 94.508284341660328 771.48150050618278 1506.4218832585757 32.040192972228397 172.00152236869326 10.344102034810929 102.27733149589039 132.36302142273053 815.92140898179059 155.23631110880524 162.64035013963439 151.91666468227049 297.12211769149872 1130.6032349251327
leaf_count=38597 158550 1909562 109660 187159 26835 29178 784987 51642 69596 16417 6927 103258 612 600062 5767 229284 12169 5463 9818 5759 2629 713029 5547 629 3143 151 274 57894 7454 61373 62 58459 2600 31122 7203 16691 16358 17507 6887 17438 93 2418 10714 2654 1411 4824 4393 25889 12569 14908 22978 601 9555 182 9908 4120 23443 1857 6282 52901 3587 32209
internal_value=-0.000152251 -0.0728805 0.000168198 0.000368162 0.00208232 -0.003992 -0.00236731 -0.0256712 -0.0480632 -0.0112095 0.00307392 0.016648 0.00225836 -0.0162118 0.0030482 0.00365109 0.00119519 -0.0699938 0.0117951 0.0108781 0.0406435 0.0019921 -0.00151143 -0.0403875 0.0448755 0.00822232 0.0120649 0.0110768 0.0384325 0.00864257 0.219206 0.0117441 0.00144713 0.000792426 0.0271463 0.025948 0.0334847 -0.032915 0.00832125 0.0405555 0.00662676 0.0294437 0.0133052 0.00312965 0.0739052 0.00598585 0.0154887 0.0220741 0.0485812 -0.00317655 6.35094e-05 -0.0179323 0.0483727 0.00190183 0.0816057 0.0640162 0.00167368 -0.0485638 0.0244209 -0.00684674 -0.0307816 -0.0219177
internal_weight=51792.5 227.203 51565.3 51295.9 36820.3 14475.6 13272.6 711.284 441.641 2556.18 34264.1 1941.97 32322.2 1325.49 30996.7 30485.6 23422.4 259.294 7063.24 6995.2 573.013 23163.1 1014.84 258.044 290.667 6422.19 71.8895 1771.09 444.825 6407.54 9.76296 756.796 22872.4 22304.2 568.213 554.104 509.602 511.063 6397.77 319.522 6078.25 807.792 592.667 5270.46 215.125 4861.03 2386.19 2035.8 164.762 2474.84 2309.94 803.522 355.243 1326.27 148.601 298.365 21486.6 164.9 450.211 256.6 409.425 1202.96
internal_count=5635248 1948159 3687089 3577429 2422658 1154771 1093384 308397 256755 174967 2247691 179835 2067856 734489 1333367 1257192 1037285 235021 219907 210089 14670 802264 134427 6176 15312 195419 5737 76577 18501 195268 674 128251 786952 767594 19358 101416 42957 76175 194594 78811 115783 33999 13132 81784 20867 75543 35106 30713 19456 40437 38487 15509 12155 58076 26599 11574 736472 1950 12041 58668 6241 61387
is_linear=0
shrinkage=0.1


Tree=79
num_leaves=63
num_cat=0
split_feature=31 25 43 20 3 32 25 17 29 19 26 40 29 20 24 25 30 29 29 25 18 43 31 29 31 26 19 25 42 20 20 19 8 17 44 24 25 25 31 19 31 0 7 3 7 3 20 28 10 0 20 30 29 19 18 18 19 30 40 26 18 20
split_gain=105.736 41.6401 36.7161 48.5463 34.8728 33.0972 32.4525 83.1509 72.0186 50.5502 50.4717 99.6038 126.557 83.0978 65.2313 88.6374 81.8457 163.166 103.583 136.266 64.8385 62.5859 65.8288 54.761 177.778 135.825 84.3424 64.7554 122.173 60.1411 59.9535 57.9828 58.1238 50.575 65.5323 52.6294 49.135 48.0949 47.5897 67.7314 47.5711 50.2191 82.6558 59.6822 70.0439 51.0014 49.9248 47.5609 118.353 52.8725 51.4001 115.711 81.1182 52.8328 50.1944 72.2718 46.512 44.0528 135.6 101.472 57.1349 78.7403
threshold=-0.45063313841819758 3.5000000000000004 0.35734237730503088 52.784828186035163 152.50000000000003 50.500000000000007 10.500000000000002 9.5000000000000018 1.5000000000000002 98.830371856689467 0.13392857462167743 1.0000000180025095e-35 1.5000000000000002 77.286670684814467 7.5000000000000009 7.5000000000000009 1.0000000180025095e-35 1.0000000180025095e-35 1.0000000180025095e-35 7.5000000000000009 36.198686599731452 0.70620203018188488 -0.080336645245552049 1.0000000180025095e-35 0.24272128939628604 -1.0000000180025095e-35 93.563182830810561 3.5000000000000004 0.56635221838951122 99.80237197875978 76.879619598388686 50.920385360717781 2.5000000000000004 10.500000000000002 0.93764954805374157 6.5000000000000009 3.5000000000000004 7.5000000000000009 -0.12877170741558072 72.02484512329103 0.023559764027595523 0.35752075910568243 1.0000000180025095e-35 21.500000000000004 18.500000000000004 35.500000000000007 79.180648803710952 1.0000000180025095e-35 99.295776367187514 0.32422667741775518 97.067424774169936 1.0000000180025095e-35 1.0000000180025095e-35 96.168525695800795 97.067424774169936 91.905540466308608 56.615140914916999 1.0000000180025095e-35 1.0000000180025095e-35 0.88194444775581371 97.446762084960952 99.333301544189467
decision_type=8 2 8 2 2 2 2 2 2 2 2 10 2 2 2 2 2 2 2 2 2 8 8 2 10 2 2 2 2 2 2 2 2 2 2 2 2 2 10 2 8 2 2 2 2 2 2 2 2 2 2 2 2 2 2 2 2 2 10 2 2 2
left_child=1 -1 3 -2 5 6 10 8 57 -10 11 21 -13 14 15 38 18 -18 -16 -20 36 22 -4 24 27 26 -25 40 30 31 -29 -27 33 -33 -35 -36 -15 -28 39 -12 41 46 -43 -44 45 -45 -23 48 49 -22 54 52 -52 -54 55 -49 -30 58 60 -59 61 -8
right_child=2 -3 4 -5 -6 -7 7 -9 9 -11 13 12 -14 20 16 -17 17 -19 19 -21 47 23 -24 25 -26 29 37 28 56 -31 -32 32 -34 34 35 -37 -38 -39 -40 -41 -42 42 43 44 -46 -47 -48 50 -50 -51 51 -53 53 -55 -56 -57 -58 59 -60 -61 -62 -63
leaf_value=-0.0010869316638182761 -0.080610443475404026 -0.098824369078806623 -0.073409970322646498 0.0047933003280807322 -0.036723937390685031 -0.039335780542705229 0.0042859483958731593 -0.03632308870271516 -0.052273513448527958 0.033748609105850723 -0.060297941825965998 0.16730644162512404 -0.11933436103876396 -0.11108631893542516 -0.029965595238968121 0.056883491284146305 0.038812169927717459 -0.065443964181156986 0.1062457265315606 0.013697185203291166 0.038660167722614047 -0.0053681916885098364 -0.012491729926535897 0.0037010499865791462 0.058171947850639089 -0.089476769443743262 -0.089284280560539914 0.053217554247329157 -0.10507437313050641 0.072566308058970228 -0.022420295044011367 -0.012446893596367574 0.0030330822047928093 -0.040068497283825048 0.1073664479095984 -0.00034172177586861281 0.051724313877792964 -0.037392297468606367 -0.0023317272112023356 0.1053060431323135 -0.015546796109958969 0.044857542918653195 -0.0048394071748965005 0.029913463654316602 -0.00015651763636633344 0.097031808285565041 -0.17834488755257003 -0.0023980707087337145 0.055851163620538269 0.0020780025979114775 -0.043321372224836341 -0.060165014408733064 0.09672013971124771 0.031142639035905147 0.056340768552108435 -0.030455352966026052 0.070428915129549338 -0.059289896416171488 0.13592423885438421 0.0087726215716352699 -0.026646884988787561 0.056907860541936028
leaf_weight=61.298734059564595 129.99213983486698 150.89050266523191 220.46865569558577 136.39507044120546 252.60543073832378 207.47263023988489 2477.2227837780301 800.8788129966415 407.60046618078195 82.067065245995764 33.730717481848842 69.975870244437829 19.750804732248071 84.216445709069376 117.41900191347668 328.7208365442275 563.52037400674453 204.62625436688541 426.70679210625531 253.66994789238379 424.47637047574244 3515.2963377814667 907.76201158904587 341.38813944379945 594.51733618346043 75.65149498545361 277.78620983941073 137.00527546155354 15.635499406373127 108.51096211925324 445.72289978086337 4965.6881529993407 9325.7013151869905 87.584928550779296 114.08511539739993 75.31523630614538 23.767772683080693 500.25041294727998 2098.4973826238638 92.218659705555183 1734.555726893479 583.57165644181077 2478.5324912168726 518.41863269415626 741.59698189253686 144.84571213592426 16.765163016440056 3616.3420766701311 486.54751190467505 5706.057469500578 111.77103355922736 154.96775784346391 169.91780218756321 443.56460448059806 118.54525417845434 1230.4441000189836 441.42229427622806 348.90326049929718 80.809483614430064 588.5177013830471 491.33307855785097 321.23065427826805
leaf_count=38597 227160 1909562 426845 13618 71907 186774 65108 51392 44210 1136 62845 921 854 5771 16275 18212 46899 9097 14714 17073 18511 298735 81965 16237 39252 20105 3289 35851 1767 4537 116690 257048 399620 76631 10079 6386 1289 4716 105368 20676 16937 10592 23727 8231 50434 4782 1852 128277 216602 259411 9230 3327 2754 6724 1745 42263 19385 8201 1207 60510 6823 4512
internal_value=-0.000143317 -0.0705893 0.000147088 -0.0368822 0.000339723 0.000523469 0.000686431 -0.00649484 -0.0015156 -0.0378564 0.00157695 -0.000983584 0.104211 0.00594294 0.0182696 0.00841424 0.0343382 0.0110394 0.0567712 0.0717402 0.00190376 -0.00131631 -0.0243958 -0.000360391 0.00493757 -0.00415492 -0.0377372 0.00199989 0.0257205 -0.00160669 -0.00463707 -0.00215631 -0.00170287 -0.0101272 0.0314594 0.0645362 -0.075251 -0.0559195 0.00125162 0.0609554 -0.00053406 0.00272139 0.00976708 0.00449391 0.0209603 0.044571 -0.00618924 0.00257228 0.00837858 0.00461094 -0.00400037 0.018271 0.0350307 0.0493058 -0.0079485 -0.00952092 0.0644251 0.00261505 0.00794793 -0.0165599 0.00480435 0.0103263
internal_weight=51684.8 212.189 51472.6 266.387 51206.2 50953.6 50746.1 5598.56 4797.68 489.668 45147.5 28457.8 89.7267 16689.7 4119.11 2553.17 1565.94 768.147 797.796 680.377 12570.6 28368.1 1128.23 27239.8 11367.9 15872 1119.42 10773.4 1039.79 14752.5 582.728 14644 14568.4 5242.67 276.985 189.4 107.984 778.037 2224.45 125.949 9733.58 7999.03 4466.97 3883.39 1404.86 663.264 3532.06 12462.6 6617.08 6130.53 5845.55 880.221 725.253 613.482 4965.33 4846.79 457.058 4308.02 3370.6 937.421 3289.79 2798.45
internal_count=5635248 1948159 3687089 240778 3446311 3374404 3187630 243099 191707 45346 2944531 1937468 1775 1007063 311159 207101 104058 55996 48062 31787 695904 1935693 508810 1426883 628235 798648 24242 588983 173693 774406 152541 769869 749764 350144 93096 16465 7060 8005 188889 83521 415290 398353 97766 87174 63447 13013 300587 688844 494524 277922 194320 22035 18708 9478 172285 170540 21152 146361 77650 68711 76443 69620
is_linear=0
shrinkage=0.1


Tree=80
num_leaves=63
num_cat=0
split_feature=1 3 12 38 10 45 27 24 43 41 0 19 14 18 21 3 34 12 41 2 21 24 11 3 2 25 29 30 40 24 43 7 17 43 29 14 45 21 37 18 21 35 0 37 1 14 0 19 27 37 17 38 8 0 24 21 10 42 17 42 42 2
split_gain=45.4412 69.3996 63.3185 53.3923 56.0147 38.9805 38.3218 36.1569 41.5501 41.8761 38.2646 35.2062 34.0993 33.8791 77.6947 67.3126 56.8794 49.7495 56.332 48.2178 47.1946 46.2551 44.6227 44.4892 38.5139 55.2052 58.2764 67.5164 56.4841 49.9204 48.5884 44.7499 41.1942 40.4738 41.0604 58.4057 47.6371 37.245 56.2201 41.783 53.0851 43.3328 36.2824 35.2198 37.2506 35.1603 33.7796 33.3304 30.6719 30.4827 33.7633 30.3211 29.4063 28.668 28.5999 28.5215 28.4251 27.9821 27.0545 26.4513 25.36 25.7871
threshold=11.500000000000002 4.5000000000000009 48.074073791503913 35.500000000000007 64.051280975341811 0.35799026489257818 1.5000000000000002 8.5000000000000018 0.56021979451179515 0.26785714924335485 0.42356970906257635 58.554008483886726 0.2264957278966904 92.601715087890639 0.95916664600372326 7.5000000000000009 5.5000000000000009 42.206478118896491 0.22500000149011615 0.67713329195976268 0.91106721758842479 7.5000000000000009 98.213714599609389 14.500000000000002 0.76095134019851696 9.5000000000000018 1.5000000000000002 1.0000000180025095e-35 1.0000000180025095e-35 9.5000000000000018 0.60479471087455761 1.5000000000000002 9.5000000000000018 0.60479471087455761 1.0000000180025095e-35 0.84523808956146251 0.96946269273757946 0.67333334684371959 -60.644584655761712 95.565387725830092 0.54006412625312816 -0.70838546752929676 0.26704409718513494 -11.626277923583983 1.5000000000000002 0.81666666269302379 0.99999997019767772 94.146202087402358 1.0000000180025095e-35 -7.8847846984863272 4.5000000000000009 22.500000000000004 6.5000000000000009 0.55910721421241771 8.5000000000000018 0.17752101272344592 74.601570129394545 0.2237871587276459 10.500000000000002 0.32305501401424414 0.3892496526241303 0.9008869230747224
decision_type=2 2 2 2 2 2 2 2 8 10 2 2 2 2 2 2 2 2 8 2 2 2 2 2 2 2 2 2 10 2 8 2 2 10 2 2 2 2 2 2 2 2 2 2 2 2 2 2 2 2 2 2 2 2 2 2 2 2 2 2 2 2
left_child=5 3 -3 7 6 -1 -5 8 55 56 -9 52 -11 14 17 21 23 18 19 59 24 22 51 37 25 29 27 28 -27 -19 -31 -32 33 -26 35 -35 43 38 -15 41 -41 -40 -17 44 48 -34 -39 -18 -36 50 -14 57 -6 -44 -29 -2 -10 -16 -42 -7 -45 -62
right_child=1 2 -4 4 11 13 -8 10 9 12 -12 -13 49 16 15 42 47 20 -20 -21 -22 -23 -24 -25 32 26 -28 54 -30 30 31 -33 45 34 36 -37 -38 46 39 40 58 -43 53 60 -46 -47 -48 -49 -50 -51 -52 -53 -54 -55 -56 -57 -58 -59 -60 -61 61 -63
leaf_value=-0.039275462605564034 -0.087671452267628666 -0.057576606660249822 -0.013672698223278419 -0.054829533674278542 0.015297705156932595 0.016844871066284964 0.042373053248303233 0.030169993650175288 0.046755431918317249 -0.043549616637986718 -0.051784464444975142 0.015446861092011828 0.025251149235468059 0.096530124138985554 0.064323175967016505 0.74192034914077243 0.0022760132689757717 0.00024221318979160967 -0.064542660906356894 -0.046174015534179949 -0.041780758028479789 0.058097770932452442 0.08729853554823748 0.02889965219002711 -0.0048503616322930687 6.3715642354724895e-05 -0.061742041795952621 0.050356674143882119 0.1493346019899475 0.063950962059452277 0.023277509337638842 -0.0040728258314916633 -0.020865261084948485 0.019031334922472536 -0.0155798572164739 0.078269279276328735 -0.020456887614312275 -0.0062085097146464107 -0.0017917149775838765 0.10227580093939051 0.0099623424794595961 -0.063578039845916146 0.14033779868659199 -0.020700017319643438 0.040664866257900868 0.095382872205853314 0.074523475510030565 -0.031297865819287007 0.025611121285986971 -0.012344679149675164 -0.0095369744865577786 0.029182491966046095 -0.080646318014437987 0.054590962377961329 -0.066618813003946425 -0.00094247501063640042 -0.060010630414462696 -0.025007573913336315 0.086089103348765725 -0.047159489757085088 0.00089452099359233611 0.018743331008122713
leaf_weight=237.87427634694905 86.932380936334084 376.6390280608066 2569.6519232952778 418.5620291685118 52.387021043814457 489.23044147893233 44.91119658018215 787.18439010644579 290.29695516572974 175.44870569791601 61.41560759211643 430.38173740931234 764.88207586493081 69.913682232177962 38.46490608699969 0.8366150423680655 413.4194351303413 16765.696731964959 219.46944264309786 227.17019835388783 235.03869688582199 221.06322847477713 61.181234514515381 486.4742885466876 1352.2267525384486 818.1384172987091 255.13752784366079 23.125019888062525 26.160471334518661 188.83064951883352 1365.0087729664519 1064.9556748792857 597.54437002903433 638.74977832370132 288.95444483017855 225.09121147313272 442.17050946856034 7509.9118291771301 1017.7662947337776 69.158622026603553 1370.9366872918727 127.75816697931441 57.158520425640745 280.03515362811595 835.04805756443602 27.202853182505351 52.188084546651226 1038.358710419303 482.85477874770731 830.15066921999096 439.17143338856113 209.6144890477226 81.866384316530457 122.67037421202986 217.3635712496216 67.251385241997923 27.279832791973604 396.74782316455821 48.329427958695305 74.387456403972465 1479.9623681106896 1786.5645841415608
leaf_count=8872 171805 1078487 585086 561549 14521 75416 10458 169863 25834 239227 3949 7606 12226 14182 962 19 21146 852318 623973 7129 5786 18384 42176 28487 26922 40257 37838 1256 319 28714 62888 39113 17404 30486 4714 73171 5443 291753 16871 721 27510 1978 2986 2862 13236 596 76745 39872 5539 8941 14746 7603 48719 12644 9904 33681 647 14039 1214 20862 13459 20134
internal_value=-0.000132117 -0.00732394 -0.0192852 0.000407578 -0.0196471 0.00109571 -0.0454105 0.00624845 0.000554978 0.00362966 0.0242387 0.00150048 -0.00125037 0.00131538 0.00304774 0.0290617 -0.00315796 0.00210002 -0.0197193 -0.00727933 0.00284989 0.0181797 0.00568065 -0.000649428 0.00320961 0.000890904 -0.0187398 -0.00862585 0.00468885 0.00224785 0.0150881 0.011291 0.00890563 0.0108818 0.0141752 0.034467 0.0110425 -0.00204967 0.00802343 0.00567417 0.0167235 -0.00868263 0.0849022 0.0137452 0.026027 -0.0158036 -0.00565136 -0.0217371 0.0101898 0.00239791 0.0125624 -0.00206325 -0.043208 0.0818455 -0.0553706 -0.0498423 0.0375842 -0.0171124 0.0125546 0.00839744 0.00818068 0.0106566
internal_weight=51460.4 7504.41 2946.29 4558.12 1028.11 43955.9 463.473 3530.01 2681.41 2527.23 848.6 564.635 2209.65 43718.1 31513.9 1107.74 12204.2 30406.1 1010.26 790.788 29395.9 927.072 706.008 10752.4 29160.8 20724.4 1339.93 1084.79 844.299 19384.5 2618.8 2429.96 8436.4 7811.66 6459.43 863.841 5595.59 10266 2703.86 2633.95 1488.42 1145.52 180.666 5153.42 1606.86 624.747 7562.1 1451.78 771.809 2034.2 1204.05 644.827 134.253 179.829 240.489 154.184 317.577 435.213 1419.27 563.618 3546.56 3266.53
internal_count=5635248 2987345 1663573 1323772 642853 2647903 572007 680919 507107 301621 173812 70846 275140 2639031 2118552 98813 520479 2019739 727380 103407 1292359 83164 64780 459461 1286573 1072607 89574 51736 40576 983033 130715 102001 213966 195966 169044 103657 65387 430974 62476 48294 29445 18849 15649 59944 23489 18000 368498 61018 10253 35913 26972 22604 63240 15630 11160 205486 26481 15001 28724 96278 36455 33593
is_linear=0
shrinkage=0.1


Tree=81
num_leaves=63
num_cat=0
split_feature=31 11 41 14 31 13 37 11 37 14 17 36 10 17 21 14 7 17 10 21 10 26 14 28 9 9 7 42 33 37 35 7 36 35 42 17 0 27 21 9 37 5 10 7 31 14 8 36 34 14 26 29 7 0 33 37 17 14 17 31 20 35
split_gain=87.9772 40.5929 31.962 225.962 118.818 107.497 75.4611 144.504 93.7849 88.0803 85.0785 78.0786 72.4738 76.0694 66.0141 64.016 62.6882 61.1978 88.5384 91.455 77.2744 71.9077 56.8186 56.3705 52.6204 52.1739 47.395 56.2456 45.8734 45.299 43.9527 52.7409 43.1386 56.9423 56.8671 103.182 53.4817 96.0056 56.5283 49.5423 47.1244 62.8562 60.5927 43.0905 48.2335 62.0554 50.4288 81.2621 57.9099 43.2227 43.019 66.0176 62.5602 42.543 42.0587 41.8705 41.6542 43.5962 41.5372 41.5228 38.2009 37.4927
threshold=-0.45063313841819758 99.275363922119155 0.86607143282890331 0.31666667759418493 0.11745354533195497 99.206348419189467 -30.430158615112301 97.915760040283217 -18.911825180053707 0.58571431040763866 1.0000000180025095e-35 4.5000000000000009 86.526824951171889 1.5000000000000002 0.95119047164917003 0.58571431040763866 1.0000000180025095e-35 5.5000000000000009 86.70682525634767 0.15075758099555972 87.298336029052749 0.6904762089252473 0.38750000298023229 1.0000000180025095e-35 96.362434387207045 95.69842910766603 1.0000000180025095e-35 0.19139194488525393 -25.925925254821774 -58.823526382446282 -81.879009246826158 1.0000000180025095e-35 9.5000000000000018 -42.954978942871087 0.97014257311820995 9.5000000000000018 0.35565750300884252 1.5000000000000002 0.35388994216918951 55.35188293457032 -71.428569793701158 1.0000000180025095e-35 59.122919082641609 11.500000000000002 0.39746910333633428 0.93750000000000011 2.5000000000000004 4.5000000000000009 9.5000000000000018 0.6904762089252473 0.4083333313465119 1.0000000180025095e-35 13.500000000000002 0.72551110386848461 -14.24839401245117 -4.758922576904296 2.5000000000000004 0.11805555596947671 2.5000000000000004 -0.065839245915412889 97.68778228759767 -41.877899169921868
decision_type=8 2 10 2 8 2 2 2 2 2 2 2 2 2 2 2 2 2 2 2 2 2 2 2 2 2 2 2 2 2 2 2 2 2 2 2 2 2 2 2 2 2 2 2 10 2 2 2 2 2 2 2 2 2 2 2 2 2 2 8 2 2
left_child=1 -1 5 4 26 15 11 8 9 28 22 -5 24 -14 17 25 29 18 19 -9 21 43 -10 -17 54 32 27 -4 -8 -13 -22 -32 34 -34 -2 39 37 38 -35 -36 41 53 56 44 46 -46 47 -19 49 -49 -20 52 -52 -38 -12 -53 57 -42 59 -31 -25 -18
right_child=2 -3 3 6 -6 -7 7 14 10 -11 12 16 13 -15 -16 23 61 20 50 -21 30 -23 -24 60 -26 -27 -28 -29 -30 58 31 -33 33 36 35 -37 40 -39 -40 -41 42 -43 -44 -45 45 -47 -48 48 -50 -51 51 55 -54 -55 -56 -57 -58 -59 -60 -61 -62 -63
leaf_value=-0.10150913583983223 0.0048782355001963738 -0.0059790111137570075 0.03106103672710038 -0.014424326097656388 -0.003139351334146433 0.10372630426896377 0.016474253149663044 -0.0084693196213207148 -0.14288359904466916 0.047993959855863348 -0.022534923748535791 0.086696926828233808 -0.030604934427326591 0.054915390452782077 0.060942359629477832 0.070827475099043177 -0.071319773637084222 0.0032239381777683707 0.00023532225367407049 0.068299064742191315 0.028713754952730826 -0.059814010739554939 -0.052842702811990994 0.010701012890802528 -0.34054443592072797 -0.031443187503536189 -0.10824927543157691 -0.062625346609325491 -0.02351180134423457 0.097589426799798318 -0.070532395634480355 0.13648432196388527 -0.059532037673840688 -0.034599318212898418 0.11604508301472166 -0.021082688217901113 -0.003858051248586672 0.070500250653356231 0.014318323994576091 0.041687532747399829 -0.050401649497706327 0.026511825176739147 0.008914073805908777 -0.094573727130901786 -0.029802786673704031 0.070959727026620623 -0.0066269575292860474 0.13713552987355535 0.021203287838054086 0.036437742748014562 0.055891133361504058 0.058628009924936143 -0.12223329393199994 -0.066999357890371411 -0.068429838126320516 -0.0012458221010996514 -0.020968617866999138 -0.18273236335828216 0.010868827226804857 0.030142870714116633 0.10098157392712526 0.0039191212080240869
leaf_weight=124.52235693542752 6634.8706642427278 69.198855498816556 72.366943244473077 821.82118395782163 491.7194394832477 107.53603770336485 369.12158197886311 251.96250143765792 113.77810362887612 260.03387839675997 446.10692836330782 112.71468707523309 245.35171107906353 180.54554565273429 181.4356991678942 222.02060476312909 107.6315623177361 991.86574455918162 20404.970386891608 404.01114208827494 60.407530908589251 233.85642057590303 182.48754450370325 953.38333921894809 5.9908195556490673 468.45548277756461 195.4035685453855 559.73538756661583 1288.1657509163306 99.080444853825611 354.19900263260934 12.74955186559964 179.98907757646521 312.30547837156337 132.07921337402513 206.29758805577148 564.5910261430181 246.89633449077519 969.77371580117324 278.62555009416246 226.33436693758995 708.86380131797341 620.56985405526939 50.617984343523858 828.01220252248459 65.99090755591169 1929.6591329154035 111.46286417605734 207.87785440509469 69.020812170121644 457.74935596936848 129.79655772178376 20.605041577102384 131.57742465200135 361.46885109996947 1166.2563159705896 1402.1511873782365 27.972731136716902 1514.2602398591698 1159.1512213897222 49.292193908244371 172.18515394670248
leaf_count=1752999 183597 195160 55865 21820 10525 24264 13667 18244 1667 10417 18776 4464 3942 4173 170588 25398 65479 34403 469051 7937 1764 10518 7418 18698 60 7142 642373 618806 70617 7809 16253 3337 90149 176195 2840 6911 35669 13092 194182 7133 16150 38499 15649 18508 21003 791 116221 2838 12808 2350 141277 2537 674 2705 17251 33284 69751 370 69884 23354 982 4960
internal_value=-0.000122112 -0.067385 0.000132707 -0.00143589 -0.0420715 0.00411747 7.96311e-05 -0.00156655 -0.0208653 -0.00611584 -0.0392796 0.0130389 -0.0277722 0.00564868 0.000819176 0.0033703 0.0201699 0.000426092 0.00260489 0.038812 -0.00969525 -0.00582646 -0.0874221 0.0252348 -0.0452678 0.001328 -0.0652057 -0.0518996 -0.0146059 0.0245527 -0.0503277 -0.0633396 0.00254226 -0.00423258 0.00757866 0.0366174 -0.00232254 0.0133987 0.00240233 0.0656003 -0.00885077 0.00555108 -0.0177374 -0.00285894 -0.00175463 -0.022365 0.00381225 0.018407 0.0571843 0.0986265 0.00153404 0.0164688 0.0482185 -0.0157919 -0.0430774 0.0047504 -0.027722 -0.0649575 0.0220262 0.035454 0.0151393 -0.0250215
internal_weight=51328.9 193.721 51135.2 36691.6 1319.23 14443.6 35372.4 31385.6 3453.05 1917.32 1535.73 3986.84 1239.46 425.897 27932.5 14336 3165.02 27751.1 22835.4 655.974 4915.72 4488.36 296.266 1224.7 813.567 13111.4 827.506 632.102 1657.29 2885.21 427.356 366.949 12642.9 5391.02 7251.87 617.002 5211.04 1528.98 1282.08 410.705 3682.06 1405.03 2277.03 4254.51 4203.89 894.003 3309.89 1380.23 388.362 180.484 22179.4 1774.41 478.354 696.168 807.576 1296.05 1656.46 254.307 2772.49 1258.23 1002.68 279.817
internal_count=5635248 1948159 3687089 2757713 1327569 929376 1430144 1232374 147988 94701 53287 197770 44202 8115 1084386 905112 175950 913798 673004 26181 240794 219440 9085 45078 36087 860034 1317044 674671 84284 105511 21354 19590 852892 652411 200481 16884 562262 383469 370377 9973 178793 76873 101920 208922 190414 21794 168620 52399 17996 5188 646823 177772 141951 38374 36027 35821 86271 16520 101047 31163 19680 70439
is_linear=0
shrinkage=0.1


Tree=82
num_leaves=63
num_cat=0
split_feature=31 12 35 14 45 21 35 37 29 31 0 31 30 24 27 24 20 26 34 1 8 17 26 35 31 26 20 24 28 42 31 38 21 31 35 0 31 24 21 20 5 45 1 12 31 42 12 21 13 32 27 38 21 37 17 0 26 28 19 14 19 14
split_gain=76.6324 39.2916 30.9995 60.5793 35.9673 48.7263 84.0738 47.9642 46.1576 58.848 47.1198 64.1942 37.1085 175.088 63.5964 50.2578 92.145 57.6502 54.5153 79.1857 56.11 49.0673 48.2951 38.7787 54.4261 37.8529 34.8799 43.2623 63.542 43.0241 37.5267 35.4933 34.449 34.4403 37.492 36.5262 34.4016 33.746 72.8377 34.8428 32.984 34.7719 32.0236 31.7322 104.182 78.7766 52.7136 42.0902 42.7755 40.9222 39.6695 33.9125 55.0357 37.9288 34.7974 31.8758 30.8998 30.6149 44.006 65.6296 47.5406 30.6122
threshold=-0.45063313841819758 99.333332061767592 5.8914871215820321 0.15476191043853763 0.87790751457214367 0.17519181966781619 -96.747753143310533 15.735805511474611 1.0000000180025095e-35 -0.23779517412185666 0.86401242017745983 0.13531848043203357 1.0000000180025095e-35 7.5000000000000009 1.5000000000000002 8.5000000000000018 70.620204925537124 0.11805555596947671 4.5000000000000009 3.5000000000000004 2.5000000000000004 11.500000000000002 -1.0000000180025095e-35 -4.3468627929687491 0.24272128939628604 -1.0000000180025095e-35 92.60501861572267 8.5000000000000018 1.0000000180025095e-35 0.91476997733116161 0.22482423484325412 23.500000000000004 0.43167701363563543 -0.01071973145008087 -48.388948440551751 0.95763123035430919 -0.014909014105796812 7.5000000000000009 -1.0000000180025095e-35 64.624767303466811 1.0000000180025095e-35 0.94425451755523693 19.500000000000004 48.074073791503913 -0.14507149159908292 0.33534134924411779 55.646631240844734 0.43874999880790716 49.018096923828132 8.5000000000000018 1.5000000000000002 22.500000000000004 0.41885964572429663 -56.753377914428704 18.500000000000004 0.31791320443153387 0.19090909510850909 1.0000000180025095e-35 99.760765075683608 0.44949495792388922 98.369518280029311 0.81666666269302379
decision_type=8 2 2 2 2 2 2 2 2 8 2 8 2 2 2 2 2 2 2 2 2 2 2 2 10 2 2 2 2 2 10 2 2 8 2 2 8 2 2 2 2 2 2 2 8 2 2 2 2 2 2 2 2 2 2 2 2 2 2 2 2 2
left_child=1 -1 4 36 5 6 -2 43 10 -10 26 -12 15 14 -14 18 17 -17 19 20 -11 33 -21 24 -24 -22 30 61 29 -29 31 42 -25 34 -18 40 -4 38 -8 -40 41 -35 -6 45 46 47 -45 48 50 -47 -7 52 -46 -54 57 -49 -32 -53 60 -60 -59 -28
right_child=2 -3 3 -5 8 7 37 -9 9 12 11 -13 13 -15 -16 16 21 -19 -20 22 25 -23 23 32 -26 -27 27 28 -30 -31 56 -33 -34 35 -36 -37 -38 -39 39 -41 -42 -43 -44 44 51 49 -48 55 -50 -51 -52 54 53 -55 -56 -57 -58 58 59 -61 -62 -63
leaf_value=-0.10108552840000125 0.0013954205768902253 -0.0052149502361301357 0.23683946192262778 -0.042967461690868278 0.0058251442709780377 -0.052132014543118034 -0.02061669338308373 -0.024113549116454358 -0.090258026462775073 -0.027252909838192708 -0.020404351533355874 0.055320372766217242 0.027346151781587853 -0.064186257024967372 -0.045089892836613799 0.018370223082344081 0.65204955766906181 0.09209985218082134 -0.015884921038693937 -0.052714841205866829 -0.051824227223502661 -0.039946883444039717 -0.0017468936112824921 0.18570940307914649 0.092519774000698093 0.006216693858060624 -0.0039904690555830971 -0.0023697951364464536 -0.10245717954717454 -0.076038134693246634 0.058445325210932222 -0.0074847636316956838 0.045384639847118088 0.013476170326790257 -0.039842982875936184 -0.075202387133748327 0.027220375128164689 -0.0047341252072205121 -0.096006288948122465 0.044508164866161645 0.017905842554533698 -0.015187029073419928 0.048862323020628984 -0.035631368256302823 0.022819329133744497 0.014826738023387709 0.079546425228892603 0.056623417146497372 2.1715663148722344 -0.063892858307369557 0.060600113036942807 0.022843680095257286 0.036549673230009481 -0.0012805493054651026 -0.05506043230144874 0.0063754395273477472 0.012968043737738464 0.0076721459379312743 -0.08256670414261541 0.065109521356200115 0.052856058626994766 0.069395512460572475
leaf_weight=113.26409042460728 4029.3630935864057 68.665756368071015 8.6077962348863348 383.01382715160435 4231.0397224983499 196.18869099209405 584.75634360890399 544.47094842008664 82.749050980575703 1017.4756487060586 162.34197656667675 360.64630244942964 542.47752923138614 552.17376658508147 156.07827503946464 262.22824100810249 0.78626540296681824 178.06537397221837 4564.6526745581141 76.785233468501247 120.62443195446394 286.46613746304502 450.97496105008759 18.225962491465907 70.873381837387569 1641.0022643208431 2065.1848496716702 392.45454498455365 106.47031276232883 99.345740097516682 210.50855672114994 2421.068638596691 436.07715859336895 761.31595488119638 199.48476595562533 54.998738755472004 86.556280931778019 405.69650140749218 229.73100471446742 19.115369050716254 1483.7368248104322 953.05907475233835 180.26143882749602 46.316557999340148 1174.6478828334948 84.416487495767797 279.68047878129437 148.04288177247872 0.087951155888730592 303.32434323707275 37.121076083389198 1909.4626775271463 273.10468028156902 8961.1787011620181 78.410994264311739 857.54481860409942 514.72448508994421 5228.3461696741579 115.61876028723782 40.683134291670285 243.7159631709801 58.450570111279376
leaf_count=1754543 190504 193616 898 12913 315158 300236 33298 11564 447401 15158 7538 142974 18909 12443 3259 34463 57 6539 311677 1104 918 14106 13475 210 776 19081 110600 21015 3803 7561 10733 172302 7411 8665 33835 552 1873 77987 206886 3612 17286 11288 9847 68353 19777 42452 34803 74276 69 189335 7751 91754 7008 221108 5669 149372 47118 72057 2767 6752 2838 23915
internal_value=-0.000115163 -0.0649011 0.000116026 -0.0252257 0.000355966 0.00296824 -0.00561025 0.00517058 -0.00237028 -0.00617878 0.0025339 0.0318145 -0.00567562 -0.022103 0.0111618 -0.00404197 0.00491734 0.0481883 -0.0085022 0.000291951 -0.0085563 -0.00017696 0.0236459 0.0296525 0.0110557 0.00224244 0.0010442 -0.00866216 -0.0324147 -0.0172511 0.00454 0.00224421 0.0510143 0.00312205 -0.0371266 0.00559987 0.0461809 -0.028388 -0.0398998 -0.0852125 0.00698945 -0.00245834 0.0075838 0.00596868 0.00715527 -0.00741729 0.0631824 0.00489331 -0.0333644 -0.0467545 -0.0341956 0.00614198 0.00243169 -0.000161717 0.0112127 0.013773 0.0261684 0.0119021 0.00819014 -0.0441287 0.00968456 -0.00197061
internal_weight=51163.9 181.93 50982 478.178 50503.8 25791 5268.66 20522.4 24712.8 13910.3 10802.5 522.988 13827.6 1250.73 698.556 12576.8 4180.14 440.294 8396.69 3832.04 2779.1 3739.85 1052.94 976.151 521.848 1761.63 10279.5 2721.91 598.271 491.8 7557.6 6832.37 454.303 3453.38 200.271 3253.11 95.1641 1239.3 833.603 248.846 3198.11 1714.38 4411.3 19977.9 18351.2 1626.73 325.997 1238.99 233.398 387.741 233.31 18025.2 10408.9 9234.28 7616.24 1005.59 725.233 7537.83 5628.36 156.302 5472.06 2123.64
internal_count=5635248 1948159 3687089 15684 3671405 1820228 512287 1307941 1851177 978613 872564 150512 531212 34611 22168 496601 126791 41002 369810 58133 35157 85789 22976 21872 14251 19999 722052 166894 32379 28576 555158 497307 7621 71683 33892 37791 2771 321783 243796 210498 37239 19953 325005 1296377 532886 763491 103156 531704 308056 231787 307987 429730 247893 228116 181837 223648 57851 176168 84414 9519 74895 134515
is_linear=0
shrinkage=0.1


Tree=83
num_leaves=63
num_cat=0
split_feature=31 18 14 7 13 9 12 14 14 12 38 14 9 11 41 26 12 11 24 41 26 11 12 39 27 18 19 12 10 11 10 2 18 12 42 18 19 12 18 42 14 20 43 36 31 9 12 20 31 12 10 18 0 41 24 24 42 41 12 20 9 20
split_gain=66.5773 38.1189 29.7049 189.626 115.088 111.676 110.162 122.536 83.1609 71.1761 63.153 62.5363 58.4051 74.7911 90.5114 98.91 79.8678 78.3609 53.6814 66.1006 70.8348 55.4944 48.9427 43.1335 42.6077 95.0668 42.6027 40.1216 39.421 44.7124 38.9067 44.1992 69.6895 43.6474 38.7257 59.8867 45.9696 84.7092 52.2737 57.1418 106.293 43.1772 41.8708 40.8169 39.9328 38.452 73.9191 38.0919 36.1099 35.97 35.7989 51.3063 66.6591 63.2431 34.6509 34.6081 34.4282 38.5827 34.8511 34.3217 34.0095 34.0083
threshold=-0.45063313841819758 24.417344093322757 0.44949495792388922 1.0000000180025095e-35 98.213714599609389 90.595520019531264 90.661338806152358 0.34848485887050634 0.11805555596947671 87.609649658203139 30.500000000000004 0.31666667759418493 69.631092071533217 88.047618865966811 0.88194444775581371 0.44949495792388922 88.067794799804702 85.053192138671889 7.5000000000000009 0.76388889551162731 0.44949495792388922 84.529914855957045 77.032970428466811 1.0000000180025095e-35 1.5000000000000002 64.98730850219728 79.557674407958999 67.099567413330092 83.75235748291017 91.042778015136733 79.095325469970717 0.78133010864257824 99.783550262451186 85.053192138671889 0.90661337971687328 62.977544784545906 80.106952667236342 70.087718963623061 41.56573677062989 0.69631093740463268 0.27922078967094427 81.505073547363295 0.81019148230552684 8.5000000000000018 0.0087758675217628496 97.01425933837892 97.915760040283217 99.80237197875978 -0.014909014105796812 73.401363372802749 71.010189056396499 99.783550262451186 0.7368028759956361 0.73214286565780651 5.5000000000000009 4.5000000000000009 0.94201681017875682 0.88194444775581371 99.333332061767592 97.68778228759767 78.319625854492202 82.940685272216811
decision_type=8 2 2 2 2 2 2 2 2 2 2 2 2 2 8 2 2 2 2 10 2 2 2 8 2 2 2 2 2 2 2 2 2 2 2 2 2 2 2 2 2 2 10 2 8 2 2 2 10 2 2 2 2 10 2 2 2 10 2 2 2 2
left_child=1 -1 3 4 5 6 7 24 -8 -7 56 -5 27 16 15 59 17 26 19 -9 -21 49 -13 -16 34 -26 -14 48 29 -10 31 32 -28 -34 36 44 37 42 41 61 -41 -38 54 -37 -36 -17 -47 -29 -4 -22 51 -42 53 -53 -2 -25 57 58 -11 -15 -19 -40
right_child=2 -3 12 11 -6 9 8 18 28 10 -12 22 13 14 23 45 -18 60 -20 20 21 -23 -24 55 25 -27 30 47 -30 -31 -32 -33 33 -35 35 43 38 -39 39 40 50 -43 -44 -45 -46 46 -48 -49 -50 -51 -52 52 -54 -55 -56 -57 -58 -59 -60 -61 -62 -63
leaf_value=0.0050008394453412413 -0.089168814912209626 -0.095391671106052997 0.14266294612333494 -0.10795722161087012 0.10524863062668553 -0.094597268303656432 0.089540234262828297 -0.017928637797156418 -0.014084017715840816 -0.0044411850644123525 0.043900962573044773 -0.0023396148129690084 0.015354603833290514 0.0070507977904071557 0.06208789382807095 0.071301767798071125 -0.051103040294668237 0.083225036804909502 0.0034837323722631086 -0.094826773416973001 -0.098161622326111017 -0.015813772215474399 -0.079640602152077702 -0.021184958646602473 0.046773642060139869 0.0017422801995121036 -0.053980993799542625 0.0085081535020423687 0.056691891548498685 0.052581624756467382 0.012512754356926087 -0.005908817011541505 -0.17863165485146007 -0.61320266875491691 0.16653490919355754 0.03256756040615446 -0.011996742165072736 0.0089666347418456416 0.016359505744649644 -0.05573544626144207 -0.011317698897560003 -0.099499766817242902 0.039802490947833842 -0.032616241955080533 0.040626317018500432 -0.00082716691526045917 -0.59103823284325008 0.060250674958891172 0.03848678301741125 -0.40824455238509733 0.010595688397976364 -0.037019268956108041 -0.01677214276695833 -0.36982583877634573 -0.037976553604905233 0.0007108711888497779 -0.051287185314985009 -0.073109387154590671 -0.25411230941103774 0.068771236818548784 0.012589031685576646 -0.00085224131059376111
leaf_weight=56.376966556468687 193.97114689282171 114.91206351643996 39.139897409699188 192.27871114547816 100.43675281505421 146.70522199318657 208.80224861073657 81.662553034129814 382.26182868448814 639.0575284403094 133.98881968285423 186.37573275362956 285.17077621569115 1563.1449080182174 112.83145525676082 418.69691496579617 539.80101346137235 114.56258990066272 85.498649962355557 113.02840770534021 4.7244261911546408 6.6815908988646688 146.12305544642004 741.35134438529349 569.31662879162468 2655.6308468035095 394.21039865004423 1867.9946671321632 190.10563428295063 136.54185780402622 172.33720072440337 228.53758278326131 7.690593319013713 3.3041741847991943 41.720462117140414 232.81206980974821 132.06344250237453 458.7617452722734 1523.980651270369 505.69648283425704 292.48304639742128 98.412720906133472 51.293205605954427 163.54767154823639 63.572460257622879 26.860069932416085 2.3040030787233254 154.0081082561519 221.96443334460491 17.971295998271671 817.16357033399981 9.3069404484704137 29.383104959502816 14.773787157610059 415.35257718795037 27461.978284461809 425.07815206889791 100.95834892365383 5.6402203235775223 95.607690739678219 168.29691940946213 4652.9567022954034
leaf_count=37801 266820 1910358 1512 643162 24315 1723 8183 4271 9042 8937 1850 33263 39082 23347 26212 37821 28121 3518 3522 16681 64 91 36021 29901 32751 83026 5493 95520 3576 11595 3057 4086 149 41 1358 4352 8375 29268 162084 9752 4228 8860 20592 4622 1046 2067 117 11884 5061 209 13770 115 558 140 424640 1046117 4191 942 51 2349 4683 428905
internal_value=-0.000109363 -0.0623491 0.000100309 -0.00343023 -0.00145389 -0.00214083 0.000568942 -0.00175481 0.0340733 -0.0285575 -0.0211319 -0.0625622 0.00175506 0.000663669 0.00186992 0.0218675 -0.0185105 -0.00570689 -0.0639295 -0.0896527 -0.130783 -0.269123 -0.036311 0.000382181 -0.000265339 0.0096919 -0.0178649 0.0172129 0.0177361 0.00346144 -0.0296171 -0.0410737 -0.0609069 -0.30923 -0.00357675 0.0234793 -0.00505275 -0.0240443 -0.00242049 -0.00104158 -0.0174605 -0.0493603 -0.0469686 0.00567114 0.0905154 0.0635685 -0.0474547 0.0124492 0.0541029 -0.343697 -0.000819274 -0.0277826 -0.117857 -0.2412 -0.054273 0.000135318 -0.0285748 -0.0156271 -0.00662546 0.0106083 0.0411977 0.00339426
internal_weight=51017.2 171.289 50845.9 16226.1 15701.3 15600.9 14149.5 13231.8 917.712 1451.43 1304.72 524.777 34619.8 32336.7 30422.8 2106.61 1913.91 1374.11 309.567 224.068 142.406 29.3773 332.499 28316.2 12922.2 3224.95 1091.25 2283.11 708.909 518.804 806.08 633.743 405.205 10.9948 9697.25 501.653 9195.6 1119.38 8076.22 7845.74 1668.81 230.476 660.617 396.36 105.293 447.861 29.1641 2022 261.104 22.6957 1163.11 345.947 53.4638 24.0807 609.324 28203.3 1170.73 745.656 644.698 1658.75 282.86 6176.94
internal_count=5635248 1948159 3687089 2316951 1604505 1580190 1562496 1530100 32396 17694 15971 712446 1370138 1256161 1167931 65701 88230 60109 24838 21316 17045 364 69284 1102230 1505262 115777 51908 113977 24213 20637 12826 9769 5683 190 1389485 11378 1378107 741320 636787 619552 28563 17235 712052 8974 2404 40005 2184 107404 6573 273 18811 5041 813 255 691460 1076018 14121 9930 8988 25696 8201 590989
is_linear=0
shrinkage=0.1


Tree=84
num_leaves=63
num_cat=0
split_feature=31 33 20 29 45 45 25 24 17 43 34 42 2 20 24 43 34 18 26 25 3 10 30 14 34 17 43 21 34 21 31 31 33 2 45 34 26 43 33 29 21 45 44 34 45 25 8 3 31 9 31 20 36 1 31 21 18 29 31 20 18 24
split_gain=57.6439 37.2072 29.7923 29.0653 27.2168 32.849 41.3874 49.4838 51.9401 47.622 44.8701 44.6362 36.5499 34.0656 53.2496 82.6077 41.1068 35.3345 32.7559 31.8606 35.5242 37.9709 31.1573 52.4583 30.2595 30.0688 29.335 57.4933 45.3972 58.293 36.3558 34.569 34.3463 36.3279 61.2055 32.9919 40.1838 38.8556 37.3728 40.3916 48.2096 40.9812 33.1089 32.1277 29.239 28.5604 35.9638 28.3914 33.7871 33.6787 33.4127 106.353 87.2622 28.2466 27.949 27.7283 27.6799 27.6058 30.8503 27.5102 56.6016 32.6355
threshold=-0.45063313841819758 -1.0000000180025095e-35 88.664871215820327 2.5000000000000004 0.48723213374614721 0.87790751457214367 6.5000000000000009 6.5000000000000009 9.5000000000000018 0.98894992470741283 1.5000000000000002 0.47690120339393621 0.99996608495712291 80.096618652343764 8.5000000000000018 0.61586838960647594 4.5000000000000009 74.519054412841811 0.63068181276321422 10.500000000000002 5.5000000000000009 18.350168228149418 1.0000000180025095e-35 0.44949495792388922 1.5000000000000002 7.5000000000000009 0.98894992470741283 0.048809524625539787 1.5000000000000002 0.70710784196853649 -0.16374940425157544 0.35236643254756933 -84.464557647705064 0.30334444344043737 0.87557801604270946 2.5000000000000004 0.34848485887050634 0.90422871708869945 -57.573486328124993 1.0000000180025095e-35 0.35857143998146063 0.75660777091979992 0.95675548911094677 6.5000000000000009 0.74991804361343395 10.500000000000002 1.0000000180025095e-35 20.500000000000004 -0.10760121047496794 42.462121963500984 -0.32240879535675043 79.557674407958999 9.5000000000000018 1.0000000180025095e-35 -0.11205047369003295 0.41885964572429663 36.198686599731452 1.0000000180025095e-35 0.29153905808925634 92.60501861572267 92.876655578613295 7.5000000000000009
decision_type=8 2 2 2 2 2 2 2 2 10 2 2 2 2 2 8 2 2 2 2 2 2 2 2 2 2 8 2 2 2 10 10 2 2 2 2 2 10 2 2 2 2 2 2 2 2 2 2 8 2 10 2 2 2 8 2 2 2 10 2 2 2
left_child=1 -1 -3 4 45 6 26 22 9 24 18 -10 13 14 15 -7 56 57 -11 20 21 55 -8 -24 -9 -18 27 -6 29 -28 -31 32 33 34 43 37 38 54 42 40 -40 -41 -37 -30 -34 46 -2 48 49 -38 51 -51 -53 -14 -29 -16 -15 58 -17 61 -61 -43
right_child=3 2 -4 -5 5 12 7 8 11 10 -12 -13 53 16 19 17 25 -19 -20 -21 -22 -23 23 -25 -26 -27 28 35 31 30 -32 -33 44 -35 -36 36 47 -39 39 41 -42 59 -44 -45 -46 -47 -48 -49 -50 50 -52 52 -54 -55 -56 -57 -58 -59 -60 60 -62 -63
leaf_value=-0.100065230619857 -0.043588561763198322 -0.010873130537468724 0.543653518053822 -0.033611896120561313 -0.096004532896262387 -0.057703900798708845 0.018154728358638128 0.020762017468538462 0.010943000029393734 -0.0091481485159813549 0.049502232982753469 -0.034024441188696804 0.014682820192101518 -0.084671370678287575 0.36137506109028106 -0.00021559943270767578 -0.0091452689478910155 0.021533519107889296 0.031935496076976204 -0.0279855970229759 0.0051089814604256857 0.027416136449311779 0.013016337834705611 0.093959312516303711 0.00037210518682041365 -0.029314991308737881 -0.044623756403069668 0.08009800478392072 1.4877112601393372 0.063729931918357172 -0.010061027794313242 0.03099983960740359 -0.0095863245519743137 0.14356311943317901 4.6452863877077268 -0.050627106763251266 -0.020738607732173786 0.026046136173066815 -0.014204582229145862 0.0081137123256920015 0.078642732531557027 -0.021463282828641395 0.076822252761410637 -0.100280542733512 0.0047302429716525084 -0.057159177456003664 -7.7361993683123002e-05 -0.084580558274145443 0.017375167092778535 0.25534429304819883 0.13050976694490754 1.0439012354935633 5.8386622666827019 0.083391944111569485 -0.0045948301528560822 -0.024407224257407788 -0.0010860710296491582 -0.013580812184486849 0.043177023570797751 0.042834209849541727 -0.013009153103869485 0.015887413680927508
leaf_weight=94.675647449374082 238.36077259388185 66.188546995097568 0.98324923357358684 254.53119406925543 56.733570844186033 260.08676908279449 890.45598610747038 912.21298950297933 365.47586001942909 391.25844965856959 505.97420721942763 557.42909265236085 247.7768959604291 39.793531958759559 5.8483965408886416 4382.8690541841461 4330.4950179906191 669.65660641961222 385.05833777513908 168.39249923803072 1263.9998551056669 1246.5360479030132 156.1682678485522 164.30793186856317 3600.9136103879864 891.23743202440164 563.56510455017997 40.820446026271384 0.2502163795143123 70.780487549840473 1177.7461879179027 341.83910755993566 2705.3214118982905 8.1599413531657756 0.042124493629671633 232.2250829578079 17.684068159695016 1362.9824277375628 94.658732781488652 2208.9975273678938 136.66254672516152 1728.4675217397998 22.344281723191671 0.25957173775168485 3017.9188076253595 137.01721194828497 935.51235485481448 25.68440963140165 970.98382165282965 0.75863896229930006 40.954944452394557 0.087033270952815656 0.067314092615561094 78.880186641064938 857.18732281768462 2.7341106243147806 9039.6801055597243 1683.390345550968 170.20565164927393 270.12199121150115 553.2499505155356 270.55053121277888
leaf_count=1752521 23643 195555 83 109660 124398 231927 72076 30648 57537 8199 11474 16136 58203 2687 2368 253692 240726 32930 27934 27624 127190 65142 13197 10620 171611 171490 20589 9968 28 19889 86694 8425 150684 1604 13 408338 36102 51008 8202 47633 6956 34198 6874 925 134374 3810 54772 10178 62434 743 2007 66 57 42799 26263 357 340452 184004 18249 3674 7185 6423
internal_value=-9.44938e-05 -0.0596789 -0.00275606 9.55148e-05 0.000265412 0.000644405 0.00321686 0.00917035 0.00581649 0.00932528 0.0263315 -0.0162171 -0.00195166 -0.002401 0.0021232 -0.00237863 -0.00551822 -0.000295059 0.0112296 0.0141272 0.0169423 0.0288594 0.0277778 0.0545157 0.0044934 -0.0125878 0.000403092 0.00434112 -0.00403698 -0.0179278 -0.00587773 0.000107301 -0.00173505 0.196671 0.981858 0.00498553 0.00140156 0.0154054 -0.00201935 -0.000209206 0.0406488 -0.00208768 -0.0394405 0.679144 -0.00203706 -0.0139554 -0.00891253 0.0192711 0.0218594 0.0949736 0.143848 0.742172 3.135 0.0312745 -0.000744976 0.238477 -0.00145241 -0.00263896 0.00140653 -0.010072 0.00531127 -0.0164082
internal_weight=50915.2 161.847 67.1718 50753.4 50498.8 49187.9 24706.4 7929.25 6718.32 5795.42 1282.29 922.905 24481.6 24154.9 9853.72 7166.21 14301.2 6906.12 776.317 2687.51 2519.12 1255.12 1210.93 320.476 4513.13 5221.73 16777.1 8891.22 7885.88 1812.09 1248.53 6073.79 5731.95 8.71185 0.551913 8834.49 6573.5 2260.99 5517.28 5262.71 231.321 5031.39 254.569 0.509788 5723.24 1310.89 1173.87 1056.22 1030.54 59.552 41.8679 0.912986 0.154347 326.657 898.008 8.58251 9079.47 6236.47 4553.07 2822.39 823.372 1999.02
internal_count=5635248 1948159 195638 3687089 3577429 3495204 1695364 419432 323539 249866 47607 73673 1799840 1698838 943483 720802 755355 488875 36133 222681 195057 67867 95893 23817 202259 412216 1275932 852707 423225 127172 106583 296053 287628 2570 966 728309 641070 87239 529483 114271 15158 99113 415212 953 285058 82225 78415 111587 101409 38975 2873 866 123 101002 36231 2725 343139 455945 271941 51480 10859 40621
is_linear=0
shrinkage=0.1


Tree=85
num_leaves=63
num_cat=0
split_feature=1 3 12 38 35 33 42 12 9 38 42 17 25 41 33 43 41 18 28 29 20 18 21 19 30 34 20 29 18 20 19 20 20 12 42 32 43 41 13 2 33 35 33 25 29 19 20 25 18 20 30 28 18 29 24 18 40 25 20 24 26 24
split_gain=31.8102 49.5323 46.1779 36.2225 35.6031 28.8067 32.5278 35.1072 57.8688 40.4438 37.4267 35.0047 36.3533 38.6761 34.1731 38.628 32.031 28.7525 61.5761 71.0453 65.087 127.829 108.559 91.8781 83.9771 64.9699 54.5258 41.5642 39.6109 35.2771 47.7395 34.6319 32.4707 31.495 28.8282 46.9411 39.5813 32.1909 28.3466 28.2684 27.9957 36.8236 28.1891 27.8601 62.6459 27.3829 27.0127 46.7942 40.2199 70.6352 39.1588 39.399 35.9681 41.8107 68.0387 49.9657 33.7337 33.4048 58.5293 58.4524 88.3466 58.1445
threshold=11.500000000000002 4.5000000000000009 48.074073791503913 39.500000000000007 -25.39384841918945 1.0000000180025095e-35 0.17445652186870578 35.948717117309577 26.158231735229496 33.500000000000007 0.32466216385364538 16.500000000000004 7.5000000000000009 1.0000000180025095e-35 -82.532417297363267 0.82388591766357433 0.53571429848670971 92.342185974121108 1.5000000000000002 1.5000000000000002 95.67297744750978 96.636753082275405 0.53452381491661083 94.297328948974624 1.0000000180025095e-35 4.5000000000000009 96.984848022460952 1.0000000180025095e-35 94.349296569824233 98.421009063720717 98.192703247070327 89.296943664550795 92.346740722656264 48.834688186645515 0.97726097702980053 4.5000000000000009 0.92545253038406383 0.88194444775581371 27.072835922241214 0.84802827239036571 -2.2739028930664058 -5.0832061767578116 -75.746433258056626 9.5000000000000018 1.5000000000000002 98.830371856689467 93.88999176025392 7.5000000000000009 91.239036560058608 87.533782958984389 1.0000000180025095e-35 1.0000000180025095e-35 71.238758087158217 1.5000000000000002 7.5000000000000009 86.214557647705092 1.0000000180025095e-35 6.5000000000000009 92.876655578613295 7.5000000000000009 0.095454547554254546 6.5000000000000009
decision_type=2 2 2 2 2 2 2 2 2 2 2 2 2 10 2 8 8 2 2 2 2 2 2 2 2 2 2 2 2 2 2 2 2 2 2 2 10 10 2 2 2 2 2 2 2 2 2 2 2 2 2 2 2 2 2 2 8 2 2 2 2 2
left_child=5 3 -3 -2 -5 6 -1 10 9 38 16 14 13 -13 15 -10 -8 26 20 28 21 32 -22 27 -23 34 43 -24 31 -27 -31 -20 40 -28 35 37 -36 39 -9 -25 42 -42 -19 46 -45 -46 48 50 57 56 51 -48 -53 -54 55 -55 -50 58 59 -16 -61 -59
right_child=1 2 -4 4 -6 -7 7 8 11 -11 -12 12 -14 -15 17 -17 -18 18 19 -21 22 24 23 25 -26 29 33 -29 -30 30 -32 -33 -34 -35 36 -37 -38 -39 -40 -41 41 -43 -44 44 45 -47 47 -49 49 -51 -52 52 53 54 -56 -57 -58 61 -60 60 -62 -63
leaf_value=0.021816226415078844 0.0046515457962328227 -0.05152294745761922 -0.011878757423439809 -0.050691774599885858 -0.0050723152615027656 -0.022182970051138156 -0.0058612969878275535 0.038211192281441708 1.2141071709324005 -0.037743667422408742 -0.076324546674113425 0.047770206604788923 -0.052627258300028124 -0.028496833653413291 -0.0030502109306449914 0.18132849430188056 -0.091724178640104431 0.32747822370261981 0.1434977194633881 -0.11351374165545916 0.11367951267613588 0.15522355437311436 -0.066633252491336933 -0.018043680408107943 0.00088382325970917631 -0.032296600824738689 -0.040988170834219809 0.054181562046594883 0.16433739041472359 0.032929439069516619 -0.05903249569392785 0.015761691744914121 -0.030879820099590907 0.030757555779767621 -0.022139058594152581 0.0029339501149816764 0.013139119254502321 -0.030357410531534013 0.11765964415105537 0.025081416708230376 -0.010404741237444268 0.097888410999777409 -0.027602273760310232 -0.0014219982204675267 -0.05159893737073587 0.033046973429709602 -0.037865862609244863 -0.013343213115111531 0.17256120072864556 -0.042858809872117806 -0.0021947911883386357 -0.056481557616838332 0.052064412728302048 0.13382927452500484 0.28863331825118277 -0.04914377012616794 0.0093873535616690682 0.026782029777542161 0.038649288588709224 0.0034594604297612749 0.042828021690771975 0.002832362964332362
leaf_weight=752.70398720483354 3638.0782597944744 332.69682999275392 2514.1327367194572 243.35633493950081 575.97897388109777 532.89080265091616 648.28909647003093 339.00609631807674 0.39297143451767524 62.764595388471207 102.57781545989201 105.56943063492508 247.79889511928923 179.63095501968201 13673.985508423997 4.6173417556674394 46.567866421006329 2.2683698842629374 28.737268543718528 21.588565530306369 82.848669605231407 65.648010986231384 30.804147463328263 390.80210440409428 76.144022251810384 1048.0693849378222 65.559445578426676 376.77709720278654 40.987320126838313 204.36439730426355 77.993101129424758 81.194496811509453 1766.5273939131257 917.12994492171856 368.01641217738506 2839.1314964375779 2341.8464988286105 939.31551275255333 51.766128665589349 248.74658420000924 66.522317522962112 59.470730028901016 155.57770893509951 2988.9395605804093 371.99280901263774 42.594004984566709 71.181511949824198 456.07851576609028 22.870879015499668 380.50131360977321 424.1843789520899 37.70451689019319 783.64204639002128 17.221597894207662 7.3214024935841726 111.88660460824394 28.404794503017911 1469.0481904430162 399.3021780356612 2851.8593980334044 712.41674368621898 3270.4138729919759
leaf_count=106555 741183 1078487 585086 357567 225022 12939 65434 80055 362 11512 63923 3773 15299 51026 785016 296 216419 236 254 1057 1013 539 1797 8255 6583 29451 11628 10962 417 6182 1934 1379 46685 38842 14074 93884 172383 30428 15744 8869 1512 7004 8219 121415 57115 598 2216 11431 179 8531 35175 2754 28961 524 140 2819 2410 64831 18946 147070 33862 176986
internal_value=-0.000101141 -0.00620753 -0.0165118 0.00037353 -0.0186221 0.000924389 0.00121103 0.000843556 0.00124378 0.036768 -0.0199395 0.000850394 -0.0246094 -0.000265918 0.0011861 0.262332 -0.0116156 0.00115373 -0.00312421 0.0561636 -0.00404223 -0.0194852 -0.000259172 -0.00132389 0.0723413 -0.00355855 0.00281664 0.0450506 0.0804354 -0.0238447 0.00752761 0.0491532 -0.0258355 0.0259711 0.000227888 -0.00475281 0.00834812 -0.0185752 0.0487358 -0.00127057 0.0055591 0.0407114 -0.0224995 0.00200752 -0.00647478 -0.0429025 0.00317549 0.0146017 0.00221906 -0.0280111 0.0233723 0.0339123 0.0392468 0.0431698 -0.00792038 -0.0247372 0.082169 0.00280236 0.000799515 -7.72262e-05 0.0113283 0.0102558
internal_weight=50796.4 7304.24 2846.83 4457.41 819.335 43492.2 42959.3 42206.6 41409.2 453.537 797.435 40955.6 532.999 285.2 40422.6 5.01031 694.857 40417.6 11313.4 172.508 11140.9 2192.16 8948.72 8865.87 141.792 8458.29 29104.2 407.581 150.919 1330.43 282.357 109.932 2050.37 982.689 7127.86 4418 2709.86 1578.86 390.772 639.549 283.839 125.993 157.846 28121.5 3403.53 414.587 24718 1909.22 22808.8 431.777 1453.14 1028.96 957.776 920.072 136.43 129.108 51.2757 22377 17637.6 17238.3 3564.28 4739.46
internal_count=5635248 2987345 1663573 1323772 582589 2647903 2634964 2528409 2182633 107311 345776 2075322 70098 54799 2005224 658 281853 2004566 453117 3107 450010 70778 379232 378219 7122 365460 1551449 12759 2050 37567 8116 1633 63656 50470 327893 141436 186457 47552 95799 17124 16971 8516 8455 1500979 179128 57713 1321851 84020 1237831 11120 72589 37414 35198 32444 3483 3343 2589 1226711 984894 965948 180932 241817
is_linear=0
shrinkage=0.1


Tree=86
num_leaves=63
num_cat=0
split_feature=14 7 13 9 12 14 14 14 32 37 11 12 21 8 21 13 36 17 11 12 24 29 18 27 2 12 43 12 21 14 2 33 39 12 9 17 8 32 42 17 21 14 42 21 25 12 33 37 2 4 24 28 26 32 8 2 25 17 43 3 13 33
split_gain=29.3329 204.674 102.864 89.3097 93.7377 98.5864 72.6218 70.2075 65.7514 56.0155 72.797 93.5484 78.4009 54.5981 52.6431 51.5795 51.2602 48.1568 47.9971 44.6413 44.2784 43.1383 45.4811 41.6261 74.4909 41.3135 40.9763 40.8711 40.6026 46.8166 37.6477 46.0603 37.1005 36.1302 38.4774 34.6716 34.0606 54.0332 33.9061 104.937 41.8289 37.2391 85.6049 108.457 61.8097 54.1253 62.1388 50.9909 45.431 39.3733 35.8908 32.5679 32.3361 32.0405 31.4172 58.5318 31.3472 31.0129 30.6327 30.5156 30.4375 30.3558
threshold=0.44949495792388922 1.0000000180025095e-35 98.213714599609389 90.595520019531264 90.661338806152358 0.34848485887050634 0.11805555596947671 0.31666667759418493 5.5000000000000009 -25.127347946166989 89.825496673583999 89.725547790527358 0.95119047164917003 3.5000000000000004 0.15504807978868487 77.032970428466811 3.5000000000000004 4.5000000000000009 90.054946899414077 88.416816711425795 7.5000000000000009 1.5000000000000002 98.425098419189467 1.5000000000000002 0.39020143449306494 77.032970428466811 0.97705537080764782 80.243904113769545 0.92582416534423839 0.52777779102325451 0.84802827239036571 -11.764707565307615 1.0000000180025095e-35 67.099567413330092 68.208553314208999 1.0000000180025095e-35 2.5000000000000004 3.5000000000000004 0.91715687513351452 10.500000000000002 0.47493734955787664 0.31666667759418493 0.68457102775573742 0.30602006614208227 5.5000000000000009 78.629974365234389 -67.759857177734361 -57.573486328124993 0.24165979027748111 1.0000000180025095e-35 6.5000000000000009 1.5000000000000002 0.73214286565780651 7.5000000000000009 9.5000000000000018 0.4407906979322434 3.5000000000000004 14.500000000000002 0.69404622912406932 1.5000000000000002 67.05426406860353 -75.971015930175767
decision_type=2 2 2 2 2 2 2 2 2 2 2 2 2 2 2 2 2 2 2 2 2 2 2 2 2 2 10 2 2 2 2 2 8 2 2 2 2 2 2 2 2 2 2 2 2 2 2 2 2 2 2 2 2 2 2 2 2 2 8 2 2 2
left_child=1 2 3 4 5 21 60 -3 14 16 11 15 27 -10 -5 -11 -2 35 -19 -16 -7 23 51 38 -25 52 33 -12 -13 -30 31 -31 -29 34 -18 -8 37 -21 41 40 -40 42 43 50 45 46 56 -43 -48 -49 -1 -23 -9 -15 -34 58 -45 -58 -56 -60 -6 -46
right_child=9 7 -4 8 6 20 17 25 13 10 12 28 -14 53 19 -17 26 18 -20 36 -22 22 -24 24 -26 -27 -28 32 29 30 -32 -33 54 -35 -36 -37 -38 -39 39 -41 -42 47 -44 44 61 -47 48 49 -50 -51 -52 -53 -54 -55 55 -57 57 -59 59 -61 -62 -63
leaf_value=-0.092984983685888367 -0.020898177332313733 -0.10712638123438628 0.10458460965476338 0.1734465426351976 0.013782270368671246 -0.081832485182065859 -0.03077639612555624 -0.032267450024958247 0.058611030145659729 -0.028867497702814573 -0.067003425163227034 -0.048696960759444796 0.048238410632802736 -0.051132584312364185 -0.10828518768754088 0.0095969338201743349 0.074123242889806415 -0.026031934511335866 0.04531702780324031 -0.04818910636082438 0.0030766809399288505 -0.018613620486276804 0.13735160040236485 0.051882714059271841 0.0050947366804278806 -0.0746755591385318 0.037389614732902351 0.065377556241846879 -0.082779167746064808 -0.23028181625494512 -0.16719581785576643 -0.8037521508827048 0.0020862943137070068 0.008015868510237353 -0.083519877405540274 0.066447880093010336 -0.072063555005461924 0.019024121790811598 0.11877853092265717 -0.060935928004197573 0.03336936124101593 0.083071816686157068 -0.044298540126286617 -0.071590229125542137 0.031053393054351897 0.053829038623564696 0.030633253740363756 0.027202302779239868 -0.049406816299493672 -0.0028012640734074463 -0.032343361913182538 -0.077824075467948173 0.056284351907323185 0.0027487379176536712 -0.07815007402977929 -9.5250883617269385e-05 -0.0082110047500255877 0.034007543682840029 -0.64378631017336563 -0.021807360173367811 0.10688874694552486 0.0045129847371908893
leaf_weight=136.85936906682036 395.63851904946569 220.73749812206734 90.879509087015322 11.01239183967118 45.745943103484024 219.21496904609376 44.009379481693031 126.82716871049342 123.69730894441091 604.05183835269054 88.615190409374918 383.90603471676513 352.75348692995613 168.04830745086656 102.94637905852869 824.45171810707689 142.9541813437354 302.19545501464745 137.04063170013978 336.38762541534379 85.319672613986768 636.71606410604363 17.17283028527163 389.96547678439674 2670.661364743748 143.88948966431053 770.68866261882067 89.279972535499837 35.261770418845117 2.9920506095513701 8.7589207016862911 2.6331285657361141 24757.430652479896 2398.8537342110139 17.363626669666701 220.23046970409996 208.99833333201241 185.59572840243345 72.914589287018316 109.38898760175653 268.47455612646081 82.640962552533892 595.57400549282829 60.969351188527071 524.95253916073125 109.93779698909202 79.603433740430773 549.58789748039271 649.7068042873143 2142.1848310876085 340.21442859517992 108.76349244223456 61.105953557220346 321.5074372878189 110.85024339062147 2636.8168237642421 689.25072735127833 232.74998521669477 0.78951485967263479 878.35840991397708 151.03815868266975 2406.6269191334832
leaf_count=310107 12496 1684568 24320 67 1732 26595 813 50468 1900 38887 2319 26996 187997 2127 1076 37357 3934 8190 14062 3242 4335 253392 146 41288 81291 54763 33288 11487 1031 63 259 72 806721 173245 224 4084 2227 2281 1653 2418 6645 2720 18961 5518 107849 2965 19109 24555 140538 34038 255474 197976 796 4796 106817 106532 171331 53220 8 53911 6833 401135
internal_value=-9.67902e-05 -0.00360965 -0.00149494 -0.00211539 0.000324466 -0.00180807 0.0315439 -0.0634228 -0.0256736 0.00155071 0.000148837 -0.0190161 0.00138302 -0.000748431 -0.0437641 -0.006668 0.0131318 0.0165222 -0.00377123 -0.0466325 -0.058044 -0.000477899 -0.0235458 0.000974581 0.0110562 -0.03435 0.0171751 0.000804338 -0.0597018 -0.144801 -0.296845 -0.498721 0.00101537 0.0110875 0.0570493 0.0502551 -0.0379498 -0.0242909 -0.0024343 0.0242997 0.0516112 -0.00383545 -0.00837604 -0.004286 0.000275579 -0.0141874 -0.0185545 0.00570007 -0.0406705 0.00332466 -0.0497398 -0.0272523 -0.00347507 -0.0157469 0.000812923 -0.00787938 -0.00214553 0.00244665 -0.0286121 -0.0223659 0.0852445 0.00926553
internal_weight=50683.8 16181.3 15628.8 15537.9 14079.7 13179.5 900.26 552.56 1458.19 34502.4 30776.9 1862.06 28914.9 613.253 844.94 1428.5 3725.5 703.476 439.236 833.928 304.535 12874.9 762.652 12112.3 3060.63 331.823 3329.86 28562.1 433.552 49.6459 14.3841 5.62518 28473.5 2559.17 160.318 264.24 730.982 521.983 9051.64 450.778 341.389 8600.86 5826.45 5230.87 4753.8 1822.22 1712.28 2774.41 729.31 2691.77 477.074 745.48 187.933 489.556 28384.2 3626.81 982.97 922.001 989.998 879.148 196.784 2931.58
internal_count=5635248 4031604 2241009 2216689 2198973 2163259 35714 1790595 17716 1603644 1380457 104665 1275792 8823 8893 76244 223187 27149 22252 8826 30930 2132329 451514 1680815 122579 106027 210691 1087795 28421 1425 394 135 1085476 177403 4158 4897 7750 5523 1558236 10716 8298 1547520 1486207 1467246 901665 392681 389716 61313 159647 58593 565581 451368 51264 6923 1073989 267268 230069 224551 160736 53919 8565 508984
is_linear=0
shrinkage=0.1


Tree=87
num_leaves=63
num_cat=0
split_feature=3 8 17 41 12 9 35 21 29 25 4 7 36 41 8 24 0 17 12 12 42 8 11 10 36 14 36 7 37 7 42 35 2 8 9 14 18 0 19 32 37 11 9 42 37 12 2 40 0 42 0 32 1 21 7 14 21 1 3 24 3 7
split_gain=26.2529 25.7936 26.2013 55.3979 87.4307 63.9993 54.6954 50.4773 56.0028 98.1275 51.5471 80.5022 44.6346 43.4562 42.7511 40.6497 45.4175 43.8121 40.493 45.6696 38.8065 38.4444 54.3225 49.8498 55.5841 37.6611 35.4561 76.4135 44.7918 41.9752 41.5575 40.1617 36.5569 36.2832 43.5229 38.9479 31.0466 41.5381 32.2518 30.215 30.0472 50.1924 45.9454 29.5598 29.0712 51.5159 28.7018 54.3579 44.7455 37.8359 32.8031 28.502 28.2753 27.6932 35.5568 83.0988 70.6595 60.7403 47.4913 40.4394 37.4856 91.3906
threshold=152.50000000000003 44.500000000000007 8.5000000000000018 1.0000000180025095e-35 47.413022994995124 67.017543792724624 -99.765258789062486 0.98275861144065868 1.0000000180025095e-35 7.5000000000000009 1.0000000180025095e-35 1.0000000180025095e-35 5.5000000000000009 0.63333335518836986 3.5000000000000004 7.5000000000000009 0.83491453528404247 19.500000000000004 78.830558776855483 50.373134613037116 0.4246212244033814 3.5000000000000004 78.830558776855483 75.716625213623061 9.5000000000000018 0.64583334326744091 12.500000000000002 1.0000000180025095e-35 -59.995988845825188 1.0000000180025095e-35 0.96590471267700206 3.2283477783203129 0.46116203069686895 7.5000000000000009 21.132376670837406 0.44949495792388922 80.778705596923842 0.34066767990589147 98.369518280029311 5.5000000000000009 -68.159534454345689 91.042778015136733 14.907407283782961 0.79118216037750255 -67.996875762939439 37.394067764282234 0.91510540246963512 1.0000000180025095e-35 0.93393263220787059 0.41421362757682806 0.88044953346252453 15.500000000000002 19.500000000000004 0.70710784196853649 1.0000000180025095e-35 0.73214286565780651 0.35388994216918951 2.5000000000000004 21.500000000000004 5.5000000000000009 22.500000000000004 12.500000000000002
decision_type=2 2 2 8 2 2 2 2 2 2 2 2 2 8 2 2 2 2 2 2 2 2 2 2 2 2 2 2 2 2 2 2 2 2 2 2 2 2 2 2 2 2 2 2 2 2 2 10 2 2 2 2 2 2 2 2 2 2 2 2 2 2
left_child=1 2 26 5 -5 15 25 8 9 -8 -10 12 -12 -11 -13 16 18 -17 19 20 36 22 -14 24 -24 -6 28 33 29 30 39 46 -32 34 -28 44 -4 38 -38 -1 42 -42 -9 -20 45 -36 53 48 49 -48 -49 -46 -41 54 57 56 -56 -30 59 -59 -57 -62
right_child=-2 -3 3 4 6 -7 7 40 10 13 11 14 21 -15 -16 17 -18 -19 43 -21 -22 -23 23 -25 -26 -27 27 -29 31 -31 32 -33 -34 -35 35 -37 37 -39 -40 52 41 -43 -44 -45 51 -47 47 50 -50 -51 -52 -53 -54 -55 55 60 -58 58 -60 -61 61 -63
leaf_value=0.088581150913294257 -0.032865899747638087 -0.05813981309075042 0.0024788908006218571 -0.069081956806845146 -0.021178970246738715 0.11329446655739249 -0.018120025623255202 -0.1284154272791084 -0.046440870607940443 -0.02340444741068512 -0.019663740579976802 0.2580638350581107 -0.021893380302439015 -0.12653799532023202 0.010437722986660491 -0.0038702375941929942 -0.12558677692589973 -0.083429013039633126 0.1045085567682595 -0.023910362538758185 -0.11564410394441385 -0.0065863357105873654 0.052738779024514883 0.0013153806381952912 0.17754741812597238 0.030079284497209442 0.015811724518204725 -0.072859259703126997 -0.0099743092262650022 -0.095318928470314715 0.38381508290048871 -0.022549813866739574 0.09607355842249464 0.006621821037864341 -0.033558933036925108 0.0095841649108440105 0.17336773515882772 0.032818068018573947 0.035003802583352547 0.012677669494767937 -0.032988314015152106 0.061941393246713383 0.095141290438166437 -0.084311217531900601 -0.022336350698120414 0.027616535448191943 -0.020483608881807645 0.01983674672133863 -0.037811037271193691 0.0093382847018372139 0.062869548911215142 -0.06223878047903663 0.10848569276713849 -0.0042441301360331687 -0.063105872989263997 -0.0015518289834862424 0.024696260236242093 0.0033430176527103105 -0.021880412629161707 0.018965188172779375 0.039716568436974117 -0.00054566419483354845
leaf_weight=74.147730505474101 243.16120025008422 76.004987181018805 277.77365941901735 244.59353881024072 192.48496583066299 56.750045671375119 579.50501440513654 10.265070272340379 337.89701872444493 56.146677774682757 1402.6817222635291 17.628531523427231 158.08312333473441 150.01672601351856 11.533299634829744 779.18692841394295 21.686703019309789 75.966211519553326 80.364373287196941 234.44348841984538 18.857584778175806 971.47103530921595 180.31260445472435 139.35829752369318 44.486662888652063 561.40451081003994 402.92031202448015 174.03230491692921 1641.5601234802452 25.687785175638055 5.676353057442614 676.94611534446449 19.875324602660839 1536.4215597895254 399.51047100908545 336.0468232281346 40.568975191708887 452.79340539230179 28.80986787242 419.36839280604727 136.42016842975136 94.127290564996656 88.041893487992638 9.2447637142613512 359.68965491659583 210.01526176229891 475.41419689151735 821.39529808478619 243.40558816006524 4046.8719725100309 225.84456300569582 356.36418482489535 33.245694011706291 8002.2593302690002 365.27163565789488 11635.580905440216 122.3587982666686 2634.5459435174835 408.86281625576521 4465.7028598054276 806.31653748224926 1874.2401337090196
leaf_count=13206 82410 23138 73110 897255 34897 2791 81882 238 328023 2079 38087 564 5466 9553 460 63935 466 6670 2297 9104 2254 26983 3992 4144 1116 23654 100090 751352 28369 242995 125 23403 618 168697 240257 18837 6234 12677 562 171775 4854 27932 2921 113 101138 102163 7005 71436 15610 61776 144563 168541 25302 230541 259784 368993 69530 94323 39029 182038 16172 137719
internal_value=-8.69552e-05 7.14157e-05 0.000159458 -0.00531246 -0.0106704 0.00856058 -0.00788639 -0.0121704 -0.0152305 -0.0391992 -0.00946013 -0.00518891 -0.00685339 -0.0984505 0.160129 0.00561774 0.0177748 -0.0109377 0.0204952 0.0150048 0.0261472 0.00517627 0.0270571 0.0483067 0.0774378 0.0169919 0.00111231 -0.00814184 0.0020075 0.0296384 0.0354501 0.0015921 0.159996 -0.00501409 -0.0136735 -0.0208232 0.0294897 0.0438583 0.115912 0.0294087 0.0255077 0.00576933 0.0717978 0.0850285 -0.0285317 -0.0124806 0.0020248 0.00848828 0.00395519 0.0062032 0.0291171 -0.0421949 0.019715 0.000849089 0.00255054 -0.000478526 -0.0410741 0.0074509 0.0112602 0.0131686 0.000904224 0.0115653
internal_weight=50571.6 50328.5 50252.5 7452.9 5376.46 2076.45 5131.86 4377.98 4049.12 785.668 3263.45 2925.56 2896.39 206.163 29.1618 2019.7 1164.54 855.153 1142.86 1053.25 818.803 1493.71 522.241 364.158 224.799 753.889 42799.6 3775 39024.6 578.001 552.313 38446.6 25.5517 3600.97 2064.55 1661.63 799.946 522.172 69.3788 526.762 328.854 230.547 98.307 89.6091 1325.58 609.526 37769.6 5812.93 4765.69 4522.29 1047.24 716.054 452.614 31956.7 23954.4 14803.8 487.63 9150.67 7509.11 7100.25 14316.1 2680.56
internal_count=5635248 5552838 5529700 1674313 1494100 180213 596845 538294 502349 93514 408835 80812 79788 11632 1024 177422 106817 70605 106351 103941 94837 41701 14718 9252 5108 58551 3855387 1651075 2204312 454021 211026 1750291 743 899723 731026 630936 92583 19473 6796 210283 35945 32786 3159 2410 612099 342420 1726888 300390 84391 68781 215999 269679 197077 1426498 1195957 852198 329314 343759 315390 276361 522884 153891
is_linear=0
shrinkage=0.1


Tree=88
num_leaves=63
num_cat=0
split_feature=31 43 20 21 8 45 28 7 39 20 30 40 43 2 29 41 12 13 37 33 12 37 7 3 12 21 38 0 20 27 30 29 39 40 30 24 29 25 31 27 24 37 28 20 20 43 20 5 26 40 10 19 31 7 31 43 0 13 43 20 7 21
split_gain=40.5631 24.542 36.5731 29.2571 23.4669 22.8815 22.1761 74.0387 22.0917 101.067 56.8784 55.6491 30.8856 24.0116 23.4784 22.4046 108.858 72.1909 55.3573 53.0157 44.7995 100.803 90.1127 53.8688 38.5983 38.3282 37.6492 37.4622 104.063 46.3532 161.132 60.947 43.2464 40.0428 186.435 134.188 129.314 83.341 66.0658 52.49 50.0632 41.7311 40.7909 39.2228 35.8699 35.6194 35.2832 47.659 33.6998 32.832 32.6124 33.3565 31.3637 67.0633 46.0216 50.0454 47.3006 41.7526 41.1076 33.3551 32.856 53.8868
threshold=-0.51975500583648671 0.33913436532020574 49.166435241699226 0.58957219123840343 81.000000000000014 0.60738688707351696 7.5000000000000009 49.500000000000007 1.0000000180025095e-35 98.006622314453139 1.0000000180025095e-35 1.0000000180025095e-35 0.82066103816032421 0.7921138107776643 2.5000000000000004 0.86607143282890331 48.834688186645515 99.206348419189467 -69.21856307983397 -56.742013931274407 97.915760040283217 -18.911825180053707 1.0000000180025095e-35 5.5000000000000009 93.908470153808608 0.95119047164917003 24.500000000000004 0.89735862612724315 99.180271148681655 2.5000000000000004 1.0000000180025095e-35 1.5000000000000002 1.0000000180025095e-35 1.0000000180025095e-35 1.0000000180025095e-35 6.5000000000000009 1.5000000000000002 4.5000000000000009 -0.14507149159908292 1.5000000000000002 8.5000000000000018 -17.853055953979489 1.0000000180025095e-35 97.309360504150405 58.953453063964851 0.51871871948242199 92.346740722656264 1.0000000180025095e-35 -1.0000000180025095e-35 1.0000000180025095e-35 96.362434387207045 45.913782119750984 -0.080336645245552049 4.5000000000000009 -0.1865224093198776 0.68863314390182506 0.29157511889934545 97.498435974121108 0.80109891295433056 82.621711730957045 1.5000000000000002 0.26201373338699346
decision_type=8 8 2 2 2 2 2 2 10 2 2 10 10 2 2 10 2 2 2 2 2 2 2 2 2 2 2 2 2 2 2 2 8 10 2 2 2 2 8 2 2 2 2 2 2 8 2 2 2 10 2 2 8 2 10 8 2 2 8 2 2 2
left_child=6 2 3 -2 8 -4 -1 -8 14 10 12 -12 -10 -14 15 17 19 24 26 -17 21 22 -20 -24 -3 27 -18 28 29 32 31 -31 -22 52 36 37 41 -36 -37 44 46 -35 43 -41 -39 -42 47 -40 -30 -29 51 -26 53 54 55 -34 -56 -55 59 -57 -54 -62
right_child=1 4 5 -5 -6 -7 7 -9 9 -11 11 -13 13 -15 -16 16 18 -19 20 -21 25 -23 23 -25 50 -27 -28 49 48 30 -32 -33 33 34 35 38 -38 39 40 42 45 -43 -44 -45 -46 -47 -48 -49 -50 -51 -52 -53 60 57 56 58 -58 -59 -60 -61 61 -63
leaf_value=-0.065589582293515913 -0.084298291505150155 0.001370493898916482 -0.048657892081792289 -3.1879262086903961 -0.095956966459475948 0.041750979094427466 -0.10067414868392953 9.591801592085778 -0.060151122869297281 0.19309036577575167 0.12017766737189445 -0.15335874734704955 -0.022654851217714461 0.013600812707316565 -0.031437830425706068 -0.082573206821916406 0.096946301407533214 0.10125964701213519 0.0023847884699409721 0.040864917812834065 0.080979604526870336 -0.028883856840383793 -0.0078390227471160229 -0.079150519586126247 -0.0096355212852949901 0.046872949274032322 -0.0075844930242960117 -0.027332878337473412 0.0092266637435854445 0.027885699686555548 -0.10401740989933661 -0.086776036308690518 -0.084801289323927304 0.30065128708924505 -0.078929653861966015 0.1459773965780384 -0.10939994535419917 -0.10175110595249447 0.055862921069471473 0.065844171743487043 0.056546541591642345 0.13138625379377672 -0.062446595468603351 -0.39397019978730802 0.064425785302828983 -0.0571682409256314 -0.047930827697180607 -0.022744939020438785 0.084440012586584706 0.051272425255291167 -0.016979459552563119 0.027098996349712912 0.0015286834548793515 -0.064701694678898469 -0.012809690249981208 0.26131327327829174 0.026765940735514041 0.0004488421790831059 0.065199249736425685 1.0475630553934709 -0.016535919687612623 0.0024887616043224275
leaf_weight=97.289557888834679 83.456568602330663 11707.755394973345 50.18945428429106 0.030384380370377495 25.378788125955907 63.300856423749792 0.033381584255038343 0.010316877625882626 172.8802260887187 23.458442487743014 50.166898428975401 8.7320993571538548 816.31501790832044 235.33266596591056 228.10016674739745 229.31147501069972 98.107206779659464 76.091057800018461 5476.1909199674938 41.01786720333439 68.774521622166503 1670.3562444519048 201.01868516172362 223.93639314181928 296.11032443897057 185.00641065801028 53.108412018442323 673.1797925986757 84.931324295990635 311.16337314032717 183.58566210005665 54.472217366586847 22.583834067125281 16.412364943884313 57.047239038976841 23.127801263806759 22.049574903063331 13.312449845630907 154.95291389216436 56.676016502315179 29.579317806928884 129.43771429243498 69.589078665914712 1.9179037364665408 535.23470831062878 400.63551859249128 116.13501572812675 153.5661211363622 199.50721456634346 57.690284898038954 258.25837638277517 1496.2434868808086 12756.721502580265 102.24306937815709 419.14088968592114 3.5949285872738974 1080.6183695985164 2594.3545206459457 276.55723002783634 0.63484578811767267 3121.1154342659283 2846.8416181872599
leaf_count=1505798 205434 846660 5158 1 6369 12638 224 1 21814 171 1629 214 32272 2721 120796 1168747 30833 24123 230657 54068 9797 58174 44904 160923 9883 171399 27020 14429 9244 5770 9193 681 74798 122 3632 474 291 409 9149 9672 790 1803 1358 171 59568 23090 7476 9473 9127 33087 5195 53080 184340 36369 30718 351 26706 161079 33528 45 44252 23350
internal_value=-8.44381e-05 4.00949e-05 -0.0351886 -0.0854278 0.000178299 0.00176896 -0.064578 2.18765 0.000226915 -0.0126043 -0.0163639 0.0796244 -0.0209809 -0.0145417 0.000569991 0.000720063 -0.000632702 0.0041244 -0.000138052 -0.0638436 -0.000403483 -0.00719636 -0.00105758 -0.0454177 0.00358719 0.00151403 0.0602341 0.001199 0.00182889 0.00116111 -0.0275772 0.0108034 0.00179063 0.00157281 0.0160292 0.00558277 0.116311 0.0371451 -0.0207951 0.04693 -0.025307 0.150433 -0.0106833 0.0507935 0.0603929 -0.0493498 -0.000949425 0.0167357 0.0619818 -0.0211283 0.0162432 0.0210302 0.000465031 0.00796148 0.0228909 0.0584124 0.0157057 -0.00202138 0.0699312 0.379321 -0.00133644 -0.00746074
internal_weight=50504.6 50407.2 196.977 83.487 50210.3 113.49 97.3333 0.0436985 50184.9 1306.89 1283.43 58.899 1224.53 1051.65 48878 48649.9 34815.4 13834.5 34545.1 270.329 34393.9 7571.5 5901.15 424.955 13758.4 26822.4 151.216 26637.4 25906.5 25622.1 549.221 365.636 25072.9 25004.1 1779.67 1611.77 167.9 733.777 877.997 676.73 854.869 145.85 128.183 58.5939 548.547 430.215 424.654 308.519 284.439 730.87 2050.61 1792.35 23224.4 4499.73 1803.13 303.371 1499.76 2696.6 280.787 4.22977 18724.7 5967.96
internal_count=5635248 4129225 223231 205435 3905994 17796 1506023 225 3899625 58821 58650 1843 56807 34993 3840804 3720008 2781067 938941 1558252 1222815 1500399 494658 436484 205827 914818 1005741 57853 834342 786826 768455 15644 6451 752811 743014 127478 125262 2216 74810 50452 71178 49978 1925 11201 9843 59977 23880 26098 18622 18371 47516 68158 62963 615536 363594 166146 108722 57424 197448 33924 396 251942 67602
is_linear=0
shrinkage=0.1


Tree=89
num_leaves=63
num_cat=0
split_feature=31 17 41 13 14 10 17 21 41 17 17 41 42 14 10 13 42 14 25 35 14 14 29 13 41 41 12 25 2 31 43 2 12 37 41 31 14 37 31 11 2 42 26 21 3 14 32 20 19 31 26 20 20 3 45 19 30 13 43 14 43 34
split_gain=36.7435 23.7022 47.2656 72.8493 68.1445 44.4111 46.7777 42.2611 74.065 56.7769 35.5874 38.7363 34.7842 34.0651 31.0943 28.6725 34.5669 28.1797 28.163 26.5814 28.2912 39.2264 30.7375 28.2737 26.1402 25.4229 30.616 25.4159 29.2013 41.1476 32.6737 27.329 25.3367 45.4433 44.1732 39.8817 33.5226 32.7465 28.0382 24.8332 24.5929 47.1825 48.7408 44.5779 49.5489 50.3281 83.367 69.9902 46.11 53.0379 45.3351 52.0009 51.9764 64.9945 44.0088 40.2159 38.2448 41.7866 37.4796 36.9731 36.3667 46.1502
threshold=-0.55556675791740406 8.5000000000000018 1.0000000180025095e-35 70.087718963623061 0.31666667759418493 77.003208160400405 10.500000000000002 0.94590643048286449 0.53571429848670971 18.500000000000004 14.500000000000002 0.73214286565780651 0.71535181999206554 0.64583334326744091 75.147060394287124 16.53005409240723 0.31851120293140417 0.73214286565780651 8.5000000000000018 -98.026229858398423 0.73214286565780651 0.93750000000000011 1.0000000180025095e-35 84.29276275634767 0.76388889551162731 0.88194444775581371 48.834688186645515 4.5000000000000009 0.69381573796272289 0.19109106808900836 0.89670634269714367 0.35126793384552008 39.173061370849616 -67.996875762939439 0.53571429848670971 0.30716219544410711 0.2264957278966904 -71.428569793701158 -0.16008938103914258 87.226108551025405 0.72155243158340465 0.3892496526241303 0.88194444775581371 0.57417583465576183 11.500000000000002 0.44949495792388922 4.5000000000000009 97.57275772094728 97.575668334960952 -0.20518234372138974 0.29285715520381933 95.67297744750978 75.955451965332045 13.500000000000002 0.67961683869361889 97.448913574218764 1.0000000180025095e-35 77.581478118896499 0.96437636017799389 0.84523808956146251 0.9783390760421754 2.5000000000000004
decision_type=8 2 8 2 2 2 2 2 8 2 2 10 2 2 2 2 2 2 2 2 2 2 2 2 8 10 2 2 2 10 8 2 2 2 8 10 2 2 8 2 2 2 2 2 2 2 2 2 2 8 2 2 2 2 2 2 2 2 8 2 10 2
left_child=-1 32 3 12 7 10 19 8 9 -4 -6 -12 27 -13 15 -9 25 -8 -19 -7 22 -22 -21 -24 -18 -17 -27 -3 30 -30 -29 -32 34 38 35 37 -36 -2 -34 -26 43 -42 58 50 45 46 -45 48 49 -47 51 60 53 -52 -48 -53 -56 -58 -43 -44 -35 -62
right_child=1 2 4 -5 5 6 17 14 -10 -11 11 13 -14 -15 -16 16 24 18 -20 20 21 -23 23 -25 39 26 -28 28 29 -31 31 -33 33 40 36 -37 -38 -39 -40 -41 41 42 59 44 -46 47 54 -49 -50 -51 52 55 -54 -55 56 -57 57 -59 -60 -61 61 -63
leaf_value=-0.069306981895874864 -0.0026903940603286267 -0.019030923046107769 -0.0090742130652848429 0.12048545258645385 0.008688056496469242 0.01118405887964769 -0.023399844192684392 -0.11501349206911426 -0.072360537219252993 -0.12151576117210033 0.063217433547718513 -0.050673721806778621 -0.038104745765493962 0.028673156716308785 -0.59357064223077927 -0.016639934199768794 0.011606070156092049 0.05932708802926065 -0.048679923792268154 -0.077894315230148239 -0.057502099428907362 0.016376288134869615 -0.0085267465909901179 0.10396204617236222 -0.12561999426769702 -0.10069257946555217 0.10093220113091457 -0.004559306392784449 -0.025333848584880227 0.026609188800961209 0.08676781189354961 0.028442942614420787 -0.070508161116369122 -0.0016218605235369399 -0.092292026241594605 0.055204159125971791 0.15248914943462541 -0.043439816779788261 0.053223999948824041 0.12835596906749899 -0.013445065128693187 0.0092752855477283239 0.016055345773599659 -0.044294141461598824 0.027801253031457557 0.34725838583635704 0.038953134462747119 0.039300321327151992 0.019204555997114792 -0.010037237822517751 0.031797192539552127 0.068411704899260573 0.00097732414163485977 -0.082996552924410258 -0.0011599458681991184 -0.13636739211050622 -0.040451962484515547 0.00027991208396327204 -0.0017619468469537661 0.065571160465342601 -0.028325379024344368 0.062274605175635739
leaf_weight=76.549737068053219 754.84476116489168 282.65321015096379 586.33140973079571 55.663418644253397 2255.4722165872827 156.2140255884151 103.18648022062735 17.351629042677814 406.31654937447092 48.632210705005491 45.092975956460577 279.47076074726465 174.8780658466967 67.096747352003149 0.85948816454037924 36.662090303121659 68.819627798948204 151.59865231421645 28.714996823076945 60.402590763387707 506.97678096328673 83.74032071466354 305.24504564727977 24.108930596607024 31.033825451202574 8.301148234299033 81.190617069325526 271.02285022694196 358.04426335298922 265.66559466789477 93.442121648360626 572.82121796910724 19.869997514395436 13556.633549900767 92.569738514688652 92.586781763006002 5.9546575408639901 266.94866682387146 233.88217961770897 4.395120774395763 1385.7872331078888 5842.080836931751 1960.0759279050326 866.31709774298361 397.25064995258435 4.1594060705538141 181.28422498087821 385.36731091077672 655.37908490910195 3608.5716706175008 1331.2020980590733 154.18366723610961 1575.9627497539514 51.219648953083379 1410.2036067874178 10.226249158269637 711.30987861072572 389.93668359435105 6499.4444633499188 163.36768310522893 79.864545609358174 189.93474605205847
leaf_count=1283419 143015 25307 72184 3043 138866 6353 7919 1863 758692 11188 6540 31875 2614 3548 32 3183 3147 9283 1057 4910 37414 2481 13178 1097 6002 7212 2480 90245 6908 5454 7389 18453 90796 1147196 575439 2310 217 85020 32717 419 48149 76212 105117 15095 27964 112 8732 12968 30417 51645 80092 5601 53867 11157 70818 669 26166 15366 119291 219732 2979 2634
internal_value=-7.79683e-05 2.73724e-05 -0.00518638 0.0076305 -0.0101488 -0.00379739 -0.0180635 -0.0301761 -0.0390206 -0.0176862 0.00385639 -0.0239679 0.00451839 -0.0353119 0.00686763 0.00895063 0.0182864 0.0182769 0.0421269 -0.0271272 -0.0332311 -0.0470291 -0.0123188 -0.000292492 -0.0243227 0.0534968 0.0822297 0.00856137 0.0135576 -0.00320901 0.0247148 0.0366229 0.000931027 0.00134579 -0.0133162 -0.00764179 -0.0774978 -0.0133364 0.0435352 -0.0941131 0.00108726 0.00418183 0.00587054 -0.000831877 -0.00669146 -0.00835992 -0.0173113 -0.00151379 -0.00519889 -0.00962588 0.00214464 -0.000233554 0.0133917 0.027544 -0.00863022 0.0556745 -0.0120649 -0.0260294 0.00346272 0.0198649 -0.000898355 0.0354557
internal_weight=50384.4 50307.8 7431.4 2074.19 5357.21 4067.32 1420.19 1289.89 1041.28 634.964 2647.13 391.66 2018.53 346.568 248.614 247.754 230.402 283.5 180.314 1136.69 980.474 590.717 389.757 329.354 104.249 126.154 89.4918 1843.65 1561 623.71 937.286 666.263 42876.4 41663.5 1212.9 1114.38 98.5244 1021.79 253.752 35.4289 41409.8 15850.8 14465 25559 8609.78 8212.53 3559.05 4653.48 4268.11 3612.73 16949.2 13990.8 2958.38 1382.42 2692.73 164.41 2511.45 1101.25 12341.5 2123.44 13826.4 269.799
internal_count=5635248 4351829 1290336 159413 1130923 264521 83692 866402 842064 83372 180829 41963 156370 35423 24338 24306 22443 18259 10340 65433 59080 39895 19185 14275 9568 12875 9692 153756 128449 12362 116087 25842 3061493 2255492 806001 230345 575656 228035 123513 6421 2131979 568501 520352 1563478 259283 231319 136177 95142 82174 51757 1304195 1159079 145116 91249 121082 6270 112350 41532 195503 324849 1152809 5613
is_linear=0
shrinkage=0.1


Tree=90
num_leaves=63
num_cat=0
split_feature=43 20 18 3 45 29 40 1 30 40 39 29 27 29 26 4 9 18 1 25 42 19 43 39 18 40 43 2 1 19 34 25 20 18 34 42 0 41 13 10 43 19 0 44 43 10 3 45 36 35 26 0 12 14 42 11 25 35 19 19 36 10
split_gain=22.6615 36.3014 25.0918 21.0193 20.9492 37.6905 72.7598 39.4842 32.1392 86.0949 129.189 106.171 85.372 42.3073 56.9869 32.4056 32.2291 45.5468 30.5306 50.2683 34.0657 34.972 35.6159 31.1675 29.8883 29.5072 28.1048 34.9251 63.6955 26.5016 40.5578 25.9898 25.9106 110.045 25.9054 25.828 25.5093 32.2148 30.924 25.2615 25.0951 37.7413 24.744 24.69 72.5436 50.3135 24.4274 24.4225 23.9233 35.0403 46.1152 33.0872 36.5238 30.6559 30.12 26.6663 24.4698 23.9228 73.0964 54.7947 51.3616 49.3172
threshold=0.35734237730503088 52.784828186035163 55.453865051269538 152.50000000000003 0.87790751457214367 1.0000000180025095e-35 1.0000000180025095e-35 1.5000000000000002 1.0000000180025095e-35 1.0000000180025095e-35 1.0000000180025095e-35 1.5000000000000002 1.5000000000000002 1.5000000000000002 0.44949495792388922 1.0000000180025095e-35 42.94755935668946 98.048732757568374 1.5000000000000002 6.5000000000000009 0.9104277789592744 98.441547393798842 0.98255756497383129 1.0000000180025095e-35 92.876655578613295 1.0000000180025095e-35 0.89864248037338268 0.99996608495712291 1.0000000180025095e-35 55.705244064331062 2.5000000000000004 11.500000000000002 82.621711730957045 77.931629180908217 1.5000000000000002 0.30860805511474615 0.31957960128784185 0.88194444775581371 90.366767883300795 18.808961868286136 0.98672538995742809 99.760765075683608 0.47210127115249639 0.99760764837265026 0.88939857482910167 78.830558776855483 15.500000000000002 0.52041476964950573 11.500000000000002 -43.58631515502929 0.38750000298023229 0.30231609940528875 56.070175170898445 0.81666666269302379 0.4327110648155213 96.590469360351577 2.5000000000000004 -4.7609405517578116 98.830371856689467 92.009387969970717 18.500000000000004 76.028167724609389
decision_type=8 2 2 2 2 2 8 2 2 10 10 2 2 2 2 2 2 2 2 2 2 2 10 10 2 10 10 2 2 2 2 2 2 2 2 2 2 8 2 2 8 2 2 2 8 2 2 2 2 2 2 2 2 2 2 2 2 2 2 2 2 2
left_child=1 -1 -3 4 18 6 36 -8 9 15 11 -11 13 14 25 16 17 -7 20 57 21 22 -2 29 48 -10 -22 -28 -29 30 -21 -18 33 -27 -24 -17 -6 -38 -39 -19 -31 42 -42 -26 45 -45 -23 -43 49 -9 56 52 54 55 -52 -53 -51 59 60 -20 -59 -60
right_child=3 2 -4 -5 5 8 7 24 12 10 -12 -13 -14 -15 -16 35 31 39 19 23 26 46 34 -25 43 32 27 28 -30 40 -32 -33 -34 -35 -36 -37 37 38 -40 -41 41 47 -44 44 -46 -47 -48 -49 -50 50 51 53 -54 -55 -56 -57 -58 58 61 -61 -62 -63
leaf_value=-0.073824318241811404 -0.011551986847288333 0.038871041473453043 -0.050145677033528228 -0.029855890996499053 -0.097833176296164837 -0.062643976428245665 0.024525737911033046 0.0030664589596469533 0.15009621808576085 0.14967919941483435 -0.028269590916846939 -0.082178929294804137 -0.056909676843996275 0.058172798701174415 0.025104140286575805 0.027903285323523805 -0.008796603400724962 0.60805103773169433 0.0019920038529936627 4.0238392700529007 -0.0078157339263960884 -0.00068665793118907964 -0.074870709142540806 -0.040702770789100201 0.012474146639593987 -0.064127569054605607 -0.0023807209320972113 0.012197187311468181 0.077035363211396979 0.01145964282688452 -0.067195765337542054 -0.087788304998167643 -0.056870500961641646 0.12169515791759629 -0.02445080700505162 -0.0041815177405059908 0.012654781959266684 -0.097595947306599193 0.012376228016892116 0.1090879014912281 0.020621564187836987 0.19808147052771741 0.06536573784759947 -1.0274209376644234 -0.014573371373226182 -0.18951879262638194 0.05880505614807844 0.0054696641334381407 -0.0077524686876843385 -0.19571956086502626 0.082447845486158911 0.0025972594925570548 0.025931838188128765 0.064749947377552311 0.28824656945970761 -0.052785242342102745 0.04857059160605684 0.014974648371201283 -0.02118411416168724 -0.018882135894095205 0.075350271008462741 0.026778253219683159
leaf_weight=107.74816473961801 1845.8790127615248 81.393300007122889 51.829918305800675 233.54627272972721 72.85947884275447 221.4336357599077 858.08369458426205 4750.1503625627156 8.5367382199583499 126.66812332755399 112.35919817695685 23.397916089183127 426.88166403382274 103.61758099821964 272.12834970608492 256.87569623403397 843.10661870584045 1.2434153355716251 7783.8699486807363 0.024247157552962473 1516.431209325985 1353.7164758602703 163.09699629790339 104.35107533691189 401.38847589799843 98.640199119712634 1359.2479139590414 1258.3990851911967 172.25133994210591 3623.7238285705098 41.658951872866965 43.817122714679499 257.15026135387416 47.080393668433317 271.5944337324363 10776.551681825316 99.243001196457044 84.245463562372606 36.713069353980245 5.5153172644422739 202.52787522758445 6.6825216190773054 317.11519937263802 1.1417134720832103 1409.9756241976429 1.9248003692191558 72.726177006945363 442.081116034773 1253.1553119637119 4.1365774076548396 26.311175637651104 764.41750481360941 149.30867840078827 70.79572988540167 9.7458385583249747 98.096419696055818 467.80763260894673 2135.6842832104358 1002.2758779148717 1499.8487787737886 150.8538329890016 272.72135460784193
leaf_count=365585 41622 13486 4800 81243 24877 1206109 150145 190571 925 2344 5373 1113 18875 10297 18892 14241 207723 135 1277935 61 35879 52308 3085 7182 16355 7675 30560 77141 9524 550542 107590 14086 9438 1125 5342 141570 4117 7377 3703 1445 22124 146 7888 49 105459 348 3995 19929 327301 114 5584 32953 5502 35028 609 10321 76941 58146 69787 89127 19121 22380
internal_value=-7.33392e-05 -0.030666 0.00423947 7.40565e-05 0.000214471 -0.00189598 0.00258831 0.00399078 -0.00537134 -0.00385233 0.0528166 0.113528 -0.0209001 -0.00137173 -0.0103981 -0.00507646 -0.0213223 -0.0548387 0.00220848 0.00453995 -0.0029074 -0.00993477 -0.0176164 0.0133436 0.0021179 -0.0338813 0.00314197 0.00909796 0.0200038 0.0145607 -0.064816 -0.0126991 -0.0377798 -0.00409071 -0.0433684 -0.00343453 -0.0465426 -0.0295718 -0.0642174 0.200883 0.0152812 0.0295812 0.047927 -0.00941283 -0.01563 -0.501484 0.00234649 0.00833784 0.00487296 0.00736818 0.0202146 0.00915522 0.0477454 0.00149079 0.138073 -0.00370157 0.0464294 0.0012926 0.00826011 -0.00138036 0.0189579 -0.010925
internal_weight=50255.8 240.971 133.223 50014.8 49781.3 24184.5 10559.5 10266.4 13625 12411 262.425 150.066 1214.04 787.154 683.536 12148.5 1115.12 228.192 25596.8 17583.4 8013.34 3707.01 2280.57 4738.16 9408.36 411.408 4306.33 2789.9 1430.65 4633.81 41.6832 886.924 402.871 145.721 434.691 11033.4 293.061 220.202 120.959 6.75873 4592.13 968.407 519.643 1814.43 1413.04 3.06651 1426.44 448.764 7593.93 6340.77 1590.62 1118.68 185.366 933.31 36.057 862.514 471.944 12845.3 3561.54 9283.72 2286.54 1275
internal_count=5635248 383871 18286 5251377 5170134 2658720 997354 957280 1661366 1594139 8830 3457 67227 48352 38055 1585309 1429498 1207689 2511414 2251958 259456 106352 50049 715462 807135 19163 153104 117225 86665 708280 107651 221809 18238 8800 8427 155811 40074 15197 11080 1580 600629 50087 30012 122211 105856 397 56303 20075 684924 357623 167052 89997 11695 78302 6193 43274 77055 1536496 169434 1367062 77267 92167
is_linear=0
shrinkage=0.1


Tree=91
num_leaves=63
num_cat=0
split_feature=34 29 30 18 24 27 17 21 25 21 26 18 28 20 21 18 19 29 34 21 21 20 18 29 20 24 11 18 20 21 20 33 17 1 0 20 19 11 20 20 18 24 18 19 21 18 21 0 41 18 10 10 9 14 0 14 11 17 11 38 19 17
split_gain=22.1075 20.8323 158.297 67.6707 64.9991 45.2878 38.5507 34.5045 31.2044 34.4083 26.9381 26.6905 103.508 56.0686 148.985 123.347 88.1994 83.8926 68.0502 45.7875 46.3471 48.3541 87.3624 44.5245 43.6012 37.4952 37.488 36.0278 56.0747 35.0985 80.8783 50.9546 33.8273 33.5177 31.9741 30.2788 43.1704 29.7992 29.3151 28.652 43.3718 46.8036 53.6541 35.9637 122.287 45.2526 60.4108 49.9404 59.9038 36.0394 34.7276 36.1436 92.6031 52.2761 45.8703 88.0107 32.2078 31.9362 30.8723 28.7901 28.4418 28.7247
threshold=137.50000000000003 1.5000000000000002 1.0000000180025095e-35 98.253242492675795 9.5000000000000018 2.5000000000000004 8.5000000000000018 0.82085561752319347 3.5000000000000004 0.12701612710952762 0.26136364042758947 92.601715087890639 1.5000000000000002 95.67297744750978 0.50806450843811046 96.636753082275405 94.297328948974624 1.0000000180025095e-35 4.5000000000000009 0.95916664600372326 0.84807693958282482 96.313285827636733 77.460720062255874 1.0000000180025095e-35 92.60501861572267 7.5000000000000009 45.773809432983406 93.555309295654311 88.942050933837905 0.74456521868705761 98.421009063720717 -52.339900970458977 18.500000000000004 5.5000000000000009 0.32259997725486761 98.219570159912124 98.192703247070327 98.213714599609389 95.531894683837905 99.014755249023452 97.067424774169936 6.5000000000000009 95.862876892089858 98.830371856689467 0.91987180709838878 97.68778228759767 0.94281044602394115 0.80898490548133861 0.88194444775581371 98.048732757568374 33.520599365234382 86.70682525634767 76.028167724609389 0.38750000298023229 0.72551110386848461 0.44949495792388922 88.493064880371108 3.5000000000000004 51.66851997375489 32.500000000000007 93.367176055908217 5.5000000000000009
decision_type=2 2 2 2 2 2 2 2 2 2 2 2 2 2 2 2 2 2 2 2 2 2 2 2 2 2 2 2 2 2 2 2 2 2 2 2 2 2 2 2 2 2 2 2 2 2 2 2 8 2 2 2 2 2 2 2 2 2 2 2 2 2
left_child=1 11 3 5 10 6 8 -7 -3 -10 -4 19 13 15 60 24 23 -17 29 20 21 32 -23 -16 -13 34 -24 28 -14 30 31 -18 -1 39 -21 -20 -37 -36 -19 -31 41 42 -41 -42 -45 -46 49 48 -48 -47 -50 52 54 -54 55 56 59 -55 -49 -52 -15 -62
right_child=-2 2 4 -5 -6 7 -8 -9 9 -11 -12 12 27 14 16 17 18 38 35 25 -22 22 26 -25 -26 -27 -28 -29 -30 33 -32 -33 -34 -35 37 36 -38 -39 -40 40 43 -43 -44 44 45 46 47 58 50 -51 51 -53 53 57 -56 -57 -58 -59 -60 -61 61 -63
leaf_value=0.0014666527891501059 -0.048770784549433191 0.091825678250128717 0.10756267084508307 0.11314331954040489 -0.15572063764293465 -0.10047785650092481 -0.045074753837385288 0.036366122536972821 -0.087625505502684248 -0.0091515386972097559 0.045798194801938939 0.0054289143333025747 0.16797358284364949 -0.00021477872339469218 -0.061866154665555263 -0.0014935440369145496 0.072255491535779079 0.17128678987909729 -0.033583351812849806 0.13157561676963911 -0.018760869666627052 -0.064993833935713105 -0.0060809733127602343 0.056220828542194026 -0.032149524927210148 0.05291119484187267 0.036445275100063457 0.12294520051967038 -0.036623301814367758 -0.014416301363411932 0.061071601001414282 -0.00038444418714101949 -0.0340331355854342 -0.035928796899659776 0.0029499094459564338 0.018274463487892901 -0.05398527898516229 0.078756009625450416 0.022979009621490604 0.0069402649450938676 0.042593061540732363 0.039878521091844282 -0.1371095730347327 -0.075504811851268838 0.089374958179073219 -0.0099059486192092181 0.0058155496972800104 -0.003185297625433476 0.046692234167361422 -0.12060585766558807 -0.17649516912715538 0.018201056483640402 -0.044968416271989081 -0.27799142732455445 0.003359475780742464 0.026683272058694175 0.11871272057872238 -0.081466933234802433 0.040048619988353559 0.064981188360822478 0.11622204413408797 0.2723268454753634
leaf_weight=30976.103398314604 93.027961355175648 29.79563743559811 111.15501117078384 40.17794553389831 13.523506497725974 103.58799400543467 360.51392827648851 22.412269778051268 57.374572650622213 2136.7623951745645 193.6076463231766 376.56870355923638 18.968399521269021 16.85823000563505 35.251320143166595 92.604020990840581 101.0002714372531 61.370260097119171 1028.0888972504436 21.486116462605423 1115.4896699520614 110.50911176516638 260.89743719851504 338.85882324109843 1714.6668774337577 287.21474292157291 1008.8330710809532 83.54053110438872 45.597714484318203 1579.0577133582992 265.71710015900317 2200.4956656170561 270.7672333929695 337.46291023078811 775.37566963332574 300.91854923761093 114.00090154913778 55.572326191060711 17.025395368127647 127.80127185404126 157.22091342957356 501.65556903907418 32.415233906991489 234.09187214785561 55.803239555767504 53.190551704770769 909.23551744704309 264.64483744118479 43.146595272781269 65.777878173612407 69.465568696537957 69.363196059013717 23.524597545037977 33.408578268368728 145.60953342824359 48.989306811767165 4.4119097361108279 10.988776753365526 439.3923617588589 5.3151325614307998 71.804621380884782 14.102617013681082
leaf_count=3657582 67360 8086 8916 515 8325 6178 279671 382 133314 443627 15617 24208 270 469 2016 7928 13919 595 48816 990 45239 13184 36126 18923 71993 23541 34829 1718 1773 43606 7383 38601 194326 33906 32164 11816 3510 48777 216 8606 4422 15637 743 3236 967 585 34693 10800 7806 678 2915 4982 282 436 4297 1222 124 208 140761 331 764 338
internal_value=-6.73289e-05 2.31771e-05 -0.00795933 -0.015685 0.058806 -0.0175947 -0.0147406 -0.0761368 -0.0098232 -0.0112036 0.0683253 0.000544495 -0.00350042 -0.0045292 -0.00122265 -0.0187056 -0.00250521 0.0629524 -0.00443613 0.00194869 0.00128285 0.00196813 0.0202851 0.0450938 -0.0253828 0.0216627 0.0277072 0.0795856 0.0234837 -0.000736444 0.00883434 0.00280333 0.00115903 -0.00545063 0.011134 -0.024381 -0.00157921 0.00801969 0.139078 -0.00334063 0.00196642 0.0248504 -0.0222041 -0.0037848 -0.00672927 0.000450871 -0.00181866 0.00216864 -0.00899948 -0.0711121 -0.0386553 -0.0476134 -0.0609728 -0.16549 -0.0350443 -0.0786695 -0.143842 -0.22935 0.0237972 -0.159332 0.118544 0.141848
internal_weight=50153.6 50060.6 3068.91 2750.62 318.286 2710.45 2584.45 126 2223.93 2194.14 304.763 46991.7 12109.4 11961.3 9699.07 2262.24 9596.3 171 9222.19 34882.2 33742.6 32627.1 1380.24 374.11 2091.24 1139.65 1269.73 148.107 64.5661 7779.19 2567.21 2301.5 31246.9 5211.97 852.434 1443.01 414.919 830.948 78.3957 4874.51 3295.45 661.872 160.217 2633.58 2476.36 2242.27 2186.46 2067.5 1363.46 118.968 454.223 411.077 341.713 67.922 273.791 128.182 79.1926 44.3974 704.037 74.7807 102.765 85.9072
internal_count=5635248 5567888 904631 871773 32858 871258 864698 6560 585027 576941 24533 4663257 576499 572738 467798 104940 466227 8739 445288 4086758 3981286 3936047 84139 20939 96201 105472 70955 3761 2043 381146 59903 52520 3851908 321243 81931 64142 15326 80941 811 287337 243731 24986 9349 218745 214323 211087 210120 208857 57296 1263 22603 14797 9815 926 8889 4592 3370 644 151561 3246 1571 1102
is_linear=0
shrinkage=0.1


Tree=92
num_leaves=63
num_cat=0
split_feature=37 43 42 1 25 3 32 21 35 20 34 18 18 0 35 27 37 35 0 40 21 28 12 19 39 21 14 32 0 3 0 42 34 19 41 42 0 12 37 42 2 25 17 25 18 20 13 42 35 14 2 30 40 27 26 40 39 28 10 14 41 32
split_gain=20.5105 31.132 34.4035 21.6434 45.2303 34.3138 61.4073 38.2171 50.5505 29.9607 27.4183 24.8751 24.8225 22.7334 31.7038 31.4493 25.3241 30.1074 36.5811 23.3508 50.5666 42.0666 36.9673 37.6794 28.7401 33.5727 55.5914 32.8769 38.0224 32.3508 30.4631 24.6567 28.2586 23.6338 22.8408 22.7039 28.9879 25.2148 34.4129 29.8285 27.1599 28.7839 26.8645 28.7684 21.6071 46.1351 46.9491 48.6752 21.1564 28.0058 24.9339 43.1919 64.5938 55.9934 65.9645 52.1769 177.2 83.4231 45.2954 41.1345 49.5038 39.6934
threshold=15.735805511474611 0.99760764837265026 0.43951219320297247 9.5000000000000018 9.5000000000000018 13.500000000000002 6.5000000000000009 0.4220647811889649 -81.879009246826158 98.857109069824233 89.500000000000014 88.775268554687514 87.528800964355483 0.5168128013610841 -1.8176116943359373 1.5000000000000002 -48.658311843872063 -46.08415222167968 0.24620240181684497 1.0000000180025095e-35 0.048809524625539787 1.0000000180025095e-35 54.72370910644532 99.760765075683608 1.0000000180025095e-35 0.28801843523979193 0.44949495792388922 9.5000000000000018 0.41374915838241583 9.5000000000000018 0.28781753778457647 0.99382716417312633 2.5000000000000004 97.833908081054702 1.0000000180025095e-35 0.21132376790046695 0.69151422381401073 35.948717117309577 -71.428569793701158 0.45512083172798162 0.82469150424003612 4.5000000000000009 18.500000000000004 6.5000000000000009 82.27399063110353 82.777160644531264 39.250699996948249 0.21132376790046695 3.2283477783203129 0.15476191043853763 0.74055027961730968 1.0000000180025095e-35 1.0000000180025095e-35 2.5000000000000004 0.88194444775581371 1.0000000180025095e-35 inf 1.5000000000000002 79.337715148925795 0.36931818723678594 0.86607143282890331 7.5000000000000009
decision_type=2 10 2 2 2 2 2 2 2 2 2 2 2 2 2 2 2 2 2 8 2 2 2 2 10 2 2 2 2 2 2 2 2 2 8 2 2 2 2 2 2 2 2 2 2 2 2 2 2 2 2 2 8 2 2 10 8 2 2 2 10 2
left_child=3 2 -2 35 5 9 7 8 -7 10 13 -8 -11 15 -15 19 17 -17 -19 20 -5 -22 31 33 25 27 30 -21 -29 -30 -27 34 -33 -24 44 36 -1 39 40 -37 41 -39 48 -44 -23 46 47 -46 50 -50 51 55 -53 58 -55 -40 -57 -58 -54 61 -61 -60
right_child=1 -3 -4 4 -6 6 11 -9 -10 12 -12 -13 -14 14 -16 16 -18 18 -20 24 21 22 23 -25 -26 26 -28 28 29 -31 -32 32 -34 -35 -36 37 -38 38 42 -41 -42 -43 43 -45 45 -47 -48 -49 49 -51 -52 52 53 54 -56 56 57 -59 59 60 -62 -63
leaf_value=0.024814517725497764 -0.0421746476292158 -0.061182194715411822 0.0093077460003894042 -0.09419880632797846 -0.041732774258760423 -0.0040387361338695702 -0.06618107742429627 0.072093606323279158 -0.069909071722161514 -0.12473251959755925 -0.057807186477984641 0.023101742149457802 -0.020905263536889911 -0.00013071515953327366 -0.07844488183439785 -0.10575551068373437 0.0087671238028985878 0.10456832518702307 0.01761641522708891 0.0086138899488201609 0.06245935614388945 -0.043991819384349921 -0.0026405528075629401 -0.15509964777610963 -0.032861610024466685 0.02806579855570181 0.063907167973351928 -0.030779514691862481 0.13050901059533745 0.81563721882911266 -0.010451706999761634 1.1640000031743696 0.14215799632231915 0.060767705819713136 -0.082295391266976853 -0.01544054114757518 -0.0087628214676954749 -0.023682332853551868 0.00037384471504106989 -0.12186316623900556 -0.013627014497082313 0.054093743288068014 0.0069083554481951933 -0.066992590258654047 1.7129742562591053 0.028506059450007927 2.1790674366747758 0.028025955570741265 0.026955139344656199 -0.024565552246552071 0.0043388865839877949 0.14264749312399835 -0.01850663134572186 -0.094158926831776318 0.0080414863164038151 -0.032991294266316772 0.15002443701022233 -0.050258472288976279 -0.033534391781212182 0.061451614646629453 0.0054508071929090188 0.023922045840195211
leaf_weight=846.25299839945365 190.52271664220825 129.49282826602575 407.28825071682877 62.540842453950972 312.15825407904413 1266.953638094692 272.2709042921706 58.965898096423189 128.30381964865228 32.366526409086873 77.625777020783062 35.244861469047464 79.79134637720199 137.4927538983211 82.836987997725373 11.153894952100016 311.68603487007931 101.68877937087746 92.300185228092232 1108.3770188964554 94.073408441210631 87.336586486526357 2463.9171673293349 15.994270946743198 164.46031999881416 460.81101384424983 259.69656396012579 333.94486641669209 3.3612173971268922 0.86695845188478404 370.36086415478894 0.31354929896042394 1.9773255348864038 60.218361841696606 102.90989633108074 492.39082610304831 369.32208943579462 56.622097486071652 18209.707567729311 27.825161748729442 118.4462865034584 298.09033507704407 93.712894295971637 120.29430904526453 0.22043325844788231 31.389923061440641 0.1749829425207281 0.77153470828852733 127.20045824441331 618.67446302004828 15282.342756979797 27.254937092628097 1935.6674394714082 168.14719100322509 101.14305602828244 157.41304775356548 129.40943237033389 24.779032064396233 401.61115778738167 202.56201800466806 715.16015901306309 171.61845878299209
leaf_count=141381 3717 4973 8541 276079 439153 124456 608038 15191 73291 3341 110709 19097 14926 13106 6307 11946 8371 14585 14660 109824 13118 90658 139971 358 40531 95527 8550 222149 324 100 67951 65 917 557 871996 215678 12171 17232 874593 5767 6115 90549 18583 9361 81 11047 23 271 3910 22773 579888 651 92493 4029 6335 3240 2863 690 9266 15193 52435 5547
internal_value=-5.82414e-05 -0.0167288 -0.00709972 0.000187593 -0.00436287 -0.00295951 -0.0153487 -0.00676335 -0.010096 0.000372452 0.00126505 -0.0559482 -0.0508677 0.00198594 -0.0295744 0.00311836 0.0267253 0.0540104 0.0631965 0.000948844 -0.00524762 -0.00330201 -0.00553922 -0.00209732 0.00764976 0.0102755 0.0235213 0.000286592 -0.0270065 0.27099 0.0109028 -0.0443802 0.282016 -0.00112782 -0.0477362 0.00115196 0.0146129 0.000737508 0.00102953 -0.0211328 0.0278338 0.0416785 0.0007 -0.0346317 -0.0180725 0.0514583 0.668853 0.402452 0.000897562 -0.0157793 0.00122903 -0.000907499 -0.0107356 -0.0118667 -0.0557733 0.00106815 0.0416428 0.117838 -0.00841618 0.00468402 0.0178115 -0.0163326
internal_weight=50047.5 727.304 597.811 49320.2 8624.56 8312.4 1761.74 1454.22 1395.26 6550.66 6438.5 307.516 112.158 6360.88 220.33 6140.55 516.829 205.143 193.989 5623.72 2921.84 2859.3 2765.22 2540.13 2701.88 2537.42 1090.87 1446.55 338.173 4.22818 831.172 225.094 2.29087 2524.14 222.803 40695.6 1215.58 39480.1 38959.9 520.216 473.159 354.712 38486.7 214.007 119.893 32.5569 1.16695 0.991968 38272.7 745.875 37526.8 22244.5 3723.16 3695.91 269.29 18521.3 311.602 154.188 3426.62 1490.95 917.722 573.23
internal_count=5635248 17231 12258 5618017 3427274 2988121 840073 212938 197747 2148048 2129781 627135 18267 2019072 19413 1999659 49562 41191 29245 1950097 1405141 1129062 1115944 140886 544956 504425 172028 332397 222573 424 163478 975058 982 140528 974076 2190743 153552 2037191 1815746 221445 113896 107781 1701850 27944 102080 11422 375 352 1673906 26683 1647223 1067335 185949 185298 10364 881386 6793 3553 174934 82441 67628 14813
is_linear=0
shrinkage=0.1


Tree=93
num_leaves=63
num_cat=0
split_feature=24 19 40 21 8 37 29 27 45 45 2 1 29 40 24 21 21 0 32 32 14 17 41 17 7 45 24 41 17 0 1 21 19 0 36 45 36 10 13 14 17 17 24 43 8 18 8 36 24 7 14 18 38 36 29 13 10 14 0 41 2 8
split_gain=21.4411 27.0915 59.562 28.7847 26.1804 22.569 20.7099 20.1361 19.9416 23.7144 29.1221 28.9524 23.2346 59.565 42.709 38.0649 34.9653 29.5299 32.3997 43.8944 32.2006 73.4129 34.3631 43.5409 31.1622 28.1116 27.8269 43.3499 41.1486 27.5622 27.4329 31.4744 47.9631 44.5797 32.0652 26.6787 25.2432 23.9487 23.8595 23.6085 45.2056 29.0064 29.5719 22.9316 22.6791 24.103 22.183 64.7864 26.7813 21.9426 21.6438 21.5674 41.4623 37.5131 39.4704 75.0349 36.0307 33.7708 33.6251 29.6232 29.0397 26.9088
threshold=4.5000000000000009 96.677703857421889 1.0000000180025095e-35 0.58957219123840343 30.500000000000004 -23.401636123657223 1.0000000180025095e-35 6.5000000000000009 0.50548562407493602 0.87790751457214367 0.99996608495712291 1.0000000180025095e-35 1.0000000180025095e-35 1.0000000180025095e-35 6.5000000000000009 0.76696833968162548 1.0000000180025095e-35 0.89735862612724315 1.5000000000000002 3.5000000000000004 0.6904762089252473 5.5000000000000009 0.84523808956146251 14.500000000000002 1.0000000180025095e-35 0.96226152777671825 6.5000000000000009 0.6904762089252473 10.500000000000002 0.93393263220787059 2.5000000000000004 0.73030304908752453 82.985958099365249 0.30231609940528875 2.5000000000000004 0.99999991059303295 4.5000000000000009 88.047618865966811 98.213714599609389 0.93750000000000011 4.5000000000000009 10.500000000000002 5.5000000000000009 0.49390153586864477 3.5000000000000004 50.714429855346687 3.5000000000000004 8.5000000000000018 7.5000000000000009 1.5000000000000002 0.27922078967094427 51.628047943115241 23.500000000000004 2.5000000000000004 1.0000000180025095e-35 98.07621002197267 87.007671356201186 0.93750000000000011 0.95763123035430919 0.84523808956146251 0.63698199391365062 15.500000000000002
decision_type=2 2 8 2 2 2 2 2 2 2 2 2 2 8 2 2 2 2 2 2 2 2 10 2 2 2 2 8 2 2 2 2 2 2 2 2 2 2 2 2 2 2 2 10 2 2 2 2 2 2 2 2 2 2 2 2 2 2 2 10 2 2
left_child=1 3 -3 4 -1 -5 -4 8 -2 51 12 -12 13 14 -11 25 -14 18 20 50 21 -18 23 26 46 37 27 -23 -29 -17 -15 32 -32 -34 -33 -19 -35 -16 -21 40 -22 49 -43 -41 45 -26 47 -24 -49 -42 -20 52 -10 54 55 59 -54 -55 60 -53 -56 -58
right_child=7 2 6 5 -6 -7 -8 -9 9 10 11 -13 16 30 15 29 17 35 19 38 39 22 24 -25 44 -27 -28 28 -30 -31 31 34 33 36 -36 -37 -38 -39 -40 43 41 42 -44 -45 -46 -47 -48 48 -50 -51 -52 53 56 57 58 -57 61 -59 -60 -61 -62 -63
leaf_value=-0.0026694983434417383 -0.010977931765490707 0.094921017410961511 0.0078552115624774908 0.0031588308598773599 -0.12065721687917492 -0.054969274380212277 -0.059961186451691087 -0.10028443961585674 0.0046245020039399412 0.032323452188266044 0.012993991400081893 0.088370893697773498 -0.092532939933698044 0.013487758954360727 -0.090267024895773956 -0.015072783860746262 0.056327335048672905 -0.0058683496419797377 -0.0024217036877652708 -0.0074852944817431315 0.049265021404334114 -0.027313233257651334 -0.0013212387710530436 -0.051944642128157886 -0.087811234092398757 -0.15541722823749191 0.094146761011406205 0.30985561737043976 -0.057724234118803966 -0.39204467977820445 -0.00028362632809184664 0.05449876170683348 0.053236155097178876 0.04022836655624798 -0.013534073556643733 -0.060731175532002392 -0.0019050578622426637 0.06557957295954607 0.093829111512444718 0.057860386385524869 -0.040332762082000637 0.16843764449904075 -0.0059362849864862104 -0.0015940651871054257 -0.010499823235841609 0.25323957012152121 -0.025078760878503383 0.27344312205558013 0.030115297400817767 0.31445965501509476 -0.050780611969279833 0.020100792384402325 -0.027068987703617455 0.007814639437898804 -0.014075327220071685 0.06641291875252249 0.0014092181640161421 0.039508051683569551 -0.19485174096332231 -0.039694461818578712 0.0012326932373892645 -0.041351895573475392
leaf_weight=544.13217388981502 1515.4663713148257 68.896809688785652 156.69688484424478 85.723509689029015 19.479510838173155 302.48791607884414 63.189861156550251 19.90557507131598 3843.1977606272303 58.133059654159297 232.57602581432729 65.25471778519568 45.233547167777942 1954.8637268112579 43.976406507472348 107.03052496684722 313.91448466394286 179.75809197762283 123.89963196175995 4228.4803389811914 78.890106063463463 54.883673800319229 577.66603012575433 42.307287120496767 2.5371580788760211 55.561172513242127 102.96756681731131 8.3048271926127182 4.80891839601827 1.9753220134298306 5094.6537001575143 72.00333081408462 335.1522153329679 193.11641958675136 1830.5500110705416 174.85224911902333 539.29550396922969 12.710015133117848 23.372951606885181 65.630001029159757 490.46015065763277 13.364850683326948 35.716519222853094 5626.0310813506803 9.4039509465983411 11.307732614201084 429.21295824964182 12.324605602974772 7.1457967488568093 1.7493896507803572 365.78869998394111 188.53633552732208 963.11643326040576 9126.9563294627642 1605.875325457313 246.97196929060738 1504.0938738179666 349.06215400683868 9.07734810374677 147.80169809996369 5427.8620412650871 163.12251336399459
leaf_count=102412 148874 2285 14456 16754 2022 3587 1996 984 465576 15286 56853 41457 226381 130940 9668 4355 4775 2039 4953 1390188 1066 837 15670 1169 2186 12630 1186 140 150 42 517808 13768 38077 21242 116523 2085 56949 569 1751 17061 23348 564 1546 55374 2056 570 15432 624 244 965 4669 8150 310363 1428426 14866 115106 85022 10056 105 6557 53974 30481
internal_value=-5.81648e-05 -0.0130404 0.0137878 -0.02118 -0.00674738 -0.0421336 -0.0116335 0.000272292 0.000313379 0.000675893 -0.0015631 0.0295091 -0.00195978 0.00158993 -0.043953 -0.0639942 -0.0047655 -0.00445976 -0.00366069 -0.0101936 0.000265985 0.0130487 0.00229084 0.0388849 -0.00514488 -0.104869 0.0613618 0.011716 0.175061 -0.021904 0.00285985 0.000283691 0.00375492 0.0230277 -0.0109593 -0.0329203 0.00920434 -0.0553237 -0.00692836 -0.00292731 -0.0214548 -0.0317618 0.0415457 -0.000908502 0.10934 0.19074 -0.00773819 0.00472596 0.18414 -0.0390718 -0.038545 0.00291975 -0.00199637 0.0047806 -0.000440082 0.024558 -0.0116702 0.00898211 -0.00251051 -0.00617587 -0.00226229 -0.00277458
internal_weight=49978.5 1240.61 288.784 951.823 563.612 388.211 219.887 48737.9 48718 47202.5 23626.9 297.831 23329 10299 279.387 221.253 13030 12984.8 12630.2 4741.54 7888.63 1576.78 1262.87 213.272 1049.6 112.248 170.965 67.9974 13.1137 109.006 10019.6 8064.77 6162.22 1067.56 1902.55 354.61 732.412 56.6864 4251.85 6311.84 620.181 541.291 49.0814 5691.66 23.2488 13.8449 1026.35 597.136 19.4704 492.21 489.688 23575.7 6473.53 17102.1 7626.12 583.31 2630.33 9476.02 7042.81 336.338 7033.74 1667.22
internal_count=5635248 143512 18737 124775 104434 20341 16452 5491736 5490752 5341878 2813196 98310 2714886 937857 42550 27264 1777029 1550648 1546524 1401561 144963 45039 40264 3482 36782 22867 2313 1127 290 4397 895307 764367 634076 116268 130291 4124 78191 10237 1391939 99924 27489 26423 2110 72435 4812 2756 31970 16538 868 24313 9622 2528682 891442 1637240 198758 129813 425866 1438482 68945 14707 68840 115503
is_linear=0
shrinkage=0.1


Tree=94
num_leaves=63
num_cat=0
split_feature=31 35 8 41 14 31 13 12 25 14 17 33 14 24 26 21 14 25 11 9 12 13 35 11 20 41 17 10 11 14 10 41 17 41 14 41 24 38 41 17 12 36 12 33 11 41 31 12 14 24 14 12 13 41 30 12 11 26 8 17 14 31
split_gain=28.9053 19.4979 18.1974 17.7572 135.693 93.6121 68.2979 59.8448 79.9238 50.1234 65.1145 98.4854 74.003 49.7912 43.2938 39.8563 38.9264 48.8075 38.2676 36.8356 75.4175 47.3995 82.5287 79.7951 61.4479 58.3365 51.3126 59.9001 120.497 48.2542 72.2968 47.9928 47.5776 83.7101 60.0522 57.8721 56.2551 58.4448 48.6946 43.7606 43.3089 43.2666 42.0251 39.0273 37.5623 50.8714 38.4008 36.2229 69.3443 58.1384 41.131 72.4439 58.8049 35.2808 47.1734 51.2477 34.6342 41.2835 34.6154 34.2353 42.2817 33.7774
threshold=-0.55556675791740406 -95.065738677978501 81.000000000000014 0.86607143282890331 0.31666667759418493 0.03377801179885865 99.206348419189467 72.850124359130874 6.5000000000000009 0.44949495792388922 1.0000000180025095e-35 -18.169855117797848 0.38750000298023229 7.5000000000000009 0.80909091234207164 0.91106721758842479 0.58571431040763866 8.5000000000000018 48.52813911437989 93.063350677490249 89.512962341308608 75.716625213623061 -47.824672698974602 69.631092071533217 64.941761016845717 0.45000000298023229 4.5000000000000009 71.89255523681642 71.563343048095717 0.18333333730697635 62.115564346313484 0.76388889551162731 9.5000000000000018 0.73214286565780651 0.26136364042758947 0.63333335518836986 7.5000000000000009 21.500000000000004 1.0000000180025095e-35 19.500000000000004 99.333332061767592 4.5000000000000009 71.535182952880874 -54.997060775756829 93.788581848144545 0.73214286565780651 -0.098543122410774217 65.419578552246108 0.11805555596947671 7.5000000000000009 0.2264957278966904 50.373134613037116 49.018096923828132 0.73214286565780651 1.0000000180025095e-35 78.346122741699233 85.053192138671889 0.44949495792388922 4.5000000000000009 1.5000000000000002 0.44949495792388922 0.29153905808925634
decision_type=8 2 2 10 2 8 2 2 2 2 2 2 2 2 2 2 2 2 2 2 2 2 2 2 2 10 2 2 2 2 2 10 2 8 2 10 2 2 8 2 2 2 2 2 2 10 8 2 2 2 2 2 2 10 2 2 2 2 2 2 2 8
left_child=1 -1 3 6 5 15 16 8 18 10 11 -9 -12 56 -10 -5 19 58 -6 21 59 22 -2 -23 -24 -25 27 28 29 -26 42 44 33 35 -35 41 37 38 -34 43 -22 -28 -31 -38 45 46 -27 50 -49 -50 51 52 -7 54 -30 -56 57 -14 -18 -21 -61 -43
right_child=2 -3 -4 4 7 47 -8 9 14 -11 12 -13 13 -15 -16 -17 17 -19 -20 20 40 23 24 25 26 31 32 -29 53 30 -32 -33 36 34 -36 -37 39 -39 -40 -41 -42 61 -44 -45 -46 -47 -48 48 49 -51 -52 -53 -54 -55 55 -57 -58 -59 -60 60 -62 -63
leaf_value=0.0074779626774948565 -0.059360443091404896 -0.10460107519418316 -0.090205828903500263 -0.076605682280686968 0.11816159748060984 -0.029955573007663019 0.10122452481086729 -0.011958544901289491 -0.010882747090603837 5.7879506183252478e-05 -0.0023471850227261577 -0.13908280511359269 -0.098557735666089441 0.011612070877717273 0.050937873111310865 -0.0081552517524439826 0.024801214310641712 0.078730603336394561 0.034306232796419249 0.021660030739709853 -0.0048499696989520343 0.095061869204417074 0.037887746699790781 -0.035842067517382913 -0.0084966503563096932 0.11775083993516081 0.046757700239170613 0.02706553719857931 -0.092109309227046965 -0.062518213827785926 0.001716146694447859 -0.079035226032018985 0.048510266163593982 0.13664474299285653 -0.0019162065939939158 -0.041988766971729166 0.0022200301664211321 -0.0096665011185925794 -0.021444662008888362 -0.082446153400303382 -0.13783522939270734 0.00025393895617789245 -0.17284238093190663 -0.036012787230013152 0.1018839031674651 -0.052192127849298491 0.016927916461219699 0.087710137620930953 -0.069881631051715853 0.037893628410510125 0.018591104081640521 -0.13032000522249462 0.21847294406918696 0.022896313151529527 -0.08654893086965959 -0.36201436354937555 -0.025889608587514063 -0.2564757968708235 -0.01498457424879663 -0.15306451886170502 0.027965351016690322 0.027221229918462399
leaf_weight=23.945039101126895 234.6612753865702 44.123344264877232 22.335758846136741 459.46146945421788 58.444649809476687 107.96683977086286 70.573218099016231 149.76707998805614 809.71603905951088 30824.080998794743 1585.0194780832589 102.75303730651649 71.10538097771132 55.167927746902933 131.70778635358147 104.39039411660997 733.84128898942436 126.41747305546414 790.54473552769014 20.66187113057822 1165.9028125401146 116.61557247750352 423.42812218700237 246.08739387029163 1848.5459614127558 38.435023331503544 335.78492455705964 326.39273211324326 34.125471577848657 107.31469907770588 134.46102932818758 52.847240466569929 438.43516567020743 90.743013558880193 47.731270519772806 204.45340471862073 573.47036079835379 770.21391129980839 128.71791959657639 107.69809441260804 25.014350883833686 1566.4169268106562 50.906468145138206 499.57959747794848 51.383724024988624 106.14581504673333 2204.9913094123549 95.737393927120138 99.677601039758883 100.53575864734012 107.59881135924661 81.979720187795465 10.450456813618073 10.846805948101972 10.443630647379907 19.11480203375686 42.037202374865956 21.578083133321343 311.51099592691025 73.35212535969913 15.655473369944955 660.23147215909557
leaf_count=7778 87117 1275641 7173 1697426 4752 16305 24264 5956 12008 1339406 68362 1443 23137 4171 4396 42665 24876 6214 49936 215 19376 5516 124504 6501 216945 1975 7675 6401 416 1789 1749 1771 28763 11232 1469 30488 56843 109010 21433 11413 248 154712 662 10468 2307 3180 44085 1745 2040 1892 1822 1816 83 173 148 245 8032 233 16107 649 367 15724
internal_value=-5.31964e-05 -0.065174 3.57858e-05 7.62658e-05 -0.0011038 -0.0346308 0.00309831 2.64166e-05 0.0178302 -0.000943895 -0.0161744 -0.0636867 -0.00941473 -0.0684083 -0.00223387 -0.0639329 0.00260056 0.0200425 0.0400789 0.000996421 -0.0149507 0.00280938 -0.00086918 0.0140726 0.000766956 0.0105744 -0.00120627 -0.0129293 -0.0188208 -0.01447 -0.0521971 0.0152294 0.00428868 0.0130084 0.0888836 0.00921103 -0.00577194 0.00827224 0.0326337 -0.021679 -0.00764323 0.0132962 -0.0980142 -0.01558 0.0173043 0.0154546 0.0186552 -0.00727401 0.0177096 -0.015763 -0.0312806 -0.0580581 -0.00803148 -0.143815 -0.17221 -0.264686 -0.101177 -0.135323 0.0129452 -0.0943039 -0.121223 0.00825011
internal_weight=49883.3 68.0684 49815.2 49792.9 35809.7 1167.8 13983.2 34641.9 1790.41 32851.5 2027.43 252.52 1774.91 189.889 941.424 563.852 13912.6 1171.77 848.989 12740.8 1300.59 11440.2 8623.72 2816.51 8389.06 2699.89 7965.63 2542.15 2215.76 2141.23 292.682 2453.8 5423.48 2905.36 138.474 2766.89 2518.12 1337.37 567.153 1180.75 1190.92 2562.43 158.221 1073.05 2400.96 2349.57 2243.43 603.947 295.951 200.213 307.996 200.397 118.417 74.5307 63.6839 29.5584 134.721 92.6835 1045.35 109.669 89.0076 2226.65
internal_count=5635248 1283419 4351829 4344656 3287626 1765794 1057030 1521832 71092 1450740 111334 7399 103935 35573 16404 1740091 1032766 47197 54688 985569 20855 964714 899379 65335 812262 59819 687758 228528 222127 221145 4200 53318 459230 221300 12701 208599 237930 159206 50196 78724 19624 178111 2451 67311 51547 49240 46060 25703 5677 3932 20026 18204 16388 982 809 393 31402 23370 40983 1231 1016 170436
is_linear=0
shrinkage=0.1


Tree=95
num_leaves=63
num_cat=0
split_feature=31 18 7 3 3 7 31 9 19 21 0 29 14 7 7 10 3 26 31 41 13 3 34 18 37 8 13 19 26 34 18 42 43 20 24 37 2 19 31 0 38 21 29 5 17 24 42 31 24 10 2 21 42 14 20 30 38 20 18 43 29 14
split_gain=25.1529 18.1085 36.4182 46.5898 200.308 17.5855 20.0101 99.1746 116.8 79.3631 65.6212 65.066 41.3831 40.3074 40.0924 50.1252 79.9046 38.3131 38.2456 36.6664 35.9043 37.1118 30.8684 29.5843 27.803 24.7166 24.2726 26.5576 23.7968 31.4409 73.4094 31.2574 56.0357 28.9199 40.1697 23.268 78.0174 62.721 55.54 58.502 49.2361 40.7502 37.4326 36.2083 34.9568 55.121 34.4752 32.4596 31.78 31.4719 31.2405 40.5267 40.4165 37.6974 57.4765 49.484 52.0316 37.5184 58.6693 33.973 48.16 101.872
threshold=-0.55556675791740406 1.0000000180025095e-35 1.0000000180025095e-35 51.500000000000007 36.500000000000007 51.500000000000007 -0.094046041369438158 46.247655868530281 92.545253753662124 0.2709790319204331 0.63378906250000011 1.0000000180025095e-35 0.58571431040763866 1.0000000180025095e-35 2.5000000000000004 96.824596405029311 39.500000000000007 0.19090909510850909 -0.15282650291919705 0.6904762089252473 91.945945739746108 24.500000000000004 13.500000000000002 82.548908233642592 -9.2696075439453107 13.500000000000002 87.226108551025405 97.68778228759767 0.44949495792388922 3.5000000000000004 91.905540466308608 0.26344709098339086 0.91693201661109935 86.284465789794936 5.5000000000000009 -55.555555343627923 0.4407906979322434 64.01581192016603 0.29153905808925634 0.60060089826583873 24.500000000000004 0.98275861144065868 1.0000000180025095e-35 1.0000000180025095e-35 11.500000000000002 6.5000000000000009 0.37573529779911047 -0.051063805818557732 6.5000000000000009 43.792808532714851 0.69381573796272289 0.70710784196853649 0.3931498676538468 0.44949495792388922 98.219570159912124 1.0000000180025095e-35 25.500000000000004 97.309360504150405 94.349296569824233 0.51445278525352489 1.0000000180025095e-35 0.84523808956146251
decision_type=8 2 2 2 2 2 8 2 2 2 2 2 2 2 2 2 2 2 10 8 2 2 2 2 2 2 2 2 2 2 2 2 10 2 2 2 2 2 8 2 2 2 2 2 2 2 2 10 2 2 2 2 2 2 2 2 2 2 2 10 2 2
left_child=1 2 3 4 -1 6 7 8 28 11 18 12 19 25 15 20 -17 -13 -11 -9 21 22 -14 -12 -24 -10 27 -20 -2 30 31 32 33 -30 -35 36 37 -8 39 41 47 42 -38 49 50 -46 -40 -39 -45 -41 51 57 -52 55 -55 -53 -57 -37 -59 -54 61 -61
right_child=5 -3 -4 -5 -6 -7 35 9 13 10 23 17 14 -15 -16 16 -18 -19 26 -21 -22 -23 24 -25 -26 -27 -28 -29 29 -31 -32 -33 -34 34 -36 44 38 40 46 43 -42 -43 -44 48 45 -47 -48 -49 -50 -51 52 53 59 54 -56 56 -58 58 -60 60 -62 -63
leaf_value=-0.10014205468756601 -0.087270904577508704 -0.1045737544320397 -0.0066299645154729615 -0.1001666632043456 9.5352586878062908 -0.015168595078637232 -0.049424315145556022 0.079501186930473561 0.0088437410509181538 0.082665542908836376 0.037744136038410932 -0.067005532995659103 -0.035226139556475904 -0.10635888857838277 0.0062026856854575062 0.054919672173011962 0.29180856462801996 0.077307990169670521 0.074149244696538649 -0.034160666768350265 -0.04462957204829153 -0.001743910012827452 0.057887248727449464 -0.099308747244175127 0.24441324983658524 0.2535766203065376 -0.007410320136451729 -0.0014830858264291106 0.16435694799766087 -0.032815271162935165 4.3197718328653609 -0.044722506234410452 2.9458670035890502 2.922889748700304 -0.10074056493004845 -0.0018103192640097653 -0.017073382656957372 0.0088944745413741221 0.042386178070131543 -0.055124427315695862 0.0099611904052106758 0.051981142899109593 0.021577972662362742 -0.038519659865193588 0.0076891045305120358 -0.031262422015098296 -0.0007230086204269851 0.068671085637269216 0.013182722027697264 0.054890349808767225 -0.014288564395231504 -0.0066878481847498644 -0.0093847197261767365 -0.0085155470322206325 0.051258892839772044 -0.052857349444113792 0.0046499479951979507 -0.017893143658995428 0.070307887393320709 0.0098598997572471609 0.0026096985825903745 0.066568353008860104
leaf_weight=0.070269986143105423 251.91543820121751 39.514078630375479 24.34372091795376 0.11205171412439086 0.031134874996496364 749.51806245876651 89.555896372647112 31.26959893941239 477.85530068817388 268.77397437623949 24.867016443473403 166.1196087115386 35.795218245957585 31.181150872924263 2284.987307896994 233.97781711539938 15.161788011901079 20.687398509477134 150.46330870783277 307.31183212323413 83.929974986527668 253.89091942599771 229.41963824366758 42.960007011941343 8.2796100932137033 4.1626524138573577 106.72053648362635 67.146192252752371 0.75011662813267299 59.73610556147014 0.045241223695484112 1.4457156171047243 0.098408181067497935 0.099084597022738308 0.078945708251922042 16582.081462776016 652.33196103972659 113.56341703514045 393.74272067274433 430.14647484747547 373.56499864712168 159.56717306964856 406.83204254724478 209.96557609600859 597.32579576149874 927.29976375222031 350.7756103342399 454.00433637268361 274.07138425902303 27.675853610577178 1327.467627656184 915.63100396513619 1736.1357919799848 1629.8619972045417 178.47965025174199 690.72647986623633 203.74198176381469 129.88896599462169 179.8272430180732 2491.0461708379007 11922.497866760728 362.93493354205566
leaf_count=144 1534381 1275175 8001 81 18 86542 89203 2178 175816 49150 661 339439 3519 168006 109745 4024 284 4909 5236 152252 4837 26816 16436 1624 493 3244 1755 1151 685 168407 65 2185 75 27 94 334612 27561 30609 8747 15476 103854 3339 60018 6133 31580 28280 7136 35841 8948 497 31976 15636 27088 42136 9188 17065 5122 2155 2489 137786 140786 264532
internal_value=-4.77143e-05 -0.0626633 0.00477336 1.30527 2.85827 3.29757e-05 0.000265646 0.00615628 -0.0255682 0.0122157 0.044115 0.00647222 0.00955506 0.00382929 0.0131308 0.0315287 0.0693359 -0.051024 0.0547706 -0.0236635 0.0161204 0.0257884 0.0513473 -0.0490619 0.0643844 0.0109572 0.0316539 0.0508119 -0.0735894 -0.018226 0.327951 0.254903 0.67687 0.436296 1.58209 -0.000428031 0.00690736 0.0305446 -0.00147878 -0.00959537 0.0381542 0.0048703 -0.00222714 -0.0283134 -0.00115206 -0.0160018 0.0220755 0.0567105 -0.00924474 -0.0484739 -0.000561705 -0.00322358 0.00249858 -0.0128278 -0.00261593 -0.0230298 -0.0397583 -0.00116623 0.0333181 0.00384811 0.00540288 0.0170714
internal_weight=49783.5 64.0713 24.5572 0.213457 0.101405 49719.4 48969.9 5159.13 827.368 4331.76 660.931 3670.83 3484.02 513.199 3145.44 860.455 249.14 186.807 593.104 338.581 611.315 527.385 273.494 67.827 237.699 482.018 324.33 217.61 314.169 62.2536 2.51751 2.47227 1.02656 0.928147 0.17803 43810.7 3935.8 1030.69 2905.11 2160.59 941.133 1218.73 1059.16 941.859 39874.9 1524.63 744.518 567.568 484.037 457.822 38350.3 20510.2 17840.1 3618.44 1808.34 1810.1 894.468 16891.8 309.716 16512.6 14776.5 2853.98
internal_count=5635248 1283419 8244 243 162 4351829 4265287 2777494 2052985 724509 59577 664932 320584 347066 166154 56409 4308 344348 57292 154430 52101 47264 20448 2285 16929 179060 8142 6387 1705919 171538 3131 3066 881 806 121 1487793 397362 259507 137855 121972 170304 90918 87579 31054 1090431 59860 15883 66450 15081 15973 1030571 428403 602168 89147 51324 37823 22187 339256 4644 570192 543104 402318
is_linear=0
shrinkage=0.1


Tree=96
num_leaves=63
num_cat=0
split_feature=31 7 3 24 3 31 24 8 19 40 21 33 19 35 33 31 2 25 42 43 29 27 36 42 12 9 12 12 41 13 9 42 12 13 37 37 33 41 2 12 31 10 41 13 11 12 36 13 8 31 31 1 2 21 19 7 13 43 12 25 3 29
split_gain=45.1386 22.7544 36.6172 55.0357 57.9192 31.3465 17.5389 21.3309 19.0948 48.9247 29.8826 23.6302 24.8191 18.3291 29.3621 22.1432 39.0962 21.0389 20.4939 19.8371 16.6833 16.5755 16.2464 17.021 38.2761 28.5051 45.2101 41.0683 31.2333 29.1122 41.4125 26.8092 25.7989 26.4329 32.6459 25.7337 24.0414 22.3857 21.2281 21.4294 35.5524 39.388 20.3099 57.3356 39.2113 50.9126 37.2107 49.447 46.3061 36.463 37.7534 38.4388 70.7292 31.4668 34.9698 30.6567 29.7748 29.2275 27.2971 24.1091 23.8998 41.4221
threshold=-0.55556675791740406 32.500000000000007 36.500000000000007 10.500000000000002 37.500000000000007 -0.56292754411697377 4.5000000000000009 29.500000000000004 96.677703857421889 1.0000000180025095e-35 0.58957219123840343 -18.740179061889645 86.576263427734389 5.8914871215820321 -66.666667938232408 -0.031939744949340813 0.84802827239036571 4.5000000000000009 0.26138715445995336 0.85628226399421703 1.0000000180025095e-35 6.5000000000000009 99.500000000000014 0.18321678787469867 35.948717117309577 27.639257431030277 51.471860885620124 43.951219558715827 0.88194444775581371 27.072835922241214 25.176055908203129 0.45512083172798162 42.967033386230476 29.818989753723148 -67.996875762939439 -80.93202972412108 -82.532417297363267 1.0000000180025095e-35 0.279318317770958 42.740047454833991 0.0037422329187393193 37.884435653686531 0.86607143282890331 99.206348419189467 43.27110671997071 65.419578552246108 10.500000000000002 42.462121963500984 5.5000000000000009 -0.094046041369438158 0.023559764027595523 3.5000000000000004 0.67713329195976268 0.82480818033218395 98.598102569580092 7.5000000000000009 35.388994216918952 0.7309018373489381 78.629974365234389 8.5000000000000018 6.5000000000000009 1.0000000180025095e-35
decision_type=8 2 2 2 2 8 2 2 2 8 2 2 2 2 2 10 2 2 2 10 2 2 2 2 2 2 2 2 8 2 2 2 2 2 2 2 2 8 2 2 10 2 10 2 2 2 2 2 2 8 8 2 2 2 2 2 2 8 2 2 2 2
left_child=1 2 -1 -4 -5 -6 7 8 10 -10 -2 -12 -13 21 15 16 -15 -16 -18 -19 -11 22 23 -8 31 26 29 32 -28 30 -26 35 33 -27 37 -25 -29 38 39 -35 41 -41 43 46 45 56 47 -38 -48 59 57 52 -52 54 -46 -56 -44 58 -51 -49 -55 -62
right_child=6 -3 3 4 5 -7 13 -9 9 20 11 12 -14 14 17 -17 18 19 -20 -21 -22 -23 -24 24 25 27 28 36 -30 -31 -32 -33 -34 34 -36 -37 42 -39 -40 40 -42 -43 44 -45 53 -47 48 49 -50 50 51 -53 -54 60 55 -57 -58 -59 -60 -61 61 -63
leaf_value=-0.09997550991489948 -0.001898302333029349 -0.0052697602843083174 -0.17677713155772481 -2.9904166130426706 -0.60102043940032257 -2.8034160342147292 0.01313925990067652 -0.11197510036984287 0.087776304296107388 0.0073443142564998207 0.01910462976996179 0.060386661329437277 -0.056269280068683127 0.18405014575225159 0.076854830006646641 0.043340219689529461 1.9293031737088435 -0.046174767820691631 0.59992849429974993 0.001054617197668398 -0.053787070958843844 -0.090402525290664726 -0.059423989524562432 0.01989490208457911 0.030914256799417835 -0.058188974694984089 -0.097418389104603265 0.24393444149150079 0.018012505999228344 0.070963552255778301 -0.065977724614480066 -0.11150421503671742 -0.085063479529124991 0.12455261660784576 -0.026183043152093067 -0.025317049213500139 0.034330405922013522 -0.05373222303260599 0.03189003099713271 0.11878120783376077 1.7204510168329836 2.4642726718564494 -0.017762557540058684 0.10115609600006695 0.00024546459400559415 0.074532354091932193 -0.025629799480344186 0.051956259663832029 0.003922858072461303 -0.011472638007069602 -0.020425783164569583 0.017053983290717722 0.010480497326982269 -0.013990749176488607 0.024058865787566421 -0.11621963357191448 -0.10040249438397619 -0.013918282658961004 0.073077121092976607 -0.027719536936046715 0.029779759370793909 -0.025301210754074172
leaf_weight=35.191080868976314 539.40549220555567 22.303696234479503 2.6700741936274421 0.13018745237695828 0.95112169692492898 0.069335792288256703 1058.3872242626458 20.89339211141214 66.361886770946512 154.41151949959385 60.069022220803163 19.40984320739517 302.03553232058766 3.6316343457438078 18.972322343217456 22.090921104565496 0.19652039266838972 274.65433580694662 0.28291005329083418 131.51482981500521 62.799359041262505 20.04907684646605 45.137324615403486 154.06104026044977 351.83947455797443 128.10829193763493 49.218988027332671 4.0659593590316936 44.7564978788796 145.49876550008594 50.435278568717877 31.161301622270912 62.962755345812184 12.473953387056095 312.68064072405832 688.5080466250065 616.6572918086531 27.690700211598596 126.88943539774664 0.88483681555771976 0.21890135115245357 0.077900589687487809 77.31412725323753 61.105101275548805 29889.828450331104 31.005537774748518 861.0793604006285 245.85779025550983 1379.8380184021826 74.326997374737402 1092.9146492961445 2400.0195723502256 2296.1324018910527 2515.9102764485542 793.8789705918316 15.890958647396472 99.975217500490544 1513.6648931782984 78.528031758141879 44.915900978212449 354.72696406427713 221.95994943054393
leaf_count=1188942 75817 3115 82011 526 8610 215 213738 2034 2241 14150 12573 463 3557 484 1023 404 39 7344 81 5973 1639 926 94274 59311 131489 184728 4197 280 13941 70503 44551 10858 69052 7391 338011 528045 42813 93741 14403 626 23 49 142356 23214 1270239 5042 90653 21804 62966 2472 20487 45122 69724 209050 49732 1323 192325 19413 2435 5314 64210 3176
internal_value=-8.93693e-05 -0.0858368 -0.131898 -0.425926 -1.00408 -0.750664 1.65091e-05 -0.0117986 -0.0100609 0.012629 -0.0170477 -0.0384668 -0.0492252 0.000315446 -0.0197424 0.0829976 0.296098 -0.0260743 1.14484 -0.0308822 -0.0103298 0.000504125 0.000542127 0.000598617 0.000315354 0.000709325 0.0216373 0.000413118 -0.0424436 0.0326309 0.0187664 -0.0204189 -0.0241244 -0.0178243 -0.00707184 -0.0170502 0.000782248 0.028448 0.0446394 0.163108 0.570123 0.308568 0.000760114 0.00456752 -0.000434167 -0.0436887 0.00401093 0.00707735 -0.00743284 0.00490784 0.00355292 0.00737094 0.000513705 -0.000167546 0.000800984 0.021306 -0.064364 -0.0097099 0.0319641 0.0396487 -0.00978195 0.00857975
internal_weight=49718.7 61.3155 39.0118 3.82072 1.15064 1.02046 49657.4 1225.39 1204.49 283.573 920.92 381.514 321.445 48432 451.343 26.202 4.11106 425.141 0.47943 406.169 217.211 47980.6 47960.6 47915.5 46857.1 45983.3 641.749 45341.6 93.9755 547.774 402.275 873.73 671.987 609.025 480.916 842.569 44669.6 168.236 140.545 13.6556 1.18164 0.962737 44665.5 10665 34000.5 208.295 10603.9 8363.02 2240.92 7746.36 7455.59 5789.07 3389.05 33792.2 30699.6 809.77 177.289 1666.52 152.855 290.774 3092.6 576.687
internal_count=5635248 1283419 1280304 91362 9351 8825 4351829 112474 110440 18030 92410 16593 4020 4239355 15348 1008 604 14340 120 13317 15789 4224007 4223081 4128807 3915069 3316855 264681 3052174 18138 246543 176040 598214 708024 638972 454244 587356 2344150 116233 22492 8089 698 675 2343870 406417 1937453 339723 383203 229584 153619 186771 159653 135333 90211 1597730 1321294 51055 334681 24320 4907 27118 276436 67386
is_linear=0
shrinkage=0.1


Tree=97
num_leaves=63
num_cat=0
split_feature=31 7 29 31 37 43 42 3 17 43 36 13 38 41 10 19 7 7 10 24 17 14 17 40 14 17 24 10 17 27 42 31 0 31 3 14 0 31 1 39 7 14 21 36 7 38 3 24 24 3 0 37 31 38 14 8 20 40 21 14 32 36
split_gain=35.9469 19.1393 16.649 20.2143 16.0253 26.5274 25.7795 19.423 15.0774 34.118 35.4195 43.5932 40.1889 25.708 25.4922 22.634 38.0832 37.9201 30.6996 25.2477 37.5544 56.6073 35.2019 49.5982 29.5878 28.3671 32.5355 28.4979 29.6332 25.368 25.163 23.8797 23.1022 23.0461 27.4637 26.6674 20.6146 28.1344 20.5633 21.0165 20.5089 45.8915 38.8372 100.837 94.3803 65.5901 57.0312 51.85 46.0106 43.1293 36.665 61.1994 48.2215 32.018 31.9582 31.9065 30.9249 30.8029 30.2885 29.5799 40.721 32.8973
threshold=-0.55556675791740406 32.500000000000007 2.5000000000000004 0.023559764027595523 15.735805511474611 0.99760764837265026 0.43951219320297247 7.5000000000000009 8.5000000000000018 0.8302990496158601 18.500000000000004 23.629112243652347 23.500000000000004 0.86607143282890331 16.784037590026859 83.893524169921889 1.5000000000000002 1.0000000180025095e-35 81.375640869140639 5.5000000000000009 10.500000000000002 0.64583334326744091 15.500000000000002 1.0000000180025095e-35 0.93750000000000011 9.5000000000000018 8.5000000000000018 48.52813911437989 19.500000000000004 2.5000000000000004 0.99382716417312633 0.46029131114482885 0.82171362638473522 -0.19790396094322202 17.500000000000004 0.64583334326744091 0.76043426990509044 0.33672162890434271 5.5000000000000009 1.0000000180025095e-35 1.5000000000000002 0.64583334326744091 0.41885964572429663 3.5000000000000004 1.0000000180025095e-35 22.500000000000004 7.5000000000000009 5.5000000000000009 8.5000000000000018 7.5000000000000009 0.47759336233139044 -51.721313476562493 -0.13284322619438169 29.500000000000004 0.58571431040763866 7.5000000000000009 40.125785827636726 1.0000000180025095e-35 0.82480818033218395 0.44949495792388922 4.5000000000000009 3.5000000000000004
decision_type=8 2 2 10 2 10 2 2 2 8 2 2 2 8 2 2 2 2 2 2 2 2 2 8 2 2 2 2 2 2 2 10 2 8 2 2 2 8 2 10 2 2 2 2 2 2 2 2 2 2 2 2 8 2 2 2 2 8 2 2 2 2
left_child=1 -1 4 -4 8 6 7 -6 40 13 11 -11 -12 -10 -13 17 18 33 19 20 -17 -22 23 31 25 32 29 28 -28 -27 -18 -23 -21 35 -35 -16 38 -38 39 -14 42 -42 43 48 46 49 47 54 -2 50 51 -44 -53 -49 -45 -50 -57 -48 -52 60 -54 -61
right_child=2 -3 3 -5 5 -7 -8 -9 9 10 12 14 36 -15 15 16 30 -19 -20 24 21 22 -24 -25 -26 26 27 -29 -30 -31 -32 -33 -34 34 -36 -37 37 -39 -40 -41 41 -43 45 44 -46 -47 57 53 55 -51 58 52 59 -55 -56 56 -58 -59 -60 61 -62 -63
leaf_value=-0.12235923170328976 0.016319867790790091 -0.0047679104105282141 -0.079056939649736743 -0.010070500347902085 -0.051920513702549465 -0.056106683765041292 0.0084480896465149672 0.031027152687769489 -0.0060753544652400911 -0.063123123252350991 0.035775988211463092 0.1123156926357327 0.024805425311714369 -0.039474993359417128 -0.022146525972002409 -0.008662534995677108 -0.067188711217990235 -0.03414471323802553 -0.033353126631961348 -0.0021194755591796145 0.012062806078999969 0.22212566692032554 -0.043983250932030107 0.034681184169331837 0.065379800323948467 0.0004454542431393605 -0.0017454312811947495 -0.042416714300046364 -0.098517774577776246 -0.078325837750786109 0.26074287418623493 -0.03519924607481946 0.042368792234239568 0.02736328479122906 -0.01398827595051646 0.18011764363452365 -0.086885204726419432 0.075276037942231422 -0.013305639643854592 0.48050080735076528 -0.058971862208419004 -0.0019970199521745311 0.027918031563159765 -0.032416738560730331 -0.066773872858674588 0.0071541593937644718 -0.07258546562761789 0.02633052095455303 0.048370413540380901 0.016715354233710501 0.0014592234190119388 0.075467012378139686 -0.0585528454686755 -0.0091611675775411169 0.013455936190511079 -0.54240217644892463 -0.04908336560822233 -0.010717910982243176 -0.010173465682256393 -0.02367013080245994 -0.019386557345857088 0.0023017338948341302
leaf_weight=36.782312007639803 1731.9749693976437 22.192320728772756 55.980965823466249 176.04972690784052 151.90700037513307 127.28648580587469 403.32720963322208 34.673347078503866 489.60416185142094 124.51723574612515 506.35050005908124 19.021642596466336 223.48730907195932 435.38967652398514 10.176499228828108 406.35149444714079 3.2077894311987594 162.4011781549616 411.7433032993722 703.52410201673774 250.9214467641068 40.491552996682003 13.487288229865952 31.172755077597685 52.849377290287521 905.21327146209478 409.27210646800813 620.79125664497769 34.294350723917887 42.817508459478631 8.6483559815205808 3.9589278176426879 139.94278353726259 563.65697047958747 224.61377263358372 18.133781786040345 53.980088662283379 13.343761024123522 294.57616063387559 1.0166775202960696 143.3806261230875 10096.287339527962 324.04482649303645 362.2689023230605 205.31213258373737 9476.0280117714847 87.086004879403845 1490.3945086569393 719.88207781912206 996.6276136805991 7751.3354821862722 54.699406340692803 379.41341713377915 306.44192793048751 261.4950093847583 1.6624820188699221 5.3926211798425356 1060.2238734718394 3147.0481796351305 1042.9148593894206 883.82600297496538 916.100245220121
leaf_count=1280304 43140 3115 143859 5615 2765 4963 8377 887 201222 33285 51061 1370 16375 469471 11010 24427 12374 48812 19179 31016 36053 506 529 2987 1369 75096 26507 16926 2963 1495 476 51 5553 13912 12719 2858 2250 792 116137 265 200099 480442 100722 123735 305749 569108 112593 173543 19028 177492 162399 5706 5450 101287 20967 55 145 109664 191818 12802 15746 14627
internal_value=-8.31344e-05 -0.0781093 9.61662e-06 -0.0267145 0.00013519 -0.0147039 -0.00577028 -0.0365059 0.000353889 -0.00386363 -0.00122814 -0.00466664 0.0151381 -0.0217964 -0.00323286 -0.00366743 -0.00694486 0.00998715 -0.00746659 -0.00455049 0.0118566 0.0363777 0.104845 0.131388 -0.0087606 -0.0101326 -0.016585 -0.0285852 -0.00922739 -0.00311223 0.172018 0.199207 0.00526174 0.0187641 0.0155804 0.107411 -0.00268231 -0.0547444 0.00407006 0.0268691 0.00108852 -0.00279481 0.00236284 0.00942481 -0.0008437 0.000600425 0.00295019 0.0116544 0.0251819 -0.00340728 -0.00479042 -0.0135387 -0.0176381 0.0202776 -0.0131859 0.0462964 -0.16533 -0.0154139 -0.00189986 -0.0192187 -0.0311501 -0.0115248
internal_weight=49671 58.9746 49612 232.031 49380 717.194 589.908 186.58 48662.8 7218.96 6293.96 5201.21 1092.75 924.994 5076.69 5057.67 4078.69 978.982 4066.83 3655.09 746.383 340.032 89.1105 75.6232 2908.7 2855.86 2012.39 1064.36 443.566 948.031 11.8561 44.4505 843.467 816.581 788.271 28.3103 586.404 67.3238 519.08 224.504 41443.8 10239.7 31204.2 6232.13 3773.22 24972 3567.91 2420.6 2458.91 15496 14499.4 3601 3276.95 1796.84 623.764 726.937 7.0551 1147.31 10898.4 3222.25 1263.24 1959.02
internal_count=5635248 1283419 4351829 149474 4202355 16992 12029 3652 4185363 1239046 568353 381473 186880 670693 348188 346818 257507 89311 244657 225478 64553 40126 4073 3544 160925 159556 122987 46396 29470 76591 12850 557 36569 40499 26631 13868 135819 3042 132777 16640 2946317 680541 2265776 1009906 947538 1255870 641789 419532 62368 686762 509270 155053 54331 274830 144702 19228 200 222257 354217 48625 21196 27429
is_linear=0
shrinkage=0.1


Tree=98
num_leaves=63
num_cat=0
split_feature=31 13 43 21 24 8 20 18 3 18 25 25 24 24 26 21 29 30 40 21 29 43 21 20 18 24 29 30 24 19 19 24 26 14 36 29 31 2 26 14 21 30 18 11 38 37 28 31 18 31 0 20 30 37 26 40 42 20 0 2 3 18
split_gain=31.4391 18.1091 14.4669 25.7588 17.1899 14.243 14.3049 64.1154 37.4841 42.7142 31.9082 38.864 62.4739 55.9223 58.4047 45.8401 45.6268 189.722 88.6665 34.7529 33.7287 31.1772 58.73 48.1465 29.7689 39.8735 31.1207 44.4531 42.9784 32.1024 31.151 47.5445 38.1637 29.4914 28.9673 28.9154 28.734 48.7435 35.1607 33.1458 27.2607 50.7149 39.2826 37.6442 26.7966 37.8999 26.3168 25.8684 37.3681 25.5884 27.8136 25.4979 24.804 24.5943 24.4595 24.1129 42.0142 24.0727 23.7279 23.6777 23.2905 22.8764
threshold=-0.55556675791740406 94.201679229736342 0.32926285266876226 0.048809524625539787 6.5000000000000009 81.000000000000014 85.212245941162124 38.972045898437507 10.500000000000002 80.778705596923842 10.500000000000002 6.5000000000000009 6.5000000000000009 8.5000000000000018 0.13392857462167743 0.21980676054954532 1.0000000180025095e-35 1.0000000180025095e-35 1.0000000180025095e-35 0.30901856720447546 1.5000000000000002 0.54295173287391674 0.19139194488525393 64.022472381591811 83.448474884033217 8.5000000000000018 1.0000000180025095e-35 1.0000000180025095e-35 8.5000000000000018 88.251724243164077 94.925979614257827 10.500000000000002 -1.0000000180025095e-35 0.31666667759418493 2.5000000000000004 1.5000000000000002 -0.080336645245552049 0.42466525733470922 0.23611111193895343 0.58571431040763866 0.70710784196853649 1.0000000180025095e-35 86.876968383789077 99.275363922119155 20.500000000000004 -62.787393569946282 1.0000000180025095e-35 0.32211133837699896 26.719160079956058 -0.0069816559553146354 0.34243170917034155 68.77500152587892 1.0000000180025095e-35 -6.6612110137939444 0.26136364042758947 1.0000000180025095e-35 0.94201681017875682 82.940685272216811 0.72551110386848461 0.51704710721969616 17.500000000000004 51.871871948242195
decision_type=8 2 8 2 2 2 2 2 2 2 2 2 2 2 2 2 2 2 8 2 2 8 2 2 2 2 2 2 2 2 2 2 2 2 2 2 10 2 2 2 2 2 2 2 2 2 2 10 2 8 2 2 2 2 2 10 2 2 2 2 2 2
left_child=1 -1 3 -2 -5 6 10 -8 44 55 11 13 15 21 19 -13 18 20 -16 -15 -18 22 23 -4 26 52 -14 30 29 33 31 -28 -32 -29 -20 57 37 38 39 60 41 42 -17 46 45 -9 -43 -38 -49 50 -46 -34 -26 -36 -31 56 -10 -12 -11 -47 -23 -58
right_child=2 -3 5 4 -6 -7 7 8 9 58 35 12 24 14 16 40 17 -19 34 -21 -22 36 -24 -25 25 -27 27 28 -30 54 32 -33 51 -35 53 -37 47 -39 -40 -41 -42 43 -44 -45 49 59 -48 48 -50 -51 -52 -53 -54 -55 -56 -57 61 -59 -60 -61 -62 -63
leaf_value=-0.12963512936845847 -0.092637609470292356 -0.014919047020269513 -0.087697916384621225 -0.066704897417398809 0.020992038207382976 -0.083717296708996775 -0.066945373191539648 0.020270165600248469 -0.070045512020583123 0.027418248687046173 -0.020175117138544668 -0.077142814463359521 0.021193882892592518 0.0014967454288200622 -0.078633383688655314 0.021154840630232 0.11067800461810316 -0.064234513151285463 0.08722651901532992 0.047029197995320272 0.0054220115722859391 -0.01532247897201581 0.014737583575670175 0.11744209633310557 0.022938332076773288 -0.029418437122146809 -0.0016929272835658105 -0.094035151143153181 -0.098030276059849056 0.1369665125221313 -0.069278464284283789 0.044965315083567069 -0.049848508414194838 0.077625316198097483 0.024055318646442093 -0.065831698365300631 -0.0055432402745622354 0.016471101021579528 0.043365636436002629 -0.0024767006583887238 -0.015064039072514083 0.015577551084565218 0.14142387347390822 0.11224600522171212 0.0072016941635839327 -0.021772383095813877 0.10708857141151114 0.069347871424894195 0.0048473627410919413 0.0016882674196537825 -0.025614871466141012 0.0042511768617174454 0.10483222996840165 -0.16630978753789621 -0.063134949561264128 0.03405752973195663 -0.098367953315048107 0.023163310810711549 0.0029500157545865532 -0.0060895099767737226 -0.066235258546257655 0.066135717637556143
leaf_weight=29.157823611089555 46.619465110460624 26.059644574184404 158.07766435030408 31.223740536080186 78.659735950464892 20.265803223992407 148.99116459647485 496.52787281793462 145.17394081152997 1031.3909976877731 557.3826301244253 40.815790089741313 535.82265844018184 2599.1370667363735 85.926148523726624 1041.1848577269257 263.33883037674332 94.323258874914245 79.254084358402906 179.18542940363113 34.424059947024944 215.51240669133131 138.99455154300267 12.333648672676643 69.283693366291118 60.903612766878723 987.94503683316361 12.541260846932344 95.523380737622574 6.5588127615737895 119.70273308245305 280.37518180173174 109.53255258442732 49.55030383754638 345.4067836576105 107.31934085406101 10136.938258413531 2064.5183366312094 132.38348318135195 1254.8075242501991 121.66328801829331 119.81530438631307 27.8850087351002 127.06371059047524 399.70249114135095 1109.4162887875209 42.59881408923502 99.104284406115767 958.80646111958777 13001.756859042638 729.8856175206347 425.74732463202236 79.333661070402741 6.9227499569824422 89.005699916677258 52.498514787401291 10.529994017466377 166.44007680951199 643.66569167392663 7279.3081644797112 154.09837011511263 42.867629904383648
leaf_count=1206948 186574 76471 243677 8800 11343 6687 11165 82048 130106 137745 72748 81103 72720 165960 13305 84788 8350 3407 6955 16507 2222 436921 57266 2515 2219 3308 201920 4679 7980 135 1163 72934 2365 730 26417 87596 280503 280759 79375 94983 7106 8040 320 7136 119431 32650 2985 4115 53298 381613 203225 10198 2913 338 2191 4642 161 8741 42730 235841 233117 1060
internal_value=-8.0895e-05 -0.0754954 3.13516e-06 -0.0303526 -0.00392733 9.93053e-05 0.000133705 -0.00154084 -0.00115016 0.0122506 0.0018637 0.00254599 0.0109666 0.000578357 0.0116339 0.0274019 0.0336277 0.0593585 0.014133 0.00443332 0.0985095 -0.00208202 -0.0335034 -0.0728508 0.00241082 0.0387278 -0.000394611 -0.00570943 -0.0450991 -0.0130283 -0.000524249 0.00862136 -0.018234 0.0429533 0.0326023 -0.0173917 -0.00143459 0.00605264 -0.00619069 -0.0102293 0.0302846 0.0343458 0.0242919 0.0714758 -0.00227159 -0.00657464 0.0395795 -0.00399033 0.0108897 0.000434003 -0.0140028 -0.00681906 0.0666542 0.0203149 -0.0494015 -0.026214 -0.0421486 -0.0102096 0.018016 -0.00816358 -0.0365491 0.0336956
internal_weight=49611.2 55.2175 49556 156.503 109.883 49399.5 49379.2 25091.7 24942.7 1926.13 24287.5 23456.3 4442.85 19013.5 3687.92 1521.03 909.596 392.086 517.51 2778.32 297.763 15325.6 309.406 170.411 2921.83 209.521 2712.3 2176.48 253.179 157.656 1923.3 1268.32 654.983 62.0916 431.584 831.142 15016.2 3821.32 1756.8 1624.42 1480.21 1358.55 1069.07 289.478 23016.6 8885.25 162.414 11194.8 1057.91 14131.3 1129.59 535.28 148.617 352.33 95.5645 251.07 198.572 723.823 1675.06 8388.72 369.611 53.3976
internal_count=5635248 1283419 4351829 206717 20143 4145112 4138425 1382417 1371252 316444 2756008 2586923 576933 2009990 243461 191478 60994 13979 47015 182467 10572 1766529 303458 246192 385455 8440 377015 304295 15715 7735 288580 274854 13726 5409 33710 169085 1463071 1125155 844396 765021 110375 103269 85108 18161 1054808 350539 11025 337916 57413 704269 322656 12563 5132 26755 2326 135969 131327 81489 180475 268491 670038 1221
is_linear=0
shrinkage=0.1


Tree=99
num_leaves=63
num_cat=0
split_feature=31 13 12 9 13 9 13 38 12 10 17 12 13 36 31 21 0 12 29 45 1 26 2 24 43 32 14 13 38 9 35 13 41 20 12 33 14 24 1 34 34 24 17 17 41 1 41 12 12 38 38 10 31 9 12 13 9 41 13 25 31 13
split_gain=27.389 17.7534 14.9206 44.6002 26.1749 26.0044 50.9059 43.4007 37.5231 26.1755 25.8805 36.0269 29.9618 34.9622 28.6223 52.5642 52.0411 51.5115 49.9676 29.2657 28.5033 27.2636 26.2394 38.5989 39.1214 30.8286 33.9512 33.2692 27.6478 25.6392 25.545 25.4844 25.3054 25.6851 33.9618 24.5439 24.4742 28.1133 24.0779 23.5836 23.5361 24.9782 22.9537 33.9112 33.3611 23.1762 22.0891 21.8346 21.2161 20.8599 26.6175 24.1997 20.3467 20.6357 20.2996 20.8565 21.1403 21.7761 20.2865 20.2373 22.2955 23.8352
threshold=-0.55556675791740406 94.201679229736342 35.948717117309577 19.139194488525394 20.601238250732425 27.639257431030277 17.712418556213382 22.500000000000004 43.951219558715827 16.784037590026859 18.500000000000004 81.53021621704103 40.270269393920906 12.500000000000002 -0.11205047369003295 0.2709790319204331 0.45672771334648138 53.907203674316413 1.0000000180025095e-35 0.80163815617561351 3.5000000000000004 0.19090909510850909 0.47389775514602667 9.5000000000000018 0.59280791878700267 3.5000000000000004 0.31666667759418493 88.273490905761733 49.500000000000007 86.526824951171889 3.2283477783203129 21.164613723754886 0.63333335518836986 76.376262664794936 87.226108551025405 -58.297101974487298 0.58571431040763866 16.500000000000004 3.5000000000000004 5.5000000000000009 12.500000000000002 3.5000000000000004 14.500000000000002 9.5000000000000018 0.53571429848670971 19.500000000000004 1.0000000180025095e-35 51.471860885620124 46.737588882446296 63.500000000000007 64.500000000000014 37.248718261718757 -0.075651429593563066 32.049383163452156 42.967033386230476 29.818989753723148 32.049383163452156 0.18333333730697635 83.75235748291017 8.5000000000000018 -0.15282650291919705 86.72955703735353
decision_type=8 2 2 2 2 2 2 2 2 2 2 2 2 2 8 2 2 2 2 2 2 2 2 2 8 2 2 2 2 2 2 2 10 2 2 2 2 2 2 2 2 2 2 2 10 2 8 2 2 2 2 2 10 2 2 2 2 10 2 2 10 2
left_child=1 -1 3 31 -5 6 48 9 39 -8 12 46 13 42 15 18 17 -17 20 -18 -14 -20 23 25 -25 -16 27 29 -26 32 -24 -2 33 -27 -35 -13 37 -22 -33 54 -38 -42 43 45 -44 -10 -12 -9 -4 51 -51 -40 -15 -54 55 -7 57 -57 -34 60 -19 -62
right_child=2 -3 5 4 -6 8 7 47 10 -11 11 35 14 52 22 16 19 59 21 -21 36 -23 30 24 28 26 -28 -29 -30 -31 -32 38 58 34 -36 -37 40 -39 49 -41 41 -43 44 -45 -46 -47 -48 -49 -50 50 -52 -53 53 -55 -56 56 -58 -59 -60 -61 61 -63
leaf_value=-0.13062413893954453 0.010495071914307664 -0.013629657920540564 -0.0066716449952057459 -0.082287257112680104 -0.01967069764674606 -0.04783862022404213 0.12754727218695613 0.012855015547125665 0.026790180432879014 0.040719207568749916 -0.038886936290997515 0.15125245928358841 0.025358389772590362 -0.052181225895921279 -0.013712376270355184 -0.082190494863007724 0.039139863781116335 0.093798712675534204 -0.070370829132475984 -0.042477983572912964 -0.033051691797235917 0.066408582947581271 0.001159479774059597 0.0437814944839513 0.0037819950503101747 0.015138556921366387 0.0044795629083274509 0.0692772352921322 -0.088272580174063475 -0.20517107051876124 -0.017237031679107232 3.6724388788042739 -0.052364995779892426 -0.039091763487629487 0.050116613351686302 -0.0086872280703342211 -0.024397425309979667 0.22555088225953043 0.16134785166783891 -0.052028111146120062 0.60188574192578725 0.0073301384203079412 0.089306605122502561 -0.019507768113925069 -0.090273159819742307 0.10097023454515049 -0.12798386596974579 -0.050627641645606986 -0.095730258388427636 5.6981611317203216 -0.10011715528181551 3.024196279933967 0.039578421734892677 -0.010200922589396871 -0.076951515429239267 0.046705671301563098 -0.015030763238345174 -0.066442015132768317 0.14190480926372478 -0.028107566416801774 0.071787300330841006 -0.010169128679230996
leaf_weight=26.193534909926939 572.94817534983395 25.692577070178913 59.006347775975883 73.412151263296437 736.56070737386744 93.289414328860403 38.371081996368048 306.15542642836408 520.87714153894194 364.84822714608981 76.485927867464852 10.32558972308834 615.43761928608546 78.927106795237705 4517.1488698540816 25.228262321492366 75.129399422188726 195.02207114322664 126.15225972887401 105.80154696208774 241.15972854803749 16.476052925217118 29928.456513942845 258.30722974425589 1608.2814562458443 246.42847953396267 2634.8635101839754 41.606728712533368 33.302046733668249 7.5980898421257725 774.33528827765258 0.026504113653571859 236.89692470195223 309.43350101700344 49.502813468920067 135.54355799352925 255.73385602863709 4.2784154072505762 0.38395117647269217 198.7607284279884 0.70681077167682715 2416.6285758025861 98.26415757119139 158.72404601903327 11.562094929156954 45.823173450686227 43.738469530357179 65.829174635944582 48.93156036068649 0.017241669935174286 0.014639333725426695 0.031986404960662185 113.65154651940975 311.5838460612249 43.385115637242052 138.85019690592708 221.11796291558949 19.383945437027251 5.5000327229499808 21.765926759342619 101.27465319879411 54.626004534598906
leaf_count=1206948 182120 76471 27334 94872 510396 39795 5412 160750 114589 123005 3732 264 24979 175356 126534 62253 5926 33674 340837 14813 164730 7611 830450 12572 26437 6781 56417 3914 901 80 27620 27 23224 5569 1202 16872 34799 599 673 608492 74 168601 3478 43394 13698 18099 37639 13512 16073 2 123 22 9534 29803 14215 5590 68459 21516 57 8241 3290 798
internal_value=-7.52829e-05 -0.0726917 8.43281e-07 -0.0102383 -0.025346 0.000295265 0.0172967 0.0262554 -2.26576e-05 0.0489819 0.000326769 -0.0307706 0.000505697 0.0152439 6.611e-05 0.00786912 0.0358791 0.0560977 0.00345917 -0.00858715 0.00580121 -0.0545704 -0.000750711 -0.00521384 0.00760672 -0.00824002 -0.00124098 -0.0180452 0.00191453 -0.0222928 0.000695513 0.0111016 -0.0206537 -0.00972111 -0.0267886 0.00263437 0.00167711 -0.0285438 0.743793 -0.0227605 0.00445196 0.00750398 0.0277961 0.0213459 0.0704011 0.0327884 -0.071301 0.00162065 -0.0470446 0.570461 3.03567 0.381506 -0.0055514 0.00310347 -0.0114873 -0.0054782 0.00493898 0.0328449 -0.047957 0.0654588 0.0712623 0.0430706
internal_weight=49545.8 51.8861 49493.9 1383.4 809.973 48110.5 883.142 775.204 47227.4 403.219 46512.6 266.094 46246.5 1339.41 44907.1 4255.42 578.848 397.917 3676.57 180.931 3533.95 142.628 40651.7 9948.87 1899.89 8048.98 3531.83 896.967 1641.58 855.36 30702.8 573.422 847.762 605.365 358.936 145.869 2918.51 245.438 0.474323 714.787 2673.07 2417.34 835.251 725.424 109.826 566.7 120.224 371.985 107.938 0.447819 0.031881 0.415938 504.162 425.235 516.027 472.642 379.352 158.234 242.397 372.689 350.923 155.901
internal_count=5635248 1283419 4351829 788235 605268 3563594 346086 302679 3217508 128417 2459441 58507 2400934 407951 1992983 871225 128995 108256 742230 20739 393782 348448 1121758 263688 39910 223778 97244 40827 27338 36913 858070 182967 36833 13552 6771 17136 368803 165329 847 758067 203474 168675 193258 176082 17176 132688 41371 174262 43407 820 125 695 214693 39337 149575 135360 95565 27106 23281 46003 37762 4088
is_linear=0
shrinkage=0.1


Tree=100
num_leaves=63
num_cat=0
split_feature=7 29 30 18 4 26 20 25 25 43 21 25 26 26 18 20 14 25 41 25 21 18 25 43 18 20 19 21 20 20 17 20 18 19 18 21 20 20 35 19 20 18 20 20 19 21 20 18 39 20 19 18 25 18 20 45 29 35 2 21 21 3
split_gain=15.0308 14.9718 124.975 56.3155 34.7767 34.5224 33.8247 33.6815 34.729 31.5163 28.6688 32.2518 25.8838 23.3968 22.1115 38.0965 83.7805 40.9059 38.4112 36.7277 37.0279 36.0692 67.6669 43.0846 35.7 80.8756 84.3224 34.7012 66.2422 53.6519 53.1232 38.3124 87.289 54.5671 38.1326 59.2353 46.2248 51.7604 39.992 38.3776 37.4932 33.4159 32.9805 31.1261 62.8368 44.8455 33.4196 31.859 29.163 28.9758 29.6164 27.9841 45.4618 39.1545 27.8368 36.1017 29.3886 36.4945 30.906 27.6861 48.0568 44.3844
threshold=58.500000000000007 1.5000000000000002 1.0000000180025095e-35 98.253242492675795 1.0000000180025095e-35 0.17424242943525317 71.71112442016603 8.5000000000000018 4.5000000000000009 0.93949562311172496 0.38675214350223547 6.5000000000000009 0.26136364042758947 0.4083333313465119 92.601715087890639 93.364780426025405 0.44949495792388922 3.5000000000000004 0.76388889551162731 6.5000000000000009 0.54006412625312816 91.442928314208999 5.5000000000000009 0.93557819724082958 90.632698059082045 87.462574005126967 96.168525695800795 0.70710784196853649 98.51843643188478 89.48822402954103 10.500000000000002 98.312206268310561 98.253242492675795 97.833908081054702 95.565387725830092 0.45227272808551794 95.531894683837905 97.68778228759767 -3.4458007812499996 97.067424774169936 99.180271148681655 95.013813018798842 96.164356231689467 95.256843566894545 95.67297744750978 0.45643940567970281 92.346740722656264 94.349296569824233 inf 96.791351318359389 95.093433380126967 97.067424774169936 8.5000000000000018 95.862876892089858 96.56854629516603 0.92973050475120556 1.0000000180025095e-35 -8.7676582336425763 0.66015532612800609 0.95916664600372326 0.90238094329833995 10.500000000000002
decision_type=2 2 2 2 2 2 2 2 2 8 2 2 2 2 2 2 2 2 10 2 2 2 2 8 2 2 2 2 2 2 2 2 2 2 2 2 2 2 2 2 2 2 2 2 2 2 2 2 8 2 2 2 2 2 2 2 2 2 2 2 2 2
left_child=1 14 3 4 -3 6 -6 8 -4 13 -8 -12 -10 -7 15 24 17 -17 -18 20 -20 23 42 -22 59 26 -26 28 29 -16 34 32 41 48 43 -36 38 -38 -37 -39 -35 49 -23 46 45 -45 47 -31 -33 -29 -51 52 53 -42 56 -56 57 -21 -58 60 -1 -61
right_child=-2 2 7 -5 5 9 10 -9 12 -11 11 -13 -14 -15 27 16 18 -19 19 54 21 22 -24 -25 25 -27 -28 31 -30 30 -32 33 -34 40 35 36 37 39 -40 -41 51 -43 -44 44 -46 -47 -48 -49 -50 50 -52 -53 -54 -55 55 -57 58 -59 -60 61 -62 -63
leaf_value=0.00094903124410087864 -0.018233036456417526 -0.046940745365575742 -0.22081392795508994 0.10802024552104257 -0.02882206599492599 -0.032945051969408487 0.053369210150407798 -0.033921494313505607 0.11358647471524547 -0.0031316723960588691 -0.027359906246382792 0.012733794231182814 0.047899343749717535 -0.090679516613238739 0.10960518741990739 -0.08431045821640315 0.063255047940088488 -0.002087202258804312 -0.00426743202853524 -0.26866536068802582 0.088616043884843509 -0.03583427338703736 0.089946979300363827 0.030766864891951708 0.12033663489769984 -0.035589613927913634 -0.038461887988364023 -0.017446407455454931 0.071498453643732418 -0.0012818007408893399 0.056427513731040581 0.1815075921770396 0.027959513550697365 -0.029836453025247036 0.11892905156103391 0.00082726364940581662 -0.0077547729761052427 0.052013191439359632 0.11211831293435758 -0.065707578737451214 0.0077979018040855094 -0.028952836335569738 0.062510788473303477 0.12864442863135148 -0.082071422595470012 0.0088620245396821441 -0.031462017931652042 0.12148798337152902 0.025310677649466186 0.056054817163502017 -0.00329061361433377 -0.005341814873370339 0.039940556138344678 -0.081592899319866463 0.056714200288523912 -0.0049222764717159698 0.049972212861003215 -0.039099158368096687 -0.0051464033800741474 0.012360662469234521 -0.044325458238408513 0.097649227022747809
leaf_weight=27748.071584682064 451.8643791047507 308.81468944183916 4.1577302910141603 37.494899584002269 349.64799512755781 462.7730206431479 118.3810029667693 38.574329939691722 91.346285535017614 346.3570005181391 280.8751022058641 702.27958557997044 174.74699469135112 82.741920807442511 45.864325201976499 62.387851378402729 212.95733268349431 2005.6883430242099 211.86362695862044 7.8359958371729581 248.4391670844343 166.8686423303152 85.193379131465917 267.2221673761378 74.9851093766747 637.735385038819 60.352088696942701 1039.7086755774972 143.10541074168032 119.64798527017956 163.58833317575773 12.222632218228682 430.60660717454539 517.49231199670066 47.011079472968959 58.370132034001472 1328.5444745734812 254.22877901192169 72.262729045660308 31.078491463562386 201.74758164353079 1820.8340453862056 42.857948888064129 33.255978176062854 73.972912984149843 519.71290651845175 855.4272659586386 25.672640045956541 542.40657911634389 118.75723686537094 288.09081886892727 2753.6731402166079 380.71423074299128 64.718710368742904 218.09402045229217 168.40649576269061 119.17999423417132 59.555675844050711 694.7687313016504 719.99913861861569 236.44643068913501 66.666439535940299
leaf_count=3668703 64895 838952 1069 515 14322 7227 3771 12803 6577 4589 6541 10811 12893 1079 1339 8525 7793 193600 3754 853 5522 2546 4061 26126 2303 23710 5495 60554 5110 2858 20485 127 10649 15157 554 1499 33780 4052 2321 529 15497 60896 4761 418 1488 20558 26324 524 17420 7089 13285 242897 9443 1641 8327 8233 1409 10383 8955 66878 5476 5297
internal_value=-7.80634e-05 8.9164e-05 -0.00675803 -0.0136766 -0.0153972 -0.0112398 -0.00172391 0.053491 0.0659679 -0.0267233 0.00687755 0.00127952 0.0704489 -0.041702 0.000534886 0.00183126 0.0103266 -0.00456764 0.0226317 0.0188544 0.0329558 0.042685 0.0147917 0.0586379 0.000516792 -0.0206896 0.0495222 -0.00316834 0.00476555 0.00213375 0.000757975 -0.00683065 -0.0143616 -0.000604522 -0.00190549 0.00816069 0.00517566 0.00054441 0.0623906 0.0391899 -0.00475996 -0.019939 -0.0157373 -0.0129847 0.00448661 0.0160658 -0.02393 0.020407 0.0287529 -0.008593 0.0140321 -0.00094419 0.0177672 -0.0139131 0.00748231 0.0298579 -0.00233021 -0.0657921 0.00292417 0.0010866 0.000566499 0.0195885
internal_weight=49508.3 49056.5 2998.19 2689.37 2651.87 2343.06 1451.18 308.825 270.251 891.872 1101.54 983.155 266.093 545.515 46058.3 34115.6 4571.32 2068.08 2503.24 2290.29 1022.44 810.581 294.92 515.661 29544.3 773.073 135.337 11942.7 3771.74 3628.64 3582.77 8170.97 3698 4472.98 3419.19 1791.5 1744.48 1613.85 130.633 285.307 3918.35 3267.39 209.727 1627.69 626.942 552.969 1000.75 145.321 554.629 1446.56 406.848 3400.85 647.181 266.466 1267.84 386.501 881.34 67.3917 813.949 28771.2 27984.5 786.666
internal_count=5635248 5570353 921149 887807 887292 48340 35445 33342 20539 12895 21123 17352 19470 8306 4649204 4072710 294848 202125 92723 84930 46770 43016 11368 31648 3777862 31508 7798 576494 121839 116729 115390 454655 152473 302182 94905 42735 42181 38361 3820 4581 284635 141824 7307 52170 22464 20976 29706 3382 17547 80928 20374 269478 26581 17138 38160 16560 21600 11236 10364 3746354 3674179 72175
is_linear=0
shrinkage=0.1


Tree=101
num_leaves=63
num_cat=0
split_feature=31 7 33 18 31 7 13 12 9 5 0 12 12 31 12 19 18 33 13 1 13 33 7 0 32 17 37 17 17 32 44 19 13 27 0 26 31 3 7 14 34 36 7 31 44 44 33 24 33 13 34 9 9 13 21 21 19 37 36 43 43 0
split_gain=23.4278 18.0892 13.9068 24.3176 15.7617 13.4968 22.1721 14.3232 47.8949 34.856 35.2122 33.115 34.2805 32.5889 60.323 53.1199 65.1475 52.2735 30.1796 27.8608 27.8322 67.8154 26.8976 26.366 24.6935 24.1039 35.6209 28.536 27.7545 23.6897 23.0708 33.5673 23.5848 49.7573 41.4443 22.0875 21.7033 20.5308 20.5219 23.5023 23.4179 20.1559 19.392 22.6441 19.0861 30.5731 18.3791 23.5474 19.0405 18.062 19.8728 17.8604 29.5149 28.3952 69.508 103.447 157.108 66.3299 132.403 123.484 281.283 40.8437
threshold=-0.55556675791740406 32.500000000000007 1.0000000180025095e-35 40.68782043457032 -0.10760121047496794 46.500000000000007 92.718276977539077 42.206478118896491 27.639257431030277 1.0000000180025095e-35 0.4666274785995484 42.967033386230476 43.951219558715827 -0.16008938103914258 55.646631240844734 61.181842803955085 1.0000000180025095e-35 -4.7360229492187491 29.459980010986332 4.5000000000000009 17.712418556213382 -82.532417297363267 5.5000000000000009 0.45196500420570379 7.5000000000000009 17.500000000000004 -61.535984039306634 7.5000000000000009 14.500000000000002 12.500000000000002 0.91693201661109935 98.830371856689467 29.21747970581055 1.5000000000000002 0.20876325666904452 0.63068181276321422 -0.34353439509868616 7.5000000000000009 2.5000000000000004 0.44949495792388922 11.500000000000002 10.500000000000002 35.500000000000007 -0.34702175855636591 0.68671789765357982 0.34902177751064306 -73.315315246582017 6.5000000000000009 -74.456264495849595 22.401432991027836 21.500000000000004 38.757823944091804 33.520599365234382 38.165266036987312 0.44722221791744238 0.43874999880790716 86.981086730957045 -60.974290847778313 9.5000000000000018 0.69404622912406932 0.63661757111549389 0.1257455796003342
decision_type=8 2 2 2 8 2 2 2 2 2 2 2 2 8 2 2 2 2 2 2 2 2 2 2 2 2 2 2 2 2 2 2 2 2 2 2 10 2 2 2 2 2 2 10 2 2 2 2 2 2 2 2 2 2 2 2 2 2 2 8 10 2
left_child=1 -1 5 4 -4 7 -7 8 9 10 30 51 49 14 35 16 17 -16 24 -11 -15 -22 -19 38 -10 26 27 29 -29 -23 37 32 -32 34 -34 -14 42 -2 39 40 -17 46 43 44 45 -24 47 -30 -49 50 -13 52 -9 54 55 57 -57 58 59 60 -53 -59
right_child=2 -3 3 -5 -6 6 -8 11 18 19 -12 12 13 20 15 23 -18 22 -20 -21 21 25 36 -25 -26 -27 -28 28 41 -31 31 -33 33 -35 -36 -37 -38 -39 -40 -41 -42 -43 -44 -45 -46 -47 -48 48 -50 -51 -52 53 -54 -55 -56 56 -58 61 -60 -61 -62 -63
leaf_value=-0.12329836360682955 0.0017793373028597969 -0.0002727772679142132 -0.069602565475784264 -0.02195208357645112 0.078383100920762283 -0.093960868927085647 -0.0084540949919353799 0.054621941071799587 0.099204012434578742 0.035759618623214702 -0.032766889183274639 0.18229826347686751 -0.083151126168464221 -0.077396893813571552 -0.054817592672913806 0.079590745009107872 -0.079314547821599912 0.037651370339615901 -0.017469297297663274 -0.00092476714489423014 0.11869566011793037 0.069270363035166524 -0.10366407107935863 0.009764971719059528 -0.075075405843254256 -0.022934335891521582 -2.6101161688449928e-05 -0.0088477092419170754 -0.061687823238124918 0.01353191759806906 0.073431321671420482 -0.00039024987943802101 2.7148260867264606 3.3768705689312615 0.22807813364834814 0.011431946329143025 0.0038048333027904052 -0.074643107138031781 0.009536836514060525 0.1361021191860817 -0.032848234624104432 0.021266237547813687 0.025823878543703924 0.57672618031898326 0.096058997680630434 0.9587268454553981 0.070584550315404365 0.21991789322758395 0.60694055029333593 -0.077298878149542477 1.7403001932629381 -0.10009970092730006 -0.049593671464803833 0.036752421629203162 0.13986138049659091 -0.10010748393711121 14.761102160709129 4.7315651103629959 0.32782026889726068 2.7489472264557313 19.160083308589105 0.23698388067606013
leaf_weight=27.325667164931417 142.82058504865017 21.242898188191248 8.7707396619680349 517.44901728701007 40.115807749551095 31.243853580377618 1031.521585702405 133.16518013853056 8.5708922595458699 397.25383376190166 418.23768660534915 0.33466089713510783 84.411672422917036 46.195035445125541 100.63593048871917 117.12075325607657 77.91276905954237 518.944384706454 544.07902755682881 432.34785736262529 48.296280631286209 175.06569016923459 0.45938555270550441 99.061188164472696 158.04974293144369 448.30641843072954 41830.092104137511 351.06851525332968 1.9066006977955101 135.09333469250669 83.061511295073615 134.45685619095457 0.071041963674359887 0.057513147023200761 1.183676020855273 34.897126554817987 732.29609128663287 46.630467095752465 44.585770270645298 61.358932636401732 22.002982931589941 106.6535677240372 35.327578873664606 1.1746592440758821 16.458404095785227 0.66010862946859561 29.234827968568425 4.0018195292141163 1.8629398782650248 62.972421504600788 0.10838429520481441 0.014776110092497796 34.143061764251797 10.065891660989108 5.2056151888282329 0.01509057568728156 0.013457376058795489 0.020696768489872786 0.23117238772465498 0.14026976200511854 0.015575665231153835 0.87471528763853712
leaf_count=1280304 169880 3115 843 12567 753 20703 89429 53596 12839 36305 46479 241 431036 4550 121791 30519 340193 37820 520907 376484 2679 12460 50 11317 263671 35321 1229127 38532 140 18850 32665 10409 94 91 1742 32888 41014 133514 4275 3169 33031 10461 2878 76 1091 101 1455 143 46 75104 60 83 35657 7337 2055 85 24 100 611 138 39 2311
internal_value=-7.1061e-05 -0.0694895 -2.76714e-06 -0.0155829 0.051833 0.000178037 -0.0109679 0.000426166 -0.00715779 0.00216099 -0.0123735 0.000821778 0.000649432 0.000752684 0.013407 0.0179035 0.00969423 0.0146268 -0.028873 0.0166415 0.000181977 0.000265066 0.0199807 0.0533014 -0.0661105 0.000132306 0.000374851 0.0212124 0.00630376 0.0449928 0.00851711 0.0306351 0.0800767 0.500713 0.368877 -0.0554861 0.00831947 -0.0170309 0.0708996 0.0845462 0.0618081 0.0433301 0.069452 0.151642 0.123235 0.522774 0.106919 0.243606 0.342856 -0.0728224 0.56344 0.0431698 0.0333544 0.142114 0.304492 0.95092 6.9054 0.819878 1.88736 4.00035 9.78368 0.340873
internal_weight=49416.9 48.5686 49368.3 566.336 48.8865 48802 1062.77 47739.2 2366.82 1656.12 826.519 45372.4 45188.5 45125.1 1947.31 1828 1483.87 1405.96 710.7 829.602 43177.8 43131.6 1305.32 344.13 166.621 43083.3 42635 804.887 494.728 310.159 408.282 218.831 84.3737 1.31223 1.25472 119.309 786.376 189.451 245.068 200.483 139.124 143.66 54.0801 18.7526 17.5779 1.11949 37.0062 7.77136 5.86476 63.4155 0.443045 183.906 167.308 16.5973 6.53137 1.32575 0.028548 1.29721 0.401794 0.170622 0.0303518 0.895412
internal_count=5635248 1283419 4351829 14163 1596 4337666 110132 4227534 1605080 807663 394874 2622454 2520418 2445013 1091249 627325 545014 204821 797417 412789 1353764 1349214 83030 82311 276510 1346535 1311214 82087 50777 31310 348395 45001 34592 1927 1836 463924 45210 303394 70994 66719 63550 12245 4196 1318 1242 151 1784 329 189 75405 301 102036 89253 12783 5446 3391 109 3282 871 260 122 2411
is_linear=0
shrinkage=0.1


Tree=102
num_leaves=63
num_cat=0
split_feature=31 36 41 19 36 12 9 37 43 43 12 28 2 36 41 14 31 37 11 36 17 10 33 38 17 10 21 10 26 12 31 0 36 12 24 38 14 42 11 21 44 31 31 0 12 17 8 42 8 43 14 26 14 18 43 10 37 12 31 3 17 17
split_gain=39.7487 64.5102 36.7112 147.583 26.3702 219.952 1376.53 3622.98 20064.5 23720.6 21258.5 95.337 20.2687 13.5301 14.1858 106.038 89.1073 54.2085 100.796 65.0064 51.5843 84.6797 57.0854 48.0036 43.898 68.4784 61.1146 59.8192 45.9406 44.38 39.9935 44.3998 42.1633 48.3912 38.6825 36.5667 36.2117 38.8606 35.4491 35.389 36.0085 38.8975 35.245 35.0136 34.9026 32.993 32.4954 41.4577 67.8423 39.0198 65.7558 30.9995 30.7763 30.5527 30.5512 30.5145 29.4203 31.1745 29.2886 34.6817 37.1678 29.2343
threshold=-0.45733205974102015 3.5000000000000004 1.0000000180025095e-35 99.760765075683608 9.5000000000000018 42.967033386230476 38.757823944091804 -60.974290847778313 0.68671789765357982 0.63661757111549389 42.206478118896491 5.5000000000000009 0.20070529729127887 102.50000000000001 0.86607143282890331 0.31666667759418493 -0.036646515130996697 -24.432747840881344 98.07621002197267 4.5000000000000009 1.5000000000000002 88.493064880371108 -17.053071022033688 39.500000000000007 5.5000000000000009 86.70682525634767 0.15075758099555972 87.841831207275405 0.84523808956146251 81.892700195312514 0.22482423484325412 0.35565750300884252 4.5000000000000009 59.317129135131843 7.5000000000000009 20.500000000000004 0.36931818723678594 0.68457102775573742 94.201679229736342 0.93095237016677868 0.78283876180648815 -0.12459006160497664 0.62182569503784191 0.67998474836349498 70.087718963623061 1.0000000180025095e-35 2.5000000000000004 0.91476997733116161 1.0000000180025095e-35 0.98557657003402721 0.6904762089252473 0.23611111193895343 0.38750000298023229 47.087102890014656 0.54708918929100048 71.89255523681642 -71.428569793701158 43.951219558715827 -0.089956864714622484 33.500000000000007 6.5000000000000009 6.5000000000000009
decision_type=8 2 8 2 2 2 2 2 8 10 2 2 2 2 10 2 8 2 2 2 2 2 2 2 2 2 2 2 2 2 8 2 2 2 2 2 2 2 2 2 2 10 10 2 2 2 2 2 2 8 2 2 2 2 8 2 2 2 8 2 2 2
left_child=1 2 3 -1 5 6 -3 8 9 -8 -11 -9 -10 14 30 16 39 19 20 -17 22 38 -19 55 25 26 -20 29 -27 -26 31 -2 33 -33 44 36 37 -32 -22 -16 41 -41 46 -34 -21 52 47 -31 49 50 51 53 -24 -49 -46 56 57 -18 59 60 -51 -48
right_child=13 4 -4 -5 -6 -7 7 11 12 10 -12 -13 -14 -15 15 17 23 18 24 34 21 -23 45 -25 27 28 -28 -29 -30 42 35 32 43 -35 -36 -37 -38 -39 -40 40 -42 -43 -44 -45 54 -47 61 48 -50 58 -52 -53 -54 -55 -56 -57 -58 -59 -60 -61 -62 -63
leaf_value=-0.10001577258883654 0.0065885334460661004 -0.10000434639441098 0.011461945670482188 18.551705710016375 -0.10504881512902385 -0.12106913629686405 -0.10000174470848425 -0.1000289998292203 -3.9419639357538987 -0.1000016232783883 -390.72352744092643 -10.375775935658666 -0.10002863152140549 -0.056544717827062774 -0.094075566747560582 -0.010612424438359818 -0.054537582151077929 -0.0059713395794047516 -0.0056581605975853586 0.043838063193439115 -0.019281806768262959 0.066998040477507917 -0.12586501691377025 -0.081326570416773769 -0.1148356886762501 0.00011607776180241128 0.059477283615697089 -0.051014709605220948 0.04440181260210975 -0.018602893667242583 0.008485551164399259 0.085755064184748889 -0.0080569141858784013 0.0033057036081544306 0.001936858557818358 0.0174380565205732 0.025362077563131059 -0.022042945823497105 0.11333438407519347 0.28707061065568507 -0.013909352084247581 2.5002914327386279 -0.046271903725790091 -0.032206829400431645 -0.080624058462453144 -0.037897238332681812 -0.039769246418117285 -0.098321507884569115 0.007856725909017561 0.66197955936813402 0.032534547142761237 0.12748031795138359 -0.055245055536963156 0.32942687302304602 0.017151718969211277 0.080267522653363954 -0.018780473676978725 0.076907958448149127 -0.0035864824016990276 -0.07595353809385455 0.16557322660768842 -0.0058515430531729294
leaf_weight=0.020325346341451223 3946.7224336001345 1.2907457126269708 47.75588948614967 0.0053612841293215743 30.287864089142232 10.995969879696075 0.0061908101415610872 0.16492967437815753 0.024848223456501728 0.0019973795378973591 0.0046059112246439327 0.0095517945819665329 0.03069408034616572 42.410363397510082 248.19840757582369 1373.6191525925769 24.529600214606035 380.53779354158542 233.2059554689622 545.510171013545 1096.0147747399578 135.0358892291697 99.802772705958887 92.695529523400182 37.23593516872279 21397.935737657674 376.78556723173824 326.87599636470804 236.8370282499709 421.23293021958307 835.10907172152292 75.851975837071222 2950.0217776420286 1157.1221464811024 1662.8407305759101 2793.5978572846943 444.57287180818093 832.75074985600077 20.533970058362684 0.25559901039741817 58.184642275244187 0.1151995740365227 195.69805415303563 753.74271426158521 32.388448839762532 470.73512087682229 311.18060089064602 1.8230743553267554 932.72416312337191 1.8232695816477633 41.161369800936882 23.377615763849462 161.68550170238723 19.865698488079943 2398.7705827961763 39.876196145363792 544.15455596260381 68.230510755121941 63.160965433140518 4.6708275796117951 8.7315972684809804 1385.8580482143989
leaf_count=374 543815 84110 135491 1 1422317 251750 425 9404 82 140 54 22 927 80262 1161824 39943 20341 16688 17159 28452 57818 2864 1229 37162 1338 536920 10668 17885 258684 20480 19845 2125 173901 24678 64535 84788 21700 18737 597 178 35431 15 6853 16863 48903 13706 18189 1580 42623 118 1985 689 6824 345 126120 484 49692 3795 1867 1431 463 87559
internal_value=-0.000208048 -0.0663842 0.0134948 3.79295 -0.155524 -0.277539 -1.39946 -8.30698 -27.8253 -140.726 -272.567 -0.662563 -1.81881 -8.64503e-05 -3.78459e-05 -0.00109584 -0.0320049 -0.000128757 -0.00195593 0.00849626 -0.0217247 -0.00779716 -0.0373898 -0.0138373 -0.000159621 0.00153252 0.0345753 -0.0101297 0.000600876 -0.00625434 0.00268389 -0.00131827 -0.00763944 0.00837795 0.0141538 0.00993069 2.54339e-06 -0.00675711 -0.0168429 -0.0775779 -0.00764922 0.974673 -0.00506912 -0.0129716 0.0209784 -0.053718 -0.00256157 0.00806534 0.0183024 0.0774889 0.123909 0.207366 -0.0821987 0.293472 0.0158491 -0.00459379 -0.00990682 0.0421483 0.0264253 0.150924 0.251323 -0.0120709
internal_weight=49396.4 90.599 47.7816 0.0256866 42.8174 12.5295 1.53356 0.242818 0.0683364 0.0127941 0.00660329 0.174481 0.0555423 49305.8 49263.4 35473.9 1076.24 34397.7 28384.5 6013.13 2364.35 1251.58 1112.76 769.486 26020.2 22244.8 609.992 3775.42 21634.8 3448.54 13789.5 8883.46 4936.74 1232.97 4639.51 4906.03 2112.43 1667.86 1116.55 306.754 58.5554 0.370799 3411.31 3703.76 2976.67 732.223 3215.61 1518.57 1097.34 164.614 86.2278 45.0664 261.488 21.6888 2431.16 676.791 636.915 92.7601 78.3867 15.2257 10.5549 1697.04
internal_count=5635248 1905097 135866 375 1769231 346914 95164 11054 1628 619 194 9426 1009 3730151 3649889 2743437 1308922 1434515 1126562 307953 99726 61279 38447 111474 1026836 823431 27827 203405 795604 185520 906452 761382 217567 26803 268010 145070 60282 38582 58415 1197448 35624 193 184182 190764 203475 21759 177329 71581 51101 8478 4599 2614 8053 1925 175023 74312 73828 24136 3879 2012 581 105748
is_linear=0
shrinkage=0.1


Tree=103
num_leaves=63
num_cat=0
split_feature=31 7 24 8 19 19 20 21 19 11 18 8 32 12 7 14 14 13 20 0 32 14 11 31 18 0 12 11 31 10 9 13 37 19 31 0 24 18 31 42 32 8 11 11 42 42 17 12 21 20 25 37 31 21 20 14 14 41 14 21 44 0
split_gain=18.4725 16.5153 13.6367 17.8849 13.7139 39.7518 27.042 36.8284 19.7868 23.0686 21.9414 15.5893 16.322 13.2223 125.319 70.9711 62.5812 52.6763 43.776 50.0585 40.2708 92.5847 63.7572 51.6174 49.1531 40.4576 38.8154 36.087 36.0181 35.2274 66.6725 60.0641 60.0101 48.0315 57.5387 40.3641 38.0641 35.0622 33.8709 37.2158 33.3794 45.0607 33.202 33.0297 32.7471 35.2949 44.948 36.7317 31.5268 31.1812 30.9637 30.2078 51.5798 32.6635 32.091 29.4009 29.3903 28.7574 34.0862 27.685 27.5744 27.5505
threshold=-0.55556675791740406 32.500000000000007 4.5000000000000009 29.500000000000004 96.677703857421889 97.833908081054702 96.67456436157228 0.58957219123840343 86.576263427734389 75.181159973144545 62.303319931030281 2.5000000000000004 19.500000000000004 93.908470153808608 1.0000000180025095e-35 0.15476191043853763 0.31666667759418493 97.498435974121108 99.80237197875978 0.89735862612724315 3.5000000000000004 0.84523808956146251 67.068271636962905 0.015262134373188021 42.891986846923835 0.24280641227960589 99.333332061767592 98.07621002197267 -0.02741308510303497 66.287876129150405 68.208553314208999 77.032970428466811 -33.333333969116204 78.283874511718764 -0.11619138717651366 0.35565750300884252 5.5000000000000009 41.56573677062989 0.22482423484325412 0.34066730737686163 2.5000000000000004 1.5000000000000002 75.181159973144545 96.051948547363295 0.66287875175476085 0.88493067026138317 9.5000000000000018 60.943256378173835 0.78759399056434642 81.505073547363295 3.5000000000000004 -52.080631256103509 -0.075651429593563066 0.98275861144065868 98.715198516845717 0.11805555596947671 0.58571431040763866 0.76388889551162731 0.18333333730697635 0.14550264924764636 0.97081702947616588 0.84885936975479137
decision_type=8 2 2 2 2 2 2 2 2 2 2 2 2 2 2 2 2 2 2 2 2 2 2 10 2 2 2 2 10 2 2 2 2 2 8 2 2 2 8 2 2 2 2 2 2 2 2 2 2 2 2 2 8 2 2 2 2 10 2 2 2 2
left_child=1 -1 3 4 6 -6 7 -2 -9 10 11 -10 -13 14 17 26 -16 20 61 27 21 22 23 -4 43 -23 -15 -20 -18 31 55 32 33 34 -22 37 -36 49 -37 50 -26 -42 44 -24 -41 47 -47 -46 -27 -35 -40 52 53 59 -54 -31 60 58 -34 -39 -38 -17
right_child=2 -3 13 -5 5 -7 -8 8 9 -11 -12 12 -14 15 16 18 28 -19 19 -21 29 25 24 -25 40 48 -28 -29 -30 30 -32 -33 57 35 36 38 56 51 39 42 41 -43 -44 -45 45 46 -48 -49 -50 -51 -52 -53 54 -55 -56 -57 -58 -59 -60 -61 -62 -63
leaf_value=-0.12304172922136505 -0.0017539994342576542 -0.0012449135973636185 0.055917887539796644 -0.1058103783842369 0.093081048024909518 -0.0069145971872030454 0.069436516664340447 0.037944047981633165 0.082223892307522042 -0.060028641377585491 -0.0041884926931628338 0.28314802010017942 0.97529586706045412 0.11455493653604608 -0.11569624532345515 0.0012137408438371131 -0.065668642381944878 0.10121608937511334 0.013031931428560933 -0.0043406449890218404 -0.088207854972161395 0.09150667636242904 0.063932562952489655 -0.010792511089695207 -0.051515856190918988 0.0061657352452560857 -0.069417869590976525 0.069650847370581734 -0.0034323059810254034 0.074438366510513554 0.003138767159832185 0.056988797515576943 -0.029132513981888347 0.0050045450243471146 -0.055275640824228783 -0.0091650998214904637 -0.0074080107577396337 2.8370391814332798 -0.20406957628846212 0.0051618376741325925 -0.0039677042661844511 -0.054735831845922039 0.061930329947079615 -0.034043925968181406 -0.11274292368159418 0.041804124646741464 -0.046937967622741196 -0.027745696263502456 0.097967570032295337 -0.075199655518923325 0.03231900542171029 0.0025590073677867089 0.051592507386036338 0.1956176164025511 -0.058059253657016807 0.025124086655777568 0.45858642136706723 -0.014453414400479078 -0.09737942566161141 -0.015218069634650526 0.081976412598047013 -0.014194274603407326
leaf_weight=23.158437152292329 523.36328115898232 21.439986919156581 158.51030921131951 19.415217722496891 48.07849423621883 229.64385252132161 36.411675573715911 27.343432129830035 2.6858068602577978 286.16305994713912 30.423077810354698 1.2942527851755583 0.46243516008144059 80.442014066544289 116.6732898108985 27146.303694345967 171.02993535516543 50.702282427413593 194.8210004970897 351.52462266779912 120.66948887169546 75.563788336457037 86.131090063527154 432.35445936334872 746.30787737037099 484.81065897386725 13.375064190966439 266.64236197766149 203.78996088917484 150.45261400680556 5026.9386507280942 166.53988178302097 219.6227709698378 141.6899669580373 161.42546875997215 3364.6831107358312 457.93405524722442 0.034035561602648978 5.6011537085287264 1602.2315074027283 497.45798115218167 269.56911902238062 83.862860724562779 57.297762539355972 62.37959275522735 144.58654003043193 94.301096226088703 274.91570546291769 40.536990174849052 73.678606990856679 517.31849975994555 555.04626986617063 619.88664478930991 7.6269178181864836 27.891091511613922 615.41945225895233 1.3973811981995812 545.45330124613065 109.75698354569977 226.12103559873347 37.326144180467963 1212.2987585777882
leaf_count=1280304 75385 3115 8255 2034 1016 17014 1370 4375 158 3412 7502 110 98 6047 910088 995140 135096 21230 6077 119132 630038 1440 3267 7484 15198 8868 759 34030 2748 3165 119597 5649 11897 10580 76055 327200 136163 40 38 28039 8683 4128 1712 3854 733 4330 1362 4378 10492 8859 10830 27381 65561 633 1707 20155 33 27081 3320 321994 1112 87697
internal_value=-0.000160868 -0.0644898 -0.000102646 -0.0106085 -0.00904986 0.0103964 -0.0149967 -0.0185235 -0.0437164 -0.0506718 0.0261257 0.233723 0.465351 0.000160769 -0.00190817 0.00149024 -0.0517391 -0.000570853 0.00121097 0.02409 -0.000853432 -0.011777 -0.0210988 0.00710378 -0.0311569 0.0230901 0.0883268 0.0457474 -0.0318307 0.00116515 0.00732627 -0.00254408 -0.00359264 -0.00104889 -0.0247301 0.00131488 -0.0130904 0.015193 -0.00241304 0.00574384 -0.0364596 -0.02181 0.000186334 0.0247924 -0.00219064 -0.0226362 0.00677311 -0.0434651 0.0132494 -0.0224337 0.029787 0.0208338 0.0323399 -0.0079245 0.0468713 0.0348117 0.000620756 -0.0285425 -0.051874 -0.0147888 -0.000671399 0.000555065
internal_weight=49320.8 44.5984 49276.2 1205.28 1185.87 277.722 908.147 871.735 348.372 321.029 34.8656 4.44249 1.75669 48070.9 18805.5 29265.4 491.493 18314 29171.6 812.988 18263.3 2848.54 2247.63 590.865 1656.76 600.911 93.8171 461.463 374.82 15414.8 5792.81 9621.98 9455.44 8580.61 778.753 7801.85 658.083 1651.97 6149.88 2785.2 1513.33 767.027 2262.28 143.429 2178.41 576.183 238.888 337.295 525.348 215.369 522.92 1436.61 881.56 233.782 647.778 765.872 496.658 874.833 329.38 226.155 495.26 28358.6
internal_count=5635248 1283419 4351829 112474 110440 18030 92410 91040 15655 11280 7868 366 208 4239355 2990473 1248882 1047932 1942541 1242076 159239 1921311 71669 50869 15739 35130 20800 6806 40107 137844 1849642 142917 1706725 1701076 1658778 843401 815377 213363 436755 378622 51422 28009 12811 40554 7121 38842 10803 5692 5111 19360 19439 10868 417316 389935 322667 67268 23320 137308 42298 15217 322034 137275 1082837
is_linear=0
shrinkage=0.1


Tree=104
num_leaves=63
num_cat=0
split_feature=1 36 0 34 19 7 14 41 21 19 44 24 12 43 34 1 12 3 1 29 7 26 10 0 1 21 12 10 0 1 12 21 37 3 18 12 29 35 18 3 37 13 7 14 12 30 40 39 29 21 1 28 19 9 40 3 45 10 3 34 14 3
split_gain=14.1995 28.7495 41.8383 50.3937 40.6764 34.1783 32.0881 43.2301 29.9733 21.001 28.4459 20.0595 31.2895 30.3814 25.2758 23.4074 19.5407 158.949 542.658 19.2276 18.7552 18.3695 33.8752 18.1078 17.7878 17.6028 18.2404 84.5403 191.259 73.9417 495.561 17.5886 18.5521 16.9029 17.6375 18.289 18.2724 16.4489 16.5549 19.9801 15.546 66.3433 46.9137 70.3869 44.1367 37.2777 180.733 81.0558 72.732 54.6123 56.7463 51.8007 42.8826 39.1027 44.0736 38.4538 36.435 34.5013 34.2273 31.9812 49.9172 35.0577
threshold=11.500000000000002 6.5000000000000009 0.50929623842239391 6.5000000000000009 98.830371856689467 1.0000000180025095e-35 0.2264957278966904 0.80909091234207164 0.28801843523979193 94.602687835693374 0.9440496861934663 6.5000000000000009 70.659969329833999 0.70025378465652477 15.500000000000002 408.50000000000006 43.951219558715827 92.500000000000014 18.500000000000004 1.0000000180025095e-35 3.5000000000000004 0.38750000298023229 41.955394744873054 0.39505723118782049 32.500000000000007 0.11882352828979494 42.967033386230476 43.288288116455085 0.21827884018421176 12.500000000000002 42.740047454833991 0.74456521868705761 -72.091167449951158 11.500000000000002 33.426443099975593 78.830558776855483 1.5000000000000002 1.0000000180025095e-35 44.502014160156257 2.5000000000000004 -19.988250732421871 81.53021621704103 1.0000000180025095e-35 0.31666667759418493 82.097072601318374 1.0000000180025095e-35 1.0000000180025095e-35 inf 1.5000000000000002 0.98275861144065868 2.5000000000000004 1.0000000180025095e-35 99.052112579345717 32.049383163452156 1.0000000180025095e-35 6.5000000000000009 0.9194680154323579 80.217391967773452 16.500000000000004 15.500000000000002 0.64583334326744091 24.500000000000004
decision_type=2 2 2 2 2 2 2 10 2 2 2 2 2 8 2 2 2 2 2 2 2 2 2 2 2 2 2 2 2 2 2 2 2 2 2 2 2 2 2 2 2 2 2 2 2 2 10 8 2 2 2 2 2 2 8 2 2 2 2 2 2 2
left_child=40 11 3 4 21 6 7 9 23 10 33 13 16 15 20 25 17 -13 -19 -10 -14 -3 24 -8 -23 -2 27 29 -29 30 -27 -12 -33 34 -5 36 -36 38 -6 -40 41 42 45 -44 -42 46 49 -48 52 50 55 57 -49 -53 -55 56 -1 58 -47 60 -45 -62
right_child=1 2 -4 5 37 -7 8 -9 19 -11 31 12 14 -15 -16 -17 -18 18 -20 -21 -22 22 -24 -25 -26 26 -28 28 -30 -31 -32 32 -34 -35 35 -37 -38 -39 39 -41 44 -43 43 59 -46 51 47 48 -50 -51 -52 53 -54 54 -56 -57 -58 -59 -60 -61 61 -63
leaf_value=-0.0032698257032847153 -0.10597643663780068 0.0110170552293104 -0.069414289293493567 -0.098589607629295709 -0.059840182353202424 -0.078230236181742893 -0.019730853121473397 -0.11126920041151872 0.073281191979402568 -0.095132415831893413 0.048993819103274105 -0.10016430441434232 -0.0038155576811174877 -0.0017017763882560344 0.013880030466828622 0.78067897976220813 0.049229113313615624 -0.10006713482503911 -35.350123563650747 0.0082888078711689881 -0.049761890903064016 0.085486286159582786 0.012788119800672543 0.071901946148758555 0.31309826970784005 -0.10002116611074592 -0.027091346525517798 -28.355443421910959 -0.10006779492873229 -0.26089656785538856 -57.506073311008642 1.0903030706784407 -0.064167073376152364 -0.0912797876699174 -0.013579987636324679 0.060481828626731585 -0.084980046663791275 0.074163642454300155 0.12540652596121948 -0.016613412161342295 -0.026938445888619218 0.084809357569609681 -0.11459828049944464 -0.009504197466222445 -0.00026769319769512004 -0.0012787244554957455 -0.0063215354772331858 0.1972375429298584 -0.076011335540511885 0.062727542416711565 0.010694165597948333 0.016167393034908589 0.040802477062177697 0.24011476876594046 -0.034492696736398369 0.018677197478716018 -0.028348097614878356 0.064912192020289583 0.046057719587955993 -0.045540372187633009 0.14936817093462268 -0.062521566406788007
leaf_weight=2035.7751622185251 38.834376974920247 540.07468208376838 120.66825946783047 27.606998936867171 94.338758371305573 95.357238545697555 729.52539392339395 66.699971159753886 55.612700039284391 40.165595100105179 44.079093265033407 6.01521077367829 496.06855911459388 1880.631530589998 995.91291025437135 0.34281980928244493 214.83422023180447 0.019215408024137903 0.005651752516769192 250.81816565202098 108.22435701337918 79.867404195199356 123.4349933754861 22.222687684809898 3.5876976356239529 0.01101895019883059 138.79413745237389 0.0035386888603170519 0.0074164101993119402 0.79086794064824062 0.0017414274007023786 0.33257918896197225 0.23938857476696185 38.125884698449795 294.10432020207895 29.013038965012129 40.816827188055072 18.024810588913169 10.287589756415398 267.08794167756179 635.27132018063276 98.749351248052335 77.635514297981558 235.1628593335189 26653.043112315878 3922.0553168603196 47.499131777451112 100.31391918527379 13.34682459188434 163.61358661539816 5500.0025300729449 204.73352164985761 21.23207787903084 5.8858156187152408 834.43385756348209 541.05406942506761 809.76300667973192 85.061572224200063 158.9402192968887 171.89649516780401 36.461586529176202 9.9363300054592383
leaf_count=32504 134648 235982 31542 21546 7618 951732 162096 557589 1187 6988 5705 14060 19823 105262 83613 172 40478 216 24 7024 19354 17584 3863 5537 936 322 18920 41 100 3705 44 82 171 81469 295206 834 119185 1202 198 31287 17992 4626 663201 32282 945391 162554 2864 1828 665 6810 616743 18695 606 201 26794 18587 13982 12173 7718 52799 5744 3144
internal_value=-0.000148844 -0.00436512 -0.0117308 -0.0093067 0.00705886 -0.0200305 -0.0166452 -0.0355232 -0.00627678 -0.0257032 -0.0198239 0.00131423 0.00896004 -0.00544673 0.00409015 -0.0448395 0.0442418 -0.133148 -8.11162 0.020084 -0.0120442 0.0207231 0.0460601 -0.0170221 0.0952712 -0.0464255 -0.0298605 -0.501683 -9.22705 -0.382739 -7.93431 0.0561432 0.607117 -0.0277184 -0.0215292 -0.0156836 -0.0222815 -0.0191297 -0.0236535 -0.011346 0.000535186 0.00311271 0.00257397 -0.0266153 -0.000888588 0.00364725 0.00746396 0.10602 0.145578 0.00547772 0.00442368 -0.00311486 0.169911 -0.0230214 -0.0325693 -0.00575992 -0.0104064 0.00187869 0.000564861 -0.0115519 0.00919848 0.103991
internal_weight=49234.5 6872.59 2992.09 2871.42 1136.7 1734.72 1639.36 581.184 1058.18 514.484 474.318 3880.5 1821.08 2059.42 1600.21 178.786 220.874 6.04008 0.0248672 306.431 604.293 746.965 206.89 751.748 83.4551 178.443 139.609 0.814583 0.0109551 0.803628 0.0127604 44.6511 0.571968 429.667 391.541 363.934 334.921 389.739 371.714 277.376 42361.9 15073.6 14974.8 531.093 27288.3 14443.7 9232.6 182.392 134.893 9050.21 8886.59 5211.11 121.546 1045.05 840.32 3386.59 2845.54 4166.06 4081 453.457 281.561 46.3979
internal_count=5635248 2987345 2546563 2515021 298670 2216351 1264619 1088775 175844 531186 524198 440782 177568 263214 122790 157952 54778 14300 240 8211 39177 258365 22383 167633 18520 157780 23132 4212 141 4071 366 5958 253 518240 436771 415225 414391 40305 39103 31485 2647903 1684520 1679894 757170 963383 922724 694589 5963 3099 688626 681816 228135 2434 45690 26995 65073 46486 182445 170272 93969 41170 8888
is_linear=0
shrinkage=0.1


Tree=105
num_leaves=63
num_cat=0
split_feature=29 44 27 45 25 7 45 25 41 45 21 25 1 2 5 29 40 30 27 28 40 39 29 40 27 21 5 29 21 0 13 21 25 19 37 44 29 3 10 2 27 25 19 12 29 12 21 28 34 1 19 25 19 14 7 19 28 42 21 45 4 10
split_gain=12.928 18.2635 12.3105 17.9197 12.1497 12.0535 12.7897 15.4798 15.9773 12.6514 31.2691 61.7133 38.1222 43.4888 32.7526 28.5839 50.7731 35.1338 67.3775 75.8164 64.8517 112.926 91.1756 39.4153 32.783 44.837 32.7749 38.3573 32.8028 32.3771 36.3616 28.1037 26.0232 28.0485 31.2403 43.0312 37.2808 34.4851 30.5763 29.5327 26.8512 28.3191 27.5981 25.8414 25.4905 25.0876 24.8695 23.8733 55.611 78.0241 41.3847 65.6179 23.8956 23.7819 29.6149 23.5393 22.9267 22.9236 22.5882 22.5796 22.5335 22.4536
threshold=2.5000000000000004 0.90210819244384777 7.5000000000000009 0.83421573042869579 10.500000000000002 83.500000000000014 0.35799026489257818 9.5000000000000018 0.80909091234207164 0.84447550773620617 0.17519181966781619 3.5000000000000004 1.5000000000000002 0.77065888047218334 1.0000000180025095e-35 1.0000000180025095e-35 1.0000000180025095e-35 1.0000000180025095e-35 2.5000000000000004 1.0000000180025095e-35 1.0000000180025095e-35 1.0000000180025095e-35 1.5000000000000002 1.0000000180025095e-35 1.5000000000000002 0.41885964572429663 1.0000000180025095e-35 1.5000000000000002 0.70710784196853649 0.86401242017745983 37.590579986572273 1.0000000180025095e-35 7.5000000000000009 99.760765075683608 -18.911825180053707 0.88939857482910167 1.0000000180025095e-35 8.5000000000000018 75.716625213623061 0.99996608495712291 1.5000000000000002 5.5000000000000009 70.627449035644545 52.73088455200196 1.5000000000000002 71.148777008056655 0.12701612710952762 1.0000000180025095e-35 2.5000000000000004 1.5000000000000002 95.393455505371108 7.5000000000000009 96.168525695800795 0.38750000298023229 17.500000000000004 95.393455505371108 1.5000000000000002 0.96590471267700206 0.94590643048286449 0.65292856097221386 1.0000000180025095e-35 81.120250701904311
decision_type=2 2 2 2 2 2 2 2 10 2 2 2 2 2 2 2 8 2 2 2 10 10 2 10 2 2 2 2 2 2 2 2 2 2 2 2 2 2 2 2 2 2 2 2 2 2 2 2 2 2 2 2 2 2 2 2 2 2 2 2 2 2
left_child=2 -2 5 -4 -3 6 7 -1 -9 10 11 -8 13 -12 43 16 58 20 19 55 24 22 -22 -21 31 44 27 28 -25 -18 -31 -17 33 34 35 40 53 -37 57 -38 41 -14 -43 -15 -26 -39 -13 50 49 -49 -33 -52 -51 -36 -55 -19 -24 -35 61 -16 -27 -11
right_child=1 4 3 -5 -6 -7 9 8 -10 15 12 46 32 14 59 17 29 18 -20 23 21 -23 56 26 25 60 -28 -29 -30 30 -32 47 -34 38 36 37 39 45 -40 -41 -42 42 -44 -45 -46 -47 -48 48 -50 52 51 -53 -54 54 -56 -57 -58 -59 -60 -61 -62 -63
leaf_value=-0.0044768345446234131 -0.083917171612161084 -0.0036995331323109839 -0.53824342806006065 -0.06914607260852533 -0.11091295050243417 -0.025122236886743223 -0.0026125803083571603 -0.017474620006580097 -0.1057214775379163 -0.062846591328421214 -0.026906281441725008 -0.07461577587126543 -0.025314899884188741 -0.03511686758273793 -0.018752382902185755 -0.090324852236590147 0.0025413623825164241 0.037838831697771885 -0.076763126647797233 0.12111307338972988 0.13343932013076579 -0.02637797447535143 0.062867626009407915 -0.0062766772158640424 0.098375772754123389 -0.050542944031872455 -0.059591747631372177 0.087969878991048245 -0.07901512398964218 -0.018081176144009902 0.046016148905168253 0.0075662656979797035 0.017443359036518415 -0.02084942548227086 -0.0016399684914449046 0.020811302892802707 -0.00081631182491701492 0.025537475375912933 0.022784803186343478 0.14974484438804939 0.037422633883251295 -0.062512903706912523 0.023507268827060522 0.010019877781111139 -0.04081916666429132 0.10813538587444234 -0.0051630681333316407 -0.0092952853627323948 -0.0057418254564901468 0.017223979174393882 -0.083747576716695082 -0.016470126132713897 0.056986513379698289 0.062586132576045048 -0.12067471752652253 -0.0050807186144058714 -0.13747758595542237 0.0635214385372284 0.036715393986673582 4.2621588039573263e-05 0.0081974547953594344 -0.0032350300207023026
leaf_weight=156.21809291206091 41.637477441337865 168.59551268260759 0.9486314917457993 5.7524889092956073 11.27675894114236 190.31219771206815 3960.8255663997775 44.677446155080361 37.938571915458397 209.78602682211931 638.58505321178382 174.35234351712938 448.36387860762704 132.88886854320435 1053.2358142186936 38.708781063734932 11081.295476655298 279.58489284016105 177.49493520093483 16.280656180036203 134.2463828863124 125.50904474148774 8.5122514036029333 230.31828716722953 81.046614853406936 68.294707850763643 317.73659334372724 32.673834514003147 84.835371927511915 119.15802500204154 344.03427354939049 568.86533095509503 2170.5552978293417 873.25837395771032 116.37396454237887 1638.2580491746567 4073.9572876473353 66.648995329281661 234.32328117490397 13.069781774647707 149.67219967157303 42.574887613874864 300.88700090282151 2786.547486562994 15.705710478740455 82.032103221310535 73.203831888109789 586.5951873984626 9214.6297188468398 249.33516053517462 164.55880418517881 1217.9605023714489 383.75139112356237 202.83465180819621 9.218798149871871 235.35811913774887 17.362860170835575 33.436139125115915 38.237714753895489 1625.9654135978153 1492.4389873161272 90.420966365740242
leaf_count=10670 203975 31428 58 296 10661 37683 221163 1233 2179 44374 14398 322135 455885 6501 33837 252939 973771 23546 6501 1244 2869 6016 272 9860 9689 19168 19070 3254 2691 5543 156605 78499 286445 60447 4702 126564 38254 49145 19562 176 13985 147102 180409 91388 5773 1575 38971 6876 1435103 8070 2449 15229 6047 20171 118 10098 707 2905 3067 67295 19175 5427
internal_value=-0.00013223 -0.0242362 -2.31794e-05 -0.135553 -0.0104211 -4.62765e-06 9.3398e-05 -0.0229909 -0.057999 0.000207014 0.00206331 -0.00564002 0.00400539 -0.00218192 0.000638163 -0.00119747 0.00250488 -0.00399225 -0.0192675 -0.0107403 -0.00253114 0.0446423 0.100311 -0.0326134 -0.00348798 0.00972214 -0.0363738 -0.0151644 -0.0258569 0.00362408 0.0295269 -0.00525029 0.00769644 0.00514286 0.00746822 0.0158806 0.00226994 0.0249963 -0.00941617 -0.000334837 -0.00142072 -0.00876296 0.0128444 0.00796531 0.0757804 0.0711094 -0.0540782 -0.00498441 -0.0030858 0.0169804 -0.0151365 -0.024478 0.0413264 0.0346844 0.0546191 0.0182222 -0.0715691 -0.0177381 -0.0356718 -0.00734599 0.00562709 -0.0448919
internal_weight=49183.2 221.51 48961.7 6.70112 179.872 48955 48764.6 238.834 82.616 48525.8 20901.1 4208.38 16692.7 6237.22 5598.64 27624.7 11882.9 15741.8 1374.28 1196.79 14367.5 285.631 160.121 681.845 14081.9 1657.49 665.564 347.827 315.154 11544.5 463.192 12424.4 10455.5 8284.91 7143.89 2728.44 4415.45 1786.94 1141.02 4087.03 941.498 791.826 343.462 2919.44 96.7523 148.681 247.556 12385.7 10434.3 1219.68 1951.38 1382.52 633.087 328.427 212.053 514.943 25.8751 906.695 338.445 2679.2 1560.73 300.207
internal_count=5635248 246064 5389184 354 42089 5388830 5351147 14082 3412 5337065 2203133 582269 1620864 213419 199021 3133932 1188787 1945145 76264 69763 1868881 9864 3848 36119 1859017 53805 34875 15805 12551 1135919 162148 1805212 1407445 1121000 1038086 974665 63421 177284 82914 38430 797381 783396 327511 97889 15462 50720 361106 1552273 1456096 20993 96177 17678 14117 24991 20289 33644 979 63352 52868 101132 38343 49801
is_linear=0
shrinkage=0.1


Tree=106
num_leaves=63
num_cat=0
split_feature=17 43 36 35 3 45 10 9 17 24 7 17 17 21 7 42 7 9 17 42 28 18 36 9 7 29 0 21 43 24 18 10 21 11 25 0 26 30 40 39 19 25 19 20 3 28 7 10 7 20 3 3 45 40 7 4 3 6 3 2 3 34
split_gain=13.3436 26.4773 28.0589 22.2711 32.1523 22.1179 21.309 20.1097 19.2256 25.4191 21.9747 19.4198 18.8479 42.2311 39.005 36.7428 59.621 48.0433 33.4163 30.8822 23.131 22.1426 21.6825 32.9189 28.5026 23.137 61.8312 53.3502 46.3197 43.4121 36.3038 62.5129 60.8982 117.276 44.7931 43.6922 37.9615 35.1864 36.3713 150.522 63.1635 33.7127 48.697 30.7923 30.758 30.4892 29.7994 112.067 49.958 44.4624 39.0874 36.5157 35.9285 33.3546 30.7427 40.2483 45.6299 36.4793 32.7373 29.5658 33.9945 29.3653
threshold=8.5000000000000018 0.8302990496158601 18.500000000000004 -99.765258789062486 17.500000000000004 0.98098206520080578 78.456192016601577 15.535444736480715 10.500000000000002 8.5000000000000018 1.0000000180025095e-35 11.500000000000002 6.5000000000000009 0.22902098298072818 1.0000000180025095e-35 0.90661337971687328 1.5000000000000002 86.319076538085952 7.5000000000000009 0.75931033492088329 1.0000000180025095e-35 65.465366363525405 12.500000000000002 36.461387634277351 1.0000000180025095e-35 1.0000000180025095e-35 0.86401242017745983 1.0000000180025095e-35 0.57787972688674938 6.5000000000000009 92.876655578613295 79.095325469970717 0.25357143580913549 99.275363922119155 6.5000000000000009 0.77194768190383922 0.095454547554254546 -1.0000000180025095e-35 inf inf 98.192703247070327 8.5000000000000018 94.602687835693374 98.124923706054702 20.500000000000004 1.0000000180025095e-35 1.5000000000000002 97.825057983398452 1.0000000180025095e-35 81.266712188720717 18.500000000000004 44.500000000000007 0.74991804361343395 1.0000000180025095e-35 18.500000000000004 1.0000000180025095e-35 30.500000000000004 1.0000000180025095e-35 52.500000000000007 0.99996608495712291 7.5000000000000009 1.5000000000000002
decision_type=2 8 2 2 2 2 2 2 2 2 2 2 2 2 2 2 2 2 2 2 2 2 2 2 2 2 2 2 8 2 2 2 2 2 2 2 2 2 8 8 2 2 2 2 2 2 2 2 2 2 2 2 2 10 2 2 2 2 2 2 2 2
left_child=12 5 3 4 -3 -2 7 -5 10 11 -8 -10 22 14 -14 19 17 18 -17 20 -15 -16 23 -1 -24 26 30 -27 29 -29 32 35 46 36 -35 61 44 41 -39 43 -41 42 -30 -40 -34 -38 47 48 52 50 53 -49 -25 -48 55 56 -52 -58 -59 60 -31 -32
right_child=1 2 -4 6 -6 -7 8 -9 9 -11 -12 -13 13 15 21 16 -18 -19 -20 -21 -22 -23 24 25 -26 27 -28 28 37 59 31 -33 33 34 -36 -37 45 38 39 40 -42 -43 -44 -45 -46 -47 49 51 -50 -51 54 -53 -54 -55 -56 -57 57 58 -60 -61 -62 -63
leaf_value=0.035679785891653104 -0.012471683481919908 0.028449923046272575 0.012854151983443477 -0.11525440426480518 -0.01485794714180565 -0.052152382427983882 -0.031982152655402878 -0.0038606013600101848 0.082919367468912236 -0.065691222834041316 0.11065939894087876 -0.010118329790258597 -0.0035284020602328208 0.021177164454078554 -0.067068000084104434 0.049087701206216514 0.33931224560829332 -0.037664038005889772 0.012222847191637787 -0.026629674237458746 -0.0042117398049873293 1.0771889609803793 -0.0064617335022159874 -0.02549319496767637 -0.058290587205175382 -0.091613228776329048 0.044761498573903304 -0.013788251078224806 -0.0051182944161753709 0.073101460790229722 -0.0588306563854342 0.0082292269437364996 0.050525138139248783 0.080715654536836948 0.0089504619754093174 0.003140474028481314 0.0086584383249327015 -0.0020879776481775246 -0.0075830822521995847 0.1123905379095098 -0.011768604806820886 -0.0064570322695078316 -0.075233906316308843 0.14017521926313631 -0.039856926278705955 -0.023926877901534249 -0.011914209653577493 0.045262907715596858 -0.067968306930112368 -0.16712787996683717 0.012942173091809856 0.19124797976135904 0.010084491715681147 0.074627374535356672 -0.0024046795186280926 -0.015257456037073139 -0.078477609432319503 0.056675219311862396 0.15822833460388505 -0.04854551162355647 -0.035878676964554178 -0.0098386571180343971
leaf_weight=265.37361359856732 726.33807019119149 436.88107136766939 1080.0458803870406 16.278392343951509 282.13224820666801 174.15089514155079 633.63275552030973 3659.1201563624677 49.150194387679221 30.063094987141085 10.987478474929956 41.275640756182838 573.86709442478684 795.41573115129563 123.24370155969893 542.66098292727474 6.0866176955832989 108.63325568116306 449.60935765661816 278.61078378455113 653.80029341926934 0.1693470521108783 2746.4478040367403 363.80169482760539 110.37044816009347 65.755834717539983 355.31409383974096 153.07279871183027 184.85659608350511 252.38058151546721 429.90120324269719 856.36318201030372 294.4974069038791 354.08844259350735 115.29102460517242 276.59344515144767 1535.948954945093 19263.105496252007 730.73643413536092 191.45970638718745 52.130349938634026 723.01214094736292 213.40639065433879 14.381451033172196 43.172257039187912 353.17063899845039 3064.9703190334867 521.65404544601006 107.87822772894197 16.487473978925664 607.62256084440605 17.716050250346598 1291.5184706017017 45.192133316053059 1998.0484186721853 277.14344221545616 17.448159161346211 228.26281713441131 36.871116611592015 27.11185592730817 32.284356487317325 171.0124940152391
leaf_count=276180 707632 22070 225865 4803 41188 338345 27331 331671 2126 1083 839 2231 101578 52436 94084 17285 477 4467 15571 7800 302478 2097 716075 12145 623210 284333 187105 49961 5009 28504 14224 63575 22855 93659 34631 9932 58887 392430 12727 8265 941 7854 1530 99 18157 15700 49304 15015 62150 568 21626 163 40345 2465 158151 1829 14553 5043 2407 252 15509 4423
internal_value=-0.000119923 -0.00411612 -0.00180273 -0.00487086 0.0114564 -0.0201458 -0.0075146 -0.00435397 -0.0226975 0.0139679 -0.0295508 0.0404515 0.00056044 0.00755097 -0.0144965 0.012974 0.0271973 0.0254717 0.0323838 0.00386132 0.0097232 -0.0654979 -8.24625e-05 0.000591108 -0.00846409 0.000327201 0.00360361 -0.00167421 -0.00140339 0.0298254 0.00248082 -0.0109916 0.00454972 0.017662 0.0630884 -0.0297494 0.00808674 -0.0020826 -0.00112787 0.0175779 0.0858194 -0.0193263 -0.0426892 -0.00473121 0.0389695 0.00256662 0.000436323 0.0101701 -0.0020318 -0.00312573 -0.00269486 0.0500579 0.00226533 -0.0106567 0.00512808 0.0180212 0.0283818 0.0615807 0.0707978 0.0512383 0.0607418 -0.0448881
internal_weight=49078 7140.06 6239.57 5159.52 719.013 900.489 4440.51 3675.4 765.109 120.489 644.62 90.4258 41938 3532.1 697.28 2834.82 1106.99 1100.9 992.27 1727.83 1449.22 123.413 38405.9 35549 2856.82 35283.7 13380 21903.7 21837.9 464.85 13024.7 1733.87 11290.8 2696.17 469.379 877.507 2226.79 21373.1 20251.8 988.708 243.59 1121.28 398.263 745.118 337.67 1889.12 8594.61 2302.57 1763.2 6292.05 6275.56 539.37 1655.32 3110.16 3165.4 1167.35 890.205 282.582 265.134 311.777 284.665 600.914
internal_count=5635248 1705184 659207 433342 63258 1045977 370084 336474 33610 5440 28170 4357 3930064 598273 197759 400514 37800 37323 32856 362714 354914 96181 3331791 1992506 1339285 1716326 908912 807414 523081 94226 721807 92154 629653 243889 128290 28579 115599 428855 414462 22032 9206 14393 6539 12826 41012 74587 385764 129818 114640 255946 255378 15178 52490 51769 203609 45458 43629 22003 7450 44265 44013 18647
is_linear=0
shrinkage=0.1


Tree=107
num_leaves=63
num_cat=0
split_feature=31 13 27 19 30 29 19 31 18 18 31 18 7 38 28 30 40 28 39 20 18 26 29 38 42 25 35 20 33 13 38 11 19 35 45 41 25 19 31 31 25 1 9 31 3 44 1 41 37 3 3 44 31 9 37 35 31 2 19 25 31 2
split_gain=14.2754 15.9907 11.9624 20.5441 12.4159 11.5228 13.3117 11.4131 20.19 23.277 15.567 43.3188 73.4957 42.642 41.0284 81.2237 63.3174 48.0033 71.0938 36.0902 33.7713 31.8199 58.3603 27.5443 28.8075 26.1083 25.2538 22.4296 33.4953 31.3693 21.3097 41.1708 32.2444 31.4637 28.959 28.7516 25.9897 54.0523 26.7321 25.1907 31.4766 31.3334 47.232 33.2583 227.357 668.482 86.3322 90.4359 116.866 31.0187 28.2907 34.3317 31.3849 29.2101 27.1126 41.6352 25.3071 24.5875 23.8719 23.528 25.6349 23.0684
threshold=-0.55556675791740406 94.201679229736342 4.5000000000000009 99.760765075683608 1.0000000180025095e-35 1.5000000000000002 98.295398712158217 0.64468246698379528 99.783550262451186 98.048732757568374 0.22482423484325412 42.441171646118171 1.5000000000000002 20.500000000000004 1.0000000180025095e-35 1.0000000180025095e-35 1.0000000180025095e-35 1.5000000000000002 1.0000000180025095e-35 88.942050933837905 83.189559936523452 0.31666667759418493 1.0000000180025095e-35 23.500000000000004 0.99382716417312633 10.500000000000002 -5.555553436279296 99.333301544189467 -57.142858505249016 29.818989753723148 23.500000000000004 43.557312011718757 75.44385147094728 1.0000000180025095e-35 0.73751839995384227 0.53571429848670971 3.5000000000000004 50.920385360717781 -0.4368812888860702 0.0087758675217628496 8.5000000000000018 4.5000000000000009 88.273490905761733 -0.51975500583648671 87.500000000000014 0.88019138574600231 2.5000000000000004 0.26785714924335485 -1.0000000180025095e-35 19.500000000000004 8.5000000000000018 0.86430218815803539 -0.27650307118892664 51.66851997375489 -35.074403762817376 -0.70838546752929676 -0.065839245915412889 0.21970581263303759 88.251724243164077 3.5000000000000004 -0.15282650291919705 0.22870501875877383
decision_type=8 2 2 2 2 2 2 8 2 2 8 2 2 2 2 2 10 2 10 2 2 2 2 2 2 2 2 2 2 2 2 2 2 2 2 8 2 2 10 10 2 2 2 10 2 2 2 10 2 2 2 2 10 2 2 2 10 2 2 2 10 2
left_child=1 -1 7 4 5 6 -4 10 9 -9 30 12 -12 -13 21 16 27 18 -18 20 -17 22 -15 24 -23 26 -24 28 -16 -29 39 33 36 35 59 -32 38 -38 -33 40 41 42 43 44 46 -46 47 -2 -49 -44 51 52 -43 -52 55 -53 -56 -57 -58 -34 -61 -55
right_child=2 -3 3 -5 -6 -7 -8 8 -10 -11 11 13 -14 14 15 19 17 -19 -20 -21 -22 23 25 -25 -26 -27 -28 29 -30 -31 31 32 34 -35 -36 -37 37 -39 -40 -41 -42 50 49 -45 45 -47 -48 48 -50 -51 53 54 -54 61 56 57 58 -59 -60 60 -62 -63
leaf_value=-0.13467657134543673 16.512449792937613 -0.0070883930227875385 0.01485476120823228 0.022236058266235953 -0.073562761713634087 -0.10298135463682528 -0.082558763766709814 -0.0079883332571500168 0.035610587817071875 -0.055241780612358349 0.058902389777309605 -0.0037896886502152196 -0.090577996380354187 0.056379453404845695 0.063293604685198221 -0.035357988980736103 0.14256612479415406 -0.1354765343190848 0.00081449031195560953 -0.064091860742751194 0.049367114154036051 0.0032139575880011473 0.014182479925750779 0.029694652048902172 0.036404636473031486 0.011751728466725779 -0.042444190042761495 -0.14527075845284207 0.0011450878186392388 0.071490682159666571 -0.016457475591927322 0.18640072985443795 -0.049910635431206024 0.062465306901714528 -0.0018009465760146432 -0.056862702012615521 -0.07931028458956893 -0.011555511448530977 -0.0054259576188573182 -0.0026004428423886659 -0.019496561436105838 -0.10957676096915055 -0.0024167226923584198 0.034044354664383401 -0.10000268247764613 91.369131371201831 0.19611459341820722 -0.10004700378834033 14.806943088892446 0.025236791430302937 -0.033381977582033033 0.047842542426131202 0.034073973310968557 -0.027802903640414198 0.013788248740989738 0.0754379011118404 -8.3482355014306104e-05 -0.019064181948292139 -0.03279227999886878 0.0909215189599277 0.01408205780044712 0.0021922754478856518
leaf_weight=16.642641803716153 0.0060194666948518707 23.972180698063312 68.704733357182704 72.885652601893526 69.908251771745199 13.952202782567836 17.627015675832808 1172.4200621003038 94.87820307900256 114.42007325449958 263.43221711529259 7438.6993314494612 37.585108053288423 137.8596532298252 88.0429925970966 149.38952873589005 83.623303644679254 10.850291018607093 61.330908615840599 254.90097895398503 68.672492522804532 1229.7820947576256 102.48965608002618 1371.0160482981591 332.12322735697671 237.80306088144425 340.09508536104113 7.2883991524577132 5773.5918307471438 79.506600701599382 1366.463207767712 7.2788520616413726 55.696387792442692 45.750027805870559 3706.1900873966024 202.16671520420869 149.77743282982715 550.5040327477393 3722.9214463002809 9167.0156649008277 497.33082805956292 15.611229234505116 1297.4084761323411 864.87756863204959 0.0029683170432690522 0.0010932642981060781 0.31906727466503071 0.024347103238142154 0.0067079939017266046 590.11927362953065 320.05682811744009 291.98552856337778 590.51162029346096 290.11317838741434 505.47388645046249 31.391203280636773 520.21353669464588 223.91985650446713 390.71604022989777 44.63845006709289 1587.1219021461729 2206.2529504954891
leaf_count=1206948 34 76471 1691 4517 3664 355 289 52907 56644 2015 10328 211999 499 8145 1346 4343 1362 167 674 6638 3546 42075 833 107571 71665 1788 2657 63 68120 9649 308643 3999 1134 2962 93460 876122 193060 47120 179545 162118 197073 195416 19523 112673 154 18 4131 740 5 19178 538522 133246 138789 74160 97578 1361 10920 27171 5394 7810 25637 198583
internal_value=-0.000108618 -0.0593699 -5.94326e-05 -0.0221881 -0.041213 -0.0186619 -0.00503491 5.1038e-05 -0.00890759 -0.0121899 0.000312681 0.00262034 0.0402382 0.001983 0.00614061 0.00138081 0.00447408 0.067404 0.0825902 -0.0385422 -0.0086762 0.0144863 -0.00295076 0.0193511 0.0102716 -0.0149722 -0.0293311 0.00282579 0.00207857 0.0532887 -0.00111319 -0.00448103 -0.00204902 -0.0192808 0.00314334 -0.0216649 -0.00837017 -0.026047 -0.00505164 0.00105063 0.00492604 0.00641837 0.0150975 0.0344445 0.99514 24.5209 0.726842 5.29434 3.11991 0.00622891 0.0019827 0.00956981 0.0303741 -0.0049401 0.00314828 0.0220512 -0.00415581 -0.00744489 -0.0141129 0.0140025 0.0161841 -0.00129359
internal_weight=48975.4 40.6148 48934.7 243.078 170.192 100.284 86.3317 48691.7 1381.72 1286.84 47309.9 18068.1 301.017 17767.1 10328.4 6577.2 6104.23 155.805 144.954 472.963 218.062 3751.17 818.247 2932.92 1561.91 680.388 442.585 5948.43 5861.63 86.795 29241.9 11438.5 9824.13 1614.38 5393.65 1568.63 4430.48 700.281 3730.2 17803.4 8636.34 8139.01 2752.77 865.238 0.360203 0.00406158 0.356142 0.0370746 0.0310551 1887.53 5386.25 2569.82 606.123 2816.42 1963.7 547.297 1416.4 255.311 910.93 1687.46 1631.76 2496.37
internal_count=5635248 1283419 4351829 10516 5999 2335 1980 4341313 111566 54922 4229747 553468 10827 542641 330642 95908 81381 2203 2036 14527 7889 234734 13423 221311 113740 5278 3490 79178 69466 9712 3676279 1739492 551765 1187727 128041 1184765 423724 240180 183544 1936787 1774669 1577596 156456 117755 5082 172 4910 779 745 38701 1421140 609875 334205 811265 275670 161778 113892 28532 16314 34581 33447 272743
is_linear=0
shrinkage=0.1


Tree=108
num_leaves=63
num_cat=0
split_feature=31 1 41 43 20 3 13 25 43 3 35 13 43 20 20 20 3 1 3 1 37 3 7 3 42 3 43 42 17 37 43 42 3 35 34 35 43 1 30 31 1 34 2 42 25 20 12 31 37 37 43 43 12 31 20 41 12 45 20 43 45 25
split_gain=125.895 895.821 15483.7 1488.03 1285.95 13847.6 603.38 546.333 190.778 183.638 814.83 147.766 128.711 123.495 95.7745 51.3816 3806.46 28618 469.665 3015.62 26.2272 969.034 22.5302 238.694 755.966 30.1341 968.577 2983.84 12.6374 11.2821 21.4608 20.0507 15.5236 14.8813 13.0288 57.0225 54.8107 40.6167 60.6574 64.1656 68.7564 101.489 46.3703 56.1757 39.4783 37.8397 40.1464 83.3368 56.9049 289.337 668.221 2419.65 5126.72 7218 6050.03 2025.92 3660.84 50.4121 114.33 46.5053 40.0724 62.2135
threshold=-0.51975500583648671 2.5000000000000004 1.0000000180025095e-35 0.86214557290077221 93.116607666015639 29.500000000000004 25.866189002990726 7.5000000000000009 0.6080540418624879 262.50000000000006 -17.645259857177731 32.757078170776374 0.60479471087455761 68.77500152587892 35.917467117309577 90.636241912841811 109.50000000000001 5.5000000000000009 87.500000000000014 5.5000000000000009 -61.904760360717766 75.500000000000014 25.500000000000004 224.50000000000003 0.24068965762853625 106.50000000000001 0.9212004840373994 0.25586469471454626 5.5000000000000009 15.735805511474611 0.99760764837265026 0.43951219320297247 7.5000000000000009 -37.141746520996087 4.5000000000000009 -3.7037010192871089 0.98122024536132824 2.5000000000000004 1.0000000180025095e-35 0.11745354533195497 3.5000000000000004 3.5000000000000004 0.74055027961730968 0.33534134924411779 3.5000000000000004 96.56854629516603 43.951219558715827 -0.12042653560638426 -61.28779220581054 -60.974290847778313 0.69404622912406932 0.64624768495559703 42.206478118896491 -0.37761045992374415 70.845237731933608 0.76388889551162731 43.288288116455085 1.000000059604645 73.926216125488295 0.94148769974708568 1.000000059604645 11.500000000000002
decision_type=8 2 8 8 2 2 2 2 8 2 2 2 8 2 2 2 2 2 2 2 2 2 2 2 2 2 10 2 2 2 10 2 2 2 2 2 10 2 2 10 2 2 2 2 2 2 2 8 2 2 8 10 2 10 2 8 2 2 2 10 2 2
left_child=1 2 3 6 8 -6 13 -8 12 15 -11 -9 14 -1 28 22 18 -18 -17 -20 21 -10 23 25 -25 -3 -27 -28 -4 34 31 32 33 -31 37 36 45 42 39 44 41 -41 43 -2 -39 46 47 48 -36 50 51 -50 -53 54 -54 -55 -57 -52 -59 -48 -51 -62
right_child=29 9 4 -5 5 -7 7 11 20 10 -12 -13 -14 -15 -16 16 17 -19 19 -21 -22 -23 -24 24 -26 26 27 -29 -30 30 -32 -33 -34 -35 35 -37 -38 38 -40 40 -42 -43 -44 -45 -46 -47 59 -49 49 60 57 52 53 55 -56 56 -58 58 -60 -61 61 -63
leaf_value=-42.263308905472144 0.036279613206901568 -0.11168669561683778 -5.5433961850348545 -87.207585412390742 -0.10000253076086625 -379.19519830027588 -65.579517885979584 -23.154118315973619 -0.10000210368651147 -0.10000159509724987 -99.892205265185552 -45.771218339282854 -21.422445581895115 -28.10833592152958 -0.10000423108617576 -0.1042320118436376 -541.21178826780204 -0.10000175569403823 -174.51271793128171 -0.10000337176589624 -0.11050664679547142 -99.702711288182897 0.014440327610671903 -99.611236377192711 -0.10000135478528319 -0.10000815961634327 -199.25938898444923 -0.10000226829969164 -9.1383683018030144 0.10568286821756859 -0.050053202294791613 0.0080034767772734269 0.028597968824730688 -0.052608693945593921 -0.08188701259702362 -0.016747664993268584 0.025090805381514199 -0.05792878680607666 -0.0035812963212154877 0.028664260744496683 0.03713990809030384 -0.016514780670227804 0.0016914024734072915 -0.01546118758087936 0.0036465248926567761 0.025183842335449111 0.00043202256785122557 -0.0079723062487685094 -0.10003099138399499 -0.16163290108538261 -0.49164464087015897 -0.10005107913993012 -50.74926889231989 -0.10004603098708845 -286.06762743448024 -174.43771562158813 -0.10000546802191615 -17.622970904000628 -0.10005863492149064 -0.017694761693115828 -0.10060595212865897 -3.8333667136891361
leaf_weight=0.0094452393840356308 224.88730464424043 22.533843088684648 0.017826020329265391 0.0091677927625255506 0.011100890823854459 0.0010551439438586394 0.016749359149798693 0.004317842591262889 0.036042517248574435 0.0044596448497031815 0.0010020822928699094 0.0087274425331997918 0.0046488635398418401 0.017739697032027379 0.031163853599309732 1.4206060547484174 0.0011088281850674129 0.0082450789154790982 0.0011467053991508491 0.0073165408257409581 1.7469367967268001 0.0010039887492894186 23.808355904149721 0.0010049116536937621 0.0031766198915192945 0.12598000435966028 0.0010042208054983339 0.0029983773122808088 0.021659635708147107 6.1981736142079162 125.69288627876085 401.18902966248243 34.364245346179814 142.12580225519014 103.74087974265829 2219.2667704247579 841.3525162853839 108.13451973992233 3755.868923229511 1154.2552117648011 1557.6566185882548 873.47811501004617 9383.0149486652626 3135.444008339442 2806.497281629292 541.89911533121631 19475.568164372911 416.25677300770406 0.10363118527584426 9.6874961470211307 0.50634585611322791 0.025384088014106965 0.0019740168700081986 0.0076138347275339201 0.0024467920475217397 0.0022938892143034035 0.0025361626976518892 0.0056637500287308731 0.010868830811887165 1526.2591374466065 0.1074332524958671 0.076404978914979438
leaf_count=46 11687 1388078 131 62 798 77 38 90 3320 512 97 84 29 94 1663 90631 99 707 70 633 2395 93 3790 121 334 11685 94 211 41 119 4973 8420 889 2678 967356 79860 35506 12699 216286 17859 23513 11698 443095 68635 222026 31030 1562350 268903 1607 94582 3947 423 84 39 61 45 66 33 88 37900 711 57
internal_value=-0.000215098 -0.159039 -2.26705 -49.8157 -0.586408 -33.0055 -43.7995 -53.629 -0.374451 -0.0738049 -18.4092 -38.2852 -5.30499 -33.0264 -4.24443 -0.0717149 -0.660344 -64.2443 -0.244158 -23.7316 -0.166343 -2.79931 -0.053497 -0.124852 -24.0147 -0.120444 -1.63868 -50.0675 -7.5154 -5.29762e-05 -0.0125706 -0.00450156 -0.031963 -0.045994 0.000131552 -0.00144223 4.00296e-05 0.00185147 0.00653583 0.0123818 0.0213399 0.00920268 -0.00191852 -0.0119985 0.00136205 -0.000914772 -0.00157159 -0.028739 -0.104379 -0.325761 -2.33871 -8.32321 -28.4937 -71.2307 -180.991 -32.2372 -82.8965 -0.669069 -6.10308 -0.000885299 -0.189388 -1.65198
internal_weight=48893.5 49.8578 1.93759 0.0661474 1.87144 0.012156 0.0569796 0.0297946 1.85928 47.9202 0.00546173 0.0130453 0.0752984 0.0271849 0.0706495 47.9148 1.43842 0.00935391 1.42907 0.00846325 1.78398 0.0370465 46.4764 22.668 0.00418153 22.6638 0.129983 0.0040026 0.0394857 48843.7 709.57 583.877 182.688 148.324 48134.1 25134.9 22915.6 22999.2 10255.9 6500.02 3585.39 2027.73 12743.3 3360.33 2914.63 22074.3 21532.4 530.538 114.281 10.5401 0.668758 0.14588 0.0422488 0.0168647 0.00442081 0.0124439 0.00483005 0.522878 0.0165326 21001.8 9.87133 0.183838
internal_count=5635248 1506023 8961 414 8547 875 352 212 7672 1497062 609 174 1864 140 1835 1496453 92140 806 91334 703 5808 3413 1404313 1400523 455 1400068 11990 305 172 4129225 17079 12106 3686 2797 4112146 3084648 3004788 1027498 504081 287795 53070 29557 523417 80322 234725 2969282 2938252 1338002 1069099 101743 6393 2325 718 295 145 150 111 4068 121 1600250 95350 768
is_linear=0
shrinkage=0.1


Tree=109
num_leaves=63
num_cat=0
split_feature=17 17 21 14 10 42 41 41 33 13 37 41 24 26 35 17 25 14 17 17 14 17 26 17 26 42 21 17 17 28 19 14 17 1 17 38 9 8 35 39 42 13 14 10 0 31 14 38 37 31 14 24 42 10 26 25 26 8 3 25 0 28
split_gain=11.4063 35.1903 40.0317 33.7658 45.6324 33.1477 31.0276 29.2421 81.8123 76.8623 43.0682 29.541 43.6497 48.8265 38.024 37.4794 54.515 41.7097 49.2208 36.6491 35.6723 34.7749 46.002 38.7715 44.9493 54.746 32.3813 32.2811 30.8697 29.9933 29.9181 29.8571 44.6073 29.5333 29.521 28.8327 28.0253 26.2843 27.3595 26.1093 25.8574 35.4813 33.5951 32.0395 53.1376 124.467 25.4684 27.0621 23.4048 23.8674 23.2208 22.835 22.4862 22.1629 21.7849 23.5774 22.1014 21.5342 21.4837 23.317 20.9288 21.5089
threshold=7.5000000000000009 6.5000000000000009 0.17519181966781619 0.84523808956146251 84.660633087158217 0.89825499057769786 0.80909091234207164 0.63333335518836986 -11.764707565307615 64.051280975341811 -29.018291473388668 0.84523808956146251 6.5000000000000009 0.86607143282890331 -81.879009246826158 15.500000000000002 7.5000000000000009 0.61250001192092907 10.500000000000002 9.5000000000000018 0.52777779102325451 10.500000000000002 -1.0000000180025095e-35 11.500000000000002 0.10555555671453477 0.23606810718774798 0.98275861144065868 10.500000000000002 8.5000000000000018 1.0000000180025095e-35 45.913782119750984 0.52777779102325451 12.500000000000002 13.500000000000002 8.5000000000000018 21.500000000000004 87.007671356201186 3.5000000000000004 1.0000000180025095e-35 inf 0.23606810718774798 18.808961868286136 0.31666667759418493 16.784037590026859 0.22546969354152682 -0.036646515130996697 0.64583334326744091 30.500000000000004 -41.666666030883782 -0.036646515130996697 0.64583334326744091 10.500000000000002 0.52704679965972911 59.122919082641609 -1.0000000180025095e-35 7.5000000000000009 0.61250001192092907 3.5000000000000004 4.5000000000000009 4.5000000000000009 0.1500717177987099 1.0000000180025095e-35
decision_type=2 2 2 2 2 2 8 8 2 2 2 10 2 2 2 2 2 2 2 2 2 2 2 2 2 2 2 2 2 2 2 2 2 2 2 2 2 2 2 8 2 2 2 2 2 10 2 2 2 10 2 2 2 2 2 2 2 2 2 2 2 2
left_child=1 -1 -3 4 7 6 60 9 10 35 33 15 21 14 -14 16 17 27 28 29 -15 -13 -23 24 25 -24 46 -10 30 34 -19 -21 39 40 -16 52 -7 -22 -39 -33 41 -9 48 44 45 -43 -17 -48 49 -42 -34 -5 -2 -11 55 -31 -56 -49 59 -25 -4 -62
right_child=3 2 5 51 -6 36 -8 8 11 53 -12 12 13 20 19 26 -18 18 -20 31 37 22 23 58 -26 -27 -28 -29 -30 54 -32 32 50 -35 -36 -37 -38 38 -40 -41 42 43 -44 -45 -46 -47 47 57 -50 -51 -52 -53 -54 -55 56 -57 -58 -59 -60 -61 61 -63
leaf_value=-2.8016777670437423e-05 0.01745135027678571 -0.016835423857250256 0.16278847135634344 0.01928600703560698 -0.045627779121309588 0.044983796962709127 -0.017278873780145875 -0.060680283521664394 0.113946085875664 0.10652367052501857 -0.087284702954137081 -0.0058711660788003028 0.021117319362044092 -0.0082726287334344822 -0.028250735965150028 -0.087770813222243699 0.077482437033301335 -0.016720981303106251 0.06795604456716435 -0.0049680447507290523 -0.1053067601544002 -0.0024403919178342891 1.7795723180178862 -0.12987466744117157 0.042282450362031189 0.17793307825541405 0.10030281618101906 0.0050889137730225327 -0.044328515294929427 -0.093634417333813558 0.12652988589478814 0.20006024928480667 -0.069242663216152758 -0.068993443323943568 0.043077942406803342 -0.0094513220158046404 -0.025045936684560646 -0.23083981100077283 -0.77052432861480102 -0.074880726378157278 -0.088143505897927632 -0.10030011699565188 0.01409551224214857 0.022856333670683009 0.15131204851536309 6.3071499257271952 0.021333930016733192 0.12009779841991924 -0.093726653888192943 -0.011727744884177925 0.076346458778678322 0.10275213905334855 -0.012686615553235997 0.038732931381019499 -0.014186688904169676 -0.48184552976341888 -0.11542552206210757 0.95680038251537691 0.083833452771401404 0.020607923975480613 0.035282514946538911 -0.0015955537113150392
leaf_weight=38251.401020828431 1021.8860973577018 351.40023389958856 10.262976525611746 256.00935742438469 261.71786726390565 577.38979887778078 311.14393855798335 33.653821293823142 57.357596021868176 60.660329007175733 140.49618396459118 1121.1260155288951 246.47564548066475 27.711767052353935 86.37153938484073 70.383846539394654 150.89245367276408 40.476497645547624 68.018351135940065 152.30429347761492 33.486228665453382 317.75182955104788 0.21456707587758828 11.118905923602595 47.052414790713101 39.715019290809387 13.557906130095942 51.883583642501435 221.44606327660404 7.8996463510638915 22.787185648623563 3.4930270268632739 16.124777805818667 132.08035810508784 176.78570269159854 1691.8826134549265 63.423046325186078 11.689873369654377 1.0214286473346863 308.80388156489778 53.511084591432081 0.086049768444581787 134.673857872594 59.359787692572148 22.271125463877297 0.04680834017927793 8.4984001104494364 0.63908551078202325 76.566028133678941 173.06427719097513 34.170790493171808 37.590696351661791 326.71482474742425 235.28236335879274 376.80124809116023 1.9507698846618948 22.872808643063763 0.59303549011519863 52.404370530765732 139.25663776091915 354.84094541741746 285.32517839499502
leaf_count=3331791 113658 84886 3539 9110 20924 18618 155923 64108 2177 2888 19128 86242 21617 2195 862 4809 7561 1967 4705 11290 2398 27771 75 1120 2365 8705 3928 3878 8077 857 1824 116 1168 733751 2202 209591 2473 933 59 16724 385117 1270 14473 78650 6784 7 350 16 9917 16855 2067 1002 8546 8344 22756 113 345 98 10444 15076 14128 42877
internal_value=-6.84841e-05 0.000640613 0.0137311 -0.0033603 -0.00452994 0.0204343 0.00869295 -0.00320291 -0.00822689 0.00397815 -0.0368475 -0.00223289 -0.00627691 -0.0187107 -0.0146256 0.0162926 0.025297 0.00825172 -0.00847016 -0.0220439 -0.0979728 0.00456958 0.0238373 0.0526533 0.108505 0.18654 -0.0426196 0.0622449 -0.0267287 -0.0066745 0.0348771 -0.042123 -0.0577297 -0.0265074 0.019667 -0.000757163 0.0380528 -0.15178 -0.274207 -0.0718055 -0.0163641 0.0257423 -0.0274643 0.0613136 0.163207 2.15716 -0.0668067 0.0848334 -0.0459277 -0.0297751 0.0296705 0.0299725 0.0101501 0.0526282 -0.0236013 -0.170515 -0.0199805 0.522813 0.028696 0.0094811 0.021117 0.0188458
internal_weight=48865.9 40205.2 1953.79 8660.69 8367.09 1602.39 961.573 8105.37 4768.95 3336.43 825.809 3943.14 3236.6 1507.96 1434.05 706.534 612.862 461.969 352.728 1187.58 73.9093 1728.64 607.514 289.762 86.982 39.9296 93.6723 109.241 284.71 672.682 63.2637 514.897 362.592 685.313 263.157 3040.48 640.813 46.1975 12.7113 312.297 553.233 115.418 437.815 81.7638 22.404 0.132858 80.1144 9.73052 303.141 226.575 50.2956 293.6 1348.6 295.943 409.524 9.85042 399.674 1.23212 202.78 150.376 650.429 640.166
internal_count=5635248 3654235 322444 1981013 1970901 237558 216467 1949977 1606950 343027 1330060 276890 237500 85702 80117 39390 30189 22628 16573 58500 5585 151798 65556 37785 11145 8780 9201 6055 11868 27135 3791 31365 20075 1310932 3064 331795 21091 3390 992 16840 577181 150819 426362 86711 8061 1277 5273 464 411889 401972 3235 10112 122204 11232 24071 970 23101 114 26640 16196 60544 57005
is_linear=0
shrinkage=0.1


Tree=110
num_leaves=63
num_cat=0
split_feature=45 43 25 43 42 31 43 12 35 42 45 21 25 24 29 31 40 24 30 24 40 39 29 18 40 24 19 43 35 21 18 18 18 21 43 19 34 43 25 26 26 35 21 18 9 0 31 0 18 8 3 43 26 26 18 28 29 25 21 12 25 19
split_gain=10.7635 25.9629 23.1762 17.9946 24.7616 22.1186 20.4532 17.9752 25.7313 29.173 14.9776 26.9836 30.029 34.5182 18.7764 56.3802 43.712 44.6316 29.0885 115.703 66.643 125.882 92.047 42.1807 38.7455 34.217 60.5462 61.6581 61.1087 58.779 36.3891 38.5634 35.8347 58.0832 32.3589 33.5842 32.0203 37.9216 36.8185 37.856 35.2969 47.7307 37.8696 34.3804 28.8911 31.3519 28.803 57.102 35.5147 28.7114 28.4171 35.0886 36.6272 27.7718 37.5584 26.9103 25.7482 25.4472 25.1463 30.7552 25.0913 27.3151
threshold=0.55098927021026622 0.98557657003402721 13.500000000000002 0.48299005627632147 0.40967366099357611 -0.15645624697208402 0.98122024536132824 68.801231384277358 1.0000000180025095e-35 0.13484848290681842 0.81016990542411815 0.17519181966781619 3.5000000000000004 7.5000000000000009 1.0000000180025095e-35 -0.24137575924396512 1.0000000180025095e-35 6.5000000000000009 1.0000000180025095e-35 6.5000000000000009 1.0000000180025095e-35 1.0000000180025095e-35 1.5000000000000002 95.260559082031264 1.0000000180025095e-35 9.5000000000000018 96.984848022460952 0.98894992470741283 -1.0985221862792967 0.89736840128898632 98.048732757568374 96.162029266357436 97.23496246337892 0.92582416534423839 0.99760764837265026 99.052112579345717 4.5000000000000009 0.94148769974708568 5.5000000000000009 0.38750000298023229 -1.0000000180025095e-35 -4.3468627929687491 0.43167701363563543 97.067424774169936 32.466217041015632 0.37240479886531835 0.35236643254756933 0.80898490548133861 79.940830230712905 2.5000000000000004 5.5000000000000009 0.81019148230552684 0.10555555671453477 0.84523808956146251 98.253242492675795 1.0000000180025095e-35 1.5000000000000002 4.5000000000000009 0.74456521868705761 68.801231384277358 7.5000000000000009 93.295883178710952
decision_type=2 10 2 10 2 10 8 2 2 2 2 2 2 2 2 8 8 2 2 2 10 10 2 2 8 2 2 10 2 2 2 2 2 2 8 2 2 8 2 2 2 2 2 2 2 2 10 2 2 2 2 10 2 2 2 2 2 2 2 2 2 2
left_child=1 2 3 -1 5 6 7 8 -5 -10 11 12 -2 -14 16 -16 17 -12 20 23 25 22 -22 57 -21 36 27 50 -28 -30 31 -31 -33 -34 -26 -36 40 38 39 -38 43 49 -43 60 45 -44 -18 48 -48 -42 51 52 -27 -19 -55 -29 -54 -20 -53 -60 61 -17
right_child=10 -3 -4 4 -6 -7 -8 -9 9 -11 14 -13 13 -15 15 18 46 53 19 24 21 -23 -24 -25 34 26 28 55 29 30 -32 32 33 -35 35 -37 37 -39 -40 -41 41 42 44 -45 -46 -47 47 -49 -50 -51 -52 58 56 54 -56 -57 -58 -59 59 -61 -62 -63
leaf_value=-0.012616300712616005 -0.0031638809391024789 -0.033298199587111214 -0.069798109024087354 -0.058288699571865915 0.017748310230723919 -0.0151050453978406 2.3413507958215245 0.22993005859570365 1.6865660437387324 0.2407060183971248 0.031779989855865519 0.0050102649075525153 -0.089689047086882509 0.0035068497156478078 -0.090040899860711732 0.054403637880421046 0.001034304826293874 -0.069013272568268155 -0.062629847720862372 0.13995479755562631 0.13072416482897256 -0.024262662595243401 -0.069325029589961062 -0.073099309359101375 -0.045638797460524828 0.018932063483804051 -0.026643067701275436 0.042740378457448908 0.03186093862573712 -0.03064624346815488 -0.073177539047250093 0.079188477270057761 -0.051219879448075115 0.073452018780975598 0.11155827303503159 -0.032364482991467929 -0.018607212510358528 -0.021890503966847066 0.0030303546355291782 0.06647119680602516 -0.021845234877213189 0.10326014562484057 0.24853604223611336 -0.11094954048453734 0.008599005062879991 0.048059985272816137 0.037578641079293831 0.0428608876606092 -0.0057833863982007065 0.00050459155799095561 -0.011872226994271836 0.0017293221138296796 0.10236606930800148 0.0042908803794199386 -0.69218670530115389 0.13224438587052242 -0.0026673263451017755 0.030058588850848195 -0.0452901563512439 0.043349482714084953 -0.00059064175252577611 -0.066184632451417355
leaf_weight=799.1961891269159 2930.8325952888772 316.17042221168322 50.029999350523212 7.3536577079943282 766.58816118178504 462.73789738850974 0.040938740014097585 6.3487293093128292 0.16716265297872812 0.84479397801124267 87.081431892023033 11966.763931308727 87.982089276380634 72.484299963825265 74.24028136200549 21.790914683571827 11188.738278939065 212.76155908022622 31.322171502945821 12.068969014795583 150.45186396191275 150.06298372297169 27.151188467583779 47.414727340701575 854.50865289601734 217.71925231035107 894.87489509826264 76.69508799009418 547.13158439565086 250.65182536933207 87.769527605254552 81.775358017908729 95.539285184568143 61.375555860482564 27.431039014551061 39.647758114981116 1691.1281863025511 1904.4628410815676 2450.2658544726851 53.968258385955778 886.26008175669631 44.40825852445596 9.1505803774944052 42.573734904108278 2668.6840711557252 52.883703766470717 236.22412635592627 513.5743240093434 942.45155834653997 1635.4730082856131 387.35673638220396 933.7788905668765 124.77153882656967 86.257918986384311 0.78128341977571736 59.770968423061277 28.709972241427749 545.12928911472591 44.541610500608385 323.00351867062273 310.60679107134274 136.1364113284144
leaf_count=114945 171929 12718 5088 72623 29943 26682 37 862 21 479 22316 1226096 223226 56515 1644988 592 1016960 31649 983 312 2563 3097 770 883 20558 18976 13824 1200 6965 2628 890 1018 987 628 550 988 197949 49267 180871 2085 19620 551 985 453 35885 2593 25615 189119 56385 23455 50165 18816 3793 7166 52 524 2087 22690 1476 4110 2720 1327
internal_value=-7.17498e-05 -0.00658839 -0.00255417 -0.000907695 0.0066139 -0.0112618 0.109267 0.103056 0.0067709 0.479544 0.000266586 0.00285874 -0.00547008 -0.0475915 -0.000978455 -0.00307475 0.00187857 -0.031241 -0.00271623 -0.015778 -0.00147959 0.0431675 0.100142 0.0175649 -0.0380575 -0.00238693 0.00535569 0.0168465 -0.00714375 0.00837732 -0.0138864 -0.00325176 0.0255156 -0.0024558 -0.0403888 0.0264909 -0.00512789 -0.0101879 -0.00487554 -0.0159761 0.000186387 0.00260799 0.0116569 -0.0249099 0.0101672 0.0776319 0.00287332 0.0150325 0.00290701 -0.00735023 0.0125339 0.0181864 0.0453061 -0.0495464 -0.00196086 0.0819424 0.0827187 0.0250223 0.0104505 0.0326075 -0.0170918 -0.0495458
internal_weight=48818.1 2409.48 2093.31 2043.28 1244.08 477.493 14.7553 14.7143 8.36561 1.01196 46408.6 15058.1 3091.3 160.466 31350.6 18082.7 13267.9 386.882 18008.4 1557.52 16450.9 327.666 177.603 623.866 933.656 16123.3 4215.47 2196.35 2019.12 1124.24 577.112 489.342 238.69 156.915 921.587 67.0788 11907.8 6099.83 4195.36 1745.1 5807.97 5296.86 2775.13 511.108 2730.72 62.0343 12881 1692.25 1178.68 2521.73 2059.88 1672.52 371.201 299.801 87.0392 136.466 153.482 576.451 1301.32 367.545 468.534 157.927
internal_count=5635248 263398 250680 245592 130647 100704 74022 73985 73123 500 5371850 1677766 451670 279741 3694084 2344822 1349262 61183 699834 46964 652870 6430 3333 24556 22408 646440 128087 101147 26940 13116 6151 5261 2633 1615 22096 1538 518353 430172 380905 200034 88181 83089 40014 5092 39463 3578 1288079 271119 82000 43075 99423 49258 24856 38867 7218 1724 5880 23673 24402 5586 4639 1919
is_linear=0
shrinkage=0.1


Tree=111
num_leaves=63
num_cat=0
split_feature=34 1 1 0 31 18 42 17 18 0 3 44 12 2 35 8 0 44 12 21 38 26 9 33 18 42 35 31 9 3 1 12 36 37 2 43 33 21 13 0 2 13 18 2 3 42 21 31 0 9 12 14 13 31 3 21 37 33 33 17 13 41
split_gain=10.6109 12.9416 31.6146 43.1567 97.3116 10.7992 21.4 10.5388 24.5901 22.4892 18.7914 13.5264 15.8142 11.8006 50.9457 52.8823 11.2431 14.7113 23.4394 16.639 16.1866 24.315 13.6265 12.4843 14.6742 12.7274 12.3711 14.2292 18.2862 13.3507 13.8588 13.1838 12.352 26.4356 11.926 10.9908 11.87 23.8518 14.4237 13.9921 12.3126 11.8721 10.8594 11.3024 14.0906 23.3767 10.1345 14.2638 10.4345 9.97557 9.82586 68.3219 49.8243 43.6881 32.9105 59.231 30.6588 42.3689 43.141 52.8161 40.7301 40.4016
threshold=322.50000000000006 270.50000000000006 272.50000000000006 0.18071097135543826 -0.0069816559553146354 79.253978729248061 0.18808961659669879 19.500000000000004 79.940830230712905 0.38193324208259588 15.500000000000002 0.26365442574024206 38.165266036987312 0.64417582750320446 -7.6882972717285147 6.5000000000000009 0.14652930945158008 0.76064977049827587 91.331184387207045 0.4220647811889649 25.500000000000004 0.63068181276321422 56.294013977050788 -81.227836608886705 82.27399063110353 0.091608393937349333 -33.333333969116204 -0.036646515130996697 48.714567184448249 5.5000000000000009 15.500000000000002 90.521114349365249 2.5000000000000004 -48.385467529296868 0.17747756093740466 0.98255756497383129 -81.227836608886705 0.65942031145095836 16.53005409240723 0.6228548288345338 0.47737127542495733 36.254106521606452 90.632698059082045 0.61523786187171947 24.500000000000004 0.12632978707551959 0.98275861144065868 0.27561780810356146 0.58960780501365673 36.088342666625984 93.908470153808608 0.15476191043853763 97.498435974121108 -0.36082166433334345 28.500000000000004 0.61721614003181469 -24.999998092651364 -17.633052825927731 -2.2739028930664058 4.5000000000000009 76.028167724609389 0.76388889551162731
decision_type=2 2 2 2 8 2 2 2 2 2 2 2 2 2 2 2 2 2 2 2 2 2 2 2 2 2 2 8 2 2 2 2 2 2 2 8 2 2 2 2 2 2 2 2 2 2 2 10 2 2 2 2 2 8 2 2 2 2 2 2 2 8
left_child=1 7 3 4 -3 -4 -7 16 35 11 46 12 -10 -13 15 -15 17 19 23 32 21 22 -21 24 -19 -25 29 -28 -29 30 31 34 33 -1 -27 -9 37 39 -39 -37 -40 49 -12 44 45 -44 48 -48 -11 -38 52 -52 53 -18 56 -56 57 60 -59 -60 -55 -58
right_child=-2 2 5 -5 -6 6 -8 8 9 10 42 13 -14 14 -16 -17 50 18 -20 20 -22 -23 -24 25 -26 26 27 28 -30 -31 -32 -33 -34 -35 -36 36 41 38 40 -41 -42 -43 43 -45 -46 -47 47 -49 -50 -51 51 -53 -54 54 55 -57 61 58 59 -61 -62 -63
leaf_value=1.5750202563869422 -0.092059690114498716 -0.10008305243492639 0.010546556296525511 1.0975561968861343 16.862130268740074 1.6146674101730811 0.23351847008280857 -0.068878517629530442 1.6452893655776841 -0.011971687640833029 -0.049240935683134833 0.057208626605563973 0.2396550058120536 -0.10016886635415981 0.1560546407547182 5.9786641563280156 -0.085256206769602383 0.1620192749171992 -0.010811212965710956 -0.10676468664878605 0.038139757050743066 1.1314997645751688 0.41359659844303343 0.82259438160080856 0.76541419652396325 0.19801343814476635 0.092222750994646913 0.085815507905051366 -0.019562746268320719 -0.026002358224049185 0.10245094840285052 0.96744089624155394 -0.022578942571627736 0.076134803871391279 0.84275543714119161 -0.11503008982918342 -0.07709650699821835 -0.056940411611184349 0.42089399142927197 -1.0344783371241522 0.13550444086328262 0.0079784444835713456 1.2653222763748575 0.05605869384639979 0.1025588220236698 0.2995735220774372 -0.015313563769404459 0.089372792098975085 -0.070254367603092269 -0.42191404675459093 0.091269590409884957 0.00081395830748356372 0.10067573905550453 -0.0004922846440954089 -0.066629646976010468 0.012228789794930618 -0.0004259459160520181 0.040400699549911837 0.017491815939831651 -0.059330017558880323 0.10991615353053086 -0.017235888312016442
leaf_weight=0.11914162374659909 12.534832344623281 0.0079338262794408365 2.6886218903757708 0.083074771458541363 0.0058954393655302759 0.12171588060209604 1.4325635793375111 93.8433254088784 0.11420601769441319 70.04161513659119 5.3050792707958889 43.86605553450454 0.26753990647739556 0.025336271484775352 0.37862972430730124 0.032886880715068401 63.027319798137938 3.5253671652315002 79.610167162521037 0.79991055017103363 5.5962880746164956 0.33912429302017688 1.3568629967521699 0.2137538951359933 0.45507010868323039 3.3677325297553615 29.924764020338934 23.293999861944059 56.189389523118734 6.8458969405355665 26.452352506357101 0.27772908858878498 134.80107072998084 9.5035025841910663 0.31361091486769499 3.119673254156623 21.925408834786371 2.5759178660991875 2.1266402175288022 0.17478503411257396 5.2281611471325959 26.682906254479803 0.28588633154413701 11.395304341063818 3.6000140058727084 2.0331156616307453 54.573624722290333 17.091454562963918 54.71373580027921 0.87237691195332345 83.737343707416585 29506.059808828373 47.251191931944049 10731.134135697168 209.70286710087748 174.50975920258134 3621.4732508423731 545.22177296454356 389.85351780968631 116.16040807422542 33.51700710109435 2362.4865678329643
leaf_count=32 13483 103 12215 174 13 66 947 157307 67 13119 2967 24704 121 152 186 13 1976508 1480 21911 1711 2089 108 28 59 71 702 16661 2596 721 4315 6798 31 246055 4001 90 1343 5633 197 83 5 129 4624 39 819 366 322 3382 3351 2358 139 6810 1363391 21729 1292007 206010 18085 75517 19567 13507 4697 1366 78168
internal_value=-6.54997e-05 -4.18174e-05 0.172637 1.95859 7.13094 0.131848 0.341676 -5.72093e-05 -0.0158241 0.00281241 -0.0103771 0.0674662 0.660175 0.062359 0.579528 3.33341 8.00768e-05 0.0171457 0.0330892 -0.00694692 0.132591 0.344369 0.220603 0.0562558 0.231003 0.0515202 0.0503964 0.0334483 0.0113202 0.100166 0.128567 0.303061 -0.0147654 0.0946931 0.252939 -0.0472194 -0.0148051 0.0693516 0.146702 -0.163811 0.218025 -0.0372984 0.0759347 0.114288 0.226392 0.418631 -0.0203166 0.00965316 -0.0375326 -0.0902912 -5.64166e-05 0.00106994 -0.00187822 -0.00214379 -0.00185571 -0.0308121 -0.00123069 0.00172277 0.0208847 -0.000143382 -0.000148515 -0.00706257
internal_weight=48704.3 48691.7 4.33981 0.096904 0.0138293 4.2429 1.55428 48687.4 420.274 263.724 219.04 44.6847 0.381746 44.3029 0.436853 0.0582232 48267.1 382.986 230.47 152.516 8.09219 2.4959 2.15677 150.86 3.98044 146.879 146.665 109.408 79.4834 37.2573 30.4114 3.95907 144.424 9.62264 3.68134 156.549 62.7059 13.2252 9.93072 3.29446 7.3548 49.4807 22.6194 17.3143 5.91902 2.319 196.42 71.6651 124.755 22.7978 47884.1 29589.8 18294.3 18247.1 18184.1 384.213 17799.8 11815.9 1051.24 506.014 10764.7 5983.96
internal_count=5635248 5621765 13518 290 116 13228 1013 5608247 221426 51966 26723 25243 188 25055 351 165 5386821 309459 55435 254024 3936 1847 1739 33524 1551 31973 31914 19978 3317 11936 7621 823 250088 4033 792 169460 12153 1757 409 1348 212 10396 4513 1546 727 361 22210 6733 15477 5772 5077362 1370201 3707161 3685432 1708924 224095 1484829 1331144 37771 18204 1293373 153685
is_linear=0
shrinkage=0.1


Tree=112
num_leaves=63
num_cat=0
split_feature=34 37 45 0 0 31 13 8 20 25 30 35 29 30 19 26 28 12 25 0 19 25 25 1 31 14 35 20 8 25 21 28 26 31 43 21 20 3 19 21 31 3 28 21 5 1 37 26 31 30 29 34 31 20 19 30 25 28 21 28 20 19
split_gain=17.4143 39.9272 162.193 221.042 115.739 354.243 823.603 80.0937 18.9137 11.8771 10.4833 56.8087 10.0884 98.5073 41.5074 46.1009 42.4973 38.0767 32.6882 29.5669 26.9383 26.8339 27.7917 24.4574 36.6663 23.1552 22.4952 21.7574 21.3187 19.6421 26.7062 19.3766 18.7708 18.5998 17.4817 67.6343 40.5988 41.8287 31.7309 32.033 28.3429 29.3696 25.513 25.8891 28.9999 25.2206 199.716 23.5742 29.687 27.292 28.4858 23.3058 40.0736 22.6329 92.0401 44.6614 34.6108 27.6232 26.8163 26.3088 29.2211 28.9758
threshold=198.50000000000003 -69.21856307983397 1.000000059604645 0.27534979581832891 0.18071097135543826 -1.0000000180025095e-35 28.370221138000492 12.500000000000002 85.372985839843764 4.5000000000000009 1.0000000180025095e-35 -23.807350158691403 1.5000000000000002 1.0000000180025095e-35 98.369518280029311 0.4083333313465119 1.0000000180025095e-35 62.622549057006843 4.5000000000000009 0.7368028759956361 61.916847229003913 4.5000000000000009 8.5000000000000018 270.50000000000006 -1.0000000180025095e-35 0.44949495792388922 -1.0000000180025095e-35 76.609558105468764 10.500000000000002 12.500000000000002 0.84807693958282482 1.5000000000000002 0.21111111342906955 -0.0069816559553146354 0.93557819724082958 1.0000000180025095e-35 66.04639053344728 14.500000000000002 54.595132827758796 0.25357143580913549 -0.18276628851890561 47.500000000000007 1.5000000000000002 0.12701612710952762 1.0000000180025095e-35 175.50000000000003 -74.456264495849595 0.15476191043853763 -0.12459006160497664 1.0000000180025095e-35 1.0000000180025095e-35 183.50000000000003 0.1734898462891579 94.513019561767592 93.563182830810561 1.0000000180025095e-35 6.5000000000000009 1.5000000000000002 0.56385868787765514 1.0000000180025095e-35 94.925979614257827 91.385021209716811
decision_type=2 2 2 2 2 10 2 2 2 2 2 2 2 2 2 2 2 2 2 2 2 2 2 2 8 2 2 2 2 2 2 2 2 10 8 2 2 2 2 2 8 2 2 2 2 2 2 2 8 2 2 2 10 2 2 2 2 2 2 2 2 2
left_child=12 2 4 -4 5 -2 7 -7 -3 -10 -6 -12 34 14 15 17 -16 33 28 27 23 -15 25 -20 -25 -23 31 -17 -19 -18 -31 -22 -24 -14 35 51 37 42 -38 47 41 -36 43 44 45 -37 -47 -40 -49 50 -50 -1 -53 -41 55 57 58 59 -57 -55 61 -61
right_child=1 8 3 -5 10 6 -8 -9 9 -11 11 -13 13 21 16 19 29 18 20 -21 26 22 32 24 -26 -27 -28 -29 -30 30 -32 -33 -34 -35 40 36 38 -39 39 53 -42 -43 -44 -45 -46 46 -48 48 49 -51 -52 52 -54 54 -56 56 -58 -59 -60 60 -62 -63
leaf_value=-0.096415499664295634 -0.10011447960707714 -0.062084553485644893 -39.73768167262503 -0.10003333468520444 -0.10007489496811367 -10.71814528544698 -32.353372648834643 -0.10004489614449315 1.4128457453128063 0.24428714668871032 -0.10015092197705829 6.8279973202410904 -0.10144741060776107 -0.22631062114973499 -0.003986248106829844 -0.010992596044084337 0.12502621245870754 0.063625974658665763 -0.072972728858672273 -0.0025736942139535117 -0.0030808995039309974 0.025483822687445642 0.13432548502737471 -0.10006274871428714 -6.1598053727517401 0.087792902004187282 -0.061764176331836146 -0.12327857808383047 -0.076373731268738032 -0.13243997765763443 0.094532192856121813 -0.033774395436110133 -0.058161093396120848 -0.031462099475009483 0.023174821323300933 -0.090985457915697857 0.095445574040037659 -0.058378170637680228 -0.035016936834333566 0.0003725130894277162 -0.0018539588519274159 -0.0013850553407818412 0.045201419503879854 0.019391208521783776 0.0066188250831613121 -22.588566583186335 -0.10015097814529848 0.1153524565590673 -0.072134929755891961 -0.035104769068610257 0.04936644156342769 -0.1000374464672623 6.2481496892115436 -0.017003840566403892 -0.0038933100036925346 -0.063225868211232439 -0.04486323042415738 -0.059041286648482565 0.058916519112633459 0.094224551830430547 0.067495278170122588 0.010883327249328627
leaf_weight=69.940026057916839 0.13134984109910874 35.577342811656081 0.0025204969879268893 0.0031842682838032488 0.42482331296969278 0.0094095334607108283 0.012389439540129388 0.028993850668484811 0.13138619410301444 0.25733317219419405 0.065778108335280194 0.014432081552968157 62.964909190065953 3.4975573606094477 123.60487902681507 21.946296665898217 52.411548136851707 89.941264920247704 65.055482354712922 45.669495508955151 1636.0334807262489 95.835628081027835 6.0239566454374289 0.025286101374149439 0.016501562364282019 157.91737875285253 77.958929475044897 80.756696283985775 12.373263756718641 8.0647317004240922 14.513046122534432 235.25200049793807 31.864125354276588 95.680719289510819 951.79750728860483 44.363697717598924 35.999612858378896 68.886145512901521 405.65218349559439 9924.4282668566684 28560.158969481578 996.87028058737349 348.33621507593284 1181.332527157005 84.259491410176352 0.0044445804780934841 0.035421418623171941 21.398123036331903 23.613257543454836 154.82907862317552 105.53847166517698 0.026979004800522399 0.015748586505651474 58.566059137649518 1683.4677566484158 22.610738680527675 113.06663610344776 25.063226180875745 87.669943104716367 51.353525127365174 478.18758632335448 222.31983763880612
leaf_count=395738 2730 24994 45 57 7207 68 56 122 27 122 709 22 650914 1048 2659 3849 726 18572 133252 539 26814 12561 3538 102 12 6707 1156 3175 6456 125 149 9946 9223 21074 437342 63033 7069 117425 283283 1535909 996889 130790 120431 332201 66668 84 326 33500 2715 8691 3415 293 1 2427 66853 837 5224 9258 4201 5224 36317 20348
internal_value=-9.28201e-05 -0.0689898 -0.820892 -17.6129 -0.681489 -2.84252 -9.93435 -2.70167 -0.0545045 0.639257 0.0978951 1.14642 -4.08909e-05 -0.00574227 -0.0119069 -0.0155083 0.032045 -0.0119865 -0.00844486 -0.0695166 -0.0112456 0.0490301 0.0523321 -0.0745262 -2.493 0.0642605 -0.00913227 -0.0992845 0.0466953 0.0914353 0.0134582 -0.00693959 -0.027557 -0.0592386 0.000322918 0.00309225 0.00354559 0.0179761 0.00168745 0.00143515 -0.0010578 0.0106108 0.0211478 0.0147518 -0.0278456 -0.0932447 -2.60734 -0.0192184 0.00176766 -0.00679103 0.0271519 -0.0949891 2.23978 0.00259451 0.0106359 0.0337363 -0.00598579 0.044355 0.0338738 0.0475526 0.0525812 0.0265219
internal_weight=48673.9 36.6589 0.692881 0.00570477 0.687176 0.182143 0.0507928 0.0384034 35.9661 0.388719 0.505034 0.0802102 48637.2 2917.41 2622.27 2423.67 198.594 2275.3 2116.66 148.372 2014.34 295.139 291.641 65.0973 0.0417877 253.753 1949.24 102.703 102.315 74.9893 22.5778 1871.29 37.8881 158.646 45719.8 15211 15141 1727.22 13413.8 13377.8 30508.8 1948.67 1658.33 1310 128.663 44.4036 0.039866 711.031 305.379 283.981 129.152 69.9828 0.0427276 12666.7 2742.31 1058.84 223.347 835.49 110.281 810.427 751.861 273.673
internal_count=5635248 36159 11016 102 10914 2976 246 190 25143 149 7938 731 5599089 912597 879520 875861 3659 868298 196310 7563 171282 33077 32029 133366 114 19268 37916 7024 25028 1000 274 36760 12761 671988 4686492 3121471 2725439 700168 2025271 2018202 1565021 568132 582743 462312 130111 63443 410 331604 48321 14821 6130 396032 294 1686598 150689 83836 10262 73574 5038 64316 61889 25572
is_linear=0
shrinkage=0.1


Tree=113
num_leaves=63
num_cat=0
split_feature=34 31 21 19 0 41 0 40 20 18 24 45 11 26 27 21 21 27 30 26 45 37 33 18 24 20 27 31 18 7 38 41 17 7 10 0 8 18 3 21 34 13 14 7 21 3 12 41 1 1 0 12 24 31 9 37 17 1 31 12 26 12
split_gain=11.8155 9.66951 21.8182 21.3095 22.0433 25.6582 13.8851 18.3864 13.5178 18.8883 20.7146 18.9762 12.5596 12.3995 16.3586 14.6751 12.0755 11.8456 39.1792 51.9272 14.3126 13.3367 11.8088 11.692 16.3443 14.9922 11.3625 11.3095 36.7023 62.1813 32.9596 32.2827 35.546 34.3125 32.4356 27.4492 26.5682 26.3665 52.2508 52.4636 31.6493 26.3009 25.2427 25.075 24.1199 41.0583 31.3857 55.7944 47.4339 896.618 43.5314 25.8913 24.1312 30.1107 61.5976 181.17 38.4826 59.9057 23.8427 41.3607 52.8235 36.455
threshold=158.50000000000003 0.64468246698379528 0.94281044602394115 97.067424774169936 0.32259997725486761 0.88194444775581371 0.95763123035430919 1.0000000180025095e-35 98.614311218261733 95.862876892089858 6.5000000000000009 0.73169860243797313 82.972846984863295 -1.0000000180025095e-35 1.5000000000000002 0.17519181966781619 0.054093567654490478 3.5000000000000004 1.0000000180025095e-35 0.88194444775581371 0.74098312854766857 -73.670749664306626 -4.7360229492187491 97.23496246337892 12.500000000000002 99.014755249023452 2.5000000000000004 0.22482423484325412 42.441171646118171 1.5000000000000002 20.500000000000004 0.80909091234207164 5.5000000000000009 1.0000000180025095e-35 87.007671356201186 0.77194768190383922 5.5000000000000009 96.162029266357436 12.500000000000002 0.50806450843811046 5.5000000000000009 74.464202880859389 0.84523808956146251 1.0000000180025095e-35 0.93541666865348827 16.500000000000004 42.740047454833991 1.0000000180025095e-35 270.50000000000006 272.50000000000006 0.54110676050186168 42.206478118896491 6.5000000000000009 -0.41216455399990076 27.639257431030277 -72.424846649169908 2.5000000000000004 5.5000000000000009 -0.085241213440895067 52.73088455200196 0.15476191043853763 55.245780944824226
decision_type=2 8 2 2 2 10 2 8 2 2 2 2 2 2 2 2 2 2 2 2 2 2 2 2 2 2 2 8 2 2 2 10 2 2 2 2 2 2 2 2 2 2 2 2 2 2 2 8 2 2 2 2 2 10 2 2 2 2 10 2 2 2
left_child=1 17 3 4 5 13 8 26 -5 -10 -11 -12 -4 -3 -15 -16 -7 27 -19 21 -21 -20 -22 25 -25 -13 -8 35 29 -29 -30 -32 -33 34 42 37 -35 44 39 -39 -41 43 -34 -37 46 52 47 50 51 -50 -1 -49 53 54 55 56 57 -46 59 -48 -61 -60
right_child=-2 2 12 6 -6 16 7 -9 9 10 11 23 -14 14 15 -17 -18 18 19 20 22 -23 -24 24 -26 -27 -28 28 30 -31 31 32 33 36 -36 41 -38 38 -40 40 -42 -43 -44 -45 45 -47 58 48 49 -51 -52 -53 -54 -55 -56 -57 -58 -59 61 60 -62 -63
leaf_value=0.0019493103303735021 -0.046100331804351483 0.10939941881079847 0.061584130549535356 -0.031888077603401913 0.014084036524180922 -0.16707234525168579 -0.18240798454941243 -0.029260258198376361 0.025461846849863225 -0.16903367173666681 -0.11043979588706505 -0.13669397438408265 -0.00040564861020169125 -0.082506197196835787 -0.18032436674538901 0.11188529671860666 -0.015004339049986255 0.0089408225208161135 0.15503517045682416 0.076821598564137644 -0.0023449779649061695 -0.091733334903579017 -0.085079823210159583 -0.055615272439664659 0.012024697880011863 0.035188705025105987 0.0068161966875784881 0.05541044980310067 -0.0033217777016252867 -0.087349313340634449 0.015496675205914632 0.0055963130538582437 -0.013280467967828542 0.15145814270777369 -0.065948947550953638 -0.026435445380568454 -0.091405313612869604 0.1282775336870299 0.062392192243406919 0.0089167535572195304 -0.03007166195736749 0.003657320680079533 0.042955139661842889 -0.1227887889992396 10.854132669257874 0.13765873402148021 -0.045444011036764501 -0.058255188753529134 -31.522100769916047 -0.10002189003290539 -0.049303939313154077 -0.37993100337530206 0.042952305949464815 -0.0042502497490462228 0.25813889950842805 12.672805660424423 -0.10018017764806048 -0.1002866560296162 0.019708255920927231 0.0035187290906129719 0.039178264358928419 -0.0033033201722627425
leaf_weight=895.36877401397078 55.727316371005145 8.4539322417695058 65.594881359138526 367.96464965102496 392.15133834638982 18.981919797137383 16.321547868778001 41.186640885600355 132.66482824643026 9.1300722393789311 19.409756094333716 5.4478235732240128 65.142531425051857 20.027899597625947 2.0597110561793661 10.379873340571065 7.2036463177355463 360.89886858387729 2.2283795267336748 19.813324206170819 124.49012220389523 127.59708573469854 20.026918894312985 77.350377819413552 66.382120048307115 74.070813983824337 3.9392859549261621 250.17631798213188 7257.8521076865291 34.748123151104664 2452.505666242665 6183.3326542486466 1211.9548191414797 21.224166809231978 110.78410883696051 532.11795863538828 5.7179330300423308 34.247024980551032 180.02086442000018 1432.1308529774801 243.62462565200576 348.51354065821215 85.447840018896386 28.453183866817199 0.0091284242971596541 27.934309446199222 157.62770653898588 209.48183200301398 0.0095386319230773564 0.18931358554664257 203.35036051469797 2.5324166645405333 180.42438596086049 346.84400794926296 1.7560281005808063 0.015657952619220761 0.069530193073660485 0.011017390876077116 715.8157888931346 4926.8042394433478 453.65979110843637 17999.305759573275
leaf_count=289086 52950 129 5101 13831 13349 235 241 8178 4006 166 310 188 63782 531 111 199 157 10319 677 1592 7409 3753 4832 1116 930 1398 64 10268 208209 456 75103 196914 44173 1159 4861 13517 221 506 8932 64489 16974 14881 2932 9827 23 1494 883300 1902397 62 3333 6326 20949 8331 17312 2000 95 687 90 107757 1118852 57787 346391
internal_value=-8.07925e-05 -2.80164e-05 -0.00820652 -0.0122015 0.00502114 -0.0479394 -0.02192 -0.0676262 -0.0181874 -0.00507438 -0.0211634 -0.0155999 0.0306965 0.00152411 -0.0265646 0.0635021 -0.125238 0.000215292 -0.0131385 -0.0402275 -0.00288274 -0.0874977 -0.0138102 -0.00735435 -0.0243761 0.023413 -0.145617 0.000403271 0.00240089 0.0380001 0.00181556 0.00551789 0.00230556 -0.0118729 -0.0140116 -0.000813366 0.0999151 -0.000258358 0.0111474 0.00575256 0.00324854 -0.0179146 -0.00957675 -0.0313261 -0.00108363 0.0195015 -0.0015322 -0.0166033 -0.0635454 -1.60729 -0.00753661 -0.0620975 0.0132637 -0.00209757 0.39903 2.74784 1.01488 4.86335 -0.000717576 0.00504623 0.0065254 -0.00242317
internal_weight=48648.7 48593 1403.86 1273.13 459.258 67.107 813.868 61.4475 752.42 384.456 251.791 242.661 130.737 40.9214 32.4675 12.4396 26.1856 47189.1 655.055 294.156 164.33 129.825 144.517 223.251 143.732 79.5186 20.2608 46534.1 17613.7 284.924 17328.8 10071 7618.46 1435.13 1408.19 28920.3 26.9421 28011.2 1890.02 1710 1675.76 909.085 1297.4 560.571 26121.2 557.064 25564.1 1310.93 212.213 0.198852 1098.72 212.014 529.13 348.705 1.86136 0.105334 0.089676 0.0201458 24253.2 5538.09 5380.46 18715.1
internal_count=5635248 5582298 114022 45139 14711 1362 30428 8483 21945 8114 4108 3942 68883 970 841 310 392 5468276 28582 18263 13833 4430 12241 3632 2046 1586 305 5439694 544296 10724 533572 325363 250260 53346 51966 4895398 1380 4857173 90901 81969 81463 38225 47105 23344 4766272 30032 4736240 2222153 1926741 3395 295412 1923346 28538 20207 2895 895 800 113 2514087 2059939 1176639 454148
is_linear=0
shrinkage=0.1


Tree=114
num_leaves=63
num_cat=0
split_feature=31 21 9 17 12 42 17 31 6 8 31 43 32 31 36 31 7 13 31 12 21 41 26 0 0 18 35 10 19 7 3 36 18 18 3 3 42 21 3 13 34 38 31 31 21 3 35 9 35 42 21 31 0 19 34 8 8 13 35 38 34 24
split_gain=122.886 541.384 237.213 174.569 139.362 163.516 96.3764 82.3635 44.8208 31.7336 27.5667 18.7326 17.1989 13.7988 12.7124 12.7564 12.414 58.6625 27.7963 60.0573 73.6496 41.0299 26.7247 45.8272 29.9513 22.8616 23.4147 22.7797 19.3154 19.1075 25.2688 18.6417 17.785 36.1379 19.9105 19.5816 24.5806 17.3842 17.3433 17.278 17.2328 145.532 17.0332 15.5595 60.6898 41.3152 14.5302 14.6885 30.9028 17.4668 14.2198 25.5171 16.4976 26.7787 37.1641 25.8086 27.6949 48.5978 17.1071 14.5112 14.4432 14.1833
threshold=-0.41926258802413935 0.91106721758842479 27.639257431030277 14.500000000000002 42.740047454833991 0.21132376790046695 2.5000000000000004 -0.45401929318904871 1.0000000180025095e-35 1.5000000000000002 -0.54815971851348866 0.94767263531684887 20.500000000000004 -0.4676030278205871 102.50000000000001 0.52673894166946422 5.5000000000000009 97.498435974121108 -0.094046041369438158 52.73088455200196 0.55277779698371898 1.0000000180025095e-35 0.15476191043853763 0.41689741611480718 0.28393946588039404 84.753833770751967 -2.4993858337402339 54.085849761962898 85.127449035644545 2.5000000000000004 25.500000000000004 10.500000000000002 62.087114334106452 1.0000000180025095e-35 11.500000000000002 14.500000000000002 0.54669988155365001 0.55277779698371898 43.500000000000007 56.33012771606446 136.50000000000003 159.50000000000003 -0.16777454316616056 -0.41216455399990076 0.98275861144065868 5.5000000000000009 -46.08415222167968 90.054946899414077 -14.913333892822264 0.8903903365135194 0.78019323945045482 -0.22287355363368985 0.28262521326541906 98.369518280029311 3.5000000000000004 3.5000000000000004 1.5000000000000002 28.370221138000492 -5.7138519287109366 42.500000000000007 2.5000000000000004 8.5000000000000018
decision_type=8 2 2 2 2 2 2 8 2 2 8 8 2 8 2 10 2 2 8 2 2 8 2 2 2 2 2 2 2 2 2 2 2 2 2 2 2 2 2 2 2 2 10 8 2 2 2 2 2 2 2 10 2 2 2 2 2 2 2 2 2 2
left_child=1 8 3 6 -5 -6 9 10 -1 -3 -8 -9 13 -12 16 -16 18 -18 19 20 -2 50 24 46 28 26 37 40 61 31 -31 42 33 34 -19 36 -35 -25 -33 43 -26 -42 -29 44 -23 -46 -24 49 -49 -48 52 -52 53 54 55 56 60 58 -58 -53 -22 -21
right_child=14 2 -4 4 5 -7 7 11 -10 -11 12 -13 -14 -15 15 -17 17 32 -20 22 21 39 23 25 27 -27 -28 29 -30 30 -32 38 -34 35 -36 -37 -38 -39 -40 -41 41 -43 -44 -45 45 -47 47 48 -50 -51 51 59 -54 -55 -56 -57 57 -59 -60 -61 -62 -63
leaf_value=-0.10427726775637743 -0.077867642283666189 -0.95468159503587247 0.050577105968735298 -1.9057760972307614 -10.58959113208299 -2.155935408371791 -0.66358270044810286 -3.3809041021936936 0.0295456509882519 -0.38494042001924161 -1.165958633723025 -1.9619797831663821 -0.41961530352839449 -1.8807135846658967 -0.055515325969299395 -1.4793428685754884 -0.074520415472854859 -0.025698316156770221 -0.00023615344183149477 -0.025922700501860241 0.58941423616282018 -0.13275651663368018 -0.032023707337791807 -0.046678415444043997 -0.037352868429339652 -0.035105195642003338 -0.0027038857235267676 0.069604923179551595 0.038897481976605308 0.0014091136046545743 0.059860379884596131 0.018164933947104868 0.030693575481251952 0.16798605524181229 0.00075477318881931417 -0.073987544616420584 -0.026475019325982459 0.12158545086368333 -0.068876736666804245 1.710949449691638 8.1620741155038683 -0.1002965784685631 0.030863981583178674 -0.05643479692817456 -5.4153411821686701 -1.3188499555406596 0.067858245228439348 0.11061841152639076 -0.031841303197220387 0.14572555139648161 0.13629167033298595 0.018866876651344965 -0.026165692440554968 -0.05014438292758553 0.0578047799130652 0.037594814932050705 0.083779458050925279 1.8552619093770706 1.0231793064182078 0.23389235476522657 -0.1054915598585618 0.0037680251279373442
leaf_weight=41.206932841420596 159.59150216712857 1.3042957444440579 3.4000577788183355 0.25074738799412521 0.046907765284231573 0.045086014769367466 1.661800395108912 0.11492346216800786 63.742209049141721 3.9030499355485517 2.5104703285687719 0.48867269682523329 0.27893404135829758 0.30266555271919138 37.897353698128427 0.06302814930677314 119.85087893629134 318.9800919117406 41805.036403149759 333.42903207526251 0.70171825782745301 0.61734544874616404 15.356150074080686 7.4933656251778293 73.836836185222637 95.276269824473275 73.767251745241083 152.30248002278404 85.853816585758977 544.77924639438424 85.578136265439753 110.31542517398157 147.05144350168121 7.064891963662375 2634.6503926648293 111.21884478405991 81.326418583217674 33.998143212258583 28.885748858770967 0.055099054636228995 0.024206376090659343 0.17866288576715306 445.33906539272721 83.462839541312121 0.036711757464217953 0.074747512582689524 173.05560076063557 25.565010705948225 37.655032526876312 34.560260642327194 22.429007724989788 168.42708579971804 95.173815580563087 10.05573716678191 8.4161023300111975 1.0709661524015244 0.42799513649515575 0.40820498501852853 0.35435375258384716 3.1981088829925275 0.52128887047729222 310.92802539226341
leaf_count=2019507 871783 95 4778 340 49 90 257 25 125232 228 374 395 157 90 74016 1 82961 2632 1423605 223595 118 6149 5921 1092 38484 5409 1842 39424 6729 36544 4456 31789 5372 1572 142361 34955 20525 1369 5974 25 29 380 14382 291738 102 336 13376 287 699 515 1377 3995 26580 459 5071 179 57 96 52 102 154 54962
internal_value=-0.000282113 -0.101668 -0.678723 -0.906057 -3.12716 -6.45627 -0.834001 -1.13177 -0.0229982 -0.527645 -0.992059 -2.23214 -1.16859 -1.24286 -3.27461e-05 -0.0578794 1.25781e-05 -0.00579555 0.000453738 0.00940165 -0.0205273 0.00261462 0.0156273 0.0365523 0.0108407 0.00113877 0.0310991 0.0192003 -0.00565905 0.022126 0.00934453 0.0330603 -0.00329979 -0.00488507 -0.00210205 -0.0460654 -0.0109322 0.091197 0.000102846 -0.0592935 -0.0348241 0.88557 0.0407367 -0.060452 -0.520502 -2.66813 0.062604 0.0679693 0.0257668 0.0808202 0.019375 0.0359827 -0.00813975 0.0699969 0.171513 0.446151 0.627439 0.970768 0.509267 0.0228737 0.293221 -0.0115957
internal_weight=48605.6 119.257 14.3076 10.9076 0.342741 0.0919938 10.5648 5.35747 104.949 5.20735 4.75387 0.603596 3.09207 2.81314 48486.3 37.9604 48448.4 3420.14 45028.2 3223.2 555.023 395.431 2668.18 496.727 2171.45 210.535 115.259 1441.24 730.211 1367.2 630.357 736.843 3300.29 3153.24 2953.63 199.61 88.3913 41.4915 139.201 84.2467 74.0397 0.202869 597.642 84.1916 0.728805 0.111459 286.192 270.836 63.22 207.616 311.184 194.054 117.13 21.9564 11.9006 3.48453 2.41356 1.19055 0.782349 171.625 1.22301 644.357
internal_count=5635248 2151617 6878 2100 479 139 1621 1298 2144739 323 878 420 621 464 3483631 74017 3409614 290378 3119236 1695631 1208373 336590 487258 30510 456748 9712 4303 171462 285286 132569 41000 91569 207417 202045 144993 57052 22097 2461 37763 298350 38893 409 53806 298325 6587 438 20798 14877 986 13891 38240 5474 32766 6186 5727 656 477 205 109 4097 272 278557
is_linear=0
shrinkage=0.1


Tree=115
num_leaves=63
num_cat=0
split_feature=31 9 21 13 34 31 26 1 0 18 35 24 31 42 25 18 34 21 33 30 20 21 20 18 26 20 39 21 3 24 21 12 20 31 42 14 26 31 20 24 35 17 13 0 26 35 4 17 8 12 10 0 21 38 20 35 40 18 20 11 7 31
split_gain=76.3318 187.457 48.0511 32.0599 22.0028 23.5235 17.052 18.3744 391.231 582.989 16.8096 11.3922 93.1733 117.341 10.3896 9.97018 32.2332 32.4548 35.7881 36.3764 47.9747 37.6348 34.9552 39.839 32.4696 30.6103 23.5973 21.3706 35.4179 27.8399 24.3953 24.8499 38.4547 37.4267 33.4318 27.5495 23.7182 35.7367 29.5638 30.6656 24.3565 23.6088 25.1368 26.6963 31.4382 24.0507 26.359 36.6271 26.8151 26.0144 24.7808 21.3218 21.2654 21.0745 20.4501 25.8872 20.4136 20.0359 26.3026 19.9865 22.5487 29.1447
threshold=-0.41926258802413935 27.639257431030277 0.98275861144065868 99.206348419189467 136.50000000000003 -0.056046083569526665 0.88194444775581371 2.5000000000000004 0.31645996868610388 70.286651611328139 -13.677547454833983 18.500000000000004 -0.42987990379333491 0.76631203293800365 5.5000000000000009 92.601715087890639 5.5000000000000009 0.63961037993431102 -67.562747955322251 1.0000000180025095e-35 95.84293365478517 0.53452381491661083 92.346740722656264 96.636753082275405 0.23611111193895343 88.942050933837905 1.0000000180025095e-35 0.95916664600372326 13.500000000000002 7.5000000000000009 0.92582416534423839 46.049896240234382 96.881942749023452 -0.01071973145008087 0.30860805511474615 0.18333333730697635 0.86607143282890331 -0.060845836997032159 85.372985839843764 15.500000000000002 -12.429565429687498 18.500000000000004 42.462121963500984 0.45672771334648138 0.15476191043853763 -46.08415222167968 1.0000000180025095e-35 7.5000000000000009 6.5000000000000009 58.123168945312507 20.126582145690922 0.44748187065124517 0.61721614003181469 44.500000000000007 98.312206268310561 -3.4458007812499996 1.0000000180025095e-35 94.146202087402358 95.256843566894545 98.213714599609389 7.5000000000000009 0.36753296852111822
decision_type=8 2 2 2 2 10 2 2 2 2 2 2 10 2 2 2 2 2 2 2 2 2 2 2 2 2 10 2 2 2 2 2 2 10 2 2 2 8 2 2 2 2 2 2 2 2 2 2 2 2 2 2 2 2 2 2 8 2 2 2 2 10
left_child=1 2 -1 6 15 -6 11 8 9 -8 14 -3 -13 -14 -7 27 17 18 56 20 22 -22 26 52 -23 -18 -20 30 29 53 31 34 41 -34 36 -36 37 40 39 -39 -2 42 43 44 -33 -46 47 48 50 -50 -47 -35 -24 59 57 -56 -17 58 -27 -29 -61 -62
right_child=4 3 -4 -5 5 10 7 -9 -10 -11 -12 12 13 -15 -16 16 25 -19 19 -21 21 24 23 -25 -26 54 -28 28 -30 -31 -32 32 33 51 35 -37 -38 38 -40 -41 -42 -43 -44 -45 45 46 -48 -49 49 -51 -52 -53 -54 -55 55 -57 -58 -59 -60 60 61 -63
leaf_value=-0.084290291415346219 -0.083734617266622485 -0.11874354143003879 -0.39034035361229336 0.02616996059301421 -0.15555562055369498 -0.019237379984190464 -0.1000063074172535 0.10355353176312998 -0.10005767538446592 99.575583637008236 0.29648750311964051 -0.10006075896561727 -0.10001851438580565 22.056503328199543 -0.16644060093412036 0.30420299572304771 0.13860381140385789 -0.002057637194997628 0.075199111352513781 -0.045791050815418732 0.12595213859724766 -0.0086598117917642253 -0.023117625024678585 0.11467403692248404 0.091177486630258264 -0.02624054761597084 -0.11945375075347586 -0.0060437234011242033 0.09462587776118514 0.039797017774715837 -0.045387777678076363 -5.4845652004941879e-05 -0.041248033290456169 -0.028823935877378151 -0.040762235201678917 0.097466392459387763 -0.023970676824270266 0.039135158893318679 -0.0036388176898188556 0.30065658607929008 -0.0078180597759048894 -0.034634767341331793 0.00025422405043005368 -0.0039753065229177478 -0.092558390202924168 0.58299786734427639 0.031371133410962447 0.041178878034722005 0.43320234087538073 0.031207883347705374 0.11005792965567827 0.02948817264710385 0.067837407581004497 0.077906222726422072 0.067403961534757778 -0.0090008660273000821 0.063394792183840087 -0.032215995132373026 0.020797691838143062 0.069614940345644374 -5.1322303060183536 0.10005387694107204
leaf_weight=6.8965744417612411 54.719946752009008 30.923436850276673 20.027315993401821 65.756463110094501 17.415102346525785 53.7995838411275 0.0014135638075454945 2.9677240958834972 0.041954064774713903 0.0010032545387730352 1.596472237995157 0.080912251715731492 0.0050814537976310026 0.0045132869854569435 5.2638346276717689 6.6652324787510198 12.697969896307084 9746.3671465926163 86.904111459825799 83.685972799118645 67.412428428369822 75.835428929498448 320.87839247524425 25.072477215071558 57.105608366666274 282.37140374308524 6.7086495010225908 708.1800877106964 52.720012941415916 247.81833377776616 115.8869120379677 209.46227822001038 91.913183736753126 67.325934950189549 405.84942804574462 14.949511640596482 363.55741557146621 281.2567926177893 252.8392164597426 4.5563333457648687 185.61393286668857 189.82972668112052 31395.495553743844 369.07475837776383 11.63150320398381 1.1325937515302786 207.67056706052244 73.842349293811836 5.6308182470238526 2.2542916694837913 50.828397577547548 913.6960109549691 27.943641187506728 34.36333530522279 58.210393611028849 186.16908899312875 7.460654973567217 789.81407331264018 205.31126514636253 39.381747274674126 0.019112153328022852 0.024032010420341976
leaf_count=665893 415839 1307488 2071 125242 29537 8631 98 44060 719 30 219 5909 100 7 4867 954 546 451741 780 3691 514 871 3428 200 666 15474 79 27285 4083 22377 2859 168230 7510 1745 507043 1624 52046 77767 28109 822 163061 52028 1209627 22361 12139 104 4118 18613 2281 72 12532 37097 309 2625 2352 7364 287 37377 14035 45599 49 64
internal_value=-0.000271553 -0.0777867 -0.311945 -0.0146047 -6.89451e-05 -0.0531125 -0.0934031 0.133754 2.15368 41.2767 -0.0237017 -0.115465 1.00482 10.3222 -0.0323564 1.66239e-05 -0.00247663 -0.000500251 0.019324 0.01636 0.0241478 0.0650888 0.0066022 -0.00707996 0.0342259 -0.0160151 0.0612495 0.000842868 0.0146826 0.0105899 0.000418086 0.000569091 0.00114268 0.0197695 -0.0117551 -0.0358515 -0.00288035 0.00696263 0.0212695 0.0433042 -0.025103 0.000528068 0.000734551 0.0169231 0.0306364 0.0488484 0.0536667 0.0883004 0.146442 0.318275 0.120367 0.0254863 -0.0158313 0.00133375 -0.0173052 0.00919851 0.177019 -0.0223752 -0.00643775 -0.00218587 0.0671118 -2.21776
internal_weight=48602.9 126.706 26.9239 99.7825 48476.2 78.075 34.026 3.01209 0.0443709 0.00241682 60.6599 31.0139 0.090507 0.00959474 59.0634 48398.1 12046.6 10512 765.673 751.547 667.861 200.353 467.507 373.895 132.941 1534.57 93.6128 36351.5 1082.51 1029.79 35269 35153.1 33589.8 1072.94 1563.34 420.799 1142.54 778.986 538.652 285.813 240.334 32516.9 32327 931.528 562.453 352.991 341.359 133.688 59.8461 7.88511 51.961 981.022 348.822 781.968 1521.88 244.379 14.1259 1277.5 487.683 747.605 39.4249 0.0431442
internal_count=5635248 2151617 667964 1483653 3483631 43254 1358411 44907 847 128 13717 1313504 6016 107 13498 3440377 540668 463520 11779 10538 6847 2051 4796 3937 1537 77148 859 2899709 102082 97999 2797627 2794768 1548457 46352 1246311 508667 737644 685598 106698 78589 578900 1502105 1450077 240450 218089 49859 37720 33602 14989 2353 12636 38842 3737 75622 76602 9716 1241 66886 29509 72997 45712 113
is_linear=0
shrinkage=0.1


Tree=116
num_leaves=63
num_cat=0
split_feature=31 12 1 31 26 0 26 24 37 31 21 34 31 2 24 2 20 35 25 35 19 3 21 4 36 3 24 38 25 43 19 26 35 17 0 19 35 45 42 1 28 34 0 32 37 34 35 2 42 12 25 0 31 31 21 1 42 2 0 8 0 37
split_gain=121.926 228.524 411.704 26858 195528 4954.33 76461 47.8412 624.159 3417.9 32.2484 18.636 21.9699 18.0633 14.2427 962.506 12.6443 12.4203 9.68388 9.57649 20.8587 25.4636 16.7965 10.8378 10.6649 10.9056 10.0454 12.0281 13.6605 21.3233 13.6598 12.6899 38.3983 12.1967 12.079 14.7741 11.7492 11.6544 11.4927 13.5543 27.0597 10.7443 10.4063 10.1256 38.3901 25.3812 23.5482 34.1434 23.5415 63.0299 29.6154 28.1947 43.2636 33.5946 27.2677 28.619 27.044 26.4997 25.2691 23.2872 22.7785 22.489
threshold=-0.41926258802413935 53.45238113403321 2.5000000000000004 -0.64777174592018116 0.44949495792388922 0.31224349141120916 0.88194444775581371 18.500000000000004 -4.758922576904296 -0.43347875773906702 0.90692642331123363 136.50000000000003 -0.056046083569526665 0.24025762081146243 18.500000000000004 0.60192522406578075 97.156337738037124 -13.677547454833983 5.5000000000000009 5.8914871215820321 97.833908081054702 3.5000000000000004 0.74456521868705761 1.0000000180025095e-35 16.500000000000004 6.5000000000000009 4.5000000000000009 25.500000000000004 4.5000000000000009 0.93557819724082958 94.602687835693374 0.44949495792388922 -5.7138519287109366 5.5000000000000009 0.36579880118370062 85.786437988281264 -15.544643402099608 0.65292856097221386 0.35948717594146734 20.500000000000004 1.0000000180025095e-35 24.500000000000004 0.86401242017745983 10.500000000000002 -51.721313476562493 19.500000000000004 -33.333333969116204 0.33801612257957464 0.29679679870605474 65.419578552246108 5.5000000000000009 0.54977959394454967 -0.080336645245552049 0.22482423484325412 0.93933823704719555 4.5000000000000009 0.99382716417312633 0.84802827239036571 0.74851754307746898 5.5000000000000009 0.29959985613822943 -71.428569793701158
decision_type=8 2 2 8 2 2 2 2 2 8 2 2 10 2 2 2 2 2 2 2 2 2 2 2 2 2 2 2 2 8 2 2 2 2 2 2 2 2 2 2 2 2 2 2 2 2 2 2 2 2 2 2 8 8 2 2 2 2 2 2 2 2
left_child=1 2 3 4 -1 6 -5 13 9 -9 14 19 -13 -3 -4 -16 -15 18 -14 26 -21 22 -22 24 -23 -26 27 28 29 30 31 34 -33 -30 -2 36 -36 -32 39 -35 -41 -31 -29 44 46 48 -28 -48 50 59 57 52 -52 54 -53 58 -51 -45 -56 -50 -61 -55
right_child=11 7 10 5 -6 -7 -8 8 -10 -11 -12 12 17 16 15 -17 -18 -19 -20 20 21 23 -24 -25 25 -27 43 42 33 41 37 32 -34 38 35 -37 -38 -39 -40 40 -42 -43 -44 45 -46 -47 47 -49 49 56 51 53 -54 61 55 -57 -58 -59 -60 60 -62 -63
leaf_value=-0.10000203813856919 -0.096850750359198351 -0.099279582073692363 -0.11280914253640684 -0.10000840596060064 -1392.3920746539604 -0.2812762667853615 -679.52842169869473 -0.10009764388317838 -0.10165719867543102 -81.682206523948423 -0.29632896724755992 -0.15418103710322259 -0.017574915671635726 0.021615731985308674 -0.10000407715926106 -97.806458182188706 0.55069502067233234 0.2389494728226339 -0.16641926088263673 -0.039560944326234498 0.040456236082329927 0.057382807381432338 -0.042816230328112798 0.027371273081212396 0.5387651491003087 0.16488595534639369 -0.03536443419092921 -0.021608831244022263 0.042070730136410071 0.002694558789180099 -0.056922489321993952 0.054032767573858657 -0.57235880275738693 0.053816369271217294 -0.0099506329636941827 -0.053027076628226158 0.15845504605057528 0.075016473576681911 -0.049596941960509178 2.2270784387901328 0.20913045961240215 0.19379151684117527 -0.12648331716981931 -0.0015297409750964551 0.0003703178275587501 -0.028656499695943652 0.058917569498417401 0.013546665413303542 -0.031965364371854349 0.0057775930203046713 -0.018260283642312459 -0.039201722739515554 0.047416678682784083 0.066860794865414644 0.072783692677183862 -0.046153275256172382 -0.039321206215223094 -0.060899259970542213 -0.00013060349289580341 0.034567149527036607 -0.01645878166280957 -0.0022017529250151851
leaf_weight=0.0082493505717144873 47.486877454832609 14.024404983828729 18.184201090746367 0.02663415371358787 0.001149184161706244 1.9374297021164104 0.0017661904785332477 0.031681709400601221 0.6400912037370351 0.0061287586807097219 22.955374384932483 15.891872110839065 53.041384397977751 69.626180884446057 0.067697207037496265 0.0010234667527129196 0.45465449264793178 1.7718116014872141 4.7635973813181982 191.31527061943962 30.900772847962799 8.0172444867748691 112.07448999640474 109.10065390504315 1.0145267899370072 3.3772891132102814 82.262460296888321 340.64491380786967 110.18158432207565 437.98990909888795 10.310507779708134 21.541697867878614 1.0252079905912967 8.1490058262447711 13.115951290310479 94.622056215038356 6.0554813010858188 19.091702281519247 31.987375165566391 0.085826254835411286 0.29436253723179107 2.9620828032493582 9.7317510923239734 890.0824254671287 38630.660096147178 370.90621845281203 191.71495197720901 1230.0673626428425 956.06354751885488 2401.1429559336466 128.90630025692505 204.26816653168953 451.95535660986388 112.05280488362769 78.291478669940432 69.134654170665101 140.76089760229934 82.118329650676628 120.96691078297954 110.43966931527495 420.95153044036181 81.403875263611553
leaf_count=1785 8969 160302 1668260 2029 250 9386 128 708 177 28 6404 29537 8631 292834 8470 92 764 219 4867 4024 759 389 4695 5458 66 236 70065 38347 7631 22047 281 1134 33 2580 587 2555 378 543 3314 58 183 40 1100 291197 1470688 369897 77894 153298 377484 102604 216126 23393 40251 3745 2436 6358 4387 4239 3366 61038 54938 1566
internal_value=-0.000316948 -0.0977996 -0.285046 -1.69536 -170.339 -0.889087 -42.353 -0.00242727 -0.839136 -13.3239 -0.217445 -5.94263e-05 -0.0497134 0.00431673 -0.118239 -1.55516 0.0250482 -0.0218471 -0.0298409 1.80534e-05 -0.0144084 0.00378568 -0.0248188 0.0374434 0.125998 0.251254 0.000155304 -0.00905639 -0.00232425 -0.00857684 -0.0345379 -0.0446593 0.025576 0.0248191 -0.0544869 -0.0368081 0.0432419 0.0287493 -0.0220953 0.0810454 0.664675 0.00397825 -0.0245217 0.000382921 0.000980576 -0.00324076 0.0166548 0.0196645 -0.00173211 -0.00628729 0.00653873 0.016739 0.0328415 0.00269742 -0.0116699 0.00928397 0.00328019 -0.00654447 0.0285185 -0.0226371 -0.005854 0.0378002
internal_weight=48568.7 127.967 43.1835 1.97523 0.00939853 1.96583 0.0284003 84.7831 0.677902 0.0378105 41.2083 48440.7 75.4687 84.1052 18.2529 0.0687207 70.0808 59.5768 57.805 48365.2 455.8 264.485 142.975 121.51 12.4091 4.39182 47909.4 1155.28 804.9 654.201 213.249 183.847 22.5669 150.698 161.28 113.793 19.1714 29.4022 40.5166 8.52919 0.380189 440.952 350.377 46754.1 40134.7 6619.45 1504.04 1421.78 6248.54 4029.36 2219.18 1246.98 580.862 666.118 472.661 268.393 2541.9 972.201 199.258 1487.45 531.391 193.457
internal_count=5635248 2151617 1696804 13578 2035 11543 2157 454813 913 736 1683226 3483631 43254 453900 1676822 8562 293598 13717 13498 3440377 15627 11603 5454 6149 691 302 3424750 89780 50333 36567 14480 13656 1167 13766 12489 3520 965 824 6135 2821 241 22087 39447 3334970 1771945 1563025 301257 231192 1193128 600451 592677 297241 256377 40864 35553 12160 106991 295436 5802 493460 115976 5311
is_linear=0
shrinkage=0.1


Tree=117
num_leaves=63
num_cat=0
split_feature=31 9 26 38 24 34 31 0 31 5 7 35 7 9 31 12 35 7 36 7 41 18 45 21 31 28 30 32 18 43 14 9 45 36 45 43 1 42 0 37 8 7 14 24 37 31 7 45 45 9 34 18 36 0 26 0 0 45 43 31 0 45
split_gain=49.9252 116.286 17.4505 64.1511 915.134 15.7237 20.3308 11.5499 14.8812 37.2529 35.2931 14.377 9.53435 18.3806 16.844 42.9017 63.4044 38.3293 52.0544 35.9072 26.3066 70.5428 106.027 23.5892 21.2934 19.0408 16.4933 16.0991 15.6524 15.1282 17.1048 20.1587 22.7804 53.2187 19.2664 14.4357 14.3544 19.1235 22.5233 45.966 15.1472 19.6297 26.3588 31.2425 43.0033 16.7047 16.8542 18.2788 48.9599 21.0146 13.5337 33.8884 25.4943 25.2788 13.4742 12.7986 15.5995 17.8589 14.0937 12.5955 12.5026 12.2436
threshold=-0.41926258802413935 44.033897399902351 0.58571431040763866 177.50000000000003 7.5000000000000009 136.50000000000003 -0.056046083569526665 0.22892835736274722 -0.76913553476333607 1.0000000180025095e-35 52.500000000000007 -6.2489624023437491 46.500000000000007 90.595520019531264 -0.16008938103914258 55.646631240844734 -3.7037010192871089 1.0000000180025095e-35 1.5000000000000002 1.5000000000000002 0.53571429848670971 20.431354522705082 0.77154660224914562 0.85357144474983226 -0.21587483584880826 6.5000000000000009 1.0000000180025095e-35 19.500000000000004 1.0000000180025095e-35 0.76885184645652782 0.44949495792388922 88.273490905761733 1.000000059604645 9.5000000000000018 0.81687918305397045 0.93949562311172496 4.5000000000000009 0.99382716417312633 0.19511435925960544 -35.074403762817376 2.5000000000000004 10.500000000000002 0.64583334326744091 9.5000000000000018 -17.238113403320309 -0.2123737037181854 3.5000000000000004 0.9092802405357362 0.8182586431503297 78.830558776855483 10.500000000000002 27.529583930969242 37.500000000000007 0.1187807507812977 0.23611111193895343 0.23125829547643664 0.23242929577827456 0.88556483387947094 0.61916849017143261 -0.32240879535675043 0.55910721421241771 0.74098312854766857
decision_type=8 2 2 2 2 2 10 2 8 2 2 2 2 2 8 2 2 2 2 2 8 2 2 2 10 2 2 2 2 8 2 2 2 2 2 8 2 2 2 2 2 2 2 2 2 10 2 2 2 2 2 2 2 2 2 2 2 2 10 8 2 2
left_child=1 2 -1 -4 -5 12 -7 11 9 10 -9 -3 14 -14 15 16 23 24 19 -19 27 22 -22 -2 25 29 28 -18 -21 50 34 32 -32 -34 54 -33 37 -20 39 -39 41 42 -40 45 -45 60 47 48 49 -47 51 53 -53 -17 -31 58 57 -57 -26 -28 -44 -60
right_child=5 7 3 4 -6 6 -8 8 -10 -11 -12 -13 13 -15 -16 17 20 18 36 26 21 -23 -24 -25 55 -27 59 -29 -30 30 31 35 33 -35 -36 -37 -38 38 40 -41 -42 -43 43 44 -46 46 -48 -49 -50 -51 -52 52 -54 -55 -56 56 -58 -59 61 -61 -62 -63
leaf_value=-0.12066109804838306 -0.083250451991413288 -0.084977637953614113 -0.25348189846100072 -0.1000019184771171 97.521889155668873 -0.1521139553037095 -0.020097157938664786 -0.10002022161255396 0.023457179262023058 -0.10089408463480083 8.8831299881888253 0.34352388875414119 -0.096115053043280108 -0.0074793423130790782 -0.00018379356320380146 4.6310177021220671 0.0046092740444627937 0.10496277885438737 -0.068723839189810287 0.011675747499382575 17.600906605137276 -0.080000584724064877 -0.10002561917432494 2.2939272040100924 -0.020314561767772542 0.84417916312505492 0.34289513323965953 0.076902659988357158 -0.04083017917146 0.01344602910134084 0.13480282002136423 0.47931860836914009 1.3863926774977666 -0.10067807105089094 -0.0034718898398646437 -0.030133918504913804 -0.058728347189560243 2.5150369884997614 -0.059761754424767201 -0.1003935267274384 -0.041745950016987929 -0.10032731488002428 -0.10081684778990581 0.20992403291744577 1.867601534658569 0.86444087934320513 0.074939298655456288 0.15966435894465603 1.5963923645366318 -0.1022089133741298 -0.093712071669011951 0.033651406594766897 2.725594058058268 0.97935944165046895 0.12438566848602009 0.04293422658444751 0.03730740639770231 0.8091579589696597 -0.060738463504136198 0.076848216426187416 1.221971980569531 0.1109814725389906
leaf_weight=18.022440249384072 119.65693996942593 17.175993367303459 25.279283775197754 0.0153463946822886 0.0010243601000183835 14.565667011594213 58.583730288016213 0.007204316980960356 66.499177361258788 0.039499976388745139 0.011130566708743572 0.82040562900834046 23.960827948147198 992.63960524075083 45255.928258365027 0.021131930174308589 78.389153026810163 41.558272462872083 14.305351139569213 1035.918846280154 0.0056493642079712423 26.553748277712359 0.0084387959686864633 0.041758141678655103 91.849671945888076 0.31524484162764466 2.0300714776021778 50.744232550867309 60.068212476472581 15.977139435659408 49.067725544337009 0.58668176097853297 0.47057794191641633 0.49255693226587027 39.796570390912166 10.705588667464326 141.39166913744702 0.11470950400325819 2.1891486254044157 0.16223413390980823 6.7465427349670781 2.3321997314342298 1.3032767588210874 0.32186040759188472 0.30459766970307089 0.41414693494880095 1.1344816181226631 0.76489741390832922 0.47098449495388195 0.49215307059057523 10.451553837962818 6.097751549644272 0.035385471412155201 0.18421956002475781 34.77921205970415 0.6612193268683757 180.37525390800147 0.56335807361392654 5.5220984512052409 14.41758536987618 0.07559768067949324 16.735766831796354
leaf_count=1644275 970885 196195 80488 1942 47 29537 13717 500 227124 472 1 573 19936 86778 1804672 40 9296 2824 8280 33615 26 99314 96 37 16459 43 92 5138 81470 7030 8132 22 69 104 14289 1502 173263 61 695 81 1588 955 860 71 48 47 154 81 41 67 60344 9426 94 296 1180 102 19046 72 234 376 59 987
internal_value=-0.000221404 -0.0626236 -0.195855 -0.249429 6.00845 -5.65807e-05 -0.0463846 0.00563319 0.0248516 1.62823 5.35339 -0.0654434 1.35254e-05 -0.00956845 0.000219369 0.00904809 -0.027697 0.0146977 0.00603969 0.0136991 0.0143734 -0.0762473 6.99806 -0.0824211 0.0394131 0.0677305 0.0102897 0.0330177 0.00879803 0.0662793 0.0762371 0.117018 0.144257 0.62589 0.0486201 -0.00366568 -0.0451933 0.0162785 0.0885433 0.982913 0.073577 0.152941 0.232001 0.352924 1.01592 0.263709 0.386589 0.551637 0.769325 0.339516 -0.0237946 0.0914925 0.0491827 1.35514 0.089464 0.0232312 0.0397223 0.39543 -0.00301408 0.109685 -0.0282941 0.0683784
internal_weight=48540.2 127.872 43.3181 25.2957 0.0163708 48412.3 73.1494 84.5534 66.557 0.0578349 0.0183349 17.9964 48339.1 1016.6 47322.5 2066.61 275.4 1791.21 1326.52 1153.99 155.701 26.5678 0.0140882 119.699 464.689 168.981 1112.43 129.133 1095.99 168.666 151.876 61.3231 50.0309 0.963135 90.5529 11.2923 172.524 31.1322 16.8268 0.276944 16.5499 9.80334 7.47114 5.282 0.626458 4.65554 3.27666 2.14218 1.37728 0.9063 16.79 6.33849 6.13314 0.205351 50.7564 295.707 181.6 1.22458 114.108 16.4477 1.37887 22.2579
internal_count=5635248 2151617 1726752 82477 1989 3483631 43254 424865 228097 973 501 196768 3440377 106714 3333663 1528991 1084792 444199 304728 118377 113870 99436 122 970922 139471 102571 115553 14434 115085 102528 32328 9829 8305 173 22499 1524 186351 13088 4808 142 4666 3078 2123 1428 119 1309 390 236 155 114 70200 9856 9520 336 8210 36900 19220 174 17680 468 919 1221
is_linear=0
shrinkage=0.1


Tree=118
num_leaves=63
num_cat=0
split_feature=31 36 26 36 31 36 26 25 18 0 43 25 32 2 26 33 36 1 2 34 31 43 37 20 12 7 45 18 7 18 43 12 37 12 7 18 45 8 7 0 25 18 20 7 3 32 18 2 31 31 42 31 34 1 2 1 0 21 20 33 43 37
split_gain=130.032 16481.9 29384.6 976.009 99.3066 1925.19 51278.9 131671 24767.7 11304.1 16814.1 2184.17 141.225 2849.21 1000.68 7201.92 70.7759 33.3747 852.96 13.1942 18.6943 11.5644 24.5224 514.861 9.56186 40.464 79.5393 410.999 40.4259 593.082 1483.71 31.4496 25.866 38.3493 421.692 4750.09 5233.17 32.5026 34.9488 422.824 1422.23 26.3088 182.159 67.3334 403.226 25.3687 22.0711 23.9617 21.5663 25.2739 21.5245 21.2939 963.208 21.2707 26.7105 19.9785 20.0656 28.0913 26.0805 39.5638 34.9407 24.7805
threshold=-0.80981209874153126 124.50000000000001 0.31666667759418493 102.50000000000001 -0.44720453023910517 76.500000000000014 0.63068181276321422 8.5000000000000018 36.198686599731452 0.26468358933925634 0.5013088881969453 6.5000000000000009 58.500000000000007 0.12557888031005862 0.76388889551162731 -62.785722732543938 8.5000000000000018 144.50000000000003 0.16240804642438891 136.50000000000003 -0.056046083569526665 0.20431353896856311 -62.15998458862304 99.80237197875978 35.948717117309577 1.0000000180025095e-35 0.35799026489257818 33.426443099975593 17.500000000000004 20.431354522705082 0.99760764837265026 30.940170288085941 -67.996875762939439 43.951219558715827 16.500000000000004 20.431354522705082 0.77293962240219127 1.5000000000000002 10.500000000000002 0.19393234699964526 2.5000000000000004 20.431354522705082 99.80237197875978 3.5000000000000004 33.500000000000007 19.500000000000004 42.891986846923835 0.73100760579109203 0.30716219544410711 0.0037422329187393193 0.33534134924411779 -0.4368812888860702 98.500000000000014 6.5000000000000009 0.42217083275318151 4.5000000000000009 0.38947372138500219 0.56385868787765514 71.465583801269545 -58.297101974487298 0.96884703636169445 -62.15998458862304
decision_type=8 2 2 2 8 2 2 2 2 2 10 2 2 2 2 2 2 2 2 2 10 8 2 2 2 2 2 2 2 2 10 2 2 2 2 2 2 2 2 2 2 2 2 2 2 2 2 2 8 10 2 8 2 2 2 2 2 2 2 2 10 2
left_child=1 3 -3 -1 5 12 -7 8 -8 11 -11 -10 16 -14 -15 -16 -2 -18 -19 21 -21 22 23 -6 25 31 27 -27 -28 30 -30 45 37 34 41 36 -36 38 50 40 -40 42 43 -34 -45 -23 -39 53 49 -49 -26 52 -43 -48 -55 56 57 -53 61 -60 -61 -59
right_child=4 2 -4 -5 19 6 7 -9 9 10 -12 -13 13 14 15 -17 17 18 -20 20 -22 24 -24 -25 32 26 28 -29 29 -31 -32 -33 33 -35 35 -37 -38 46 39 -41 -42 51 -44 44 -46 -47 47 48 -50 -51 -52 55 -54 54 -56 -57 -58 58 59 60 -62 -63
leaf_value=-0.10024090554491168 0.00026493056443749471 -0.10000036220046991 -656.93165256144323 -97.879657332724122 -0.1002165852292656 -0.10041944726293257 -560.3758463156081 -1136.3864518171397 -0.10000115521337738 -476.49845359862223 -0.10000120973609811 -126.60362181461947 -146.95815035394577 -0.10000469661752692 -0.10000247805018106 -275.18876362196926 -0.17655870119913902 -88.887640774957006 -0.10002381851790583 -0.14898353718060467 -0.018361835806814428 -0.021792627875277262 -0.096716666051423344 -27.103376793491904 0.057301748184292872 -49.335750611848354 -0.16734297613975344 -0.10007139019623551 -0.10000305851895169 -0.10001921318739598 -106.24655851261343 -0.025887015653895163 -0.10143110661650834 5.2943500757304517e-05 -208.22353121429444 -0.10010111139958933 -0.10000325985031973 -0.058058887496349965 -93.946206599144929 -0.10014015744165328 -0.10000599208494634 -0.5609288654269593 -6.8054851515998482 -0.10008382192932369 -47.333763227140743 0.017709888017855484 0.038464870317387503 0.015760338395570065 0.033699311642565948 -0.05490888790424743 -0.020863911539798469 -0.007577870955536985 -97.80982029621498 0.027907847803403236 -0.029002616579658271 -0.049557260521828732 -0.015025521964578022 1.4468173605270531 0.12844537572890952 -0.10056303346132962 2.8517205543647255 0.38657170190697959
leaf_weight=0.55995993757293805 60.015740232638919 0.0018872241384997274 0.0010657220882429638 0.0010227076179489805 0.15302570187964182 0.45259455907660856 0.0010709010659874238 0.001320089665341583 0.0099829507713638486 0.001469358266376731 0.0014942742189987257 0.001580982419114506 0.0013618583675420173 0.17121816296491943 0.0074748269887145724 0.0010905570898103178 34.525239714121284 0.0011262828937778071 0.02751362118203815 13.521948780688602 57.7538086046128 231.7410078145524 7.5128253318848683 0.0074024740533786817 233.16285958308657 0.0020307382055752008 11.817129127880886 0.01026820199103895 0.0043866305968557331 0.085683685927051556 0.001881745664832124 518.45605628985982 0.73550056999948665 45372.485263714261 0.0024005159248180466 0.055361700385674339 0.0024323125089722453 51.272003843079233 0.002127734347594834 0.1293400369227129 0.0066996266905334778 0.21003729669574819 0.044704153016937198 0.012416898222909367 0.0021152519966562986 544.68560065019847 318.24151622849013 78.395261397997615 70.37241767247906 142.7721067396742 41.499355327863043 10.274275000470512 0.0010234386006686682 183.40455239631552 149.8539924854785 207.72552086411446 184.34439291332595 0.32066161829607154 5.8071787906008012 0.066241955507393757 0.10153432002516638 0.7053423375418777
leaf_count=87489 396773 585 338 306 1083 61000 181 197 1609 235 214 261 290 30638 1052 139 1386430 203 2310 31842 13717 63567 12541 13 80268 51 187697 223 158 2649 19 234379 4167 2111048 19 1580 85 43505 15 616 199 10719 39 279 55 111251 48304 13879 2272 2365 22496 8241 82 223057 73058 333659 23640 123 1793 119 41 85
internal_value=-0.000367327 -1.51884 -237.151 -0.278499 -0.000349683 -0.102373 -6.49 -177.42 -96.2633 -62.0512 -236.297 -17.3952 -0.0707204 -2.86022 -1.76868 -35.1247 -0.0653772 -0.179389 -3.59165 -0.000149124 -0.0431425 -8.57662e-05 -0.12284 -1.3462 -6.62883e-05 -0.00850385 -0.191896 -8.22962 -0.183595 -2.27225 -31.9648 -0.00681545 0.000168053 -0.000222315 -0.0306531 -8.39991 -103.477 0.0142505 0.0446917 -1.54533 -22.7206 -0.0294254 -0.604227 -0.234614 -6.97526 0.00591952 0.00583738 0.00931134 -0.0145175 -0.0298594 0.0454915 -0.0283101 -1.03249 0.0199745 0.00231733 -0.0277923 -0.00536819 0.0976854 0.252165 0.172184 1.68609 0.717935
internal_weight=48533.5 0.563936 0.00295295 0.560983 48533 95.2203 0.469513 0.0169186 0.0155985 0.0145276 0.00296363 0.0115639 94.7508 0.181145 0.179784 0.00856538 94.5696 34.5539 0.0286399 48437.8 71.2758 48366.5 7.67325 0.160428 48358.8 1306.8 11.9214 0.0122989 11.9091 0.0919521 0.00626838 1294.88 47052 45782.9 410.411 0.0601945 0.00483283 1269.11 274.8 0.138167 0.00882736 410.351 0.794737 0.750033 0.0145322 776.427 994.312 943.04 291.54 221.167 274.662 409.556 0.211061 651.5 333.259 409.345 201.62 17.2752 7.00096 5.97496 0.167776 1.026
internal_count=5635248 88718 923 87795 5546530 1881532 63697 2697 2500 2319 449 1870 1817835 32119 31829 1191 1785716 1388943 2513 3664998 45559 3619439 13637 1096 3605802 599994 190797 274 190523 2826 177 409197 3005808 2495774 384726 1684 104 510034 103594 830 214 383042 4540 4501 334 174818 406440 362935 18516 16244 102764 378502 10801 344419 296115 367701 34042 10402 2161 1953 160 208
is_linear=0
shrinkage=0.1


Tree=119
num_leaves=63
num_cat=0
split_feature=31 9 2 34 31 29 35 34 27 37 21 7 17 31 10 2 7 14 21 24 14 7 31 8 20 3 40 3 17 28 14 3 31 11 19 9 25 24 10 29 34 0 31 40 2 27 10 2 1 31 34 11 31 31 2 1 30 1 34 30 31 10
split_gain=35.9378 90.0972 11.951 10.9928 17.0376 9.7261 9.62305 9.43779 9.37734 9.42855 14.6559 15.4609 11.2867 11.5151 9.65959 11.8475 9.65786 31.9023 25.6483 58.1896 39.7409 60.865 44.3042 38.3401 37.8267 37.5508 40.7281 34.6438 32.6851 31.7854 31.2838 28.1725 27.4224 26.3253 36.7607 36.7537 32.9151 25.6479 24.1792 23.3826 44.8467 23.0538 26.7847 22.7555 21.7696 32.9156 31.1541 33.4916 34.0764 33.214 28.3856 27.5249 32.9311 39.6674 25.8686 43.9229 29.7281 29.0009 38.3395 52.515 45.263 37.2338
threshold=-0.41926258802413935 44.033897399902351 0.25169578194618231 136.50000000000003 -0.056046083569526665 1.0000000180025095e-35 -13.856636047363279 26.500000000000004 6.5000000000000009 15.735805511474611 0.2709790319204331 2.5000000000000004 4.5000000000000009 -0.15645624697208402 85.270011901855483 0.32391764223575598 1.5000000000000002 0.64583334326744091 0.41885964572429663 5.5000000000000009 0.84523808956146251 1.0000000180025095e-35 0.023559764027595523 10.500000000000002 91.239036560058608 6.5000000000000009 1.0000000180025095e-35 9.5000000000000018 9.5000000000000018 2.5000000000000004 0.31666667759418493 73.500000000000014 0.29153905808925634 50.301204681396491 92.009387969970717 89.386734008789077 6.5000000000000009 7.5000000000000009 32.049383163452156 3.5000000000000004 2.5000000000000004 0.4666274785995484 0.0087758675217628496 1.0000000180025095e-35 0.81346824765205394 3.5000000000000004 44.590642929077156 0.42217083275318151 8.5000000000000018 -0.098543122410774217 5.5000000000000009 35.767591476440437 0.27561780810356146 0.047882422804832465 0.47078731656074529 4.5000000000000009 -1.0000000180025095e-35 3.5000000000000004 4.5000000000000009 1.0000000180025095e-35 0.15378896892070773 78.08689117431642
decision_type=8 2 2 2 10 2 2 2 2 2 2 2 2 10 2 2 2 2 2 2 2 2 8 2 2 2 8 2 2 2 2 2 10 2 2 2 2 2 2 2 2 2 10 10 2 2 2 2 2 8 2 2 8 10 2 2 2 2 2 2 10 2
left_child=1 -1 -3 8 -5 7 -6 -4 9 16 11 14 13 -12 -11 -16 18 39 19 24 21 25 23 31 30 28 -27 29 -21 44 -2 37 -31 34 -29 36 -35 -22 -36 -18 -41 -32 -43 -19 45 46 47 50 -49 -48 -20 52 53 -46 55 -51 -57 -56 59 60 -59 -61
right_child=3 2 5 4 6 -7 -8 -9 -10 10 12 -13 -14 -15 15 -17 17 43 27 20 22 -23 -24 -25 -26 26 -28 33 -30 32 41 -33 -34 35 38 -37 -38 -39 -40 40 -42 42 -44 -45 51 -47 49 48 -50 54 -52 -53 -54 -55 57 56 -58 58 -60 61 -62 -63
leaf_value=-0.1765309566910766 -0.059177177953765953 -0.072776074589325876 0.048651528457957491 -0.14611988611212917 -0.024399771185457244 -0.10062421242757312 0.20403811234934974 -0.073348357697482061 -0.067782655054356725 -0.10846622760564351 0.18734534340811498 -0.039456649993779805 -0.067281851029699732 -0.014192874128982428 0.18174426863969217 0.046953044653879006 -0.047463692727825496 -0.0028125635558850347 0.042550153245651166 0.020741248024211713 0.031655970407741339 -0.050918099199084889 0.01589929454992622 -0.074916842735035821 0.065217628841616679 -0.061500001859454215 0.0006414493506862745 -0.057599059616668197 -0.0084224354592741836 0.035198107771336876 -0.013765102473381672 0.26148113191402977 0.19638718311520847 0.053631400617144435 0.017511557583921377 0.0025603175657833289 0.012418743706856767 0.089072803124762234 -0.018980726832018232 -7.0133766546908465 -0.10022813369868591 0.051976394624278159 -0.0021863223999317831 0.022204030164263221 -0.0061508502576178674 -0.038313737468717697 0.030053313007831109 0.0065974113227024378 -0.026815732400055498 -0.03130594365417954 -0.00071990554854235169 0.0038536708789822837 0.014125498435148296 -0.072030263323418067 -0.0072419648735839171 0.038315513551826282 -0.0087320701285527862 0.0047219630225667913 -0.0048692433327916325 -0.027989713711180267 0.043551078492432498 0.016043216259114163
leaf_weight=40.442912260704503 124.07644363276813 16.008948546560418 55.420170602063848 12.393909446204217 55.098688800459783 5.8043626394113081 1.9079203544123249 7.1601358638822594 20.419073668163037 3.4052813057005542 2.8490423766779704 24.355492726434022 41.348618243122473 575.26556593703572 7.5273653000258482 48.767118981710155 151.3566572912905 9671.2248955553496 411.15594890097498 2265.2011563394176 148.73061412558491 175.69344622120207 1001.5591971710965 20.485629796819921 68.15214821347945 116.35251745130267 1127.7127926071009 105.64635715121767 462.81242129123348 49.388961334461783 1422.4076768955811 7.2212698408111455 13.42291731701698 414.41569958681612 534.69522113953099 681.85613780688436 364.0129260767535 163.12961497172364 274.9259535199526 0.014060668552700828 0.028211646055751771 122.2368708863869 360.79095877356303 377.80998136711787 197.65196078141344 268.48747303825803 268.75009328566705 1699.7801979732708 372.02789133557008 948.21405857084392 240.16692879675895 8500.1635140898306 196.14926637994358 170.0155543001747 6870.3409235726576 142.09582184850296 2449.6131136845543 537.29078733326605 2657.2284391983449 401.95243556189234 680.37028622688376 367.71376136186882
leaf_count=1726752 248157 167088 35530 29537 13497 217430 220 4817 886 105 56 873 1438 13492 133 902 200157 376561 55361 244321 3621 186961 19859 1443 2757 121286 113115 187702 117746 7622 130184 135 194 15911 56631 31863 10208 3166 36737 6 370 4799 6722 69407 19717 7982 18122 115904 137382 16098 195347 358304 5161 2085 152749 3381 40188 6931 46440 11466 10563 21670
internal_value=-0.000224751 -0.0538101 0.00499995 -8.65344e-05 -0.0398571 0.0232074 -0.0167543 0.0346929 -2.94232e-05 -7.84944e-07 -0.0114929 0.0276898 -0.0168096 -0.0131997 0.0550833 0.0649765 0.00016905 -0.00255846 0.000912867 0.00610425 0.0115183 0.00667992 0.0264824 0.0576974 -0.00806265 0.00922761 -0.0051704 -0.000407993 0.0157936 -0.00141088 -0.0105234 0.0662115 0.0696443 0.0111772 -0.00211969 0.0195113 0.0343593 0.0616899 0.00511974 -0.0481205 -2.39969 -0.00735525 0.0115203 -0.00187202 -0.00157389 -0.00355756 -0.00304048 0.00681561 0.000597521 -0.00479199 0.0265949 0.00243442 -0.0189623 -0.0366146 -0.00541403 -0.0128902 -0.00615259 -0.00311568 0.00298802 0.0134939 0.0264178 -0.00695265
internal_weight=48522.7 124.837 84.3936 48397.9 69.4005 68.3847 57.0066 62.5803 48328.5 48308 703.518 84.0553 619.463 578.115 59.6998 56.2945 47604.5 10200.4 37404.1 7586.56 5488.9 4147.77 1341.13 339.567 2097.66 3972.08 1244.07 29817.5 2728.01 27442 2029.51 319.081 62.8119 2375.55 915.268 1460.28 778.429 311.86 809.621 151.399 0.0422723 1905.44 483.028 10049 27379.2 18315.2 18046.7 2723.13 2071.81 15323.6 651.323 9063.98 563.817 367.668 15054.8 3539.92 2591.71 11514.9 4644.56 1987.33 1217.66 769.666
internal_count=5635248 2151617 424865 3483631 43254 257777 13717 40347 3440377 3439491 16999 2013 14986 13548 1140 1035 3422492 646501 2775991 1204272 811653 783429 28224 8365 392619 596468 234401 1571719 362067 1232667 389862 6922 7816 339052 281070 57982 26119 6787 93368 200533 376 141705 11521 445968 1224851 839584 831602 503994 253286 327608 250708 385267 26963 21802 309486 59667 43569 249819 97070 50630 17494 33136
is_linear=0
shrinkage=0.1


Tree=120
num_leaves=63
num_cat=0
split_feature=31 9 44 19 2 36 18 31 31 45 19 20 43 44 41 2 42 11 26 43 35 19 35 19 34 36 31 20 28 43 35 38 28 31 31 33 42 14 12 41 37 10 18 31 14 41 42 13 12 32 8 27 29 18 42 12 31 42 13 10 13 38
split_gain=29.8737 79.1021 10.5179 715.518 10.0269 9.21743 12.4916 15.9064 8.78672 20.048 16.0193 18.0733 14.3811 12.5318 10.2897 10.2181 27.4568 43.0346 34.1944 32.9972 42.1895 37.0313 34.8995 29.9221 40.3302 28.2144 24.9841 31.5452 29.7419 24.5095 24.2585 24.3774 23.6639 22.6253 30.176 22.537 22.5299 28.3986 68.5582 42.8944 53.3569 48.7372 43.3812 42.6121 40.3227 38.6117 32.8334 32.8966 30.5406 28.7684 50.7491 28.6733 30.3338 26.5012 26.2795 25.6495 25.4961 25.2026 25.064 31.6305 33.1838 23.1053
threshold=-0.41926258802413935 44.033897399902351 0.26365442574024206 99.760765075683608 0.25169578194618231 105.50000000000001 92.601715087890639 0.35236643254756933 0.64468246698379528 0.57141208648681652 97.067424774169936 99.014755249023452 0.75694978237152111 0.96884703636169445 0.18333333730697635 0.77065888047218334 0.3931498676538468 32.305501937866218 0.63068181276321422 0.97705537080764782 -1.586921691894531 96.437637329101577 1.0000000180025095e-35 97.575668334960952 1.5000000000000002 9.5000000000000018 -0.01071973145008087 96.984848022460952 1.0000000180025095e-35 0.90422871708869945 3.2283477783203129 20.500000000000004 2.5000000000000004 0.33672162890434271 0.015262134373188021 1.0000000180025095e-35 0.32049383223056799 0.31666667759418493 88.067794799804702 0.80909091234207164 -33.333333969116204 69.00656890869142 83.189559936523452 0.03377801179885865 0.11805555596947671 0.73214286565780651 0.87585616111755382 93.40579986572267 53.45238113403321 7.5000000000000009 5.5000000000000009 2.5000000000000004 1.5000000000000002 70.617500305175795 0.90661337971687328 43.951219558715827 -0.051063805818557732 0.90366768836975109 90.595520019531264 78.830558776855483 77.581478118896499 24.500000000000004
decision_type=8 2 2 2 2 2 2 10 10 2 2 2 8 2 10 2 2 2 2 8 2 2 2 2 2 2 8 2 2 10 2 2 2 8 10 2 2 2 2 8 2 2 2 10 2 10 2 2 2 2 2 2 2 2 2 2 8 2 2 2 2 2
left_child=1 2 3 -1 -3 8 7 -7 15 12 -11 14 -10 -14 -12 36 33 25 19 20 21 32 23 24 29 -18 27 -20 30 -22 31 -28 -19 34 -17 -35 56 38 39 40 41 45 -42 -41 46 49 -40 -48 -39 57 -51 -50 -53 55 -47 -52 -2 -38 59 60 -44 -58
right_child=5 4 -4 -5 -6 6 -8 -9 9 10 11 -13 13 -15 -16 16 17 18 26 -21 22 -23 -24 -25 -26 -27 28 -29 -30 -31 -32 -33 -34 35 -36 -37 37 48 44 43 42 -43 58 -45 -46 54 47 -49 51 50 53 52 -54 -55 -56 -57 61 -59 -60 -61 -62 -63
leaf_value=-0.10000346407266335 -0.0071322957545316397 -0.069438124785240543 -0.17191317706429632 72.357066677365651 0.020324830300172056 -0.074872481814490507 0.069525691171770057 -0.76525304853711262 0.03216992579437971 0.013468476169790437 0.039496078549496938 0.0011879558560202608 -0.038435580692279328 -0.13961827015856443 -0.031723209344962304 0.0058399175131833639 0.02353593731114138 0.0071006614305683105 0.01356523169991624 -0.0050622708507411501 0.047207980375262817 -0.014233665420130773 0.0023653836399386689 0.019295676984617236 0.027548519460321715 -0.11154062052747674 0.0097411216083200455 -0.089264924840193161 -0.0262854725445212 0.13096568269584599 -0.016966578377760267 0.031827748468987456 0.15509479523099234 0.016759152232730293 -0.024418775550006242 -0.05044361608264937 0.0021187312454914644 0.069013573996505762 0.077493992649865229 -0.07481986771836481 -0.010847975677223466 0.12206042562001962 -0.071576159760453159 -0.013848372674584745 -0.0011549949368631375 0.046294261568381824 -0.12017815236873264 0.1046104073776411 -0.00012757059466331539 -0.028171789202979747 -0.071247871543381566 -0.01741907508154442 -0.10806654993263849 -0.0098048224470022594 0.24989301146247436 0.04318896895413727 0.022705373314246293 0.059147756615053726 0.060723555452711957 -0.14523298667053505 0.056225644946172805 0.00057823571526897152
leaf_weight=0.10907843335620704 807.72743567318003 15.146333516064969 38.013070288001231 0.0013801274908704633 69.759049651082762 26.07920018426103 6.6615739498110988 0.33805574476718803 12.388383288925978 324.26642659815843 21.419603424699744 448.41543082000862 24.771411188092316 24.197595303383423 383.51961337713874 488.80903701515103 21.954080649119732 3143.6694476412213 72.321808130696809 3893.3672865293456 57.105222911201054 1029.4374236681124 481.08146904829846 418.81245764243431 176.46120791807243 52.305659419901332 827.38244516534814 50.779094645446094 146.71818688802978 89.996954971466039 163.06089525084826 1261.8575811198316 10.841574143358228 467.47825850022514 1011.7662091916973 55.865924619633006 664.70242029338351 63.243078176437848 172.18703567216653 216.75026438893198 281.28247963267495 30.503129864973744 174.77995475925673 243.28010358340956 216.21250833089016 69.197846376298457 18.006270081270486 10.197233371669428 25957.57731931956 1035.4236445084421 21.424941351287316 408.84167586655531 40.580219053663313 330.37653654248902 6.9790727811814568 228.19796831813164 1193.7371173817255 87.717384601761296 14.441767973446984 50.729612247087061 22.988895241869614 780.43495062899137
leaf_count=11711 830025 167088 1714930 111 257777 70171 872 3 500 11710 1010 66055 1120 2269 27824 56079 1045 41439 3010 81816 630 12663 7835 9531 1968 5799 85328 2927 3166 882 11191 156733 239 13150 19350 1574 30942 3028 15339 493912 8131 624 2743 9930 6042 19653 394 3996 1004849 144432 14984 9114 574 15413 220 13717 54084 1419 1596 687 598 99296
internal_value=-0.000204333 -0.0494184 -0.169082 0.805313 0.00431195 -7.90811e-05 -0.0528484 -0.0837071 -4.29471e-05 -0.0083556 -0.00545202 -0.0126416 -0.0640835 -0.0884341 -0.027956 0.000175865 0.00244944 0.00428118 0.00475783 0.0019573 0.00701145 0.00223495 0.023346 0.036942 0.059783 -0.0716067 0.0150853 -0.0288522 0.0173398 0.0984509 0.0201816 0.023081 0.00760929 -0.00831803 -0.0145621 0.00958539 -0.000778973 -0.00156808 -0.00953997 -0.0141309 -0.00979614 -0.00356131 -0.0381453 -0.042576 0.028796 -0.00512916 0.0611119 -0.0389038 -0.000394927 -0.00738362 -0.0149062 -0.000561155 -0.025604 0.00877565 0.0649473 0.0333669 0.00783442 0.0087672 -0.0673468 -0.0747897 -0.0567203 0.013958
internal_weight=48463.7 123.029 38.1235 0.110459 84.9054 48340.7 33.0788 26.4173 48307.6 1238.98 1177.62 853.355 61.3574 48.969 404.939 47068.6 13921.1 11897.2 11822.9 9300.77 5407.41 4183.95 1223.46 742.376 323.563 74.2597 2522.12 123.101 2399.02 147.102 2252.3 2089.24 3154.51 2023.92 1500.58 523.344 33147.5 30365.6 3895.38 3478.78 3018.75 2474.52 544.223 460.03 416.603 2444.02 200.391 28.2035 26470.2 2367.84 1615.42 26407 449.422 579.999 76.1769 249.623 2781.9 752.42 262.94 248.498 197.769 1974.17
internal_count=5635248 2151617 1726752 11822 424865 3483631 71046 70174 3412585 110488 106599 94889 3889 3389 28834 3302097 516355 426202 419358 157003 75187 54341 20846 13011 3480 6844 262355 5937 256418 1512 253252 242061 41678 90153 75429 14724 2785742 1802337 784772 759001 255159 241404 13755 503842 25771 240780 19729 4390 1017565 220907 188546 1014537 9688 44114 19873 28701 983405 32361 5624 4028 3341 153380
is_linear=0
shrinkage=0.1


Tree=121
num_leaves=63
num_cat=0
split_feature=31 20 43 33 33 43 19 12 1 33 17 24 38 11 9 13 21 20 19 21 34 31 1 8 24 20 19 12 35 26 21 43 34 31 24 19 42 21 19 19 35 43 25 1 26 19 29 30 19 30 25 30 29 20 24 28 25 20 24 30 30 21
split_gain=225.881 1598.9 317830 782657 571.641 57987.9 3.51625e+06 52.1504 407.551 590.133 9.51045 28.4486 16.8107 11.7974 13.0053 12.6144 10.3888 37.4929 54.5583 50.414 28.815 25.5582 23.0028 23.7713 21.8182 22.6655 20.0977 49.4406 34.2697 28.9105 27.5294 26.4435 25.3288 23.2066 21.9614 19.5436 19.3686 19.3793 49.6337 38.3269 54.867 77.3321 35.164 33.9612 32.6313 29.4632 28.5372 35.8538 37.5265 33.7635 28.3363 28.7986 42.4665 26.461 25.6192 25.3271 25.1179 58.3422 61.6588 67.2987 59.2219 42.2136
threshold=-0.4368812888860702 99.80237197875978 0.32926285266876226 -62.15800476074218 -73.902908325195298 inf 95.093433380126967 60.943256378173835 1.0000000180025095e-35 -64.705883026123033 19.500000000000004 7.5000000000000009 23.500000000000004 86.425064086914077 23.166368484497074 22.792207717895511 0.82480818033218395 98.421009063720717 97.833908081054702 0.60434782505035411 3.5000000000000004 0.20798033475875857 8.5000000000000018 12.500000000000002 3.5000000000000004 99.014755249023452 98.369518280029311 46.049896240234382 1.0000000180025095e-35 0.84523808956146251 0.21583850681781772 0.96315684914588939 17.500000000000004 0.20798033475875857 14.500000000000002 96.787097930908217 0.2237871587276459 0.67333334684371959 97.311748504638686 94.297328948974624 -1.0000000180025095e-35 0.99760764837265026 10.500000000000002 1.5000000000000002 0.86607143282890331 98.092205047607436 1.5000000000000002 1.0000000180025095e-35 95.260559082031264 1.0000000180025095e-35 10.500000000000002 1.0000000180025095e-35 1.5000000000000002 97.067424774169936 10.500000000000002 2.5000000000000004 6.5000000000000009 84.237243652343764 7.5000000000000009 1.0000000180025095e-35 1.0000000180025095e-35 0.65942031145095836
decision_type=8 2 10 2 2 8 2 2 2 2 2 2 2 2 2 2 2 2 2 2 2 8 2 2 2 2 2 2 2 2 2 10 2 10 2 2 2 2 2 2 2 10 2 2 2 2 2 2 2 2 2 2 2 2 2 2 2 2 2 2 2 2
left_child=1 4 3 -3 5 -1 -7 8 9 -6 16 12 -12 14 15 -13 17 26 21 -20 22 -19 -18 -24 -21 -26 28 29 34 -28 -29 -32 -33 -31 36 -22 -2 38 50 53 42 -42 44 -43 46 -40 47 -41 -49 54 56 52 -52 55 -48 -39 -38 58 59 -58 61 -59
right_child=10 2 -4 -5 7 6 -8 -9 -10 -11 11 13 -14 -15 -16 -17 20 18 19 24 35 -23 23 -25 25 -27 27 30 -30 33 31 32 -34 -35 -36 -37 37 39 45 40 41 43 -44 -45 -46 -47 49 48 -50 -51 51 -53 -54 -55 -56 -57 57 60 -60 -61 -62 -63
leaf_value=-0.17019110211775687 0.0149405429016242 -3148.9763974624748 0.031994931993827233 -0.1000713560658258 -100.01756841402599 -0.10000200180912017 -5499.7459479093368 0.0022184918592500816 -0.17226811283241086 -0.10000517195701582 0.019942797495374406 -0.049899375836750824 -0.030329585257812177 -0.0005147266452656756 -0.099620686692498503 0.11845685472115247 -0.00049026851124392716 0.069497788391516727 -0.093072662191570635 -0.17558697248182123 0.026931645891230174 0.025441000673242245 -0.033702116953017267 0.094352387645281491 -0.026738323755219357 0.017311299653670616 0.00019847913792586837 -0.10913232446644149 -0.020845734162386439 -0.044180794892768549 0.034943338428513521 0.0098093548404440851 -0.26975896360025353 -0.18842569238874438 0.016298382029527162 -0.035512680625289055 -0.0011971237965491463 0.003629620873584539 0.059872946890492655 -0.019328608104590958 0.089991755861859909 -0.039170872656343149 0.0061473996869826214 0.061481503789636509 0.018025890242499645 0.010665545568624037 -0.017709896103957241 0.016865629049132202 -0.078429919521080388 0.11268639916330692 0.0062326303850861221 -0.07802480896906322 -0.064324702538656825 0.064131902210307581 0.216167316168769 0.28378457929471113 0.018609510594318892 -0.0055561747844946469 -0.00288494659735785 0.069681380345922778 -0.040809761462390348 0.031493766588213311
leaf_weight=9.4152756085053575 805.57631297879561 0.0011115075857333068 0.71179502245785142 0.0027232111765411729 0.0010008250197883852 0.071011010365091276 0.0011818942650734235 70.210709100542005 21.12010233733977 0.0014439097129942302 184.4997965441535 24.632159172206919 104.01630466936544 29.200943891786665 62.033491618678688 5.4319370520639607 6350.9222946232039 176.85776037185747 56.829001234026919 6.6148243118859673 57.265297949278647 515.41543014268973 310.75286685641231 15.205851882330078 152.73584835080061 496.60995536044805 229.79655597015699 17.286048437379577 807.58005776352366 151.84237503540498 591.31332392753757 1178.5813573334417 3.249636372915119 12.037715770071371 806.57671801117249 401.74243405319521 22561.25333649509 1627.2540384573231 212.25518144704529 2794.8051000939518 126.56298357460855 128.01773166881139 732.36968766212522 45.414433276589989 234.06242757484688 285.14550842429981 86.713949087946276 52.098668297573113 199.79225178876095 33.150340166411297 309.86542868083251 81.585436212446552 117.70583614117248 77.11596836774288 4.951143965036862 3.2333334914260368 1409.8632094420293 1492.7766165983871 1038.2723862206742 315.80870954352122 388.53735019321539 387.31245917480919
leaf_count=500756 272281 141 7764 28 152 9589 164 344283 1174233 149 44527 7286 59818 2378 14409 1201 450265 7436 5880 92 2255 13241 33155 774 2834 33825 23686 724 14994 7553 21416 52408 53 188 54681 12325 1787371 70635 4597 61121 2627 2048 16601 739 19662 8499 2536 2231 5582 386 27605 7104 38770 1964 83 186 149251 63858 132084 24133 18269 10362
internal_value=-0.000409322 -0.149405 -4.85951 -912.814 -0.115972 -0.854771 -90.1366 -0.0392278 -0.176994 -41.0042 -9.61069e-05 -0.0152651 0.00181851 -0.0558995 -0.0734601 -0.019481 3.36985e-05 0.000649997 0.0167012 -0.00271839 -0.00348614 0.0366964 -0.00182001 -0.0277284 0.00510943 0.00695017 7.68558e-05 0.00939944 -0.000471003 -0.0226864 0.0164544 0.0176787 0.00904064 -0.0547762 -1.84421e-05 -0.0277222 -0.000388631 -0.000744034 0.000350706 -0.00583878 -0.0107374 0.0305578 -0.0137313 -0.0128143 -0.0180062 0.0316638 -0.0206654 -0.0225854 -0.0587199 0.0262001 -0.00020351 -0.0235798 -0.0131911 0.0068924 -0.00507739 0.00418518 0.000227825 0.00661594 0.0163706 0.027956 -0.00526853 0.00207639
internal_weight=48402.1 101.536 0.71563 0.00383472 100.821 9.48747 0.0721929 91.3333 21.1225 0.00244473 48300.5 409.815 288.516 121.299 92.0976 30.0641 47890.7 40754.8 1405.06 712.79 7135.89 692.273 6676.88 325.959 655.961 649.346 39349.8 2184.11 37165.7 393.677 1790.43 1773.14 1181.83 163.88 36358.1 459.008 35551.5 34745.9 28600.4 6145.54 4437.94 299.995 4137.94 173.432 3405.57 497.401 3171.51 3046.7 251.891 124.815 28103 509.157 427.571 1707.6 91.6651 1630.49 27593.8 5032.57 2763.94 1725.67 2268.63 1880.09
internal_count=5635248 2037259 7933 169 2029326 510509 9753 1518817 1174534 301 3597989 129619 104345 25274 22896 8487 3468370 2969596 63308 42631 498774 20677 484194 33929 36751 36659 2906288 106028 2800260 31427 74601 73877 52461 7741 2785266 14580 2730585 2458304 2271903 186401 113616 5414 108202 2787 91601 13096 71939 68934 7813 3005 2258807 73479 66375 72785 2619 70821 2185328 397957 305468 173384 92489 74220
is_linear=0
shrinkage=0.1


Tree=122
num_leaves=63
num_cat=0
split_feature=12 41 28 37 42 14 12 12 13 37 41 13 33 12 25 44 21 33 33 18 43 44 34 43 18 37 12 41 12 27 8 12 34 42 41 44 35 3 21 21 9 13 0 1 38 9 38 33 14 21 0 25 21 19 35 18 43 26 0 38 26 29
split_gain=11.4611 71.0056 222.23 747.192 26.0707 22.8754 22.1117 50.2461 45.7743 88.4764 30.268 27.2294 38.2862 20.4366 20.6264 20.1818 136.443 229.139 450.479 29.961 519.247 17.3232 324.077 15.1794 149.073 15.1365 33.7825 42.2744 27.629 21.1051 19.011 17.7056 23.2665 677.964 20.4322 46.231 497.763 44.0298 34.7757 67.5989 517.979 491.853 130.681 529.146 78.7003 182.298 113.822 17.4634 17.4216 15.4982 26.5641 20.3232 15.3466 29.5761 30.74 27.2084 24.7519 23.2604 39.8831 35.8832 24.5898 38.6779
threshold=35.948717117309577 0.53571429848670971 6.5000000000000009 -69.56093597412108 0.45512083172798162 0.2264957278966904 37.590579986572273 39.173061370849616 42.206478118896491 -49.99999809265136 0.53571429848670971 17.712418556213382 -82.532417297363267 30.940170288085941 5.5000000000000009 0.26365442574024206 0.79583334922790538 -82.80788421630858 -81.227836608886705 20.431354522705082 0.91245105862617504 0.23582887649536136 1.5000000000000002 0.32672683894634252 24.417344093322757 -67.996875762939439 51.925926208496101 0.88194444775581371 65.419578552246108 6.5000000000000009 1.5000000000000002 43.951219558715827 317.50000000000006 0.47690120339393621 0.76388889551162731 0.23582887649536136 -3.5708694458007808 1.5000000000000002 0.44722221791744238 0.43874999880790716 41.060766220092781 37.590579986572273 0.16415440291166308 2.5000000000000004 27.500000000000004 38.757823944091804 30.500000000000004 -69.732204437255845 0.18333333730697635 0.54006412625312816 0.3794612735509873 14.500000000000002 0.82480818033218395 98.369518280029311 1.0000000180025095e-35 38.972045898437507 0.97253990173339855 0.76388889551162731 0.82171362638473522 29.500000000000004 0.44949495792388922 1.0000000180025095e-35
decision_type=2 8 2 2 2 2 2 2 2 2 10 2 2 2 2 2 2 2 2 2 10 2 2 8 2 2 2 10 2 2 2 2 2 2 10 2 2 2 2 2 2 2 2 2 2 2 2 2 2 2 2 2 2 2 2 2 10 2 2 2 2 2
left_child=1 4 5 -4 13 15 8 -8 10 -10 -2 23 -13 14 -1 16 -3 -18 -19 20 -17 22 -12 24 -9 26 30 47 29 -29 -14 32 34 -34 -27 36 -36 -37 39 -39 42 -42 43 -41 -44 -46 -47 -28 -40 51 -51 -30 53 54 -33 -55 -57 60 59 -59 61 -54
right_child=6 2 3 -5 -6 -7 7 11 9 -11 21 12 25 -15 -16 19 17 18 -20 -21 -22 -23 -24 -25 -26 31 27 28 49 -31 -32 52 33 -35 35 37 -38 38 48 40 41 -43 44 -45 45 46 -48 -49 -50 50 -52 -53 57 55 -56 56 -58 58 -60 -61 -62 -63
leaf_value=-0.0088718737238300729 0.031459724566700417 -0.10027047687566877 -0.10001165779981996 -97.157157025642562 -0.10746311341818136 0.17196049639085018 -0.063393505133476177 -16.441445483091496 -0.0023427561652673988 6.8604815502784549 -34.219702212360168 0.073175031323952713 0.059274551659369193 -0.018136157557109685 0.024389617227351543 -0.10001504042725047 -0.10548731761734648 -0.10220454816843882 -21.032102689340551 -0.10746311426583136 -27.598316309985144 -0.087463753493236693 -0.10002396129346783 -0.057440187382163478 -0.10095344767184143 -0.015878129402941275 -0.098491102507914458 -0.071223448024593627 -0.055509185821601116 -2.3498960859601015 0.015819207444483421 0.00046157380247748101 -0.10008107599668188 -70.149335911503712 -0.10004351588270997 4.295108570986474 -54.507960238222267 -0.16684491125380851 -0.097618584022398924 -67.322450295543874 -26.99842645445786 -0.10013380819912582 -0.22039027053874272 -0.10001687503390765 -0.10049562708511146 -15.623901423128807 -4.8017735844501104 -0.013951165462678355 0.10862828601994885 0.37982638663096058 0.073182696871945715 -2.2393906008910989 0.035023659279364239 -0.035537961036609902 -0.018845056265176394 0.029783537249341314 0.006702958145865784 -0.0088811867824442926 0.023972249045678049 0.027513539223301742 -0.020087470104008385 -0.0091255752611444675
leaf_weight=356.92095804020687 338.6086737824744 0.65416637720457416 0.0034588322178592534 0.0010292122216800639 23.791712892834767 2.8722432079202909 125.13894628631533 0.0061189180756419095 0.054279259907616506 0.028727837456243743 0.0029308600074448013 71.698614705725049 127.84693267392709 468.58454623233649 390.33662080237207 0.12448313491570573 0.060296523071883712 0.022265087100095116 0.019109514645606396 68.225027410122394 0.0072678418566738392 20.942406740886721 0.055482368914908875 78.530699980233038 0.0637452459302012 255.77447184052542 62.971923190454874 16.234054654531409 6.5920554095572177 0.040748539752029411 473.66770949370505 36285.257942145319 0.044470730382726198 0.0014259572642458798 0.019752781808051623 0.022748743213049205 0.0018379670501919012 5.5685155346368092 15.612637080678835 0.0014831821899877742 0.014769685308806291 0.012595351129959909 0.87241992452903783 0.0055628501688715914 0.096749004370963121 0.012727494793011829 0.041108498706307728 39.927256132584716 5.5519894274657409 3.0342657963290085 40.973086908655659 0.042889493390361966 238.37774470786076 113.90658897045569 843.87033844642428 709.65921942265891 1345.7351154683831 2182.8703897052792 620.33003918980103 309.28666230427461 1497.2837976580242 1184.2308781320362
leaf_count=50070 74285 15403 259 33 5813 95 244052 55 184 10 29 24940 97412 139997 79162 3873 19 6 102 839187 54 257543 1479 49259 464 117117 6338 26254 8678 4 383971 2278401 1795 50 578 9 19 247413 127784 1 73 323 5643 233 2418 34 262 3902 120 651 1537 82 25569 5804 14864 24814 69086 118448 207632 17936 37337 16283
internal_value=-0.000179541 -0.0093996 -0.10595 -22.3575 -0.00379261 -0.104563 7.76474e-05 -0.000112747 0.0247766 2.3728 0.0242346 5.74199e-05 0.000156917 -0.00176398 0.00850256 -0.116055 -0.629954 -4.03801 -9.76901 -0.110372 -1.61692 -0.0922604 -1.81196 -0.0587509 -1.5321 4.40524e-05 0.0139356 -0.025452 0.0364189 -0.0769287 0.0250553 -0.000190851 -0.0250969 -2.27643 -0.0247326 -0.106096 -4.73165 -0.102506 -0.106105 -0.306032 -1.03901 -14.6179 -0.678268 -14.2503 -0.58479 -2.69595 -7.36026 -0.0656877 -0.0435151 0.0728452 0.0943255 -0.0696262 -3.50021e-05 0.000685882 2.2773e-05 0.0120355 0.0146719 -0.00473126 0.00128315 -0.00436446 -0.0111424 -0.00172776
internal_weight=48332.5 1311.62 71.9893 0.00448804 1239.63 71.9849 47020.9 46661.2 359.693 0.0830071 359.609 46536.1 46457.5 1215.84 747.258 69.1126 0.755838 0.101671 0.0413746 68.3568 0.131751 21.0008 0.0584132 78.6006 0.0698642 46385.8 771.331 169.816 66.9171 16.2748 601.515 45614.5 283.655 0.0458967 283.609 27.8349 0.0215907 27.8133 27.7906 6.62593 1.05742 0.027365 1.03005 0.00704603 1.023 0.150585 0.053836 102.899 21.1646 50.6423 44.0074 6.63494 45330.8 39298.4 37129.1 2169.3 2055.39 6032.38 3112.49 2492.16 2919.89 1422.61
internal_count=5635248 1134073 859031 292 275042 858739 4501175 4167645 333530 194 333336 3923593 3873815 269229 129232 858644 15530 127 108 843114 3927 259051 1508 49778 519 3848875 528829 47446 37206 26258 481383 3320046 503872 1845 502027 384910 597 384313 384304 256400 8987 396 8591 234 8357 2714 296 10240 127904 10948 2188 8760 2816174 2392969 2293265 99704 93900 423205 344016 136384 79189 41852
is_linear=0
shrinkage=0.1


Tree=123
num_leaves=63
num_cat=0
split_feature=31 9 44 19 44 18 35 9 32 17 38 36 24 11 18 3 17 32 17 17 20 14 31 17 26 26 13 19 36 13 11 14 32 32 38 13 30 40 29 34 7 32 42 12 17 21 7 7 12 21 9 42 14 12 24 3 12 42 42 9 20 24
split_gain=25.0395 75.5144 406.408 8730.88 34.8228 3963.55 937.569 9.22538 989.2 8.98377 23.4688 31.3884 25.9798 23.5821 22.5217 19.997 19.1125 19.996 21.9643 18.1867 21.8791 38.531 33.5887 29.5011 27.5652 25.5345 18.4587 19.4576 21.1781 18.2733 22.1525 17.6864 16.5636 21.8176 23.8757 16.2528 15.261 25.7517 16.4188 15.2598 15.2116 14.9988 14.7424 14.5427 14.4922 29.4538 37.4482 31.0791 26.6056 23.4216 24.4017 30.4576 29.763 44.1263 24.4838 28.5216 24.3822 17.9258 17.695 17.1501 16.9806 16.6984
threshold=-0.41926258802413935 44.033897399902351 0.23582887649536136 99.760765075683608 0.26365442574024206 90.338954925537124 -3.9993171691894527 43.288288116455085 76.500000000000014 8.5000000000000018 24.500000000000004 5.5000000000000009 7.5000000000000009 53.410852432250984 42.441171646118171 6.5000000000000009 9.5000000000000018 19.500000000000004 19.500000000000004 10.500000000000002 64.310688018798842 0.64583334326744091 0.47627118229866033 15.500000000000002 0.31666667759418493 -1.0000000180025095e-35 75.716625213623061 96.984848022460952 8.5000000000000018 22.792207717895511 16.807909011840824 0.64583334326744091 9.5000000000000018 23.500000000000004 37.500000000000007 25.586470603942875 1.0000000180025095e-35 1.0000000180025095e-35 1.0000000180025095e-35 5.5000000000000009 1.0000000180025095e-35 18.500000000000004 0.2237871587276459 91.476997375488295 6.5000000000000009 0.22902098298072818 1.5000000000000002 1.0000000180025095e-35 99.333332061767592 0.41885964572429663 87.007671356201186 0.90661337971687328 0.2264957278966904 68.457099914550795 6.5000000000000009 6.5000000000000009 86.72955703735353 0.69309261441230785 0.11215932667255403 67.017543792724624 79.082908630371108 11.500000000000002
decision_type=8 2 2 2 2 2 2 2 2 2 2 2 2 2 2 2 2 2 2 2 2 2 10 2 2 2 2 2 2 2 2 2 2 2 2 2 2 10 2 2 2 2 2 2 2 2 2 2 2 2 2 2 2 2 2 2 2 2 2 2 2 2
left_child=1 2 3 -1 5 6 -4 -6 -9 44 11 13 19 39 40 -16 -14 18 36 -13 31 29 23 24 25 -23 27 28 -27 41 -31 -21 -12 35 -35 -34 37 -18 -38 -11 42 -22 -15 -20 -2 47 49 60 -48 -47 51 52 53 57 55 56 -53 -51 -54 -60 61 -46
right_child=9 -3 4 -5 7 -7 -8 8 -10 10 32 12 16 14 15 -17 17 -19 43 20 21 22 -24 -25 -26 26 -28 -29 -30 30 -32 -33 33 34 -36 -37 38 -39 -40 -41 -42 -43 -44 -45 45 46 48 -49 -50 50 -52 54 58 -55 -56 -57 -58 -59 59 -61 -62 -63
leaf_value=-0.10000350954314451 -3.8168513367047241e-05 0.0037227526716416626 -0.10000202724806095 -183.17809541513859 -0.1532041433289657 -198.20959057382535 97.388820564623757 -0.10000584904552111 -100.04893659257066 0.011350776013291916 -0.0055829040046898029 0.0010668988549447436 0.017448504995075109 0.29114810535310925 -0.024182677847682257 0.024769011127953922 -0.0059809307044580238 0.033324570970104203 -0.10243344100657598 -0.039210171858091857 -0.049307064129192495 -0.04082169382252241 -0.06658326366927117 -0.041002207168955834 0.054505185128835815 0.19434445603035477 0.11857236965824675 0.0981349112588073 0.3976584821495498 0.12575741592803641 0.025624963756937482 0.015044299504763062 -0.087130720695559868 0.01724591071773808 -0.033436796792471683 -0.031734672232417875 -0.017509549011019296 0.15434076691393234 -0.075512868346482728 0.093778657392915035 -0.038400927216885865 0.010286090203315062 0.02471286650461901 0.013994680115099281 -0.0060066714313035318 0.037036669054874093 -0.067295320148994683 -0.060448983219052038 0.31641037910390213 0.00091484985947292243 -0.042289467962869198 -0.051814480516783994 0.20801100625915492 0.047005468395844144 0.0089006033307323287 0.11757126439414207 0.040678070762333568 -0.091601325493599423 0.0034223801219008458 -0.030624108174661203 -0.11035815402875707 0.048429780977461839
leaf_weight=0.057668936907661603 37801.284893306001 85.421185280356951 0.025769868321107364 0.0027280906232269994 33.034241769169782 0.0010095422625226993 0.0010257586085321837 0.096190833009251686 0.0010005109040775997 112.39287682898632 1349.6818928468747 772.96074864035609 290.75609887308565 2.1024516726502034 1107.2395099697596 90.252900377125115 581.35821127732424 89.763713032683768 45.392149765225327 96.466491661176178 54.304056063631435 5.261969449085881 13.447610071190864 12.683318837778641 35.896117680385942 10.506522038602276 20.066413680280675 6.7858797113876781 9.9993567399651493 22.94242969462573 597.37394713485526 159.31950537049215 63.815749809057877 194.3558349219546 178.13883139744146 311.42251940929026 188.88517514454088 10.194632895671019 65.803138695038342 28.068472306058794 43.207011185446845 190.01752173742187 169.88862274583153 14.048636309544234 486.86136861866089 299.4726080903265 2.4740326863798128 110.65661038351811 6.7032201462425292 557.95322916649036 94.947795241052518 31.174474174371426 3.5056265739987102 260.2791105115648 494.42608942374636 44.490474000405811 332.33627408000757 21.759989303584916 243.19194172732023 377.79099351392506 14.22704002128455 63.726059376467674
leaf_count=7475 2151741 424865 4002 65 1699299 118 162 15372 259 4130 97382 102544 23745 97 41700 3929 66725 15021 9192 50201 22564 255 1761 438 1898 151 253 63 158 1945 123889 10287 32859 51975 158403 95478 12332 345 3745 5626 9121 25975 6487 1268 62706 64178 12632 46658 361 98165 4157 1233 95 7052 13627 2597 13747 499 5568 10200 1569 4904
internal_value=-0.000145424 -0.0460295 -0.173963 -8.36951 -0.159035 -3.69646 3.63195 -0.156066 -1.1289 -3.24655e-05 -0.0033599 0.000463977 0.00598934 -0.0112553 -0.0151407 -0.0204933 -0.00510679 -0.0116949 -0.0161568 0.0130967 0.0206255 0.0274278 0.0819013 0.101632 0.12207 0.168161 0.191381 0.244914 0.293487 0.0202048 0.0293284 -0.0054171 -0.0121973 -0.0241366 -0.00699218 -0.0411557 -0.0120295 -0.003218 -0.0324957 0.0278224 0.014644 -0.00295936 0.0279698 -0.074916 0.000527774 0.00673599 0.011301 -0.0119877 0.21297 0.0106307 0.00741857 0.00941259 0.000507848 0.0127998 0.0238634 0.0419957 0.032746 -0.00255782 -0.0160259 -0.0172907 -0.00249329 0.000293909
internal_weight=48310.7 118.641 33.2196 0.060397 33.1592 0.0278052 0.0267956 33.1314 0.0971913 48192.1 6944.8 4847.39 3294.23 1553.15 1412.69 1197.49 1286.2 995.446 905.682 2008.03 1235.07 979.285 114.647 101.2 88.5163 52.6201 47.3582 27.2918 20.5059 864.638 620.316 255.786 2097.41 747.733 372.495 375.238 846.241 591.553 254.688 140.461 215.198 244.322 171.991 59.4408 41247.3 3445.98 2770.51 675.471 9.17725 2761.33 2461.86 2366.91 1464.48 839.992 902.427 408.001 363.511 579.713 624.489 620.983 564.814 550.587
internal_count=5635248 2151617 1726752 7540 1719212 4282 4164 1714930 15631 3483631 981942 545845 474755 71090 61334 45629 132373 108628 93607 342382 239838 179350 4977 3216 2778 880 625 372 309 174373 125834 60488 436097 338715 210378 128337 83147 67070 16077 9756 15705 48539 6584 10460 2501689 349948 234111 115837 12993 221118 156940 152783 121579 105716 31204 17577 14980 98664 15863 15768 69179 67610
is_linear=0
shrinkage=0.1


Tree=124
num_leaves=63
num_cat=0
split_feature=31 44 35 42 31 36 8 18 25 13 0 18 29 44 31 19 18 20 43 0 43 10 44 12 0 30 12 18 0 12 10 43 31 24 35 13 41 9 31 31 44 35 19 32 14 9 20 0 20 43 14 31 44 35 10 13 33 38 14 11 12 9
split_gain=244.756 8927.12 1.9616e+06 7.63048e+06 779.922 31.141 9.02849 13.9577 21.9257 66.4847 11.3334 10.6526 8.73943 16.1039 42.509 812.82 17.8 13.0996 15.2741 18.4341 14.4251 21.4634 9.49227 13.1854 15.6301 9.25224 9.95891 8.90318 8.81568 9.18735 16.0594 16.8082 14.2564 38.2266 12.6694 19.2942 13.3895 11.3421 21.4375 14.2966 25.0276 20.5535 13.6227 10.7096 10.7002 10.5147 10.2111 12.0041 9.20128 19.8705 8.52094 49.8822 1703.28 42683.9 50.0839 65.1479 68.7793 51.7652 48.0774 57.6489 40.3901 35.347
threshold=-0.45063313841819758 0.26365442574024206 -9.1025466918945295 0.23845060169696811 -0.60795515775680531 8.5000000000000018 60.500000000000007 65.58258438110353 7.5000000000000009 26.766168594360355 0.1257455796003342 68.096607208251967 2.5000000000000004 0.90210819244384777 -0.44720453023910517 86.807079315185561 88.775268554687514 91.239036560058608 0.91442927718162548 0.6449837088584901 0.90859949588775646 59.611795425415046 0.90963527560234081 83.935482025146499 0.35565750300884252 1.0000000180025095e-35 82.097072601318374 88.143623352050795 0.14652930945158008 98.213714599609389 81.375640869140639 0.75694978237152111 -0.35043773055076594 15.500000000000002 -45.475311279296868 78.629974365234389 0.88194444775581371 46.709957122802741 -0.060845836997032159 -0.070855408906936632 0.19560019671916964 -6.2489624023437491 64.882766723632827 37.500000000000007 0.31666667759418493 46.247655868530281 61.920122146606452 0.14467404782772067 52.784828186035163 0.68438714742660534 0.44949495792388922 -0.41579093039035792 0.26365442574024206 -4.598613739013671 88.273490905761733 79.80582427978517 -21.182983398437496 28.500000000000004 0.34848485887050634 88.303691864013686 87.609649658203139 63.224515914916999
decision_type=8 2 2 2 10 2 2 2 2 2 2 2 2 2 10 2 2 2 10 2 10 2 2 2 2 2 2 2 2 2 2 10 8 2 2 2 10 2 8 10 2 2 2 2 2 2 2 2 2 10 2 8 2 2 2 2 2 2 2 2 2 2
left_child=1 2 -1 4 -4 -3 12 8 -8 -10 -11 -9 28 14 15 -14 17 25 19 20 27 -22 23 24 -18 -15 -27 -19 29 30 34 44 33 -31 35 -2 -37 39 -39 40 41 -36 -40 48 -32 -42 -44 -48 49 -41 51 52 53 -30 55 58 -57 60 -53 -60 -56 -52
right_child=6 5 3 -5 -6 -7 7 11 9 10 -12 -13 13 16 -16 -17 22 18 -20 -21 21 -23 -24 -25 -26 26 -28 -29 50 32 31 -33 -34 -35 37 36 -38 38 42 43 45 -43 46 -45 -46 -47 47 -49 -50 -51 61 54 -54 -55 57 56 -58 -59 59 -61 -62 -63
leaf_value=-0.10163079661823898 -0.034901321958011419 -0.0021389523890509273 -99.645142418608245 -9057.4664381501188 -0.10000191239533676 -0.13617802111223165 -0.090090547135555199 0.46518202179755863 -8.3900851833764953 -1.9343961668105238 -0.10111498954463488 0.016871965301785231 -0.10025718220248586 -0.013987468774736013 -0.079816890245411054 -85.595391778420947 1.2307144756215522 -0.081850349608456108 0.010092940431711767 0.38260195162779193 -0.11500952045078366 0.65600898156748733 -0.065942839045916163 0.023278861617993821 -0.10158870810434456 -0.10827779266244256 0.11842076677771451 0.23991973747106071 -0.10001421914705383 -0.10025352238006201 0.36556163675929837 0.010654767650707081 -0.023242712981029149 1.8020853571905757 -0.10002787176393094 0.3594450246149305 -0.10484098503404178 0.10289750012415128 0.076916767009265863 0.16077607765949062 -0.029993565284127402 4.6201001176709742 0.040435827802054909 -0.081828504906897775 0.099908658778836756 0.5840940683284348 -0.066444917967810782 0.089927927007276198 0.086825125245409931 0.95531333771506266 0.019825483815473617 -0.00095139309482376335 -0.13806879751242604 -555.07941767958368 -0.063656099170510863 0.088170286476251761 0.013660749307316767 0.027591464801929561 -0.05652109363080169 0.051134011105328239 -0.017804134878355801 0.00026333730913823762
leaf_weight=1.2750045088552198 70.440231400199224 57.608792750397626 0.0010045693641131948 0.0011703181132816098 0.0036351773857862249 24.792096086163369 21.557012227948629 0.55884705303014826 0.012062859785600177 0.049426175242388126 0.10612550224254846 10.278533907185937 0.022567200304471124 89.554976428169567 34.612279047342675 0.00116965375809741 0.22385737945000883 3.5764721810460376 12.267268300791747 3.0287837463038159 0.59768691562317122 0.91192940529435873 48.849118683622464 1.2022506832145152 0.14515150969873503 2.3757601855311323 10.512516796374257 1.1321122029021351 0.035887314974729634 0.32171159136487404 1.5849877675391315 30.253983222712122 64.031097135710183 0.15726769462708035 0.016345843687759043 2.1270433723157116 0.87735152532877592 18.228805280215511 13.261758690263376 1.8844342731634562 19.389841627903653 0.021177289012451861 15.001558026619021 3.6170309363059649 34.948814337953991 0.28289460003543254 53.222597594678518 5.4079765750793731 45.150600465988703 0.37787751266296243 951.17734681240836 11439.050529905144 12.390764950341785 0.0014414949237239174 227.90871472375875 140.09682444120881 1070.9006038715015 214.8186006189062 294.6272850766286 59.845504354125751 1223.2071140149201 31945.482627868485
leaf_count=9558 92346 413366 415 499 529 1523792 8559 171 96 31 404 1070 893 19836 82378 90 90 310 2149 61 383 24 2466 34 95 145 250 29 1199 1718 40 357 13150 79 177 120 730 1534 338 882 34918 6 178 4552 1352 86 782 66 9362 94 50347 1789808 173399 66 3998 21021 24160 4481 31996 7066 22521 1274596
internal_value=-0.000364988 -0.171238 -8.45568 -1841.73 -21.6529 -0.0424675 -6.83393e-05 -0.0527071 -0.0989491 -1.23825 -0.683636 0.0399898 -3.27559e-05 -0.0204365 -0.0827181 -4.3131 -0.00806574 0.0123108 0.0832474 0.180296 0.0817559 0.350748 -0.0581611 0.183767 0.706646 -0.00258669 0.0766323 -0.0044853 5.61651e-05 0.0152148 0.0222336 0.0657822 -0.0191768 0.524359 0.0105672 -0.0243161 0.223863 0.0251353 0.00430266 0.0560935 -0.0162417 2.56392 -0.0163808 0.0840329 0.111434 -0.021163 -0.0331845 -0.0520214 0.0966861 0.293489 -6.50943e-05 -0.0020682 -0.202325 -21.5312 -0.00189855 0.000192712 0.0222805 -0.0182233 -0.00207534 -0.0383457 -0.0250055 0.000828959
internal_weight=48285.4 83.6817 1.28081 0.00581006 0.00463975 82.4009 48201.7 32.562 21.7246 0.167615 0.155552 10.8374 48169.2 209.014 34.636 0.0237369 174.378 123.958 21.5143 9.24698 6.2182 1.50962 50.4204 1.57126 0.369009 102.443 12.8883 4.70858 47960.1 380.605 316.095 66.7878 64.5101 0.478979 249.308 73.4446 3.00439 175.863 105.123 70.7402 19.7103 0.0375231 86.8939 51.0299 36.5338 19.6727 73.6321 58.6306 47.4129 2.26231 47579.5 14682.9 12.4281 0.0373288 14670.5 13004.5 1211 1665.93 11793.5 354.473 1451.12 32896.7
internal_count=5635248 1948159 11001 1443 944 1937158 3687089 10331 9090 531 435 1241 3676758 109233 83361 983 25872 23187 2956 807 746 407 2685 219 185 20231 395 339 3567525 162867 147920 1749 14947 1797 146171 93196 850 52975 2898 50077 35187 183 1364 14890 1392 35004 1026 848 10338 976 3404658 2079715 174664 1265 1905051 1874051 45181 31000 1828870 39062 26519 1324943
is_linear=0
shrinkage=0.1


Tree=125
num_leaves=63
num_cat=0
split_feature=17 17 35 7 7 14 10 17 3 42 38 28 1 36 13 34 1 10 14 11 41 14 35 41 11 18 41 26 10 14 25 17 33 29 41 14 2 43 32 14 17 2 27 27 17 18 14 17 26 17 20 37 41 2 18 27 1 2 10 32 42 33
split_gain=8.77622 26.1447 26.7049 29.0351 24.7783 24.3843 37.8192 24.1098 20.4509 19.8867 19.813 24.3045 78.4659 24.0607 44.9244 32.4904 27.6989 19.2459 19.2241 19.1605 18.2558 17.1851 34.5074 17.4095 39.2315 29.3809 20.9551 16.9592 16.8566 19.7482 16.4235 38.3795 24.3871 28.9174 35.3202 30.6792 26.9269 22.6485 20.3271 19.2495 27.6399 18.4387 24.1383 17.3798 18.1387 25.9394 29.5355 41.5422 25.4064 17.3765 17.1942 16.4493 16.1874 16.7569 18.5535 16.2878 16.79 16.1814 19.1 18.8399 18.0485 16.0405
threshold=7.5000000000000009 6.5000000000000009 -32.071891784667962 2.5000000000000004 8.5000000000000018 0.84523808956146251 80.901721954345717 10.500000000000002 18.500000000000004 0.93788582086563121 32.500000000000007 5.5000000000000009 13.500000000000002 18.500000000000004 25.866189002990726 30.500000000000004 6.5000000000000009 87.298336029052749 0.73214286565780651 19.139194488525394 0.80909091234207164 0.73214286565780651 -95.065738677978501 0.86607143282890331 97.726097106933608 41.946762084960945 0.76388889551162731 0.80909091234207164 88.047618865966811 0.93750000000000011 6.5000000000000009 9.5000000000000018 -56.094758987426751 1.0000000180025095e-35 0.84523808956146251 0.2264957278966904 0.65182989835739147 0.56425985693931591 3.5000000000000004 0.52777779102325451 12.500000000000002 0.9586414396762849 2.5000000000000004 3.5000000000000004 10.500000000000002 87.528800964355483 0.64583334326744091 14.500000000000002 0.44949495792388922 10.500000000000002 94.925979614257827 -20.924884796142575 0.53571429848670971 0.64417582750320446 80.778705596923842 1.5000000000000002 4.5000000000000009 0.78133010864257824 74.322341918945327 1.5000000000000002 0.31643131375312811 -46.666666030883782
decision_type=2 2 2 2 2 2 2 2 2 2 2 2 2 2 2 2 2 2 2 2 8 2 2 10 2 2 10 2 2 2 2 2 2 2 10 2 2 8 2 2 2 2 2 2 2 2 2 2 2 2 2 2 10 2 2 2 2 2 2 2 2 2
left_child=1 -1 -3 9 5 6 10 21 -7 20 13 -12 -13 14 -2 -15 -17 -9 -5 -16 -4 23 -23 24 -8 -26 -27 -25 -11 -30 37 57 -33 34 38 49 61 -21 -34 -36 41 -41 51 44 -39 -46 -47 48 50 -35 -48 -43 53 54 -40 -55 -57 60 -59 -60 -32 -37
right_child=4 2 3 18 -6 8 7 17 -10 28 11 12 -14 15 19 16 -18 -19 -20 30 -22 22 -24 27 25 26 -28 -29 29 -31 31 32 33 35 39 36 -38 43 52 40 -42 42 -44 -45 45 46 47 -49 -50 -51 -52 -53 -54 55 -56 56 -58 58 59 -61 -62 -63
leaf_value=-7.0696235311794696e-05 -0.046555507757055421 -0.012672642674985024 0.017518103438190304 0.12556764947958904 -0.095817507452563899 0.036154862496583152 -0.063720057840265493 0.024108601281193198 -0.041084109212595046 0.035339620928748511 -0.015169013281184083 3.489451341320148 -0.10530902413697461 0.014777159137644583 0.084776669296523263 1.3250417254741098 -0.10376633814870823 0.55809016298427749 0.56451277488556284 -0.047341045213608081 -0.012015639991970941 0.032681131024103569 -0.05009684742655849 -0.019658644174066039 -0.0099941511730342273 0.07617810574197964 0.24960828116246159 -0.19067235062328047 -0.065587738578942886 0.11197864998660674 0.06263042602410579 0.0055453776248996934 0.04286182674540176 0.018140142445233192 -0.059613906842183866 0.40469141848489792 -0.01593360711041986 -0.00034627181976007492 0.0054279379623422309 -0.15678365651732828 0.0082785088503644268 -0.15011553075375081 -0.76261981329305273 -0.10519360148302076 0.0067540861649855038 0.023874080834075013 0.24324635734217501 -0.057782217378356829 0.013505896724402298 -0.050321400010652995 0.1185467655447615 -0.54534797408689228 -0.13224861070149663 0.076086509725603949 -0.20714096030065676 -0.011107333594286508 -0.25681816121820772 0.033011818947833081 0.0015580279659543304 -0.13255194131595807 -0.01050078124033405 0.030807815887207792
leaf_weight=37890.408568655766 217.51519607123737 359.5631855595102 632.36167372373006 3.0076193291172322 28.688427483999476 252.41602940821554 26.928009903499969 76.870112688960262 39.667039490627985 569.11729708527787 957.75820777055708 0.083532400847899591 0.22235672224911696 948.19715930087602 26.418017996761591 0.34888799029431439 0.22202195832471716 0.68095222442934655 1.493082737928489 80.925616241787438 312.83981550657813 56.937789383082531 435.89251080338164 161.10782521543666 18.585507180805507 15.976657875682806 12.354170904764031 6.0153749947276074 32.640644933890144 7.7506047047208986 36.464063519646288 357.18214716997613 34.460305815598076 42.717388365345641 45.762124600894367 1.1564066923438066 404.41830496328021 1478.9926316384265 7.6730249361802434 29.427872924275334 8.6785475885858414 3.9831827689195047 1.1305907095083965 13.890387035322872 807.20914607140787 257.85074835740681 18.086632497026585 14.350167093391063 14.033287507510975 280.62781833395502 28.451013688230887 1.4314716999651858 18.118515039671252 19.722397227433248 8.8327324802121421 16.806059447582815 3.3324569908436379 367.98208369447468 167.88100427331028 11.172149634105152 452.9049423233381 148.68660070770716
leaf_count=3331791 204851 129647 49595 7959 28933 8672 1006 6525 1307 18400 480967 24 153 372335 8078 17 328 87 77 106328 115167 1351 37900 9149 784 968 543 676 1373 226 25335 130606 5515 1976 2496 222 11293 189095 361 631 340 193 44 339 197727 43273 245 738 2816 9049 506 54 360 735 278 857 81 10816 5525 225 52148 16152
internal_value=-0.00011582 0.000506001 0.0118941 0.0175594 -0.00303935 -0.00272393 -0.0037418 -0.0242285 0.0256652 0.0168252 -0.00147573 -0.0148844 0.87635 0.000538736 -0.00202926 0.0152312 0.769391 0.0287973 0.271185 -0.000170577 0.00774312 -0.0298325 -0.0405333 -0.00794693 0.0324896 0.0877099 0.151805 -0.0258141 0.0309093 -0.0315148 -0.000603446 -0.00650243 -0.0170979 -0.0246077 -0.058988 -0.0167978 -0.00251713 0.00476681 -0.0206432 -0.105192 -0.151904 -0.190548 -0.342355 0.00636844 0.00696013 0.0164393 0.039933 0.0952019 0.131446 -0.0412769 0.167011 -0.254603 -0.0500236 -0.0235932 -0.108324 0.0114925 -0.0517668 0.0081593 0.0199776 -0.00680986 -0.0050516 0.0336932
internal_weight=48276.4 39809.2 1918.77 1559.21 8467.23 8438.54 8146.46 811.349 292.083 1554.71 7335.11 958.064 0.305889 6377.04 5428.28 948.768 0.57091 77.5511 4.5007 5210.76 945.201 733.798 492.83 240.968 73.8443 46.9163 28.3308 167.123 609.509 40.3912 5184.34 2470.55 1434.15 1076.97 199.359 877.607 554.261 2713.79 108.945 90.4138 44.6517 35.9731 6.54525 2632.86 2618.97 1139.98 332.772 74.9211 60.5709 323.345 46.5376 5.41465 74.4852 56.3667 16.5058 39.8609 20.1385 1036.4 547.035 179.053 489.369 149.843
internal_count=5635248 3654235 322444 192797 1981013 1952080 1942101 58989 9979 184761 1883112 481144 177 1401968 1029288 372680 345 6612 8036 824437 164762 52377 39251 13126 3301 2295 1511 9825 19999 1599 816359 275292 181243 50637 11945 38692 27667 541067 8187 3758 1262 922 291 434739 434400 245305 47578 4305 3567 11025 751 247 2672 2312 639 1673 938 94049 16566 5750 77483 16374
is_linear=0
shrinkage=0.1


Tree=126
num_leaves=63
num_cat=0
split_feature=31 9 8 19 35 33 32 21 7 45 31 13 19 18 42 7 13 7 3 25 35 9 42 31 35 37 33 8 28 9 3 19 30 36 9 3 9 3 18 1 31 30 25 8 35 36 37 8 3 8 7 7 3 31 34 31 36 13 35 3 34 1
split_gain=13.6395 53.7647 142.742 851.553 32.7233 243.934 13.4433 986.045 8.62714 10.0934 9.65084 27.4257 60.4723 70.8133 58.0404 32.8606 36.58 25.7987 16.112 28.3431 33.354 29.3797 38.788 20.6619 52.2952 21.8285 16.2887 15.7674 39.2939 19.7852 15.0051 13.9572 13.7559 13.6447 14.9332 14.5397 18.6472 12.8954 12.7836 40.0709 14.5408 15.2736 12.5125 12.3002 17.7826 36.7999 12.0587 13.9533 17.3538 43.9901 11.9637 11.2677 16.5675 20.1441 21.7657 15.2264 11.2608 13.8781 22.5171 11.1793 10.8949 13.4176
threshold=-0.40188594162464136 44.033897399902351 62.500000000000007 91.813587188720717 1.9230766296386721 -91.578014373779283 193.50000000000003 0.69397994875907909 118.50000000000001 0.35799026489257818 -0.18276628851890561 49.018096923828132 96.019802093505874 20.431354522705082 0.41897974908351904 1.0000000180025095e-35 97.498435974121108 2.5000000000000004 20.500000000000004 4.5000000000000009 -25.00554275512695 77.849929809570327 0.21132376790046695 -0.31222294270992274 -99.765258789062486 -21.950149536132809 -45.44532394409179 10.500000000000002 1.5000000000000002 12.183054924011232 10.500000000000002 96.677703857421889 1.0000000180025095e-35 11.500000000000002 84.660633087158217 3.5000000000000004 81.120250701904311 8.5000000000000018 99.783550262451186 8.5000000000000018 -0.28007981181144709 1.0000000180025095e-35 2.5000000000000004 2.5000000000000004 -99.765258789062486 3.5000000000000004 -10.520027160644529 3.5000000000000004 226.50000000000003 5.5000000000000009 50.500000000000007 38.500000000000007 87.500000000000014 -0.2123737037181854 21.500000000000004 -0.34353439509868616 10.500000000000002 53.001201629638679 -8.1808433532714826 40.500000000000007 22.500000000000004 6.5000000000000009
decision_type=8 2 2 2 2 2 2 2 2 2 8 2 2 2 2 2 2 2 2 2 2 2 2 8 2 2 2 2 2 2 2 2 2 2 2 2 2 2 2 2 8 2 2 2 2 2 2 2 2 2 2 2 2 10 2 10 2 2 2 2 2 2
left_child=1 2 4 -4 6 -6 -1 -8 10 -10 11 12 -2 14 -14 18 -17 59 19 21 -21 22 -13 24 -23 -25 56 -15 29 -29 -31 -22 42 34 35 36 -27 -36 40 -40 41 -32 51 44 -37 -46 47 -20 -49 -50 -12 52 55 54 -54 -19 -24 58 -58 -18 61 -45
right_child=8 -3 3 -5 5 -7 7 -9 9 -11 50 15 13 27 -16 16 17 32 46 20 31 23 26 25 -26 33 -28 28 -30 30 38 -33 -34 -35 37 43 -38 -39 39 -41 -42 -43 -44 60 45 -47 -48 48 49 -51 -52 -53 53 -55 -56 -57 57 -59 -60 -61 -62 -63
leaf_value=-0.14302088416201811 -0.079920814566815351 0.0039215661709524965 -0.1000015508584067 -99.606382640644142 27.488517854462277 -0.10032519371058246 -0.10019994289287665 99.764416598399251 0.55458090368511082 -0.027159908411612171 -0.00012398038074259345 1.392013371709099 -2.1257577357216841 0.019541706250004613 -0.17984986262483196 -0.04479261986852319 0.053575360996904679 0.10011161363654711 -0.017916002393174788 -0.10460295477079057 0.10432534283954005 1.4795085822404779 0.11302298728561938 0.92692441499850176 0.16014307262444294 0.2546424154189561 0.033692825232489752 1.3649773180407774 2.4499999609256249 -0.029750527021225933 -0.10020996936730063 0.021383726521812921 0.13145432782502106 -0.0098956788092841638 0.22555542107948831 -0.10396005401737528 1.4305765394296823 -0.0028398298888259663 -0.10188684926313887 3.3135811772892398 0.14124063992233774 1.9573130112867085 -0.056634919911212771 0.56402649001636618 1.8397790770609856 -0.090398244637355019 -0.061812377079769679 0.053081992434559716 1.7117577019086079 -0.10075880900349024 -0.021749813373615211 7.7047244443232551e-05 -0.054132860654089857 0.693969630713835 0.579794991660744 0.01414260045331377 0.34850031408173604 0.29121115691732663 1.955305523198128 0.17944165497127709 0.78112146222550605 0.16938475365828293
leaf_weight=34.235648663092313 109.0871197355292 106.4153996426205 0.0059631404868712981 0.0010049608380144903 0.0036246514521280871 0.027669785247225746 0.078341885007339296 0.0010013575981133718 0.29893829289539908 129.00027837769267 45734.731139524636 0.218849014974693 0.27611344856606512 131.1019726213616 0.34455436874617229 132.72597461559599 69.231657568905575 21.623903538929881 39.823442683675239 15.421932750489757 34.404144008892217 0.44266905619588215 2.6561094452636089 0.38830195394985523 0.93490422129707418 0.28020535705582617 33.957132902636658 0.13630406596529754 0.078372635573032201 2.0357580513027509 0.057431088155715043 49.450070587983646 8.7934805461190972 3.4921912763002174 5.9672971212585235 1.4321028601843862 0.25994956066278974 4.2204666215693578 0.083148385436288552 0.058529961128442665 0.88931821263243338 0.097041167568022557 31.158412934805256 1.3401367522019429 0.15829375940666057 0.26270608935010387 17.51747227702981 60.205356166919955 0.22062864702820562 0.34064899026270723 257.25006416012184 762.91833176796354 2.0725292896386245 0.75322368647903104 0.733233815524727 436.0290435893985 0.21793095030352549 1.279349232696404 0.1454027347790543 7.8575342312342391 0.5656282796517188 2.4123476148670306
leaf_count=1794537 892135 452198 1941 135 9 1040 14842 106 41 26766 1956351 66 119 87965 9 151433 15781 663 6692 58017 4960 85 460 70 797 88 10450 60 132 1867 333 872 280 883 533 114 84 314 108 20 321 58 55193 66 38 100 1865 7340 42 102 22564 52947 147 45 50 10143 175 91 8 196 67 334
internal_value=-0.000109936 -0.0311922 -0.139963 -14.4511 -0.13706 3.09513 -0.140008 1.16015 -1.90042e-05 -0.0258149 5.05003e-05 0.00685755 -0.0245348 0.0201674 -1.04552 0.0112342 0.00528601 0.0102419 0.0427683 0.0634575 0.0305559 0.117329 0.0645038 0.209057 0.584108 0.184194 0.0569096 0.0250838 0.236551 0.184883 0.134949 0.0554134 0.00681689 0.17005 0.207236 0.323054 0.820561 0.130939 0.41778 1.30911 0.296796 1.19235 0.00594378 0.279509 0.0639986 0.635338 0.0147568 0.0280911 0.0582418 0.61171 -0.000244942 0.00753663 0.019876 0.234799 0.111532 0.0182046 0.240304 0.44611 0.991529 0.0664046 0.371994 0.310324
internal_weight=48258.2 140.769 34.3533 0.0069681 34.3463 0.0312944 34.315 0.0793432 48117.4 129.299 47988.1 1996.16 244.246 135.159 0.620668 1751.91 1473.9 1341.17 278.016 159.908 99.2761 60.632 38.4748 22.1572 1.37757 20.7796 38.2559 134.538 3.4359 3.35753 3.22123 83.8542 1264.08 20.3913 16.8991 6.71137 0.540155 10.1878 1.18547 0.141678 1.04379 0.154472 1255.29 6.17122 1.8531 0.421 118.108 100.59 60.7666 0.561278 45992 1224.13 461.212 3.55899 2.80576 457.653 4.29879 1.64268 0.363334 77.0892 4.31811 3.75248
internal_count=5635248 2264808 1812610 2076 1810534 1049 1809485 14948 3370440 26807 3343633 1364718 983127 90992 128 381591 286878 135445 94713 78672 63849 14823 11250 3573 882 2691 11184 90864 2899 2767 2707 5832 119468 2621 1738 891 172 847 840 128 712 391 119188 719 252 138 16041 14176 7484 144 1978915 63995 11048 242 197 10806 734 274 183 15977 467 400
is_linear=0
shrinkage=0.1


Tree=127
num_leaves=63
num_cat=0
split_feature=32 31 19 31 21 34 31 10 34 20 36 20 32 35 37 43 9 44 29 20 24 0 29 30 24 18 25 31 26 20 43 25 24 35 45 14 38 17 35 18 20 21 31 18 0 18 19 25 30 26 29 24 14 25 28 21 18 24 20 18 20 14
split_gain=976.299 109758 1.36572e+06 34708.5 1.66128e+06 915.598 16.1969 521.503 6335.14 10025.9 340.876 3654.98 262.528 732.025 84.6651 915.979 49.6393 10.915 8.68789 9.64261 8.84654 8.76009 7.9423 73.7737 40.1923 40.084 26.6282 32.6484 21.9177 28.2462 27.1177 21.9491 25.7195 49.8389 21.4145 20.064 18.173 17.1419 17.264 16.5957 28.2191 26.5726 43.2103 53.4688 26.2905 23.2675 16.4889 19.9783 16.2079 63.1427 54.708 99.0257 89.4825 65.3813 64.766 87.2595 54.1852 51.0041 46.2644 45.5233 98.0037 45.5828
threshold=201.50000000000003 -0.53373423218727101 87.194396972656264 -0.40188594162464136 0.65942031145095836 39.500000000000007 -0.40188594162464136 8.166666507720949 1.5000000000000002 78.065486907958999 204.50000000000003 89.296943664550795 191.50000000000003 -11.998756408691404 -91.578014373779283 0.96984848380088817 44.033897399902351 0.99760764837265026 1.0000000180025095e-35 88.251724243164077 10.500000000000002 0.40405100584030157 1.5000000000000002 1.0000000180025095e-35 9.5000000000000018 98.253242492675795 3.5000000000000004 -0.041247799992561333 0.17424242943525317 71.71112442016603 0.93949562311172496 6.5000000000000009 6.5000000000000009 -12.526268005371092 0.94028058648109447 0.44949495792388922 44.500000000000007 11.500000000000002 -32.071891784667962 35.493415832519538 96.164356231689467 0.1132478639483452 -0.014909014105796812 47.466186523437507 0.17673585563898089 37.688747406005866 91.239036560058608 5.5000000000000009 1.0000000180025095e-35 0.52272728085517894 1.0000000180025095e-35 6.5000000000000009 0.84523808956146251 7.5000000000000009 1.0000000180025095e-35 0.65942031145095836 81.977397918701186 10.500000000000002 92.071350097656264 77.460720062255874 82.621711730957045 0.44949495792388922
decision_type=2 8 2 10 2 2 8 2 2 2 2 2 2 2 2 8 2 2 2 2 2 2 2 2 2 2 2 8 2 2 8 2 2 2 2 2 2 2 2 2 2 2 8 2 2 2 2 2 2 2 2 2 2 2 2 2 2 2 2 2 2 2
left_child=6 2 5 4 -3 -2 7 8 9 -1 12 -12 14 -14 15 -9 -16 -5 19 20 -18 -22 48 25 35 26 36 -28 29 -29 -30 32 -31 -34 -32 -25 39 38 -33 40 -24 42 43 44 45 -41 47 -37 49 -8 52 53 -50 54 -52 56 -56 -51 -58 -53 61 -61
right_child=1 3 -4 17 -6 -7 22 10 -10 -11 11 -13 13 -15 16 -17 18 -19 -20 -21 21 -23 23 24 -26 -27 27 28 30 31 34 37 33 -35 -36 46 -38 -39 -40 41 -42 -43 -44 -45 -46 -47 -48 -49 50 57 51 59 -54 -55 55 -57 58 -59 -60 60 -62 -63
leaf_value=-0.1001097678618776 -99.085848672731743 -0.10021209123354009 -3784.7584959691976 -0.079086789606678906 -3687.4454058727192 -0.10001912775738593 0.00025151259330175258 -0.10000314749547978 -0.10000345819336665 -337.61633125462077 -0.10006791025764777 -199.75226717892619 -0.10000077915228743 99.496003843584461 -0.13871132947908846 -100.02288069962947 0.026235876273585632 0.19554584937100541 -0.10053863017661942 0.18919056360249095 -0.047576957822935501 0.3110099480946571 0.014426370100923933 0.016723972377699483 -0.13999480531291669 0.099648750546438347 -0.064467698340082896 -0.027493691917302318 -0.036460284120102132 -0.028254050315186276 0.01490937769209293 0.28889849708410359 -0.042462120519043099 0.14476593221958442 -0.04015795888142875 -0.1402546936493908 -0.088853770874444959 -0.059792262796702994 0.016108283691636405 3.4046627458443375 1.5506176068691071 0.1366094356381361 0.27446517128752618 3.9057352819468711 -0.10501991986199546 0.87975242533591347 0.092499138391959113 0.048534640490240671 -0.0017238732048809428 0.035776006094321001 0.027550196703546109 -0.060732320147641364 0.049228012684069768 0.067977787485770921 -0.048165549723964196 -0.10336122216297515 0.091462540591529473 0.0036232793507470955 -0.025606865061875511 -0.02410466604375372 -0.033240652856065415 0.11739283373613829
leaf_weight=0.0021682957326757254 0.001010245419820424 0.059382159149042546 0.0010304760666031152 5.6967323578530893 0.0012475099291577854 0.012455972140897836 33769.126678342516 0.01101129606676224 0.044920005519708026 0.001481408754275465 0.010830336499679016 0.0010017417113203928 0.0027847542605234535 0.0010040562913714956 31.85826720195297 0.0010007719129904993 66.394056720994826 1.9400028615068547 7.4623019420479428 2.9577473332559512 29.259693681957476 0.69751142567838442 13.322353973472932 104.89300100697733 11.481885330323847 32.641052227543696 117.76313262991225 359.54190151743114 557.87328452606562 290.86175196690419 247.13915394161177 2.3271810433301416 30.383277293026936 26.721959492054793 98.870174544248584 6.4756248681405841 5.5729010856095682 30.276393711901619 749.54315856697758 0.057043236429308308 0.12066132947802621 13.343546333559969 1.1383675114320784 0.074849876433290774 0.13636278087233222 0.10132815468750778 119.01086869044229 41.710146506273304 6909.5314053213151 924.33994481846275 347.89584564297962 437.3309778777309 362.77851726280642 154.45583931239787 123.55890142447339 118.48937833238233 81.286494786602816 1058.1599730054968 57.731381771983251 34.048355231117966 798.72786731806059 68.712196457199752
leaf_count=33 634 6341 787 22723 162 7651 2082456 3266 13506 115 2882 219 1126 136 1776125 117 81469 695 360589 1883 7601 166 5589 8918 2368 515 290431 31265 11484 12848 3458 256 1912 825 1591 127 2894 3119 14168 64 2 1016 62 11 105 74 5708 1272 456257 27360 21450 15781 277651 9436 5329 3813 1488 23028 741 1530 19563 1057
internal_value=-0.000306915 -1.12537 -276.025 -0.607643 -75.9707 -7.52601 -0.00012708 -0.0342498 -10.3945 -137.097 -0.0306207 -17.0033 -0.0291723 26.2935 -0.0298916 -8.42497 -0.0291642 -0.00932031 0.0035223 0.0113417 0.00588214 -0.0392278 -2.86964e-05 -0.00513809 0.0432744 -0.0104637 -0.0118759 -0.0130637 -0.0105346 -0.00308057 -0.0228193 0.00468638 -0.0162077 0.0451498 -0.000825797 0.0510081 0.0762029 0.0139819 0.0169526 0.108713 0.0282149 0.181576 0.579476 1.51895 0.912809 1.78919 0.0725167 0.0231635 0.000294423 0.00126978 -0.00337826 -0.0171101 0.000817857 0.00887692 -0.00364565 -0.032126 1.9298e-05 0.0186145 0.0428459 -0.0342576 -0.0214142 0.0705095
internal_weight=48254 7.71186 0.0144967 7.69736 0.0606297 0.0134662 48246.3 138.706 0.0485697 0.0036497 138.657 0.0118321 138.645 0.00378881 138.642 0.0120121 138.63 7.63674 106.771 99.309 96.3513 29.9572 48107.6 2861.38 283.572 2577.81 2545.17 2511.3 2393.54 1489.66 903.883 1130.11 347.967 57.1052 346.009 272.09 33.8674 782.147 751.87 28.2945 13.443 14.8515 1.50795 0.369584 0.294734 0.158371 167.197 48.1858 45246.2 35751.6 9494.55 2222.24 7272.31 883.418 728.962 381.066 262.577 1982.5 139.018 1338.82 901.488 102.761
internal_count=5635248 38993 9072 29921 6503 8285 5596255 2249233 13654 148 2235579 3101 2232478 1262 2231216 3383 2227833 23418 451708 91119 89236 7767 3347022 400082 18393 381689 381174 371357 80926 64393 16533 33128 15585 2737 5049 16025 9817 17543 14424 6923 5591 1332 316 254 243 138 7107 1399 2946940 2132844 814096 80188 733908 42257 32821 11371 7558 50388 2229 37931 22150 2587
is_linear=0
shrinkage=0.1


Tree=128
num_leaves=63
num_cat=0
split_feature=32 31 35 31 32 19 31 19 31 13 24 33 13 10 2 31 31 10 12 2 1 35 26 19 20 26 11 19 1 12 18 19 32 7 9 12 42 13 9 31 31 37 2 32 31 3 1 36 2 13 9 11 10 42 13 44 13 9 2 12 18 31
split_gain=1860 441249 4.78358e+06 49618.1 1.21381e+06 1.42983e+06 68.3529 930.825 9.78354 20.9957 7.86817 10.024 18.5015 18.0043 17.2186 14.0653 38.0137 31.8365 12.7393 21.7672 34.7964 12.4528 18.0085 19.2245 26.441 25.0954 17.4744 15.0522 13.2454 10.9294 11.0023 9.82081 8.61264 25.6757 24.653 36.488 34.4973 28.4452 46.0678 27.9926 23.1797 21.7603 25.6835 27.1423 24.8643 21.561 20.0388 19.1788 30.5919 18.5524 29.3548 19.0331 17.7837 17.1801 17.0531 67.3075 16.1926 33.9753 23.2411 18.1 16.8845 205.564
threshold=191.50000000000003 -0.5372842252254485 -15.886798858642576 -0.40511435270309443 201.50000000000003 72.42737197875978 -0.38470481336116785 92.344322204589858 -0.45733205974102015 94.201679229736342 4.5000000000000009 -24.980127334594723 39.250699996948249 30.341388702392582 0.32538796961307531 -0.24502834677696225 -0.26600576937198633 48.074073791503913 48.834688186645515 0.4407906979322434 17.500000000000004 -96.747753143310533 -1.0000000180025095e-35 96.677703857421889 97.067424774169936 0.44949495792388922 77.485187530517592 88.823139190673842 15.500000000000002 80.243904113769545 69.934360504150405 88.251724243164077 13.500000000000002 1.0000000180025095e-35 27.639257431030277 64.747306823730483 0.46265329420566564 27.072835922241214 25.176055908203129 0.30716219544410711 0.60075038671493541 -51.721313476562493 0.41985124349594122 7.5000000000000009 -0.25196722149848932 19.500000000000004 8.5000000000000018 8.5000000000000018 0.17548917979002002 29.300813674926761 30.0684928894043 65.058139801025405 60.120481491088874 0.99382716417312633 14.415584564208986 0.90026175975799572 22.903981208801273 21.132376670837406 0.51704710721969616 32.071428298950202 20.431354522705082 -0.21587483584880826
decision_type=2 10 2 10 2 2 10 2 8 2 2 2 2 2 2 8 10 2 2 2 2 2 2 2 2 2 2 2 2 2 2 2 2 2 2 2 2 2 2 10 10 2 2 2 8 2 2 2 2 2 2 2 2 2 2 2 2 2 2 2 2 8
left_child=8 2 -2 4 5 -3 7 -5 9 -1 11 12 -10 18 29 16 -16 -18 19 20 -14 -13 -23 24 27 -25 -27 28 31 30 -15 -24 41 34 36 49 37 38 39 56 47 42 44 -44 -12 46 -46 48 -40 -36 -51 -52 -45 -48 55 -47 57 58 60 -58 61 -34
right_child=1 3 -4 6 -6 -7 -8 -9 10 -11 32 21 13 14 15 -17 17 -19 -20 -21 -22 22 23 25 -26 26 -28 -29 -30 -31 -32 -33 33 -35 35 -37 -38 -39 40 -41 -42 -43 43 52 45 54 53 -49 -50 50 51 -53 -54 -55 -56 -57 59 -59 -60 -61 -62 -63
leaf_value=-0.10879371090509192 -0.10001769367160447 -0.10000087952621546 -7159.2793745181089 -0.10000307311013588 -0.10019791095464721 -5179.8789285968242 -0.013273321992390345 -99.855137604430311 -0.02611894173154386 0.0022878795047349917 -0.093693333819712121 0.0075596196144804458 2.64618985152498 -0.025041421693071254 0.010742340655813304 0.038372738882134445 0.36768148362084929 2.1950033826496642 0.10639586993355205 0.27636378736866479 0.40597390532671662 -0.061980835836909123 0.0029616881355810027 0.090315946977924291 0.10219755847995332 -0.18990967103143686 0.0032777884680028203 -0.040425386391321379 -0.060682454162557513 0.090534137396987291 -0.1739154460938758 0.14602423546632654 -10.977309810521643 -0.05537142530981385 -0.057729649276974486 0.0017999974631779719 -0.099546288102343339 0.04112559797065711 2.4501504146227009 0.063382010997445185 -0.74934292810493508 8.6035089497399047e-05 0.019124092654032285 -0.0094325471865337844 0.067606297559046194 -0.10036865763978293 0.016058821907896207 -0.074013989769095151 -0.10097470311428068 0.020432925424501709 -0.026208277946606996 0.053297058051364879 0.097707722927678861 0.092861223707671803 -0.036864361066933062 8.4624596280375606 -0.011438577105226454 -0.064338987846394177 -0.01125363592687903 0.035488389870132649 0.023546755594800413 -0.10097379677199486
leaf_weight=26.01775115591186 0.011019867313452185 0.0011359163400994137 0.0010196699395743488 0.013984223109145044 0.052101112989403169 0.0010039038485450957 8.6182135656647461 0.0010024547149409821 87.951488607938757 49.177571994234377 15.850024200635326 225.13758563961346 0.10907490665112973 14.209810549471063 0.87679129689064439 115.44515472959756 0.20840314110046143 0.17574989484637626 3.1249664432843929 1.2998698861533737 0.19030800318489582 87.263001338437789 158.47290347746082 38.008452291367576 16.679622903611744 5.0507299590972243 64.15810418316687 288.46213365194853 34.762719594894406 4.7354199983942626 7.6295354114412239 4.9482141400803803 0.0183403883779647 95.048533198352743 123.94973406020495 1548.7032571827726 30.06523862386166 230.88619336416446 0.07818810104075069 83.698934156447649 0.50774792954325576 40201.082446281194 678.78380413703235 861.72422789107509 165.92404517991173 0.042900203506156198 269.6202922001915 68.711764956198834 0.11785868677372946 177.35435625397736 964.44243209982938 31.080871807145968 15.775974464134377 32.652981500649787 42.577484140567343 0.011678689443215262 119.1312791217573 83.48643852588657 492.74077149275718 265.08094917228152 336.60858238118857 0.33092589329800048
leaf_count=1778868 8129 325 1781 1174 6470 293 24631 28 40787 112127 209724 10033 86 5579 1451 3602 100 83 346 76 117 5437 7491 473 310 115 9829 3539 5939 544 696 57 311 432994 116523 62472 6537 63032 7 3567 10 1612817 56847 143495 22787 197 103137 49448 152 55391 328334 942 366 1961 39988 42 31697 53316 28017 52090 127620 911
internal_value=-0.000368284 -1.46245 -606.436 -0.624042 -95.9687 -2430.21 -0.0250071 -6.7726 -0.000104234 -0.0361466 -4.78825e-05 -0.00818775 0.010206 0.0317919 0.0254588 0.0420009 0.374177 1.20368 0.223871 0.453418 1.22216 -0.0128902 -0.0194881 -0.0134147 -0.0216046 0.0250322 -0.0108207 -0.0258479 -0.00462995 -0.047188 -0.0770503 0.00729347 0.000153099 -0.00393086 -0.00285792 -0.00856216 0.00662612 0.0085246 0.00333531 0.00733066 -0.0761564 0.000602411 0.0105684 0.0041087 0.0296563 0.0334836 0.039683 -0.071196 0.916474 -0.0209369 -0.0170487 -0.0237261 -0.00750635 0.0243554 -0.0345999 1.73189 0.00371462 -0.00353188 0.00258669 0.0209379 0.0228257 -0.672103
internal_weight=48178.9 8.69948 0.0120395 8.68744 0.0542409 0.00213982 8.6332 0.0149867 48170.2 75.1953 48095 1158.9 235.957 148.005 143.281 116.706 1.26094 0.384153 4.72422 1.59925 0.299383 922.943 697.806 610.543 503.326 107.217 69.2088 486.646 198.184 26.5748 21.8393 163.421 46936.1 4652.04 4556.99 2845.53 1711.46 1681.4 1450.51 1381.1 69.4156 42284 2082.96 1556.28 526.679 510.829 468.197 68.9078 0.196047 1296.83 1172.88 995.523 877.5 302.273 42.6321 0.0545789 1297.4 913.185 829.699 384.212 336.958 0.349266
internal_count=5635248 42831 9910 32921 7088 618 25833 1202 5592417 1890995 3701422 96690 53467 12680 12055 5236 1634 183 625 279 203 43223 33190 27753 17336 10417 9944 17026 13487 6819 6275 7548 3604732 1413371 980377 563662 416715 410178 347146 297529 49617 2191361 578544 200708 377836 168112 127885 49607 159 501190 384667 329276 143861 105098 40227 239 293962 210175 156859 83787 128842 1222
is_linear=0
shrinkage=0.1


Tree=129
num_leaves=63
num_cat=0
split_feature=12 41 31 12 42 13 10 14 37 38 13 12 18 1 14 28 2 5 41 12 12 41 19 10 12 41 31 40 5 43 21 43 21 13 3 31 45 2 1 43 19 43 28 18 45 28 43 20 21 18 38 42 20 25 31 43 45 19 21 40 45 2
split_gain=9.04964 42.2967 22.3326 19.2887 18.1526 18.0267 26.0564 17.8004 17.0107 29.1474 20.4296 20.2626 17.6446 16.1603 15.4813 15.9758 17.4653 31.3284 20.1686 25.7659 25.6321 21.9279 28.3936 23.6994 83.6831 14.6709 14.0881 14.0628 13.2404 26.6353 54.4835 26.5806 34.5798 26.5365 28.4843 36.159 24.4635 30.2759 32.7398 26.0513 47.8138 63.1346 28.241 31.8122 27.7395 34.7584 26.044 23.1169 28.4166 27.9288 22.0874 22.4628 21.6272 20.325 19.7608 19.6924 19.7604 17.9223 23.7672 22.0237 22.9316 21.9292
threshold=35.948717117309577 0.53571429848670971 0.30716219544410711 35.388994216918952 0.45512083172798162 16.53005409240723 15.535444736480715 0.2264957278966904 -67.996875762939439 37.500000000000007 39.250699996948249 43.951219558715827 42.891986846923835 4.5000000000000009 0.15476191043853763 1.5000000000000002 0.63698199391365062 1.0000000180025095e-35 1.0000000180025095e-35 55.646631240844734 46.589147567749031 0.88194444775581371 85.631710052490249 37.248718261718757 79.118217468261733 0.53571429848670971 0.38370320200920111 1.0000000180025095e-35 1.0000000180025095e-35 0.62236937880516063 1.0000000180025095e-35 0.53368234634399425 0.13714733719825747 83.424911499023452 14.500000000000002 0.0037422329187393193 0.80445092916488659 0.99996608495712291 1.0000000180025095e-35 0.92762356996536266 92.601715087890639 0.97969490289688121 1.5000000000000002 94.146202087402358 0.89058306813240062 1.5000000000000002 0.96677702665328991 89.672946929931655 0.71714287996292125 92.342185974121108 24.500000000000004 0.94494947791099559 86.284465789794936 6.5000000000000009 0.64468246698379528 0.98557657003402721 0.77618283033370983 95.260559082031264 0.65942031145095836 1.0000000180025095e-35 0.73751839995384227 0.82469150424003612
decision_type=2 8 10 2 2 2 2 2 2 2 2 2 2 2 2 2 2 2 8 2 2 10 2 2 2 8 8 8 2 8 2 8 2 2 2 8 2 2 2 10 2 10 2 2 2 2 10 2 2 2 2 2 2 2 10 8 2 2 2 8 2 2
left_child=1 2 3 4 -1 -2 -7 -3 9 10 12 13 -8 -10 15 16 18 -18 19 -14 -20 -22 -23 -24 -25 -15 -19 -4 31 30 -30 32 -13 -32 35 50 53 39 -39 -38 41 44 -42 47 45 -41 -45 49 -49 52 -35 -52 -44 55 -55 57 -57 59 -59 60 -33 -62
right_child=5 7 27 -5 -6 6 8 -9 11 -11 -12 28 14 25 -16 -17 17 26 20 -21 21 22 23 24 -26 -27 -28 -29 29 -31 33 36 -34 34 -36 -37 37 38 -40 40 42 -43 43 46 -46 -47 -48 48 -50 -51 51 -53 -54 54 -56 56 -58 58 -60 -61 61 -63
leaf_value=-0.0041727214365143133 -0.052649671590434079 -0.098331402462185649 0.12055842534892876 -0.095758186502507878 -0.10470042560277631 0.069680049238760047 -0.039369122931106768 0.16175727007191448 -0.0027297897399672735 -0.031750444426350402 0.94095390757344832 -0.089347679309767669 0.050022756893820713 -0.032678402439920859 0.090527350229622341 -0.036673461615898642 -0.02407403815727437 0.020852980991387871 -0.057518804449273556 -0.065326034999992691 -0.031151408892343298 -0.12660505158655372 0.16763300260117645 -0.10027459136238684 3.9736032684506188 -0.11413498981822279 0.090771292942739445 0.022696643574569329 -0.088230410357093905 -0.0023970032298981018 -0.0010667990109185213 0.0070228744371712117 -0.004084988619573961 0.11381834718164832 -0.045911953904571423 0.024288729084120844 0.0031848888360790709 0.012579732114193783 0.083729301091690037 0.0014877082192765614 -0.0045770500873898749 0.015654769463622622 0.046195189278299881 0.19809293211675452 -0.089968050908963537 -0.10622810198513576 -0.049113941252350475 -0.04665046685375035 0.15626037016183991 0.15853342991429967 0.13860930906803745 -0.012630055033288973 -0.03993620577174109 0.016184941973255571 -0.028477029681672702 -0.0070287997773412041 0.016947099330867178 0.062260213198881836 0.014280335208337042 0.022971981938527702 -0.028458156492551179 0.022838032606586303
leaf_weight=1112.9817224723513 64.692373572499491 61.823512498850278 19.860277194064111 24.345662423909289 18.257192145111503 53.873205202246027 51.652798464248576 2.7483816947130881 197.51172111279314 134.26935354298826 0.23966894917611981 72.931141423658062 371.9131641458859 168.48897330133809 30.670051208625068 49.997746456990399 185.98065645840984 195.30957212345368 48.305119164330975 20.428785756013156 16.524234251443129 3.6502593570399311 15.792619309163815 0.16020852531176011 0.073579839430749416 25.450646633424384 33.806679468485584 56.339883441105485 47.505530835860554 21777.71441618328 305.08179024360811 989.88308382964817 136.77067759662444 93.421554279071003 38.528484556355465 304.44168874302056 6987.6913706914183 343.19740741260102 79.691855734563433 101.97269996839418 6457.8947916707566 155.92999066531212 117.26580372857052 17.926868548898202 167.48165699550259 42.418788076035241 5.5908516085839883 71.494937795847392 7.6392389318224323 17.347398478599985 13.734428768209225 34.461347885718126 38.797868640822827 2283.0965241391114 103.56041595303395 2149.1905187083989 409.20258124818793 120.75956943912388 711.75719859572791 458.9408641798982 434.85859035476722 103.09859073280495
leaf_count=253191 41906 858936 227 13955 5264 17966 59973 95 49638 197225 10 272382 55882 121064 1802 145091 16720 16171 340751 1361 6076 39559 12144 929 3 557828 1347 2405 283307 1034074 119213 40122 24355 16989 6575 5828 412696 40674 33568 1963 197247 3580 3194 229 4002 667 82 2401 272 137 1851 9225 1186 86022 4952 111390 20454 2061 24943 30788 20310 990
internal_value=-0.000126573 -0.0083685 -0.00423284 -0.00769048 -0.00579515 0.000101386 0.000174296 -0.0872612 9.42027e-05 0.0120592 0.0178007 -0.000209896 0.0175847 -0.0228634 0.0206094 0.0183328 0.0214162 0.00641816 0.034472 0.0440167 -0.00984156 0.0537772 0.125099 0.182429 1.18189 -0.0433679 0.0311696 0.0482027 -1.3712e-05 -0.00172413 0.0157796 0.00169886 -0.0337381 0.0220367 0.0365819 0.0437074 0.00203096 -0.000379246 0.0259876 -0.00116506 -0.00538571 -0.0363001 -0.0032381 0.0280836 -0.0622765 -0.0301566 0.139325 0.0177246 -0.0270624 0.0381626 0.0854525 0.0304689 0.0247827 0.00656691 0.014247 0.00315844 -0.00319397 0.00892298 0.02124 0.00376181 -0.00200864 -0.0186273
internal_weight=48166.4 1296.36 1231.78 1155.58 1131.24 46870.1 46805.4 64.5719 46751.5 1158.77 1024.51 45592.7 1024.27 391.451 972.613 941.943 891.945 415.097 476.848 392.342 84.506 36.2009 19.6767 16.0264 0.233788 193.94 229.116 76.2002 45201.3 22614.9 837.175 22586.4 209.702 789.669 484.588 446.059 22376.7 14612.3 422.889 14189.5 7201.76 467.803 6733.96 276.063 311.873 144.391 23.5177 252.545 79.1342 173.411 141.617 48.1958 156.064 7764.35 2386.66 5377.69 2558.39 2819.3 832.517 1986.78 1527.84 537.957
internal_count=5635248 1134073 275042 272410 258455 4501175 4459269 859031 4441303 895044 697819 3546259 697809 728530 637836 636034 490943 34238 456705 57243 399462 58711 52635 13076 932 678892 17518 2632 2817729 1477062 442988 1340667 296737 159681 40468 33893 1043930 701898 74242 627656 214960 10212 204748 7501 6632 2630 311 7190 2673 4517 28065 11076 4380 342032 90974 251058 131844 119214 27004 92210 61422 21300
is_linear=0
shrinkage=0.1


Tree=130
num_leaves=63
num_cat=0
split_feature=3 36 7 3 0 0 26 12 30 0 31 34 37 13 25 0 29 7 42 44 44 38 24 18 39 0 38 12 41 42 31 12 12 13 10 41 12 35 25 0 5 31 38 0 20 35 12 20 25 36 34 12 13 32 31 36 12 12 36 41 13 18
split_gain=7.53451 15.426 20.2422 10.7624 41.2015 108.786 25.1984 26.7694 9.01342 8.29863 12.4341 16.8407 7.53909 11.51 15.7224 12.4364 9.22899 15.5888 10.2129 20.9697 13.6934 10.6818 10.0181 10.004 9.19462 8.23863 10.3776 7.81398 37.8507 20.4849 22.1624 15.8628 39.6576 21.824 25.8951 19.0817 15.4764 16.729 14.368 16.7716 15.1865 16.0206 26.5054 27.3148 14.7149 23.2437 13.671 13.6242 13.1076 12.5959 16.5609 11.8232 11.7593 32.0539 11.9966 11.7194 11.6764 22.3937 28.3359 13.4966 11.6986 14.0777
threshold=152.50000000000003 2.5000000000000004 5.5000000000000009 149.50000000000003 0.20876325666904452 0.19883654266595843 0.44949495792388922 32.495286941528327 1.0000000180025095e-35 0.29826872050762182 0.0087758675217628496 30.500000000000004 15.735805511474611 97.915760040283217 12.500000000000002 0.22071705013513568 1.0000000180025095e-35 1.5000000000000002 0.42179392278194433 0.95256841182708751 0.94148769974708568 32.500000000000007 6.5000000000000009 50.714429855346687 inf 0.47759336233139044 25.500000000000004 35.948717117309577 0.53571429848670971 0.33534134924411779 0.44417363405227667 37.590579986572273 39.173061370849616 17.712418556213382 16.784037590026859 0.53571429848670971 33.589742660522468 5.8914871215820321 5.5000000000000009 0.47759336233139044 1.0000000180025095e-35 -0.21947141736745832 20.500000000000004 0.54977959394454967 63.188142776489265 -36.356420516967766 48.834688186645515 49.166435241699226 11.500000000000002 142.50000000000003 4.5000000000000009 38.165266036987312 35.043859481811531 23.500000000000004 0.047882422804832465 128.50000000000003 37.394067764282234 36.51515197753907 5.5000000000000009 0.45000000298023229 27.072835922241214 94.76178359985353
decision_type=2 2 2 2 2 2 2 2 2 2 10 2 2 2 2 2 2 2 2 2 2 2 2 2 8 2 2 2 8 2 10 2 2 2 2 8 2 2 2 2 2 8 2 2 2 2 2 2 2 2 2 2 2 2 8 2 2 2 2 10 2 2
left_child=3 2 9 12 5 8 -6 -8 -5 -2 11 -11 27 14 24 -15 17 -17 21 20 23 -18 -23 -20 -14 -19 -27 28 29 30 36 35 51 -34 46 56 38 -38 44 48 -41 42 43 -42 45 -1 -35 -47 49 52 -51 -33 54 -54 -40 -36 57 -29 -59 -60 61 -58
right_child=1 -3 -4 4 6 -7 7 -9 -10 10 -12 -13 13 15 -16 16 18 25 19 -21 -22 22 -24 -25 -26 26 -28 31 -30 -31 -32 32 33 34 55 -37 37 -39 39 40 41 -43 -44 -45 -46 47 -48 -49 -50 50 -52 -53 53 -55 -56 -57 60 58 59 -61 -62 -63
leaf_value=-0.10183360246199841 0.0079724417934431691 -0.065463325839896447 -0.013792877699463088 -0.10089426991655637 0.056556404015002282 7.6640034594733137 -0.10176355250869472 2.8105799643001061 1.5053334973723183 0.16655820298081173 -0.020631294951572704 0.57731263018561185 -0.17788732337836607 0.11414507516973177 0.042641707208933441 0.067079824556575379 -0.053472522450212626 -0.045454876211494535 0.12721931125858962 -0.01563415143289084 0.15128168689676333 -0.030308586171564261 0.12048893506504599 0.012003864055032421 -0.041586121527994908 0.20354308147116434 -0.08117511850500253 0.024532834510225483 -0.085469011577005038 -0.057939915188286575 0.086184833413337339 -0.023010779574212624 -0.053290191894528841 0.0043478154231292266 0.00032062862479730877 -0.078724384172314893 -0.041154047179039671 0.85647326840313065 0.0197661074040167 -0.026645283445033186 -0.1029781049897479 0.013188027627383967 0.036490571917799308 0.98898039236943891 -0.014961801755961852 0.57781132087578491 0.10191447469644897 0.11436164076479693 -0.12037784966741967 0.55123126380468923 -0.064829373836748611 -0.086658035245731513 -0.10168648965816603 2.3438312373816834 0.074075944346921649 -0.11784573569754275 -0.0020219911786019894 0.90893182726603539 -0.10385943699764402 0.12639280245103093 0.078346144232603929 0.091825622893145553
leaf_weight=5.7156917160048257 4.1609335259141442 53.472762188902294 134.46504559872528 0.080004554248028936 4.9568957524958499 0.025758472874977512 0.058041695794372461 0.069178064267418904 0.06201802220675745 4.3282191559110288 2.1672217854647897 1.297337275555037 5.1415209756232798 8.8595303486208632 23.001586900187249 42.560312413021109 84.450193952420705 28.332953250290302 8.663336782105544 271.77516562260735 10.225779787753707 10.862595964477807 7.4112447062507263 57.92513265775051 132.30822473846138 3.2091785852971944 2.1297251385403797 162.65788885969647 59.526907662597978 66.138356018131844 28.619965328136459 53.385932583076226 75.872947021067375 22.971675728921724 45314.193034239557 18.143245826181555 105.31678763474338 0.20803415786940505 138.23748774250711 139.63948937476243 0.33372740298909798 179.69552391384786 2.1522485358163976 0.73054511572991032 476.45800538897845 0.6628671875027291 38.315332001481551 14.726423123453683 5.2968692552647658 1.0767850645883528 0.73365809994644893 64.385947524622736 0.15574845764541478 0.081717852509370914 57.628216952734192 8.3945567373812064 61.70578407343784 0.2920599064228665 25.735121384393285 2.8252413318485301 67.31997866252668 21.571881366947309
leaf_count=11632 180 58143 23792 260 2145 83 34 154 2 190 72 33 138 322 382 8453 881 826 137 2516 86 128 67 508 2555 164 56 33567 849411 30101 1404 86215 48743 11000 3741621 256447 43200 13 89717 5311 138 4000 899 58 62023 91 7192 2704 18323 66 3156 155803 219 81 856 28447 12081 79 9562 3112 15169 500
internal_value=-0.000120428 -0.0194947 -0.00270683 -3.96157e-05 0.143104 1.68493 0.0922222 1.48188 0.600509 0.121998 0.182882 0.261284 -5.53046e-05 -0.0103807 -0.0338792 -0.00335174 -0.00532496 0.0268573 -0.0107609 -0.00259483 0.0435393 -0.0384722 0.0308497 0.0269937 -0.0466847 -0.0239828 0.089967 9.70712e-05 -0.00759986 -0.00381163 -0.000718716 0.000312062 0.000146854 0.000296993 0.000386581 0.0212135 -0.002922 -0.0393844 0.000837991 0.0123651 -0.00181131 0.0171476 0.238352 0.646571 -0.0113424 0.0703673 0.0653444 0.134324 0.034867 0.0390219 0.301581 -0.0578068 0.036598 0.739875 0.0357453 0.000298742 0.0265136 0.0101309 -0.071061 -0.0810825 0.047347 0.0222879
internal_weight=48122.9 199.892 146.419 47923 5.2519 0.167781 5.08412 0.12722 0.142023 11.9537 7.79278 5.62556 47917.8 696.856 160.451 536.405 527.546 76.2322 451.313 348.589 76.8142 102.724 18.2738 66.5885 137.45 33.6719 5.3389 47220.9 1283.14 1223.61 1157.47 45937.8 45577.5 45459.7 45383.9 360.251 1128.85 105.525 1023.33 525.762 322.552 182.912 3.21652 1.06427 497.563 21.105 61.287 15.3893 203.21 197.914 1.81044 117.772 196.103 0.237466 195.866 45322.6 342.108 191.51 28.8524 28.5604 150.598 83.2777
internal_count=5635248 82410 24267 5552838 2678 345 2333 188 262 475 295 223 5550160 17219 3075 14144 13822 9499 4323 3247 731 1076 195 645 2693 1046 220 5532941 1123403 273992 243891 4409538 4079021 3837003 3788260 330517 242487 43213 199274 122824 10406 5095 1095 196 76450 14427 18192 2795 112418 94095 3222 242018 90873 300 90573 3770068 74070 46320 12753 12674 27750 12581
is_linear=0
shrinkage=0.1


Tree=131
num_leaves=63
num_cat=0
split_feature=3 37 8 28 21 13 8 3 2 8 34 3 31 7 34 31 1 17 32 12 21 29 12 40 9 13 31 41 12 13 17 10 12 8 10 37 11 7 21 17 10 33 12 37 8 17 13 10 9 9 31 12 17 27 10 3 7 31 3 19 29 31
split_gain=9.61511 17.5475 22.3596 15.1238 11.1426 10.6605 9.92773 15.2851 9.16817 35.4661 13.0373 28.244 8.77961 16.1349 16.8228 8.3016 8.91152 8.16279 11.8611 31.7815 13.6111 10.2255 9.6909 10.8312 9.74528 11.2263 9.52811 9.29663 43.8115 37.6075 32.9684 74.0504 68.3176 53.3529 45.0726 37.504 68.3368 45.1767 86.2411 41.1939 68.7159 51.3715 30.1302 30.0783 31.9307 27.6476 26.5044 26.4797 39.1864 26.4036 29.6296 28.9466 28.4247 26.0913 26.0409 25.9147 55.8019 29.5377 32.013 26.2535 42.4909 25.6561
threshold=109.50000000000001 -17.638385772705075 5.5000000000000009 5.5000000000000009 0.65942031145095836 97.220077514648452 45.500000000000007 179.50000000000003 0.19573089480400088 11.500000000000002 20.500000000000004 168.50000000000003 0.0087758675217628496 5.5000000000000009 20.500000000000004 -0.16374940425157544 5.5000000000000009 19.500000000000004 16.500000000000004 76.533164978027358 0.47913043200969702 1.0000000180025095e-35 81.53021621704103 1.0000000180025095e-35 28.743545532226566 31.851119995117191 -0.060845836997032159 0.86607143282890331 43.951219558715827 99.206348419189467 4.5000000000000009 87.841831207275405 91.476997375488295 2.5000000000000004 33.520599365234382 -24.432747840881344 97.726097106933608 1.0000000180025095e-35 0.063508063554763808 1.5000000000000002 88.493064880371108 -17.053071022033688 62.622549057006843 1.0000000180025095e-35 1.0000000180025095e-35 1.0000000180025095e-35 97.498435974121108 83.75235748291017 96.362434387207045 96.590469360351577 0.22482423484325412 94.804317474365249 1.0000000180025095e-35 2.5000000000000004 83.414241790771499 26.500000000000004 23.500000000000004 0.047882422804832465 62.500000000000007 99.052112579345717 1.0000000180025095e-35 -0.046158589422702782
decision_type=2 2 2 2 2 2 2 2 2 2 2 2 8 2 2 8 2 2 2 2 2 2 2 8 2 2 10 10 2 2 2 2 2 2 2 2 2 2 2 2 2 2 2 2 2 2 2 2 2 2 8 2 2 2 2 2 2 10 2 2 2 8
left_child=17 4 3 5 6 -3 8 -8 9 10 15 -12 13 14 -7 -2 -17 27 19 -19 -20 26 24 -24 25 -22 -21 29 61 49 35 32 34 43 42 -30 39 38 -38 41 -41 -37 -32 44 -34 -43 -39 48 -47 50 -1 -52 -51 -35 -54 59 57 58 -57 -48 -61 -29
right_child=1 2 -4 -5 -6 12 7 -9 -10 -11 11 -13 -14 -15 -16 16 -18 18 20 21 22 -23 23 -25 -26 -27 -28 28 30 -31 31 -33 33 53 -36 36 37 46 -40 40 -42 45 -44 -45 -46 47 55 -49 -50 52 51 -53 54 -55 -56 56 -58 -59 -60 60 -62 -63
leaf_value=-0.00083159705290942521 -0.10107384022318831 -0.012117236842018014 -0.020798746981517919 0.6998745578050487 0.033470113764431909 0.082779789271525864 -0.10050349706840299 2.4571273488936956 -0.089629042141986026 3.8924319706151809 4.3445694991739643 -0.10062240789481154 -0.034926500007414235 0.022341140892981143 0.31541461430745588 1.575460452495709 0.23034578290268135 -0.08699641908912116 -0.069607467371121487 -0.034213382898758367 0.01199852605564717 -0.026494884129638831 0.30054944930367289 0.037383260580763522 -0.056270543630793091 0.57223141538193312 0.067850907971001156 -0.12017877042278967 0.010379709409052605 0.096153777024331089 -0.022608043341237543 -0.044312879724628954 0.041221441270596675 -0.005993141328441717 -0.031651349927303986 -0.00142217120201715 -0.01482908364259701 -0.075418475241548336 0.037059154598726302 -0.012880413567113738 0.065221759561151144 -0.07318242470727436 0.067201613194493207 -0.03962665297014957 0.0092955775420760778 -0.055413684483277117 -0.0018752507277971918 -0.013594020168296944 -0.34960489003387535 0.05459537079868363 0.0061730222804267584 0.0300070403724115 -0.32537234143711607 -0.054015396581001546 -0.034799513767036237 0.036965111614869019 -0.0002465237960987535 -0.0055284181029884843 0.14173214160993278 0.06444520306517891 0.0030557266335826047 -0.020420027562664825
leaf_weight=8159.0222830960038 1.0773041699688448 15.148714513788745 170.84861258291369 0.36672546580666576 10.003781295248869 6.4974781745177115 0.058060581685366652 0.039103909939285586 54.323441475942516 0.025039852142640373 0.022498475866079226 0.039195302124688469 4.4715238130156676 9.7548986129622772 5.9596549434827466 0.05955086542608512 0.28482344679559901 68.375041287717863 24.589526198696745 13.000303686495888 171.91714445705469 57.576120828075076 2.3330253032611372 4.7440434961550864 22.900472316774199 0.35843034621586767 30.855558398456189 47.086962998876103 3699.4766065987424 42.613840935082408 68.200778815601581 485.18193861143573 373.17953523218466 2912.1083259221596 1120.3561002202036 380.67445583647907 496.72729166880492 46.443422353884671 901.91288277753881 921.76431331911192 128.33383978363679 256.59770573830849 82.595602081111309 107.74097771779498 1951.4914917582387 164.33718006092477 16747.340130264038 286.08482879335475 4.6559567745825907 37.638447917295252 3915.3811638869784 585.80855803462327 3.1201319847327786 117.71167047490462 267.96376255292762 576.68611686595887 1730.5070257133816 164.29953219142044 30.719670415561723 156.05244557752667 406.29897404171061 56.973706689901022
leaf_count=980856 4503 4333 30393 7 2216 119 46 71 88469 25 56 78 162 1449 59 15 285 58989 98602 2647 34828 8509 91 155 9023 60 4657 1652162 409770 24257 211290 29705 26247 222605 395370 22474 21627 11923 31418 56911 3056 9981 13172 4179 110504 10302 454145 6444 47 1161 91796 31711 58 2842 4556 16513 121379 6518 2322 204016 15084 79000
internal_value=-0.000139258 -0.0186501 -0.00469826 0.0604868 -0.0637327 0.0548816 -0.0811189 0.928817 -0.0828765 0.160307 0.0973073 1.52045 0.092918 0.118655 0.194075 0.03555 0.462949 -3.12878e-05 -0.0143172 -0.034304 0.000644315 0.0012158 0.00918538 0.124139 0.00501719 0.0131641 0.0375957 8.81751e-05 -0.000772564 0.00236523 -0.000576108 -0.0065815 -0.00386272 0.000996462 -0.024743 0.0010236 -0.000455611 0.00126004 0.018631 -0.017478 -0.00333545 -0.0310735 0.0265833 0.0120267 0.0144206 -0.046934 3.65851e-05 -0.0321337 -0.063519 0.00205705 0.00276165 0.00927491 -0.0268375 -0.00785886 -0.038144 0.000213468 0.00972591 0.0320886 0.0422637 -0.00116161 0.0200913 -0.0655604
internal_weight=48108.7 278.98 213.048 42.199 65.9328 41.8323 55.929 0.0971645 55.8319 1.50841 1.48337 0.0616938 26.6836 22.212 12.4571 1.42168 0.344374 47829.7 396.65 169.807 226.843 101.432 202.253 7.07707 195.176 172.276 43.8559 47433.1 34421.5 13011.5 34317.5 7218.57 6733.38 5462.23 1271.15 27098.9 23399.4 21257 1398.64 2142.45 1050.1 1092.35 150.796 2432.41 2324.67 711.676 19858.3 455.078 168.993 12968.9 12660.2 4501.19 308.722 3029.82 271.084 19811.9 2502.21 771.705 607.406 17309.7 562.351 104.061
internal_count=5635248 132286 36522 6129 95764 6122 93548 117 93431 4962 4937 134 1789 1627 178 4803 300 5502962 217561 74802 142759 15813 44157 246 43911 34888 7304 5285401 4151006 1134395 2419844 1015914 986209 366377 619832 1403930 994160 884945 53045 109215 59967 49248 224462 140930 136751 26774 831900 16793 10349 1110138 1104363 123507 5775 225447 4614 819977 146732 25353 18835 673245 219100 1731162
is_linear=0
shrinkage=0.1


Tree=132
num_leaves=63
num_cat=0
split_feature=3 14 7 18 21 25 29 29 28 18 20 38 20 18 19 20 18 18 25 27 21 24 30 14 18 18 25 28 20 4 19 19 7 0 3 24 3 10 21 29 10 3 0 38 3 26 38 13 34 32 43 5 2 10 30 29 28 18 20 5 21 26
split_gain=8.92762 18.0663 21.3905 19.3213 8.1468 32.0204 31.4962 40.7486 28.2983 25.8743 47.5962 20.785 20.6315 74.5185 81.2636 29.5028 83.9192 32.4045 29.855 39.1667 35.296 30.0448 37.3253 38.0557 30.9847 29.5062 25.2278 24.2827 29.8281 22.3735 28.769 21.935 21.9032 31.0116 50.1455 34.518 28.6881 26.4503 26.3118 23.464 26.8481 32.9753 28.5304 23.1932 22.5617 21.7707 21.7328 24.2732 39.2759 22.6574 32.5074 70.1538 22.3328 29.6616 21.4083 35.5998 20.8181 22.6777 20.6284 20.2996 24.0579 19.675
threshold=109.50000000000001 0.77500000596046459 9.5000000000000018 93.360881805419936 0.67333334684371959 10.500000000000002 1.5000000000000002 1.0000000180025095e-35 2.5000000000000004 97.067424774169936 95.531894683837905 21.500000000000004 97.067424774169936 95.260559082031264 95.531894683837905 84.870288848876967 86.576263427734389 38.122762680053718 6.5000000000000009 1.5000000000000002 0.1132478639483452 7.5000000000000009 1.0000000180025095e-35 0.31666667759418493 50.917509078979499 89.591667175292983 6.5000000000000009 1.0000000180025095e-35 98.51843643188478 1.0000000180025095e-35 95.531894683837905 94.297328948974624 2.5000000000000004 0.32733508944511419 9.5000000000000018 6.5000000000000009 11.500000000000002 95.69842910766603 -1.0000000180025095e-35 1.0000000180025095e-35 84.660633087158217 32.500000000000007 0.45196500420570379 23.500000000000004 3.5000000000000004 0.38750000298023229 21.500000000000004 65.058139801025405 20.500000000000004 19.500000000000004 0.96571320295333873 1.0000000180025095e-35 0.46116203069686895 58.102025985717781 1.0000000180025095e-35 1.0000000180025095e-35 1.0000000180025095e-35 77.677928924560561 84.237243652343764 1.0000000180025095e-35 0.47913043200969702 0.63068181276321422
decision_type=2 2 2 2 2 2 2 2 2 2 2 2 2 2 2 2 2 2 2 2 2 2 2 2 2 2 2 2 2 2 2 2 2 2 2 2 2 2 2 2 2 2 2 2 2 2 2 2 2 2 8 2 2 2 2 2 2 2 2 2 2 2
left_child=4 3 -3 -2 5 9 7 -7 11 12 -11 -6 15 14 27 16 18 -17 19 29 -20 22 -22 -24 31 26 -18 -14 -29 32 -31 -23 33 34 35 -1 -34 -36 -38 40 42 -42 -35 44 -37 58 47 48 49 52 51 -51 53 -44 -21 -56 -25 59 -27 -58 -61 -13
right_child=1 2 -4 -5 8 6 -8 -9 -10 10 -12 61 13 -15 -16 17 25 -19 20 54 21 24 23 56 -26 45 -28 28 -30 30 -32 -33 36 39 37 43 38 -39 -40 -41 41 -43 46 -45 -46 -47 -48 -49 -50 50 -52 -53 -54 -55 55 -57 57 -59 -60 60 -62 -63
leaf_value=-0.0039832157878799627 -0.066062891256170098 0.079812408794426748 -0.0150267923016957 0.21899819472054763 -0.0052250105429107966 -0.084705297116805814 -0.063066821037833329 0.0018436248022220267 0.19231656444530229 0.13390831980108212 0.015141272148813801 -0.0019933822960412802 -0.020223099392203334 0.054784666842102862 -0.053266662755719021 -0.057522688734402895 0.012841587132807515 -0.0035001737388056747 -0.10467050785127884 0.051376502973005223 0.013208412462693143 0.04827468211725338 -0.0042272503154952784 0.039037691336029065 -0.0075162028032223216 0.19120681508648493 0.080083889890670029 0.032005643653149715 0.16237337207963665 -0.0068203202514663629 0.015079822351994912 -0.040075504220123258 -0.015125639539494987 0.026352102216973733 -0.021420843988468052 0.065800008054868367 0.0043270483153056679 0.053099803433796056 -0.047676016675995997 -0.016130951852518196 0.0069269948673136494 0.089330189969169194 0.04299608269085476 0.0037140301813644166 0.022558262976483556 -0.016377842764411173 0.039045323786231358 0.094797979773913021 1.1594269289402901 2.9593080674654964 0.10928711550443136 0.29000551982914496 0.12278314538878624 1.6534495997900274 0.028569933247570307 -0.036687040524901647 0.11727700532278616 0.13943892220974299 0.057156202459625265 0.072350329904765406 -0.08851610606632071 0.008430192560614759
leaf_weight=737.94886125505582 79.27718932755198 27.750550705817659 166.28758337032627 2.4512415416961053 8832.5577271410002 62.485671216329081 141.09070581130334 420.32724892930781 7.5050313736828675 36.186333918860726 499.68138546306324 4889.392462189111 83.112904352740856 316.53722943187495 218.7613951731044 112.41746382452948 140.31268436770199 9021.1350897269604 26.134788652286261 202.10229112864607 1444.8903511907392 179.95401120452993 94.762173563461147 115.91885298177021 997.60480144347116 33.01076248123664 92.62784425851217 211.70196204284608 19.13676426771184 6603.3428076793443 659.76494439587259 33.301315183230599 1243.3171510113993 490.57355525275534 900.68119698552596 192.74304808480417 3161.1423635038045 50.28897368497951 100.38529842079379 182.40555464677482 919.60288701250727 51.269943219669585 0.22997987986468249 298.84697069454865 322.63726453738525 10.074771609451316 72.399105669453604 60.256679557829557 0.47255156638675622 0.16332316102125322 0.43389598921339712 0.24791244261371048 7.028663020335614 0.22749842505436391 331.283946506745 111.81294924366449 31.452068682248864 64.878250839468819 17.600182179658702 23.721567443102686 15.288273244310401 2876.0147976388162
leaf_count=757789 100881 1398 29814 193 452531 36377 228473 149546 782 904 16034 202779 4309 6734 13681 7830 3814 699573 133652 9572 274871 85940 26591 9333 332010 355 2518 8882 542 149005 16377 1146 158102 76315 546989 25378 182110 3257 119151 248331 9129 1283 105 110606 95609 1091 7201 1194 31 65 19 61 1683 9 31459 4307 411 823 298 261 178 245556
internal_value=-0.000133668 -0.0180747 -0.00146327 -0.0575132 -3.0101e-05 0.000923129 -0.0215035 -0.00935754 -0.00181916 0.00138126 0.0231614 -0.00190694 0.00099229 0.0163566 -0.00647728 0.000544772 0.00269318 -0.00416509 0.0019034 0.000247087 0.0110394 0.0120469 0.0202732 0.0497738 -0.000120199 0.0557603 0.0395802 0.0261255 0.0428133 -0.00072365 -0.00483096 0.0344782 0.00266891 0.00778417 0.000602494 0.0116811 -0.00220064 -0.0174801 0.00272647 0.0178534 0.0217207 0.0112786 0.0377611 0.025878 0.0387299 0.117867 0.0773269 0.117459 0.27256 0.222257 0.713071 1.35013 0.166848 0.843855 0.0244048 0.0121027 0.0701402 0.0967796 0.14459 0.0575007 0.00930547 0.00186712
internal_weight=48047 275.767 194.038 81.7284 47771.2 31165.7 623.904 482.813 16605.5 30541.8 535.868 16598 30005.9 849.25 532.713 29156.7 20023.1 9133.55 19729.5 16701.6 3027.91 3001.77 1790.91 346.021 1210.86 293.626 232.941 313.952 230.839 16056.4 7263.11 213.255 8793.3 4288.46 2503.15 1552.18 4504.84 950.97 3261.53 1785.31 1602.91 970.873 632.033 814.227 515.38 60.6857 141.46 69.0605 8.80382 8.33127 0.845132 0.411236 7.48614 0.457478 645.199 443.097 251.259 135.34 50.6109 70.4619 39.0098 7765.41
internal_count=5635248 132286 31212 101074 5502962 4601314 414396 185923 901648 4186918 16938 900866 4169980 34148 27414 4135832 3428429 707403 3420353 2555137 865216 731564 312468 37597 419096 8076 6332 13733 9424 2509799 165382 87086 2344417 1885054 1539628 989382 459363 550246 301261 345426 97095 10412 86683 231593 120987 1744 10368 3167 1973 1942 145 126 1797 114 45338 35766 11006 1673 653 850 439 448335
is_linear=0
shrinkage=0.1


Tree=133
num_leaves=63
num_cat=0
split_feature=3 14 8 18 32 38 0 18 28 29 18 20 34 21 20 45 43 32 43 34 1 45 20 12 29 24 29 40 18 24 25 45 18 19 20 28 18 20 40 25 40 25 21 43 25 18 24 20 14 0 18 26 18 24 21 21 43 18 26 34 21 20
split_gain=7.43164 15.6932 24.4494 16.083 8.52222 9.64737 9.48254 8.1223 39.1549 43.314 27.68 29.2376 27.5358 28.1499 52.9565 23.3335 23.2689 28.4353 25.1515 53.7907 50.8883 33.3969 21.1292 63.9098 33.2473 31.8349 30.4066 36.183 27.4398 27.1633 51.8809 26.1781 25.957 25.5666 25.1002 25.0521 24.9005 41.7565 63.8873 33.6309 30.1035 23.5805 23.4824 21.1813 20.4877 31.0816 31.03 28.7095 20.2515 20.1735 19.3433 18.5162 20.2964 18.2255 32.697 23.6596 21.7382 18.0506 20.1825 17.7139 17.3994 20.6926
threshold=109.50000000000001 0.77500000596046459 5.5000000000000009 77.931629180908217 11.500000000000002 197.50000000000003 0.6449837088584901 92.601715087890639 1.5000000000000002 1.5000000000000002 93.94956207275392 89.48822402954103 5.5000000000000009 0.43167701363563543 95.531894683837905 0.99999997019767772 0.85628226399421703 17.500000000000004 0.98469346761703502 2.5000000000000004 4.5000000000000009 0.65596821904182445 94.146202087402358 71.535182952880874 1.5000000000000002 6.5000000000000009 1.0000000180025095e-35 1.0000000180025095e-35 81.422252655029311 7.5000000000000009 8.5000000000000018 0.92838066816329967 86.214557647705092 91.689685821533217 96.56854629516603 1.0000000180025095e-35 91.239036560058608 87.533782958984389 1.0000000180025095e-35 6.5000000000000009 1.0000000180025095e-35 6.5000000000000009 0.71714287996292125 0.96315684914588939 5.5000000000000009 91.239036560058608 5.5000000000000009 96.437637329101577 0.15476191043853763 0.4666274785995484 91.239036560058608 0.80909091234207164 87.194396972656264 7.5000000000000009 0.70710784196853649 0.64495798945426952 0.93764954805374157 95.862876892089858 0.31666667759418493 4.5000000000000009 0.47913043200969702 96.313285827636733
decision_type=2 2 2 2 2 2 2 2 2 2 2 2 2 2 2 2 10 2 10 2 2 2 2 2 2 2 2 8 2 2 2 2 2 2 2 2 2 2 8 2 8 2 2 10 2 2 2 2 2 2 2 2 2 2 2 2 10 2 2 2 2 2
left_child=7 3 -3 -2 5 6 -5 22 12 10 11 -10 13 14 57 -12 17 -15 19 -18 -21 -20 36 28 25 35 27 -27 48 32 -31 34 41 51 -28 -25 -1 38 -38 40 -39 -26 -32 -33 45 60 50 -47 -24 -22 -46 -29 59 -14 55 56 -55 58 -9 -53 61 -37
right_child=1 2 -4 4 -6 -7 -8 8 9 -11 15 -13 53 16 -16 -17 18 -19 21 20 49 -23 23 24 29 26 31 33 -30 30 42 43 -34 -35 -36 44 37 39 -40 -41 -42 -43 -44 -45 46 47 -48 -49 -50 -51 -52 52 -54 54 -56 -57 -58 -59 -60 -61 -62 -63
leaf_value=0.00029911802588085564 -0.074385308123435676 0.07832405694944658 -0.01727854600302009 0.1384535833037841 -0.02065239093653818 -0.17594404591256987 0.52852668587086615 -0.025723514257410041 0.11200357164403366 -0.098439417708399563 0.08854144989370677 -0.01442929268220605 -0.022718355267551154 -0.029687572320649697 0.13260050994827197 0.2609352793004126 0.015303568106231211 0.052609390064827399 -0.045002797196472474 -0.010511831019838623 0.0090801513580325861 -0.0044727793179293266 -0.081633885462440103 0.010850122944545161 0.15389860129550209 -0.1197212513766989 0.014995361484294823 -0.21923169695842379 -0.0088095994919485093 0.14529826207561522 -0.052887018972354254 0.018780406944786776 -0.058724018737146645 0.0027508154271399955 0.052445950465370032 -0.068950864615396359 0.15477215657147145 -0.051511594005565244 -0.02000680067340958 0.013645487029025427 0.0095451622047838663 -0.030764251441334062 0.03414175922263938 -0.02118475918763205 0.095191884070456159 -0.022212937612013182 0.045818958125749515 0.07006830100182633 0.031265129764284964 0.051495511014668628 0.22426897697005543 -0.68097756079756688 0.032784480438150625 -0.073337608254320827 -0.014286099528596601 0.0945842874514152 0.070146006957807913 0.1268521166260253 0.070061695836528146 -0.12216671626033444 0.065326287520313553 0.14540631189761835
leaf_weight=31198.349768850203 65.356006190708271 32.095236111706072 160.6322636916243 3.6657158108922072 7.1906666403039736 0.7837049477820982 0.75086116292004579 96.822861465817226 26.865809754764086 18.527027361640364 55.391413329835359 57.301488389290228 1057.0978337314446 475.93390019693953 44.533125610442681 9.1478211913897649 2310.2071811931933 46.046660994343881 214.24731927629728 2566.6529633902423 298.25437207637464 3981.3734214742708 90.905799502435229 356.60645613422059 11.775498316826914 32.153562806077389 534.76373805166099 9.0812078753476726 836.96254307118807 25.716550905042823 64.045681905658142 266.68381772805128 147.88644923015363 231.4847959416602 268.97603517105745 20.373013431213057 33.682379245632319 404.45226237304371 55.169938388441551 157.15552738536542 100.89574094747081 16.753080781411882 60.095508390562827 263.78766686697963 49.845153912428941 142.99775519524167 202.13735314380256 44.113176636958087 19.253292195641507 179.69090890159219 15.135384617351518 0.75608951232425292 10.305283560324822 21.944985124045729 291.51807645009427 56.544589557485978 20.350695329490549 11.518125530947598 28.464889234224529 2.2714247980038635 193.75305657169554 5.7813200804609997
leaf_count=4627886 90251 2186 29026 2531 8210 20 62 1118 360 2903 947 2209 76763 15774 445 227 84251 2858 8797 60972 26339 276479 28818 30983 130 1155 6534 206 121549 189 963 3526 2318 27646 3645 208 462 14807 5165 7445 6174 257 796 3527 341 1570 1815 5139 386 9218 94 82 927 1348 14150 2250 751 132 541 174 9156 57
internal_value=-0.000127432 -0.0166567 -0.00135768 -0.0545814 0.0498742 0.147395 0.20477 -3.37897e-05 -0.00230146 0.0457437 0.0637072 0.0259275 -0.00298812 -0.00116551 0.0378842 0.112977 -0.00186854 -0.0224277 -0.000744875 0.00379765 -0.00493292 -0.00654242 0.000716437 0.00764109 0.0148387 0.018546 0.00980565 -0.0197799 -0.0149847 -0.0152832 0.0160229 0.0161487 -0.0418765 -0.00712345 0.0275284 0.0322853 -0.000134121 -0.0181234 0.0462489 -0.0267568 -0.0393212 0.0454575 -0.0107573 -0.00109308 0.0436241 0.0295014 0.0651434 -0.00045676 -0.0619017 0.0250269 0.125257 -0.109102 -0.0340903 -0.0158995 0.00256611 0.0522698 -0.00430003 0.00705213 -0.00396149 -0.261724 0.0549917 -0.021568
internal_weight=48013 270.474 192.727 77.747 12.3909 5.20028 4.41658 47742.5 11868.4 167.234 148.707 84.1673 11701.2 10253.7 181.339 64.5392 10072.4 521.981 9550.43 5354.81 3044.6 4195.62 35874.1 3924.4 2977.28 2651.01 1620.26 286.052 947.122 326.273 149.858 1334.21 176.415 253.899 803.74 1030.74 31949.7 751.356 88.8523 662.504 505.348 28.5286 124.141 530.471 674.136 407.018 267.118 187.111 110.159 477.945 64.9805 22.414 13.3328 1447.46 390.358 98.8403 42.2957 136.806 125.288 3.02751 219.907 26.1543
internal_count=5635248 132286 31212 101074 10823 2613 2593 5502962 588832 6646 3743 2569 582186 486924 2236 1174 484688 18632 466056 180780 96529 285276 4914130 252191 101438 96785 47422 30190 150753 4653 1948 17232 2705 29035 10179 49363 4661939 34053 5627 28426 20981 387 1759 7053 18380 16130 2250 6709 29204 35557 435 1389 1183 95262 18499 4349 2099 1791 1659 256 9421 265
is_linear=0
shrinkage=0.1


Tree=134
num_leaves=63
num_cat=0
split_feature=17 36 8 11 41 36 41 13 32 18 45 11 31 33 28 3 34 0 0 34 17 42 38 7 3 8 11 33 31 24 45 19 2 35 43 25 31 43 0 13 31 32 31 18 43 24 32 20 8 25 11 25 38 3 30 13 42 42 41 13 32 41
split_gain=8.25433 21.6717 36.232 40.6657 41.5783 26.7955 24.8993 24.5202 24.9066 21.2722 20.0875 17.2419 15.2172 14.9316 14.5443 14.231 14.2142 18.6383 13.9138 14.5207 13.6618 13.0372 14.1291 12.9374 12.5673 16.9834 12.1888 13.8096 12.016 11.9868 23.368 18.5985 21.4915 20.7445 17.5978 14.6642 14.0905 14.019 12.4999 25.8817 37.9426 25.2201 20.8793 27.182 23.9787 43.65 25.3335 23.7914 20.9095 20.7948 20.6049 21.513 21.4334 27.5999 20.5819 36.3335 20.1152 65.1406 20.4342 40.1789 65.4744 21.2779
threshold=8.5000000000000018 3.5000000000000004 2.5000000000000004 82.972846984863295 1.0000000180025095e-35 5.5000000000000009 0.63333335518836986 60.136985778808601 13.500000000000002 22.745749473571781 0.94701936841011058 91.734970092773452 0.099579155445098891 -23.792875289916989 1.0000000180025095e-35 23.500000000000004 2.5000000000000004 0.91480755805969249 0.80898490548133861 7.5000000000000009 9.5000000000000018 0.83438819646835338 36.500000000000007 1.0000000180025095e-35 52.500000000000007 45.500000000000007 61.633426666259773 -47.823480606079094 0.38370320200920111 14.500000000000002 0.65872019529342662 97.68778228759767 0.88710504770278942 -0.70838546752929676 0.99760764837265026 14.500000000000002 -0.49181804060935969 0.52960655093193065 0.47759336233139044 42.206478118896491 -0.16008938103914258 13.500000000000002 -0.085241213440895067 46.683588027954109 0.59280791878700267 6.5000000000000009 4.5000000000000009 57.217262268066413 6.5000000000000009 5.5000000000000009 45.773809432983406 6.5000000000000009 28.500000000000004 30.500000000000004 1.0000000180025095e-35 77.032970428466811 0.51316699385643016 0.97726097702980053 0.76388889551162731 7.8461537361145028 18.500000000000004 0.26785714924335485
decision_type=2 2 2 2 8 2 8 2 2 2 2 2 10 2 2 2 2 2 2 2 2 2 2 2 2 2 2 2 8 2 2 2 2 2 10 2 10 8 2 2 8 2 8 2 8 2 2 2 2 2 2 2 2 2 2 2 2 2 10 2 2 8
left_child=29 6 3 4 7 16 13 8 26 23 15 -11 -6 -2 20 21 17 -5 19 -17 -13 -7 28 -8 -4 -26 27 -3 -23 38 -31 32 36 34 35 -33 -32 -38 39 40 -1 -42 43 -41 45 47 -46 -44 -47 -43 51 -40 53 -52 -48 -56 58 -58 61 60 -60 -53
right_child=1 2 24 5 12 10 9 -9 -10 11 -12 14 -14 -15 -16 18 -18 -19 -20 -21 -22 22 -24 -25 25 -27 -28 -29 -30 30 31 33 -34 -35 -36 -37 37 -39 50 42 41 49 44 -45 46 48 54 -49 -50 -51 52 56 -54 -55 55 -57 57 -59 59 -61 -62 -63
leaf_value=-0.04733705716082387 0.049899678835985256 -0.01146040840695957 -0.0068250906770900358 0.04831841748227908 -0.04215333493914699 0.020816830025370076 0.060816874269520642 0.081101450551884002 0.018584454404908145 -0.089839007230756718 0.0065339832230556982 0.027527387931844116 -0.0076085856058990924 -0.026216688114997989 -0.036473648623236841 0.20621904637713634 0.0011239262908720889 -0.0902425883902504 -0.80477409862380278 -0.031081124804652905 -0.030521282846355392 0.093461653155084812 -0.019292110644243948 -0.047504624946815815 -0.063108549334118844 0.82731577312960614 0.14680011205802548 -0.075065054165366032 0.033508180692171215 -0.062630720783305491 -0.13632417008644235 -0.15637368878748958 0.059120584734071918 0.013985470906046828 0.061956014791071636 -0.02969321514727128 0.090974638065070168 0.013016057560463768 -0.025420085027974371 0.00020769686730617759 0.041537415814077543 -0.0087362864195365559 -0.070304646511808358 0.025546070344497497 -0.0096813311653978634 0.043636063594453441 0.0042216115706100558 0.0050534438264790652 -0.019930644236772068 0.029969545233690734 0.00065312972646424999 -0.00033350484105518165 0.0099626635344747805 0.036694008294722406 -0.027218997941256512 0.014263347384732792 -0.11139515008386652 0.046838328336312504 5.3011704790904108 -0.041758077696155457 -0.10021763069378059 0.038716120514116076
leaf_weight=92.801686125618431 76.368531845364487 228.42159926752169 3650.6334960438862 128.14305371869693 263.33588985425411 57.576215033233268 42.102967961817967 46.527358443694538 559.64035284462182 46.628675356635767 110.02433341599453 81.89709031275649 247.24238840348698 38.899727217625923 419.40786965536381 2.884383641988399 442.14024826875141 10.503579729367628 0.21979252016171713 24.32708626562686 80.294071041249737 162.69075059144336 15.035599475896616 14.937935091820234 46.525439715732432 0.21519615160275307 4.4016622599810935 40.132826005279014 42.075121091969834 43.085680078772839 6.1283152746350416 9.629299320928224 131.09671336264273 315.17001593379365 20.241695648990571 178.99979289860931 24.005148535750443 590.12204767519972 556.25491120602987 3395.3068096810971 336.21168968019435 340.20557967751711 72.835918648118081 483.68556387499802 7142.3877133457299 327.74656864686619 3062.3110677949317 98.620789270260502 61.448995629898491 234.46679716574317 18406.190118338705 445.67956869512568 3171.3757787783215 214.96074536211745 605.9429421081004 324.06878370806226 58.439873347258988 46.893340571292121 0.037018751566860852 87.590797125240371 0.056992903364118774 203.14009387112969
leaf_count=1560954 1714 20488 830351 7276 610127 5434 824 2112 66151 4966 12505 3079 5597 939 18852 356 24298 1228 45 6571 3375 13101 1365 2382 58148 70 92 1149 2589 3400 45068 222 2941 14514 507 3651 5750 38339 74867 721344 79416 127619 31433 173465 105885 15524 50980 2888 8872 92702 567503 12558 97527 6935 10816 13965 2239 2728 39 44381 197 10835
internal_value=-0.000116454 -0.00332133 -0.00128573 0.00832312 -0.00272851 0.0237492 -0.0187884 0.0104534 0.00650543 -0.0260215 0.0431605 -0.0313305 -0.0254254 0.0242126 -0.0266397 0.0563813 0.0098844 0.0378213 -0.0123283 -0.00592759 -0.00121008 0.0631763 0.0742722 0.0324495 -0.00748478 -0.059009 -0.0182601 -0.0209655 0.0811425 0.000420452 0.00980111 0.012248 0.0223331 -0.00221157 -0.0266517 -0.0361601 0.0145577 0.0160633 0.000109448 -0.00198743 0.0135771 0.0197831 -0.00299048 0.00336723 -0.00509914 0.0150798 -0.00611518 -0.0269592 0.0335997 0.00705572 0.00160842 -0.0101599 0.00236341 0.00106918 0.000264767 -0.0127642 -7.65528e-05 -0.0409511 0.00576924 -0.0395404 2.02667 0.0118926
internal_weight=47970.4 6883.23 6082.7 2385.32 1389.7 995.62 800.537 879.124 832.596 685.269 414.833 628.228 510.578 115.268 581.599 304.809 580.787 138.647 27.4313 27.2115 162.191 277.378 219.801 57.0409 3697.37 46.7406 272.956 268.554 204.766 41087.1 1318.48 1275.39 751.352 524.041 208.871 188.629 620.256 614.127 39768.7 16578 1003.69 910.884 15574.4 3878.99 11695.4 560.652 11134.7 171.457 389.196 574.672 23190.6 1398.09 21792.5 18621.2 3992.32 930.012 841.838 105.333 736.504 87.6848 0.0940117 648.82
internal_count=5635248 1705184 1669053 780484 705716 74768 36131 89992 87880 33478 41966 30272 615724 2653 25306 29461 32802 8504 6972 6927 6454 22489 17055 3206 888569 58218 21729 21637 15690 3930064 114392 110992 92098 18894 4380 3873 89157 44089 3815672 2995863 1860691 299737 1135172 894809 240363 58717 181646 34321 24396 220321 819809 147844 671965 574438 75761 24781 72977 4967 68010 44617 236 23393
is_linear=0
shrinkage=0.1


Tree=135
num_leaves=63
num_cat=0
split_feature=31 45 19 33 33 12 42 26 1 27 45 19 43 25 24 3 17 13 13 12 33 41 14 43 20 34 43 25 45 3 12 26 25 24 31 2 43 20 31 32 26 25 7 7 3 8 36 25 43 14 43 18 42 1 31 19 0 25 31 33 24 43
split_gain=7.13793 14.8625 14.4876 15.2243 16.5668 11.5822 11.0322 10.9286 20.1602 9.77998 12.5461 9.69934 9.43868 9.29672 14.4858 9.13573 8.94301 22.5617 17.0005 24.8062 30.708 15.8642 15.9567 11.2897 14.262 12.4297 11.3224 9.90175 11.2462 9.82643 16.0139 8.88036 9.47369 20.1184 31.126 8.55387 25.0126 24.2914 21.6215 31.6731 30.8455 31.9927 50.3083 27.1531 27.031 24.6313 29.1594 20.4961 23.1606 20.4056 20.1431 24.1807 18.5141 18.4093 17.7138 17.4186 20.9306 17.3176 17.1057 21.2976 17.0633 26.8862
threshold=0.64468246698379528 0.68945926427841198 97.067424774169936 -15.232499122619627 -14.986631393432615 55.245780944824226 0.89825499057769786 0.76388889551162731 4.5000000000000009 7.5000000000000009 0.81965965032577526 98.295398712158217 0.75694978237152111 6.5000000000000009 6.5000000000000009 4.5000000000000009 5.5000000000000009 86.391696929931655 88.047618865966811 88.273490905761733 -7.1428585052490225 0.73214286565780651 0.93750000000000011 0.99760764837265026 72.240142822265639 4.5000000000000009 0.97156339883804332 10.500000000000002 0.71831494569778453 7.5000000000000009 99.333332061767592 -1.0000000180025095e-35 7.5000000000000009 5.5000000000000009 0.69565191864967357 0.72155243158340465 0.9783390760421754 99.014755249023452 0.22482423484325412 4.5000000000000009 0.23611111193895343 4.5000000000000009 1.5000000000000002 1.0000000180025095e-35 9.5000000000000018 2.5000000000000004 3.5000000000000004 10.500000000000002 0.92344322800636303 0.18333333730697635 0.99760764837265026 96.92779922485353 0.92403846979141246 2.5000000000000004 0.44417363405227667 99.760765075683608 0.84885936975479137 9.5000000000000018 -0.19790396094322202 -73.902908325195298 9.5000000000000018 0.56021979451179515
decision_type=10 2 2 2 2 2 2 2 2 2 2 2 8 2 2 2 2 2 2 2 2 10 2 8 2 2 10 2 2 2 2 2 2 2 8 2 8 2 8 2 2 2 2 2 2 2 2 2 10 2 10 2 2 2 10 2 2 2 8 2 2 8
left_child=9 6 -3 5 -5 -4 15 11 -9 35 -11 -7 -8 -14 -15 -2 18 21 -6 20 -20 -18 27 24 26 29 -21 28 -23 -25 -31 -19 33 34 -33 47 37 -37 39 49 41 42 -40 58 50 46 57 60 -49 -38 54 -52 55 -50 -42 -53 -57 -43 59 -41 -1 -62
right_child=1 2 3 4 16 7 12 8 -10 10 -12 -13 13 14 -16 -17 17 31 19 23 -22 22 -24 25 -26 -27 -28 -29 -30 30 -32 32 -34 -35 -36 36 38 -39 40 43 44 45 -44 -45 -46 -47 -48 48 53 -51 51 52 -54 -55 -56 56 -58 -59 -60 -61 61 -63
leaf_value=-0.0014195886303129139 -0.029187223330183094 0.014191182282282692 -0.04121937700677826 -0.36282672826233808 0.063331073793701814 -0.037963049573689171 0.048390724191813353 0.065397517496365229 -0.38254486978697133 -0.44621673343398671 -0.058202830709632225 0.019348693095524609 -0.0094035598581280379 -0.42500408271919365 -0.11300192174656405 0.11284022232377627 0.10047909649153304 -0.036829869948258008 -0.064342779310255616 -0.088839830369446343 -0.73560653671097509 -0.45895681811848488 0.11242078736736126 0.011152189486869205 -0.029585511568926526 -0.23142616849792882 -0.78397434266988142 -0.023054165128474823 -0.072855965786080681 -1.9467392441204101 -0.12409165749473348 -0.30309970481303633 -0.16123390365158102 0.094404381838502083 -1.8513060607144955 0.003922581087624887 0.053240032121380544 0.023408427324141282 0.07344428532733116 0.19162316007153757 0.0091947238357672299 -0.045338738187872638 -0.070641644038866233 -0.10509924684730694 0.051447301271011575 -0.0010832832675947248 0.0075069048393245491 -0.038489823334434063 -0.033437934806214757 -0.0033248909132418884 0.020700470481895224 0.051037944757585718 0.024966358479192235 0.0047151429872216034 -0.026161280852597314 -0.024684673939127148 0.030600450951620645 0.0014911126387646659 -0.021749897295251151 -0.003775251986995392 0.035296600189850598 0.0033494555263650586
leaf_weight=24810.230442444074 55.081771754164947 306.22853448921524 38.519923523184843 1.4090433148667205 28.58648417936638 39.3567216709489 4.660963698726845 53.485491207888117 1.0239696099015407 1.0525813174912517 4.000555857672758 118.26041906781029 8.1532040609745291 1.5802192874252821 25.522165825401316 4.9347082722815676 9.408972339879254 5.9086430601310012 1.9014911601552742 0.49147845071274687 1.0621923396247428 0.76748265238711511 7.1633001277805297 163.21444063147646 182.66898255025444 2.2095054316741871 0.44781368976691738 100.97970383337815 44.278332417015918 0.048787441104649498 4.0372195627569454 0.35632706040632822 12.73129306710325 0.35540770043735392 0.2043170575343537 8628.8261266917507 65.918177380217685 690.98634701383526 102.39887409658741 8.4116886501379167 263.03543012796717 448.8053177644033 31.744735666143242 38.641387143799989 142.35623186995508 1001.0053431960114 200.50448050620616 296.92933049966427 169.27686551851298 1962.2426756297002 1150.2560245633867 41.556427587260259 187.10189956260729 500.07630858635548 307.20598125841934 446.54860563226976 80.883951988376793 95.827061312680598 996.77202085776833 16.559144270164751 283.34199669266201 3748.5973961168866
leaf_count=3895715 2629 11193 1040 48 1810 387 301 5092 85 45 211 1537 3441 96 1677 675 1817 93 102 82 59 82 715 51726 14665 116 38 2473 3576 3 4192 146 280 221 91 235831 2731 33883 8735 1424 8566 7346 2160 29226 22748 15671 3216 390247 3434 46854 93823 785 54235 36223 11767 15011 8185 1541 28836 3603 133858 428850
internal_value=-0.000112537 -0.00764767 -0.00436498 -0.0113043 -0.0203601 0.00922582 -0.0446061 0.0183861 0.0569828 8.5036e-05 -0.139027 0.00503805 -0.0853474 -0.103028 -0.131193 -0.0175094 -0.0195088 -0.0377621 -0.0108652 -0.0168217 -0.304926 -0.0255568 -0.033298 -0.0144037 -0.031584 0.00420565 -0.42025 -0.0404463 -0.0794343 0.00731759 -0.145854 -0.139243 -0.183583 -0.49419 -0.867317 0.000100083 0.00189679 0.00536729 -0.00236591 -0.00880876 0.00205685 -0.00771503 0.0393467 -0.0228139 0.00907263 -0.0113305 -0.0250963 -0.000919023 -0.0152451 -0.00148645 0.0066369 0.0115694 -0.00232196 -0.00493362 -0.00985261 -0.0112952 -0.0162065 -0.0370991 -0.019702 0.0620468 -0.000439064 0.00559452
internal_weight=47946.1 1225.04 1125.11 818.878 568.231 250.647 99.933 212.127 54.5095 46721.1 5.05314 157.617 39.9166 35.2556 27.1024 60.0165 566.822 182.154 384.668 356.082 2.96368 162.598 153.189 353.118 183.608 169.51 0.939292 146.026 45.0458 167.3 4.08601 19.556 13.6473 0.916052 0.560644 46716 16907.6 9319.81 7587.78 3088.55 4499.23 1880.29 134.144 1060.38 2618.94 1746.14 745.137 29808.5 966.283 2028.16 2476.59 1906.35 756.091 669.353 570.241 568.989 527.433 544.632 1021.74 24.9708 28842.2 4031.94
internal_count=5635248 110488 101669 90476 82335 8141 8819 7101 5177 5524760 256 1924 5515 5214 1773 3304 82287 9494 72793 70983 161 8663 6846 70822 14785 56037 120 6131 3658 55921 4195 831 738 458 237 5524504 636177 269714 366463 112674 253789 38669 10895 63089 215120 27774 12103 4888327 429904 49585 192372 172039 78216 39657 20333 23981 23196 8887 33863 5027 4458423 562708
is_linear=0
shrinkage=0.1


Tree=136
num_leaves=63
num_cat=0
split_feature=8 21 20 18 19 18 39 25 35 10 29 19 18 26 31 12 18 18 21 18 20 20 24 25 18 21 38 31 26 26 29 41 12 3 10 36 21 20 24 13 38 2 42 45 12 10 10 12 13 41 2 24 28 37 45 2 45 42 40 42 2 31
split_gain=6.73104 6.56549 29.6708 45.6552 26.377 24.1219 22.8966 22.4793 21.3036 20.3884 19.8281 24.0594 22.4585 20.1351 17.639 20.3686 18.7588 40.1678 44.3143 41.4809 37.2579 33.2086 32.0944 31.2926 32.2591 29.6237 26.8667 25.7915 20.5119 20.3137 26.4222 19.1745 27.9644 19.1956 23.1022 27.3706 18.914 18.624 18.4185 28.3617 19.3569 17.8291 19.5684 18.8508 17.5734 23.0593 17.5288 25.384 19.127 19.3524 52.9915 16.9462 16.5821 16.578 15.8575 19.6812 15.836 15.6003 22.4539 15.5072 15.3293 15.327
threshold=81.000000000000014 0.82480818033218395 98.421009063720717 76.679195404052749 97.833908081054702 98.557659149169936 inf 8.5000000000000018 -1.4701728820800779 91.476997375488295 1.0000000180025095e-35 96.787097930908217 98.425098419189467 -1.0000000180025095e-35 -0.38470481336116785 60.943256378173835 96.92779922485353 98.557659149169936 0.91987180709838878 97.68778228759767 98.421009063720717 99.80237197875978 16.500000000000004 8.5000000000000018 95.862876892089858 0.95916664600372326 23.500000000000004 0.047882422804832465 0.6904762089252473 0.80909091234207164 1.5000000000000002 0.84523808956146251 86.72955703735353 4.5000000000000009 87.841831207275405 4.5000000000000009 0.91106721758842479 98.219570159912124 7.5000000000000009 85.215545654296889 22.500000000000004 0.76095134019851696 0.85313728451728832 0.95656511187553417 81.120250701904311 64.89996719360353 76.63120269775392 51.66851997375489 89.417694091796889 0.26785714924335485 0.63698199391365062 5.5000000000000009 1.0000000180025095e-35 -40.576431274414055 0.69226819276809703 0.7506278157234193 0.99999985098838817 0.76631203293800365 inf 0.43951219320297247 0.84802827239036571 0.36753296852111822
decision_type=2 2 2 2 2 2 8 2 2 2 2 2 2 2 8 2 2 2 2 2 2 2 2 2 2 2 2 8 2 2 2 8 2 2 2 2 2 2 2 2 2 2 2 2 2 2 2 2 2 10 2 2 2 2 2 2 2 2 8 2 2 10
left_child=1 2 5 -4 6 -1 -5 -7 10 52 -3 13 -13 -12 15 -10 21 18 28 -20 -19 25 -21 24 53 27 -27 37 56 30 36 32 38 34 35 -33 51 -16 46 -40 -41 42 44 -43 -37 -46 47 -22 49 50 -48 57 -8 -23 55 -28 -18 -29 -59 -49 -15 -11
right_child=-2 8 3 4 -6 7 9 -9 14 61 11 12 -14 60 16 -17 17 20 19 22 31 23 -24 -25 -26 26 54 29 -30 -31 -32 33 -34 -35 -36 41 -38 -39 39 40 -42 43 -44 -45 45 -47 48 59 -50 -51 -52 -53 -54 -55 -56 -57 -58 58 -60 -61 -62 -63
leaf_value=-0.00027450352270832839 -0.06706421204119678 0.01226151418403487 -0.07565398988272784 0.17522736303674305 0.004120568086194743 0.018934383029862105 0.023335709737131581 0.10620157053129944 -0.1254753600833684 0.037211188995226512 0.14494482419185337 -0.048522911869430974 0.039597247558552914 -0.055304349731369155 -0.023636904684220077 0.12723316166626167 -0.0553128635092629 0.10365962820409313 0.067007686627676255 -0.048746958804525155 -0.0032679310150750211 -0.0069648570201317197 0.10635111486791851 0.046804016663324843 -0.068544988461276851 0.0021635641307745598 0.17979767504525271 -0.0063225201045784864 -0.0029989032949754887 0.017697507012729114 0.035609289341071049 -0.07471121519400277 0.026259035873793607 0.0029039279746856227 0.012730675477919964 -0.043859406077642354 -0.039852663955004579 -0.11139091828083786 0.021894682872833061 -0.06402155539945012 -0.40280014969833711 -0.03257426840320763 0.039210058325439064 0.030647509143224512 -0.29318635666974235 -0.08322543824975813 -0.71778842403021637 -0.089870551801099291 -0.072768051880927317 0.053154384533269754 -0.00052879687499282093 -0.0043872632426784465 0.062926508710768575 0.047965744653165998 0.025895443614114486 0.048284382062467282 -0.11506948773875214 -0.38574073759134092 -0.074410333643658413 -0.031038805906392915 0.047679195536325977 -0.013308944337564738
leaf_weight=39068.119666571067 15.004696994714321 136.23742217926463 53.757117509911723 10.99862885505587 663.53049267006497 173.20654269634537 211.52727182890985 35.581359956668223 20.54646497863715 100.72795344490441 11.308683137292972 347.80665890795035 31.545307698859688 27.370646842770725 428.51011962404834 3.7755904629680108 185.9648446931833 33.148289420384572 68.387193578819279 109.684220051593 337.09128633965156 122.72496137860071 15.189474045000678 317.57468487976075 54.001445071535272 781.93796296681501 15.403296132593807 9.4887673653429392 57.122569275042224 407.11831957413233 123.26534193300176 133.62477241830425 409.59993638233573 382.14718128125844 118.23834141978296 57.616923900652182 214.1496648855973 25.631151426156976 275.17970418105688 5.3032970372878472 2.4730484940810129 97.024834832775127 18.50988595339004 91.770807978635276 7.3362419159384471 18.226579291280359 1.213735974393783 60.13281275780173 17.951010083779693 88.374606714874972 6.8057386693544686 823.84908900404116 211.63801711915326 99.474996851546166 298.83287305561896 43.557531580931268 58.235594414847583 3.5891088999342147 6.5338519547367477 175.75074517267058 30.628330379549197 148.70926150619925
leaf_count=5030992 8694 10021 7054 132 41099 4779 7437 697 16398 1811 100 6702 510 927 30984 177 2950 645 1788 1610 10991 8170 203 6332 1246 77337 463 97 2728 43001 5318 5344 36396 84154 56704 2599 2473 1993 10447 277 125 5522 418 6355 57 197 39 1354 535 3867 414 24322 6798 10067 27954 3963 1033 120 66 4023 518 5721
internal_value=-9.74191e-05 -7.64394e-05 0.000416721 0.0147173 0.0183235 -9.33368e-05 0.0321095 0.0338063 -0.00285609 0.0297692 -0.0211512 -0.0312971 -0.0411952 0.0228799 -0.00124261 -0.0862466 -0.000929725 -0.00708173 -0.0329723 0.00440396 -0.00160367 0.00368488 -0.029881 0.0253949 0.000778787 -0.000366475 0.0125493 -0.00757486 -0.0569445 -0.00156496 -0.00820588 -0.00311788 0.00434864 -0.0142622 -0.0263577 -0.0372552 -0.0133126 -0.0285896 -0.00490079 0.0165725 -0.171761 -0.0200252 -0.053782 -0.00184308 -0.0744754 -0.143482 -0.0137409 -0.020875 0.0220074 0.0396569 -0.109085 -0.00657421 0.0431363 0.0176266 0.0352467 0.0826417 -0.0695633 -0.0984434 -0.184793 -0.0460365 -0.00092039 0.00709214
internal_weight=47909.8 47894.8 40677.8 1400.89 1347.13 39276.9 683.601 208.788 7216.97 672.603 584.897 448.66 379.352 69.3077 6632.07 24.3221 6607.75 2832.1 494.584 193.261 2337.52 3775.64 124.874 593.776 276.201 3181.87 1139.73 2042.14 301.323 1587.99 1180.88 2304.37 1379.88 924.496 542.348 424.11 1057.61 454.141 970.276 282.956 7.77635 290.485 101.69 188.796 83.1797 25.5628 687.32 572.975 114.345 96.3941 8.01947 843.461 423.165 222.2 357.794 58.9608 244.2 19.6117 10.123 235.884 57.999 249.437
internal_count=5635248 5626554 5106520 70052 62998 5036468 21899 5476 520034 21767 18778 8757 7212 1545 501256 16575 484681 240775 10312 3601 230463 243906 1813 25815 19483 218091 109717 108374 6711 75397 32396 229818 68468 161350 77196 20492 27078 32977 32072 10849 402 15148 3271 11877 2853 254 21223 16368 4855 4320 453 24605 14235 18237 32380 4426 3983 283 186 5377 1445 7532
is_linear=0
shrinkage=0.1


Tree=137
num_leaves=63
num_cat=0
split_feature=29 30 18 24 32 25 26 21 27 21 14 36 0 30 27 21 29 24 14 27 25 28 21 18 39 18 33 2 25 24 25 18 0 29 17 13 0 18 29 0 29 17 24 42 14 18 12 31 31 0 33 9 33 25 17 11 27 31 38 26 34 31
split_gain=7.12607 59.3424 33.3815 32.9051 22.9289 18.9494 22.215 19.5701 18.5512 22.1002 17.4507 15.8385 15.4372 15.0969 56.6846 57.2971 48.4463 79.064 70.6454 53.0941 41.372 58.9246 73.7578 43.3786 39.9082 38.1908 37.8099 29.7078 29.6582 28.9131 37.027 28.0272 27.5955 24.0708 26.5295 25.2885 22.7533 22.7074 22.7043 21.9102 34.4793 23.5661 21.7257 20.8862 20.6691 29.8358 20.8183 21.7321 19.8461 39.9903 50.917 22.2039 20.4013 25.4086 21.4785 20.4808 19.7668 19.4482 18.9938 18.7938 18.1071 18.5883
threshold=1.5000000000000002 1.0000000180025095e-35 98.253242492675795 9.5000000000000018 10.500000000000002 4.5000000000000009 -1.0000000180025095e-35 0.18350168317556384 2.5000000000000004 0.79583334922790538 0.44949495792388922 17.500000000000004 0.20504322648048404 1.0000000180025095e-35 1.5000000000000002 0.43167701363563543 1.0000000180025095e-35 6.5000000000000009 0.84523808956146251 2.5000000000000004 7.5000000000000009 1.0000000180025095e-35 0.65942031145095836 81.977397918701186 inf 83.448474884033217 -2.2739028930664058 0.22277459502220157 8.5000000000000018 4.5000000000000009 5.5000000000000009 97.68778228759767 0.70274078845977794 1.0000000180025095e-35 5.5000000000000009 48.074073791503913 0.89735862612724315 91.681709289550795 1.0000000180025095e-35 0.80898490548133861 1.0000000180025095e-35 9.5000000000000018 14.500000000000002 0.5030120611190797 0.6904762089252473 96.162029266357436 28.869047164916996 0.0037422329187393193 0.33672162890434271 0.7368028759956361 -15.232499122619627 77.459678649902358 -2.7735061645507808 7.5000000000000009 4.5000000000000009 97.726097106933608 3.5000000000000004 0.36753296852111822 32.500000000000007 0.38750000298023229 12.500000000000002 0.20798033475875857
decision_type=2 2 2 2 2 2 2 2 2 2 2 2 2 2 2 2 2 2 2 2 2 2 2 2 8 2 2 2 2 2 2 2 2 2 2 2 2 2 2 2 2 2 2 2 2 2 2 10 8 2 2 2 2 2 2 2 2 8 2 2 2 10
left_child=13 2 4 10 5 6 -2 -7 -9 -10 11 -3 -8 14 39 38 18 19 27 20 21 44 23 -23 -19 60 59 -15 -20 -25 -31 -24 37 34 -34 -36 -30 43 -16 -1 57 42 -42 -17 46 -46 47 -18 -29 52 -51 -52 58 55 -55 -54 -27 -41 -50 -22 -26 -62
right_child=1 3 -4 -5 -6 7 12 8 9 -11 -12 -13 -14 16 15 32 17 24 28 -21 26 22 31 29 25 56 -28 48 36 30 -32 -33 33 -35 35 -37 -38 -39 -40 40 41 -43 -44 -45 45 -47 -48 -49 49 50 51 -53 53 54 -56 -57 -58 -59 -60 -61 61 -63
leaf_value=0.00070087823416288368 -0.15318813071356027 -0.0086046455329189201 0.094398429022756178 -0.13076194164681285 -0.039875753747031333 -0.073363734871857475 -0.022594585895105365 -0.0063687895614007103 -0.078687376074123433 0.031406298411259928 0.067498520960609418 0.080130936240546929 0.067024879147317223 0.030451170359479453 -0.01474561310700569 0.039618312334414388 0.40368003375534411 0.082683886540727683 0.056439902452605953 -0.11703159619093462 0.1150381625984134 -0.040637742814798393 -0.11904093373998084 -0.11466169004014531 -0.062585714550646862 -0.013728174697766181 0.12005345200400064 -0.0064809742580707796 -0.088281688484738358 0.10771441490246353 -0.0029583854493964576 0.014728531927132535 -0.0021641094832627493 0.0052503653940965435 0.014667635175224861 -0.15718947617095286 0.062671159253832251 0.050910690031239596 0.080910980666354826 -0.011243723882687283 -0.014022013069939247 -0.055746412802455972 0.023934942133667845 0.0059527556971033686 0.085004237101936123 -0.32841358047628777 0.01278581436025132 0.05323683919745606 -0.0074015674744745521 0.041019930050747166 0.034900487598904704 -0.018876917235145542 -0.10362684340170734 0.03341342290841378 -0.15929701199242532 0.022526259571083843 -0.070520049514104635 0.052974171716760166 0.053400166629833094 -0.0072334650141672148 -0.035452172805356764 0.075563969927153307
leaf_weight=30658.18307999225 6.0371797576555357 76.598145258504161 30.434754965164757 10.907324577249367 247.31903772205942 47.446411281945075 25.764240310793838 2017.730932037015 72.797851173248318 24.326606130723349 157.49856651061032 27.278292041604999 75.675794191666569 277.59011161501076 29.102259771939117 257.36682342395375 2.7768140895699105 29.78194039414177 295.95091434268079 33.064862493769851 15.554583966899569 116.95340896963708 88.457572076711983 10.699590565540289 457.5594217013761 651.75352249022865 61.799454880312851 4658.0721195787773 27.046359933230178 65.708295010622464 55.987862097757528 19.032656101910902 58.132301722307602 1340.0252974995715 12.101593854332348 29.275904509180691 15.829455512459388 226.50850996267332 168.35083204113673 74.054804579793199 1743.9870973709858 123.89284791503815 165.06953078280276 648.97633867715422 80.526912858989817 1.7843408687040199 235.39183809648642 4.8783882905823637 840.35441680169606 525.63928199246584 101.4913135440147 315.28439818379411 18.032870240618649 7.2862267154268912 28.043132017570315 44.942719975457294 67.647397390288916 129.85010433362913 54.724063619622029 65.531853185027813 96.515231007929856 17.875758721260354
leaf_count=3621632 1595 8876 515 8345 583426 132101 11617 142121 2178 366 7252 8869 13897 75057 6230 23580 1342 2018 233222 946 1539 8785 7448 204 19620 20207 4267 352193 14925 715 1802 210 5528 20460 481 1080 29706 4912 16602 5601 18348 2854 1638 12429 7613 90 17550 125 28349 31759 20370 36813 436 586 1323 8160 1567 18627 2004 5932 16937 268
internal_value=-8.38556e-05 -0.00496063 -0.00970329 0.0394127 -0.010962 -0.00781151 0.0331717 -0.00984858 -0.00842363 -0.0511124 0.0465142 0.0146976 0.0442629 0.000221366 0.00116061 0.0148995 -0.0033462 -0.0164117 0.000602803 0.0072216 0.012201 0.00195288 -0.0261104 0.0037399 -0.0317629 -0.0344023 0.0611298 -0.00159521 0.0451788 0.0429414 0.056798 -0.0953552 0.0109147 0.00172657 -0.0457258 -0.106927 -0.0325509 0.0225902 0.0668123 3.76474e-06 -0.00955083 -0.0134828 -0.01074 0.0155125 0.0327315 0.0760422 0.0180637 0.180355 -0.0029443 0.00556592 0.0203225 -0.00578129 -0.00843349 -0.0516762 -0.119553 -0.0135973 -0.0190685 0.0296513 -0.00368422 0.0162216 -0.0536893 -0.0181038
internal_weight=47874.3 2819.82 2547.53 272.282 2517.1 2269.78 107.477 2162.3 2114.86 97.1245 261.375 103.876 101.44 45054.4 35664.9 2769.84 9389.57 2179.28 7210.29 858.148 825.084 682.198 356.839 249.349 1321.13 1291.35 142.886 6871.46 338.827 132.396 121.696 107.49 2572.39 1439.54 99.5098 41.3775 42.8758 1132.85 197.453 32895 2236.85 2032.95 1909.06 906.343 325.358 82.3113 243.047 7.6552 6593.87 1935.8 942.415 416.776 993.383 98.3049 35.3294 62.9756 719.401 203.905 895.078 81.0864 571.95 114.391
internal_count=5635248 921158 887816 33342 887301 303875 27109 276766 144665 2544 24997 17745 25514 4714090 3760002 91302 954088 119185 834903 58568 57622 45884 19164 11506 60617 58599 11738 557050 277853 2721 2517 7658 68470 27549 7089 1561 44631 40921 22832 3668700 47068 22840 19986 36009 26720 7703 19017 1467 481993 129800 88942 57183 40858 10505 1909 8596 21774 24228 30353 7471 36825 17205
is_linear=0
shrinkage=0.1


Tree=138
num_leaves=63
num_cat=0
split_feature=7 14 31 21 36 21 7 0 31 24 43 18 8 17 21 7 20 4 25 31 31 45 24 27 8 1 19 44 14 43 9 2 19 30 20 27 17 31 45 9 13 7 44 17 20 18 31 8 45 31 20 14 27 19 1 43 44 19 8 42 12 33
split_gain=7.06549 28.9928 19.7203 20.1238 55.4453 29.3122 26.9279 32.3475 68.4609 29.1761 28.7199 26.926 55.5308 63.1811 47.6849 33.9221 30.2671 28.3613 36.6077 26.5025 24.9501 24.6857 22.6441 22.2045 21.7234 26.2019 21.0995 20.1129 25.9218 18.7686 24.3656 18.7015 18.3827 38.0326 17.7016 17.4035 64.6752 16.7794 16.7329 16.1417 15.5973 15.031 14.7544 14.6791 14.4386 17.9971 14.1079 13.9315 13.8224 19.262 22.649 17.4668 17.7225 17.3521 15.716 17.137 18.3702 16.4344 15.7397 40.1904 48.0422 26.2482
threshold=1.5000000000000002 0.64583334326744091 -0.37085725367069239 0.41885964572429663 5.5000000000000009 0.35857143998146063 1.0000000180025095e-35 0.38690181076526647 0.023559764027595523 5.5000000000000009 0.70897582173347484 57.212205886840827 7.5000000000000009 2.5000000000000004 0.16397849470376971 1.0000000180025095e-35 91.239036560058608 1.0000000180025095e-35 3.5000000000000004 0.19109106808900836 0.64468246698379528 0.47770904004573828 7.5000000000000009 1.5000000000000002 5.5000000000000009 4.5000000000000009 90.86270904541017 0.88533127307891857 0.44949495792388922 0.70025378465652477 85.270011901855483 0.49600537121295935 76.609558105468764 -1.0000000180025095e-35 63.665315628051765 4.5000000000000009 16.500000000000004 0.20798033475875857 0.77923342585563671 95.69842910766603 84.028984069824233 2.5000000000000004 0.84866103529930126 6.5000000000000009 76.016529083251967 81.977397918701186 0.0037422329187393193 4.5000000000000009 0.84447550773620617 -0.14507149159908292 94.349296569824233 0.44949495792388922 1.0000000180025095e-35 94.925979614257827 98.500000000000014 0.86214557290077221 0.80109891295433056 85.786437988281264 1.0000000180025095e-35 0.97726097702980053 98.629108428955092 -66.666667938232408
decision_type=2 2 8 2 2 2 2 2 10 2 8 2 2 2 2 2 2 2 2 10 8 2 2 2 2 2 2 2 2 8 2 2 2 2 2 2 2 8 2 2 2 2 2 2 2 2 10 2 2 8 2 2 2 2 2 10 2 2 2 2 2 2
left_child=2 41 35 4 11 6 7 9 21 10 -6 12 13 17 20 19 44 29 24 22 -14 -9 -15 26 42 31 -11 28 -23 30 -4 -26 33 -5 43 39 -37 46 47 -1 -18 -2 -19 -7 -13 -46 -17 -31 49 50 51 52 53 -34 55 56 -51 -58 59 61 -61 -57
right_child=1 -3 3 32 5 34 -8 8 -10 23 -12 16 14 15 -16 37 40 18 -20 -21 -22 27 -24 -25 25 -27 -28 -29 -30 38 -32 -33 48 -35 -36 36 -38 -39 -40 -41 -42 -43 -44 -45 45 -47 -48 -49 -50 54 -52 -53 -54 -55 -56 58 57 -59 -60 60 -62 -63
leaf_value=-0.078184104315349931 -0.017755547782478561 -0.0017506591737250011 0.032433252476293639 0.077664041700119077 -0.089029487558415291 0.11154614236221456 -0.050235652557205572 0.34303093598398415 -0.022962325335718792 -0.0043027690834825773 -0.021638681040022444 -0.015376934138893497 -0.17788682064443201 -0.011943753356548173 0.021992758621252273 -0.023465419884551749 -0.017751390168481009 0.014134450322156409 0.0046120470989439019 0.054301844781344921 -0.5156676889790065 -0.047255872739603709 0.017394443567148511 0.030361663775942828 -0.50308881293965035 0.017175224707904984 -0.045401371597443563 0.030771650350580017 0.12998036305771329 0.023816921058360471 0.16534431890137347 -0.11855753566557897 -0.074572672805860163 -0.037060261878340613 0.011485544553923309 -0.10023187878086436 8.1816262798651263 -0.74829104557539994 0.060144058635997089 0.16746524011404956 0.07753530849270826 -0.081652106496461388 0.05684758351944881 0.011318424170499414 0.018719680617792171 -0.020933599018849867 -0.10671409698272119 -0.11834700002566355 -0.0021587241691378625 0.0081638042312203955 -0.037007704612863193 0.097507990427651292 0.047688494163500197 0.032322765619283426 0.10501135843369608 0.035464177619936102 0.0063076430806233005 -0.016947671445204364 0.0047631440535194948 -0.0077312805787431707 0.10162615677973395 -0.019216331934364221
leaf_weight=47.026261429531623 82.780434490077027 10133.884937991765 23.818387222585216 32.314266820766989 71.748504224309698 34.493483068773401 139.31305626542417 2.7175934782470668 277.75539745967399 1456.9503383156334 533.16225893093588 536.9981001921899 13.705418838787411 487.52619034943609 13.562281672042444 59.575496900027247 22.473841553024613 102.3122953777638 453.62373198672867 115.6653105483565 2.6019082189886857 10.155070375022772 571.4476252179652 168.34344496843187 1.7836933596991027 14.10906033075298 136.63070310174862 312.47513014376318 44.034062963239194 99.308241476797775 32.768742291764283 4.3474257102934644 28.313624026437267 273.2091647240909 491.65520726477558 0.043055812984525363 0.012073501206132001 0.34733427315950294 295.64514918410396 2.8363035975908693 72.905936611496145 66.303682113470927 385.92185935078919 25.352598826999838 405.4074276168069 159.48421538767798 30.922938907986463 7.4073095079511395 16769.664648309532 648.80044059314855 45.187107278804518 43.495182310725795 134.91954015772262 32.751458595615546 14.684886115783227 96.441154232964436 394.806140055068 1319.5511949672691 8879.5938664604546 94.437774733447441 69.911409750347957 978.38465087244276
leaf_count=2028019 201929 593418 6165 10561 147250 4997 187291 281 4490 375301 63848 11481 1585 19187 184 16176 571 1535 9027 2693 24 9242 16348 16270 36 403 14550 14451 2681 3718 3905 134 90280 56066 120699 1366 68 3 7369 2636 784 233036 12862 4962 7893 1693 327 64 861839 31935 30408 690 40127 8145 4423 6084 18909 33414 259525 2815 2535 26540
internal_value=-7.23811e-05 -0.0023947 0.000564006 0.000647673 0.00523512 -0.00353306 -0.00725299 -0.00526622 0.0145462 -0.0106833 -0.0296319 0.0135353 0.019042 0.0205496 -0.116555 0.00429889 0.00104152 0.0350214 0.0252641 0.00885205 -0.231781 0.0427505 0.00388784 -0.00417779 0.0436883 -0.057828 -0.00782649 0.040525 0.0967662 0.0554758 0.1094 -0.230427 -0.000522902 -0.0249262 0.0177361 -0.0622476 1.71352 -0.0545736 0.0478921 -0.064211 0.0550834 -0.0461729 0.0478968 0.0690867 -0.00363636 0.00752449 -0.0519111 0.0139491 -0.000270599 0.00220671 0.0279279 0.0401806 0.0274578 -0.0172407 0.0016208 0.00149916 -0.00616816 -0.0115921 0.0032898 -0.00726778 0.0387876 -0.01431
internal_weight=47807.8 10283 37524.8 37474.9 7618.46 3704.79 3153.29 3013.97 647.137 2366.84 604.911 3913.67 2716.4 2686.53 29.8696 1265.48 1197.27 1421.05 962.098 1174.64 16.3073 369.382 1058.97 1761.92 508.474 20.2402 1593.58 366.664 54.1891 458.948 56.5871 6.13112 29856.5 305.523 551.501 49.9177 0.0551293 90.8458 402.361 49.8626 95.3798 149.084 488.234 59.8461 1101.89 564.892 90.4984 106.716 29550.9 12781.3 284.667 239.48 195.985 61.0651 12496.6 12481.9 2363.16 1714.36 10118.8 1239.17 164.349 1074.83
internal_count=5635248 1028383 4606865 2574776 1090480 966313 835655 648364 31145 617219 211098 124167 101745 99952 1793 54734 22422 45218 23997 38228 1609 26655 35535 406121 14970 573 389851 26374 11923 21221 10070 170 1484296 66627 130658 2032089 1434 16506 11151 2030655 1355 434965 14397 9959 21067 9586 16503 3782 1417669 555830 169650 139242 138552 98425 386180 381757 84258 52323 297499 37974 5350 32624
is_linear=0
shrinkage=0.1


Tree=139
num_leaves=63
num_cat=0
split_feature=43 21 24 26 3 19 3 40 12 19 0 42 1 43 35 26 17 18 0 21 43 43 9 34 18 33 8 0 12 9 44 38 42 40 33 19 1 24 35 17 34 3 38 41 14 12 10 21 12 9 18 29 33 17 10 14 42 14 9 32 12 42
split_gain=7.05968 14.7085 10.1244 10.9762 9.66466 12.9433 9.72801 9.83033 9.31256 17.5966 8.40227 7.88884 9.62599 7.07702 8.70861 6.84173 6.66485 18.3826 15.8814 12.2808 17.6596 16.9012 23.569 14.4699 11.6518 34.7034 28.5622 25.266 49.1507 10.407 10.2788 10.2163 13.9461 10.0066 10.2206 9.85498 9.50366 9.38969 11.0995 9.16686 13.2389 8.51016 9.62851 7.0107 60.1904 144.557 48.73 31.67 28.0675 80.718 27.3945 26.9809 35.1283 24.7158 54.9032 139.199 59.9583 67.2703 54.3556 52.6847 44.595 38.4721
threshold=0.32926285266876226 0.048809524625539787 6.5000000000000009 0.88194444775581371 11.500000000000002 65.35300445556642 3.5000000000000004 1.0000000180025095e-35 70.087718963623061 63.665315628051765 0.13391820341348651 0.23606810718774798 20.500000000000004 0.32672683894634252 5.8914871215820321 0.23611111193895343 18.500000000000004 78.958660125732436 0.54977959394454967 0.57417583465576183 0.42631272971630102 0.96026316285133373 12.183054924011232 3.5000000000000004 89.808139801025405 -77.133514404296861 2.5000000000000004 0.26468358933925634 41.444372177124031 23.45301723480225 0.93116605281829845 21.500000000000004 0.49657534062862402 1.0000000180025095e-35 -12.121213912963865 98.706874847412124 14.500000000000002 6.5000000000000009 -9.1025466918945295 22.500000000000004 3.5000000000000004 44.500000000000007 23.500000000000004 0.86607143282890331 0.20714285969734195 65.419578552246108 47.124916076660163 0.53452381491661083 50.373134613037116 49.65753364562989 88.922054290771499 1.0000000180025095e-35 -56.501611709594719 5.5000000000000009 71.89255523681642 0.18333333730697635 0.86425063014030468 0.2264957278966904 82.078273773193374 3.5000000000000004 88.067794799804702 0.97014257311820995
decision_type=8 2 2 2 2 2 2 10 2 2 2 2 2 8 2 2 2 2 2 2 8 8 2 2 2 2 2 2 2 2 2 2 2 8 2 2 2 2 2 2 2 2 2 10 2 2 2 2 2 2 2 2 2 2 2 2 2 2 2 2 2 2
left_child=1 -1 3 -3 5 6 8 -8 9 -4 15 12 -7 -5 -15 -10 43 36 19 20 -19 24 -23 37 -22 26 27 -26 -29 39 -27 32 -31 -20 41 -25 -18 -21 -39 40 -24 42 -35 53 45 48 51 50 49 -45 -47 52 -46 54 55 60 57 -56 -57 -58 61 -2
right_child=16 2 4 13 -6 11 7 -9 10 -11 -12 -13 -14 14 -16 -17 17 18 33 23 21 22 29 35 25 30 -28 28 -30 31 -32 -33 -34 34 -36 -37 -38 38 -40 -41 -42 -43 -44 44 46 47 -48 -49 -50 -51 -52 -53 -54 -55 56 58 59 -59 -60 -61 -62 -63
leaf_value=-0.086073161355920025 -0.0061257313713512195 -0.028683285929112609 -0.086214790251017248 -0.16741960824804747 -0.075388784655499738 0.029933100690256821 -0.058745357889655403 0.1287845044433176 0.12554151881963269 1.7300924135338507 0.14381013159244316 -0.017491777261919372 0.64551118744964753 0.074722434827912132 -1.1669513547677062 0.64195048804351718 -0.023092105734842945 2.0436642251202946 -0.055236129346602658 0.055574543697699409 0.0076986842705408665 1.3137406468216721 1.4258185955270029 -0.042183234547710627 0.5691681882381755 0.22256515699425231 0.21452358352870615 1.0466211962640717 4.1881375094043181 0.077385314047406006 -0.15985882482521269 -0.034080402843115885 0.97879501501662203 0.005115872740757965 0.063570160977701226 0.34913691969193184 -0.074768253874959389 -0.41176612503627913 -0.0061146458074377488 0.14181165667979126 0.41284402530840031 0.17135425834532933 -0.059025321022483437 -0.065894871185860113 0.16655448767447634 -0.063498781097461987 -0.00073183511171315632 0.050641843166087011 -0.10772204047089924 0.21684782676078154 0.49468726245281769 0.0090996400094842944 0.036568853230568694 0.0072663660161719351 -0.027108894984708282 -0.06508956176706146 -0.035801840201360867 0.026747355844835025 0.017286406200075943 0.002198779745375354 0.09353267171187811 0.046250161358454542
leaf_weight=28.999958025971438 2235.226354620534 23.195778009333978 2.3704747149354612 4.4635070274559778 10.511952457423218 0.69540955366050983 7.2973006907605633 4.5308874933894021 0.42599795754199543 0.054567582471861331 11.604525213945861 36.878512487509106 0.40022467138089723 0.088319275047751833 0.15670969639904797 0.64499833290642528 135.0863835253401 0.04653872235138834 50.58257981437032 68.331144245060429 13.256138992499336 0.21292054343791678 0.19554305261590377 38.529755056719722 0.29078080821673757 1.2742967543409227 0.66073862493726665 0.17304518334452723 0.069927746380187727 0.45211857466353 1.5672409258004052 1.5566798635371979 0.27666512044902447 60.696089012923906 19.73224800726166 0.65449513466407339 48.317975136846286 0.69569299674663199 22.169765872550911 0.41755125068362986 0.37924428810998734 2.389940460155457 38.091296500866164 165.76099568950627 22.227461193338513 37.295651039969471 32905.205782408993 166.17387654851666 147.97645838172002 10.751812695688896 0.90046345008727158 537.34461966183244 321.61344751096431 5383.485477540331 270.79744075303938 551.82728501994632 445.42352939950479 1615.7457407859736 93.703745204864958 2016.6597666913181 49.002204379256 149.63173438724107
leaf_count=241596 399720 9016 2642 2322 3514 129 3077 1191 127 28 828 1670 88 226 3 21 81358 21 3273 6312 20787 62 25 21874 83 709 350 108 80 118 269 456 12 2946 4041 41 119951 28 1873 131 136 143 2546 2244271 2702 26634 1480544 6302 175198 2725 108 23495 33358 573777 9701 13827 8299 33026 1790 48528 13425 3607
internal_value=-7.57444e-05 -0.0231421 -0.0054784 -0.0569404 0.0135631 0.0279701 0.0810007 0.0130895 0.134195 -0.0453448 0.168544 -0.00963565 0.254798 -0.196144 -0.719397 0.436544 -1.16685e-05 -0.0114261 0.00294156 0.0265667 0.0978671 0.0935099 0.294222 0.0151759 0.0529927 0.201759 0.654024 1.19809 1.95075 0.227996 0.0116404 0.110583 0.419584 -0.0178895 -0.00226557 -0.035647 -0.0367062 0.0370129 -0.0184568 0.49841 0.757459 -0.0151053 -0.0196162 0.000110914 -0.000634338 -0.0341094 -0.000110353 0.0317687 -0.0756007 -0.0486723 -0.0503397 0.023097 0.0449717 0.00210705 -0.00163218 -0.0118488 0.00560249 0.0190167 -0.0531321 -0.00467604 -0.000899229 -0.00283954
internal_weight=47765.2 132.319 103.319 27.9043 75.4149 64.9029 26.9288 11.8282 15.1006 2.42504 12.6755 37.9741 1.09563 4.70854 0.245029 1.071 47632.9 506.107 322.702 151.21 20.8294 20.7829 3.49072 130.381 17.2922 4.03603 1.19449 0.533754 0.242973 3.2778 2.84154 2.28546 0.728784 171.492 120.91 39.1843 183.404 91.1966 22.8655 0.992339 0.574787 101.177 98.7874 47126.8 34315.3 528.859 33786.4 204.37 324.489 176.513 38.1961 881.186 343.841 12811.5 7428.02 3079.39 4348.63 1886.54 645.531 2462.08 2433.86 2384.86
internal_count=5635248 266478 24882 11567 13315 9801 7914 4268 3646 2670 976 1887 217 2551 229 148 5368770 267733 66424 53475 23347 23326 940 30128 22386 1599 621 271 188 878 978 586 130 12949 9676 21915 201309 8213 1901 292 161 5635 5492 5101037 3995337 2455238 1540099 33044 2422194 2246996 26742 59555 36060 1105700 531923 432369 99554 42727 15617 56827 416752 403327
is_linear=0
shrinkage=0.1


end of trees

feature_importances:
score_margin_in_cand=492
name_jaccard=443
addr_token_set=435
cand_name_vocab_frac=427
name_partial=406
addr_jaccard=400
addr_partial=321
name_len_diff=310
name_nospace=303
num_only_cand=295
cand_n_same_name_s1=283
sib_addr_sim=266
addr_len_s1=260
addr_ratio=258
num_jaccard=256
addr_len_cand=231
sib_name_sim=224
name_token_sort=217
n_s1_competitors=211
score=209
name_ratio=180
addr_token_set_margin_in_s1=168
addr_token_set_rank_in_s1=166
first_num_equal=153
name_token_set=151
rank=143
name_ratio_rank_in_s1=136
name_ratio_margin_in_s1=133
sib_score=131
num_only_s1=128
s1_n_same_name_cands=121
n_cands_of_s1=117
house_first_equal=114
name_token_set_margin_in_s1=113
score_ratio_to_top=109
num_shared=105
name_token_set_rank_in_s1=98
sib_best_sim=64
postal_conflict=58
is_best_s1_for_cand=20
cand_is_s3=18
name_exact=7

parameters:
[boosting: gbdt]
[objective: binary]
[metric: binary_logloss]
[tree_learner: serial]
[device_type: cpu]
[data_sample_strategy: bagging]
[data: ]
[valid: ]
[num_iterations: 1000]
[learning_rate: 0.1]
[num_leaves: 63]
[num_threads: 0]
[seed: 0]
[deterministic: 0]
[force_col_wise: 0]
[force_row_wise: 0]
[histogram_pool_size: -1]
[max_depth: -1]
[min_data_in_leaf: 50]
[min_sum_hessian_in_leaf: 0.001]
[bagging_fraction: 1]
[pos_bagging_fraction: 1]
[neg_bagging_fraction: 1]
[bagging_freq: 0]
[bagging_seed: 3]
[bagging_by_query: 0]
[feature_fraction: 0.8]
[feature_fraction_bynode: 1]
[feature_fraction_seed: 2]
[extra_trees: 0]
[extra_seed: 6]
[early_stopping_round: 0]
[early_stopping_min_delta: 0]
[first_metric_only: 0]
[max_delta_step: 0]
[lambda_l1: 0]
[lambda_l2: 0]
[linear_lambda: 0]
[min_gain_to_split: 0]
[drop_rate: 0.1]
[max_drop: 50]
[skip_drop: 0.5]
[xgboost_dart_mode: 0]
[uniform_drop: 0]
[drop_seed: 4]
[top_rate: 0.2]
[other_rate: 0.1]
[min_data_per_group: 100]
[max_cat_threshold: 32]
[cat_l2: 10]
[cat_smooth: 10]
[max_cat_to_onehot: 4]
[top_k: 20]
[monotone_constraints: ]
[monotone_constraints_method: basic]
[monotone_penalty: 0]
[feature_contri: ]
[forcedsplits_filename: ]
[refit_decay_rate: 0.9]
[cegb_tradeoff: 1]
[cegb_penalty_split: 0]
[cegb_penalty_feature_lazy: ]
[cegb_penalty_feature_coupled: ]
[path_smooth: 0]
[interaction_constraints: ]
[verbosity: -1]
[saved_feature_importance_type: 0]
[use_quantized_grad: 0]
[num_grad_quant_bins: 4]
[quant_train_renew_leaf: 0]
[stochastic_rounding: 1]
[linear_tree: 0]
[max_bin: 255]
[max_bin_by_feature: ]
[min_data_in_bin: 3]
[bin_construct_sample_cnt: 200000]
[data_random_seed: 1]
[is_enable_sparse: 1]
[enable_bundle: 1]
[use_missing: 1]
[zero_as_missing: 0]
[feature_pre_filter: 1]
[pre_partition: 0]
[two_round: 0]
[header: 0]
[label_column: ]
[weight_column: ]
[group_column: ]
[ignore_column: ]
[categorical_feature: ]
[forcedbins_filename: ]
[precise_float_parser: 0]
[parser_config_file: ]
[objective_seed: 5]
[num_class: 1]
[is_unbalance: 0]
[scale_pos_weight: 1]
[sigmoid: 1]
[boost_from_average: 1]
[reg_sqrt: 0]
[alpha: 0.9]
[fair_c: 1]
[poisson_max_delta_step: 0.7]
[tweedie_variance_power: 1.5]
[lambdarank_truncation_level: 30]
[lambdarank_norm: 1]
[label_gain: ]
[lambdarank_position_bias_regularization: 0]
[eval_at: ]
[multi_error_top_k: 1]
[auc_mu_weights: ]
[num_machines: 1]
[local_listen_port: 12400]
[time_out: 120]
[machine_list_filename: ]
[machines: ]
[gpu_platform_id: -1]
[gpu_device_id: -1]
[gpu_device_id_list: ]
[gpu_use_dp: 0]
[num_gpu: 1]

end of parameters

pandas_categorical:[]
